# framerate: 30 fps
# id frame x/m y/m z/m
518248217460 0 0 -0 0 4
548782752560 0 0 -0 0 10004
579149515320 0 0 -0 0 20004
609516278080 0 0 -0 0 30004
639883040840 0 0 -0 0 40004
670249803600 0 0 -0 0 50004
700616566360 0 0 -0 0 60004
730983329120 0 0 -0 0 70004
761350091880 0 0 -0 0 80004
791716854640 0 0 -0 0 90004
518248217460 1 0 -0 0 4
548782752560 1 0 -0 0 10004
579149515320 1 0 -0 0 20004
609516278080 1 0 -0 0 30004
639883040840 1 0 -0 0 40004
670249803600 1 0 -0 0 50004
700616566360 1 0 -0 0 60004
730983329120 1 0 -0 0 70004
761350091880 1 0 -0 0 80004
791716854640 1 0 -0 0 90004
518248217460 2 0 -0 0 4
548782752560 2 0 -0 0 10004
579149515320 2 0 -0 0 20004
609516278080 2 0 -0 0 30004
639883040840 2 0 -0 0 40004
670249803600 2 0 -0 0 50004
700616566360 2 0 -0 0 60004
730983329120 2 0 -0 0 70004
761350091880 2 0 -0 0 80004
791716854640 2 0 -0 0 90004
518248217460 3 0 -0 0 4
548782752560 3 0 -0 0 10004
579149515320 3 0.02471923828125 0.05283941328526 -0.00000047683716 20004
609516278080 3 0 -0 0 30004
639883040840 3 0.0164794921875 0.08493649959564 -0.00000023841858 40004
670249803600 3 -0.006591796875 0.17506884038448 0.00000143051147 50004
700616566360 3 0 -0 0 60004
730983329120 3 0.065185546875 0.13939020037651 0.00000381469727 70004
761350091880 3 -0.006591796875 0.10958421975374 -0.00000047683716 80004
791716854640 3 0 -0 0 90004
518248217460 4 0 -0 0 4
548782752560 4 0 -0 0 10004
579149515320 4 0.04119873046875 0.08806569874287 -0.00000071525574 20004
609516278080 4 -0.0057373046875 0.03761573508382 -0.00000023841858 30004
639883040840 4 0.0274658203125 0.14156083762646 -0.0000011920929 40004
670249803600 4 -0.0101318359375 0.34704062342644 0.00000238418579 50004
700616566360 4 0 0.00103372510057 0 60004
730983329120 4 0.111572265625 0.24585327506065 0.00000476837158 70004
761350091880 4 0.008056640625 0.23056919872761 -0.00000238418579 80004
791716854640 4 -0.002197265625 0.00249488069676 -0.00000095367432 90004
518248217460 5 0 -0 0 4
548782752560 5 0 -0 0 10004
579149515320 5 0.04119873046875 0.08806569874287 -0.00000071525574 20004
609516278080 5 -0.02581787109375 0.16927079856396 -0.00000107288361 30004
639883040840 5 0.0274658203125 0.14156083762646 -0.0000011920929 40004
670249803600 5 -0.00714111328125 0.54044789075851 0.00000357627869 50004
700616566360 5 0 0.00465176301077 0 60004
730983329120 5 0.121826171875 0.29323044419289 0.0000057220459 70004
761350091880 5 0.07470703125 0.39832004904747 -0.00000429153442 80004
791716854640 5 -0.0098876953125 0.01122696138918 -0.00000381469727 90004
518248217460 6 -0.13573414087296 0.04632588475943 0.0018177125603 4
548782752560 6 0 -0 0 10004
579149515320 6 0.04119873046875 0.08806569874287 -0.00000071525574 20004
609516278080 6 -0.15481567382813 0.37818151712418 -0.00000274181366 30004
639883040840 6 0.0274658203125 0.14156083762646 -0.0000011920929 40004
670249803600 6 -0.0001220703125 0.8466882109642 0.00000476837158 50004
700616566360 6 0.01904296875 0.09066645801067 -0.00000190734863 60004
730983329120 6 0.123291015625 0.29999861121178 0.0000057220459 70004
761350091880 6 0.090087890625 0.57867443561554 -0.00000619888306 80004
791716854640 6 -0.12158203125 0.09144692867994 -0.00000715255737 90004
518248217460 7 -0.24536246061325 0.08102937787771 0.0018177125603 4
548782752560 7 0.010986328125 0.02823455631733 -0.00000011920929 10004
579149515320 7 0.062744140625 0.12104640901089 -0.00000071525574 20004
609516278080 7 -0.259765625 0.57811838388443 0.00200700759888 30004
639883040840 7 0.0274658203125 0.14156083762646 -0.0000011920929 40004
670249803600 7 0.05126953125 1.12706804275513 0.00000596046448 50004
700616566360 7 0.03173828125 0.14766503870487 -0.00000286102295 60004
730983329120 7 0.123291015625 0.29999861121178 0.0000057220459 70004
761350091880 7 0.10107421875 0.77033245563507 -0.00000715255737 80004
791716854640 7 -0.21405029296875 0.17632701992989 0.00202322006226 90004
518248217460 8 -0.31691384315491 0.0952917560935 0.0018177118618 4
548782752560 8 0.05218505859375 0.13411410152912 -0.00000047683716 10004
579149515320 8 0.14353942871094 0.24472418427467 -0.00000071525574 20004
609516278080 8 -0.33758544921875 0.85262459516525 0.00200629234314 30004
639883040840 8 0.0274658203125 0.14156083762646 -0.0000011920929 40004
670249803600 8 0.22750854492188 1.48196542263031 -0.00111413002014 50004
700616566360 8 0.03173828125 0.14766503870487 -0.00000286102295 60004
730983329120 8 0.123291015625 0.29999861121178 0.0000057220459 70004
761350091880 8 0.12762451171875 1.09807515144348 -0.00000810623169 80004
791716854640 8 -0.28363037109375 0.29719600081444 0.00202608108521 90004
518248217460 9 -0.32168284058571 0.09624227881432 0.0018177125603 4
548782752560 9 0.054931640625 0.14117273688316 -0.00000047683716 10004
579149515320 9 0.20625305175781 0.40207496285439 -0.00112473964691 20004
609516278080 9 -0.49151611328125 1.04283702373505 0.00403451919556 30004
639883040840 9 0.01119995117188 0.17768889665604 -0.00000190734863 40004
670249803600 9 0.34042358398438 1.84713876247406 -0.00111174583435 50004
700616566360 9 0.0682373046875 0.1706071048975 -0.00000476837158 60004
730983329120 9 0.123291015625 0.29999861121178 0.0000057220459 70004
761350091880 9 0.06829833984375 1.39835059642792 -0.00000905990601 80004
791716854640 9 -0.2969970703125 0.31345620751381 0.002028465271 90004
518248217460 10 -0.32168325781822 0.09624227881432 0.00181771372445 4
548782752560 10 0.06951141357422 0.23233419656754 -0.00000107288361 10004
579149515320 10 0.24822998046875 0.54158622026443 -0.00112521648407 20004
609516278080 10 -0.604248046875 1.22104871273041 0.00403416156769 30004
639883040840 10 -0.05331420898438 0.2858812212944 -0.00000214576721 40004
670249803600 10 0.3966064453125 2.23540925979614 -0.00223302841187 50004
700616566360 10 0.14642333984375 0.21259967982769 -0.00000715255737 60004
730983329120 10 0.15447998046875 0.3756637275219 0.00000762939453 70004
761350091880 10 0.04351806640625 1.62618041038513 -0.00001049041748 80004
791716854640 10 -0.3021240234375 0.3178728222847 0.0020318031311 90004
518248217460 11 -0.32168370485306 0.09624227881432 0.00181771465577 4
548782752560 11 0.11946105957031 0.44915828108788 -0.00000107288361 10004
579149515320 11 0.293212890625 0.68560534715652 -0.00112593173981 20004
609516278080 11 -0.69229125976563 1.40655827522278 0.00403368473053 30004
639883040840 11 -0.17691040039063 0.47680366039276 0.00201749801636 40004
670249803601 11 0.01177978515625 0.03659311681986 0.00000047683716 50004
700616566360 11 0.27978515625 0.2684733569622 -0.00113296508789 60004
730983329120 11 0.23876953125 0.54939347505569 -0.00111246109009 70004
761350091880 11 0.05224609375 1.78911101818085 -0.00001096725464 80004
791716854640 11 -0.30316162109375 0.31864297389984 0.00203418731689 90004
518248217460 12 -0.32168418169022 0.09624227881432 0.00181771558709 4
548782752560 12 0.30258941650391 0.8294585943222 -0.00112575292587 10004
579149515320 12 0.48838806152344 0.95786410570145 -0.00225210189819 20004
609516278080 12 -0.91104125976563 1.61821484565735 0.00610566139221 30004
639883040840 12 -0.33755493164063 0.68577951192856 0.00201630592346 40004
670249803601 12 0.10601806640625 0.32933807373047 0.00000286102295 50004
700616566360 12 0.47705078125 0.27510949969292 -0.00225281715393 60004
730983329120 12 0.44970703125 0.81506425142288 -0.00223255157471 70004
761350091880 12 0.00146484375 1.93506324291229 -0.00001192092896 80004
791716854640 12 -0.30511474609375 0.32480418682098 0.00203657150269 90004
518248217460 13 -0.32168459892273 0.09624227881432 0.00181771651842 4
548782752560 13 0.41948699951172 1.00433993339539 -0.00225001573563 10004
579149515320 13 0.73233032226563 1.1157888174057 -0.00450038909912 20004
609516278080 13 -1.06399536132813 1.75449800491333 0.00610613822937 30004
639883040840 13 -0.37313842773438 0.76410013437271 0.00201344490051 40004
670249803601 13 0.1339111328125 0.56338757276535 0.00000476837158 50004
700616566360 13 0.730224609375 0.31633451581001 -0.00449395179749 60004
730983329120 13 0.547119140625 1.14749598503113 -0.00335454940796 70004
761350091880 13 -0.002685546875 1.97766745090485 -0.00001239776611 80004
791716854640 13 -0.30609130859375 0.32557433843613 0.00203895568848 90004
518248217460 14 -0.32168504595757 0.09624227881432 0.00181771744974 4
548782752560 14 0.56912231445313 1.25211226940155 -0.0033745765686 10004
579149515320 14 0.95187377929688 1.30051803588867 -0.00562536716461 20004
609516278080 14 -1.26052856445313 1.86046147346497 0.00813233852386 30004
639883040840 14 -0.36587524414063 0.91279369592667 0.00200796127319 40004
670249803601 14 0.13568115234375 0.82927513122559 0.00000667572021 50004
700616566360 14 0.97442626953125 0.34731742739677 -0.00561213493347 60004
730983329120 14 0.70599365234375 1.48759365081787 -0.00447177886963 70004
761350091880 14 0.02227783203125 2.0483181476593 -0.00001573562622 80004
791716854640 14 -0.3070068359375 0.32557433843613 0.00204181671143 90004
518248217460 15 -0.32168546319008 0.09624227881432 0.00181771861389 4
548782752560 15 0.73188781738281 1.58096313476563 -0.00449734926224 10004
579149515320 15 1.09904479980469 1.49866271018982 -0.00674843788147 20004
609516278080 15 -1.48391723632813 1.9277172088623 0.01020228862762 30004
639883040840 15 -0.33477783203125 1.14816558361053 0.00200581550598 40004
670249803601 15 0.11785888671875 1.09400069713593 0.00000739097595 50004
700616566360 15 1.1661376953125 0.34610271453857 -0.00673031806946 60004
730983329120 15 0.9276123046875 1.76986038684845 -0.00559186935425 70004
761350091880 15 0.0736083984375 2.16068053245544 -0.00001955032349 80004
791716854640 15 -0.3052978515625 0.33247566223145 0.00204420089722 90004
518248217460 16 -0.32168591022491 0.09624227881432 0.00181771954522 4
548782752560 16 0.75294494628906 1.9760274887085 -0.00449740886688 10004
579149515320 16 1.27139282226563 1.6256617307663 -0.00787234306335 20004
609516278080 16 -1.6923828125 2.02434110641479 0.01020109653473 30004
639883040840 16 -0.34439086914063 1.50597047805786 0.00200462341309 40004
670249803601 16 0.1004638671875 1.32506763935089 0.00000858306885 50004
700616566360 16 1.48443603515625 0.21498873829842 -0.00898122787476 60004
730983329120 16 1.14453125 2.08671021461487 -0.00670623779297 70004
761350091880 16 0.18896484375 2.3303964138031 -0.00114440917969 80004
791716854640 16 -0.26776123046875 0.43599551916122 0.00204992294312 90004
518248217460 17 -0.37185567617416 0.1438824236393 0.00181771954522 4
548782752560 17 0.72438812255859 2.23468828201294 -0.00449740886688 10004
579149515320 17 1.33624267578125 1.66339647769928 -0.00787317752838 20004
609516278080 17 -1.91574096679688 2.04958057403564 0.01230680942535 30004
639883040840 17 -0.4345703125 1.82340049743652 0.00200176239014 40004
670249803601 17 0.103759765625 1.49127733707428 0.00000953674316 50004
700616566360 17 1.79791259765625 0.16753515601158 -0.01123380661011 60004
730983329120 17 1.30694580078125 2.30384802818298 -0.00782299041748 70004
761350091881 17 -0.1068115234375 0.22877739369869 0 80004
791716854640 17 -0.16253662109375 0.64130312204361 0.00205516815186 90004
518248217460 18 -0.42201447486877 0.19151218235493 0.00181771931238 4
548782752561 18 0.00975036621094 0.03905852511525 -0.00000011920929 10004
579149515320 18 1.39646911621094 1.67870497703552 -0.00787353515625 20004
609516278080 18 -2.13650512695313 2.07020020484924 0.01436114311218 30004
639883040840 18 -0.53228759765625 2.07972025871277 0.00402140617371 40004
670249803601 18 0.11581420898438 1.62488281726837 0.0000114440918 50004
700616566360 18 2.0791015625 0.17630735039711 -0.01236248016357 60004
730983329121 18 0.0029296875 0.05485051870346 0.00000095367432 70004
761350091881 18 -0.22979736328125 0.49700945615768 0.00204086303711 80004
791716854640 18 -0.0645751953125 0.8655948638916 0.00093650817871 90004
518248217460 19 -0.42201489210129 0.19151218235493 0.00181771931238 4
548782752561 19 0.05525207519531 0.22133159637451 -0.00000047683716 10004
579149515320 19 1.58879089355469 1.73209238052368 -0.01011979579926 20004
609516278080 19 -2.3836669921875 2.16888403892517 0.01436042785645 30004
639883040840 19 -0.58013916015625 2.23980736732483 0.0040180683136 40004
670249803601 19 0.13504028320313 1.76027977466583 0.00001263618469 50004
700616566360 19 2.3260498046875 0.27553024888039 -0.01461291313171 60004
730983329121 19 0.0166015625 0.31081962585449 0.00000190734863 70004
761350091881 19 -0.30413818359375 0.68113082647324 0.00203895568848 80004
791716854640 19 -0.05181884765625 1.08301258087158 0.00093841552734 90004
518248217460 20 -0.4220153093338 0.19151218235493 0.00181771931238 4
548782752561 20 0.09328460693359 0.38332435488701 -0.00000095367432 10004
579149515320 20 1.64938354492188 1.75317323207855 -0.01012241840363 20004
609516278080 20 -2.53805541992188 2.25657391548157 0.01640796661377 30004
639883040841 20 0 -0 0 40004
670249803601 20 0.14419555664063 1.80415964126587 0.00001358985901 50004
700616566360 20 2.5743408203125 0.29841700196266 -0.01573538780212 60004
730983329121 20 0.08599853515625 0.49048286676407 0.00000429153442 70004
761350091881 20 -0.31805419921875 0.77303552627563 0.002037525177 80004
791716854640 20 -0.0068359375 1.23954176902771 0.00094079971313 90004
518248217460 21 -0.42201566696167 0.19151218235493 0.00181771931238 4
548782752561 21 0.11642456054688 0.48390692472458 -0.00000149011612 10004
579149515320 21 1.66517639160156 1.76106107234955 -0.01012444496155 20004
609516278080 21 -2.64315795898438 2.32574057579041 0.01640796661377 30004
639883040841 21 0 -0 0 40004
670249803601 21 0.17111206054688 1.84029257297516 0.00001525878906 50004
700616566360 21 2.7694091796875 0.31068623065948 -0.01686644554138 60004
730983329121 21 0.16876220703125 0.62643563747406 0.00000715255737 70004
761350091881 21 -0.33746337890625 0.86811500787735 0.00203466415405 80004
791716854640 21 0.03955078125 1.34052622318268 -0.00017881393433 90004
518248217460 22 -0.42201608419418 0.19151218235493 0.00181771931238 4
548782752561 22 0.11642456054688 0.48390692472458 -0.00000232458115 10004
579149515320 22 1.66517639160156 1.76106107234955 -0.0101261138916 20004
609516278080 22 -2.74655151367188 2.39444375038147 0.01844120025635 30004
639883040841 22 0 -0 0 40004
670249803601 22 0.27749633789063 1.95215094089508 -0.00110530853271 50004
700616566360 22 2.9285888671875 0.36173921823502 -0.01798987388611 60004
730983329121 22 0.30120849609375 0.78432309627533 -0.00111389160156 70004
761350091881 22 -0.43572998046875 1.1115550994873 0.0020318031311 80004
791716854640 22 0.09423828125 1.39201772212982 -0.00018453598022 90004
518248217460 23 -0.54676967859268 0.2922722697258 0.00387962954119 4
548782752561 23 0.11298370361328 0.61488705873489 -0.00000274181366 10004
579149515320 23 1.71754455566406 1.77415573596954 -0.01012861728668 20004
609516278080 23 -2.87210083007813 2.46452903747559 0.01844096183777 30004
639883040841 23 0.018798828125 0.18109658360481 0 40004
670249803601 23 0.30767822265625 1.98990106582642 -0.00110411643982 50004
700616566360 23 2.96734619140625 0.37536305189133 -0.01798987388611 60004
730983329121 23 0.52496337890625 0.90912050008774 -0.00335693359375 70004
761350091881 23 -0.57763671875 1.42129600048065 0.00409460067749 80004
791716854640 23 0.10595703125 1.40305161476135 -0.00018548965454 90004
518248217460 24 -0.70661371946335 0.42784449458122 0.00387962535024 4
548782752561 24 0.09503936767578 0.75238335132599 -0.00000298023224 10004
579149515320 24 1.76039123535156 1.78486955165863 -0.01125359535217 20004
609516278080 24 -3.00494384765625 2.54036831855774 0.01844096183777 30004
639883040841 24 0.03335571289063 0.33724731206894 -0.00000047683716 40004
670249803601 24 0.313720703125 2.00117611885071 -0.00110244750977 50004
700616566360 24 2.97119140625 0.37755897641182 -0.01911234855652 60004
730983329121 24 0.72088623046875 1.0264595746994 -0.00447702407837 70004
761350091881 24 -0.7105712890625 1.6884171962738 0.00409317016602 80004
791716854640 24 0.1085205078125 1.41128957271576 -0.00018644332886 90004
518248217460 25 -0.97620576620102 0.67583698034286 0.00598923722282 4
548782752561 25 0.02443695068359 0.89390569925308 -0.00000309944153 10004
579149515320 25 1.76039123535156 1.78486955165863 -0.01125526428223 20004
609516278080 25 -3.23013305664063 2.68289828300476 0.02050256729126 30004
639883040841 25 0.02951049804688 0.37449073791504 -0.0000011920929 40004
670249803601 25 0.313720703125 2.00117611885071 -0.00109910964966 50004
700616566360 25 2.97119140625 0.37755897641182 -0.01911234855652 60004
730983329121 25 0.88922119140625 1.22672283649445 -0.0055980682373 70004
761350091881 25 -0.86871337890625 1.95151400566101 0.00609636306763 80004
791716854640 25 0.1204833984375 1.44973337650299 -0.00018978118896 90004
518248217460 26 -1.15211927890778 0.99559217691422 0.00805844925344 4
548782752561 26 -0.08827209472656 1.00178909301758 -0.00000321865082 10004
579149515320 26 1.86506652832031 1.77223932743073 -0.01125705242157 20004
609516278080 26 -3.35589599609375 2.76868200302124 0.02250611782074 30004
639883040841 26 0.03204345703125 0.57470458745956 -0.00000166893005 40004
670249803601 26 0.34088134765625 2.03289771080017 -0.00109696388245 50004
700616566360 26 2.97119140625 0.37755897641182 -0.01911234855652 60004
730983329121 26 1.0823974609375 1.38625645637512 -0.00671720504761 70004
761350091881 26 -0.91845703125 2.08617901802063 0.0060887336731 80004
791716854640 26 0.17919921875 1.5250289440155 -0.00019550323486 90004
518248217460 27 -1.28945064544678 1.34758901596069 0.00805844925344 4
548782752561 27 -0.20821380615234 1.08566999435425 0.00201344490051 10004
579149515320 27 2.00320434570313 1.74937915802002 -0.01238250732422 20004
609516278080 27 -3.43341064453125 2.82392358779907 0.02250385284424 30004
639883040841 27 0.03787231445313 0.86621004343033 -0.00000190734863 40004
670249803601 27 0.387451171875 2.10116314888 -0.00221705436707 50004
700616566360 27 2.97119140625 0.37755897641182 -0.01911234855652 60004
730983329121 27 1.2529296875 1.52872407436371 -0.00783205032349 70004
761350091881 27 -0.93505859375 2.16806674003601 0.00608158111572 80004
791716854640 27 0.2353515625 1.59208655357361 -0.00132417678833 90004
518248217460 28 -1.38528645038605 1.77441680431366 0.00805844832212 4
548782752561 28 -0.32041168212891 1.11728394031525 0.00201308727264 10004
579149515320 28 2.17039489746094 1.69822943210602 -0.01350581645966 20004
609516278080 28 -3.43341064453125 2.82392358779907 0.02250027656555 30004
639883040841 28 0.05023193359375 1.36257076263428 -0.00000286102295 40004
670249803601 28 0.4844970703125 2.28388237953186 -0.00221467018127 50004
700616566360 28 2.97119140625 0.37755897641182 -0.01911234855652 60004
730983329121 28 1.32342529296875 1.65796184539795 -0.00782918930054 70004
761350091881 28 -0.938720703125 2.18606972694397 0.00607299804688 80004
791716854640 28 0.2353515625 1.59208655357361 -0.0013313293457 90004
518248217460 29 -1.41638576984406 2.00534319877625 0.00805844273418 4
548782752561 29 -0.33536529541016 1.12149751186371 0.00201308727264 10004
579149515320 29 2.3887939453125 1.6384562253952 -0.0146301984787 20004
609516278080 29 -3.44439697265625 2.87543916702271 0.02249825000763 30004
639883040841 29 0.1639404296875 1.72437882423401 -0.00000286102295 40004
670249803602 29 0.0670166015625 0.14357608556747 0.00000238418579 50004
700616566360 29 2.97119140625 0.37755897641182 -0.01911234855652 60004
730983329121 29 1.34161376953125 1.81686425209045 -0.00782823562622 70004
761350091881 29 -0.939208984375 2.18847012519836 0.00606632232666 80004
791716854640 29 0.271240234375 1.65221953392029 -0.00133609771729 90004
518248217460 30 -1.44043564796448 2.1773955821991 0.01006499771029 4
548782752561 30 -0.37763214111328 1.11878478527069 0.002013027668 10004
579149515320 30 2.57666015625 1.55515229701996 -0.01575469970703 20004
609516278080 30 -3.45855712890625 2.92198514938354 0.02249658107758 30004
639883040841 30 0.263427734375 1.98590731620789 -0.00112581253052 40004
670249803602 30 0.147705078125 0.27950745820999 0.00000429153442 50004
700616566360 30 2.97119140625 0.37755897641182 -0.01911234855652 60004
730983329121 30 1.34210205078125 1.92632651329041 -0.0078272819519 70004
761350091881 30 -0.924560546875 2.23662495613098 0.00605869293213 80004
791716854640 30 0.3095703125 1.74340319633484 -0.00134086608887 90004
518248217460 31 -1.4848610162735 2.38750576972961 0.010064993985 4
548782752561 31 -0.53620910644531 1.10860776901245 0.00385165214539 10004
579149515320 31 2.7906494140625 1.37514567375183 -0.01688265800476 20004
609516278080 31 -3.48419189453125 2.96774363517761 0.02249479293823 30004
639883040841 31 0.35635375976563 2.22757077217102 -0.00225114822388 40004
670249803602 31 0.28274536132813 0.43030974268913 -0.0011157989502 50004
700616566360 31 2.97119140625 0.37755897641182 -0.01911234855652 60004
730983329121 31 1.32196044921875 1.98263323307037 -0.00782585144043 70004
761350091881 31 -0.86962890625 2.4172055721283 0.00604248046875 80004
791716854640 31 0.36358642578125 1.93500947952271 -0.00134754180908 90004
518248217461 32 -0.03449779376388 0.07398072630167 -0.00000000004366 4
548782752561 32 -0.63465118408203 1.05990219116211 0.00385117530823 10004
579149515320 32 2.93937683105469 1.07271361351013 -0.01800465583801 20004
609516278080 32 -3.48590087890625 2.97079420089722 0.02249312400818 30004
639883040841 32 0.40618896484375 2.49393057823181 -0.00225162506104 40004
670249803602 32 0.35324096679688 0.54937601089478 -0.00223684310913 50004
700616566360 32 3.0552978515625 0.38414993882179 -0.01911187171936 60004
730983329121 32 1.28570556640625 2.1055109500885 -0.00782442092896 70004
761350091882 32 0.0301513671875 0.27731829881668 -0.00000286102295 80004
791716854640 32 0.45684814453125 2.28041505813599 -0.00247669219971 90004
518248217461 33 -0.11502697318792 0.18929573893547 -0.00000000017462 4
548782752561 33 -0.71995544433594 1.00789511203766 0.00385105609894 10004
579149515320 33 3.05010986328125 0.83124756813049 -0.01912820339203 20004
609516278080 33 -3.48590087890625 2.97079420089722 0.02249157428741 30004
639883040842 33 0.0267333984375 0.13948853313923 0 40004
670249803602 33 0.3863525390625 0.60807520151138 -0.00223350524902 50004
700616566360 33 3.1005859375 0.38769891858101 -0.01911163330078 60004
730983329121 33 1.26690673828125 2.16965460777283 -0.0078239440918 70004
761350091882 33 0.0181884765625 0.52407765388489 -0.00000667572021 80004
791716854641 33 0.08056640625 0.17283460497856 -0.00000190734863 90004
518248217461 34 -0.25959810614586 0.36544868350029 0.00201623653993 4
548782752561 34 -0.80848693847656 0.94683653116226 0.00562131404877 10004
579149515320 34 3.13919067382813 0.63272750377655 -0.01913011074066 20004
609516278080 34 -3.48590087890625 2.97079420089722 0.02248990535736 30004
639883040842 34 0.089111328125 0.46496167778969 -0.00000143051147 40004
670249803602 34 0.3863525390625 0.60807520151138 -0.00223016738892 50004
700616566360 34 3.1005859375 0.38769891858101 -0.01911163330078 60004
730983329121 34 1.26690673828125 2.16965460777283 -0.0078239440918 70004
761350091882 34 -0.047607421875 0.75142431259155 -0.00000667572021 80004
791716854641 34 0.2685546875 0.57611536979675 -0.00113153457642 90004
518248217461 35 -0.29173177480698 0.38085916638374 0.00201623467728 4
548782752561 35 -0.98398590087891 0.73608529567719 0.00562107563019 10004
579149515320 35 3.32269287109375 0.47428345680237 -0.02137804031372 20004
609516278080 35 -3.48590087890625 2.97079420089722 0.02248823642731 30004
639883040842 35 0.116455078125 0.72925841808319 -0.00000238418579 40004
670249803602 35 0.3863525390625 0.60807520151138 -0.00222682952881 50004
700616566360 35 3.1005859375 0.38769891858101 -0.01911163330078 60004
730983329121 35 1.26690673828125 2.16965460777283 -0.0078239440918 70004
761350091882 35 -0.010009765625 0.99593424797058 -0.00000858306885 80004
791716854641 35 0.2685546875 1.02108633518219 -0.00113153457642 90004
518248217461 36 -0.37751507759094 0.39554911851883 0.00201623281464 4
548782752561 36 -1.19889831542969 0.52251392602921 0.00768333673477 10004
579149515320 36 3.42271423339844 0.36660304665565 -0.02138233184814 20004
609516278080 36 -3.51638793945313 3.02180123329163 0.02248644828796 30004
639883040842 36 0.14437866210938 0.8695662021637 -0.00000429153442 40004
670249803602 36 0.38552856445313 0.62418669462204 -0.00222444534302 50004
700616566360 36 3.1005859375 0.38769891858101 -0.01911163330078 60004
730983329121 36 1.26690673828125 2.16965460777283 -0.0078239440918 70004
761350091882 36 0.06707763671875 1.19160389900208 -0.00000953674316 80004
791716854641 36 0.2784423828125 1.49766635894775 -0.00113439559937 90004
518248217461 37 -0.46555152535439 0.40543711185455 0.00368465064093 4
548782752561 37 -1.39725494384766 0.34470549225807 0.00976324081421 10004
579149515320 37 3.461669921875 0.28624576330185 -0.02138650417328 20004
609516278080 37 -3.55364990234375 3.08414316177368 0.0224848985672 30004
639883040842 37 0.16912841796875 0.90595746040344 -0.00000619888306 40004
670249803602 37 0.3880615234375 0.66881769895554 -0.00222325325012 50004
700616566360 37 3.100830078125 0.38770267367363 -0.01911163330078 60004
730983329121 37 1.26690673828125 2.16965460777283 -0.0078239440918 70004
761350091882 37 0.1431884765625 1.30503392219543 -0.00001239776611 80004
791716854641 37 0.2847900390625 1.87833738327026 -0.00113725662231 90004
518248217461 38 -0.46555152535439 0.40543711185455 0.00368465064093 4
548782752561 38 -1.60483551025391 0.14082480967045 0.00976306200027 10004
579149515320 38 3.55830383300781 0.04817761853337 -0.02251303195953 20004
609516278080 38 -3.55364990234375 3.08414316177368 0.02248311042786 30004
639883040842 38 0.20620727539063 0.93104594945908 -0.00113010406494 40004
670249803602 38 0.41461181640625 0.85586154460907 -0.00222134590149 50004
700616566360 38 3.1026611328125 0.38773083686829 -0.0191113948822 60004
730983329121 38 1.26690673828125 2.16965460777283 -0.0078239440918 70004
761350091882 38 0.15509033203125 1.32269537448883 -0.00001382827759 80004
791716854641 38 0.24176025390625 2.11281704902649 -0.00114011764526 90004
518248217461 39 -0.46555152535439 0.40543711185455 0.00368465064093 4
548782752561 39 -1.83404541015625 0.03356378152966 0.01166695356369 10004
579149515320 39 3.58363342285156 -0.05633269995451 -0.02251315116882 20004
609516278080 39 -3.5625 3.09274291992188 0.02248156070709 30004
639883040842 39 0.352783203125 0.96267473697662 -0.00225377082825 40004
670249803602 39 0.3570556640625 1.09989607334137 -0.00221943855286 50004
700616566360 39 3.18603515625 0.42805960774422 -0.02023410797119 60004
730983329121 39 1.23394775390625 2.25790762901306 -0.00782155990601 70004
761350091882 39 0.20263671875 1.37730765342712 -0.00113677978516 80004
791716854641 39 0.233154296875 2.15971279144287 -0.00114107131958 90004
518248217461 40 -0.47436273097992 0.40520212054253 0.00368465064093 4
548782752561 40 -2.04173278808594 -0.03628822043538 0.01360094547272 10004
579149515320 40 3.59066772460938 -0.11486388742924 -0.0225133895874 20004
609516278080 40 -3.57135009765625 3.10134267807007 0.02248024940491 30004
639883040842 40 0.52069091796875 0.98202794790268 -0.00225472450256 40004
670249803602 40 0.28695678710938 1.31455373764038 -0.00221824645996 50004
700616566360 40 3.27386474609375 0.47338506579399 -0.02023410797119 60004
730983329122 40 -0.0069580078125 0.01492478977889 0 70004
761350091882 40 0.251708984375 1.44180285930634 -0.00113773345947 80004
791716854641 40 0.2279052734375 2.16299700737 -0.00114107131958 90004
518248217461 41 -0.60648745298386 0.40167829394341 0.0036846504081 4
548782752561 41 -2.34160614013672 -0.0867982879281 0.01550871133804 10004
579149515320 41 3.6048583984375 -0.13938173651695 -0.02251434326172 20004
609516278080 41 -3.57135009765625 3.10134267807007 0.02247846126556 30004
639883040842 41 0.95233154296875 0.8731597661972 -0.00592136383057 40004
670249803602 41 0.178466796875 1.43503677845001 -0.00221657752991 50004
700616566360 41 3.34619140625 0.54841983318329 -0.02135705947876 60004
730983329122 41 -0.111328125 0.23879666626453 0.00000190734863 70004
761350091882 41 0.310302734375 1.64303112030029 -0.00113868713379 80004
791716854641 41 0.149169921875 2.21226024627686 -0.00114440917969 90004
518248217461 42 -0.65046072006226 0.40454038977623 0.00368464831263 4
548782752561 42 -2.52490234375 -0.14398704469204 0.01550787687302 10004
579149515320 42 3.62106323242188 -0.28358224034309 -0.02251529693604 20004
609516278080 42 -3.57135009765625 3.10134267807007 0.02247679233551 30004
639883040842 42 1.20611572265625 0.87073934078217 -0.00704884529114 40004
670249803602 42 0.03814697265625 1.60476648807526 -0.00020480155945 50004
700616566360 42 3.365478515625 0.56842911243439 -0.02135705947876 60004
730983329122 42 -0.19683837890625 0.53472572565079 0.00202560424805 70004
761350091882 42 0.3515625 1.72562289237976 -0.00114154815674 80004
791716854641 42 0.128173828125 2.22539710998535 -0.001145362854 90004
518248217461 43 -0.67626464366913 0.41664382815361 0.00368464691564 4
548782752561 43 -2.62833404541016 -0.18773187696934 0.0173379778862 10004
579149515321 43 -0.00216674804688 0.02366380952299 0 20004
609516278081 43 0 -0 0 30004
639883040842 43 1.374755859375 0.90125691890717 -0.0081729888916 40004
670249803602 43 -0.10498046875 1.77170193195343 -0.00020384788513 50004
700616566361 43 0.0113525390625 0.02425916679204 -0.00000047683716 60004
730983329122 43 -0.24737548828125 0.80940061807632 0.00203227996826 70004
761350091882 43 0.385009765625 1.75800704956055 -0.00226545333862 80004
791716854641 43 0.096435546875 2.22721767425537 -0.00114583969116 90004
518248217461 44 -0.79567366838455 0.47479218244553 0.00568272406235 4
548782752561 44 -2.62833404541016 -0.18773187696934 0.0173379778862 10004
579149515321 44 -0.017333984375 0.18931049108505 -0.00000023841858 20004
609516278081 44 0 -0 0 30004
639883040842 44 1.58596801757813 0.92860233783722 -0.00930094718933 40004
670249803602 44 -0.3275146484375 1.97704374790192 0.00182628631592 50004
700616566361 44 0.0908203125 0.1940733641386 -0.00000238418579 60004
730983329122 44 -0.19525146484375 1.07851552963257 0.00204563140869 70004
761350091882 44 0.439697265625 1.7821798324585 -0.00226926803589 80004
791716854641 44 -0.126220703125 2.23996162414551 0.00093650817871 90004
518248217461 45 -0.82980167865753 0.49140965938568 0.00568272359669 4
548782752561 45 -2.62833404541016 -0.18773187696934 0.0173379778862 10004
579149515321 45 0.03463745117188 0.39348179101944 -0.00000071525574 20004
609516278081 45 0.05523681640625 0.04630732163787 -0.00000071525574 30004
639883040842 45 1.88351440429688 0.98114144802094 -0.01155233383179 40004
670249803602 45 -0.56442260742188 2.16501426696777 0.00390982627869 50004
700616566361 45 0.1275634765625 0.28110527992249 -0.00000429153442 60004
730983329122 45 -0.137451171875 1.26457738876343 0.00093412399292 70004
761350091882 45 0.4913330078125 1.78826141357422 -0.00227022171021 80004
791716854641 45 -0.4530029296875 2.2921257019043 0.00301265716553 90004
518248217461 46 -0.82980167865753 0.49140965938568 0.00568272359669 4
548782752561 46 -2.64605712890625 -0.18389992415905 0.0173379778862 10004
579149515321 46 0.12303161621094 0.58269166946411 -0.0000011920929 20004
609516278081 46 0.13473510742188 0.11722496896982 -0.00000143051147 30004
639883040842 46 2.19915771484375 1.07550990581512 -0.01379919052124 40004
670249803603 46 -0.0084228515625 0.04862655699253 0.00000071525574 50004
700616566361 46 0.17840576171875 0.35698074102402 -0.0011293888092 60004
730983329122 46 -0.042236328125 1.42393517494202 0.00093603134155 70004
761350091882 46 0.55609130859375 1.7732207775116 -0.00339508056641 80004
791716854642 46 -0.01116943359375 0.04322933778167 -0.00000047683716 90004
518248217461 47 -0.82980167865753 0.49140965938568 0.00568272359669 4
548782752561 47 -2.72878265380859 -0.16602484881878 0.01733809709549 10004
579149515321 47 0.27278137207031 0.73373401165009 -0.00112497806549 20004
609516278081 47 0.24795532226563 0.23207323253155 -0.00112342834473 30004
639883040842 47 2.56524658203125 1.30717408657074 -0.01605010032654 40004
670249803603 47 -0.0477294921875 0.27555051445961 0.00000166893005 50004
700616566361 47 0.35015869140625 0.53133636713028 -0.00225448608398 60004
730983329122 47 0.197021484375 1.65813612937927 -0.00018405914307 70004
761350091882 47 0.69024658203125 1.70688080787659 -0.00339698791504 80004
791716854642 47 -0.06329345703125 0.24496625363827 -0.00000333786011 90004
518248217461 48 -0.82980167865753 0.49140965938568 0.00568272359669 4
548782752561 48 -2.93824768066406 -0.11466380953789 0.01919275522232 10004
579149515321 48 0.34616088867188 0.7953684926033 -0.00112617015839 20004
609516278081 48 0.27792358398438 0.26827451586723 -0.00112318992615 30004
639883040842 48 2.9381103515625 1.48146092891693 -0.01829719543457 40004
670249803603 48 -0.117919921875 0.63382470607758 0.00000309944153 50004
700616566361 48 0.64276123046875 0.7141118645668 -0.00337219238281 60004
730983329122 48 0.34161376953125 1.93292582035065 -0.001305103302 70004
761350091882 48 0.93988037109375 1.61124765872955 -0.00564384460449 80004
791716854642 48 -0.06640625 0.37779948115349 -0.00000619888306 90004
518248217461 49 -0.82980167865753 0.49140965938568 0.00568272359669 4
548782752561 49 -3.19718933105469 -0.03428381681442 0.02113938331604 10004
579149515321 49 0.45268249511719 0.86668276786804 -0.00225234031677 20004
609516278081 49 0.28274536132813 0.28113088011742 -0.00112211704254 30004
639883040842 49 3.28543090820313 1.67802226543427 -0.02054786682129 40004
670249803603 49 -0.21499633789063 0.96471601724625 0.00202894210815 50004
700616566361 49 0.93292236328125 0.93976432085037 -0.00561475753784 60004
730983329122 49 0.42926025390625 2.20945453643799 -0.00242710113525 70004
761350091882 49 1.2237548828125 1.51541221141815 -0.00676965713501 80004
791716854642 49 -0.0457763671875 0.47523629665375 -0.00001096725464 90004
518248217461 50 -0.82980167865753 0.49140965938568 0.00568272359669 4
548782752561 50 -3.48292541503906 0.08189975470304 0.02311092615128 10004
579149515321 50 0.65512084960938 0.99931180477142 -0.00337767601013 20004
609516278081 50 0.28317260742188 0.29057493805885 -0.00112116336823 30004
639883040842 50 3.58193969726563 1.94284474849701 -0.02279877662659 40004
670249803603 50 -0.34530639648438 1.18183720111847 0.002032995224 50004
700616566361 50 1.15936279296875 1.23846125602722 -0.00673246383667 60004
730983329122 50 0.46087646484375 2.46919012069702 -0.00242710113525 70004
761350091882 50 1.51324462890625 1.43359291553497 -0.0090217590332 80004
791716854642 50 -0.0064697265625 0.54278475046158 -0.00001764297485 90004
518248217461 51 -0.82980167865753 0.49140965938568 0.00568272359669 4
548782752561 51 -3.72809600830078 0.07891717553139 0.0249537229538 10004
579149515321 51 0.70086669921875 1.05964410305023 -0.00450158119202 20004
609516278081 51 0.283203125 0.2912495136261 -0.00111949443817 30004
639883040842 51 3.88345336914063 2.25081467628479 -0.02392482757568 40004
670249803603 51 -0.4993896484375 1.35802400112152 0.00408744812012 50004
700616566361 51 1.31781005859375 1.57778084278107 -0.00785732269287 60004
730983329123 51 -0.06427001953125 0.24080142378807 0.00000143051147 70004
761350091882 51 1.80828857421875 1.47205829620361 -0.01128101348877 80004
791716854642 51 0.07489013671875 0.71775114536285 -0.00002336502075 90004
518248217461 52 -0.8544973731041 0.54892522096634 0.00568272266537 4
548782752561 52 -3.88303375244141 0.08663363009691 0.0249530673027 10004
579149515321 52 0.71784973144531 1.08702957630157 -0.00450372695923 20004
609516278081 52 0.2705078125 0.31212139129639 -0.00111842155457 30004
639883040842 52 4.14990234375 2.45065903663635 -0.02632093429565 40004
670249803603 52 -0.64144897460938 1.48931086063385 0.00409078598022 50004
700616566361 52 1.40228271484375 1.80207693576813 -0.0089852809906 60004
730983329123 52 -0.12890625 0.46038377285004 0.00000286102295 70004
761350091882 52 2.0391845703125 1.47570896148682 -0.01241445541382 80004
791716854642 52 0.134765625 0.90221339464188 -0.00002813339233 90004
518248217461 53 -0.94092726707458 0.75021797418594 0.00568272080272 4
548782752561 53 -4.00177764892578 0.13491001725197 0.02495223283768 10004
579149515321 53 0.71784973144531 1.08702957630157 -0.00450539588928 20004
609516278081 53 0.22607421875 0.3851729631424 -0.00111734867096 30004
639883040842 53 4.55435180664063 2.60535883903503 -0.02856683731079 40004
670249803603 53 -0.86575317382813 1.6459983587265 0.00610589981079 50004
700616566361 53 1.42877197265625 1.98783552646637 -0.00899124145508 60004
730983329123 53 -0.23455810546875 0.77510392665863 0.00201892852783 70004
761350091882 53 2.3309326171875 1.40497970581055 -0.01467037200928 80004
791716854642 53 0.1962890625 1.22717940807343 -0.00115776062012 90004
518248217461 54 -1.10511839389801 1.12262260913849 0.00773415481672 4
548782752561 54 -4.01873779296875 0.14181196689606 0.02677011489868 10004
579149515321 54 0.82240295410156 1.19767963886261 -0.00450849533081 20004
609516278081 54 0.111328125 0.55675077438354 -0.00111651420593 30004
639883040842 54 4.81033325195313 2.7529833316803 -0.03081750869751 40004
670249803603 54 -0.95675659179688 1.68877565860748 0.00610661506653 50004
700616566361 54 1.51019287109375 2.23920607566834 -0.00899744033813 60004
730983329123 54 -0.44305419921875 1.052454829216 0.00202560424805 70004
761350091882 54 2.6273193359375 1.41787385940552 -0.01691770553589 80004
791716854642 54 0.197021484375 1.55700170993805 -0.00116062164307 90004
518248217461 55 -1.28483557701111 1.4493864774704 0.00773415248841 4
548782752561 55 -4.01873779296875 0.14181196689606 0.02676939964294 10004
579149515321 55 0.98646545410156 1.30884897708893 -0.00563335418701 20004
609516278081 55 0.032958984375 0.68680238723755 -0.00111508369446 30004
639883040842 55 4.95523071289063 2.84667229652405 -0.03081846237183 40004
670249803603 55 -0.99606323242188 1.70237123966217 0.00610709190369 50004
700616566362 55 0.0185546875 0.08217599242926 -0.00000047683716 60004
730983329123 55 -0.66326904296875 1.25043523311615 0.00411176681519 70004
761350091882 55 2.86016845703125 1.41042280197144 -0.01804542541504 80004
791716854642 55 0.2099609375 1.83863651752472 -0.00116586685181 90004
518248217461 56 -1.57910621166229 1.81559669971466 0.00984897371382 4
548782752561 56 -4.01873779296875 0.14181196689606 0.02676850557327 10004
579149515321 56 1.34025573730469 1.44910883903503 -0.00787997245789 20004
609516278081 56 0.01007080078125 0.7716406583786 -0.00111353397369 30004
639883040842 56 5.0032958984375 2.88419461250305 -0.03194618225098 40004
670249803603 56 -0.99606323242188 1.70237123966217 0.00610709190369 50004
700616566362 56 0.088134765625 0.39033591747284 -0.00000286102295 60004
730983329123 56 -1.00567626953125 1.41188454627991 0.00624656677246 70004
761350091882 56 3.09637451171875 1.32498550415039 -0.01918172836304 80004
791716854642 56 0.27862548828125 2.18627142906189 -0.00117254257202 90004
518248217461 57 -1.93083715438843 2.01588916778564 0.01195180881768 4
548782752561 57 -4.01873779296875 0.14181196689606 0.02676773071289 10004
579149515321 57 1.57208251953125 1.67918026447296 -0.00900304317474 20004
609516278081 57 0.008544921875 0.77729654312134 0.00088632106781 30004
639883040842 57 5.05520629882813 2.89785695075989 -0.03194952011108 40004
670249803603 57 -0.99606323242188 1.70237123966217 0.00610709190369 50004
700616566362 57 0.0634765625 0.54575282335281 -0.00000381469727 60004
730983329123 57 -1.29656982421875 1.56341302394867 0.0082859992981 70004
761350091882 57 3.35455322265625 1.23224592208862 -0.02144002914429 80004
791716854642 57 0.352783203125 2.43014359474182 -0.00117921829224 90004
518248217461 58 -2.21256375312805 2.13620138168335 0.01409059856087 4
548782752561 58 -4.05268096923828 0.152952298522 0.02676719427109 10004
579149515321 58 1.7681884765625 1.87664997577667 -0.01125121116638 20004
609516278081 58 0.008544921875 0.7807485461235 0.00088500976563 30004
639883040842 58 5.135009765625 2.91332340240479 -0.03195238113403 40004
670249803603 58 -1.00558471679688 1.71208190917969 0.00610709190369 50004
700616566362 58 0.057861328125 0.69730007648468 -0.00000476837158 60004
730983329123 58 -1.5352783203125 1.66018581390381 0.01029968261719 70004
761350091882 58 3.5745849609375 1.14712393283844 -0.02257013320923 80004
791716854643 58 -0.022705078125 0.07429607957602 -0.00000095367432 90004
518248217461 59 -2.49407267570496 2.15048122406006 0.01584092527628 4
548782752561 59 -4.21112060546875 0.20491786301136 0.02676653862 10004
579149515321 59 2.03460693359375 2.11148834228516 -0.01237750053406 20004
609516278081 59 0.008544921875 0.79685789346695 0.00088334083557 30004
639883040842 59 5.3564453125 2.95077753067017 -0.03420948982239 40004
670249803603 59 -1.05001831054688 1.7573983669281 0.00610780715942 50004
700616566362 59 0.122802734375 0.98491597175598 -0.00000715255737 60004
730983329123 59 -1.8157958984375 1.67385601997375 0.01237916946411 70004
761350091882 59 3.84716796875 1.02069079875946 -0.02369213104248 80004
791716854643 59 -0.128662109375 0.42101117968559 -0.00000381469727 90004
518248217461 60 -2.82001852989197 2.09739446640015 0.01777438260615 4
548782752561 60 -4.34772491455078 0.20374090969563 0.02857679128647 10004
579149515321 60 2.26432800292969 2.31090950965881 -0.01350021362305 20004
609516278081 60 0.008544921875 0.80030989646912 0.0008819103241 30004
639883040842 60 5.40762329101563 2.9614405632019 -0.03421425819397 40004
670249803603 60 -1.09771728515625 1.7814427614212 0.00610876083374 50004
700616566362 60 0.10540771484375 1.19087028503418 -0.00000810623169 60004
730983329123 60 -2.047607421875 1.63381743431091 0.0123815536499 70004
761350091882 60 4.00775146484375 0.92296743392944 -0.02481508255005 80004
791716854643 60 -0.19732666015625 0.72387331724167 0.00201559066772 90004
518248217461 61 -3.14467406272888 2.02877378463745 0.01967533305287 4
548782752561 61 -4.47321319580078 0.18869869410992 0.0285764336586 10004
579149515321 61 2.47563171386719 2.49314117431641 -0.01574778556824 20004
609516278081 61 0.008544921875 0.80030989646912 0.00088059902191 30004
639883040842 61 5.41232299804688 2.96466374397278 -0.03421783447266 40004
670249803603 61 -1.14437866210938 1.79896175861359 0.00812172889709 50004
700616566362 61 0.067138671875 1.36726403236389 -0.00000929832458 60004
730983329123 61 -2.257080078125 1.5813010931015 0.01449728012085 70004
761350091882 61 4.13262939453125 0.83664113283157 -0.02593803405762 80004
791716854643 61 -0.25372314453125 1.00323176383972 0.00201845169067 90004
518248217461 62 -3.33273983001709 2.04267907142639 0.02138306386769 4
548782752561 62 -4.72673797607422 0.27078402042389 0.03050523996353 10004
579149515321 62 2.76692199707031 2.64797687530518 -0.01687395572662 20004
609516278081 62 0.02322387695313 0.87378370761871 0.00087773799896 30004
639883040842 62 5.41232299804688 2.96466374397278 -0.03422093391418 40004
670249803603 62 -1.14437866210938 1.79896175861359 0.00812172889709 50004
700616566362 62 0.003662109375 1.63367652893066 -0.00001049041748 60004
730983329123 62 -2.53240966796875 1.4050281047821 0.01657009124756 70004
761350091882 62 4.16595458984375 0.81470328569412 -0.02593803405762 80004
791716854643 62 -0.33941650390625 1.32901251316071 0.00201892852783 90004
518248217461 63 -3.53926777839661 2.10908508300781 0.02339794486761 4
548782752562 63 -0.00701904296875 0.02958256937563 -0.00000005960464 10004
579149515321 63 2.98460388183594 2.81239604949951 -0.01912009716034 20004
609516278081 63 0.0311279296875 0.91334652900696 0.00087511539459 30004
639883040842 63 5.41232299804688 2.96466374397278 -0.03422355651855 40004
670249803603 63 -1.16940307617188 1.83221113681793 0.00812172889709 50004
700616566362 63 -0.082763671875 1.84321475028992 -0.00001096725464 60004
730983329123 63 -2.734619140625 1.22512853145599 0.01657009124756 70004
761350091882 63 4.18389892578125 0.80289059877396 -0.0259370803833 80004
791716854643 63 -0.43048095703125 1.57287001609802 0.00201940536499 90004
518248217461 64 -3.90782260894775 2.31531119346619 0.02543235383928 4
548782752562 64 -0.03158569335938 0.13312155008316 -0.00000017881393 10004
579149515321 64 3.19844055175781 3.09605741500854 -0.02024447917938 20004
609516278081 64 0.0311279296875 0.91334652900696 0.00087177753448 30004
639883040842 64 5.41232299804688 2.96466374397278 -0.03422689437866 40004
670249803603 64 -1.25698852539063 1.94858396053314 0.00812172889709 50004
700616566362 64 -0.26513671875 2.07451295852661 0.00206065177917 60004
730983329123 64 -2.9234619140625 0.92768657207489 0.01864147186279 70004
761350091882 64 4.18389892578125 0.80289059877396 -0.0259370803833 80004
791716854643 64 -0.58770751953125 1.81239986419678 0.00407791137695 90004
518248217461 65 -4.15433979034424 2.38519740104675 0.02724486216903 4
548782752562 65 -0.03509521484375 0.14791283011436 -0.00000023841858 10004
579149515321 65 3.32231140136719 3.39956212043762 -0.02136969566345 20004
609516278081 65 0.12478637695313 0.97239512205124 -0.0002543926239 30004
639883040842 65 5.46099853515625 2.96853733062744 -0.03423452377319 40004
670249803603 65 -1.32858276367188 2.07110404968262 0.00812244415283 50004
700616566362 65 -0.44622802734375 2.2060079574585 0.0020546913147 60004
730983329123 65 -2.971923828125 0.72124528884888 0.01864147186279 70004
761350091882 65 4.262451171875 0.75093352794647 -0.02706003189087 80004
791716854643 65 -0.8162841796875 2.04400253295898 0.00408029556274 90004
518248217461 66 -4.32054615020752 2.42394161224365 0.02724484354258 4
548782752562 66 -0.03539276123047 0.15514786541462 -0.00000023841858 10004
579149515321 66 3.39521789550781 3.65261244773865 -0.02137279510498 20004
609516278081 66 0.2574462890625 1.02785432338715 -0.00137913227081 30004
639883040842 66 5.56051635742188 2.96915030479431 -0.03536295890808 40004
670249803603 66 -1.37857055664063 2.18074989318848 0.00812292098999 50004
700616566363 66 -0.00091552734375 0.00294638215564 -0.00000047683716 60004
730983329123 66 -2.97760009765625 0.54188024997711 0.01864194869995 70004
761350091882 66 4.38409423828125 0.69996190071106 -0.02818250656128 80004
791716854643 66 -1.0411376953125 2.24799561500549 0.00620079040527 90004
518248217461 67 -4.35847234725952 2.45229125022888 0.02724482491612 4
548782752562 67 -0.03688049316406 0.19132304191589 -0.00000023841858 10004
579149515321 67 3.37736511230469 3.84203004837036 -0.02137494087219 20004
609516278081 67 0.53759765625 1.06358671188354 -0.00250113010406 30004
639883040842 67 5.858154296875 2.95636868476868 -0.03760600090027 40004
670249803603 67 -1.38681030273438 2.29577016830444 0.00812411308289 50004
700616566363 67 -0.0054931640625 0.01767829246819 -0.00000166893005 60004
730983329123 67 -2.9180908203125 0.31575751304626 0.01864337921143 70004
761350091882 67 4.671630859375 0.65765541791916 -0.02931642532349 80004
791716854643 67 -1.32220458984375 2.4604766368866 0.00825262069702 90004
518248217461 68 -4.46434593200684 2.50047922134399 0.02922262437642 4
548782752562 68 -0.00787353515625 0.26618665456772 -0.00000023841858 10004
579149515321 68 3.35218811035156 4.0201153755188 -0.02137672901154 20004
609516278081 68 0.770751953125 1.1838059425354 -0.00474631786346 30004
639883040842 68 6.00872802734375 2.91389608383179 -0.0376079082489 40004
670249803604 68 0.09835815429688 0.24382522702217 0.00000190734863 50004
700616566363 68 -0.00140380859375 0.06822503358126 -0.00000238418579 60004
730983329123 68 -2.91619873046875 0.25313177704811 0.01864337921143 70004
761350091882 68 4.94488525390625 0.63198637962341 -0.03156995773315 80004
791716854644 68 0.018798828125 0.27396333217621 -0.00000476837158 90004
518248217461 69 -4.60796546936035 2.57917618751526 0.02922261692584 4
548782752562 69 0.02627563476563 0.36329773068428 -0.00000035762787 10004
579149515321 69 3.33163452148438 4.16766548156738 -0.02137839794159 20004
609516278081 69 0.9681396484375 1.31679201126099 -0.00587236881256 30004
639883040842 69 6.099365234375 2.88054013252258 -0.03873586654663 40004
670249803604 69 0.21820068359375 0.53227853775024 -0.00111961364746 50004
700616566363 69 0.01800537109375 0.16643257439137 -0.00000309944153 60004
730983329123 69 -2.91986083984375 0.21529085934162 0.01864337921143 70004
761350091882 69 5.18896484375 0.63459652662277 -0.03270149230957 80004
791716854644 69 0.048095703125 0.57171732187271 -0.00000858306885 90004
518248217461 70 -4.89324855804443 2.77689743041992 0.03127576038241 4
548782752562 70 0.07412719726563 0.54905074834824 -0.00000083446503 10004
579149515321 70 3.3228759765625 4.27270126342773 -0.02138042449951 20004
609516278081 70 1.139892578125 1.49656581878662 -0.00699746608734 30004
639883040842 70 6.099365234375 2.88054013252258 -0.03873920440674 40004
670249803604 70 0.40191650390625 0.94742488861084 -0.0022406578064 50004
700616566363 70 0.09063720703125 0.43923753499985 -0.00000596046448 60004
730983329123 70 -2.91387939453125 0.16269932687283 0.01864337921143 70004
761350091882 70 5.4293212890625 0.72324842214584 -0.03494882583618 80004
791716854644 70 0.113037109375 0.9151948094368 -0.00001525878906 90004
518248217461 71 -5.03705596923828 2.96090531349182 0.03327689692378 4
548782752562 71 0.08949279785156 0.59503161907196 -0.00000107288361 10004
579149515321 71 3.39114379882813 4.48480415344238 -0.02138364315033 20004
609516278081 71 1.252685546875 1.69428682327271 -0.00699770450592 30004
639883040842 71 6.099365234375 2.88054013252258 -0.03874230384827 40004
670249803604 71 0.59783935546875 1.32032108306885 -0.00336194038391 50004
700616566363 71 0.1513671875 0.64432018995285 -0.00001215934753 60004
730983329123 71 -2.923583984375 0.10167026519775 0.01864337921143 70004
761350091882 71 5.60040283203125 0.73759549856186 -0.03494834899902 80004
791716854644 71 0.1513671875 1.1953010559082 -0.00002288818359 90004
518248217461 72 -5.12552404403687 3.164959192276 0.03327687084675 4
548782752562 72 0.09906005859375 0.60487079620361 -0.00000149011612 10004
579149515321 72 3.4666748046875 4.72487926483154 -0.0213874578476 20004
609516278081 72 1.35723876953125 1.88335084915161 -0.00812065601349 30004
639883040842 72 6.10650634765625 2.87242245674133 -0.03874516487122 40004
670249803604 72 0.7587890625 1.66896438598633 -0.00448346138 50004
700616566363 72 0.20263671875 0.85275107622147 -0.00113797187805 60004
730983329123 72 -2.932861328125 0.04392109066248 0.01864337921143 70004
761350091882 72 5.75531005859375 0.74389845132828 -0.03607082366943 80004
791716854644 72 0.1739501953125 1.45169758796692 -0.00002384185791 90004
518248217461 73 -5.16584777832031 3.60162973403931 0.03327686712146 4
548782752562 73 0.1302490234375 0.63047802448273 -0.00000220537186 10004
579149515321 73 3.50291442871094 5.07823848724365 -0.0225145816803 20004
609516278081 73 1.55703735351563 2.09241342544556 -0.00924241542816 30004
639883040842 73 6.156494140625 2.81559872627258 -0.03874754905701 40004
670249803604 73 0.78955078125 2.12191319465637 -0.00448107719421 50004
700616566363 73 0.245361328125 1.28539609909058 -0.00113987922668 60004
730983329123 73 -2.9208984375 -0.01200697943568 0.01864337921143 70004
761350091882 73 6.0037841796875 0.8205674290657 -0.03832578659058 80004
791716854644 73 0.1611328125 1.80094623565674 -0.00003051757813 90004
518248217461 74 -5.25381851196289 4.03013896942139 0.03327683731914 4
548782752562 74 0.21199035644531 0.66959673166275 -0.00112640857697 10004
579149515321 74 3.56092834472656 5.42834568023682 -0.02251744270325 20004
609516278081 74 1.68374633789063 2.25716686248779 -0.0103657245636 30004
639883040842 74 6.2073974609375 2.67520928382874 -0.0398736000061 40004
670249803604 74 0.83892822265625 2.57306551933289 -0.00447869300842 50004
700616566363 74 0.2581787109375 1.59797716140747 -0.00114130973816 60004
730983329123 74 -2.91748046875 -0.02798642590642 0.01864337921143 70004
761350091882 74 6.2060546875 0.88656121492386 -0.03945732116699 80004
791716854644 74 0.25146484375 2.12408256530762 -0.00116205215454 90004
518248217461 75 -5.31844902038574 4.39540433883667 0.03440379351377 4
548782752562 75 0.29672241210938 0.70349043607712 -0.00112789869308 10004
579149515321 75 3.61839294433594 5.72725677490234 -0.02251899242401 20004
609516278081 75 1.75827026367188 2.36658954620361 -0.0103657245636 30004
639883040842 75 6.28070068359375 2.50941061973572 -0.03987598419189 40004
670249803605 75 0.02783203125 0.05974322929978 0 50004
700616566363 75 0.280029296875 1.83234810829163 -0.00114226341248 60004
730983329123 75 -2.8951416015625 -0.03967420384288 0.01864337921143 70004
761350091882 75 6.3734130859375 0.9423206448555 -0.04058885574341 80004
791716854645 75 -0.0048828125 0.02489403821528 0 90004
518248217461 76 -5.22982549667358 4.85683917999268 0.03440383449197 4
548782752562 76 0.38568878173828 0.71920442581177 -0.00225204229355 10004
579149515321 76 3.69245910644531 6.1004843711853 -0.02364373207092 20004
609516278081 76 1.79534912109375 2.39960217475891 -0.01148879528046 30004
639883040842 76 6.55584716796875 2.19707632064819 -0.04212474822998 40004
670249803605 76 0.236572265625 0.50781744718552 -0.00112009048462 50004
700616566363 76 0.4393310546875 2.17286968231201 -0.00226354598999 60004
730983329123 76 -2.72760009765625 -0.12733249366283 0.01864337921143 70004
761350091882 76 6.6444091796875 1.0298535823822 -0.04172611236572 80004
791716854645 76 -0.04150390625 0.2115993052721 0 90004
518248217462 77 -0.07704924792051 0.16523264348507 0 4
548782752562 77 0.53633880615234 0.68680244684219 -0.0033768415451 10004
579149515321 77 3.80865478515625 6.39373588562012 -0.02364420890808 20004
609516278081 77 1.87966918945313 2.4804220199585 -0.01148879528046 30004
639883040842 77 6.68093872070313 2.03324341773987 -0.04213285446167 40004
670249803605 77 0.46417236328125 0.86956691741943 -0.00223827362061 50004
700616566363 77 0.543212890625 2.30094122886658 -0.00338220596313 60004
730983329123 77 -2.5445556640625 -0.20584180951118 0.01639747619629 70004
761350091883 77 -0.0140380859375 0.14504192769527 0 80004
791716854645 77 -0.0518798828125 0.25982981920242 -0.00000238418579 90004
518248217462 78 -0.1621435135603 0.34409961104393 -0.00000000011642 4
548782752562 78 0.69178009033203 0.63883739709854 -0.00337666273117 10004
579149515321 78 3.94021606445313 6.6530818939209 -0.0247677564621 20004
609516278081 78 1.95681762695313 2.55531597137451 -0.01148879528046 30004
639883040843 78 0 0.02062106505036 0 40004
670249803605 78 0.66070556640625 1.20674610137939 -0.00335907936096 50004
700616566364 78 -0.00927734375 0.03648660331964 -0.00000023841858 60004
730983329123 78 -2.353515625 -0.28118631243706 0.01527452468872 70004
761350091883 78 -0.02783203125 0.29841867089272 -0.00000143051147 80004
791716854645 78 -0.0606689453125 0.29543346166611 -0.00000476837158 90004
518248217462 79 -0.22255232930183 0.44651916623116 0.00201288657263 4
548782752562 79 0.86144256591797 0.54572665691376 -0.00449985265732 10004
579149515321 79 4.16731262207031 6.95863199234009 -0.02589333057404 20004
609516278081 79 1.95864868164063 2.56039071083069 -0.01261174678802 30004
639883040843 79 0 0.17527903616428 0 40004
670249803605 79 0.74081420898438 1.69458091259003 -0.00447964668274 50004
700616566364 79 -0.078857421875 0.31013613939285 -0.00000095367432 60004
730983329123 79 -2.042236328125 -0.38893780112267 0.01415061950684 70004
761350091883 79 -0.0260009765625 0.36092978715897 -0.00000238418579 80004
791716854645 79 -0.10369873046875 0.48078975081444 -0.00000810623169 90004
518248217462 80 -0.26152536273003 0.54385530948639 0.00201288657263 4
548782752562 80 1.0059814453125 0.49401652812958 -0.00562423467636 10004
579149515321 80 4.25216674804688 7.21182155609131 -0.02701985836029 20004
609516278081 80 1.9727783203125 2.57451868057251 -0.01261150836945 30004
639883040843 80 0.02450561523438 0.25872761011124 -0.00000095367432 40004
670249803605 80 0.86614990234375 2.13776445388794 -0.00447702407837 50004
700616566364 80 -0.22607421875 0.57997143268585 0.00200700759888 60004
730983329123 80 -1.71197509765625 -0.47321915626526 0.01191234588623 70004
761350091883 80 -0.0968017578125 0.54017651081085 -0.00000333786011 80004
791716854645 80 -0.2139892578125 0.64720451831818 0.00202178955078 90004
518248217462 81 -0.27605479955673 0.681356549263 0.00201288657263 4
548782752562 81 1.11691284179688 0.45430102944374 -0.00674724578857 10004
579149515321 81 4.29447937011719 7.38681888580322 -0.02702176570892 20004
609516278081 81 2.02896118164063 2.60270547866821 -0.01261150836945 30004
639883040843 81 0.0546875 0.3232239484787 -0.00000190734863 40004
670249803606 81 0.01513671875 0.07564156502485 0.00000095367432 50004
700616566364 81 -0.3685302734375 0.77980548143387 0.0020010471344 60004
730983329123 81 -1.43890380859375 -0.54125612974167 0.00966787338257 70004
761350091883 81 -0.161376953125 0.69204527139664 -0.00000333786011 80004
791716854645 81 -0.3480224609375 0.77852517366409 0.00202417373657 90004
518248217462 82 -0.24804303050041 0.96119618415833 0.00201288610697 4
548782752562 82 1.19406890869141 0.40692695975304 -0.00674712657928 10004
579149515321 82 4.33224487304688 7.4537239074707 -0.02702176570892 20004
609516278081 82 2.19775390625 2.66817283630371 -0.01373493671417 30004
639883040843 82 0.09268188476563 0.40395352244377 -0.00000333786011 40004
670249803606 82 0.0718994140625 0.35929736495018 0.00000333786011 50004
700616566364 82 -0.4949951171875 0.86920082569122 0.00402092933655 60004
730983329123 82 -1.24102783203125 -0.60392504930496 0.00854396820068 70004
761350091883 82 -0.18597412109375 0.74995058774948 0.00199937820435 80004
791716854645 82 -0.53753662109375 0.87412804365158 0.00407886505127 90004
518248217462 83 -0.21092431247234 1.26756000518799 0.00201288610697 4
548782752562 83 1.19922637939453 0.40376868844032 -0.00674712657928 10004
579149515321 83 4.47370910644531 7.6435432434082 -0.02814733982086 20004
609516278081 83 2.23126220703125 2.67857193946838 -0.01373720169067 30004
639883040843 83 0.09521484375 0.4308448433876 -0.00000333786011 40004
670249803606 83 0.18081665039063 0.60581135749817 -0.00111722946167 50004
700616566364 83 -0.50347900390625 0.87516051530838 0.00402092933655 60004
730983329123 83 -0.909423828125 -0.67816120386124 0.00630712509155 70004
761350091883 83 -0.2479248046875 0.8090592622757 0.00199699401855 80004
791716854645 83 -0.739013671875 0.92035108804703 0.00408124923706 90004
518248217462 84 -0.17128679156303 1.55173277854919 0.00201288610697 4
548782752562 84 1.22276306152344 0.38312461972237 -0.00787025690079 10004
579149515321 84 4.57902526855469 7.78738307952881 -0.02927219867706 20004
609516278081 84 2.26321411132813 2.68099641799927 -0.0137392282486 30004
639883040843 84 0.09521484375 0.44242680072784 -0.00000333786011 40004
670249803606 84 0.28472900390625 0.76835650205612 -0.0011157989502 50004
700616566364 84 -0.55596923828125 0.9102777838707 0.00402045249939 60004
730983329123 84 -0.63861083984375 -0.7922375202179 0.00519514083862 70004
761350091883 84 -0.33197021484375 0.90578639507294 0.00199508666992 80004
791716854645 84 -0.90447998046875 0.92706322669983 0.00616979598999 90004
518248217462 85 -0.10931768268347 1.93949913978577 0.00088983919704 4
548782752562 85 1.29347991943359 0.32113942503929 -0.00787138938904 10004
579149515321 85 4.67034912109375 7.91947650909424 -0.02927243709564 20004
609516278081 85 2.32296752929688 2.67852163314819 -0.01486527919769 30004
639883040843 85 0.09521484375 0.44242680072784 -0.00000333786011 40004
670249803606 85 0.4266357421875 0.88832455873489 -0.00223636627197 50004
700616566364 85 -0.71343994140625 1.01562964916229 0.00401949882507 60004
730983329123 85 -0.34014892578125 -1.02129542827606 0.00296354293823 70004
761350091883 85 -0.4866943359375 1.10672008991241 0.00401020050049 80004
791716854645 85 -1.0958251953125 0.88282734155655 0.00617218017578 90004
518248217462 86 -0.19813196361065 2.2508659362793 0.00088983948808 4
548782752562 86 1.31629180908203 0.31450816988945 -0.00787246227264 10004
579149515321 86 4.82923889160156 8.17877388000488 -0.03039598464966 20004
609516278081 86 2.49221801757813 2.67622184753418 -0.01599025726318 30004
639883040843 86 0.09561157226563 0.50216233730316 -0.00000381469727 40004
670249803606 86 0.51470947265625 1.00857353210449 -0.00223302841187 50004
700616566364 86 -0.871337890625 1.27568054199219 0.00608372688293 60004
730983329123 86 -0.25604248046875 -1.160609126091 0.00185346603394 70004
761350091883 86 -0.5517578125 1.39918959140778 0.00400829315186 80004
791716854645 86 -1.13232421875 0.85501992702484 0.00818061828613 90004
518248217463 87 -0.06400279700756 0.1372544169426 -0.00000000005821 4
548782752562 87 1.35725402832031 0.28997552394867 -0.00787377357483 10004
579149515321 87 4.97770690917969 8.40668296813965 -0.03152132034302 20004
609516278081 87 2.62445068359375 2.67659068107605 -0.0159924030304 30004
639883040843 87 0.0958251953125 0.53432762622833 -0.00000619888306 40004
670249803606 87 0.5980224609375 1.16377651691437 -0.00335288047791 50004
700616566364 87 -1.103759765625 1.51403629779816 0.00608229637146 60004
730983329123 87 -0.130859375 -1.29733288288116 0.00186681747437 70004
761350091883 87 -0.69189453125 1.69378912448883 0.00400590896606 80004
791716854645 87 -1.15240478515625 0.84004670381546 0.00818252563477 90004
518248217463 88 -0.19871954619884 0.41516450047493 0.0020026199054 4
548782752562 88 1.41044616699219 0.25103524327278 -0.00899714231491 10004
579149515322 88 0.00045776367188 0.01579644344747 0 20004
609516278082 88 0.0003662109375 0.00092953717103 -0.00000011920929 30004
639883040843 88 0.099609375 0.54305225610733 -0.00000929832458 40004
670249803606 88 0.66567993164063 1.3384256362915 -0.0033495426178 50004
700616566364 88 -1.3896484375 1.70029926300049 0.00818514823914 60004
730983329123 88 0.02056884765625 -1.41290235519409 0.0007472038269 70004
761350091883 88 -0.904541015625 1.9648175239563 0.00606966018677 80004
791716854645 88 -1.15911865234375 0.83007842302322 0.0081844329834 90004
518248217463 89 -0.43676608800888 0.76039773225784 0.00200262013823 4
548782752562 89 1.41033172607422 0.25103524327278 -0.00899678468704 10004
579149515322 89 0.00732421875 0.25274306535721 -0.00000023841858 20004
609516278082 89 0.005859375 0.01487259473652 -0.00000071525574 30004
639883040843 89 0.1563720703125 0.6739217042923 -0.0000102519989 40004
670249803606 89 0.6807861328125 1.43838620185852 -0.00334668159485 50004
700616566364 89 -1.5711669921875 1.75509679317474 0.01020169258118 60004
730983329123 89 0.0452880859375 -1.42741668224335 0.00075101852417 70004
761350091883 89 -1.17645263671875 2.21058630943298 0.00816631317139 80004
791716854645 89 -1.2479248046875 0.68055421113968 0.00818729400635 90004
518248217463 90 -0.55465745925903 1.12670123577118 0.00406207283959 4
548782752562 90 1.53044128417969 0.24161843955517 -0.00899618864059 10004
579149515322 90 0.06820678710938 0.49155992269516 -0.00000059604645 20004
609516278082 90 0.00732421875 0.01859074085951 -0.00000202655792 30004
639883040843 90 0.369873046875 0.88477373123169 -0.00225806236267 40004
670249803606 90 0.68511962890625 1.542316198349 -0.00334429740906 50004
700616566364 90 -1.75335693359375 1.88969600200653 0.01019692420959 60004
730983329123 90 0.0518798828125 -1.43128716945648 0.00075197219849 70004
761350091883 90 -1.453369140625 2.33903861045837 0.01017093658447 80004
791716854645 90 -1.3607177734375 0.45709213614464 0.00819063186646 90004
518248217463 91 -0.5998467206955 1.45609664916992 0.0040620714426 4
548782752562 91 1.68117523193359 0.23889876902103 -0.01012015342712 10004
579149515322 91 0.13955688476563 0.68697470426559 -0.00000083446503 20004
609516278082 91 0.00732421875 0.01859074085951 -0.0000034570694 30004
639883040843 91 0.59466552734375 1.12172651290894 -0.00338196754456 40004
670249803606 91 0.68414306640625 1.62236404418945 -0.00334239006042 50004
700616566364 91 -1.89642333984375 2.03011775016785 0.01223540306091 60004
730983329123 91 0.0518798828125 -1.43128716945648 0.00075197219849 70004
761350091884 91 -0.0169677734375 0.04378743842244 0 80004
791716854645 91 -1.45855712890625 0.22814728319645 0.01022243499756 90004
518248217463 92 -0.53055334091187 1.86974000930786 0.00406206771731 4
548782752562 92 1.90953826904297 0.28913345932961 -0.01124423742294 10004
579149515322 92 0.23179626464844 0.83535271883011 -0.0011248588562 20004
609516278082 92 0.00732421875 0.01859074085951 -0.00000524520874 30004
639883040843 92 0.7933349609375 1.57922196388245 -0.00450849533081 40004
670249803606 92 0.67453002929688 1.6431690454483 -0.00334048271179 50004
700616566364 92 -1.96234130859375 2.1833827495575 0.01223683357239 60004
730983329123 92 0.0518798828125 -1.43128716945648 0.00075197219849 70004
761350091884 92 -0.14422607421875 0.37219321727753 -0.00000047683716 80004
791716854645 92 -1.52447509765625 -0.11202044785023 0.01022481918335 90004
518248217463 93 -0.47746765613556 2.25751638412476 0.0040620630607 4
548782752562 93 2.22598266601563 0.30192402005196 -0.01349121332169 10004
579149515322 93 0.32560729980469 1.05443370342255 -0.00112581253052 20004
609516278082 93 0.00732421875 0.01859074085951 -0.00000691413879 30004
639883040843 93 0.94186401367188 1.87686562538147 -0.00563859939575 40004
670249803606 93 0.672607421875 1.64733004570007 -0.00334000587463 50004
700616566364 93 -1.97552490234375 2.21403574943542 0.01223707199097 60004
730983329123 93 0.11297607421875 -1.4536737203598 -0.00037097930908 70004
761350091884 93 -0.153564453125 0.69558382034302 0.0020318031311 80004
791716854645 93 -1.5584716796875 -0.39407268166542 0.0102276802063 90004
518248217464 94 -0.01805908977985 0.1076677441597 0 4
548782752562 94 2.54952239990234 0.31993454694748 -0.01573771238327 10004
579149515322 94 0.42399597167969 1.27394962310791 -0.00225102901459 20004
609516278082 94 0.00732421875 0.01859074085951 -0.00000846385956 30004
639883040843 94 1.0421142578125 2.05774879455566 -0.00564479827881 40004
670249803606 94 0.6502685546875 1.67483401298523 -0.00333976745605 50004
700616566364 94 -1.97552490234375 2.21403574943542 0.01223707199097 60004
730983329123 94 0.2152099609375 -1.52441251277924 -0.00037002563477 70004
761350091884 94 -0.10760498046875 0.99445956945419 0.00090599060059 80004
791716854645 94 -1.55987548828125 -0.61365044116974 0.01023006439209 90004
518248217464 95 -0.08577994257212 0.51141750812531 0 4
548782752562 95 2.93205261230469 0.37905633449554 -0.01798522472382 10004
579149515322 95 0.56095886230469 1.51600289344788 -0.00337791442871 20004
609516278082 95 0.00732421875 0.01859074085951 -0.0000102519989 30004
639883040843 95 1.08444213867188 2.10357165336609 -0.00677442550659 40004
670249803606 95 0.56649780273438 1.77797389030457 -0.00333857536316 50004
700616566364 95 -1.97552490234375 2.21403574943542 0.01223707199097 60004
730983329123 95 0.4111328125 -1.72099697589874 -0.00261354446411 70004
761350091884 95 0.01507568359375 1.32454299926758 0.00090312957764 80004
791716854645 95 -1.50128173828125 -0.78041857481003 0.01023387908936 90004
518248217464 96 -0.21561947464943 0.72055470943451 0.00202088616788 4
548782752562 96 3.09694671630859 0.47627538442612 -0.01910924911499 10004
579149515322 96 0.69842529296875 1.62417459487915 -0.00337862968445 20004
609516278082 96 0.00732421875 0.01859074085951 -0.00001192092896 30004
639883040843 96 1.08724975585938 2.10662651062012 -0.00677800178528 40004
670249803606 96 0.4149169921875 1.8558394908905 -0.00333738327026 50004
700616566364 96 -2.07470703125 2.34525990486145 0.01425528526306 60004
730983329124 96 0.12615966796875 0.27029570937157 0.00000190734863 70004
761350091884 96 0.057373046875 1.49529075622559 -0.00022172927856 80004
791716854645 96 -1.49737548828125 -0.794677734375 0.01024103164673 90004
518248217464 97 -0.49476256966591 0.9432475566864 0.00202088616788 4
548782752562 97 3.23722839355469 0.56691402196884 -0.02023339271545 10004
579149515322 97 0.81773376464844 1.76238524913788 -0.00450563430786 20004
609516278082 97 0.00732421875 0.01859074085951 -0.00001382827759 30004
639883040843 97 1.08724975585938 2.10662651062012 -0.00678181648254 40004
670249803606 97 0.22698974609375 2.02886390686035 -0.0012948513031 50004
700616566364 97 -2.273681640625 2.55093717575073 0.01425647735596 60004
730983329124 97 0.352294921875 0.5485577583313 -0.00224113464355 70004
761350091884 97 0.07574462890625 1.57538270950317 -0.00022268295288 80004
791716854645 97 -1.49737548828125 -0.79636919498444 0.01024866104126 90004
518248217464 98 -0.86211848258972 1.10592985153198 0.00597097212449 4
548782752562 98 3.38703918457031 0.66536837816238 -0.02135682106018 10004
579149515322 98 0.89616394042969 1.91642475128174 -0.0056312084198 20004
609516278082 98 0.0145263671875 0.0346405133605 -0.00001561641693 30004
639883040843 98 1.08724975585938 2.10662651062012 -0.00678539276123 40004
670249803606 98 0.0240478515625 2.22737574577332 -0.00129318237305 50004
700616566364 98 -2.52142333984375 2.78918719291687 0.01631474494934 60004
730983329124 98 0.63427734375 0.73451989889145 -0.00336122512817 70004
761350091884 98 0.11749267578125 1.59674119949341 -0.00022268295288 80004
791716854645 98 -1.49737548828125 -0.79636919498444 0.01025581359863 90004
518248217464 99 -1.26957869529724 1.14500987529755 0.00772076053545 4
548782752562 99 3.65036773681641 0.84936815500259 -0.02248167991638 10004
579149515322 99 0.96116638183594 2.08774542808533 -0.0056312084198 20004
609516278082 99 0.04153442382813 0.09482716023922 -0.00001680850983 30004
639883040843 99 1.08724975585938 2.10662651062012 -0.00678896903992 40004
670249803606 99 -0.23641967773438 2.35396528244019 0.00079202651978 50004
700616566364 99 -2.78326416015625 3.06379175186157 0.01841807365417 60004
730983329124 99 0.96661376953125 0.82358533143997 -0.00560522079468 70004
761350091884 99 0.2740478515625 1.67683553695679 -0.00134944915771 80004
791716854645 99 -1.49737548828125 -0.79636919498444 0.01026296615601 90004
518248217464 100 -1.61443960666656 1.08168661594391 0.00960950925946 4
548782752562 100 3.80096435546875 0.97694742679596 -0.02360510826111 10004
579149515322 100 0.97740173339844 2.13568139076233 -0.0056312084198 20004
609516278082 100 0.05563354492188 0.14075787365437 -0.00001740455627 30004
639883040843 100 1.08090209960938 2.32766628265381 -0.00679230690002 40004
670249803607 100 -0.0841064453125 0.35287880897522 0.00000143051147 50004
700616566364 100 -3.09112548828125 3.23737454414368 0.02056217193604 60004
730983329124 100 1.2581787109375 0.95424300432205 -0.00784111022949 70004
761350091884 100 0.28448486328125 1.68217515945435 -0.00134944915771 80004
791716854645 100 -1.49737548828125 -0.79636919498444 0.01026964187622 90004
518248217464 101 -1.95032787322998 0.94963383674622 0.0114982444793 4
548782752562 101 3.94867706298828 1.10633027553558 -0.02472972869873 10004
579149515322 101 1.03721618652344 2.22214198112488 -0.00563144683838 20004
609516278082 101 0.062255859375 0.16332921385765 -0.00001752376556 30004
639883040844 101 -0.01943969726563 0.15965369343758 0 40004
670249803607 101 -0.16485595703125 0.65207731723785 0.00000286102295 50004
700616566364 101 -3.390380859375 3.42488884925842 0.02264547348022 60004
730983329124 101 1.56365966796875 1.03662633895874 -0.00896024703979 70004
761350091884 101 0.28448486328125 1.68217515945435 -0.00134944915771 80004
791716854645 101 -1.50421142578125 -0.83213603496552 0.01027393341064 90004
518248217464 102 -2.2698974609375 0.76677185297012 0.01556158624589 4
548782752562 102 4.11293029785156 1.24244606494904 -0.02585387229919 10004
579149515323 102 0.01036071777344 0.02222971245646 0 20004
609516278082 102 0.06710815429688 0.16732132434845 -0.00001776218414 30004
639883040844 102 -0.05615234375 0.47912189364433 0 40004
670249803607 102 -0.24169921875 0.86921149492264 0.00200796127319 50004
700616566364 102 -3.673583984375 3.62317943572998 0.02264213562012 60004
730983329124 102 1.882080078125 1.0650532245636 -0.01120376586914 70004
761350091884 102 0.29449462890625 1.68835210800171 -0.00135040283203 80004
791716854645 102 -1.51324462890625 -0.91340965032578 0.01027584075928 90004
518248217464 103 -2.4723048210144 0.71370470523834 0.01556156389415 4
548782752562 103 4.46186065673828 1.40967166423798 -0.02810055017471 10004
579149515323 103 0.165771484375 0.35567536950111 -0.00000047683716 20004
609516278082 103 0.139892578125 0.22720298171043 -0.0000194311142 30004
639883040844 103 -0.0653076171875 0.82365071773529 0 40004
670249803607 103 -0.40054321289063 1.08459115028381 0.00201225280762 50004
700616566364 103 -3.922607421875 3.70306277275085 0.0247061252594 60004
730983329124 103 2.2244873046875 1.06729018688202 -0.01344680786133 70004
761350091884 103 0.44464111328125 1.78100633621216 -0.00247430801392 80004
791716854645 103 -1.45831298828125 -1.13615250587463 0.01027965545654 90004
518248217464 104 -2.5285964012146 0.69770151376724 0.0155615452677 4
548782752562 104 4.76268005371094 1.48623490333557 -0.03034698963165 10004
579149515323 104 0.37297058105469 0.62667989730835 -0.00224781036377 20004
609516278082 104 0.21514892578125 0.34684267640114 -0.00114214420319 30004
639883040844 104 -0.06866455078125 1.14529144763947 -0.00000023841858 40004
670249803607 104 -0.512939453125 1.29518461227417 0.00402235984802 50004
700616566364 104 -4.24169921875 3.73427367210388 0.02679395675659 60004
730983329124 104 2.4342041015625 1.11570155620575 -0.01456785202026 70004
761350091884 104 0.61346435546875 2.0020649433136 -0.00360012054443 80004
791716854645 104 -1.2991943359375 -1.37548995018005 0.00916147232056 90004
518248217464 105 -2.54628133773804 0.67255491018295 0.01556152384728 4
548782752562 105 5.02075958251953 1.50700724124908 -0.03147059679031 10004
579149515323 105 0.58438110351563 0.82776379585266 -0.003373503685 20004
609516278082 105 0.30999755859375 0.47955545783043 -0.00114071369171 30004
639883040844 105 -0.075927734375 1.40065968036652 -0.00000023841858 40004
670249803607 105 -0.5831298828125 1.45410823822021 0.00402617454529 50004
700616566364 105 -4.54052734375 3.72460293769836 0.02890920639038 60004
730983329124 105 2.5679931640625 1.16876399517059 -0.01567792892456 70004
761350091884 105 0.77532958984375 2.23177981376648 -0.004723072052 80004
791716854645 105 -1.12298583984375 -1.58258390426636 0.00804233551025 90004
518248217464 106 -2.65376043319702 0.50948405265808 0.01758884079754 4
548782752562 106 5.37332153320313 1.42858755588531 -0.0337170958519 10004
579149515323 106 0.90234375 0.96075165271759 -0.00562167167664 20004
609516278082 106 0.5830078125 0.68284612894058 -0.00338518619537 30004
639883040844 106 -0.120361328125 1.5798727273941 -0.00000071525574 40004
670249803607 106 -0.5831298828125 1.49446129798889 0.0040328502655 50004
700616566364 106 -4.8668212890625 3.58754706382751 0.03093695640564 60004
730983329124 106 2.6756591796875 1.20549714565277 -0.01678562164307 70004
761350091884 106 1.00689697265625 2.46531987190247 -0.0058479309082 80004
791716854645 106 -0.89654541015625 -1.77266669273376 0.0058012008667 90004
518248217464 107 -2.76313710212708 0.23019549250603 0.01758881658316 4
548782752563 107 0.02485656738281 0.1700329631567 -0.00000011920929 10004
579149515323 107 1.14236450195313 1.16262578964233 -0.00674474239349 20004
609516278082 107 0.7230224609375 0.82707208395004 -0.0045086145401 30004
639883040844 107 -0.14266967773438 1.64297688007355 -0.0000011920929 40004
670249803607 107 -0.58340454101563 1.50599074363709 0.00403714179993 50004
700616566364 107 -5.106201171875 3.39296174049377 0.03299117088318 60004
730983329124 107 2.84210205078125 1.32639634609222 -0.01789665222168 70004
761350091885 107 0.068115234375 0.18307772278786 -0.00000095367432 80004
791716854645 107 -0.63189697265625 -1.88013958930969 0.00468397140503 90004
518248217464 108 -2.87068867683411 -0.07898374646902 0.01758879609406 4
548782752563 108 0.05128479003906 0.39105382561684 -0.00000047683716 10004
579149515323 108 1.3397216796875 1.38231527805328 -0.00786900520325 20004
609516278082 108 0.80499267578125 0.93592441082001 -0.00451135635376 30004
639883040844 108 -0.15780639648438 1.66820108890533 -0.00000143051147 40004
670249803607 108 -0.58377075195313 1.50599074363709 0.00404047966003 50004
700616566364 108 -5.30828857421875 3.19360613822937 0.0329909324646 60004
730983329124 108 3.02337646484375 1.47728586196899 -0.0190167427063 70004
761350091885 108 0.16680908203125 0.42208641767502 -0.00000286102295 80004
791716854645 108 -0.3646240234375 -1.94292056560516 0.00244045257568 90004
518248217464 109 -3.0304696559906 -0.42605385184288 0.01965134218335 4
548782752563 109 -0.00404357910156 0.57589256763458 -0.00000047683716 10004
579149515323 109 1.55172729492188 1.65384018421173 -0.00899231433868 20004
609516278082 109 0.88565063476563 0.98585629463196 -0.00563764572144 30004
639883040844 109 -0.20559692382813 1.81771051883698 0.00200152397156 40004
670249803607 109 -0.58419799804688 1.50599074363709 0.00404453277588 50004
700616566364 109 -5.63726806640625 3.06214785575867 0.03512954711914 60004
730983329124 109 3.23016357421875 1.700603723526 -0.02013301849365 70004
761350091885 109 0.38299560546875 0.63554590940475 -0.00225162506104 80004
791716854645 109 -0.044189453125 -1.91216719150543 0.00132179260254 90004
518248217464 110 -3.08690309524536 -0.68062591552734 0.019651344046 4
548782752563 110 -0.01016235351563 0.75565040111542 -0.00000047683716 10004
579149515323 110 1.66871643066406 1.81213796138763 -0.01011657714844 20004
609516278082 110 1.00335693359375 1.07720017433167 -0.00564026832581 30004
639883040844 110 -0.27761840820313 1.97212302684784 0.00200080871582 40004
670249803607 110 -0.58453369140625 1.50599074363709 0.00404763221741 50004
700616566364 110 -5.816650390625 2.94948935508728 0.03724813461304 60004
730983329124 110 3.42742919921875 1.84113538265228 -0.02125215530396 70004
761350091885 110 0.5770263671875 0.76889783143997 -0.00337886810303 80004
791716854645 110 0.135986328125 -1.9243631362915 0.00019407272339 90004
518248217464 111 -3.08553004264832 -0.9636390209198 0.0196513608098 4
548782752563 111 0.01939392089844 1.00209558010101 -0.00000107288361 10004
579149515323 111 1.75798034667969 1.9450079202652 -0.01124274730682 20004
609516278082 111 1.19671630859375 1.23647427558899 -0.00676667690277 30004
639883040844 111 -0.39651489257813 2.19099307060242 0.00199913978577 40004
670249803607 111 -0.58493041992188 1.50599074363709 0.00405120849609 50004
700616566364 111 -5.95074462890625 2.80711960792542 0.03724813461304 60004
730983329124 111 3.69482421875 1.97281515598297 -0.02349424362183 70004
761350091885 111 0.83013916015625 0.8926500082016 -0.0045018196106 80004
791716854645 111 0.2772216796875 -1.97458493709564 -0.00093364715576 90004
518248217464 112 -3.08404779434204 -1.34022867679596 0.0196513608098 4
548782752563 112 -0.01998901367188 1.14822459220886 -0.00000113248825 10004
579149515323 112 1.80194091796875 2.08113169670105 -0.01124536991119 20004
609516278082 112 1.28616333007813 1.40503096580505 -0.00789046287537 30004
639883040844 112 -0.42349243164063 2.50599241256714 0.0019953250885 40004
670249803607 112 -0.550048828125 1.53203999996185 0.00405883789063 50004
700616566364 112 -6.09912109375 2.55788922309875 0.03926682472229 60004
730983329124 112 3.94073486328125 1.98767566680908 -0.02461338043213 70004
761350091885 112 1.1019287109375 1.02770614624023 -0.00674915313721 80004
791716854645 112 0.52972412109375 -2.11264801025391 -0.00318479537964 90004
518248217464 113 -3.0759129524231 -1.69488430023193 0.01965135522187 4
548782752563 113 -0.04525756835938 1.26117694377899 -0.0000011920929 10004
579149515323 113 1.85423278808594 2.27942800521851 -0.01124823093414 20004
609516278082 113 1.33731079101563 1.63380479812622 -0.00789046287537 30004
639883040845 113 -0.03643798828125 0.14539636671543 0 40004
670249803607 113 -0.43588256835938 1.58781886100769 0.00294256210327 50004
700616566364 113 -6.20758056640625 2.28180623054504 0.03926181793213 60004
730983329124 113 4.19189453125 1.94673502445221 -0.02684926986694 70004
761350091885 113 1.355712890625 1.0982460975647 -0.00787401199341 80004
791716854645 113 0.767578125 -2.27045106887817 -0.00430536270142 90004
518248217464 114 -3.05866432189941 -2.07661533355713 0.01965137012303 4
548782752563 114 -0.0518798828125 1.36495268344879 -0.0000011920929 10004
579149515323 114 1.92964172363281 2.58393430709839 -0.01237428188324 20004
609516278082 114 1.36294555664063 1.97122740745544 -0.00789070129395 30004
639883040845 114 -0.1214599609375 0.48465445637703 -0.00000047683716 40004
670249803607 114 -0.21414184570313 1.68524098396301 0.00182747840881 50004
700616566364 114 -6.28814697265625 1.9369889497757 0.04129099845886 60004
730983329124 114 4.4969482421875 1.84526240825653 -0.02796649932861 70004
761350091885 114 1.6318359375 1.10511374473572 -0.01013088226318 80004
791716854645 114 1.0205078125 -2.47004842758179 -0.00655078887939 90004
518248217464 115 -2.93965101242065 -2.34001159667969 0.01965137943625 4
548782752563 115 -0.05683898925781 1.38539350032806 -0.0000011920929 10004
579149515323 115 1.92567443847656 2.71512746810913 -0.01237523555756 20004
609516278082 115 1.5057373046875 2.22531366348267 -0.00901365280151 30004
639883040845 115 -0.28359985351563 0.71257960796356 0.00204420089722 40004
670249803607 115 -0.17764282226563 1.70894086360931 0.00183439254761 50004
700616566364 115 -6.23577880859375 1.6122031211853 0.04016709327698 60004
730983329124 115 4.77581787109375 1.74376654624939 -0.03020524978638 70004
761350091885 115 1.913818359375 1.09340250492096 -0.01126623153687 80004
791716854645 115 1.15460205078125 -2.73786497116089 -0.00653409957886 90004
518248217464 116 -2.82338380813599 -2.66563415527344 0.01852831430733 4
548782752563 116 -0.04423522949219 1.47307240962982 -0.0000011920929 10004
579149515323 116 1.89064025878906 2.8510901927948 -0.01237618923187 20004
609516278083 116 0.00640869140625 0.06855177879333 -0.00000011920929 30004
639883040845 116 -0.39422607421875 0.93888652324677 0.00204157829285 40004
670249803607 116 -0.07040405273438 1.80534827709198 0.00071930885315 50004
700616566364 116 -6.1405029296875 1.27334189414978 0.04016709327698 60004
730983329124 116 5.06890869140625 1.6187995672226 -0.03244638442993 70004
761350091885 116 2.21673583984375 1.07157790660858 -0.01352548599243 80004
791716854645 116 1.295166015625 -3.00239372253418 -0.00763988494873 90004
518248217464 117 -2.7286229133606 -3.03418016433716 0.01852827705443 4
548782752563 117 -0.01692962646484 1.61980855464935 -0.00000131130219 10004
579149515323 117 1.81680297851563 2.99117136001587 -0.01237690448761 20004
609516278083 117 0.02847290039063 0.21319968998432 -0.00000059604645 30004
639883040845 117 -0.44168090820313 1.15586864948273 0.00203824043274 40004
670249803607 117 0.11062622070313 1.96679317951202 -0.00039768218994 50004
700616566364 117 -6.0096435546875 0.95783883333206 0.03904891014099 60004
730983329124 117 5.34490966796875 1.48338806629181 -0.03356504440308 70004
761350091885 117 2.5146484375 1.03162717819214 -0.0157732963562 80004
791716854645 117 1.42742919921875 -3.24850130081177 -0.00874900817871 90004
518248217464 118 -2.76098251342773 -3.4423086643219 0.01852825470269 4
548782752563 118 -0.0328369140625 1.68497908115387 -0.00000143051147 10004
579149515323 118 1.62570190429688 3.27403116226196 -0.01034867763519 20004
609516278083 118 0.180908203125 0.47326126694679 -0.00112509727478 30004
639883040845 118 -0.50469970703125 1.52521419525146 0.00405716896057 40004
670249803607 118 0.3839111328125 2.05833101272583 -0.00151824951172 50004
700616566364 118 -5.901611328125 0.79321110248566 0.03904819488525 60004
730983329124 118 5.497802734375 1.41100060939789 -0.03468132019043 70004
761350091885 118 2.79205322265625 0.86466938257217 -0.01689910888672 80004
791716854645 118 1.49517822265625 -3.58834791183472 -0.00873470306396 90004
518248217464 119 -2.78723978996277 -3.72656154632568 0.01852823793888 4
548782752563 119 -0.03707885742188 1.70235788822174 -0.00000143051147 10004
579149515324 119 -0.06907653808594 0.25989478826523 0 20004
609516278083 119 0.22622680664063 0.59342169761658 -0.00112497806549 30004
639883040845 119 -0.47665405273438 1.80222880840302 0.00405120849609 40004
670249803607 119 0.50759887695313 2.13106608390808 -0.0026388168335 50004
700616566364 119 -5.8277587890625 0.6551793217659 0.03792381286621 60004
730983329124 119 5.53802490234375 1.39169728755951 -0.03467798233032 70004
761350091885 119 3.0543212890625 0.76668554544449 -0.01915597915649 80004
791716854646 119 -0.0098876953125 0.13059285283089 -0.00000095367432 90004
518248217464 120 -2.81770539283752 -3.96184778213501 0.01852823235095 4
548782752563 120 -0.03707885742188 1.70235788822174 -0.00000143051147 10004
579149515324 120 -0.16119384765625 0.60639679431915 0 20004
609516278083 120 0.2293701171875 0.67623800039291 -0.00112366676331 30004
639883040845 120 -0.42123413085938 2.04538178443909 0.00292181968689 40004
670249803607 120 0.5697021484375 2.19012975692749 -0.00263690948486 50004
700616566364 120 -5.76434326171875 0.53329104185104 0.03792333602905 60004
730983329124 120 5.53814697265625 1.39128386974335 -0.03467559814453 70004
761350091885 120 3.30535888671875 0.70477867126465 -0.0202898979187 80004
791716854646 120 -0.0228271484375 0.29174029827118 -0.00000429153442 90004
518248217464 121 -2.9514946937561 -4.27511548995972 0.0185282099992 4
548782752563 121 -0.03707885742188 1.70235788822174 -0.00000143051147 10004
579149515324 121 -0.2763671875 1.03951787948608 0.00202822685242 20004
609516278083 121 0.19091796875 0.98695313930511 -0.00112271308899 30004
639883040845 121 -0.40475463867188 2.41976451873779 0.00291609764099 40004
670249803607 121 0.5697021484375 2.19012975692749 -0.00263690948486 50004
700616566364 121 -5.638916015625 0.4307028055191 0.03679990768433 60004
730983329124 121 5.550048828125 1.38508260250092 -0.03466987609863 70004
761350091885 121 3.626708984375 0.75630837678909 -0.02254390716553 80004
791716854646 121 -0.03564453125 0.31475007534027 -0.00000762939453 90004
518248217464 122 -2.97987294197083 -4.63149452209473 0.01852819137275 4
548782752563 122 -0.03700256347656 1.79782068729401 -0.00000149011612 10004
579149515324 122 -0.42767333984375 1.42839598655701 0.00202620029449 20004
609516278083 122 0.15045166015625 1.11786639690399 -0.00112152099609 30004
639883040846 122 -0.035400390625 0.1449771374464 -0.00000023841858 40004
670249803607 122 0.620361328125 2.20743179321289 -0.00375819206238 50004
700616566365 122 0.003662109375 0.00739311426878 -0.00000071525574 60004
730983329124 122 5.6661376953125 1.33367335796356 -0.03578805923462 70004
761350091885 122 3.9278564453125 0.74397677183151 -0.02478981018066 80004
791716854646 122 -0.0390625 0.32088601589203 -0.00000810623169 90004
518248217464 123 -2.9402072429657 -4.9691686630249 0.01852815784514 4
548782752563 123 -0.05388641357422 1.94084405899048 -0.00000154972076 10004
579149515324 123 -0.6021728515625 1.74904680252075 0.00408458709717 20004
609516278083 123 0.07757568359375 1.21174132823944 -0.00112020969391 30004
639883040846 123 -0.06338500976563 0.34984517097473 -0.00000023841858 40004
670249803607 123 0.72842407226563 2.23270606994629 -0.00375628471375 50004
700616566365 123 0.00732421875 0.01478623226285 -0.0000011920929 60004
730983329124 123 5.83636474609375 1.26218116283417 -0.0369119644165 70004
761350091885 123 4.20721435546875 0.70566016435623 -0.0270357131958 80004
791716854646 123 -0.0390625 0.32088601589203 -0.00000810623169 90004
518248217464 124 -2.77838039398193 -5.29328346252441 0.01852811314166 4
548782752563 124 -0.13861846923828 2.17863845825195 -0.0000017285347 10004
579149515324 124 -0.8720703125 1.98532903194427 0.00609505176544 20004
609516278083 124 -0.1356201171875 1.44083774089813 0.00089955329895 30004
639883040846 124 -0.02630615234375 0.64929950237274 -0.0000011920929 40004
670249803607 124 1.01535034179688 2.27256727218628 -0.0060019493103 50004
700616566365 124 0.00732421875 0.01478623226285 -0.0000011920929 60004
730983329124 124 6.12017822265625 1.15349805355072 -0.03916168212891 70004
761350091885 124 4.52752685546875 0.64444142580032 -0.02816247940063 80004
791716854646 124 -0.0390625 0.32088601589203 -0.00000810623169 90004
518248217464 125 -2.59875059127808 -5.6233811378479 0.01740500330925 4
548782752563 125 -0.20064544677734 2.2815055847168 0.00201642513275 10004
579149515324 125 -1.08338928222656 2.09724092483521 0.00735402107239 20004
609516278083 125 -0.29254150390625 1.66345870494843 0.00089657306671 30004
639883040846 125 0.042724609375 0.79151046276093 -0.00000214576721 40004
670249803608 125 0.019775390625 0.11303117126226 0.00000095367432 50004
700616566365 125 0.00732421875 0.01478623226285 -0.0000011920929 60004
730983329124 125 6.24884033203125 1.08562743663788 -0.03915405273438 70004
761350091885 125 4.82073974609375 0.56497436761856 -0.03041887283325 80004
791716854646 125 -0.04931640625 0.34067285060883 -0.00001096725464 90004
518248217464 126 -2.44259667396545 -5.85173606872559 0.01628195494413 4
548782752564 126 -0.00213623046875 0.01038727723062 -0.00000005960464 10004
579149515324 126 -1.30690002441406 2.20470190048218 0.00857782363892 20004
609516278083 126 -0.3963623046875 1.90680110454559 0.0029639005661 30004
639883040846 126 0.1396484375 0.91916453838348 -0.00000262260437 40004
670249803608 126 0.06298828125 0.23131850361824 0.00000333786011 50004
700616566365 126 0.007568359375 0.01525104418397 -0.0000011920929 60004
730983329124 126 6.34698486328125 0.99554145336151 -0.04027271270752 70004
761350091885 126 5.06341552734375 0.47505870461464 -0.03155326843262 80004
791716854646 126 -0.05615234375 0.35386407375336 -0.0000147819519 90004
518248217464 127 -2.25215816497803 -5.9908504486084 0.01515888702124 4
548782752564 127 -0.01014709472656 0.0493395626545 -0.00000017881393 10004
579149515324 127 -1.70706176757813 2.40667939186096 0.01142036914825 20004
609516278083 127 -0.46365356445313 2.33914828300476 0.00296330451965 30004
639883040846 127 0.3428955078125 1.14215803146362 -0.00112557411194 40004
670249803608 127 0.17559814453125 0.39231809973717 -0.00111675262451 50004
700616566365 127 0.00848388671875 0.01699408888817 -0.00000238418579 60004
730983329124 127 6.48797607421875 0.79116785526276 -0.04138708114624 70004
761350091885 127 5.34637451171875 0.31613647937775 -0.03380393981934 80004
791716854646 127 -0.05615234375 0.35386407375336 -0.00002193450928 90004
518248217464 128 -2.20027565956116 -6.07124614715576 0.01515884697437 4
548782752564 128 -0.13064575195313 0.21374993026257 -0.00000035762787 10004
579149515325 128 0.07260131835938 0.21933774650097 -0.00000047683716 20004
609516278084 128 0.0555419921875 0.38029143214226 -0.00000095367432 30004
639883040846 128 0.42230224609375 1.36819541454315 -0.00224947929382 40004
670249803608 128 0.38583374023438 0.62212383747101 -0.00223779678345 50004
700616566365 128 0.008544921875 0.01711029186845 -0.00000238418579 60004
730983329124 128 6.63385009765625 0.66666352748871 -0.04250240325928 70004
761350091885 128 5.5516357421875 0.29163679480553 -0.03492641448975 80004
791716854646 128 -0.05615234375 0.35386407375336 -0.00002861022949 90004
518248217464 129 -2.17760682106018 -6.13286638259888 0.01403577998281 4
548782752564 129 -0.199462890625 0.318942964077 0.00202119350433 10004
579149515325 129 0.09193420410156 0.50582146644592 -0.00000071525574 20004
609516278084 129 0.08331298828125 0.73694515228271 -0.00000178813934 30004
639883040846 129 0.45883178710938 1.57799243927002 -0.00225043296814 40004
670249803608 129 0.55160522460938 0.79704439640045 -0.00335884094238 50004
700616566365 129 0.008544921875 0.01711029186845 -0.00000238418579 60004
730983329124 129 6.72100830078125 0.60295838117599 -0.04249477386475 70004
761350091885 129 5.79791259765625 0.32405033707619 -0.03717279434204 80004
791716854646 129 -0.05615234375 0.35386407375336 -0.00003528594971 90004
518248217464 130 -2.17469000816345 -6.17618417739868 0.01403577346355 4
548782752564 130 -0.2073974609375 0.35249093174934 0.00202077627182 10004
579149515325 130 0.04966735839844 0.8420951962471 -0.00000071525574 20004
609516278084 130 0.07711791992188 1.02986431121826 -0.00000262260437 30004
639883040846 130 0.46548461914063 1.77601087093353 -0.00225114822388 40004
670249803608 130 0.6585693359375 0.90787041187286 -0.00335693359375 50004
700616566365 130 0.01239013671875 0.02075798436999 -0.00000286102295 60004
730983329124 130 6.748046875 0.59420168399811 -0.04248714447021 70004
761350091885 130 6.0789794921875 0.40436172485352 -0.03830671310425 80004
791716854646 130 -0.05377197265625 0.35632637143135 -0.00004243850708 90004
518248217464 131 -2.17469000816345 -6.17618417739868 0.01403575949371 4
548782752564 131 -0.2073974609375 0.35249093174934 0.00202077627182 10004
579149515325 131 -0.03387451171875 1.19564962387085 -0.00000107288361 20004
609516278084 131 0.043701171875 1.19266903400421 -0.00000321865082 30004
639883040846 131 0.5355224609375 2.06950902938843 -0.00337529182434 40004
670249803608 131 0.68603515625 0.98355966806412 -0.00335454940796 50004
700616566365 131 0.070068359375 0.07547337561846 -0.00000524520874 60004
730983329124 131 6.77276611328125 0.57430326938629 -0.04360151290894 70004
761350091885 131 6.212646484375 0.49751082062721 -0.0394401550293 80004
791716854646 131 -0.01806640625 0.39326083660126 -0.00004911422729 90004
518248217464 132 -2.17006897926331 -6.18243074417114 0.01403574645519 4
548782752564 132 -0.2073974609375 0.35249093174934 0.00202077627182 10004
579149515325 132 -0.01220703125 1.50164759159088 -0.00000131130219 20004
609516278084 132 0.00213623046875 1.33004200458527 -0.00000369548798 30004
639883040846 132 0.513916015625 2.34484958648682 -0.00337553024292 40004
670249803608 132 0.693359375 1.00374352931976 -0.00334882736206 50004
700616566365 132 0.1165771484375 0.1498544216156 -0.00000762939453 60004
730983329124 132 6.77935791015625 0.56899702548981 -0.0435938835144 70004
761350091885 132 6.248291015625 0.52235066890717 -0.03944778442383 80004
791716854646 132 -0.008544921875 0.40311002731323 -0.00005483627319 90004
518248217464 133 -2.15859723091125 -6.20983028411865 0.01403573621064 4
548782752564 133 -0.23451995849609 0.37070465087891 0.00202065706253 10004
579149515325 133 0.04483032226563 1.73871421813965 -0.00000154972076 20004
609516278084 133 -0.03472900390625 1.42944705486298 -0.00000441074371 30004
639883040847 133 -0.01657104492188 0.03548284620047 -0.00000023841858 40004
670249803608 133 0.69418334960938 1.00466012954712 -0.00446677207947 50004
700616566365 133 0.15008544921875 0.26733055710793 -0.00001049041748 60004
730983329124 133 6.77935791015625 0.56899702548981 -0.04358768463135 70004
761350091885 133 6.264404296875 0.52928632497787 -0.03945350646973 80004
791716854646 133 -0.008544921875 0.40311002731323 -0.00006103515625 90004
518248217464 134 -2.12434816360474 -6.315589427948 0.01403571572155 4
548782752564 134 -0.37003326416016 0.46172752976418 0.00202006101608 10004
579149515325 134 0.11029052734375 1.86549866199493 -0.00000274181366 20004
609516278084 134 -0.0557861328125 1.45668041706085 -0.00000476837158 30004
639883040847 134 -0.09942626953125 0.21289710700512 -0.00000047683716 40004
670249803608 134 0.69830322265625 1.0092431306839 -0.00446534156799 50004
700616566365 134 0.1619873046875 0.55575972795486 -0.00001382827759 60004
730983329124 134 6.77935791015625 0.56899702548981 -0.04358053207397 70004
761350091885 134 6.344970703125 0.56396460533142 -0.04058790206909 80004
791716854646 134 -0.008544921875 0.40311002731323 -0.00006818771362 90004
518248217464 135 -2.11978197097778 -6.32969045639038 0.01403570268303 4
548782752564 135 -0.38809967041016 0.4738629758358 0.00202006101608 10004
579149515325 135 0.14373779296875 1.98743283748627 -0.0000034570694 20004
609516278084 135 -0.05859375 1.46031153202057 -0.00000476837158 30004
639883040847 135 -0.135009765625 0.26884362101555 -0.00000071525574 40004
670249803608 135 0.77099609375 1.13294684886932 -0.00446271896362 50004
700616566365 135 0.09912109375 0.86693757772446 -0.00001573562622 60004
730983329124 135 6.80426025390625 0.47852656245232 -0.04357957839966 70004
761350091885 135 6.373291015625 0.58832943439484 -0.04059553146362 80004
791716854646 135 -0.008544921875 0.40311002731323 -0.00007486343384 90004
518248217464 136 -2.11566495895386 -6.38285398483276 0.01403569336981 4
548782752564 136 -0.39273834228516 0.51729118824005 0.00202000141144 10004
579149515325 136 0.1971435546875 2.13335466384888 -0.00112748146057 20004
609516278084 136 -0.05859375 1.46031153202057 -0.00000476837158 30004
639883040847 136 -0.1513671875 0.29037114977837 -0.00000095367432 40004
670249803608 136 0.88543701171875 1.2608550786972 -0.0055832862854 50004
700616566365 136 -0.005859375 1.12732005119324 -0.0000159740448 60004
730983329124 136 6.82257080078125 0.36100170016289 -0.04357385635376 70004
761350091885 136 6.385009765625 0.60149013996124 -0.04060125350952 80004
791716854646 136 -0.00634765625 0.41980254650116 -0.00007915496826 90004
518248217464 137 -2.1012544631958 -6.5689263343811 0.01403568033129 4
548782752564 137 -0.40897369384766 0.6692898273468 0.00201988220215 10004
579149515325 137 0.32638549804688 2.39901494979858 -0.00112819671631 20004
609516278084 137 -0.05859375 1.46031153202057 -0.00000476837158 30004
639883040847 137 -0.1513671875 0.29037114977837 -0.00000095367432 40004
670249803608 137 1.11758422851563 1.42131769657135 -0.00670194625854 50004
700616566365 137 -0.22265625 1.40231132507324 0.0020763874054 60004
730983329124 137 6.82855224609375 0.16076169908047 -0.04357051849365 70004
761350091885 137 6.385009765625 0.60149013996124 -0.04060125350952 80004
791716854646 137 0.0013427734375 0.47822636365891 -0.00008249282837 90004
518248217465 138 0.05151112005115 0.32799810171127 0.00000000011642 4
548782752564 138 -0.44690704345703 0.74998676776886 0.00201988220215 10004
579149515326 138 0.016845703125 0.24816764891148 -0.00000023841858 20004
609516278084 138 -0.20779418945313 1.5561558008194 0.00204002857208 30004
639883040847 138 -0.1513671875 0.29037114977837 -0.00000095367432 40004
670249803608 138 1.31771850585938 1.6626228094101 -0.00781536102295 50004
700616566365 138 -0.4381103515625 1.5347306728363 0.00206995010376 60004
730983329124 138 6.75323486328125 -0.04624221473932 -0.04356718063354 70004
761350091885 138 6.426025390625 0.64730513095856 -0.04061079025269 80004
791716854646 138 0.00244140625 0.48657262325287 -0.00008296966553 90004
518248217465 139 0.10221747308969 0.61127573251724 0.00000000052387 4
548782752564 139 -0.47068786621094 0.78929054737091 0.00201976299286 10004
579149515326 139 -0.01327514648438 0.5206356048584 -0.00000059604645 20004
609516278084 139 -0.39407348632813 1.63554680347443 0.00203955173492 30004
639883040847 139 -0.18426513671875 0.3342669904232 0.00200152397156 40004
670249803608 139 1.49649047851563 1.89372372627258 -0.00893044471741 50004
700616566365 139 -0.63555908203125 1.61788725852966 0.00415873527527 60004
730983329125 139 0.009765625 0.04746021702886 0.00000095367432 70004
761350091885 139 6.45458984375 0.68000704050064 -0.04061985015869 80004
791716854646 139 0.0103759765625 0.50239378213882 -0.00008487701416 90004
518248217465 140 0.15131412446499 0.80511432886124 0.00000000110595 4
548782752564 140 -0.47068786621094 0.78929054737091 0.00201976299286 10004
579149515326 140 -0.13713073730469 0.84163743257523 -0.00000059604645 20004
609516278084 140 -0.65399169921875 1.68203127384186 0.00414979457855 30004
639883040847 140 -0.28314208984375 0.46595451235771 0.00200057029724 40004
670249803608 140 1.699462890625 2.15026164054871 -0.01004576683044 50004
700616566365 140 -0.8580322265625 1.68108725547791 0.00618147850037 60004
730983329125 140 0.0390625 0.18984082341194 0.00000381469727 70004
761350091885 140 6.458251953125 0.68648278713226 -0.04063034057617 80004
791716854646 140 0.0341796875 0.54985725879669 -0.00009155273438 90004
518248217465 141 0.1640595048666 0.93491268157959 0.0000000015134 4
548782752564 141 -0.47068786621094 0.78929054737091 0.00201976299286 10004
579149515326 141 -0.12545776367188 1.01333916187286 -0.00000059604645 20004
609516278084 141 -0.69473266601563 1.67121481895447 0.00414931774139 30004
639883040847 141 -0.28359985351563 0.46595451235771 0.00199961662292 40004
670249803608 141 1.76675415039063 2.43334913253784 -0.01116538047791 50004
700616566365 141 -0.89556884765625 1.70432233810425 0.00618052482605 60004
730983329125 141 0.072021484375 0.38499292731285 0.00000667572021 70004
761350091885 141 6.46099853515625 0.71581542491913 -0.04064083099365 80004
791716854646 141 0.0946044921875 0.60613089799881 -0.00009822845459 90004
518248217465 142 0.15028505027294 1.03344070911407 0.00000000349246 4
548782752564 142 -0.47884368896484 0.79034519195557 0.00397950410843 10004
579149515326 142 -0.14697265625 1.13748800754547 -0.00000059604645 20004
609516278084 142 -0.85745239257813 1.67236757278442 0.00625133514404 30004
639883040847 142 -0.3447265625 0.5472195148468 0.00199913978577 40004
670249803608 142 1.8968505859375 2.70340490341187 -0.01116156578064 50004
700616566365 142 -0.95751953125 1.73354434967041 0.00617933273315 60004
730983329125 142 0.09124755859375 0.48684087395668 0.00000953674316 70004
761350091885 142 6.486083984375 0.79341155290604 -0.04065227508545 80004
791716854646 142 0.19384765625 0.76940888166428 -0.00122785568237 90004
518248217465 143 0.11425216495991 1.12499582767487 0.00000000389991 4
548782752564 143 -0.50042724609375 0.7972776889801 0.00397884845734 10004
579149515326 143 -0.17800903320313 1.21929311752319 0.00201642513275 20004
609516278084 143 -1.084228515625 1.65912902355194 0.00625216960907 30004
639883040847 143 -0.42385864257813 0.66996914148331 0.00199580192566 40004
670249803608 143 2.03955078125 2.93966317176819 -0.01228165626526 50004
700616566365 143 -1.03271484375 1.77643442153931 0.00617861747742 60004
730983329125 143 0.1016845703125 0.53228342533112 0.00001096725464 70004
761350091885 143 6.5157470703125 0.87641704082489 -0.04178333282471 80004
791716854646 143 0.331298828125 0.97667181491852 -0.0012354850769 90004
518248217465 144 0.01622330956161 1.29307961463928 0.00000000412547 4
548782752564 144 -0.58157348632813 0.83677017688751 0.00397837162018 10004
579149515326 144 -0.17800903320313 1.21929311752319 0.00201642513275 20004
609516278084 144 -1.39569091796875 1.52574980258942 0.00835514068604 30004
639883040847 144 -0.45803833007813 0.83394902944565 0.00199246406555 40004
670249803608 144 2.1173095703125 3.09031748771667 -0.01340174674988 50004
700616566365 144 -1.1361083984375 1.89291739463806 0.00821161270142 60004
730983329125 144 0.104248046875 0.53556036949158 0.0000114440918 70004
761350091885 144 6.5166015625 0.87722980976105 -0.04178905487061 80004
791716854646 144 0.6158447265625 1.19106256961823 -0.00348472595215 90004
518248217465 145 -0.01178228948265 1.34109878540039 0.00000000414002 4
548782752564 145 -0.70591735839844 0.90934264659882 0.00397801399231 10004
579149515326 145 -0.17800903320313 1.21929311752319 0.00201642513275 20004
609516278084 145 -1.61245727539063 1.37837898731232 0.01036095619202 30004
639883040847 145 -0.48651123046875 0.90615624189377 0.00399017333984 40004
670249803608 145 2.19537353515625 3.31930899620056 -0.0133969783783 50004
700616566365 145 -1.1656494140625 1.92619824409485 0.00821113586426 60004
730983329125 145 0.1092529296875 0.56010723114014 0.00001287460327 70004
761350091885 145 6.60107421875 0.94722628593445 -0.04179763793945 80004
791716854646 145 0.9459228515625 1.30506956577301 -0.0057258605957 90004
518248217465 146 -0.01299323793501 1.34313583374023 0.00000000414002 4
548782752564 146 -0.85109710693359 0.98751097917557 0.00581568479538 10004
579149515326 146 -0.17800903320313 1.21929311752319 0.00201642513275 20004
609516278084 146 -1.7738037109375 1.25969302654266 0.01035904884338 30004
639883040847 146 -0.51681518554688 0.96590584516525 0.00398659706116 40004
670249803608 146 2.24746704101563 3.55344390869141 -0.0133945941925 50004
700616566365 146 -1.1656494140625 1.92619824409485 0.00821113586426 60004
730983329125 146 0.10638427734375 0.62044262886047 0.00001382827759 70004
761350091885 146 6.734375 1.05984234809875 -0.04293012619019 80004
791716854646 146 1.25592041015625 1.40390563011169 -0.00795984268188 90004
518248217465 147 -0.01904734037817 1.35332071781158 0.00000000407454 4
548782752564 147 -1.07080841064453 1.07173311710358 0.0076510310173 10004
579149515326 147 -0.17800903320313 1.21929311752319 0.00201642513275 20004
609516278084 147 -1.94317626953125 1.21257555484772 0.01236593723297 30004
639883040847 147 -0.57540893554688 1.13787484169006 0.00398182868958 40004
670249803608 147 2.22869873046875 3.79438138008118 -0.01339030265808 50004
700616566365 147 -1.1656494140625 1.92619824409485 0.00821113586426 60004
730983329125 147 0.0706787109375 0.80406665802002 0.0000147819519 70004
761350091885 147 6.979736328125 1.27410078048706 -0.04406452178955 80004
791716854646 147 1.56170654296875 1.63432347774506 -0.00906944274902 90004
518248217465 148 -0.02171619795263 1.37323796749115 0.00000000403088 4
548782752564 148 -1.28329467773438 1.10816156864166 0.00765079259872 10004
579149515326 148 -0.17874145507813 1.22045755386353 0.00201570987701 20004
609516278084 148 -2.06500244140625 1.12518322467804 0.01236510276794 30004
639883040847 148 -0.74874877929688 1.33337664604187 0.00397825241089 40004
670249803608 148 2.1024169921875 4.04575204849243 -0.01338815689087 50004
700616566365 148 -1.1890869140625 1.93696570396423 0.00821042060852 60004
730983329125 148 0.057861328125 0.84420680999756 0.00001573562622 70004
761350091885 148 7.13330078125 1.35058355331421 -0.04520082473755 80004
791716854646 148 1.88116455078125 1.79046308994293 -0.01131010055542 90004
518248217465 149 -0.03829266875982 1.41140949726105 0.00000000395812 4
548782752564 149 -1.41521453857422 1.12782716751099 0.00950229167938 10004
579149515326 149 -0.21810913085938 1.24633312225342 0.0020147562027 20004
609516278084 149 -2.13088989257813 1.07110989093781 0.01440072059631 30004
639883040847 149 -0.88339233398438 1.5199134349823 0.00603055953979 40004
670249803608 149 1.97802734375 4.26880884170532 -0.01338624954224 50004
700616566365 149 -1.2073974609375 1.94431805610657 0.00820899009705 60004
730983329125 149 0.052490234375 0.85464477539063 0.00001668930054 70004
761350091885 149 7.27423095703125 1.44557952880859 -0.04633235931396 80004
791716854646 149 2.16778564453125 1.88757383823395 -0.01355028152466 90004
518248217465 150 -0.09579432010651 1.50814402103424 0.00000000366708 4
548782752564 150 -1.45195007324219 1.13854706287384 0.00950133800507 10004
579149515326 150 -0.36407470703125 1.34045541286469 0.00322461128235 20004
609516278084 150 -2.13043212890625 1.07110989093781 0.01439940929413 30004
639883040847 150 -0.9744873046875 1.78799486160278 0.00602912902832 40004
670249803608 150 1.82080078125 4.55715703964233 -0.01132225990295 50004
700616566365 150 -1.21746826171875 1.94497072696686 0.00820803642273 60004
730983329125 150 0.052490234375 0.85464477539063 0.00001668930054 70004
761350091885 150 7.49871826171875 1.68202698230743 -0.04746246337891 80004
791716854646 150 2.54681396484375 1.93819606304169 -0.01578855514526 90004
518248217465 151 -0.09962743520737 1.51459240913391 0.00000000285218 4
548782752564 151 -1.45439910888672 1.1392617225647 0.00950050354004 10004
579149515326 151 -0.42657470703125 1.35646092891693 0.00322389602661 20004
609516278084 151 -2.1300048828125 1.07110989093781 0.01439797878265 30004
639883040847 151 -0.9793701171875 1.897873878479 0.00602865219116 40004
670249803608 151 1.79644775390625 4.79577732086182 -0.01132035255432 50004
700616566365 151 -1.2752685546875 1.94877541065216 0.00820684432983 60004
730983329125 151 0.001708984375 0.95206952095032 0.00001811981201 70004
761350091886 151 0.06109619140625 0.15390445291996 0 80004
791716854646 151 2.88787841796875 1.84199821949005 -0.0180287361145 90004
518248217465 152 -0.09962743520737 1.51459240913391 0.00000000203727 4
548782752564 152 -1.46406555175781 1.16125321388245 0.00949966907501 10004
579149515326 152 -0.52986145019531 1.35079991817474 0.00322329998016 20004
609516278084 152 -2.12957763671875 1.07110989093781 0.01439654827118 30004
639883040847 152 -1.03277587890625 2.06796956062317 0.00602746009827 40004
670249803608 152 1.84771728515625 5.0634937286377 -0.01131749153137 50004
700616566365 152 -1.32183837890625 1.94469904899597 0.00820636749268 60004
730983329125 152 -0.0538330078125 1.06036055088043 0.00001955032349 70004
761350091886 152 0.09869384765625 0.24208925664425 -0.00000381469727 80004
791716854646 152 3.1728515625 1.70557570457459 -0.02027416229248 90004
518248217465 153 -0.09962743520737 1.51459240913391 0.00000000122236 4
548782752564 153 -1.49039459228516 1.21178460121155 0.00949895381927 10004
579149515326 153 -0.68719482421875 1.31854355335236 0.00442349910736 20004
609516278084 153 -2.13424682617188 1.0572372674942 0.01439523696899 30004
639883040848 153 -0.00286865234375 0.02418605424464 -0.00000023841858 40004
670249803608 153 1.96511840820313 5.34919738769531 -0.01243662834167 50004
700616566365 153 -1.3577880859375 1.92897880077362 0.00820636749268 60004
730983329125 153 -0.1092529296875 1.17771053314209 0.00002098083496 70004
761350091886 153 0.11859130859375 0.25796964764595 -0.00000476837158 80004
791716854646 153 3.40997314453125 1.54433643817902 -0.021399974823 90004
518248217465 154 -0.09962743520737 1.51459240913391 0.00000000034925 4
548782752564 154 -1.61599731445313 1.35712766647339 0.00949800014496 10004
579149515326 154 -0.96173095703125 1.13835787773132 0.00701820850372 20004
609516278084 154 -2.21023559570313 0.84914791584015 0.01439392566681 30004
639883040848 154 -0.0458984375 0.38697683811188 -0.00000143051147 40004
670249803608 154 2.08963012695313 5.46789407730103 -0.01243281364441 50004
700616566365 154 -1.45654296875 1.86314845085144 0.01023840904236 60004
730983329125 154 -0.155029296875 1.382652759552 0.00002241134644 70004
761350091886 154 0.2861328125 0.34816697239876 -0.0011305809021 80004
791716854646 154 3.7755126953125 1.43249905109406 -0.0236382484436 90004
518248217465 155 -0.13197672367096 1.54090237617493 -0.00000000023283 4
548782752564 155 -1.77674865722656 1.53478705883026 0.0115117430687 10004
579149515326 155 -1.15533447265625 0.89514726400375 0.00701570510864 20004
609516278084 155 -2.24484252929688 0.67115139961243 0.01439261436462 30004
639883040848 155 -0.18557739257813 0.69082689285278 0.00205492973328 40004
670249803608 155 2.18051147460938 5.54023504257202 -0.01355242729187 50004
700616566365 155 -1.5357666015625 1.83753514289856 0.01023364067078 60004
730983329125 155 -0.24041748046875 1.64194703102112 0.00207042694092 70004
761350091886 155 0.5462646484375 0.38457146286964 -0.00337648391724 80004
791716854646 155 3.999267578125 1.41108119487762 -0.02475309371948 90004
518248217465 156 -0.17189860343933 1.58285915851593 0.00200108671561 4
548782752564 156 -1.92683410644531 1.68545877933502 0.0115117430687 10004
579149515326 156 -1.28871154785156 0.69158905744553 0.00908160209656 20004
609516278084 156 -2.26837158203125 0.53132146596909 0.01439189910889 30004
639883040848 156 -0.32351684570313 0.92038917541504 0.00205397605896 40004
670249803608 156 2.2412109375 5.58266067504883 -0.01354908943176 50004
700616566365 156 -1.5985107421875 1.82304799556732 0.01023030281067 60004
730983329125 156 -0.328857421875 1.86256814002991 0.00207567214966 70004
761350091886 156 0.77557373046875 0.40113040804863 -0.0044994354248 80004
791716854646 156 4.143798828125 1.42954778671265 -0.02587080001831 90004
518248217465 157 -0.27820238471031 1.80199432373047 0.00200108648278 4
548782752564 157 -2.2464599609375 1.85049450397491 0.01541101932526 10004
579149515326 157 -1.46861267089844 0.57345807552338 0.01031816005707 20004
609516278084 157 -2.3973388671875 0.28878670930862 0.01439082622528 30004
639883040848 157 -0.45565795898438 1.234778881073 0.00205135345459 40004
670249803608 157 2.28350830078125 5.6069803237915 -0.01466941833496 50004
700616566365 157 -1.73358154296875 1.73304760456085 0.01022696495056 60004
730983329125 157 -0.5416259765625 2.086261510849 0.00413799285889 70004
761350091886 157 0.96954345703125 0.46002945303917 -0.00562524795532 80004
791716854646 157 4.39862060546875 1.5704038143158 -0.02811050415039 90004
518248217465 158 -0.36811792850494 2.04424929618835 0.00200108578429 4
548782752564 158 -2.505615234375 1.96170890331268 0.01541036367416 10004
579149515326 158 -1.58895874023438 0.51080495119095 0.01031816005707 20004
609516278084 158 -2.53094482421875 0.04790911450982 0.01644158363342 30004
639883040848 158 -0.49688720703125 1.49307894706726 0.00405764579773 40004
670249803608 158 2.29861450195313 5.61566591262817 -0.01466989517212 50004
700616566365 158 -1.8311767578125 1.6603696346283 0.01223278045654 60004
730983329125 158 -0.67767333984375 2.19399833679199 0.00414323806763 70004
761350091886 158 1.0721435546875 0.51097249984741 -0.00674915313721 80004
791716854646 158 4.53741455078125 1.63297474384308 -0.02811431884766 90004
518248217465 159 -0.48067811131477 2.39956617355347 0.0020010843873 4
548782752564 159 -2.81985473632813 2.07496571540833 0.01739096641541 10004
579149515326 159 -1.71015930175781 0.46646773815155 0.0115362405777 20004
609516278084 159 -2.7205810546875 -0.28631660342216 0.01644158363342 30004
639883040848 159 -0.484130859375 1.80945134162903 0.00405311584473 40004
670249803608 159 2.29861450195313 5.61566591262817 -0.01466989517212 50004
700616566365 159 -1.9375 1.57254385948181 0.01223373413086 60004
730983329125 159 -0.80780029296875 2.25433206558228 0.004150390625 70004
761350091886 159 1.14434814453125 0.57577252388 -0.00675678253174 80004
791716854646 159 4.63824462890625 1.6595493555069 -0.02924060821533 90004
518248217466 160 -0.04482804983854 0.34284445643425 -0.00000000008731 4
548782752564 160 -3.17662811279297 2.05353045463562 0.02140146493912 10004
579149515326 160 -1.94447326660156 0.29978069663048 0.01153552532196 20004
609516278084 160 -2.79031372070313 -0.69237947463989 0.01846373081207 30004
639883040848 160 -0.33837890625 2.11531615257263 0.0029239654541 40004
670249803608 160 2.40863037109375 5.7160382270813 -0.01466798782349 50004
700616566365 160 -2.18768310546875 1.38716101646423 0.01431274414063 60004
730983329125 160 -0.818603515625 2.25897312164307 0.00621509552002 70004
761350091886 160 1.197509765625 0.69205111265182 -0.00675868988037 80004
791716854646 160 4.812744140625 1.63065803050995 -0.03035974502563 90004
518248217466 161 -0.12663514912128 0.61815094947815 -0.00000000034925 4
548782752564 161 -3.47728729248047 2.078697681427 0.02333796024323 10004
579149515326 161 -2.1334228515625 0.12410492449999 0.0135760307312 20004
609516278084 161 -2.80047607421875 -1.0437046289444 0.0184633731842 30004
639883040848 161 -0.25656127929688 2.3814697265625 0.00179958343506 40004
670249803608 161 2.4677734375 5.77008485794067 -0.01578879356384 50004
700616566365 161 -2.37017822265625 1.24189758300781 0.01431441307068 60004
730983329126 161 0 -0 0 70004
761350091886 161 1.26251220703125 0.79502630233765 -0.00788450241089 80004
791716854646 161 5.0062255859375 1.53988265991211 -0.03147459030151 90004
518248217466 162 -0.28811511397362 0.87213975191116 0.00205531949177 4
548782752564 162 -3.81775665283203 2.19462847709656 0.02521753311157 10004
579149515326 162 -2.32296752929688 -0.1214864552021 0.01564145088196 20004
609516278084 162 -2.74578857421875 -1.45395934581757 0.01846265792847 30004
639883040848 162 -0.24459838867188 2.70224142074585 0.00179839134216 40004
670249803608 162 2.46734619140625 5.77008485794067 -0.01578664779663 50004
700616566365 162 -2.51629638671875 1.10447454452515 0.01634287834167 60004
730983329126 162 0 -0 0 70004
761350091886 162 1.37274169921875 0.91555976867676 -0.00788450241089 80004
791716854646 162 5.2967529296875 1.33235287666321 -0.03371095657349 90004
518248217466 163 -0.31933376193047 1.04082131385803 0.00205531762913 4
548782752564 163 -4.11100769042969 2.35374164581299 0.02713060379028 10004
579149515326 163 -2.56071472167969 -0.26597455143929 0.0169529914856 20004
609516278084 163 -2.84039306640625 -1.80077815055847 0.01846218109131 30004
639883040849 163 0.107666015625 0.24735634028912 -0.00000095367432 40004
670249803608 163 2.59951782226563 5.8062481880188 -0.0157835483551 50004
700616566365 163 -2.5780029296875 0.99201798439026 0.01634359359741 60004
730983329126 163 0 -0 0 70004
761350091886 163 1.380615234375 0.92416930198669 -0.00788450241089 80004
791716854647 163 -0.05126953125 0.32615199685097 -0.00000286102295 90004
518248217466 164 -0.33826518058777 1.17537271976471 0.00205531693064 4
548782752564 164 -4.36711120605469 2.46005868911743 0.02906876802444 10004
579149515326 164 -2.75375366210938 -0.40385934710503 0.018275141716 20004
609516278084 164 -2.94561767578125 -2.07865452766418 0.01846218109131 30004
639883040849 164 0.22988891601563 0.45699721574783 -0.0011248588562 40004
670249803608 164 2.68756103515625 5.83035707473755 -0.01690411567688 50004
700616566365 164 -2.6334228515625 0.89917457103729 0.01634478569031 60004
730983329126 164 0.00018310546875 0.007754876744 0.00000047683716 70004
761350091886 164 1.38262939453125 0.939004778862 -0.00788450241089 80004
791716854647 164 -0.0828857421875 0.58478039503098 -0.00000524520874 90004
518248217466 165 -0.36537396907806 1.33493554592133 0.00205531576648 4
548782752564 165 -4.72585296630859 2.48696208000183 0.03104889392853 10004
579149515326 165 -2.95724487304688 -0.65235036611557 0.01827359199524 20004
609516278084 165 -3.13021850585938 -2.38758683204651 0.02050757408142 30004
639883040849 165 0.46530151367188 0.6657686829567 -0.00224924087524 40004
670249803608 165 2.6871337890625 5.83035707473755 -0.01690196990967 50004
700616566365 165 -2.7325439453125 0.78523170948029 0.01835894584656 60004
730983329126 165 0.00103759765625 0.04394430294633 0.00000143051147 70004
761350091886 165 1.39202880859375 1.00823700428009 -0.00788640975952 80004
791716854647 165 -0.0709228515625 0.77701777219772 -0.00000810623169 90004
518248217466 166 -0.37131395936012 1.41018056869507 0.0020553143695 4
548782752564 166 -5.05868530273438 2.47029161453247 0.03302776813507 10004
579149515326 166 -3.11674499511719 -0.76130282878876 0.02034318447113 20004
609516278084 166 -3.23080444335938 -2.54627871513367 0.02050745487213 30004
639883040849 166 0.71139526367188 0.77870327234268 -0.00449657440186 40004
670249803608 166 2.68673706054688 5.83035707473755 -0.01690030097961 50004
700616566366 166 -0.0006103515625 0.01245529484004 -0.00000071525574 60004
730983329126 166 -0.0250244140625 0.15275467932224 0.00000286102295 70004
761350091886 166 1.39404296875 1.0230724811554 -0.00788640975952 80004
791716854647 166 -0.07080078125 0.88272696733475 -0.0000114440918 90004
518248217466 167 -0.36951237916946 1.46679973602295 0.00205531204119 4
548782752564 167 -5.36137390136719 2.42659640312195 0.03500580787659 10004
579149515326 167 -3.2615966796875 -0.85252511501312 0.02161133289337 20004
609516278084 167 -3.32162475585938 -2.6570303440094 0.02050757408142 30004
639883040849 167 0.926513671875 0.84599834680557 -0.00562524795532 40004
670249803608 167 2.70413208007813 5.83736848831177 -0.0168981552124 50004
700616566366 167 -0.012451171875 0.05231644958258 -0.00000166893005 60004
730983329126 167 -0.0523681640625 0.25569659471512 0.00000381469727 70004
761350091886 167 1.39404296875 1.0230724811554 -0.00788640975952 80004
791716854647 167 -0.0784912109375 0.9728609919548 -0.00001382827759 90004
518248217466 168 -0.35501909255981 1.58354377746582 0.00205531017855 4
548782752564 168 -5.71227264404297 2.26717019081116 0.03697848320007 10004
579149515326 168 -3.47944641113281 -1.11876797676086 0.02160954475403 20004
609516278084 168 -3.54501342773438 -2.79397678375244 0.02252519130707 30004
639883040849 168 1.06903076171875 0.83922755718231 -0.00675535202026 40004
670249803608 168 2.83688354492188 5.88995409011841 -0.01801753044128 50004
700616566366 168 -0.0966796875 0.25786036252975 -0.00000238418579 60004
730983329126 168 -0.06060791015625 0.26984480023384 0.00000524520874 70004
761350091886 168 1.39404296875 1.0230724811554 -0.00788640975952 80004
791716854647 168 -0.11785888671875 1.16500008106232 -0.00001621246338 90004
518248217466 169 -0.3467198908329 1.71208870410919 0.00205530785024 4
548782752564 169 -5.94952392578125 2.04011726379395 0.03904438018799 10004
579149515326 169 -3.63409423828125 -1.37275981903076 0.02363073825836 20004
609516278084 169 -3.61654663085938 -2.82443690299988 0.0225236415863 30004
639883040849 169 1.14602661132813 0.85101383924484 -0.00675964355469 40004
670249803609 169 -0.02960205078125 0.06335739046335 0.00000166893005 50004
700616566366 169 -0.1544189453125 0.38277596235275 -0.00000333786011 60004
730983329126 169 -0.145263671875 0.33101427555084 0.00000619888306 70004
761350091886 169 1.39404296875 1.0230724811554 -0.00788640975952 80004
791716854647 169 -0.133056640625 1.34844601154327 -0.00001955032349 90004
518248217466 170 -0.34984239935875 1.85801208019257 0.00205530715175 4
548782752565 170 0.00123596191406 0.02577949129045 -0.00000005960464 10004
579149515326 170 -3.75515747070313 -1.61827540397644 0.0236291885376 20004
609516278084 170 -3.64596557617188 -2.82773756980896 0.02252221107483 30004
639883040849 170 1.20193481445313 0.86383670568466 -0.00676035881042 40004
670249803609 170 -0.06756591796875 0.13586808741093 0.00000238418579 50004
700616566366 170 -0.229248046875 0.49815762042999 0.00201201438904 60004
730983329126 170 -0.23712158203125 0.39456295967102 0.00204229354858 70004
761350091886 170 1.40264892578125 1.04488372802734 -0.00901031494141 80004
791716854647 170 -0.1435546875 1.50338423252106 -0.00002193450928 90004
518248217466 171 -0.41376420855522 2.16346144676209 0.0020553052891 4
548782752565 171 0.01050567626953 0.21912564337254 -0.00000017881393 10004
579149515326 171 -3.83000183105469 -1.95415949821472 0.02362740039825 20004
609516278084 171 -3.66510009765625 -2.82946133613586 0.02452254295349 30004
639883040849 171 1.25961303710938 0.86145490407944 -0.00788426399231 40004
670249803609 171 -0.13027954101563 0.20451810956001 0.00000405311584 50004
700616566366 171 -0.48651123046875 0.73496896028519 0.00200533866882 60004
730983329126 171 -0.30029296875 0.43362933397293 0.00204992294312 70004
761350091886 171 1.46856689453125 1.20846807956696 -0.00902366638184 80004
791716854647 171 -0.1676025390625 1.57778513431549 0.00197982788086 90004
518248217466 172 -0.47951406240463 2.33100819587708 0.00205530389212 4
548782752565 172 -0.00492858886719 0.47176924347878 -0.00000029802322 10004
579149515326 172 -3.88523864746094 -2.14096236228943 0.02564072608948 20004
609516278085 172 0.00469970703125 0.13930678367615 -0.00000035762787 30004
639883040849 172 1.28292846679688 0.85579365491867 -0.00788545608521 40004
670249803609 172 -0.142822265625 0.21824811398983 0.00000405311584 50004
700616566366 172 -0.57708740234375 0.87708854675293 0.004075050354 60004
730983329126 172 -0.37872314453125 0.47969132661819 0.00205707550049 70004
761350091886 172 1.4931640625 1.25959432125092 -0.00903177261353 80004
791716854647 172 -0.2041015625 1.71087658405304 0.00198125839233 90004
518248217467 173 -0.00024505110923 0.00107191223651 -0.00000000000023 4
548782752565 173 0.01019287109375 0.72565251588821 -0.00000035762787 10004
579149515326 173 -3.94998168945313 -2.29813051223755 0.02563917636871 20004
609516278085 173 0.01220703125 0.27012783288956 -0.00000071525574 30004
639883040849 173 1.30853271484375 0.83990162611008 -0.00788617134094 40004
670249803609 173 -0.142822265625 0.21824811398983 0.00000405311584 50004
700616566366 173 -0.64508056640625 0.98781728744507 0.00407457351685 60004
730983329126 173 -0.46014404296875 0.51353204250336 0.00206327438354 70004
761350091886 173 1.5230712890625 1.31348729133606 -0.00904035568237 80004
791716854647 173 -0.25262451171875 1.83480703830719 0.00198364257813 90004
518248217467 174 -0.00116397498641 0.00509150512516 -0.00000000000182 4
548782752565 174 0.11994171142578 1.02118527889252 -0.00000095367432 10004
579149515326 174 -4.06967163085938 -2.52045130729675 0.02563726902008 20004
609516278085 174 0.02593994140625 0.33328804373741 -0.0000011920929 30004
639883040849 174 1.36758422851563 0.79621469974518 -0.00788736343384 40004
670249803609 174 -0.142822265625 0.21824811398983 0.00000405311584 50004
700616566366 174 -0.78057861328125 1.11231660842896 0.00407457351685 60004
730983329126 174 -0.5635986328125 0.52308070659637 0.00408887863159 70004
761350091886 174 1.59954833984375 1.45910263061523 -0.01017713546753 80004
791716854647 174 -0.3377685546875 1.93685257434845 0.00198602676392 90004
518248217467 175 -0.00122523563914 0.00535947363824 -0.00000000000182 4
548782752565 175 0.10047912597656 1.37241172790527 -0.00000125169754 10004
579149515326 175 -4.16372680664063 -2.82078289985657 0.02767312526703 20004
609516278085 175 0.12088012695313 0.47652804851532 -0.00000262260437 30004
639883040849 175 1.37112426757813 0.79330223798752 -0.00788831710815 40004
670249803609 175 -0.142822265625 0.21824811398983 0.00000405311584 50004
700616566366 175 -0.78961181640625 1.12061655521393 0.00407457351685 60004
730983329126 175 -0.64349365234375 0.49778741598129 0.00409555435181 70004
761350091886 175 1.794677734375 1.69364535808563 -0.01131343841553 80004
791716854647 175 -0.34423828125 1.94365561008453 0.00198888778687 90004
518248217467 176 0.00387024204247 0.02348180115223 0.00000000000364 4
548782752565 176 0.13375854492188 1.67939758300781 -0.00000208616257 10004
579149515326 176 -4.30181884765625 -3.07718849182129 0.02767217159271 20004
609516278085 176 0.19915771484375 0.62278217077255 -0.0011260509491 30004
639883040849 176 1.42544555664063 0.77816385030746 -0.00901293754578 40004
670249803609 176 -0.142822265625 0.21824811398983 0.00000405311584 50004
700616566366 176 -0.83575439453125 1.13541162014008 0.00607705116272 60004
730983329126 176 -0.68316650390625 0.4838253557682 0.00410175323486 70004
761350091886 176 1.99200439453125 1.91792678833008 -0.01244878768921 80004
791716854647 176 -0.34503173828125 1.94365561008453 0.0019907951355 90004
518248217467 177 0.01575933210552 0.06576596945524 0.00000000001455 4
548782752565 177 0.24524688720703 1.97918581962585 -0.00112688541412 10004
579149515326 177 -4.51585388183594 -3.31661796569824 0.02973055839539 20004
609516278085 177 0.263671875 0.78936392068863 -0.00112295150757 30004
639883040849 177 1.55319213867188 0.74284094572067 -0.00901961326599 40004
670249803609 177 -0.142822265625 0.21824811398983 0.00000405311584 50004
700616566366 177 -0.94342041015625 1.16993343830109 0.00607562065125 60004
730983329126 177 -0.68402099609375 0.4838253557682 0.00410842895508 70004
761350091886 177 2.21417236328125 2.15876388549805 -0.01358509063721 80004
791716854647 177 -0.34588623046875 1.94365561008453 0.00199365615845 90004
518248217467 178 0.01575933210552 0.06576596945524 -0.00000000008731 4
548782752565 178 0.22303009033203 2.25504326820374 -0.0011277794838 10004
579149515326 178 -4.65721130371094 -3.39322519302368 0.03093659877777 20004
609516278085 178 0.52301025390625 1.06790494918823 -0.00336706638336 30004
639883040849 178 1.55319213867188 0.74284094572067 -0.0090229511261 40004
670249803609 178 -0.16720581054688 0.23991979658604 0.00200843811035 50004
700616566366 178 -0.99298095703125 1.16360485553741 0.00607490539551 60004
730983329126 178 -0.68487548828125 0.4838253557682 0.00411510467529 70004
761350091886 178 2.41949462890625 2.40593576431274 -0.01471138000488 80004
791716854647 178 -0.34674072265625 1.94365561008453 0.00199556350708 90004
518248217467 179 0.01575933210552 0.06576596945524 -0.0000000001819 4
548782752566 179 -0.04795837402344 0.16040402650833 0 10004
579149515326 179 -4.81782531738281 -3.55148696899414 0.03093421459198 20004
609516278085 179 0.7537841796875 1.23566031455994 -0.00448930263519 30004
639883040849 179 1.55319213867188 0.74284094572067 -0.00902605056763 40004
670249803609 179 -0.26284790039063 0.32788082957268 0.00201201438904 50004
700616566366 179 -1.01422119140625 1.16089260578156 0.0060727596283 60004
730983329126 179 -0.6942138671875 0.45368468761444 0.00412178039551 70004
761350091886 179 2.550537109375 2.57747888565063 -0.01583576202393 80004
791716854647 179 -0.33856201171875 2.02492094039917 0.00200033187866 90004
518248217467 180 0.01575933210552 0.06576596945524 -0.00000000027649 4
548782752566 180 -0.13697052001953 0.45829299092293 -0.00000029802322 10004
579149515326 180 -5.00401306152344 -3.78435468673706 0.03298556804657 20004
609516278085 180 0.9759521484375 1.32551002502441 -0.00561559200287 30004
639883040849 180 1.55319213867188 0.74284094572067 -0.00902915000916 40004
670249803609 180 -0.42074584960938 0.47398811578751 0.00201559066772 50004
700616566366 180 -1.01422119140625 1.16089260578156 0.00606966018677 60004
730983329126 180 -0.71087646484375 0.39770916104317 0.00412797927856 70004
761350091886 180 2.63067626953125 2.69933032989502 -0.01583766937256 80004
791716854647 180 -0.32269287109375 2.17584204673767 0.00200366973877 90004
518248217467 181 -0.02124682441354 0.20856650173664 -0.00000000030559 4
548782752566 181 -0.09648895263672 0.73243129253387 -0.00000143051147 10004
579149515326 181 -5.15525817871094 -4.0475287437439 0.03298449516296 20004
609516278085 181 1.0321044921875 1.32471895217896 -0.00561904907227 30004
639883040849 181 1.55319213867188 0.74284094572067 -0.00903248786926 40004
670249803609 181 -0.77725219726563 0.65067195892334 0.00414657592773 50004
700616566366 181 -1.01422119140625 1.16089260578156 0.00606632232666 60004
730983329126 181 -0.71173095703125 0.39770916104317 0.00413513183594 70004
761350091886 181 2.63067626953125 2.70050191879272 -0.01583766937256 80004
791716854647 181 -0.15093994140625 2.45610213279724 0.00200843811035 90004
518248217467 182 -0.04123260825872 0.27905476093292 -0.00000000037835 4
548782752566 182 -0.08873748779297 0.99310982227325 -0.00000143051147 10004
579149515327 182 0.02435302734375 0.08592228591442 -0.00000023841858 20004
609516278085 182 1.05630493164063 1.32437992095947 -0.00674438476563 30004
639883040849 182 1.55319213867188 0.74284094572067 -0.00903534889221 40004
670249803609 182 -1.00411987304688 0.76847529411316 0.00627660751343 50004
700616566366 182 -1.01422119140625 1.16089260578156 0.00606346130371 60004
730983329126 182 -0.71246337890625 0.39770916104317 0.00414133071899 70004
761350091886 182 2.62994384765625 2.70100402832031 -0.01583862304688 80004
791716854648 182 -0.00146484375 0.14880241453648 -0.00000143051147 90004
518248217467 183 -0.05086025223136 0.30072909593582 -0.00000000049477 4
548782752566 183 -0.11085510253906 1.32722795009613 -0.00000202655792 10004
579149515327 183 0.0811767578125 0.28640753030777 -0.00000095367432 20004
609516278085 183 1.05630493164063 1.32437992095947 -0.00674605369568 30004
639883040849 183 1.55319213867188 0.74284094572067 -0.00903868675232 40004
670249803609 183 -1.17715454101563 0.86666595935822 0.00828528404236 50004
700616566366 183 -1.01422119140625 1.16089260578156 0.0060601234436 60004
730983329126 183 -0.71331787109375 0.39770916104317 0.00414848327637 70004
761350091886 183 2.62823486328125 2.70100402832031 -0.01584053039551 80004
791716854648 183 -0.0048828125 0.49600794911385 -0.00000476837158 90004
518248217467 184 -0.05086025223136 0.30072909593582 -0.00000000093132 4
548782752566 184 -0.07399749755859 1.6841334104538 -0.00000256299973 10004
579149515327 184 0.0701904296875 0.35499027371407 -0.0000011920929 20004
609516278085 184 1.25222778320313 1.23322772979736 -0.00787246227264 30004
639883040849 184 1.68319702148438 0.74043053388596 -0.0101683139801 40004
670249803609 184 -1.22476196289063 0.88313561677933 0.00828576087952 50004
700616566366 184 -1.01422119140625 1.16089260578156 0.00605654716492 60004
730983329126 184 -0.686767578125 0.32406330108643 0.00416278839111 70004
761350091886 184 2.62640380859375 2.70100402832031 -0.0158429145813 80004
791716854648 184 0.14984130859375 0.83501505851746 -0.00001239776611 90004
518248217467 185 -0.05086025223136 0.30072909593582 -0.00000000136788 4
548782752566 185 -0.08502197265625 1.92039549350739 -0.00000256299973 10004
579149515327 185 0.00564575195313 0.46881681680679 -0.00000154972076 20004
609516278085 185 1.37673950195313 1.2029116153717 -0.00787246227264 30004
639883040849 185 1.72653198242188 0.73962706327438 -0.01017308235168 40004
670249803609 185 -1.24063110351563 0.88862550258636 0.0082859992981 50004
700616566366 185 -1.01422119140625 1.16089260578156 0.00605297088623 60004
730983329126 185 -0.67852783203125 0.29951468110085 0.00417280197144 70004
761350091886 185 2.62457275390625 2.70100402832031 -0.01584529876709 80004
791716854648 185 0.2471923828125 1.06354701519012 -0.00114107131958 90004
518248217467 186 -0.05880970135331 0.32024276256561 -0.00000000171713 4
548782752566 186 -0.11505126953125 2.08503460884094 -0.00000309944153 10004
579149515327 186 -0.075927734375 0.57227045297623 0.00136399269104 20004
609516278085 186 1.47576904296875 1.20726323127747 -0.00899541378021 30004
639883040849 186 1.72653198242188 0.73962706327438 -0.01017594337463 40004
670249803609 186 -1.24063110351563 0.88862550258636 0.0082859992981 50004
700616566366 186 -1.01422119140625 1.16089260578156 0.00605010986328 60004
730983329126 186 -0.67926025390625 0.29951468110085 0.00417852401733 70004
761350091886 186 2.62310791015625 2.70100402832031 -0.01584720611572 80004
791716854648 186 0.309814453125 1.2054249048233 -0.00114583969116 90004
518248217467 187 -0.11445323377848 0.45683217048645 -0.00000000192085 4
548782752566 187 -0.16279602050781 2.41643929481506 -0.00000375509262 10004
579149515327 187 -0.220703125 0.65988343954086 0.00136280059814 20004
609516278085 187 1.75433349609375 1.23724889755249 -0.01124155521393 30004
639883040849 187 1.72653198242188 0.73962706327438 -0.01017928123474 40004
670249803609 187 -1.24063110351563 0.88862550258636 0.0082859992981 50004
700616566366 187 -1.01422119140625 1.16089260578156 0.00604677200317 60004
730983329126 187 -0.68011474609375 0.29951468110085 0.00418519973755 70004
761350091886 187 2.62139892578125 2.70100402832031 -0.01584959030151 80004
791716854648 187 0.427734375 1.38986504077911 -0.00227451324463 90004
518248217467 188 -0.18247252702713 0.62530612945557 0.00200609653257 4
548782752567 188 0.00006866455078 0.12329740822315 -0.00000005960464 10004
579149515327 188 -0.34109497070313 0.73440730571747 0.00256192684174 20004
609516278085 188 2.09100341796875 1.21172213554382 -0.01251113414764 30004
639883040849 188 1.72653198242188 0.73962706327438 -0.01018238067627 40004
670249803609 188 -1.25518798828125 0.89169824123383 0.00828623771667 50004
700616566366 188 -1.01422119140625 1.16089260578156 0.00604367256165 60004
730983329126 188 -0.6072998046875 0.24673683941364 0.00419569015503 70004
761350091886 188 2.642333984375 2.75004982948303 -0.01697492599487 80004
791716854648 188 0.47845458984375 1.47070395946503 -0.00228118896484 90004
518248217467 189 -0.24734714627266 0.78838330507278 0.00200609490275 4
548782752567 189 -0.00121307373047 0.29728803038597 -0.00000011920929 10004
579149515327 189 -0.452880859375 0.80695694684982 0.00376188755035 20004
609516278085 189 2.43344116210938 1.1623866558075 -0.01490545272827 30004
639883040849 189 1.72653198242188 0.73962706327438 -0.01018524169922 40004
670249803609 189 -1.27297973632813 0.89545381069183 0.00828647613525 50004
700616566366 189 -1.015869140625 1.15776610374451 0.00604104995728 60004
730983329126 189 -0.49871826171875 0.17657861113548 0.00420713424683 70004
761350091886 189 2.6708984375 2.81226205825806 -0.01697587966919 80004
791716854648 189 0.5003662109375 1.5077977180481 -0.00227928161621 90004
518248217467 190 -0.26337260007858 0.85608893632889 0.00200609420426 4
548782752567 190 -0.02033233642578 0.6234011054039 -0.00000017881393 10004
579149515327 190 -0.66436767578125 0.97577375173569 0.0037614107132 20004
609516278085 190 2.82275390625 1.05507779121399 -0.01715350151062 30004
639883040849 190 1.72653198242188 0.73962706327438 -0.01018857955933 40004
670249803609 190 -1.27297973632813 0.89545381069183 0.00828647613525 50004
700616566366 190 -1.0389404296875 1.11399507522583 0.00604057312012 60004
730983329126 190 -0.22869873046875 0.09745296835899 0.00197458267212 70004
761350091886 190 2.7042236328125 2.84400510787964 -0.01697731018066 80004
791716854648 190 0.5311279296875 1.54557394981384 -0.0033974647522 90004
518248217467 191 -0.26541632413864 0.90309995412827 0.0020060937386 4
548782752567 191 -0.09362030029297 0.86306071281433 -0.00000029802322 10004
579149515327 191 -0.78773498535156 1.09507811069489 0.00581049919128 20004
609516278085 191 3.1011962890625 0.99063563346863 -0.0194011926651 30004
639883040849 191 1.72653198242188 0.73962706327438 -0.0101912021637 40004
670249803609 191 -1.30062866210938 0.90132927894592 0.00828647613525 50004
700616566366 191 -1.04718017578125 1.09836256504059 0.00604057312012 60004
730983329126 191 -0.0721435546875 0.07844103872776 0.00085639953613 70004
761350091886 191 2.80181884765625 2.88235855102539 -0.0169792175293 80004
791716854648 191 0.541748046875 1.55906546115875 -0.00339508056641 90004
518248217467 192 -0.25683066248894 0.95637172460556 0.00200609280728 4
548782752567 192 -0.24864196777344 1.15051519870758 0.00204420089722 10004
579149515327 192 -0.89945983886719 1.23287665843964 0.00581121444702 20004
609516278085 192 3.42633056640625 0.92969465255737 -0.02164578437805 30004
639883040849 192 1.72653198242188 0.73962706327438 -0.0101945400238 40004
670249803609 192 -1.36514282226563 0.91503870487213 0.00828766822815 50004
700616566366 192 -1.04718017578125 1.09836256504059 0.00604057312012 60004
730983329126 192 0.0679931640625 0.10001790523529 -0.00026369094849 70004
761350091886 192 3.00341796875 2.94539737701416 -0.01923799514771 80004
791716854648 192 0.5408935546875 1.55906546115875 -0.0033917427063 90004
518248217467 193 -0.2337064743042 1.01289808750153 0.00200609117746 4
548782752567 193 -0.491943359375 1.33152377605438 0.00204396247864 10004
579149515327 193 -1.0582275390625 1.44899618625641 0.00581121444702 20004
609516278085 193 3.52352905273438 0.86004322767258 -0.02164483070374 30004
639883040849 193 1.86895751953125 0.77176207304001 -0.01131868362427 40004
670249803609 193 -1.57522583007813 1.04298257827759 0.01035976409912 50004
700616566366 193 -1.17889404296875 0.97209441661835 0.00807738304138 60004
730983329126 193 0.142578125 0.09687739610672 -0.00026273727417 70004
761350091886 193 3.15972900390625 2.92450404167175 -0.01925039291382 80004
791716854648 193 0.64404296875 1.68216288089752 -0.00338745117188 90004
518248217467 194 -0.22125573456287 1.04333353042603 0.00200608978048 4
548782752567 194 -0.74981689453125 1.45657241344452 0.00411081314087 10004
579149515327 194 -1.28852844238281 1.64466381072998 0.00912404060364 20004
609516278085 194 3.64627075195313 0.70998454093933 -0.02277147769928 30004
639883040849 194 2.00521850585938 0.79234856367111 -0.01244163513184 40004
670249803609 194 -1.88766479492188 1.22143232822418 0.01245880126953 50004
700616566366 194 -1.31719970703125 0.86179506778717 0.00807619094849 60004
730983329126 194 0.2999267578125 0.14389157295227 -0.00138378143311 70004
761350091886 194 3.384521484375 2.95720863342285 -0.0215106010437 80004
791716854648 194 0.7879638671875 1.92590391635895 -0.00450658798218 90004
518248217467 195 -0.20786483585835 1.07197606563568 0.00200608931482 4
548782752567 195 -1.00831604003906 1.48249459266663 0.00597542524338 10004
579149515327 195 -1.54244995117188 1.81344985961914 0.01040625572205 20004
609516278085 195 3.76235961914063 0.52475082874298 -0.02389907836914 30004
639883040849 195 2.09457397460938 0.79727309942245 -0.01244163513184 40004
670249803609 195 -2.2537841796875 1.43792343139648 0.01454448699951 50004
700616566366 195 -1.44317626953125 0.79136884212494 0.01007604598999 60004
730983329126 195 0.53594970703125 0.22474113106728 -0.00250387191772 70004
761350091887 195 -0.01153564453125 0.0716285854578 0 80004
791716854648 195 0.97857666015625 2.23824596405029 -0.00562381744385 90004
518248217467 196 -0.13645103573799 1.22472727298737 0.00088303961093 4
548782752567 196 -1.37235260009766 1.40018033981323 0.00978153944016 10004
579149515327 196 -1.73805236816406 2.07948112487793 0.01040613651276 20004
609516278085 196 3.822998046875 0.43726992607117 -0.02390360832214 30004
639883040849 196 2.09457397460938 0.79727309942245 -0.01244163513184 40004
670249803609 196 -2.61331176757813 1.71608543395996 0.01661777496338 50004
700616566366 196 -1.57598876953125 0.75423276424408 0.01007103919983 60004
730983329126 196 0.85723876953125 0.26629701256752 -0.00474786758423 70004
761350091887 196 -0.07305908203125 0.45364764332771 -0.00000095367432 80004
791716854648 196 1.28814697265625 2.48440837860107 -0.00785255432129 90004
518248217467 197 -0.02551979199052 1.34134542942047 0.00088303873781 4
548782752567 197 -1.67587280273438 1.45603835582733 0.01173609495163 10004
579149515327 197 -1.93844604492188 2.28724217414856 0.01249325275421 20004
609516278085 197 3.84902954101563 0.41921243071556 -0.02390801906586 30004
639883040849 197 2.22500610351563 0.8641032576561 -0.01356887817383 40004
670249803609 197 -2.9384765625 1.94485557079315 0.01866769790649 50004
700616566366 197 -1.8172607421875 0.75239527225494 0.01206874847412 60004
730983329126 197 1.130615234375 0.22081211209297 -0.00698804855347 70004
761350091887 197 -0.0546875 0.63312125205994 -0.00000190734863 80004
791716854649 197 0.0333251953125 0.24743001163006 -0.00000476837158 90004
518248217467 198 0.12745696306229 1.4341094493866 -0.00024000770645 4
548782752567 198 -1.98066711425781 1.47017502784729 0.01369911432266 10004
579149515327 198 -2.17506408691406 2.4405996799469 0.01420426368713 20004
609516278085 198 3.86248779296875 0.41199514269829 -0.02391254901886 30004
639883040849 198 2.43914794921875 0.9640417098999 -0.01469731330872 40004
670249803609 198 -3.20126342773438 2.23073506355286 0.02076864242554 50004
700616566366 198 -2.09368896484375 0.68276500701904 0.01414895057678 60004
730983329126 198 1.4036865234375 0.16049854457378 -0.00810384750366 70004
761350091887 198 -0.042724609375 0.71690446138382 -0.00000381469727 80004
791716854649 198 0.070068359375 0.52398467063904 -0.0000114440918 90004
518248217467 199 0.30889484286308 1.50064074993134 -0.00136305415072 4
548782752567 199 -2.28862762451172 1.4413183927536 0.01568233966827 10004
579149515327 199 -2.4437255859375 2.54563331604004 0.01557219028473 20004
609516278085 199 3.87820434570313 0.40565079450607 -0.02391707897186 30004
639883040849 199 2.72341918945313 1.09676718711853 -0.01694631576538 40004
670249803609 199 -3.39703369140625 2.57666945457459 0.02077198028564 50004
700616566366 199 -2.39007568359375 0.55146080255508 0.01623034477234 60004
730983329126 199 1.67230224609375 0.09075435996056 -0.01034879684448 70004
761350091887 199 -0.04290771484375 0.72520667314529 -0.00000381469727 80004
791716854649 199 0.1083984375 0.81034976243973 -0.00001811981201 90004
518248217467 200 0.36586079001427 1.52025985717773 -0.00136305461638 4
548782752567 200 -2.62722015380859 1.52982139587402 0.0175724029541 10004
579149515327 200 -2.70216369628906 2.71560263633728 0.01823365688324 20004
609516278085 200 4.0714111328125 0.32268962264061 -0.02616405487061 30004
639883040849 200 2.98666381835938 1.30609393119812 -0.0191924571991 40004
670249803609 200 -3.55438232421875 2.9726779460907 0.02282333374023 50004
700616566366 200 -2.634521484375 0.52885067462921 0.01623177528381 60004
730983329126 200 1.88592529296875 0.00352199422196 -0.0114688873291 70004
761350091887 200 -0.045654296875 0.84973984956741 -0.00000476837158 80004
791716854649 200 0.15966796875 1.11325335502625 -0.00002479553223 90004
518248217467 201 0.50579625368118 1.56553041934967 -0.00248609902337 4
548782752567 201 -2.90811157226563 1.64146053791046 0.01953566074371 10004
579149515327 201 -2.85380554199219 2.80309653282166 0.01823210716248 20004
609516278085 201 4.18280029296875 0.29736515879631 -0.02616477012634 30004
639883040849 201 3.246337890625 1.43350255489349 -0.02032113075256 40004
670249803609 201 -3.73565673828125 3.29260587692261 0.02490210533142 50004
700616566366 201 -2.8875732421875 0.41315919160843 0.01833009719849 60004
730983329126 201 2.0367431640625 -0.02692386321723 -0.01258563995361 70004
761350091887 201 -0.0595703125 0.97352206707001 -0.00000524520874 80004
791716854649 201 0.15301513671875 1.26701056957245 -0.00003147125244 90004
518248217467 202 0.66589170694351 1.61698770523071 -0.00360914436169 4
548782752567 202 -3.18462371826172 1.76593935489655 0.02145314216614 10004
579149515327 202 -2.97914123535156 2.87735676765442 0.01944017410278 20004
609516278085 202 4.259521484375 0.29427346587181 -0.02728831768036 30004
639883040849 202 3.52206420898438 1.52762055397034 -0.02256917953491 40004
670249803609 202 -3.92935180664063 3.60238718986511 0.02490425109863 50004
700616566366 202 -3.1298828125 0.26333320140839 0.02034616470337 60004
730983329126 202 2.16680908203125 -0.04085056856275 -0.01370859146118 70004
761350091887 202 -0.080322265625 1.09123337268829 -0.0000057220459 80004
791716854649 202 0.1171875 1.39567017555237 -0.00003480911255 90004
518248217467 203 0.71928316354752 1.6346275806427 -0.00360914040357 4
548782752567 203 -3.48910522460938 1.88406097888947 0.02341389656067 10004
579149515327 203 -3.14799499511719 3.03634142875671 0.01944017410278 20004
609516278085 203 4.2843017578125 0.30002209544182 -0.02728879451752 30004
639883040849 203 3.83340454101563 1.573970079422 -0.02369618415833 40004
670249803609 203 -4.09384155273438 3.93718123435974 0.02693104743958 50004
700616566366 203 -3.21807861328125 0.1527715921402 0.02034306526184 60004
730983329126 203 2.27362060546875 -0.07687532901764 -0.01370477676392 70004
761350091887 203 -0.11279296875 1.1403032541275 -0.00000762939453 80004
791716854649 203 0.040283203125 1.67187809944153 -0.00003719329834 90004
518248217467 204 0.84637933969498 1.73283886909485 -0.00473218411207 4
548782752567 204 -3.68452453613281 2.02528643608093 0.02341294288635 10004
579149515327 204 -3.22299194335938 3.13810324668884 0.02144813537598 20004
609516278085 204 4.45327758789063 0.30876168608665 -0.0284116268158 30004
639883040849 204 4.11480712890625 1.61490154266357 -0.02594614028931 40004
670249803609 204 -4.17227172851563 4.15320491790771 0.02693367004395 50004
700616566366 204 -3.27679443359375 0.01914009079337 0.020339012146 60004
730983329126 204 2.46527099609375 -0.06818009912968 -0.01482582092285 70004
761350091887 204 -0.17156982421875 1.30951583385468 0.00201463699341 80004
791716854649 204 -0.02685546875 1.82235836982727 -0.00003862380981 90004
518248217467 205 0.97299271821976 1.83815431594849 -0.00585522595793 4
548782752567 205 -3.79664611816406 2.14286756515503 0.0234123468399 10004
579149515327 205 -3.25955200195313 3.2190568447113 0.02144658565521 20004
609516278085 205 4.62017822265625 0.31831321120262 -0.02953493595123 30004
639883040849 205 4.36297607421875 1.6794935464859 -0.02706837654114 40004
670249803609 205 -4.21588134765625 4.35257577896118 0.02693629264832 50004
700616566366 205 -3.31915283203125 -0.09589375555515 0.02033472061157 60004
730983329127 205 0.00201416015625 0.00482835108414 0 70004
761350091887 205 -0.2598876953125 1.50616145133972 0.00201225280762 80004
791716854649 205 -0.09271240234375 1.91523170471191 -0.00003910064697 90004
518248217467 206 1.04192852973938 1.8948347568512 -0.00585521571338 4
548782752567 206 -3.81410980224609 2.19016337394714 0.02541851997375 10004
579149515327 206 -3.30484008789063 3.33390593528748 0.02144491672516 20004
609516278085 206 4.642822265625 0.32976707816124 -0.02953541278839 30004
639883040849 206 4.62612915039063 1.85170876979828 -0.0293185710907 40004
670249803609 206 -4.272705078125 4.72125577926636 0.02693915367126 50004
700616566366 206 -3.3609619140625 -0.15652030706406 0.02233576774597 60004
730983329127 206 0.01141357421875 0.02736065536737 0.00000143051147 70004
761350091887 206 -0.4384765625 1.69960880279541 0.00201034545898 80004
791716854649 206 -0.18951416015625 2.01467657089233 0.00198554992676 90004
518248217467 207 1.12623202800751 1.94948899745941 -0.00697824778035 4
548782752567 207 -3.84393310546875 2.27646422386169 0.02541798353195 10004
579149515327 207 -3.41981506347656 3.51827239990234 0.02144336700439 20004
609516278085 207 4.72122192382813 0.42531648278236 -0.02953636646271 30004
6398830408410 207 -0.10894775390625 0.26486155390739 -0.00000023841858 40004
670249803609 207 -4.32333374023438 5.08168792724609 0.02694177627563 50004
700616566366 207 -3.36993408203125 -0.16951172053814 0.02233266830444 60004
730983329127 207 0.013427734375 0.0321890078485 0.00000667572021 70004
761350091887 207 -0.58050537109375 1.86941802501678 0.00401067733765 80004
791716854649 207 -0.21099853515625 2.03598618507385 0.00198793411255 90004
518248217467 208 1.20655488967896 1.99887251853943 -0.00697824452072 4
548782752567 208 -3.8756103515625 2.41151475906372 0.02541750669479 10004
579149515327 208 -3.5704345703125 3.72020268440247 0.02350914478302 20004
609516278085 208 4.79476928710938 0.51841151714325 -0.03065872192383 30004
6398830408410 208 -0.25079345703125 0.60024464130402 0.00206422805786 40004
670249803609 208 -4.38055419921875 5.44627857208252 0.02896094322205 50004
700616566366 208 -3.36993408203125 -0.16951172053814 0.02232956886292 60004
730983329127 208 0.013427734375 0.0321890078485 0.00001287460327 70004
761350091887 208 -0.7442626953125 2.03869199752808 0.00400876998901 80004
791716854649 208 -0.2117919921875 2.03598618507385 0.00199031829834 90004
518248217467 209 1.26048755645752 2.03323149681091 -0.00810128543526 4
548782752567 209 -3.90353393554688 2.70594620704651 0.02541714906693 10004
579149515327 209 -3.79692077636719 3.93112468719482 0.02350878715515 20004
609516278085 209 4.79476928710938 0.51841151714325 -0.03065693378448 30004
6398830408410 209 -0.41452026367188 0.95285230875015 0.00206232070923 40004
670249803609 209 -4.47393798828125 5.86208534240723 0.02896308898926 50004
700616566366 209 -3.36993408203125 -0.16951172053814 0.02232599258423 60004
730983329127 209 0.013427734375 0.0321890078485 0.00002002716064 70004
761350091887 209 -1.04364013671875 2.24328017234802 0.00611400604248 80004
791716854649 209 -0.21270751953125 2.03598618507385 0.00199270248413 90004
518248217467 210 1.33762383460999 2.0470244884491 -0.00810129009187 4
548782752567 210 -4.02600860595703 2.97272205352783 0.02541697025299 10004
579149515327 210 -4.03466796875 4.05096244812012 0.02692639827728 20004
609516278085 210 4.82632446289063 0.53877276182175 -0.03065407276154 30004
6398830408410 210 -0.4976806640625 1.24112272262573 0.00407600402832 40004
670249803609 210 -4.67739868164063 6.16507387161255 0.02896499633789 50004
700616566367 210 0.0281982421875 0.073008723557 -0.00000143051147 60004
730983329127 210 0.013427734375 0.0321890078485 0.0000262260437 70004
761350091887 210 -1.3460693359375 2.31370043754578 0.00822353363037 80004
791716854649 210 -0.2135009765625 2.03598618507385 0.00199508666992 90004
518248217467 211 1.39645063877106 2.05531477928162 -0.00810129474849 4
548782752567 211 -4.12635040283203 3.22879719734192 0.02742803096771 10004
579149515327 211 -4.24528503417969 4.17259788513184 0.02692580223083 20004
609516278085 211 4.880615234375 0.60071516036987 -0.0306533575058 30004
6398830408410 211 -0.55563354492188 1.51247572898865 0.0040717124939 40004
670249803609 211 -4.86874389648438 6.43667650222778 0.03106832504272 50004
700616566367 211 0.05072021484375 0.18152849376202 -0.00000238418579 60004
730983329127 211 0.02386474609375 0.05470205098391 0.00003337860107 70004
761350091888 211 0.010986328125 0.0523247346282 0 80004
791716854649 211 -0.2420654296875 2.05908823013306 0.00199556350708 90004
518248217467 212 1.40459525585175 2.05911469459534 -0.00810130033642 4
548782752567 212 -4.14214324951172 3.57846069335938 0.027428150177 10004
579149515327 212 -4.44908142089844 4.40556001663208 0.02898359298706 20004
609516278085 212 5.02297973632813 0.82713115215302 -0.03177356719971 30004
6398830408410 212 -0.59500122070313 1.88228440284729 0.00406742095947 40004
670249803609 212 -5.0439453125 6.78199481964111 0.03312730789185 50004
700616566367 212 0.0479736328125 0.42545527219772 -0.00000381469727 60004
730983329127 212 0.0760498046875 0.16726721823215 0.00003433227539 70004
761350091888 212 0.06591796875 0.3139483332634 -0.00000190734863 80004
791716854649 212 -0.38214111328125 2.17459845542908 0.00199747085571 90004
518248217467 213 1.4056807756424 2.05962109565735 -0.00810130033642 4
548782752567 213 -4.03905487060547 3.88451313972473 0.02630472183228 10004
579149515327 213 -4.56745910644531 4.55440521240234 0.02898466587067 20004
609516278085 213 5.32034301757813 1.03676903247833 -0.03402066230774 30004
6398830408410 213 -0.75918579101563 2.23624539375305 0.00406384468079 40004
6702498036010 213 0.0435791015625 0.15187366306782 0.00000238418579 50004
700616566367 213 0.090087890625 0.55173313617706 -0.00000619888306 60004
730983329127 213 0.224365234375 0.41695415973663 -0.00108575820923 70004
761350091888 213 0.2255859375 0.55199533700943 -0.00112771987915 80004
791716854649 213 -0.58978271484375 2.41049027442932 0.00403165817261 90004
518248217467 214 1.4056807756424 2.05962109565735 -0.00810130033642 4
548782752567 214 -3.94950103759766 4.13819265365601 0.02630352973938 10004
579149515327 214 -4.66995239257813 4.65444660186768 0.03080379962921 20004
609516278085 214 5.55477905273438 1.2345267534256 -0.03514659404755 30004
6398830408411 214 0.01113891601563 0.06542652845383 -0.00000047683716 40004
6702498036010 214 0.11337280273438 0.30000108480453 0.00000524520874 50004
700616566367 214 0.16265869140625 0.72220474481583 -0.00001001358032 60004
730983329127 214 0.33050537109375 0.61298680305481 -0.0010838508606 70004
761350091888 214 0.3656005859375 0.79472285509109 -0.00225257873535 80004
7917168546410 214 -0.05859375 0.12562528252602 -0.00000143051147 90004
518248217467 215 1.4056807756424 2.05962109565735 -0.00810130033642 4
548782752567 215 -3.89136505126953 4.3803768157959 0.02517938613892 10004
579149515327 215 -4.794921875 4.71912002563477 0.03080153465271 20004
609516278086 215 0 -0 0 30004
6398830408411 215 0.0445556640625 0.26170611381531 -0.00000190734863 40004
6702498036010 215 0.235595703125 0.44063600897789 -0.0011157989502 50004
700616566367 215 0.29541015625 1.04611110687256 -0.00113487243652 60004
730983329127 215 0.3662109375 0.7317281961441 -0.00220394134521 70004
761350091888 215 0.48095703125 1.1165771484375 -0.00225448608398 80004
7917168546410 215 -0.2347412109375 0.50250113010406 0.00199890136719 90004
518248217467 216 1.4056807756424 2.05962109565735 -0.00810130033642 4
548782752567 216 -3.71709442138672 4.68389081954956 0.02405619621277 10004
579149515327 216 -4.79469299316406 4.71912002563477 0.03079915046692 20004
609516278086 216 -0.11065673828125 0.24053004384041 -0.00000083446503 30004
6398830408411 216 0.1690673828125 0.67274457216263 -0.00000286102295 40004
6702498036010 216 0.43655395507813 0.6550544500351 -0.00223636627197 50004
700616566367 216 0.27435302734375 1.48861122131348 -0.00113606452942 60004
730983329127 216 0.5218505859375 0.90598595142365 -0.00332498550415 70004
761350091888 216 0.46539306640625 1.28687059879303 -0.00225448608398 80004
7917168546410 216 -0.55426025390625 0.76979577541351 0.00409984588623 90004
518248217468 217 0 -0 0 4
548782752567 217 -3.54695892333984 4.86393308639526 0.02293276786804 10004
579149515327 217 -4.89253234863281 4.7516975402832 0.03200995922089 20004
609516278086 217 -0.28195190429688 0.43483626842499 0.00206458568573 30004
6398830408411 217 0.1849365234375 1.11588931083679 -0.00112700462341 40004
6702498036010 217 0.5914306640625 0.77835828065872 -0.00335693359375 50004
700616566367 217 0.1300048828125 1.89757776260376 -0.00113749504089 60004
730983329127 217 0.5877685546875 0.98727834224701 -0.0033221244812 70004
761350091888 217 0.428466796875 1.49598217010498 -0.00225687026978 80004
7917168546410 217 -0.8817138671875 0.91794729232788 0.00619411468506 90004
518248217468 218 0.00231045880355 0.00379675976001 0.00000000000091 4
548782752567 218 -3.40351867675781 4.97883176803589 0.02293241024017 10004
579149515327 218 -5.06005859375 4.81112098693848 0.03330624103546 20004
609516278086 218 -0.44534301757813 0.57887524366379 0.00206410884857 30004
6398830408411 218 0.198486328125 1.53850531578064 -0.00112795829773 40004
6702498036010 218 0.695068359375 0.84102946519852 -0.00335454940796 50004
700616566367 218 -0.05419921875 2.26752376556396 0.00090074539185 60004
730983329127 218 0.601806640625 1.01048481464386 -0.00331830978394 70004
761350091888 218 0.400634765625 1.66454982757568 -0.00225734710693 80004
7917168546410 218 -1.1612548828125 1.02591609954834 0.00823211669922 90004
518248217468 219 0.01097376551479 0.01803310774267 0.00000000000728 4
548782752567 219 -3.28584289550781 5.113938331604 0.02180916070938 10004
579149515327 219 -5.32098388671875 4.91179323196411 0.03465068340302 20004
609516278086 219 -0.55316162109375 0.69103628396988 0.00408840179443 30004
6398830408411 219 0.34542846679688 1.97532093524933 -0.00112891197205 40004
6702498036010 219 0.75411987304688 0.88168013095856 -0.00447511672974 50004
700616566367 219 -0.22967529296875 2.67432188987732 0.00089764595032 60004
730983329127 219 0.601806640625 1.01048481464386 -0.00331830978394 70004
761350091888 219 0.415283203125 1.72537696361542 -0.00225877761841 80004
7917168546410 219 -1.3809814453125 1.20934879779816 0.00823450088501 90004
518248217468 220 0.01650493964553 0.06369456648827 0.00000000002183 4
548782752567 220 -3.02519989013672 5.2349967956543 0.01956194639206 10004
579149515327 220 -5.52438354492188 5.11173105239868 0.03465032577515 20004
609516278086 220 -0.76467895507813 0.80340498685837 0.00408780574799 30004
6398830408411 220 0.310791015625 2.39916515350342 -0.00225210189819 40004
6702498036010 220 0.79217529296875 0.91779673099518 -0.0044732093811 50004
700616566368 220 -0.03729248046875 0.29924288392067 -0.00000166893005 60004
730983329127 220 0.62481689453125 1.10562372207642 -0.0033164024353 70004
761350091888 220 0.451171875 1.7743182182312 -0.00226163864136 80004
7917168546410 220 -1.6552734375 1.38983392715454 0.01031827926636 90004
518248217468 221 0.02526353113353 0.14824737608433 0.00000000004366 4
548782752567 221 -2.82643890380859 5.31984186172485 0.01843822002411 10004
579149515327 221 -5.73283386230469 5.25757026672363 0.03670454025269 20004
609516278086 221 -0.93536376953125 0.8713241815567 0.0061708688736 30004
6398830408412 221 -0.00106811523438 0.18628650903702 -0.00000023841858 40004
6702498036010 221 0.85464477539063 0.99568027257919 -0.00447034835815 50004
700616566368 221 -0.09027099609375 0.61933881044388 -0.00000262260437 60004
730983329127 221 0.640625 1.20024955272675 -0.00331449508667 70004
761350091888 221 0.55755615234375 1.8659975528717 -0.00338745117188 80004
7917168546410 221 -1.87457275390625 1.53943681716919 0.01237773895264 90004
518248217468 222 0.04436271637678 0.30050820112228 0.00000000011642 4
548782752567 222 -2.68546295166016 5.39126634597778 0.01731336116791 10004
579149515327 222 -5.95487976074219 5.33709859848022 0.03922629356384 20004
609516278086 222 -1.052734375 0.89136654138565 0.00617146492004 30004
6398830408412 222 -0.01361083984375 0.5876904129982 -0.00000071525574 40004
6702498036010 222 0.94024658203125 1.11632227897644 -0.00558924674988 50004
700616566368 222 -0.1473388671875 0.94097363948822 0.00107431411743 60004
730983329127 222 0.64697265625 1.28084433078766 -0.00331354141235 70004
761350091888 222 0.7410888671875 2.0228419303894 -0.00451040267944 80004
7917168546410 222 -2.04815673828125 1.66429090499878 0.01238632202148 90004
518248217468 223 0.09887041151524 0.58013248443604 0.0000000007567 4
548782752567 223 -2.51245880126953 5.57276487350464 0.01619046926498 10004
579149515327 223 -6.10157775878906 5.35069704055786 0.03922629356384 20004
609516278086 223 -1.08563232421875 0.88295263051987 0.00617265701294 30004
6398830408412 223 -0.0875244140625 0.97579258680344 -0.00000095367432 40004
6702498036010 223 0.97015380859375 1.18217658996582 -0.00558733940125 50004
700616566368 223 -0.119140625 1.12587082386017 0.00107192993164 60004
730983329127 223 0.64697265625 1.28084433078766 -0.00331354141235 70004
761350091888 223 0.88720703125 2.24312400817871 -0.00563335418701 80004
7917168546410 223 -2.23016357421875 1.77122592926025 0.01447248458862 90004
518248217468 224 0.1917403191328 0.85738033056259 -0.00112304533832 4
548782752567 224 -2.42606353759766 5.67495775222778 0.01618927717209 10004
579149515327 224 -6.2244873046875 5.40200424194336 0.04044032096863 20004
609516278086 224 -1.13165283203125 0.86881548166275 0.00818371772766 30004
6398830408412 224 -0.2720947265625 1.31688380241394 0.00206208229065 40004
6702498036010 224 1.08175659179688 1.34621644020081 -0.00670695304871 50004
700616566368 224 -0.1348876953125 1.34312045574188 0.00107049942017 60004
730983329127 224 0.633544921875 1.42586481571198 -0.0033130645752 70004
761350091889 224 0.03662109375 0.25564748048782 -0.00000095367432 80004
7917168546410 224 -2.5584716796875 1.82849836349487 0.0165319442749 90004
518248217468 225 0.26723912358284 1.08327496051788 -0.0011230437085 4
548782752567 225 -2.36075592041016 5.77088499069214 0.01618784666061 10004
579149515328 225 0 -0 0 20004
609516278086 225 -1.16827392578125 0.85708230733871 0.00818395614624 30004
6398830408412 225 -0.47213745117188 1.62342774868011 0.00205969810486 40004
6702498036010 225 1.22003173828125 1.55837941169739 -0.00782179832458 50004
700616566368 225 -0.18548583984375 1.54852962493896 0.00106883049011 60004
730983329127 225 0.59173583984375 1.62355744838715 -0.00331163406372 70004
761350091889 225 0.094482421875 0.54371333122253 -0.00000190734863 80004
7917168546410 225 -2.9156494140625 1.87276601791382 0.01866054534912 90004
518248217468 226 0.25823509693146 1.22592556476593 -0.00112304347567 4
548782752567 226 -2.21886444091797 5.99898862838745 0.01506352424622 10004
579149515328 226 0 -0 0 20004
609516278086 226 -1.16827392578125 0.85708230733871 0.00818395614624 30004
6398830408412 226 -0.65512084960938 2.00512218475342 0.00405836105347 40004
6702498036010 226 1.39718627929688 1.89307260513306 -0.00893712043762 50004
700616566368 226 -0.31915283203125 1.75346648693085 0.0010621547699 60004
730983329127 226 0.4498291015625 1.88691818714142 -0.00331020355225 70004
761350091889 226 0.20068359375 0.70580458641052 -0.00112771987915 80004
7917168546410 226 -3.32269287109375 1.96050643920898 0.02076721191406 90004
518248217468 227 0.17724017798901 1.39122760295868 -0.00112304207869 4
548782752567 227 -2.00994110107422 6.22116041183472 0.01393955945969 10004
579149515328 227 0 -0 0 20004
609516278086 227 -1.24334716796875 0.78242892026901 0.00818395614624 30004
6398830408412 227 -0.81356811523438 2.36709403991699 0.00611019134521 40004
6702498036010 227 1.662841796875 2.12009143829346 -0.01005291938782 50004
700616566368 227 -0.34503173828125 1.83710777759552 0.00311183929443 60004
730983329127 227 0.287353515625 2.02928590774536 -0.00129270553589 70004
761350091889 227 0.21484375 0.72741675376892 -0.00112771987915 80004
7917168546410 227 -3.64288330078125 2.17324900627136 0.02283477783203 90004
518248217468 228 0.11865671724081 1.49843072891235 -0.00112304161303 4
548782752567 228 -1.83247375488281 6.36775541305542 0.01281547546387 10004
579149515328 228 0 -0 0 20004
609516278086 228 -1.31307983398438 0.72556495666504 0.00818502902985 30004
6398830408413 228 -0.04318237304688 0.09249717742205 -0.00000023841858 40004
6702498036010 228 1.92822265625 2.26367020606995 -0.01229572296143 50004
700616566368 228 -0.35040283203125 1.8746520280838 0.0031111240387 60004
730983329127 228 0.1055908203125 2.1380033493042 -0.00129127502441 70004
761350091889 228 0.274658203125 0.75159895420074 -0.00112867355347 80004
7917168546410 228 -3.9278564453125 2.37541127204895 0.02497386932373 90004
518248217468 229 0.10248161107302 1.52750205993652 -0.00112304091454 4
548782752567 229 -1.68010711669922 6.42401742935181 0.01169151067734 10004
579149515328 229 0 -0 0 20004
609516278086 229 -1.37213134765625 0.70427983999252 0.00818574428558 30004
6398830408413 229 -0.1727294921875 0.36998870968819 -0.00000023841858 40004
6702498036010 229 2.239501953125 2.32962036132813 -0.01341485977173 50004
700616566368 229 -0.35040283203125 1.8746520280838 0.0031111240387 60004
730983329127 229 -0.152587890625 2.24964761734009 0.00081777572632 70004
761350091889 229 0.4541015625 0.82414555549622 -0.00225353240967 80004
7917168546410 229 -4.25103759765625 2.57980990409851 0.02707099914551 90004
518248217468 230 0.10248161107302 1.52750205993652 -0.00112304091454 4
548782752567 230 -1.68010711669922 6.42401742935181 0.01169151067734 10004
579149515328 230 0 -0 0 20004
609516278086 230 -1.47723388671875 0.63239818811417 0.01021492481232 30004
6398830408413 230 -0.30859375 0.51338571310043 0.00205397605896 40004
6702498036010 230 2.52206420898438 2.54241228103638 -0.01565766334534 50004
700616566368 230 -0.35040283203125 1.8746520280838 0.0031111240387 60004
730983329127 230 -0.30560302734375 2.30790328979492 0.00284051895142 70004
761350091889 230 0.79248046875 0.95190966129303 -0.0045018196106 80004
7917168546410 230 -4.6358642578125 2.62982439994812 0.02920627593994 90004
518248217468 231 0.10248161107302 1.52750205993652 -0.00112304091454 4
548782752568 231 0 -0 0 10004
579149515328 231 -0.015380859375 0.0120952334255 0 20004
609516278086 231 -1.65475463867188 0.51433521509171 0.01021420955658 30004
6398830408413 231 -0.42474365234375 0.74920552968979 0.00205087661743 40004
6702498036010 231 2.6959228515625 2.73401570320129 -0.01677680015564 50004
700616566368 231 -0.42236328125 1.91984188556671 0.0031111240387 60004
730983329128 231 -0.00384521484375 0.22230084240437 0.00000095367432 70004
761350091889 231 1.155029296875 1.08909642696381 -0.00674962997437 80004
7917168546410 231 -4.951416015625 2.66526460647583 0.03133487701416 90004
518248217468 232 0.10248161107302 1.52750205993652 -0.00112304091454 4
548782752568 232 0.00003051757813 0.01270759291947 0 10004
579149515328 232 -0.03958129882813 0.02874280884862 0.00119745731354 20004
609516278086 232 -1.83233642578125 0.39955455064774 0.01226234436035 30004
6398830408413 232 -0.50247192382813 0.98149275779724 0.00405073165894 40004
6702498036010 232 2.76699829101563 2.87276482582092 -0.01677417755127 50004
700616566368 232 -0.5191650390625 1.98070538043976 0.0031111240387 60004
730983329128 232 -0.0010986328125 0.51889353990555 0.00000190734863 70004
761350091889 232 1.4339599609375 1.18889224529266 -0.00914525985718 80004
7917168546410 232 -5.1630859375 2.68050408363342 0.03337240219116 90004
518248217468 233 0.10248161107302 1.52750205993652 -0.00112304091454 4
548782752568 233 0.00048828125 0.20332147181034 -0.00000011920929 10004
579149515328 233 -0.12083435058594 0.05704385787249 0.00119662284851 20004
609516278086 233 -2.06716918945313 0.277552485466 0.01226127147675 30004
6398830408413 233 -0.607177734375 1.26912927627563 0.00404644012451 40004
6702498036010 233 2.86129760742188 3.11320877075195 -0.01789307594299 50004
700616566368 233 -0.65191650390625 2.06517720222473 0.00311017036438 60004
730983329128 233 0.110595703125 0.89226686954498 0.00000476837158 70004
761350091889 233 1.628662109375 1.17459964752197 -0.01028251647949 80004
7917168546410 233 -5.5784912109375 2.65233016014099 0.03544521331787 90004
518248217468 234 0.0577310025692 1.53736698627472 0.00054335419554 4
548782752568 234 -0.0775146484375 0.42276981472969 -0.00000011920929 10004
579149515328 234 -0.22477722167969 0.05634117126465 0.00239050388336 20004
609516278086 234 -2.2154541015625 0.22481279075146 0.01435518264771 30004
6398830408413 234 -0.722412109375 1.43312096595764 0.00404262542725 40004
6702498036010 234 3.02471923828125 3.30845022201538 -0.01901125907898 50004
700616566368 234 -0.68731689453125 2.08770298957825 0.00514125823975 60004
730983329128 234 0.2215576171875 1.23866069316864 -0.00111532211304 70004
761350091889 234 1.6990966796875 1.1719982624054 -0.01029491424561 80004
7917168546410 234 -5.9478759765625 2.74468350410461 0.03758144378662 90004
518248217468 235 -0.03468823805451 1.53663277626038 0.00054335442837 4
548782752568 235 -0.16740417480469 0.64021641016006 -0.00000059604645 10004
579149515328 235 -0.36093139648438 0.0526269339025 0.00238883495331 20004
609516278086 235 -2.31781005859375 0.19162690639496 0.01435399055481 30004
6398830408413 235 -0.8470458984375 1.53397083282471 0.00604438781738 40004
6702498036010 235 3.19100952148438 3.50959181785584 -0.02012944221497 50004
700616566368 235 -0.6981201171875 2.09168195724487 0.00514078140259 60004
730983329128 235 0.307861328125 1.56328952312469 -0.00111532211304 70004
761350091889 235 1.718017578125 1.17320823669434 -0.01030492782593 80004
7917168546410 235 -6.27325439453125 2.8473014831543 0.03958654403687 90004
518248217468 236 -0.27261319756508 1.48357260227203 0.00229073455557 4
548782752568 236 -0.22666931152344 0.88447088003159 0.00202065706253 10004
579149515328 236 -0.63142395019531 0.07530386000872 0.00500869750977 20004
609516278086 236 -2.40020751953125 0.12672661244869 0.01636552810669 30004
6398830408413 236 -1.0338134765625 1.60177707672119 0.00604319572449 40004
6702498036010 236 3.3297119140625 3.85968446731567 -0.02124714851379 50004
700616566368 236 -0.75213623046875 2.111576795578 0.00513958930969 60004
730983329128 236 0.33349609375 1.9522956609726 -0.0011134147644 70004
761350091889 236 1.718017578125 1.17320823669434 -0.0103120803833 80004
7917168546410 236 -6.603759765625 2.86105942726135 0.04162788391113 90004
518248217468 237 -0.37672454118729 1.44442439079285 0.00229073222727 4
548782752568 237 -0.21360778808594 1.15425276756287 0.00201970338821 10004
579149515328 237 -0.75886535644531 0.13066744804382 0.00500810146332 20004
609516278086 237 -2.41668701171875 0.11061337590218 0.01636672019958 30004
6398830408413 237 -1.0982666015625 1.64657640457153 0.00604128837585 40004
6702498036010 237 3.33026123046875 4.20920276641846 -0.02124381065369 50004
700616566368 237 -0.87213134765625 2.22745442390442 0.00513815879822 60004
730983329128 237 0.441650390625 2.26548027992249 -0.00223255157471 70004
761350091889 237 1.718017578125 1.17320823669434 -0.01031875610352 80004
7917168546410 237 -6.8902587890625 2.86560606956482 0.04375600814819 90004
518248217468 238 -0.45337879657745 1.40765178203583 0.00229073059745 4
548782752568 238 -0.2113037109375 1.38272511959076 0.00201892852783 10004
579149515328 238 -0.84352111816406 0.19405360519886 0.00622200965881 20004
609516278086 238 -2.45559692382813 0.07307793945074 0.01636815071106 30004
6398830408413 238 -1.1905517578125 1.70221924781799 0.00805759429932 40004
6702498036010 238 3.30227661132813 4.47222137451172 -0.02124190330505 50004
700616566369 238 0.00518798828125 0.01135568134487 0 60004
730983329129 238 -0.04638671875 0.12318470329046 0.00000095367432 70004
761350091889 238 1.7789306640625 1.19551527500153 -0.01144981384277 80004
7917168546410 238 -7.10772705078125 2.87184762954712 0.04583692550659 90004
518248217468 239 -0.5329253077507 1.36453950405121 0.0043018409051 4
548782752568 239 -0.24398803710938 1.57964718341827 0.00201845169067 10004
579149515328 239 -0.91017150878906 0.27383375167847 0.00622093677521 20004
609516278086 239 -2.55429077148438 -0.01809621788561 0.01636838912964 30004
6398830408413 239 -1.3751220703125 1.7912700176239 0.00805687904358 40004
6702498036010 239 3.25741577148438 4.64337348937988 -0.0212390422821 50004
700616566369 239 0.01971435546875 0.04315159469843 -0.00000047683716 60004
730983329129 239 -0.17633056640625 0.468101978302 0.00201845169067 70004
761350091889 239 1.948974609375 1.25797498226166 -0.01146221160889 80004
7917168546410 239 -7.26409912109375 2.88426113128662 0.04583692550659 90004
518248217468 240 -0.72725677490234 1.25297331809998 0.00430184230208 4
548782752568 240 -0.20622253417969 1.86179232597351 0.00201761722565 10004
579149515328 240 -0.97776794433594 0.35605219006538 0.00621891021729 20004
609516278086 240 -2.59576416015625 -0.04910039901733 0.01636838912964 30004
6398830408413 240 -1.4912109375 1.79956197738647 0.01010346412659 40004
6702498036010 240 3.14288330078125 4.85395908355713 -0.02123641967773 50004
700616566369 240 0.020751953125 0.04542273283005 -0.00000357627869 60004
730983329129 240 -0.2142333984375 0.80738419294357 0.00202465057373 70004
761350091889 240 2.08050537109375 1.25578594207764 -0.01259756088257 80004
7917168546410 240 -7.53387451171875 2.78888297080994 0.04793643951416 90004
518248217468 241 -0.9339399933815 1.15325701236725 0.00633497396484 4
548782752568 241 -0.18202209472656 2.07995271682739 0.00201678276062 10004
579149515328 241 -1.05815124511719 0.43882110714912 0.00621712207794 20004
609516278086 241 -2.64300537109375 -0.10839291661978 0.01636838912964 30004
6398830408413 241 -1.563232421875 1.80242490768433 0.01010251045227 40004
6702498036010 241 3.02569580078125 5.06256771087646 -0.01917743682861 50004
700616566369 241 0.03564453125 0.08477967977524 -0.00000596046448 60004
730983329129 241 -0.1978759765625 1.11611902713776 0.00203227996826 70004
761350091889 241 2.17327880859375 1.24985647201538 -0.01373195648193 80004
7917168546410 241 -7.74493408203125 2.68601393699646 0.05002117156982 90004
518248217468 242 -1.23750412464142 1.05047905445099 0.00826126430184 4
548782752568 242 -0.19152069091797 2.22785687446594 0.00201624631882 10004
579149515328 242 -1.20266723632813 0.5580695271492 0.00825273990631 20004
609516278086 242 -2.73410034179688 -0.26951053738594 0.01839447021484 30004
6398830408413 242 -1.5760498046875 1.80833292007446 0.01010084152222 40004
6702498036010 242 2.86456298828125 5.34894895553589 -0.01917433738708 50004
700616566369 242 0.09149169921875 0.2323682308197 -0.00000786781311 60004
730983329129 242 -0.0640869140625 1.48726165294647 0.00091695785522 70004
761350091889 242 2.22271728515625 1.24424707889557 -0.01374435424805 80004
7917168546410 242 -7.888671875 2.54091715812683 0.05002641677856 90004
518248217468 243 -1.41788363456726 0.95836198329926 0.00826125685126 4
548782752568 243 -0.24021911621094 2.40101861953735 0.0020158290863 10004
579149515328 243 -1.36335754394531 0.6485453248024 0.00947952270508 20004
609516278086 243 -2.74676513671875 -0.36335334181786 0.01839411258698 30004
6398830408413 243 -1.576904296875 1.80872678756714 0.01010084152222 40004
6702498036010 243 2.69317626953125 5.62562465667725 -0.01709175109863 50004
700616566369 243 0.142822265625 0.35422188043594 -0.0000102519989 60004
730983329129 243 -0.03533935546875 1.76537239551544 0.00091981887817 70004
761350091889 243 2.40924072265625 1.30546522140503 -0.01487016677856 80004
7917168546410 243 -7.99200439453125 2.47615504264832 0.05206251144409 90004
518248217468 244 -1.53088700771332 0.89321953058243 0.01033198740333 4
548782752569 244 0.03730773925781 0.07999707013369 0 10004
579149515328 244 -1.47166442871094 0.70687067508698 0.00947916507721 20004
609516278086 244 -2.75115966796875 -0.41875442862511 0.01839375495911 30004
6398830408413 244 -1.58120727539063 1.8101007938385 0.01010060310364 40004
6702498036010 244 2.527587890625 5.84578275680542 -0.01709008216858 50004
700616566369 244 0.1800537109375 0.49155750870705 -0.00113558769226 60004
730983329129 244 0.01666259765625 2.00308990478516 0.00091981887817 70004
761350091889 244 2.54852294921875 1.34705770015717 -0.01599597930908 80004
7917168546410 244 -8.1220703125 2.42679476737976 0.05206680297852 90004
518248217468 245 -1.56207895278931 0.85177636146545 0.01033198554069 4
548782752569 245 0.22390747070313 0.47995609045029 -0.00112402439117 10004
579149515328 245 -1.50968933105469 0.72342437505722 0.01063311100006 20004
609516278086 245 -2.75115966796875 -0.41875442862511 0.01839375495911 30004
6398830408413 245 -1.60272216796875 1.81697082519531 0.01009917259216 40004
6702498036010 245 2.2357177734375 6.08796119689941 -0.01508498191833 50004
700616566369 245 0.20751953125 0.80485391616821 -0.00113797187805 60004
730983329129 245 0.21075439453125 2.34711718559265 -0.00132274627686 70004
761350091889 245 2.63458251953125 1.34971308708191 -0.01599597930908 80004
7917168546410 245 -8.4598388671875 2.36362338066101 0.054123878479 90004
518248217468 246 -1.71303999423981 0.76808798313141 0.0103319818154 4
548782752569 246 0.24889373779297 0.76247882843018 -0.00112497806549 10004
579149515328 246 -1.51495361328125 0.72563153505325 0.01063323020935 20004
609516278086 246 -2.75350952148438 -0.44830855727196 0.01839351654053 30004
6398830408413 246 -1.61666870117188 1.82256293296814 0.01009798049927 40004
6702498036010 246 1.92929077148438 6.19036960601807 -0.0130467414856 50004
700616566369 246 0.17291259765625 0.95157027244568 -0.00114107131958 60004
7309833291210 246 0.02349853515625 0.29245281219482 0.00000190734863 70004
761350091889 246 2.7984619140625 1.42214548587799 -0.01712036132813 80004
7917168546410 246 -8.80889892578125 2.337078332901 0.05624914169312 90004
518248217468 247 -1.84657382965088 0.68892312049866 0.01240477990359 4
548782752569 247 0.2305908203125 0.99648195505142 -0.00112569332123 10004
579149515328 247 -1.52168273925781 0.72284334897995 0.01063358783722 20004
609516278086 247 -2.75408935546875 -0.47601547837257 0.01839315891266 30004
6398830408413 247 -1.63165283203125 1.82941079139709 0.01009702682495 40004
6702498036010 247 1.68533325195313 6.25318241119385 -0.01101088523865 50004
700616566369 247 0.1416015625 1.03743314743042 -0.00114130973816 60004
7309833291210 247 0.0272216796875 0.58278650045395 0.00000429153442 70004
761350091889 247 2.9571533203125 1.52074289321899 -0.01825141906738 80004
7917168546410 247 -9.11358642578125 2.32231020927429 0.05838918685913 90004
518248217468 248 -1.94731187820435 0.57485383749008 0.01240476965904 4
548782752569 248 0.09273529052734 1.3450653553009 -0.00112640857697 10004
579149515328 248 -1.57112121582031 0.70193195343018 0.0106338262558 20004
609516278086 248 -2.7440185546875 -0.5024625658989 0.01839280128479 30004
6398830408413 248 -1.67605590820313 1.85207545757294 0.01009559631348 40004
6702498036010 248 1.49755859375 6.2940092086792 -0.00894379615784 50004
700616566369 248 0.1416015625 1.03743314743042 -0.00114130973816 60004
7309833291210 248 -0.08905029296875 0.96569240093231 0.00000524520874 70004
761350091889 248 3.2061767578125 1.81792449951172 -0.02051162719727 80004
7917168546410 248 -9.5301513671875 2.32275366783142 0.06053400039673 90004
518248217468 249 -1.99967813491821 0.4476246535778 0.01240476593375 4
548782752569 249 -0.03933715820313 1.63734591007233 0.00089693069458 10004
579149515328 249 -1.66395568847656 0.7006459236145 0.01063442230225 20004
609516278086 249 -2.71041870117188 -0.54257732629776 0.01839232444763 30004
6398830408413 249 -1.8067626953125 1.86074435710907 0.01214146614075 40004
6702498036010 249 1.26931762695313 6.28744602203369 -0.00893974304199 50004
700616566369 249 0.06964111328125 1.10301852226257 -0.00114130973816 60004
7309833291210 249 -0.22735595703125 1.25297713279724 0.00207805633545 70004
761350091889 249 3.46636962890625 1.97593200206757 -0.02164602279663 80004
7917168546410 249 -9.74993896484375 2.32354831695557 0.0626802444458 90004
518248217468 250 -2.06670093536377 0.28785789012909 0.01240475662053 4
548782752569 250 -0.18539428710938 1.92514610290527 0.00089633464813 10004
579149515328 250 -1.7823486328125 0.70361095666885 0.01183640956879 20004
609516278086 250 -2.663818359375 -0.58850789070129 0.01726830005646 30004
6398830408413 250 -1.96173095703125 1.86326098442078 0.0121386051178 40004
6702498036010 250 0.98831176757813 6.27296924591064 -0.0068199634552 50004
700616566369 250 -0.054931640625 1.20551562309265 0.00090575218201 60004
7309833291210 250 -0.37188720703125 1.56374382972717 0.00208425521851 70004
761350091889 250 3.7650146484375 2.12708950042725 -0.02389430999756 80004
7917168546410 250 -9.7490234375 2.30037784576416 0.06372976303101 90004
518248217468 251 -2.26022505760193 0.06277839839458 0.01443107798696 4
548782752569 251 -0.31362915039063 2.03549432754517 0.00290381908417 10004
579149515328 251 -1.90376281738281 0.69958716630936 0.01303541660309 20004
609516278086 251 -2.60784912109375 -0.61207234859467 0.01726830005646 30004
6398830408413 251 -2.0048828125 1.84549188613892 0.01213407516479 40004
6702498036010 251 0.65249633789063 6.29764270782471 -0.00480389595032 50004
700616566369 251 -0.310791015625 1.36187601089478 0.000901222229 60004
7309833291210 251 -0.39666748046875 1.93642425537109 0.00209093093872 70004
761350091889 251 4.0555419921875 2.34185409545898 -0.02501726150513 80004
7917168546410 251 -9.7498779296875 2.13818454742432 0.06372833251953 90004
518248217468 252 -2.37860774993896 -0.22611685097218 0.01443107053638 4
548782752569 252 -0.39283752441406 2.0890486240387 0.00290387868881 10004
579149515328 252 -2.06025695800781 0.63666206598282 0.01303386688232 20004
609516278086 252 -2.56439208984375 -0.61780190467834 0.01726794242859 30004
6398830408413 252 -2.0355224609375 1.83998584747314 0.01213359832764 40004
6702498036010 252 0.30386352539063 6.29300498962402 -0.00279521942139 50004
700616566369 252 -0.503662109375 1.58666849136353 0.00294327735901 60004
7309833291210 252 -0.40130615234375 2.30962109565735 0.00209760665894 70004
761350091889 252 4.34979248046875 2.55319738388062 -0.02726745605469 80004
7917168546410 252 -9.75079345703125 2.0918436050415 0.06372594833374 90004
518248217468 253 -2.43414163589478 -0.49676901102066 0.01646498963237 4
548782752569 253 -0.47531890869141 2.11270499229431 0.00290423631668 10004
579149515328 253 -2.22830200195313 0.57335311174393 0.01428854465485 20004
609516278086 253 -2.515625 -0.62580180168152 0.01726722717285 30004
6398830408413 253 -2.05368041992188 1.83955669403076 0.01413321495056 40004
6702498036010 253 0.01040649414063 6.29376316070557 -0.00068807601929 50004
700616566369 253 -0.6602783203125 1.78930163383484 0.0049569606781 60004
7309833291211 253 -0.0250244140625 0.05378339439631 0 70004
761350091889 253 4.577880859375 2.72330236434937 -0.02840089797974 80004
7917168546410 253 -9.7490234375 2.07510614395142 0.06372928619385 90004
518248217468 254 -2.38130307197571 -0.81910765171051 0.01534194685519 4
548782752569 254 -0.75519561767578 2.12444233894348 0.00477653741837 10004
579149515328 254 -2.55242919921875 0.56261855363846 0.01693320274353 20004
609516278086 254 -2.36651611328125 -0.68882310390472 0.01614665985107 30004
6398830408413 254 -2.05325317382813 1.83955669403076 0.0141282081604 40004
6702498036010 254 -0.27529907226563 6.38088130950928 0.00140285491943 50004
700616566369 254 -0.919189453125 1.94690704345703 0.00495576858521 60004
7309833291211 254 -0.2003173828125 0.43026721477509 0.00207138061523 70004
761350091889 254 4.69244384765625 2.86416339874268 -0.02953386306763 80004
7917168546410 254 -9.7498779296875 1.9579439163208 0.06372737884521 90004
518248217468 255 -2.35332465171814 -1.12079811096191 0.0153419142589 4
548782752569 255 -1.08824157714844 2.02243614196777 0.00668340921402 10004
579149515328 255 -2.84220886230469 0.4917174577713 0.01825821399689 20004
609516278086 255 -2.2489013671875 -0.74181216955185 0.0150226354599 30004
6398830408413 255 -2.1121826171875 1.83611917495728 0.0141236782074 40004
6702498036010 255 -0.5830078125 6.4341778755188 0.00356650352478 50004
700616566369 255 -1.11346435546875 2.00533890724182 0.00698113441467 60004
7309833291211 255 -0.25885009765625 0.80477339029312 0.00207757949829 70004
761350091889 255 4.77789306640625 2.97974514961243 -0.03066539764404 80004
7917168546410 255 -9.74945068359375 1.84007596969604 0.06373357772827 90004
518248217468 256 -2.33758044242859 -1.37696361541748 0.01534188259393 4
548782752569 256 -1.39762115478516 1.89366590976715 0.00867593288422 10004
579149515328 256 -3.08335876464844 0.40880939364433 0.02080035209656 20004
609516278086 256 -2.15728759765625 -0.78456914424896 0.01389729976654 30004
6398830408413 256 -2.18435668945313 1.83191776275635 0.01412057876587 40004
6702498036011 256 0 -0 0 50004
700616566369 256 -1.260498046875 2.02171969413757 0.00698018074036 60004
7309833291211 256 -0.2689208984375 1.1310328245163 0.00208330154419 70004
761350091889 256 4.84234619140625 3.07182216644287 -0.03067398071289 80004
7917168546410 256 -9.7501220703125 1.73692893981934 0.06373167037964 90004
518248217468 257 -2.20390963554382 -1.62298333644867 0.01421881280839 4
548782752569 257 -1.64411163330078 1.6237165927887 0.01073741912842 10004
579149515328 257 -3.36056518554688 0.38739070296288 0.02213883399963 20004
609516278086 257 -1.99627685546875 -0.92299044132233 0.01389515399933 30004
6398830408413 257 -2.3619384765625 1.736243724823 0.01411700248718 40004
6702498036011 257 0.025634765625 0.34070572257042 0.00000190734863 50004
700616566369 257 -1.50634765625 1.93869853019714 0.00906038284302 60004
7309833291211 257 -0.2799072265625 1.35536706447601 0.00208902359009 70004
761350091889 257 4.87603759765625 3.26133918762207 -0.03068351745605 80004
7917168546410 257 -9.7496337890625 1.57424974441528 0.06372690200806 90004
518248217468 258 -2.05851221084595 -1.82862508296967 0.01421879325062 4
548782752569 258 -1.89277648925781 1.40863764286041 0.01277035474777 10004
579149515328 258 -3.61343383789063 0.35900270938873 0.023477435112 20004
609516278086 258 -1.85040283203125 -1.04242050647736 0.01277029514313 30004
6398830408413 258 -2.54150390625 1.66891801357269 0.01615309715271 40004
6702498036011 258 0.03256225585938 0.64438986778259 0.00000333786011 50004
700616566369 258 -1.70294189453125 1.88702499866486 0.01116991043091 60004
7309833291211 258 -0.2901611328125 1.51620781421661 0.00209426879883 70004
761350091889 258 4.90069580078125 3.46514248847961 -0.03069019317627 80004
7917168546411 258 -0.01812744140625 0.0520843975246 -0.00000047683716 90004
518248217468 259 -1.7958607673645 -2.02286171913147 0.01197268441319 4
548782752569 259 -2.28652954101563 1.24474847316742 0.01476281881332 10004
579149515328 259 -3.93116760253906 0.29316133260727 0.02611410617828 20004
609516278086 259 -1.6688232421875 -1.16911733150482 0.01164436340332 30004
6398830408413 259 -2.826904296875 1.65238392353058 0.01822876930237 40004
6702498036011 259 -0.01486206054688 1.00160932540894 0.00000333786011 50004
700616566369 259 -1.85589599609375 1.90416991710663 0.01116561889648 60004
7309833291211 259 -0.3038330078125 1.56886923313141 0.0021014213562 70004
761350091889 259 4.91094970703125 3.82661604881287 -0.03069591522217 80004
7917168546411 259 -0.10272216796875 0.29514488577843 -0.00000381469727 90004
518248217468 260 -1.6278064250946 -2.09797954559326 0.01084962114692 4
548782752569 260 -2.60652923583984 1.1315221786499 0.01666760444641 10004
579149515328 260 -4.22998046875 0.29766371846199 0.02744090557098 20004
609516278087 260 -0.00457763671875 0.22559556365013 -0.00000035762787 30004
6398830408413 260 -3.08868408203125 1.61115407943726 0.02031755447388 40004
6702498036011 260 -0.15899658203125 1.28777158260345 0.000004529953 50004
700616566369 260 -2.03814697265625 1.85741829872131 0.01320314407349 60004
7309833291211 260 -0.307373046875 1.58015382289886 0.00210762023926 70004
761350091889 260 4.81060791015625 4.1410436630249 -0.03069972991943 80004
7917168546411 260 -0.251220703125 0.48145654797554 0.00205659866333 90004
518248217469 261 0.00842845346779 0.04745817929506 0.00000000001091 4
548782752569 261 -2.8560791015625 1.04024660587311 0.01863974332809 10004
579149515328 261 -4.50439453125 0.30013063549995 0.02877986431122 20004
609516278087 261 0.00445556640625 0.4819863140583 -0.00000083446503 30004
6398830408413 261 -3.32550048828125 1.55412435531616 0.02031850814819 40004
6702498036011 261 -0.34140014648438 1.52790927886963 0.00205588340759 50004
700616566369 261 -2.21551513671875 1.81009745597839 0.01320362091064 60004
7309833291211 261 -0.30810546875 1.58015382289886 0.00211334228516 70004
761350091889 261 4.70562744140625 4.42961502075195 -0.03070259094238 80004
7917168546411 261 -0.40576171875 0.6444878578186 0.00205850601196 90004
518248217469 262 0.07164115458727 0.40339076519012 0.00000000023283 4
548782752569 262 -2.96067810058594 0.9415055513382 0.01863920688629 10004
579149515328 262 -4.83009338378906 0.17904812097549 0.031489610672 20004
609516278087 262 0.10653686523438 0.71295040845871 -0.00000202655792 30004
6398830408413 262 -3.59512329101563 1.40905261039734 0.02235841751099 40004
6702498036011 262 -0.70245361328125 1.75682687759399 0.00407409667969 50004
700616566369 262 -2.42425537109375 1.83338260650635 0.01521253585815 60004
7309833291211 262 -0.30902099609375 1.58015382289886 0.00212049484253 70004
761350091889 262 4.68731689453125 4.81663274765015 -0.03070831298828 80004
7917168546411 262 -0.585205078125 0.86051833629608 0.00409650802612 90004
518248217469 263 0.1192215681076 0.60706704854965 0.00000000098953 4
548782752569 263 -3.03185272216797 0.85303753614426 0.01863884925842 10004
579149515328 263 -5.03346252441406 0.08125782012939 0.03273606300354 20004
609516278087 263 0.14312744140625 0.77940881252289 -0.00000321865082 30004
6398830408413 263 -3.7711181640625 1.21641874313354 0.02444171905518 40004
6702498036011 263 -1.05291748046875 1.86198973655701 0.00611138343811 50004
700616566369 263 -2.53253173828125 1.81657004356384 0.01521348953247 60004
7309833291211 263 -0.309814453125 1.58015382289886 0.00212669372559 70004
761350091889 263 4.564208984375 5.12282276153564 -0.02868366241455 80004
7917168546411 263 -0.668701171875 1.08464872837067 0.00409841537476 90004
518248217469 264 0.14741922914982 0.77690809965134 0.00000000139698 4
548782752569 264 -3.08720397949219 0.77219432592392 0.02066248655319 10004
579149515328 264 -5.21804809570313 0.00524379080161 0.03398299217224 20004
609516278087 264 0.161865234375 0.80918824672699 -0.00000464916229 30004
6398830408413 264 -3.90167236328125 1.02845335006714 0.02444005012512 40004
6702498036011 264 -1.3609619140625 1.94377517700195 0.00826144218445 50004
700616566369 264 -2.63177490234375 1.78090262413025 0.01725363731384 60004
7309833291211 264 -0.3095703125 1.59564554691315 0.00213289260864 70004
761350091889 264 4.41461181640625 5.37453269958496 -0.02868843078613 80004
7917168546411 264 -0.7098388671875 1.30235779285431 0.00409984588623 90004
518248217469 265 0.09687407314777 1.0570604801178 0.00000000162981 4
548782752569 265 -3.12565612792969 0.68129605054855 0.02066159248352 10004
579149515328 265 -5.56500244140625 -0.01305784843862 0.03663337230682 20004
609516278087 265 0.18109130859375 0.88054215908051 -0.0011283159256 30004
6398830408413 265 -3.96533203125 0.84585851430893 0.02645325660706 40004
6702498036011 265 -1.58416748046875 2.111820936203 0.01028418540955 50004
700616566369 265 -2.87713623046875 1.67441892623901 0.01926183700562 60004
7309833291211 265 -0.30316162109375 1.71183347702026 0.00214004516602 70004
761350091889 265 4.18939208984375 5.54645872116089 -0.02661943435669 80004
7917168546411 265 -0.66131591796875 1.57824623584747 0.00410556793213 90004
518248217469 266 0.06368917226791 1.17432546615601 0.00000000180444 4
548782752569 266 -3.13319396972656 0.65343481302261 0.02066075801849 10004
579149515328 266 -5.85197448730469 0.06281338632107 0.0379296541214 20004
609516278087 266 0.1849365234375 0.89481294155121 -0.00112688541412 30004
6398830408413 266 -4.04977416992188 0.65115356445313 0.02645087242126 40004
6702498036011 266 -1.83331298828125 2.28729152679443 0.01235556602478 50004
700616566369 266 -3.04278564453125 1.54766726493835 0.01926279067993 60004
7309833291211 266 -0.280517578125 1.95992243289948 0.00215101242065 70004
761350091889 266 4.03021240234375 5.73112392425537 -0.02661848068237 80004
7917168546411 266 -0.640625 1.74772775173187 0.00410890579224 90004
518248217469 267 0.04061435163021 1.23555731773376 0.00000000194996 4
548782752569 267 -3.13304138183594 0.64375323057175 0.0206601023674 10004
579149515328 267 -6.09269714355469 0.14035737514496 0.03933095932007 20004
609516278087 267 0.18231201171875 0.90448766946793 -0.00112557411194 30004
6398830408413 267 -4.12921142578125 0.48633250594139 0.02644920349121 40004
6702498036011 267 -2.04974365234375 2.44965267181396 0.01235818862915 50004
700616566369 267 -3.17218017578125 1.42482972145081 0.02128958702087 60004
7309833291211 267 -0.26904296875 2.21277976036072 0.00216102600098 70004
761350091889 267 3.9093017578125 5.89534282684326 -0.02457237243652 80004
7917168546411 267 -0.62103271484375 1.87562358379364 0.00411176681519 90004
518248217469 268 0.04061429575086 1.23555731773376 0.00000000200816 4
548782752569 268 -3.13304138183594 0.64375323057175 0.02065920829773 10004
579149515328 268 -6.43898010253906 0.11054438352585 0.0419647693634 20004
609516278087 268 0.1429443359375 1.04960823059082 -0.00112426280975 30004
6398830408413 268 -4.24502563476563 0.38680601119995 0.02644681930542 40004
6702498036011 268 -2.22854614257813 2.75714826583862 0.01437520980835 50004
700616566369 268 -3.3653564453125 1.16409039497375 0.0212869644165 60004
7309833291211 268 -0.4173583984375 2.63288521766663 0.00216817855835 70004
761350091889 268 3.80767822265625 6.10442638397217 -0.02457237243652 80004
7917168546411 268 -0.50018310546875 2.07950353622437 0.00411558151245 90004
518248217469 269 0.04061424732208 1.23555731773376 0.00000000209548 4
548782752569 269 -3.13304138183594 0.64375323057175 0.02065843343735 10004
579149515328 269 -6.66355895996094 0.06406613439322 0.04319560527802 20004
609516278087 269 0.1324462890625 1.08830690383911 -0.00112283229828 30004
6398830408413 269 -4.40939331054688 0.30040273070335 0.02847909927368 40004
6702498036011 269 -2.36871337890625 3.07805895805359 0.01437616348267 50004
700616566369 269 -3.54925537109375 0.95196080207825 0.02332663536072 60004
7309833291212 269 -0.0087890625 0.20843528211117 0.00000095367432 70004
7613500918810 269 -0.0296630859375 0.06323327124119 0 80004
7917168546411 269 -0.32952880859375 2.2278003692627 0.00299692153931 90004
518248217469 270 0.03265060484409 1.23941338062286 0.00000000216824 4
548782752569 270 -3.13304138183594 0.64375323057175 0.02065771818161 10004
579149515329 270 0.00579833984375 0.01244090963155 0 20004
609516278087 270 0.1324462890625 1.08830690383911 -0.0011214017868 30004
6398830408413 270 -4.57647705078125 0.22266505658627 0.02847719192505 40004
6702498036011 270 -2.48086547851563 3.38485336303711 0.01639866828918 50004
700616566369 270 -3.7200927734375 0.77174615859985 0.02332496643066 60004
7309833291212 270 -0.016845703125 0.47446000576019 0.00000286102295 70004
7613500918810 270 -0.07855224609375 0.15113545954227 0 80004
7917168546412 270 0.00860595703125 0.02565779350698 0 90004
518248217469 271 -0.08677139878273 1.29723811149597 0.00000000197906 4
548782752569 271 -3.13304138183594 0.64375323057175 0.02065682411194 10004
579149515329 271 0.0927734375 0.19905453920364 -0.00000095367432 20004
609516278087 271 0.1324462890625 1.08830690383911 -0.00111961364746 30004
6398830408413 271 -4.63589477539063 0.15408700704575 0.03049278259277 40004
6702498036011 271 -2.46621704101563 3.60671854019165 0.01640224456787 50004
700616566369 271 -3.8555908203125 0.68284344673157 0.02536678314209 60004
7309833291212 271 0.0234375 0.6435170173645 0.00000476837158 70004
7613500918810 271 -0.2685546875 0.31039175391197 0.00201654434204 80004
7917168546412 271 0.1376953125 0.410524725914 -0.00000762939453 90004
518248217469 272 -0.13304290175438 1.31559860706329 0.00171702099033 4
548782752569 272 -3.02445983886719 0.53692680597305 0.01953250169754 10004
579149515329 272 0.17196655273438 0.35481399297714 -0.00000190734863 20004
609516278087 272 0.150146484375 1.22659683227539 -0.00111746788025 30004
6398830408413 272 -4.65206909179688 0.13579952716827 0.03049278259277 40004
6702498036011 272 -2.46902465820313 3.95053291320801 0.0164053440094 50004
700616566369 272 -3.9515380859375 0.62084007263184 0.0253643989563 60004
7309833291212 272 0 0.85715484619141 0.00000762939453 70004
7613500918810 272 -0.501220703125 0.45127657055855 0.00405311584473 80004
7917168546412 272 0.1416015625 0.78201937675476 -0.00001287460327 90004
518248217469 273 -0.14748387038708 1.31854295730591 0.00171702099033 4
548782752569 273 -2.87145233154297 0.38838645815849 0.01953256130219 10004
579149515329 273 0.23779296875 0.50384056568146 -0.00112545490265 20004
609516278087 273 0.15618896484375 1.40316009521484 -0.00111532211304 30004
6398830408414 273 0 -0 0 40004
6702498036011 273 -2.45700073242188 4.28154993057251 0.01640868186951 50004
700616566369 273 -4.0113525390625 0.58254408836365 0.02536225318909 60004
7309833291212 273 -0.061767578125 1.06297159194946 0.00000858306885 70004
7613500918810 273 -0.7196044921875 0.55699282884598 0.00405120849609 80004
7917168546412 273 0.083251953125 1.09726452827454 -0.0000147819519 90004
518248217469 274 -0.14748364686966 1.31854295730591 0.00171702099033 4
548782752569 274 -2.53820037841797 0.07567930966616 0.01728570461273 10004
579149515329 274 0.31149291992188 0.82657110691071 -0.00112640857697 20004
609516278087 274 0.06875610351563 1.69021010398865 -0.00111377239227 30004
6398830408414 274 0 -0 0 40004
6702498036011 274 -2.31646728515625 4.62928581237793 0.01529240608215 50004
700616566369 274 -4.0113525390625 0.58254408836365 0.0253586769104 60004
7309833291212 274 -0.26910400390625 1.34242737293243 0.0020546913147 70004
7613500918810 274 -0.992431640625 0.61174207925797 0.00615739822388 80004
7917168546412 274 -0.12548828125 1.44512736797333 -0.00001955032349 90004
518248217469 275 -0.1474834382534 1.31854295730591 0.00171702099033 4
548782752569 275 -2.26674652099609 -0.252162784338 0.01503849029541 10004
579149515329 275 0.3765869140625 0.97315096855164 -0.00225162506104 20004
609516278087 275 0.05865478515625 2.02675318717957 -0.0011123418808 30004
6398830408414 275 0.0228271484375 0.04483337700367 -0.00000143051147 40004
6702498036011 275 -2.08639526367188 4.93836069107056 0.01417398452759 50004
700616566369 275 -4.0194091796875 0.57930845022202 0.02535605430603 60004
7309833291212 275 -0.5013427734375 1.5012491941452 0.00206184387207 70004
7613500918810 275 -1.271240234375 0.6599879860878 0.00820684432983 80004
7917168546412 275 -0.40692138671875 1.69193029403687 0.00202083587646 90004
518248217469 276 -0.14748324453831 1.31854295730591 0.00171702099033 4
548782752569 276 -2.07244873046875 -0.58812838792801 0.01391470432281 10004
579149515329 276 0.45545959472656 1.10150825977325 -0.00225472450256 20004
609516278087 276 0.0615234375 2.34125065803528 -0.0011111497879 30004
6398830408414 276 0.04150390625 0.08151521533728 -0.00000143051147 40004
6702498036011 276 -1.87112426757813 5.16010808944702 0.01305627822876 50004
700616566369 276 -4.0523681640625 0.55949878692627 0.02535367012024 60004
7309833291212 276 -0.7501220703125 1.59110474586487 0.00417709350586 70004
7613500918810 276 -1.5274658203125 0.70146542787552 0.01030874252319 80004
7917168546412 276 -0.671142578125 1.90077781677246 0.00412654876709 90004
518248217469 277 -0.14748302102089 1.31854295730591 0.00171702099033 4
548782752569 277 -1.97219085693359 -1.03401851654053 0.01279038190842 10004
579149515329 277 0.59587097167969 1.33115363121033 -0.00338065624237 20004
609516278087 277 0.04962158203125 2.66418147087097 -0.00110971927643 30004
6398830408414 277 0.04150390625 0.08151521533728 -0.00000143051147 40004
6702498036011 277 -1.6815185546875 5.25674629211426 0.01193976402283 50004
700616566369 277 -4.151123046875 0.49514007568359 0.02738046646118 60004
7309833291212 277 -1.0980224609375 1.61225306987762 0.00622797012329 70004
7613500918810 277 -1.800537109375 0.74257475137711 0.01230335235596 80004
7917168546412 277 -0.92657470703125 2.14018106460571 0.00614213943481 90004
518248217469 278 -0.24214278161526 1.23895680904388 0.00171702099033 4
548782752569 278 -2.02141571044922 -1.31962299346924 0.01278954744339 10004
579149515329 278 0.64566040039063 1.44044077396393 -0.00338137149811 20004
609516278088 278 -0.10867309570313 0.23320837318897 -0.00000107288361 30004
6398830408414 278 0.094970703125 0.19236397743225 -0.00000238418579 40004
6702498036012 278 -0.005859375 0.03412360325456 0.00000095367432 50004
700616566369 278 -4.246337890625 0.42948198318481 0.02737832069397 60004
7309833291212 278 -1.3739013671875 1.73144125938416 0.00829887390137 70004
7613500918810 278 -2.03778076171875 0.68064266443253 0.01230096817017 80004
7917168546412 278 -1.15966796875 2.3126163482666 0.00817918777466 90004
518248217469 279 -0.31512254476547 1.16750478744507 0.0017170207575 4
548782752569 279 -2.05522918701172 -1.54461324214935 0.01278895139694 10004
579149515329 279 0.70639038085938 1.55057644844055 -0.00450551509857 20004
609516278088 279 -0.20889282226563 0.431650608778 0.00204944610596 30004
6398830408414 279 0.15725708007813 0.32175064086914 -0.00000286102295 40004
6702498036012 279 -0.00820922851563 0.08059176802635 0.00000262260437 50004
700616566369 279 -4.3233642578125 0.35786035656929 0.02737665176392 60004
7309833291212 279 -1.576904296875 1.83052480220795 0.01033353805542 70004
7613500918810 279 -2.2301025390625 0.59650295972824 0.0142993927002 80004
7917168546413 279 -0.0076904296875 0.07100747525692 -0.00000047683716 90004
518248217469 280 -0.36126571893692 1.08161008358002 0.00171702052467 4
548782752569 280 -2.03899383544922 -1.79850590229034 0.01278811693192 10004
579149515329 280 0.86404418945313 1.77216863632202 -0.00450909137726 20004
609516278088 280 -0.33920288085938 0.63217741250992 0.0020489692688 30004
6398830408414 280 0.28158569335938 0.58069235086441 -0.00112724304199 40004
6702498036012 280 -0.00094604492188 0.19128084182739 0.00000596046448 50004
700616566369 280 -4.4071044921875 0.21454730629921 0.02737426757813 60004
7309833291212 280 -1.7392578125 1.92649328708649 0.01033353805542 70004
7613500918810 280 -2.4462890625 0.4050549864769 0.01629972457886 80004
7917168546413 280 -0.0435791015625 0.40237563848495 -0.00000381469727 90004
518248217469 281 -0.41941732168198 0.85533636808395 0.00171702064108 4
548782752569 281 -2.04726409912109 -1.88298225402832 0.01278728246689 10004
579149515329 281 1.00357055664063 2.00608968734741 -0.00563204288483 20004
609516278088 281 -0.4000244140625 0.90869826078415 0.00204861164093 30004
6398830408414 281 0.39382934570313 0.84512674808502 -0.00225114822388 40004
6702498036012 281 0.00228881835938 0.25511088967323 0.00000739097595 50004
700616566369 281 -4.432373046875 0.17581714689732 0.02940082550049 60004
7309833291212 281 -2.00958251953125 2.04647493362427 0.01237154006958 70004
7613500918810 281 -2.61480712890625 0.24471864104271 0.01629734039307 80004
7917168546413 281 -0.11572265625 0.710140645504 -0.00000619888306 90004
518248217469 282 -0.44382876157761 0.61391991376877 0.00372885493562 4
548782752569 282 -2.05687713623047 -1.90758562088013 0.01278656721115 10004
579149515329 282 1.10382080078125 2.21443009376526 -0.00675511360168 20004
609516278088 282 -0.41531372070313 1.16305899620056 0.00204837322235 30004
6398830408414 282 0.47586059570313 1.06028139591217 -0.00225162506104 40004
6702498036012 282 0.003662109375 0.28792905807495 0.00000810623169 50004
700616566369 282 -4.4495849609375 0.15647301077843 0.0293984413147 60004
7309833291212 282 -2.2313232421875 2.14632248878479 0.01443529129028 70004
7613500918810 282 -2.7318115234375 0.12499583512545 0.01835489273071 80004
7917168546413 282 -0.18695068359375 0.97290128469467 0.00202751159668 90004
518248217469 283 -0.3735109269619 0.28105112910271 0.00260581052862 4
548782752569 283 -2.05687713623047 -1.90758562088013 0.01278573274612 10004
579149515329 283 1.16790771484375 2.47483992576599 -0.00675511360168 20004
609516278088 283 -0.36105346679688 1.45833611488342 0.00204765796661 30004
6398830408414 283 0.53182983398438 1.26653945446014 -0.0033745765686 40004
6702498036012 283 0.003662109375 0.28792905807495 0.00000810623169 50004
700616566369 283 -4.501708984375 0.09682315587997 0.02939558029175 60004
7309833291212 283 -2.368896484375 2.23268294334412 0.01443576812744 70004
7613500918810 283 -2.811279296875 0.02184354141355 0.01835250854492 80004
7917168546413 283 -0.27325439453125 1.29513490200043 0.00203037261963 90004
518248217469 284 -0.25576689839363 -0.01677532494068 0.00260580983013 4
548782752569 284 -2.06076812744141 -1.92774152755737 0.01278495788574 10004
5791495153210 284 -0.07589721679688 0.19246025383472 0 20004
609516278088 284 -0.390625 1.73205947875977 0.00204718112946 30004
6398830408414 284 0.511474609375 1.49859714508057 -0.00337505340576 40004
6702498036012 284 0.003662109375 0.28792905807495 0.00000810623169 50004
7006165663610 284 0.0213623046875 0.20054534077644 -0.00000143051147 60004
7309833291212 284 -2.43560791015625 2.26069211959839 0.01643705368042 70004
7613500918810 284 -2.89300537109375 -0.18533100187778 0.01835060119629 80004
7917168546413 284 -0.4132080078125 1.50894200801849 0.00203418731689 90004
518248217469 285 -0.1440382450819 -0.25319418311119 0.001482762862 4
548782752569 285 -2.067138671875 -1.95924377441406 0.01278436183929 10004
5791495153210 285 -0.15049743652344 0.40555486083031 0.00108218193054 20004
609516278088 285 -0.4444580078125 1.95984435081482 0.00204706192017 30004
6398830408414 285 0.4674072265625 1.70330536365509 -0.00337529182434 40004
6702498036012 285 0.0067138671875 0.29907777905464 0.00000858306885 50004
7006165663610 285 0.03802490234375 0.42550301551819 -0.00000286102295 60004
7309833291212 285 -2.475830078125 2.27027916908264 0.01643705368042 70004
7613500918810 285 -2.963623046875 -0.37757694721222 0.01834964752197 80004
7917168546413 285 -0.54791259765625 1.67353320121765 0.00407266616821 90004
518248217469 286 -0.01732170581818 -0.39205795526505 0.00035971601028 4
548782752569 286 -2.10185241699219 -2.11809253692627 0.01278364658356 10004
5791495153210 286 -0.13325500488281 0.69471299648285 0.00108170509338 20004
609516278088 286 -0.62124633789063 2.20253682136536 0.00404894351959 30004
6398830408414 286 0.3033447265625 1.93918693065643 -0.00131320953369 40004
6702498036012 286 0.0494384765625 0.45515987277031 0.00001096725464 50004
7006165663610 286 -0.02777099609375 0.76727735996246 -0.00000405311584 60004
7309833291212 286 -2.5177001953125 2.27145075798035 0.01643705368042 70004
7613500918810 286 -3.04681396484375 -0.47803235054016 0.02037334442139 80004
7917168546413 286 -0.73333740234375 1.95121145248413 0.00407552719116 90004
518248217469 287 0.07874979823828 -0.52262586355209 0.00035971665056 4
548782752569 287 -2.06117248535156 -2.41058230400085 0.01278239488602 10004
5791495153210 287 -0.19564819335938 0.97122597694397 0.00108027458191 20004
609516278089 287 0.08432006835938 0.18087518215179 -0.00000047683716 30004
6398830408414 287 0.2041015625 2.15776205062866 -0.00131344795227 40004
6702498036012 287 0.0504150390625 0.59452027082443 0.00001263618469 50004
7006165663610 287 -0.14190673828125 1.13355231285095 -0.00000429153442 60004
7309833291212 287 -2.54913330078125 2.26588892936707 0.01643705368042 70004
7613500918810 287 -3.0772705078125 -0.51390928030014 0.02037620544434 80004
7917168546413 287 -0.86767578125 2.23887753486633 0.00609302520752 90004
518248217469 288 0.14085349440575 -0.62158876657486 -0.00076332973549 4
548782752569 288 -1.98371887207031 -2.71891331672668 0.0127809047699 10004
5791495153210 288 -0.29046630859375 1.20018792152405 0.00107872486115 20004
609516278089 288 0.1873779296875 0.42411980032921 -0.00112426280975 30004
6398830408415 288 0.0003662109375 0.00119369779713 0 40004
6702498036012 288 0.032958984375 0.69671857357025 0.00001382827759 50004
7006165663610 288 -0.2626953125 1.45896816253662 0.00204682350159 60004
7309833291212 288 -2.57879638671875 2.24898910522461 0.01643705368042 70004
7613500918810 288 -3.08416748046875 -0.52182620763779 0.02037906646729 80004
7917168546414 288 -0.009765625 0.02093785069883 0 90004
518248217469 289 0.14085349440575 -0.62158876657486 -0.00076332973549 4
548782752569 289 -1.79499053955078 -3.02158665657043 0.01165688037872 10004
5791495153210 289 -0.46119689941406 1.45936489105225 0.00310671329498 20004
609516278089 289 0.1873779296875 0.75674241781235 -0.00112247467041 30004
6398830408415 289 0.005859375 0.01909916475415 -0.00000047683716 40004
6702498036012 289 0.032958984375 0.69671857357025 0.00001740455627 50004
7006165663610 289 -0.420166015625 1.86296784877777 0.00203990936279 60004
7309833291212 289 -2.72161865234375 2.10512971878052 0.01643705368042 70004
7613500918810 289 -3.17755126953125 -0.64058011770248 0.02038192749023 80004
7917168546414 289 -0.15625 0.33500561118126 -0.00000333786011 90004
518248217469 290 0.1952917277813 -0.65461307764053 -0.00076332892058 4
5487827525610 290 0.05843353271484 0.20302541553974 -0.00000035762787 10004
5791495153210 290 -0.60356140136719 1.66919016838074 0.00310659408569 20004
609516278089 290 0.25082397460938 1.03466403484344 -0.00112056732178 30004
6398830408415 290 0.01199340820313 0.03004905767739 -0.00000047683716 40004
6702498036012 290 0.032958984375 0.69671857357025 0.0000205039978 50004
7006165663610 290 -0.53173828125 2.08979940414429 0.00406694412231 60004
7309833291212 290 -2.79156494140625 1.97789204120636 0.018470287323 70004
7613500918810 290 -3.27276611328125 -0.84149843454361 0.02038431167603 80004
7917168546414 290 -0.27789306640625 0.60996472835541 0.00201320648193 90004
518248217469 291 0.30426827073097 -0.71185237169266 -0.00188637408428 4
5487827525610 291 0.12378692626953 0.48966079950333 -0.00000077486038 10004
5791495153210 291 -0.76287841796875 1.8880021572113 0.00510799884796 20004
609516278089 291 0.35995483398438 1.31790018081665 -0.00224173069 30004
6398830408415 291 0.0177001953125 0.03759638220072 -0.00000047683716 40004
6702498036012 291 0.032958984375 0.69671857357025 0.00002384185791 50004
7006165663610 291 -0.6688232421875 2.30237030982971 0.00406551361084 60004
7309833291212 291 -2.83013916015625 1.8610680103302 0.018470287323 70004
7613500918810 291 -3.40447998046875 -1.09027993679047 0.02242422103882 80004
7917168546414 291 -0.423828125 0.88405048847198 0.00201559066772 90004
518248217469 292 0.5166123509407 -0.79630994796753 -0.00300942012109 4
5487827525610 292 0.09346008300781 0.6822282075882 -0.00000113248825 10004
5791495153210 292 -0.96682739257813 2.12192559242249 0.00510859489441 20004
609516278089 292 0.51788330078125 1.57772219181061 -0.00223982334137 30004
6398830408415 292 0.0177001953125 0.03759638220072 -0.00000047683716 40004
6702498036012 292 0.032958984375 0.69671857357025 0.0000274181366 50004
7006165663610 292 -0.92791748046875 2.63739967346191 0.00613951683044 60004
7309833291212 292 -2.82830810546875 1.8200695514679 0.018470287323 70004
7613500918810 292 -3.63336181640625 -1.29987847805023 0.02242660522461 80004
7917168546414 292 -0.64996337890625 1.08598816394806 0.00406169891357 90004
518248217469 293 0.62498956918716 -0.83750915527344 -0.00300941476598 4
5487827525610 293 0.01800537109375 0.96168887615204 -0.00000190734863 10004
5791495153210 293 -1.13368225097656 2.25104117393494 0.00716626644135 20004
609516278089 293 0.615478515625 1.86722505092621 -0.00336074829102 30004
6398830408415 293 0.0177001953125 0.03759638220072 -0.00000047683716 40004
6702498036012 293 0.032958984375 0.69671857357025 0.0000307559967 50004
7006165663611 293 -0.0966796875 0.26782211661339 -0.00000071525574 60004
7309833291212 293 -2.79583740234375 1.75193524360657 0.018470287323 70004
7613500918810 293 -3.78350830078125 -1.54488790035248 0.02443408966064 80004
7917168546414 293 -0.85223388671875 1.33094036579132 0.00615406036377 90004
518248217469 294 0.79190802574158 -0.88717406988144 -0.00413246406242 4
5487827525610 294 -0.01788330078125 1.20253825187683 -0.00000214576721 10004
5791495153211 294 0.025634765625 0.0786452293396 0 20004
609516278089 294 0.70150756835938 2.16550707817078 -0.00448215007782 30004
6398830408415 294 0.037841796875 0.0671304538846 -0.00000095367432 40004
6702498036012 294 0.032958984375 0.69671857357025 0.00003409385681 50004
7006165663611 294 -0.2611083984375 0.54732221364975 0.00208497047424 60004
7309833291212 294 -2.75531005859375 1.6875638961792 0.018470287323 70004
7613500918810 294 -3.91326904296875 -1.72615253925323 0.0244255065918 80004
7917168546414 294 -1.05816650390625 1.57804548740387 0.00615644454956 90004
518248217469 295 1.10577607154846 -0.94775456190109 -0.00637855846435 4
5487827525610 295 0.02410888671875 1.39245653152466 -0.0000022649765 10004
5791495153211 295 0.0908203125 0.29319101572037 -0.00000143051147 20004
6095162780810 295 0.0084228515625 0.02860422804952 -0.00000023841858 30004
6398830408415 295 0.0848388671875 0.13604329526424 -0.00000238418579 40004
6702498036012 295 0.00927734375 0.70092642307281 0.0000376701355 50004
7006165663611 295 -0.5389404296875 0.79923540353775 0.00412631034851 60004
7309833291212 295 -2.69598388671875 1.62276554107666 0.01846933364868 70004
7613500918810 295 -4.05255126953125 -1.82933747768402 0.02646112442017 80004
7917168546414 295 -1.29571533203125 1.85456907749176 0.0082483291626 90004
518248217469 296 1.47304105758667 -0.88233631849289 -0.00862464308739 4
5487827525610 296 0.13397216796875 1.56266164779663 -0.00000286102295 10004
5791495153211 296 0.131103515625 0.52599287033081 -0.00000262260437 20004
6095162780810 296 0.07159423828125 0.24313597381115 -0.00000166893005 30004
6398830408415 296 0.0848388671875 0.13604329526424 -0.00000238418579 40004
6702498036012 296 -0.1683349609375 0.73248529434204 0.00003910064697 50004
7006165663611 296 -0.87310791015625 0.92192590236664 0.00613522529602 60004
7309833291212 296 -2.58428955078125 1.53215157985687 0.01734590530396 70004
7613500918810 296 -4.21917724609375 -1.96349442005157 0.02644968032837 80004
7917168546414 296 -1.4814453125 2.14780592918396 0.01032447814941 90004
518248217469 297 1.72734749317169 -0.85698348283768 -0.01087072398514 4
5487827525610 297 0.3118896484375 1.73331868648529 -0.00112724304199 10004
5791495153211 297 0.06967163085938 0.82885241508484 -0.00000286102295 20004
6095162780810 297 0.1339111328125 0.46275469660759 -0.00000429153442 30004
6398830408415 297 0.20904541015625 0.23355057835579 -0.00112533569336 40004
6702498036012 297 -0.43386840820313 0.73220711946487 0.00210690498352 50004
7006165663611 297 -1.1588134765625 0.95917445421219 0.00814962387085 60004
7309833291212 297 -2.502197265625 1.3921275138855 0.01622295379639 70004
7613500918810 297 -4.4036865234375 -2.13527703285217 0.02850151062012 80004
7917168546414 297 -1.5399169921875 2.37664461135864 0.01032590866089 90004
518248217469 298 1.90170526504517 -0.83238607645035 -0.01199375931174 4
5487827525610 298 0.48851776123047 1.89557242393494 -0.00225156545639 10004
5791495153211 298 -0.01570129394531 1.0723032951355 -0.00000298023224 20004
6095162780810 298 0.18508911132813 0.64199632406235 -0.00112915039063 30004
6398830408415 298 0.33712768554688 0.36567711830139 -0.00112581253052 40004
6702498036012 298 -0.65274047851563 0.71246641874313 0.00414276123047 50004
7006165663611 298 -1.40435791015625 0.99193441867828 0.00814890861511 60004
7309833291212 298 -2.4267578125 1.26873409748077 0.01622295379639 70004
7613500918810 298 -4.570556640625 -2.2705454826355 0.02849388122559 80004
7917168546415 298 -0.00494384765625 0.05794031918049 -0.00000047683716 90004
518248217469 299 2.03364109992981 -0.75960999727249 -0.01199373975396 4
5487827525610 299 0.73403930664063 2.14793038368225 -0.00449776649475 10004
5791495153211 299 -0.15809631347656 1.24096310138702 -0.00000321865082 20004
6095162780810 299 0.23773193359375 0.81529027223587 -0.00112700462341 30004
6398830408415 299 0.46942138671875 0.627416908741 -0.00224924087524 40004
6702498036012 299 -0.80654907226563 0.64072179794312 0.00414490699768 50004
7006165663611 299 -1.73590087890625 1.10373616218567 0.01026773452759 60004
7309833291212 299 -2.29400634765625 1.15045404434204 0.01510000228882 70004
7613500918810 299 -4.78570556640625 -2.35390496253967 0.03055906295776 80004
7917168546415 299 -0.0296630859375 0.3476420044899 -0.00000381469727 90004
518248217469 300 2.13773632049561 -0.74403697252274 -0.0131167517975 4
5487827525610 300 1.00457000732422 2.33243227005005 -0.00562167167664 10004
5791495153211 300 -0.30000305175781 1.48026633262634 0.00202000141144 20004
6095162780810 300 0.25244140625 0.87588912248611 -0.00112569332123 30004
6398830408415 300 0.50244140625 0.76519221067429 -0.00225114822388 40004
6702498036012 300 -1.01345825195313 0.42214667797089 0.00620365142822 50004
7006165663611 300 -2.05706787109375 1.18643498420715 0.01240849494934 60004
7309833291212 300 -2.27337646484375 1.13373208045959 0.01509952545166 70004
7613500918810 300 -4.95428466796875 -2.51054835319519 0.03262329101563 80004
7917168546415 300 0.071044921875 0.67075544595718 -0.00000715255737 90004
518248217469 301 2.19538116455078 -0.74012607336044 -0.01311671268195 4
5487827525611 301 -0.02784729003906 0.08659043163061 0 10004
5791495153211 301 -0.40385437011719 1.66238272190094 0.00201809406281 20004
6095162780810 301 0.257568359375 0.90088444948196 -0.00112450122833 30004
6398830408415 301 0.52536010742188 0.87417161464691 -0.00337553024292 40004
6702498036012 301 -1.21676635742188 0.19232752919197 0.00826978683472 50004
7006165663611 301 -2.3585205078125 1.25170028209686 0.014488697052 60004
7309833291212 301 -2.27142333984375 1.13309788703918 0.01509952545166 70004
7613500918810 301 -5.0655517578125 -2.63444805145264 0.03262042999268 80004
7917168546415 301 0.1531982421875 0.98594290018082 -0.00001668930054 90004
518248217469 302 2.19538116455078 -0.74012607336044 -0.01311665680259 4
5487827525611 302 -0.11135864257813 0.34636178612709 -0.00000011920929 10004
5791495153211 302 -0.46931457519531 1.77517139911652 0.00201630592346 20004
6095162780810 302 0.257568359375 0.90088444948196 -0.00112271308899 30004
6398830408415 302 0.5633544921875 0.99535650014877 -0.00337696075439 40004
6702498036012 302 -1.45388793945313 -0.0791115835309 0.00827193260193 50004
7006165663611 302 -2.70916748046875 1.31191229820251 0.01658463478088 60004
7309833291212 302 -2.27142333984375 1.13309788703918 0.01509952545166 70004
7613500918810 302 -5.11956787109375 -2.71508955955505 0.03261709213257 80004
7917168546415 302 0.191650390625 1.36253213882446 -0.00114727020264 90004
518248217469 303 2.19538116455078 -0.74012607336044 -0.01311660092324 4
5487827525611 303 -0.07633209228516 0.62327814102173 -0.00000083446503 10004
5791495153211 303 -0.4921875 1.88172054290771 0.00402367115021 20004
6095162780810 303 0.27359008789063 0.91558027267456 -0.00112128257751 30004
6398830408415 303 0.5633544921875 0.99535650014877 -0.00337696075439 40004
6702498036012 303 -1.55276489257813 -0.32722517848015 0.01030993461609 50004
7006165663611 303 -3.0048828125 1.23599863052368 0.01864528656006 60004
7309833291212 303 -2.18536376953125 1.13953697681427 0.01509857177734 70004
7613500918810 303 -5.14154052734375 -2.82241368293762 0.03261375427246 80004
7917168546415 303 0.37200927734375 1.69558024406433 -0.0022759437561 90004
518248217469 304 2.19538116455078 -0.74012607336044 -0.01311654876918 4
5487827525611 304 -0.05247497558594 0.78304767608643 -0.00000083446503 10004
5791495153211 304 -0.47962951660156 2.00542235374451 0.00402247905731 20004
6095162780810 304 0.2789306640625 0.92047888040543 -0.00111973285675 30004
6398830408415 304 0.5633544921875 0.99535650014877 -0.00337696075439 40004
6702498036012 304 -1.70849609375 -0.57422739267349 0.0103132724762 50004
7006165663611 304 -3.31341552734375 1.22040688991547 0.02067375183105 60004
7309833291212 304 -2.1297607421875 1.13997745513916 0.01397562026978 70004
7613500918810 304 -5.134033203125 -3.0161018371582 0.03260898590088 80004
7917168546415 304 0.6136474609375 1.94207036495209 -0.00340175628662 90004
5182482174610 305 0 -0 0 4
5487827525611 305 -0.03341674804688 0.90417110919952 -0.00000095367432 10004
5791495153211 305 -0.4688720703125 2.17809009552002 0.00402057170868 20004
6095162780810 305 0.27984619140625 0.92133593559265 -0.00111830234528 30004
6398830408415 305 0.54055786132813 1.01901531219482 -0.00337696075439 40004
6702498036012 305 -1.92218017578125 -0.80918872356415 0.01238703727722 50004
7006165663611 305 -3.617431640625 1.21826195716858 0.02273082733154 60004
7309833291212 305 -2.06097412109375 1.12866997718811 0.01397562026978 70004
7613500918810 305 -5.1025390625 -3.24798917770386 0.03260231018066 80004
7917168546415 305 0.8857421875 2.16361880302429 -0.00564241409302 90004
5182482174610 306 0 -0 0 4
5487827525611 306 -0.0128173828125 1.09750831127167 -0.00000107288361 10004
5791495153211 306 -0.5384521484375 2.5025622844696 0.00401961803436 20004
6095162780810 306 0.284423828125 0.92562121152878 -0.00111722946167 30004
6398830408415 306 0.42657470703125 1.1373096704483 -0.00337719917297 40004
6702498036012 306 -2.23992919921875 -0.9799542427063 0.01441526412964 50004
7006165663611 306 -3.85272216796875 1.14818120002747 0.02474355697632 60004
7309833291212 306 -1.88214111328125 1.08255743980408 0.01285648345947 70004
7613500918810 306 -5.03570556640625 -3.44239926338196 0.03259563446045 80004
7917168546415 306 1.138427734375 2.44345903396606 -0.00675535202026 90004
5182482174610 307 0.00298580783419 0.00531793292612 0 4
5487827525611 307 -0.01611328125 1.3320597410202 -0.00000113248825 10004
5791495153212 307 0.01446533203125 0.13164068758488 -0.00000011920929 20004
6095162780810 307 0.2850341796875 0.92619258165359 -0.00111556053162 30004
6398830408415 307 0.2249755859375 1.22496831417084 -0.00130677223206 40004
6702498036012 307 -2.4140625 -1.17933106422424 0.01641964912415 50004
7006165663611 307 -4.09869384765625 1.03113102912903 0.02676296234131 60004
7309833291212 307 -1.70465087890625 1.08697199821472 0.01174354553223 70004
7613500918810 307 -5.00848388671875 -3.61076235771179 0.03258800506592 80004
7917168546416 307 0.109130859375 0.25433602929115 -0.00000476837158 90004
5182482174610 308 0.00652504945174 0.02940273843706 0.00000000001819 4
5487827525611 308 -0.02630615234375 1.55930888652802 -0.0000011920929 10004
5791495153212 308 0.03057861328125 0.32210019230843 -0.00000047683716 20004
6095162780810 308 0.2940673828125 0.94358617067337 -0.00111329555511 30004
6398830408415 308 -0.01974487304688 1.30162179470062 0.00077819824219 40004
6702498036012 308 -2.54443359375 -1.3248827457428 0.01642322540283 50004
7006165663611 308 -4.3944091796875 0.93538546562195 0.02887535095215 60004
7309833291212 308 -1.4390869140625 1.18359732627869 0.00950193405151 70004
7613500918810 308 -4.97674560546875 -3.81261134147644 0.03257656097412 80004
7917168546416 308 0.176513671875 0.60837113857269 -0.00113248825073 90004
5182482174610 309 -0.00928767304868 0.11693905293941 0.00000000004366 4
5487827525611 309 -0.05950927734375 1.74024617671967 -0.00000131130219 10004
5791495153212 309 0.048095703125 0.49841323494911 -0.00000071525574 20004
6095162780810 309 0.30810546875 0.97431379556656 -0.00111103057861 30004
6398830408415 309 -0.22775268554688 1.3522766828537 0.00077748298645 40004
6702498036012 309 -2.6602783203125 -1.41834235191345 0.0164270401001 50004
7006165663611 309 -4.70428466796875 0.85042428970337 0.03097772598267 60004
7309833291212 309 -1.1212158203125 1.37249207496643 0.00725650787354 70004
7613500918810 309 -4.93255615234375 -4.01677227020264 0.03256320953369 80004
7917168546416 309 0.126953125 0.96750271320343 -0.00113725662231 90004
5182482174610 310 -0.07729540765285 0.32965597510338 -0.00000000011642 4
5487827525611 310 -0.14926910400391 1.92337191104889 -0.00000166893005 10004
5791495153212 310 0.077392578125 0.58190506696701 -0.00000190734863 20004
6095162780810 310 0.3099365234375 0.99170345067978 -0.00110995769501 30004
6398830408415 310 -0.32937622070313 1.38062942028046 0.00280213356018 40004
6702498036012 310 -2.85574340820313 -1.61236798763275 0.0184953212738 50004
7006165663611 310 -5.0091552734375 0.66649091243744 0.03307199478149 60004
7309833291212 310 -0.84197998046875 1.5769407749176 0.00614786148071 70004
7613500918810 310 -4.876708984375 -4.18113088607788 0.03143167495728 80004
7917168546416 310 -0.02886962890625 1.27655923366547 0.00092649459839 90004
5182482174610 311 -0.08108560740948 0.68869203329086 -0.00000000017462 4
5487827525611 311 -0.23137664794922 2.09902548789978 0.00201225280762 10004
5791495153212 311 0.079345703125 0.58747118711472 -0.00000381469727 20004
6095162780810 311 0.31005859375 0.99286276102066 -0.00110995769501 30004
6398830408415 311 -0.34597778320313 1.3815850019455 0.0028018951416 40004
6702498036012 311 -3.13510131835938 -1.72102952003479 0.02052187919617 50004
7006165663611 311 -5.17987060546875 0.43022906780243 0.03307175636292 60004
7309833291212 311 -0.6593017578125 1.86969256401062 0.00503873825073 70004
7613500918810 311 -4.76531982421875 -4.30493450164795 0.03142404556274 80004
7917168546416 311 -0.2939453125 1.4971809387207 0.00092887878418 90004
5182482174610 312 -0.08473682403564 0.94725966453552 -0.00000000023283 4
5487827525611 312 -0.35039520263672 2.24154877662659 0.0020118355751 10004
5791495153212 312 0.0870361328125 0.59801870584488 -0.00000476837158 20004
6095162780810 312 0.31719970703125 1.02341830730438 -0.00110948085785 30004
6398830408415 312 -0.48257446289063 1.35435485839844 0.00279808044434 40004
6702498036012 312 -3.43585205078125 -1.76517939567566 0.02253770828247 50004
7006165663611 312 -5.30145263671875 0.29976472258568 0.03307199478149 60004
7309833291213 312 0.017578125 0.26864016056061 0.00000190734863 70004
7613500918811 312 -0.04449462890625 0.09541515260935 -0.00000047683716 80004
7917168546416 312 -0.52447509765625 1.65224015712738 0.00295448303223 90004
5182482174610 313 -0.06852854043245 1.13238966464996 -0.00000000043656 4
5487827525612 313 -0.01240539550781 0.02658521384001 -0.00000005960464 10004
5791495153212 313 0.11767578125 0.63155919313431 -0.00000536441803 20004
6095162780810 313 0.32693481445313 1.06827437877655 -0.00110805034637 30004
6398830408415 313 -0.65966796875 1.31013870239258 0.00480675697327 40004
6702498036012 313 -3.73236083984375 -1.79110968112946 0.0246856212616 50004
7006165663611 313 -5.37127685546875 0.25764143466949 0.03508496284485 60004
7309833291213 313 0.04071044921875 0.68670397996902 0.00000429153442 70004
7613500918811 313 -0.131103515625 0.2390524148941 -0.00000095367432 80004
7917168546416 313 -0.72723388671875 1.78006482124329 0.00501537322998 90004
5182482174610 314 0.03676709905267 1.38108372688293 -0.00000000064028 4
5487827525612 314 -0.07443237304688 0.15951126813889 -0.00000005960464 10004
5791495153212 314 0.223876953125 0.7348045706749 -0.0011293888092 20004
6095162780810 314 0.33197021484375 1.10582530498505 -0.00110614299774 30004
6398830408415 314 -0.736572265625 1.25301659107208 0.00480222702026 40004
6702498036012 314 -4.07568359375 -1.90166854858398 0.02674984931946 50004
7006165663611 314 -5.37127685546875 0.25764143466949 0.03508138656616 60004
7309833291213 314 0.0489501953125 1.13533270359039 0.00000524520874 70004
7613500918811 314 -0.29290771484375 0.3741463124752 0.00206184387207 80004
7917168546416 314 -0.9991455078125 1.99546051025391 0.0070276260376 90004
5182482174610 315 0.16969096660614 1.60379111766815 -0.00000000011642 4
5487827525612 315 -0.08270263671875 0.35794913768768 -0.00000005960464 10004
5791495153212 315 0.238037109375 0.74857062101364 -0.0011293888092 20004
6095162780810 315 0.32470703125 1.13546800613403 -0.00110280513763 30004
6398830408415 315 -0.76229858398438 1.21796095371246 0.00479817390442 40004
6702498036012 315 -4.4215087890625 -1.88562917709351 0.0288233757019 50004
7006165663611 315 -5.3895263671875 0.23631146550179 0.03508043289185 60004
7309833291213 315 0.10797119140625 1.57965099811554 0.00000715255737 70004
7613500918811 315 -0.37005615234375 0.40822750329971 0.00205993652344 80004
7917168546416 315 -1.1702880859375 2.29256987571716 0.00703048706055 90004
5182482174610 316 0.38748246431351 1.82049691677094 -0.0022460911423 4
5487827525612 316 -0.03525543212891 0.584477186203 -0.00000005960464 10004
5791495153212 316 0.29763793945313 0.82856053113937 -0.00112986564636 20004
6095162780810 316 0.3204345703125 1.14873349666595 -0.00110006332397 30004
6398830408415 316 -0.77084350585938 1.20318591594696 0.00479412078857 40004
6702498036012 316 -4.7999267578125 -1.87249040603638 0.030925989151 50004
7006165663611 316 -5.4273681640625 0.21232713758945 0.03508019447327 60004
7309833291213 316 0.0633544921875 2.04497742652893 0.00000953674316 70004
7613500918811 316 -0.4005126953125 0.41687986254692 0.00205755233765 80004
7917168546417 316 0.010986328125 0.08532662689686 -0.00000143051147 90004
5182482174610 317 0.63706094026566 2.00139236450195 -0.00336913322099 4
5487827525612 317 0.06150817871094 0.78877413272858 -0.00000041723251 10004
5791495153212 317 0.38418579101563 0.99146378040314 -0.00225520133972 20004
6095162780810 317 0.3204345703125 1.14873349666595 -0.00109839439392 30004
6398830408415 317 -0.79730224609375 1.16920876502991 0.00479054450989 40004
6702498036012 317 -5.12741088867188 -1.90351736545563 0.03294157981873 50004
7006165663611 317 -5.46160888671875 0.1970506310463 0.03507995605469 60004
7309833291214 317 0.028564453125 0.06108912080526 0 70004
7613500918811 317 -0.4013671875 0.41687986254692 0.00205564498901 80004
7917168546417 317 0.04254150390625 0.22743056714535 -0.00000619888306 90004
5182482174610 318 0.96575975418091 2.21891665458679 -0.00561521528289 4
5487827525612 318 0.26840972900391 1.03599584102631 -0.0011248588562 10004
5791495153212 318 0.45669555664063 1.33886444568634 -0.00225937366486 20004
6095162780810 318 0.3204345703125 1.14873349666595 -0.00109648704529 30004
6398830408415 318 -0.93841552734375 0.987997174263 0.0068154335022 40004
6702498036012 318 -5.46234130859375 -2.04660034179688 0.0350444316864 50004
7006165663611 318 -5.46160888671875 0.1970506310463 0.03507995605469 60004
7309833291214 318 0.180908203125 0.38689768314362 -0.0011191368103 70004
7613500918811 318 -0.40234375 0.41687986254692 0.00205326080322 80004
7917168546417 318 0.13922119140625 0.42911550402641 -0.00001287460327 90004
5182482174610 319 1.22139036655426 2.39708971977234 -0.00786129757762 4
5487827525612 319 0.35631561279297 1.33302116394043 -0.00224876403809 10004
5791495153212 319 0.51776123046875 1.64330959320068 -0.00226306915283 20004
6095162780810 319 0.3204345703125 1.14873349666595 -0.00109481811523 30004
6398830408415 319 -1.07656860351563 0.91043245792389 0.00681400299072 40004
6702498036012 319 -5.7879638671875 -2.1252772808075 0.03716397285461 50004
7006165663611 319 -5.61553955078125 0.20271660387516 0.03507971763611 60004
7309833291214 319 0.4173583984375 0.59772855043411 -0.00224018096924 70004
7613500918811 319 -0.4031982421875 0.41687986254692 0.00205183029175 80004
7917168546417 319 0.310302734375 0.7056468129158 -0.00114250183105 90004
5182482174611 320 0.02323291823268 0.13052609562874 0.00000000001455 4
5487827525612 320 0.47254180908203 1.58367478847504 -0.00225031375885 10004
5791495153212 320 0.54437255859375 1.92837607860565 -0.00338852405548 20004
6095162780810 320 0.3204345703125 1.14873349666595 -0.00109326839447 30004
6398830408415 320 -1.26321411132813 0.85874432325363 0.0088267326355 40004
6702498036013 320 0.05804443359375 0.16250166296959 0.00000095367432 50004
7006165663611 320 -5.76361083984375 0.20043304562569 0.0371081829071 60004
7309833291214 320 0.60107421875 0.82241296768188 -0.00336217880249 70004
7613500918811 320 -0.40399169921875 0.41687986254692 0.00204944610596 80004
7917168546417 320 0.50048828125 0.95946979522705 -0.00227212905884 90004
5182482174611 321 0.07744241505861 0.435083091259 -0.00000000005821 4
5487827525612 321 0.64955139160156 1.81473159790039 -0.00337469577789 10004
5791495153212 321 0.53582763671875 2.23830318450928 -0.00338995456696 20004
6095162780810 321 0.3204345703125 1.14873349666595 -0.00109159946442 30004
6398830408415 321 -1.53622436523438 0.82136195898056 0.00882601737976 40004
6702498036013 321 0.1934814453125 0.5416721701622 -0.00112009048462 50004
7006165663611 321 -5.91571044921875 0.18798595666885 0.03710842132568 60004
7309833291214 321 0.74462890625 1.10737109184265 -0.00448513031006 70004
7613500918811 321 -0.40484619140625 0.41687986254692 0.00204801559448 80004
7917168546417 321 0.7354736328125 1.22012484073639 -0.00451326370239 90004
5182482174611 322 0.02251669950783 0.72741425037384 0 4
5487827525612 322 0.69362640380859 2.01539468765259 -0.00337386131287 10004
5791495153212 322 0.48158264160156 2.56644940376282 -0.00339162349701 20004
6095162780810 322 0.3204345703125 1.14873349666595 -0.00108981132507 30004
6398830408415 322 -1.74908447265625 0.71421039104462 0.01083898544312 40004
6702498036013 322 0.31753540039063 0.81869429349899 -0.00111722946167 50004
7006165663611 322 -6.075927734375 0.21637736260891 0.03911018371582 60004
7309833291214 322 0.79681396484375 1.27009177207947 -0.00448513031006 70004
7613500918811 322 -0.40576171875 0.41687986254692 0.00204563140869 80004
7917168546417 322 0.81787109375 1.49337935447693 -0.00450944900513 90004
5182482174611 323 -0.12451419979334 1.00438177585602 -0.00000000011642 4
5487827525612 323 0.68389892578125 2.19170665740967 -0.00449675321579 10004
5791495153213 323 0.10391235351563 0.22278165817261 -0.00000047683716 20004
6095162780810 323 0.3204345703125 1.14873349666595 -0.00108802318573 30004
6398830408415 323 -2.05596923828125 0.51516157388687 0.0129656791687 40004
6702498036013 323 0.60760498046875 1.1265070438385 -0.00336074829102 50004
7006165663611 323 -6.25140380859375 0.3119096159935 0.04112482070923 60004
7309833291214 323 0.8160400390625 1.41348743438721 -0.00448513031006 70004
7613500918811 323 -0.48297119140625 0.50867873430252 0.00204372406006 80004
7917168546417 323 0.8331298828125 1.67070615291595 -0.00450563430786 90004
5182482174611 324 -0.27470496296883 1.20915734767914 0.0020761587657 4
5487827525613 324 0 -0 0 10004
5791495153213 324 0.20782470703125 0.51930695772171 -0.00112450122833 20004
6095162780810 324 0.32647705078125 1.16133880615234 -0.00108635425568 30004
6398830408415 324 -2.342041015625 0.30430898070335 0.01509428024292 40004
6702498036013 324 0.95101928710938 1.36904036998749 -0.00560426712036 50004
7006165663611 324 -6.40960693359375 0.45965990424156 0.04112410545349 60004
7309833291214 324 0.81787109375 1.50264286994934 -0.00448369979858 70004
7613500918811 324 -0.60382080078125 0.62123811244965 0.00405120849609 80004
7917168546417 324 0.78778076171875 1.80807566642761 -0.00450325012207 90004
5182482174611 325 -0.38204997777939 1.33532583713531 0.00207615830004 4
5487827525613 325 0 -0 0 10004
5791495153213 325 0.20782470703125 0.88802576065063 -0.00112628936768 20004
6095162780810 325 0.356689453125 1.22436535358429 -0.00220727920532 30004
6398830408415 325 -2.59292602539063 0.06670397520065 0.01710319519043 40004
6702498036013 325 1.42483520507813 1.50434708595276 -0.0089647769928 50004
7006165663611 325 -6.58721923828125 0.7680692076683 0.04313802719116 60004
7309833291214 325 0.81787109375 1.50264286994934 -0.00448369979858 70004
7613500918811 325 -0.8231201171875 0.72504049539566 0.00605487823486 80004
7917168546417 325 0.6220703125 2.06371378898621 -0.00450038909912 90004
5182482174611 326 -0.55467617511749 1.56476640701294 0.00409042835236 4
5487827525613 326 -0.01528930664063 0.03005998022854 0 10004
5791495153213 326 0.1387939453125 1.22398102283478 -0.00112676620483 20004
6095162780810 326 0.428466796875 1.29986846446991 -0.00220727920532 30004
6398830408415 326 -2.69082641601563 -0.04672874510288 0.01710152626038 40004
6702498036013 326 1.88189697265625 1.50079727172852 -0.01120352745056 50004
7006165663611 326 -6.74200439453125 1.0223423242569 0.04313778877258 60004
7309833291214 326 0.81787109375 1.50264286994934 -0.00448369979858 70004
7613500918811 326 -1.138671875 0.74055737257004 0.00812149047852 80004
7917168546417 326 0.5303955078125 2.14106917381287 -0.00449752807617 90004
5182482174611 327 -0.69206404685974 1.75164020061493 0.00409042742103 4
5487827525613 327 -0.02548217773438 0.05009995773435 0 10004
5791495153213 327 0.08087158203125 1.47542297840118 -0.00112688541412 20004
6095162780810 327 0.55282592773438 1.37304246425629 -0.00332939624786 30004
6398830408415 327 -2.81588745117188 -0.18110710382462 0.01709938049316 40004
6702498036013 327 2.2266845703125 1.48017716407776 -0.01359128952026 50004
7006165663611 327 -6.86358642578125 1.27805840969086 0.04313778877258 60004
7309833291214 327 0.81787109375 1.50264286994934 -0.00448369979858 70004
7613500918811 327 -1.43731689453125 0.79270499944687 0.0081148147583 80004
7917168546417 327 0.38330078125 2.18264269828796 -0.00247287750244 90004
5182482174611 328 -0.78753972053528 1.88697731494904 0.00409042602405 4
5487827525613 328 -0.02548217773438 0.05009995773435 0 10004
5791495153213 328 0.045166015625 1.65623962879181 -0.00112688541412 20004
6095162780810 328 0.79080200195313 1.45836532115936 -0.0044527053833 30004
6398830408415 328 -3.06216430664063 -0.42073827981949 0.01918148994446 40004
6702498036013 328 2.47274780273438 1.46149826049805 -0.01583385467529 50004
7006165663611 328 -6.96612548828125 1.61890280246735 0.04514265060425 60004
7309833291214 328 0.81787109375 1.50264286994934 -0.00448369979858 70004
7613500918811 328 -1.759765625 0.94579476118088 0.01019048690796 80004
7917168546417 328 0.0811767578125 2.22082304954529 -0.0003604888916 90004
5182482174611 329 -0.81296306848526 2.02832341194153 0.00609668018296 4
5487827525613 329 -0.02548217773438 0.05009995773435 0 10004
5791495153213 329 0.08895874023438 1.83463156223297 -0.00112688541412 20004
6095162780810 329 0.96759033203125 1.63347446918488 -0.00557911396027 30004
6398830408415 329 -3.29058837890625 -0.7065424323082 0.02119064331055 40004
6702498036013 329 2.74447631835938 1.56221985816956 -0.0169529914856 50004
7006165663611 329 -7.18743896484375 1.86683404445648 0.04513931274414 60004
7309833291214 329 0.81787109375 1.50264286994934 -0.00448369979858 70004
7613500918811 329 -2.0938720703125 0.94775074720383 0.01427364349365 80004
7917168546417 329 -0.0128173828125 2.20808243751526 -0.00036430358887 90004
5182482174611 330 -0.84660238027573 2.23845100402832 0.00609668251127 4
5487827525613 330 -0.02548217773438 0.05009995773435 0 10004
5791495153213 330 0.06488037109375 2.12809133529663 -0.00112688541412 20004
6095162780810 330 1.13949584960938 1.83614182472229 -0.00670576095581 30004
6398830408416 330 -0.07415771484375 0.19524754583836 -0.00000023841858 40004
6702498036013 330 3.03082275390625 1.77729439735413 -0.01919484138489 50004
7006165663611 330 -7.400146484375 2.15070199966431 0.04722785949707 60004
7309833291214 330 0.83544921875 1.52428829669952 -0.00448179244995 70004
7613500918811 330 -2.34088134765625 0.92213600873947 0.0142707824707 80004
7917168546417 330 -0.22760009765625 2.25678133964539 0.00165939331055 90004
5182482174612 331 -0.00320013985038 0.01093048229814 -0.00000000000182 4
5487827525613 331 -0.03926086425781 0.07240203022957 0 10004
5791495153214 331 0.0115966796875 0.0323135741055 -0.00000023841858 20004
6095162780810 331 1.28836059570313 2.00878477096558 -0.00783061981201 30004
6398830408416 331 -0.16876220703125 0.48012736439705 0.00200414657593 40004
6702498036013 331 3.26654052734375 2.02277088165283 -0.02031397819519 50004
7006165663611 331 -7.56256103515625 2.38631939888 0.0492799282074 60004
7309833291214 331 0.85693359375 1.55074381828308 -0.00447988510132 70004
7613500918811 331 -2.5137939453125 0.87742251157761 0.0163140296936 80004
7917168546418 331 -0.0164794921875 0.04225773736835 -0.00000047683716 90004
5182482174612 332 -0.02720051631331 0.09290678054094 -0.00000000001455 4
5487827525613 332 -0.14251708984375 0.23965728282928 -0.00000029802322 10004
5791495153214 332 0.09857177734375 0.27466541528702 -0.00000095367432 20004
6095162780810 332 1.523681640625 2.13375067710876 -0.00895404815674 30004
6398830408416 332 -0.19851684570313 0.82695579528809 0.00200247764587 40004
6702498036013 332 3.47344970703125 2.28801989555359 -0.02143216133118 50004
7006165663611 332 -7.69439697265625 2.52534365653992 0.04927587509155 60004
7309833291214 332 0.85693359375 1.55074381828308 -0.00447988510132 70004
7613500918811 332 -2.85894775390625 0.78455728292465 0.0183162689209 80004
7917168546418 332 -0.14007568359375 0.35919070243835 -0.00000333786011 90004
5182482174612 333 -0.05311700701714 0.27603214979172 -0.00000000008731 4
5487827525613 333 -0.3021240234375 0.49538505077362 0.00208234786987 10004
5791495153214 333 0.13427734375 0.55612403154373 -0.00000190734863 20004
6095162780810 333 1.658935546875 2.16828775405884 -0.01007688045502 30004
6398830408416 333 -0.27252197265625 1.11821556091309 0.00200152397156 40004
6702498036013 333 3.62042236328125 2.60173034667969 -0.02255082130432 50004
7006165663611 333 -7.90716552734375 2.69944214820862 0.05138635635376 60004
7309833291214 333 0.8648681640625 1.55736708641052 -0.00447797775269 70004
7613500918811 333 -3.04718017578125 0.77348607778549 0.02033615112305 80004
7917168546418 333 -0.14892578125 0.68532228469849 0.00200653076172 90004
5182482174612 334 -0.06522087752819 0.47915783524513 -0.00000000026193 4
5487827525613 334 -0.507080078125 0.76046514511108 0.00406682491302 10004
5791495153214 334 0.18605041503906 0.85073202848434 -0.00112545490265 20004
6095162780810 334 1.7945556640625 2.16167044639587 -0.01119995117188 30004
6398830408416 334 -0.38720703125 1.39183950424194 0.00200033187866 40004
6702498036013 334 3.73770141601563 2.91416907310486 -0.02367281913757 50004
7006165663612 334 0.00274658203125 0.06637986004353 -0.00000023841858 60004
7309833291214 334 0.872802734375 1.56399035453796 -0.00559854507446 70004
7613500918811 334 -3.2054443359375 0.80197548866272 0.02033948898315 80004
7917168546418 334 -0.13165283203125 1.02923500537872 0.00088357925415 90004
5182482174612 335 -0.02015910111368 0.66113471984863 -0.00000000043656 4
5487827525613 335 -0.83694458007813 0.97451400756836 0.00604957342148 10004
5791495153214 335 0.35337829589844 1.15883195400238 -0.00224936008453 20004
6095162780810 335 2.03167724609375 2.08086442947388 -0.01232302188873 30004
6398830408416 335 -0.62014770507813 1.65049028396606 0.00403380393982 40004
6702498036013 335 3.79583740234375 3.17305946350098 -0.02367329597473 50004
7006165663612 335 0.0164794921875 0.39827910065651 -0.00000143051147 60004
7309833291214 335 0.872802734375 1.56399035453796 -0.00559854507446 70004
7613500918811 335 -3.39862060546875 0.90691334009171 0.02241563796997 80004
7917168546418 335 -0.12615966796875 1.43507289886475 0.00088024139404 90004
5182482174612 336 0.05810471251607 0.94210028648376 -0.00000000029104 4
5487827525613 336 -1.00930786132813 1.09378683567047 0.00604826211929 10004
5791495153214 336 0.58999633789063 1.38107621669769 -0.00337541103363 20004
6095162780810 336 2.27154541015625 2.02229976654053 -0.01457059383392 30004
6398830408416 336 -0.74935913085938 1.84159088134766 0.00402998924255 40004
6702498036013 336 3.81201171875 3.22616910934448 -0.02367329597473 50004
7006165663612 336 -0.08349609375 0.68683290481567 -0.00000262260437 60004
7309833291214 336 0.903564453125 1.5959165096283 -0.00559663772583 70004
7613500918811 336 -3.54669189453125 0.98985141515732 0.02242040634155 80004
7917168546418 336 -0.16204833984375 1.81184792518616 0.00087690353394 90004
5182482174612 337 0.07760854810476 1.28867483139038 0.00000000005821 4
5487827525613 337 -1.15528869628906 1.23927104473114 0.00785714387894 10004
5791495153214 337 0.8109130859375 1.67163121700287 -0.0045006275177 20004
6095162780811 337 -0.013671875 0.16787241399288 -0.00000035762787 30004
6398830408416 337 -0.82943725585938 2.06311273574829 0.00603079795837 40004
6702498036013 337 3.8419189453125 3.27105093002319 -0.02367258071899 50004
7006165663612 337 -0.31793212890625 1.00220394134521 0.00204801559448 60004
7309833291214 337 1.021728515625 1.68836760520935 -0.0055947303772 70004
7613500918811 337 -3.71942138671875 1.1186671257019 0.02445411682129 80004
7917168546418 337 -0.19818115234375 2.18192315101624 0.00087356567383 90004
5182482174612 338 0.01523904316127 1.60410523414612 0.00000000028376 4
5487827525613 338 -1.25603485107422 1.4207968711853 0.00785684585571 10004
5791495153214 338 0.98197937011719 1.97159051895142 -0.00562572479248 20004
6095162780811 338 -0.0521240234375 0.48765563964844 -0.00000083446503 30004
6398830408416 338 -0.8443603515625 2.30570030212402 0.00602912902832 40004
6702498036013 338 3.87750244140625 3.31978273391724 -0.02478981018066 50004
7006165663612 338 -0.59283447265625 1.28228628635406 0.00406169891357 60004
7309833291214 338 1.19964599609375 1.85497641563416 -0.00670433044434 70004
7613500918811 338 -3.8726806640625 1.24900674819946 0.02444458007813 80004
7917168546419 338 0.0172119140625 0.04806702956557 0 90004
5182482174612 339 -0.08807430416346 1.88284540176392 0.00000000005821 4
5487827525613 339 -1.31023406982422 1.7092432975769 0.00785607099533 10004
5791495153214 339 1.26737976074219 2.21314120292664 -0.00787329673767 20004
6095162780811 339 -0.14749145507813 0.85018730163574 -0.00000369548798 30004
6398830408416 339 -0.8067626953125 2.66259574890137 0.00602626800537 40004
6702498036013 339 3.87701416015625 3.31978273391724 -0.02478671073914 50004
7006165663612 339 -0.72564697265625 1.55602705478668 0.0040602684021 60004
7309833291214 339 1.376220703125 2.17422080039978 -0.00782299041748 70004
7613500918811 339 -3.9635009765625 1.2813401222229 0.02443408966064 80004
7917168546419 339 0.1090087890625 0.30442452430725 -0.00000762939453 90004
5182482174612 340 -0.27194178104401 2.14054894447327 0.00204106746241 4
5487827525613 340 -1.52758026123047 2.02550911903381 0.00989454984665 10004
5791495153214 340 1.53634643554688 2.35167217254639 -0.00899696350098 20004
6095162780811 340 -0.27386474609375 1.18306422233582 0.00204074382782 30004
6398830408417 340 0.0401611328125 0.40775895118713 0 40004
6702498036013 340 3.87655639648438 3.31978273391724 -0.02478408813477 50004
7006165663612 340 -0.90826416015625 1.92867302894592 0.00606942176819 60004
7309833291214 340 1.40264892578125 2.41885828971863 -0.00894260406494 70004
7613500918811 340 -4.12042236328125 1.2822744846344 0.02645969390869 80004
7917168546419 340 0.1181640625 0.67584991455078 -0.00001192092896 90004
5182482174612 341 -0.51773726940155 2.34911704063416 0.00415531732142 4
5487827525613 341 -1.73279571533203 2.31959581375122 0.01193970441818 10004
5791495153215 341 -0.03309631347656 0.10629892349243 0 20004
6095162780811 341 -0.39828491210938 1.38585352897644 0.00204014778137 30004
6398830408417 341 0.19168090820313 0.80915725231171 -0.00112390518188 40004
6702498036013 341 3.8760986328125 3.31978273391724 -0.0247814655304 50004
7006165663612 341 -1.08184814453125 2.16096043586731 0.00606846809387 60004
7309833291215 341 -0.032958984375 0.21747349202633 0.00000047683716 70004
7613500918811 341 -4.247314453125 1.31012117862701 0.02644920349121 80004
7917168546419 341 0.21795654296875 1.03438377380371 -0.00114107131958 90004
5182482174613 342 0.00603675236925 0.0593747086823 0 4
5487827525613 342 -1.90863800048828 2.54891180992126 0.01193881034851 10004
5791495153215 342 -0.07533264160156 0.25515776872635 0 20004
6095162780811 342 -0.5244140625 1.49200713634491 0.00408029556274 30004
6398830408417 342 0.42596435546875 1.13898348808289 -0.00224781036377 40004
6702498036013 342 3.86276245117188 3.33518648147583 -0.02477860450745 50004
7006165663612 342 -1.20269775390625 2.25863409042358 0.00812125205994 60004
7309833291215 342 -0.10345458984375 0.52861911058426 0.00000143051147 70004
7613500918811 342 -4.341796875 1.36728644371033 0.02846717834473 80004
7917168546419 342 0.36065673828125 1.35920083522797 -0.00226974487305 90004
5182482174613 343 0.03622039407492 0.35624712705612 0.00000000007276 4
5487827525613 343 -2.09404754638672 2.67926359176636 0.01379227638245 10004
5791495153215 343 -0.08425903320313 0.35005924105644 -0.00000011920929 20004
6095162780811 343 -0.710693359375 1.59598565101624 0.00408005714417 30004
6398830408417 343 0.77682495117188 1.40306484699249 -0.0044960975647 40004
6702498036013 343 3.7979736328125 3.4122052192688 -0.02477669715881 50004
7006165663612 343 -1.20269775390625 2.25863409042358 0.00812125205994 60004
7309833291215 343 -0.2550048828125 0.75534266233444 0.00206613540649 70004
7613500918811 343 -4.43701171875 1.48009300231934 0.02845764160156 80004
7917168546419 343 0.4732666015625 1.72306573390961 -0.00227546691895 90004
5182482174613 344 0.02988545224071 0.52949106693268 0.00000000007276 4
5487827525613 344 -2.36855316162109 2.74112725257874 0.01570200920105 10004
5791495153215 344 -0.13345336914063 0.57294791936874 -0.00000011920929 20004
6095162780811 344 -0.87200927734375 1.79919588565826 0.00608539581299 30004
6398830408417 344 0.9556884765625 1.59837734699249 -0.00562620162964 40004
6702498036013 344 3.728271484375 3.65165948867798 -0.02477669715881 50004
7006165663613 344 0 -0 0 60004
7309833291215 344 -0.4180908203125 1.03834211826324 0.00207328796387 70004
7613500918811 344 -4.70672607421875 1.61521244049072 0.03048896789551 80004
7917168546419 344 0.5928955078125 2.08411931991577 -0.00339460372925 90004
5182482174613 345 0.07141718268394 0.75994318723679 0.00000000026193 4
5487827525613 345 -2.69609069824219 2.90075492858887 0.01761585474014 10004
5791495153215 345 -0.15724182128906 0.77505594491959 -0.00000011920929 20004
6095162780811 345 -1.04766845703125 2.06781768798828 0.0060863494873 30004
6398830408417 345 1.08233642578125 1.81841313838959 -0.00675702095032 40004
6702498036013 345 3.74713134765625 4.06664800643921 -0.02372336387634 50004
7006165663613 345 -0.05987548828125 0.07531356811523 -0.00000071525574 60004
7309833291215 345 -0.5125732421875 1.3985413312912 0.00413465499878 70004
7613500918811 345 -5.05938720703125 1.68937373161316 0.03260469436646 80004
7917168546419 345 0.64434814453125 2.40690660476685 -0.00339031219482 90004
5182482174613 346 0.13968102633953 0.99195975065231 0.00000000087311 4
5487827525613 346 -2.97063446044922 3.10201787948608 0.01954990625381 10004
5791495153215 346 -0.13691711425781 0.91978019475937 0.00105202198029 20004
6095162780811 346 -1.18511962890625 2.29937267303467 0.00812864303589 30004
6398830408417 346 1.1756591796875 2.01647019386292 -0.00676035881042 40004
6702498036013 346 3.829833984375 4.4499626159668 -0.0237238407135 50004
7006165663613 346 -0.133056640625 0.16736349463463 -0.00000095367432 60004
7309833291215 346 -0.5255126953125 1.69579315185547 0.00414133071899 70004
7613500918811 346 -5.35321044921875 1.68774557113647 0.03475189208984 80004
7917168546420 346 -0.0040283203125 0.04180738702416 -0.00000095367432 90004
5182482174613 347 0.21983644366264 1.27939939498901 -0.00112304394133 4
5487827525613 347 -3.26042175292969 3.36783242225647 0.0215677022934 10004
5791495153215 347 -0.00347900390625 1.19020795822144 0.00105059146881 20004
6095162780811 347 -1.2794189453125 2.5082631111145 0.00812923908234 30004
6398830408417 347 1.36929321289063 2.27514958381653 -0.00788450241089 40004
6702498036013 347 3.97052001953125 4.65200805664063 -0.02484178543091 50004
7006165663613 347 -0.133056640625 0.16736349463463 -0.00000095367432 60004
7309833291215 347 -0.46142578125 1.87100398540497 0.00303220748901 70004
7613500918811 347 -5.59307861328125 1.58841800689697 0.03675651550293 80004
7917168546420 347 -0.03424072265625 0.35536286234856 -0.00000476837158 90004
5182482174613 348 0.30267789959908 1.54527068138123 -0.00112304242793 4
5487827525613 348 -3.47891998291016 3.61665034294128 0.02156752347946 10004
5791495153215 348 0.13638305664063 1.43397331237793 -0.00007343292236 20004
6095162780812 348 -0.03759765625 0.28823441267014 -0.00000035762787 30004
6398830408418 348 -0.13662719726563 0.29300618171692 0 40004
6702498036013 348 4.11074829101563 4.7575364112854 -0.02595996856689 50004
7006165663613 348 -0.16595458984375 0.28031021356583 -0.00000143051147 60004
7309833291215 348 -0.43048095703125 2.09536147117615 0.00304555892944 70004
7613500918811 348 -5.89617919921875 1.50768840312958 0.0387659072876 80004
7917168546420 348 -0.0013427734375 0.5268851518631 -0.00001001358032 90004
5182482174613 349 0.37410244345665 1.79355263710022 -0.00224608602002 4
5487827525613 349 -3.63748931884766 3.87800312042236 0.02362906932831 10004
5791495153215 349 0.261474609375 1.61128544807434 -0.00119698047638 20004
6095162780812 349 -0.12490844726563 0.61328047513962 -0.00000107288361 30004
6398830408418 349 -0.27899169921875 0.6463251709938 0.00206160545349 40004
6702498036013 349 4.26425170898438 4.8223934173584 -0.02707815170288 50004
7006165663613 349 -0.19927978515625 0.40269574522972 0.00200605392456 60004
7309833291215 349 -0.4295654296875 2.29444909095764 0.00305604934692 70004
7613500918811 349 -6.19842529296875 1.47704982757568 0.03876256942749 80004
7917168546420 349 0.024169921875 0.68210130929947 -0.0000147819519 90004
5182482174613 350 0.43696177005768 2.08526372909546 -0.00224607996643 4
5487827525613 350 -3.73968505859375 4.25774669647217 0.02362811565399 10004
5791495153215 350 0.383544921875 1.69423365592957 -0.002321600914 20004
6095162780812 350 -0.33721923828125 0.94784760475159 0.00202023983002 30004
6398830408418 350 -0.39285278320313 1.07227504253387 0.00205969810486 40004
6702498036013 350 4.496337890625 4.86580944061279 -0.02819848060608 50004
7006165663613 350 -0.22491455078125 0.51510035991669 0.00199890136719 60004
7309833291215 350 -0.48175048828125 2.46017384529114 0.0030632019043 70004
7613500918811 350 -6.54998779296875 1.54889726638794 0.04297590255737 80004
7917168546420 350 0.0003662109375 0.93030935525894 -0.00001811981201 90004
5182482174613 351 0.51275342702866 2.35321402549744 -0.00224607624114 4
5487827525613 351 -3.81037139892578 4.61680507659912 0.0236274600029 10004
5791495153215 351 0.43157958984375 1.70770120620728 -0.00232493877411 20004
6095162780812 351 -0.5592041015625 1.24368703365326 0.00402927398682 30004
6398830408418 351 -0.52288818359375 1.24713730812073 0.00406694412231 40004
6702498036013 351 4.8990478515625 4.98885679244995 -0.03058886528015 50004
7006165663613 351 -0.2528076171875 0.59993278980255 0.00199222564697 60004
7309833291216 351 0 -0 0 70004
7613500918811 351 -6.8807373046875 1.50977575778961 0.04510450363159 80004
7917168546420 351 -0.09881591796875 1.20192682743073 -0.00002193450928 90004
5182482174614 352 -0.01763970777392 0.1360824406147 -0.00000000002183 4
5487827525613 352 -3.83654022216797 4.94646167755127 0.02564042806625 10004
5791495153215 352 0.55888366699219 1.76887035369873 -0.0034521818161 20004
6095162780812 352 -0.84060668945313 1.50599145889282 0.00611364841461 30004
6398830408418 352 -0.6248779296875 1.46100759506226 0.00406098365784 40004
6702498036013 352 5.31320190429688 5.07513666152954 -0.0339503288269 50004
7006165663613 352 -0.2784423828125 0.69408959150314 0.00198459625244 60004
7309833291216 352 0.00054931640625 0.01128774508834 0.00000095367432 70004
7613500918811 352 -7.2293701171875 1.45689833164215 0.04710865020752 80004
7917168546420 352 -0.21661376953125 1.51681518554688 0.00200986862183 90004
5182482174614 353 -0.02401500940323 0.35022976994514 -0.00000000014552 4
5487827525613 353 -3.81767272949219 5.16258478164673 0.02563947439194 10004
5791495153215 353 0.6937255859375 1.83876633644104 -0.00345289707184 20004
6095162780812 353 -1.0748291015625 1.69194614887238 0.00611436367035 30004
6398830408418 353 -0.67263793945313 1.63275468349457 0.00405764579773 40004
6702498036013 353 5.62603759765625 5.08008289337158 -0.03619074821472 50004
7006165663613 353 -0.30279541015625 0.77312064170837 0.00197839736938 60004
7309833291216 353 0.001220703125 0.02508387342095 0.00000286102295 70004
7613500918812 353 0.021728515625 0.04650023952127 0 80004
7917168546420 353 -0.294189453125 1.76134634017944 0.00201177597046 90004
5182482174614 354 0.08986274152994 0.70890939235687 0.00000000011642 4
5487827525613 354 -3.75102996826172 5.40898466110229 0.02451592683792 10004
5791495153215 354 0.73979187011719 1.84144854545593 -0.00457882881165 20004
6095162780812 354 -1.278076171875 2.03228998184204 0.00812685489655 30004
6398830408418 354 -0.70101928710938 1.68331968784332 0.00405383110046 40004
6702498036013 354 6.091796875 4.9193434715271 -0.03857636451721 50004
7006165663613 354 -0.37969970703125 0.88448596000671 0.00197148323059 60004
7309833291216 354 0.001220703125 0.02508387342095 0.00001001358032 70004
7613500918812 354 0.1846923828125 0.39525210857391 -0.00112533569336 80004
7917168546420 354 -0.2769775390625 1.96785318851471 0.00201511383057 90004
5182482174614 355 0.11809621751308 1.05654346942902 0.00000000029104 4
5487827525613 355 -3.75590515136719 5.74609661102295 0.02451556921005 10004
5791495153215 355 0.74903869628906 1.84198498725891 -0.00458085536957 20004
6095162780812 355 -1.3482666015625 2.38952708244324 0.00812745094299 30004
6398830408418 355 -0.76309204101563 1.76866471767426 0.00404953956604 40004
6702498036013 355 6.54696655273438 4.88469362258911 -0.04194307327271 50004
7006165663613 355 -0.42462158203125 0.96236085891724 0.00196552276611 60004
7309833291216 355 0.00592041015625 0.10705198347569 0.00001239776611 70004
7613500918812 355 0.21728515625 0.69976359605789 -0.00112533569336 80004
7917168546420 355 -0.2158203125 2.16622757911682 0.00201940536499 90004
5182482174614 356 0.13219027221203 1.34499275684357 0.00000000069849 4
5487827525613 356 -3.74692535400391 6.04264640808105 0.02451491355896 10004
5791495153215 356 0.74903869628906 1.84198498725891 -0.00458252429962 20004
6095162780813 356 0.023193359375 0.05689068883657 -0.00000023841858 30004
6398830408418 356 -0.80938720703125 1.83028125762939 0.00605440139771 40004
6702498036013 356 7.00347900390625 4.9171314239502 -0.0444757938385 50004
7006165663613 356 -0.51458740234375 1.05698120594025 0.0040020942688 60004
7309833291216 356 0.009765625 0.17411684989929 0.00001287460327 70004
7613500918812 356 0.24810791015625 0.95815670490265 -0.00112533569336 80004
7917168546421 356 -0.02685546875 0.06483482569456 -0.00000095367432 90004
5182482174614 357 0.1613137871027 1.53466081619263 0.00000000197906 4
5487827525613 357 -3.67511749267578 6.24351930618286 0.02451425790787 10004
5791495153215 357 0.75433349609375 1.84287166595459 -0.00458455085754 20004
6095162780813 357 0.11050415039063 0.2441725730896 -0.0000011920929 30004
6398830408418 357 -0.824462890625 1.83226454257965 0.00605297088623 40004
6702498036013 357 7.50717163085938 5.02221727371216 -0.04798316955566 50004
7006165663613 357 -0.71636962890625 1.21180641651154 0.00400066375732 60004
7309833291216 357 0.0101318359375 0.17531768977642 0.00001287460327 70004
7613500918812 357 0.34576416015625 1.16358828544617 -0.00112915039063 80004
7917168546421 357 -0.1168212890625 0.27944141626358 -0.00000429153442 90004
5182482174614 358 0.16491660475731 1.55764377117157 0.00000000337604 4
5487827525613 358 -3.67259979248047 6.5097804069519 0.02451372146606 10004
5791495153215 358 0.83375549316406 1.85617184638977 -0.00458812713623 20004
6095162780813 358 0.37646484375 0.49331939220428 -0.00224614143372 30004
6398830408418 358 -1.04373168945313 1.85917067527771 0.00605177879333 40004
6702498036013 358 7.83767700195313 5.04668617248535 -0.05022668838501 50004
7006165663613 358 -0.77679443359375 1.32342743873596 0.00399994850159 60004
7309833291216 358 0.015625 0.19333028793335 0.0000147819519 70004
7613500918812 358 0.423583984375 1.26085948944092 -0.00225448608398 80004
7917168546421 358 -0.2584228515625 0.58097356557846 0.00199842453003 90004
5182482174614 359 0.16587734222412 1.56377255916595 0.00000000128057 4
5487827525613 359 -3.67856597900391 6.69863367080688 0.02451318502426 10004
5791495153215 359 0.86317443847656 1.86539173126221 -0.00459122657776 20004
6095162780813 359 0.6646728515625 0.72154521942139 -0.00336718559265 30004
6398830408418 359 -1.38723754882813 1.8426718711853 0.00822257995605 40004
6702498036013 359 8.24899291992188 5.114670753479 -0.0524742603302 50004
7006165663613 359 -0.79412841796875 1.37168836593628 0.00602197647095 60004
7309833291216 359 0.01708984375 0.19813364744186 0.0000147819519 70004
7613500918812 359 0.4949951171875 1.49203634262085 -0.00225734710693 80004
7917168546421 359 -0.296875 0.9241104722023 0.00200128555298 90004
5182482174614 360 0.1560847312212 1.59371531009674 -0.00000000093132 4
5487827525613 360 -3.68520355224609 6.81648397445679 0.02451264858246 10004
5791495153215 360 0.90464782714844 1.87663316726685 -0.00571715831757 20004
6095162780813 360 0.89874267578125 0.91358184814453 -0.00561618804932 30004
6398830408418 360 -1.71298217773438 1.80881106853485 0.01024556159973 40004
6702498036013 360 8.656005859375 5.22706508636475 -0.05486059188843 50004
7006165663613 360 -0.8131103515625 1.42333614826202 0.00602102279663 60004
7309833291216 360 0.01708984375 0.19813364744186 0.0000147819519 70004
7613500918812 360 0.57952880859375 1.75951397418976 -0.00338125228882 80004
7917168546421 360 -0.33795166015625 1.2729948759079 0.00200223922729 90004
5182482174614 361 0.10712256282568 1.74342596530914 -0.00000000040745 4
5487827525613 361 -3.68520355224609 6.81648397445679 0.02451175451279 10004
5791495153215 361 1.07083129882813 1.90447449684143 -0.00684034824371 20004
6095162780813 361 0.980224609375 1.06483161449432 -0.005619764328 30004
6398830408418 361 -1.9151611328125 1.75787591934204 0.01232004165649 40004
6702498036013 361 9.07806396484375 5.48173904418945 -0.05822277069092 50004
7006165663613 361 -0.90191650390625 1.58909845352173 0.00601983070374 60004
7309833291216 361 0.01708984375 0.19813364744186 0.0000147819519 70004
7613500918812 361 0.7489013671875 2.07071232795715 -0.00450420379639 80004
7917168546421 361 -0.540283203125 1.70377731323242 0.004075050354 90004
5182482174614 362 0.10059449076653 1.76338672637939 -0.00000000034925 4
5487827525613 362 -3.68520355224609 6.81648397445679 0.02451086044312 10004
5791495153215 362 1.34967041015625 1.83709013462067 -0.00796556472778 20004
6095162780813 362 1.01092529296875 1.42593991756439 -0.00562357902527 30004
6398830408418 362 -2.21127319335938 1.67499327659607 0.01438164710999 40004
6702498036014 362 0.11068725585938 0.24273216724396 0 50004
7006165663613 362 -0.96136474609375 1.70544481277466 0.00601887702942 60004
7309833291216 362 0.02423095703125 0.22877666354179 0.00001573562622 70004
7613500918812 362 0.8111572265625 2.44329380989075 -0.00450611114502 80004
7917168546421 362 -0.80609130859375 2.06052303314209 0.00407743453979 90004
5182482174614 363 0.11513113230467 1.84998059272766 0.00000000023283 4
5487827525613 363 -3.68520355224609 6.81648397445679 0.02451002597809 10004
5791495153215 363 1.62998962402344 1.81408977508545 -0.01021206378937 20004
6095162780813 363 0.94705200195313 1.79709160327911 -0.00562632083893 30004
6398830408418 363 -2.55938720703125 1.66702914237976 0.01649045944214 40004
6702498036014 363 0.23928833007813 0.44877743721008 -0.00112104415894 50004
7006165663613 363 -0.98699951171875 1.75619196891785 0.0060179233551 60004
7309833291216 363 0.028076171875 0.24527674913406 0.00001621246338 70004
7613500918813 363 -0.0341796875 0.20400862395763 0 80004
7917168546421 363 -0.97100830078125 2.35788464546204 0.00613498687744 90004
5182482174614 364 0.13980697095394 2.02772545814514 0.00000000122236 4
5487827525613 364 -3.68520355224609 6.81648397445679 0.02450913190842 10004
5791495153215 364 1.93531799316406 1.84682774543762 -0.01246130466461 20004
6095162780813 364 0.78106689453125 2.20157742500305 -0.00562787055969 30004
6398830408418 364 -2.96560668945313 1.72304344177246 0.01854610443115 40004
6702498036014 364 0.3961181640625 0.61807829141617 -0.00224208831787 50004
7006165663613 364 -0.99395751953125 1.7624032497406 0.0060179233551 60004
7309833291216 364 0.031005859375 0.25702726840973 0.00001621246338 70004
7613500918813 364 -0.1099853515625 0.64067405462265 -0.00000143051147 80004
7917168546422 364 0.0047607421875 0.03734128922224 0 90004
5182482174614 365 0.12240382283926 2.15469670295715 0.00000000157161 4
5487827525613 365 -3.68520355224609 6.81648397445679 0.02450823783875 10004
5791495153215 365 2.24044799804688 1.8795006275177 -0.01358389854431 20004
6095162780813 365 0.57461547851563 2.62266993522644 -0.00355529785156 30004
6398830408418 365 -3.182861328125 1.68339502811432 0.02060151100159 40004
6702498036014 365 0.61126708984375 0.83840835094452 -0.00336217880249 50004
7006165663613 365 -1.046142578125 1.80898785591125 0.0060179233551 60004
7309833291216 365 0.052978515625 0.34515616297722 0.00001907348633 70004
7613500918813 365 -0.20281982421875 1.07411646842957 0.00200653076172 80004
7917168546422 365 0.04046630859375 0.31740099191666 -0.00000762939453 90004
5182482174614 366 0.11892322450876 2.18009042739868 0.00000000162981 4
5487827525614 366 0.00386047363281 0.11456067860126 -0.00000011920929 10004
5791495153215 366 2.51762390136719 1.92438685894012 -0.01583194732666 20004
6095162780814 366 -0.06109619140625 0.21321374177933 -0.00000047683716 30004
6398830408418 366 -3.26327514648438 1.66234970092773 0.0206024646759 40004
6702498036014 366 0.75735473632813 0.92877316474915 -0.00448250770569 50004
7006165663613 366 -1.1646728515625 1.94789683818817 0.00806283950806 60004
7309833291216 366 0.057373046875 0.36278194189072 0.00002002716064 70004
7613500918813 366 -0.149658203125 1.47752785682678 0.00200128555298 80004
7917168546422 366 -0.0155029296875 0.57070159912109 -0.00001239776611 90004
5182482174614 367 0.13111278414726 2.22876167297363 0.00000000174623 4
5487827525614 367 0.0166015625 0.23592498898506 -0.00000017881393 10004
5791495153215 367 2.76161193847656 2.00280547142029 -0.01695871353149 20004
6095162780814 367 -0.12814331054688 0.45621854066849 -0.00000238418579 30004
6398830408418 367 -3.29360961914063 1.65161871910095 0.0206036567688 40004
6702498036014 367 0.888671875 1.0017192363739 -0.00560212135315 50004
7006165663613 367 -1.27899169921875 2.0873486995697 0.00806188583374 60004
7309833291216 367 0.057373046875 0.36278194189072 0.00002002716064 70004
7613500918813 367 -0.0380859375 1.8032568693161 0.00087594985962 80004
7917168546422 367 -0.0576171875 0.8068020939827 -0.00001621246338 90004
5182482174614 368 0.17682281136513 2.41127705574036 -0.00112304429058 4
5487827525614 368 0.05253601074219 0.33954852819443 -0.00000077486038 10004
5791495153215 368 3.01261901855469 2.17920541763306 -0.01920437812805 20004
6095162780814 368 -0.19287109375 0.7133082151413 0.00201690196991 30004
6398830408418 368 -3.2940673828125 1.65161871910095 0.02060484886169 40004
6702498036014 368 1.06512451171875 1.13321363925934 -0.00672245025635 50004
7006165663613 368 -1.37603759765625 2.21267938613892 0.008061170578 60004
7309833291216 368 0.057373046875 0.36278194189072 0.00002002716064 70004
7613500918813 368 0.15692138671875 2.05297756195068 -0.00024795532227 80004
7917168546422 368 -0.02191162109375 1.0868616104126 -0.00002288818359 90004
5182482174615 369 -0.00197538500652 0.02955788560212 -0.00000000000182 4
5487827525614 369 0.054931640625 0.34645676612854 -0.00000077486038 10004
5791495153215 369 3.31156921386719 2.24102330207825 -0.02032923698425 20004
6095162780814 369 -0.14935302734375 1.00869488716125 0.00201499462128 30004
6398830408418 369 -3.39035034179688 1.60608196258545 0.02264523506165 40004
6702498036014 369 1.20932006835938 1.1693286895752 -0.00671291351318 50004
7006165663613 369 -1.47430419921875 2.4706699848175 0.01009845733643 60004
7309833291216 369 0.0325927734375 0.55056607723236 0.00002098083496 70004
7613500918813 369 0.2630615234375 2.47272562980652 -0.00137281417847 80004
7917168546422 369 0.0069580078125 1.36776125431061 -0.00002861022949 90004
5182482174615 370 -0.00282197631896 0.04222551733255 -0.00000000002183 4
5487827525614 370 0.054931640625 0.34645676612854 -0.00000077486038 10004
5791495153215 370 3.60627746582031 2.32393145561218 -0.0225784778595 20004
6095162780814 370 -0.08261108398438 1.3036048412323 0.00088679790497 30004
6398830408418 370 -3.43975830078125 1.57649505138397 0.02264308929443 40004
6702498036014 370 1.38116455078125 1.23252439498901 -0.00782585144043 50004
7006165663614 370 -0.028564453125 0.06126862391829 -0.00000047683716 60004
7309833291216 370 0.07086181640625 0.78753405809402 0.00002288818359 70004
7613500918814 370 -0.0933837890625 0.20017202198505 -0.00000047683716 80004
7917168546422 370 -0.0377197265625 1.64005410671234 -0.00003385543823 90004
5182482174615 371 -0.0034542446956 0.04337270930409 -0.00000000004366 4
5487827525614 371 0.06168365478516 0.37698236107826 -0.00000089406967 10004
5791495153215 371 3.87155151367188 2.42997908592224 -0.0248259305954 20004
6095162780814 371 -0.02276611328125 1.57866215705872 0.00088536739349 30004
6398830408418 371 -3.4498291015625 1.56418585777283 0.02264094352722 40004
6702498036014 371 1.55349731445313 1.29487478733063 -0.00893974304199 50004
7006165663614 371 -0.06402587890625 0.14203730225563 -0.0000011920929 60004
7309833291216 371 0.11981201171875 1.05927741527557 0.00002479553223 70004
7613500918814 371 -0.21600341796875 0.48076465725899 0.00201034545898 80004
7917168546422 371 -0.14556884765625 1.87592434883118 -0.00003623962402 90004
5182482174615 372 -0.00682603381574 0.04949055239558 -0.00000000005457 4
5487827525614 372 0.09769439697266 0.53976130485535 -0.00000149011612 10004
5791495153215 372 4.15469360351563 2.59497237205505 -0.02595162391663 20004
6095162780814 372 -0.00079345703125 1.90058445930481 0.00088405609131 30004
6398830408418 372 -3.4498291015625 1.56418585777283 0.02263712882996 40004
6702498036014 372 1.723388671875 1.29187071323395 -0.01005864143372 50004
7006165663614 372 -0.06695556640625 0.17342296242714 -0.00000238418579 60004
7309833291216 372 0.06219482421875 1.48849761486053 0.00002574920654 70004
7613500918814 372 -0.25994873046875 0.67243415117264 0.00200796127319 80004
7917168546422 372 -0.3564453125 2.09152841567993 0.00196695327759 90004
5182482174615 373 -0.01907831057906 0.22829419374466 -0.00000000008731 4
5487827525614 373 0.09994506835938 0.54993486404419 -0.00000149011612 10004
5791495153215 373 4.32827758789063 2.72884058952332 -0.02707743644714 20004
6095162780814 373 -0.09381103515625 2.16524434089661 0.00088322162628 30004
6398830408418 373 -3.46768188476563 1.54316854476929 0.02263498306274 40004
6702498036014 373 1.86651611328125 1.29011154174805 -0.01117730140686 50004
7006165663614 373 -0.06793212890625 0.35053363442421 -0.00000333786011 60004
7309833291216 373 0.04193115234375 1.86677885055542 0.00002717971802 70004
7613500918814 373 -0.2325439453125 0.82716059684753 0.00200414657593 80004
7917168546422 373 -0.448974609375 2.19904375076294 0.00196933746338 90004
5182482174615 374 0.01673817448318 0.43376928567886 -0.00000000012369 4
5487827525614 374 0.09994506835938 0.54993486404419 -0.00000149011612 10004
5791495153215 374 4.47628784179688 2.92351961135864 -0.02820301055908 20004
6095162780815 374 -0.01495361328125 0.11154007911682 -0.00000035762787 30004
6398830408418 374 -3.477294921875 1.53185153007507 0.02263259887695 40004
6702498036014 374 2.06838989257813 1.34826457500458 -0.01229596138 50004
7006165663614 374 -0.0008544921875 0.5910592675209 -0.00000381469727 60004
7309833291216 374 -0.05548095703125 2.22366118431091 0.00002861022949 70004
7613500918814 374 -0.21673583984375 0.90402442216873 0.00200033187866 80004
7917168546422 374 -0.5318603515625 2.28661751747131 0.003990650177 90004
5182482174615 375 0.11983099579811 0.67959660291672 0.00000000034925 4
5487827525614 375 0.11221313476563 0.56678175926208 -0.00000160932541 10004
5791495153215 375 4.61363220214844 3.19821810722351 -0.02932834625244 20004
6095162780815 375 -0.03314208984375 0.34936898946762 -0.00000095367432 30004
6398830408418 375 -3.477294921875 1.53185153007507 0.02262902259827 40004
6702498036014 375 2.3375244140625 1.48896718025208 -0.01453924179077 50004
7006165663614 375 0.1561279296875 0.89601612091064 -0.00000381469727 60004
7309833291217 375 -0.0037841796875 0.04735658690333 0.00000047683716 70004
7613500918814 375 -0.2186279296875 0.92306488752365 0.00199794769287 80004
7917168546423 375 0 -0 0 90004
5182482174615 376 0.30387717485428 0.99956977367401 -0.00112304487266 4
5487827525614 376 0.20429229736328 0.69314801692963 -0.00112587213516 10004
5791495153215 376 4.74958801269531 3.47352719306946 -0.0304514169693 20004
6095162780815 376 0.03872680664063 0.57949179410934 -0.00000190734863 30004
6398830408418 376 -3.477294921875 1.53185153007507 0.02262544631958 40004
6702498036014 376 2.53756713867188 1.72246241569519 -0.01565837860107 50004
7006165663614 376 0.39324951171875 1.14663279056549 -0.00225281715393 60004
7309833291217 376 -0.03216552734375 0.40253102779388 0.00000190734863 70004
7613500918814 376 -0.22686767578125 1.06586802005768 0.00199556350708 80004
7917168546423 376 0 -0 0 90004
5182482174615 377 0.52335649728775 1.24971055984497 -0.00336913368665 4
5487827525614 377 0.22282409667969 0.71842926740646 -0.00112700462341 10004
5791495153215 377 4.88739013671875 3.65870952606201 -0.03045189380646 20004
6095162780815 377 0.11083984375 0.79269951581955 -0.00000309944153 30004
6398830408418 377 -3.49307250976563 1.47124969959259 0.02262353897095 40004
6702498036014 377 2.7825927734375 1.86215245723724 -0.01790118217468 50004
7006165663614 377 0.6474609375 1.34308171272278 -0.00337195396423 60004
7309833291217 377 -0.166748046875 0.70089918375015 0.00000333786011 70004
7613500918814 377 -0.22918701171875 1.09442853927612 0.00199317932129 80004
7917168546423 377 0.07452392578125 0.08514085412025 -0.0000057220459 90004
5182482174615 378 0.75980263948441 1.43600082397461 -0.00449217297137 4
5487827525614 378 0.22293090820313 0.71842926740646 -0.00112783908844 10004
5791495153215 378 5.06492614746094 3.81894826889038 -0.03157687187195 20004
6095162780815 378 0.14968872070313 1.00942838191986 -0.000004529953 30004
6398830408418 378 -3.5059814453125 1.42166638374329 0.02262115478516 40004
6702498036014 378 2.99905395507813 1.95451998710632 -0.01901936531067 50004
7006165663614 378 0.92987060546875 1.48341035842896 -0.00561356544495 60004
7309833291217 378 -0.3035888671875 0.93779730796814 0.0020227432251 70004
7613500918814 378 -0.23004150390625 1.09442853927612 0.0019907951355 80004
7917168546423 378 0.208740234375 0.18701051175594 -0.00113534927368 90004
5182482174615 379 1.02074480056763 1.53794491291046 -0.00561521295458 4
5487827525614 379 0.22304534912109 0.71842926740646 -0.00112879276276 10004
5791495153215 379 5.32600402832031 3.98027777671814 -0.03382408618927 20004
6095162780815 379 0.12451171875 1.24925541877747 -0.00000548362732 30004
6398830408418 379 -3.5059814453125 1.42166638374329 0.02261757850647 40004
6702498036014 379 3.14508056640625 2.00337195396423 -0.02013993263245 50004
7006165663614 379 1.26983642578125 1.54523348808289 -0.00785684585571 60004
7309833291217 379 -0.39605712890625 1.09049189090729 0.00202989578247 70004
7613500918814 379 -0.23095703125 1.09442853927612 0.00198793411255 80004
7917168546423 379 0.428466796875 0.2836372256279 -0.00226593017578 90004
5182482174615 380 1.08900332450867 1.60947299003601 -0.00673824967816 4
5487827525614 380 0.34171295166016 0.80341166257858 -0.00112992525101 10004
5791495153215 380 5.46293640136719 4.13564205169678 -0.03494942188263 20004
6095162780815 380 0.197998046875 1.46203398704529 -0.00112879276276 30004
6398830408418 380 -3.5059814453125 1.42166638374329 0.02261424064636 40004
6702498036014 380 3.14508056640625 2.00337195396423 -0.02013659477234 50004
7006165663614 380 1.42877197265625 1.51007914543152 -0.00898575782776 60004
7309833291217 380 -0.67291259765625 1.27642905712128 0.00413370132446 70004
7613500918814 380 -0.08343505859375 1.18004965782166 0.00086259841919 80004
7917168546423 380 0.587890625 0.43038541078568 -0.00338935852051 90004
5182482174615 381 1.13685274124146 1.67011725902557 -0.0067382324487 4
5487827525614 381 0.48457336425781 1.00330722332001 -0.00225484371185 10004
5791495153215 381 5.57366943359375 4.378990650177 -0.03494906425476 20004
6095162780815 381 0.25778198242188 1.61974787712097 -0.00112664699554 30004
6398830408418 381 -3.5059814453125 1.42166638374329 0.02261066436768 40004
6702498036014 381 3.2159423828125 2.06264877319336 -0.02013182640076 50004
7006165663614 381 1.64080810546875 1.39597725868225 -0.0101158618927 60004
7309833291217 381 -0.98382568359375 1.45026624202728 0.00618124008179 70004
7613500918814 381 0.0137939453125 1.25311088562012 0.00086069107056 80004
7917168546423 381 0.74884033203125 0.52255004644394 -0.00450754165649 90004
5182482174615 382 1.15957486629486 1.70676374435425 -0.00673822406679 4
5487827525614 382 0.60453033447266 1.24410307407379 -0.00337833166122 10004
5791495153216 382 0.00225830078125 0.02417527511716 0 20004
6095162780815 382 0.30963134765625 1.72733426094055 -0.00112473964691 30004
6398830408418 382 -3.5257568359375 1.42560958862305 0.02260756492615 40004
6702498036014 382 3.30596923828125 2.14240908622742 -0.02125000953674 50004
7006165663614 382 1.85833740234375 1.26778483390808 -0.01124501228333 60004
7309833291217 382 -1.26641845703125 1.56627571582794 0.00824117660522 70004
7613500918814 382 0.06317138671875 1.31008887290955 -0.00026416778564 80004
7917168546423 382 0.8636474609375 0.55918902158737 -0.00450277328491 90004
5182482174615 383 1.15957486629486 1.70676374435425 -0.00673822406679 4
5487827525614 383 0.66069030761719 1.55160939693451 -0.00337833166122 10004
5791495153216 383 0.01919555664063 0.20548985898495 0 20004
6095162780815 383 0.43917846679688 1.9244372844696 -0.00224542617798 30004
6398830408418 383 -3.674072265625 1.45518362522125 0.02260589599609 40004
6702498036014 383 3.33160400390625 2.19724059104919 -0.02124428749084 50004
7006165663614 383 2.17236328125 1.21416926383972 -0.01349806785583 60004
7309833291217 383 -1.623046875 1.57330667972565 0.01032447814941 70004
7613500918814 383 0.1263427734375 1.40406453609467 -0.00026607513428 80004
7917168546423 383 0.873779296875 0.56564956903458 -0.00562047958374 90004
5182482174615 384 1.15957486629486 1.70676374435425 -0.00673822406679 4
5487827525614 384 0.69915771484375 1.83275246620178 -0.00450038909912 10004
5791495153216 384 0.0225830078125 0.24175278842449 0 20004
6095162780815 384 0.54095458984375 2.12359547615051 -0.0033665895462 30004
6398830408418 384 -3.85345458984375 1.51321089267731 0.02466630935669 40004
6702498036014 384 3.33673095703125 2.25972533226013 -0.021240234375 50004
7006165663614 384 2.38555908203125 1.09939956665039 -0.01462340354919 60004
7309833291217 384 -1.95257568359375 1.53394055366516 0.01246070861816 70004
7613500918814 384 0.14300537109375 1.44852316379547 -0.00026750564575 80004
7917168546423 384 0.994140625 0.59684920310974 -0.00561571121216 90004
5182482174615 385 1.19251668453217 1.74862575531006 -0.00673822127283 4
5487827525614 385 0.73642730712891 2.08861780166626 -0.00450032949448 10004
5791495153216 385 0.0225830078125 0.24175278842449 0 20004
6095162780815 385 0.643798828125 2.29375672340393 -0.00336420536041 30004
6398830408418 385 -4.0570068359375 1.5838463306427 0.02667927742004 40004
6702498036014 385 3.33673095703125 2.30187678337097 -0.02123713493347 50004
7006165663614 385 2.58526611328125 0.96331876516342 -0.01574516296387 60004
7309833291217 385 -2.24530029296875 1.462935090065 0.01457357406616 70004
7613500918814 385 0.14849853515625 1.4768443107605 -0.00026750564575 80004
7917168546423 385 1.1064453125 0.62726944684982 -0.00672483444214 90004
5182482174615 386 1.307825922966 1.89515829086304 -0.00786126591265 4
5487827525614 386 0.78876495361328 2.35513257980347 -0.00450044870377 10004
5791495153216 386 0.0225830078125 0.24175278842449 0 20004
6095162780815 386 0.78701782226563 2.43189072608948 -0.00448822975159 30004
6398830408418 386 -4.3406982421875 1.68183922767639 0.02876710891724 40004
6702498036014 386 3.33673095703125 2.30187678337097 -0.02123379707336 50004
7006165663614 386 2.854736328125 0.78498774766922 -0.01799964904785 60004
7309833291217 386 -2.53155517578125 1.33117306232452 0.01658821105957 70004
7613500918814 386 0.15618896484375 1.50247740745544 -0.00026893615723 80004
7917168546423 386 1.1611328125 0.64809602499008 -0.00670623779297 90004
5182482174615 387 1.38536441326141 2.16090273857117 -0.00786126591265 4
5487827525615 387 -0.12905883789063 0.30296492576599 -0.00000023841858 10004
5791495153216 387 0.01214599609375 0.29176381230354 0 20004
6095162780816 387 -0.0384521484375 0.24916648864746 -0.00000059604645 30004
6398830408418 387 -4.70941162109375 1.82481026649475 0.03091979026794 40004
6702498036014 387 3.30596923828125 2.34066939353943 -0.02123117446899 50004
7006165663614 387 3.166259765625 0.71815723180771 -0.02024531364441 60004
7309833291217 387 -2.84490966796875 1.22833740711212 0.01867961883545 70004
7613500918814 387 0.15728759765625 1.50613927841187 -0.00026893615723 80004
7917168546423 387 1.168212890625 0.65107125043869 -0.00669622421265 90004
5182482174616 388 -0.05694883316755 0.12212716042995 0 4
5487827525615 388 -0.26608276367188 0.55078417062759 0.00205039978027 10004
5791495153216 388 0.00495910644531 0.32558342814445 0 20004
6095162780816 388 -0.04104614257813 0.49454241991043 -0.00000143051147 30004
6398830408418 388 -4.982421875 1.96038508415222 0.03296160697937 40004
6702498036014 388 3.28546142578125 2.36653113365173 -0.02122855186462 50004
7006165663614 388 3.4051513671875 0.70060133934021 -0.02136731147766 60004
7309833291217 388 -3.0888671875 1.11613023281097 0.02075481414795 70004
7613500918814 388 0.15728759765625 1.50613927841187 -0.00026893615723 80004
7917168546423 388 1.16741943359375 0.65107125043869 -0.0066876411438 90004
5182482174616 389 -0.22778126597404 0.48850673437119 0.00204287376255 4
5487827525615 389 -0.41920471191406 0.68826615810394 0.00205039978027 10004
5791495153216 389 0.0042724609375 0.32702019810677 -0.00000023841858 20004
6095162780816 389 0.028076171875 0.73233723640442 -0.00000143051147 30004
6398830408419 389 0 -0 0 40004
6702498036014 389 3.28546142578125 2.36653113365173 -0.02122497558594 50004
7006165663614 389 3.575439453125 0.73064297437668 -0.02249026298523 60004
7309833291217 389 -3.27655029296875 0.94753342866898 0.02075624465942 70004
7613500918814 389 0.15728759765625 1.50613927841187 -0.00026893615723 80004
7917168546423 389 1.16650390625 0.65107125043869 -0.00667858123779 90004
5182482174616 390 -0.46123212575912 0.78489756584167 0.00204287096858 4
5487827525615 390 -0.45099639892578 0.73371911048889 0.00205034017563 10004
5791495153216 390 -0.00576782226563 0.37669256329536 -0.00000059604645 20004
6095162780816 390 0.11993408203125 1.01174700260162 -0.00000309944153 30004
6398830408419 390 0.0589599609375 0.35632169246674 -0.00000143051147 40004
6702498036014 390 3.25128173828125 2.50605702400208 -0.02122259140015 50004
7006165663614 390 3.6087646484375 0.74248403310776 -0.02249026298523 60004
7309833291217 390 -3.38165283203125 0.70069700479507 0.02076196670532 70004
7613500918814 390 0.16925048828125 1.55022072792053 -0.00026988983154 80004
7917168546423 390 1.1800537109375 0.65143924951553 -0.00666856765747 90004
5182482174616 391 -0.6837682723999 0.97373580932617 0.00412770779803 4
5487827525615 391 -0.50428771972656 0.9073491692543 0.00407671928406 10004
5791495153216 391 -0.06513977050781 0.51380568742752 -0.00000059604645 20004
6095162780816 391 0.14227294921875 1.31981873512268 -0.00000405311584 30004
6398830408419 391 0.1885986328125 0.71640431880951 -0.00112533569336 40004
6702498036014 391 3.17868041992188 2.74121880531311 -0.0212197303772 50004
7006165663614 391 3.65106201171875 0.74484652280807 -0.02249026298523 60004
7309833291217 391 -3.5491943359375 0.41918504238129 0.02277565002441 70004
7613500918814 391 0.17547607421875 1.60491704940796 -0.00027084350586 80004
7917168546423 391 1.18841552734375 0.65224230289459 -0.00665092468262 90004
5182482174616 392 -0.88731968402863 1.0509330034256 0.00613513588905 4
5487827525615 392 -0.56861877441406 1.11909162998199 0.00407618284225 10004
5791495153216 392 -0.15838623046875 0.69883131980896 -0.00000071525574 20004
6095162780816 392 0.13568115234375 1.58952844142914 -0.000004529953 30004
6398830408419 392 0.3355712890625 1.01765644550323 -0.00112676620483 40004
6702498036014 392 3.09771728515625 2.99532961845398 -0.0191969871521 50004
7006165663614 392 3.690673828125 0.74147742986679 -0.02361249923706 60004
7309833291217 392 -3.70843505859375 0.1710911244154 0.02479553222656 70004
7613500918814 392 0.16412353515625 1.67861199378967 -0.00027227401733 80004
7917168546423 392 1.19189453125 0.65294080972672 -0.00663566589355 90004
5182482174616 393 -1.29134774208069 1.06344974040985 0.00787273421884 4
5487827525615 393 -0.68729400634766 1.29376947879791 0.0040757060051 10004
5791495153216 393 -0.35281372070313 1.02510643005371 0.00204408168793 20004
6095162780816 393 0.24234008789063 1.88604485988617 -0.00112652778625 30004
6398830408419 393 0.48114013671875 1.37612473964691 -0.00225067138672 40004
6702498036014 393 3.021728515625 3.29364848136902 -0.01919436454773 50004
7006165663614 393 3.73095703125 0.74107152223587 -0.0236120223999 60004
7309833291217 393 -3.77984619140625 -0.07880112528801 0.02480173110962 70004
7613500918814 393 0.06890869140625 1.90311825275421 -0.00027370452881 80004
7917168546423 393 1.19281005859375 0.65226399898529 -0.00661659240723 90004
5182482174616 394 -1.66553163528442 1.10832262039185 0.01149806100875 4
5487827525615 394 -0.71304321289063 1.33204162120819 0.00407546758652 10004
5791495153216 394 -0.53913879394531 1.32661855220795 0.00406932830811 20004
6095162780816 394 0.24285888671875 2.17552137374878 -0.00112581253052 30004
6398830408419 394 0.57772827148438 1.71345674991608 -0.0033745765686 40004
6702498036014 394 2.99679565429688 3.55218696594238 -0.01919198036194 50004
7006165663614 394 3.83905029296875 0.71898931264877 -0.02361106872559 60004
7309833291217 394 -3.85186767578125 -0.22277435660362 0.02480697631836 70004
7613500918814 394 0.03912353515625 2.03304958343506 -0.00027465820313 80004
7917168546423 394 1.2225341796875 0.65165001153946 -0.0077223777771 90004
5182482174616 395 -1.99771416187286 1.11519479751587 0.01336424052715 4
5487827525615 395 -0.71481323242188 1.33580303192139 0.00407522916794 10004
5791495153216 395 -0.67707824707031 1.56758463382721 0.00406885147095 20004
6095162780817 395 0.0103759765625 0.1036057472229 -0.00000023841858 30004
6398830408419 395 0.6136474609375 2.03218102455139 -0.0033757686615 40004
6702498036014 395 3.01861572265625 3.7877242565155 -0.01918840408325 50004
7006165663614 395 3.935546875 0.70424503087997 -0.02473402023315 60004
7309833291217 395 -3.90350341796875 -0.33633032441139 0.0248122215271 70004
7613500918814 395 0.03546142578125 2.18269014358521 -0.00027465820313 80004
7917168546423 395 1.2464599609375 0.65125840902328 -0.00770854949951 90004
5182482174616 396 -2.34322333335876 1.01098954677582 0.01529244333506 4
5487827525615 396 -0.71527099609375 1.33966898918152 0.00407499074936 10004
5791495153216 396 -0.74162292480469 1.74610352516174 0.00406849384308 20004
6095162780817 396 0.04928588867188 0.49212729930878 -0.00000143051147 30004
6398830408419 396 0.54132080078125 2.41237163543701 -0.00337672233582 40004
6702498036014 396 3.13031005859375 4.06080627441406 -0.01918315887451 50004
7006165663614 396 3.990478515625 0.71645712852478 -0.024733543396 60004
7309833291217 396 -3.91998291015625 -0.47377207875252 0.02481842041016 70004
7613500918814 396 0.0546875 2.48295450210571 -0.00027704238892 80004
7917168546423 396 1.24554443359375 0.65125840902328 -0.00769853591919 90004
5182482174616 397 -2.50675916671753 0.87994664907455 0.01529243029654 4
5487827525615 397 -0.70032501220703 1.38906991481781 0.00407475233078 10004
5791495153216 397 -0.71676635742188 2.08594417572021 0.00406777858734 20004
6095162780817 397 -0.05999755859375 0.83745098114014 -0.00000190734863 30004
6398830408420 397 0.07696533203125 0.2572580575943 -0.00000095367432 40004
6702498036014 397 3.15679931640625 4.34517955780029 -0.02030158042908 50004
7006165663614 397 3.994140625 0.71727126836777 -0.024733543396 60004
7309833291217 397 -3.94329833984375 -0.52745199203491 0.0248236656189 70004
7613500918815 397 -0.0111083984375 0.05786687508225 -0.00000095367432 80004
7917168546423 397 1.37408447265625 0.67610663175583 -0.00880527496338 90004
5182482174616 398 -2.64624881744385 0.71206587553024 0.01729601062834 4
5487827525615 398 -0.62961578369141 1.49786913394928 0.00407457351685 10004
5791495153216 398 -0.70854187011719 2.43963718414307 0.0040670633316 20004
6095162780817 398 -0.10153198242188 1.19075763225555 -0.00000584125519 30004
6398830408420 398 0.15472412109375 0.48844450712204 -0.00000333786011 40004
6702498036014 398 3.17239379882813 4.63208198547363 -0.02029848098755 50004
7006165663614 398 3.994140625 0.71727126836777 -0.024733543396 60004
7309833291217 398 -3.9556884765625 -0.55142283439636 0.02482986450195 70004
7613500918815 398 -0.01708984375 0.08902595937252 -0.00000095367432 80004
7917168546423 398 1.44415283203125 0.68948644399643 -0.00880336761475 90004
5182482174616 399 -2.77788615226746 0.51494765281677 0.01729600504041 4
5487827525615 399 -0.50083160400391 1.67522060871124 0.00407302379608 10004
5791495153217 399 -0.00177001953125 0.02006785199046 0 20004
6095162780817 399 -0.06069946289063 1.55260014533997 -0.00000834465027 30004
6398830408420 399 0.23187255859375 0.67221474647522 -0.00112724304199 40004
6702498036014 399 3.1900634765625 4.91469097137451 -0.0202956199646 50004
7006165663614 399 3.994140625 0.71727126836777 -0.024733543396 60004
7309833291217 399 -3.95654296875 -0.55142283439636 0.02483558654785 70004
7613500918815 399 -0.01708984375 0.08902595937252 -0.00000095367432 80004
7917168546423 399 1.44415283203125 0.68948644399643 -0.00880336761475 90004
5182482174616 400 -2.9612774848938 0.38225740194321 0.01933933794498 4
5487827525615 400 -0.32672882080078 2.01769232749939 0.00295013189316 10004
5791495153217 400 -0.02655029296875 0.30101779103279 -0.00000011920929 20004
6095162780817 400 0.03457641601563 1.90433382987976 -0.00000929832458 30004
6398830408420 400 0.36773681640625 0.83576655387878 -0.00225114822388 40004
6702498036014 400 3.298583984375 5.13810062408447 -0.02029085159302 50004
7006165663614 400 3.994140625 0.71727126836777 -0.024733543396 60004
7309833291217 400 -3.9573974609375 -0.55142283439636 0.02484178543091 70004
7613500918815 400 -0.01708984375 0.08902595937252 -0.00000095367432 80004
7917168546423 400 1.44415283203125 0.68948644399643 -0.00880336761475 90004
5182482174616 401 -3.20222043991089 0.19678473472595 0.02144038677216 4
5487827525615 401 -0.06996917724609 2.29220223426819 0.0007032752037 10004
5791495153217 401 -0.03471374511719 0.58266127109528 -0.00000035762787 20004
6095162780817 401 0.1707763671875 2.24082398414612 -0.00001049041748 30004
6398830408420 401 0.4635009765625 1.07394599914551 -0.00225257873535 40004
6702498036014 401 3.480712890625 5.33433198928833 -0.02140951156616 50004
7006165663614 401 4.04412841796875 0.67094576358795 -0.0258526802063 60004
7309833291217 401 -3.958251953125 -0.55142283439636 0.02484703063965 70004
7613500918815 401 -0.12420654296875 0.17888680100441 -0.00000095367432 80004
7917168546423 401 1.5018310546875 0.76217591762543 -0.00879859924316 90004
5182482174616 402 -3.46915245056152 0.01568660512567 0.02328597940505 4
5487827525616 402 -0.01423645019531 0.04057981446385 0 10004
5791495153217 402 -0.01669311523438 0.84071713685989 -0.00000047683716 20004
6095162780818 402 -0.01043701171875 0.02243591286242 0 30004
6398830408420 402 0.534423828125 1.3194727897644 -0.00337648391724 40004
6702498036014 402 3.69317626953125 5.48598575592041 -0.0236508846283 50004
7006165663614 402 4.105224609375 0.6143257021904 -0.0258469581604 60004
7309833291217 402 -3.96282958984375 -0.55891335010529 0.02485275268555 70004
7613500918815 402 -0.25921630859375 0.2928586602211 0.00204706192017 80004
7917168546423 402 1.5797119140625 0.88612431287766 -0.00991535186768 90004
5182482174616 403 -3.86270403862 -0.07664189487696 0.02514458075166 4
5487827525616 403 -0.1209716796875 0.34492841362953 -0.00000023841858 10004
5791495153217 403 0.11216735839844 1.1141003370285 -0.0000011920929 20004
6095162780818 403 -0.08868408203125 0.19070525467396 -0.00000059604645 30004
6398830408420 403 0.63330078125 1.51304960250854 -0.00337743759155 40004
6702498036014 403 3.97238159179688 5.55600214004517 -0.02477121353149 50004
7006165663614 403 4.105224609375 0.6143257021904 -0.02584338188171 60004
7309833291217 403 -3.99212646484375 -0.61509221792221 0.0248589515686 70004
7613500918815 403 -0.28668212890625 0.32392311096191 0.00204420089722 80004
7917168546423 403 1.64068603515625 1.14941716194153 -0.00990581512451 90004
5182482174616 404 -4.17434644699097 -0.27843552827835 0.02714516408741 4
5487827525616 404 -0.23130798339844 0.59430450201035 0.00201523303986 10004
5791495153217 404 0.13844299316406 1.27957677841187 -0.00000178813934 20004
6095162780818 404 -0.3233642578125 0.40841546654701 0.00199818611145 30004
6398830408420 404 0.78244018554688 1.73883008956909 -0.00450420379639 40004
6702498036015 404 -0.107421875 0.23001030087471 0.0000011920929 50004
7006165663614 404 4.105224609375 0.6143257021904 -0.02584004402161 60004
7309833291217 404 -4.03289794921875 -0.67509335279465 0.0268759727478 70004
7613500918815 404 -0.3223876953125 0.34911251068115 0.00204181671143 80004
7917168546423 404 1.608642578125 1.41933619976044 -0.00990104675293 90004
5182482174616 405 -4.41352033615112 -0.52464884519577 0.02921080589294 4
5487827525616 405 -0.35396575927734 0.78990775346756 0.00201493501663 10004
5791495153217 405 0.13189697265625 1.44077014923096 -0.0000022649765 20004
6095162780818 405 -0.5234375 0.60387885570526 0.00405156612396 30004
6398830408420 405 0.90203857421875 1.9733419418335 -0.00563359260559 40004
6702498036015 405 -0.20785522460938 0.48294606804848 0.00201439857483 50004
7006165663614 405 4.105224609375 0.6143257021904 -0.02583694458008 60004
7309833291217 405 -4.06170654296875 -0.71499228477478 0.02688074111938 70004
7613500918815 405 -0.42181396484375 0.37434238195419 0.00203990936279 80004
7917168546423 405 1.54815673828125 1.62880873680115 -0.00989675521851 90004
5182482174616 406 -4.59578466415405 -0.8855043053627 0.02921080030501 4
5487827525616 406 -0.54070281982422 0.94504529237747 0.00402390956879 10004
5791495153217 406 0.10580444335938 1.70529139041901 -0.0000022649765 20004
6095162780818 406 -0.6016845703125 0.77214813232422 0.00405073165894 30004
6398830408420 406 0.95330810546875 2.27881002426147 -0.00564074516296 40004
6702498036015 406 -0.25454711914063 0.72574144601822 0.00201845169067 50004
7006165663614 406 4.105224609375 0.6143257021904 -0.02583336830139 60004
7309833291217 406 -4.0626220703125 -0.71499228477478 0.02688646316528 70004
7613500918815 406 -0.70196533203125 0.41073101758957 0.00413846969604 80004
7917168546423 406 1.4593505859375 1.74773609638214 -0.00989532470703 90004
5182482174616 407 -4.69273614883423 -1.24950444698334 0.02921079657972 4
5487827525616 407 -0.59004974365234 1.0156124830246 0.00402349233627 10004
5791495153217 407 0.10882568359375 1.94663143157959 -0.00000274181366 20004
6095162780818 407 -0.631103515625 0.90500289201736 0.00405025482178 30004
6398830408421 407 -0.10989379882813 0.27564731240273 -0.00000071525574 40004
6702498036015 407 -0.2945556640625 0.79249054193497 0.00202298164368 50004
7006165663614 407 4.25518798828125 0.60033792257309 -0.02695465087891 60004
7309833291217 407 -4.18646240234375 -0.8081049323082 0.02689170837402 70004
7613500918815 407 -0.77783203125 0.42036080360413 0.00413131713867 80004
7917168546423 407 1.4161376953125 1.93645191192627 -0.00989151000977 90004
5182482174616 408 -4.75565052032471 -1.62044429779053 0.03124959021807 4
5487827525616 408 -0.60991668701172 1.04803395271301 0.00402277708054 10004
5791495153217 408 0.15390014648438 2.2015438079834 -0.00000321865082 20004
6095162780818 408 -0.68408203125 1.12488317489624 0.00404977798462 30004
6398830408421 408 -0.277587890625 0.54151540994644 0.00203061103821 40004
6702498036015 408 -0.38192749023438 0.89581233263016 0.00202679634094 50004
7006165663614 408 4.3367919921875 0.59280604124069 -0.02695727348328 60004
7309833291217 408 -4.34368896484375 -0.97451770305634 0.02689695358276 70004
7613500918815 408 -0.92608642578125 0.38651344180107 0.00614547729492 80004
7917168546423 408 1.341796875 2.16753196716309 -0.00784730911255 90004
5182482174616 409 -4.78547716140747 -1.99622750282288 0.03124956041574 4
5487827525616 409 -0.60991668701172 1.04803395271301 0.00402194261551 10004
5791495153218 409 -0.00141906738281 0.0113859474659 0 20004
6095162780818 409 -0.75662231445313 1.42057371139526 0.00404942035675 30004
6398830408421 409 -0.48922729492188 0.77679550647736 0.00202822685242 40004
6702498036015 409 -0.5283203125 1.04718172550201 0.00408625602722 50004
7006165663614 409 4.34906005859375 0.59107953310013 -0.02695965766907 60004
7309833291217 409 -4.5322265625 -1.20132875442505 0.02892208099365 70004
7613500918815 409 -1.15765380859375 0.304063975811 0.00820207595825 80004
7917168546424 409 -0.01251220703125 0.02679834142327 0 90004
5182482174616 410 -4.75423383712769 -2.3722836971283 0.0312495213002 4
5487827525616 410 -0.60991668701172 1.04803395271301 0.00402110815048 10004
5791495153218 410 -0.02128601074219 0.17078921198845 0 20004
6095162780818 410 -0.73355102539063 1.5462691783905 0.00404942035675 30004
6398830408421 410 -0.6339111328125 1.01720893383026 0.00408935546875 40004
6702498036015 410 -0.82369995117188 1.18786585330963 0.00611186027527 50004
7006165663614 410 4.50970458984375 0.56690841913223 -0.02808594703674 60004
7309833291217 410 -4.82855224609375 -1.35352849960327 0.03095388412476 70004
7613500918815 410 -1.34478759765625 0.13065728545189 0.00819492340088 80004
7917168546424 410 -0.187744140625 0.40197509527206 0.00207042694092 90004
5182482174616 411 -4.80087804794312 -2.74217677116394 0.0312495008111 4
5487827525616 411 -0.63079071044922 1.05540144443512 0.00402057170868 10004
5791495153218 411 -0.02838134765625 0.22771894931793 0 20004
6095162780818 411 -0.68685913085938 1.67943727970123 0.00404894351959 30004
6398830408421 411 -0.82489013671875 1.25413477420807 0.00615525245667 40004
6702498036015 411 -1.02005004882813 1.3328640460968 0.00611281394958 50004
7006165663614 411 4.58380126953125 0.55115836858749 -0.02921199798584 60004
7309833291217 411 -5.14752197265625 -1.42655909061432 0.03302574157715 70004
7613500918815 411 -1.55511474609375 -0.17090232670307 0.01023483276367 80004
7917168546424 411 -0.29290771484375 0.81400889158249 0.00207281112671 90004
5182482174616 412 -4.8615779876709 -3.08309626579285 0.03124949149787 4
5487827525616 412 -0.66393280029297 1.06824135780334 0.0040203332901 10004
5791495153218 412 -0.03436279296875 0.24353849887848 -0.00000011920929 20004
6095162780818 412 -0.60336303710938 1.81958878040314 0.0040477514267 30004
6398830408421 412 -1.03726196289063 1.4562863111496 0.00615453720093 40004
6702498036015 412 -1.1417236328125 1.47955214977264 0.00816249847412 50004
7006165663615 412 0 -0 0 60004
7309833291217 412 -5.45452880859375 -1.43976593017578 0.03516054153442 70004
7613500918815 412 -1.73687744140625 -0.52555763721466 0.01022815704346 80004
7917168546424 412 -0.3343505859375 1.21413147449493 0.00207471847534 90004
5182482174616 413 -4.78701257705688 -3.48047685623169 0.03124945051968 4
5487827525616 413 -0.72119140625 1.09700536727905 0.00402009487152 10004
5791495153218 413 -0.0792236328125 0.36214756965637 -0.00000011920929 20004
6095162780818 413 -0.329345703125 2.06152057647705 0.00292277336121 30004
6398830408421 413 -1.35357666015625 1.58766806125641 0.00816535949707 40004
6702498036015 413 -1.22091674804688 1.71113586425781 0.00816297531128 50004
7006165663615 413 0 -0 0 60004
7309833291217 413 -5.8033447265625 -1.36764311790466 0.03726863861084 70004
7613500918815 413 -1.785400390625 -0.98887705802917 0.01223039627075 80004
7917168546424 413 -0.2574462890625 1.66633224487305 0.00208044052124 90004
5182482174616 414 -4.65537405014038 -3.83250498771667 0.03012636862695 4
5487827525616 414 -0.75875091552734 1.10891842842102 0.00576919317245 10004
5791495153218 414 -0.15147399902344 0.48929867148399 -0.00000011920929 20004
6095162780818 414 -0.2000732421875 2.20108962059021 0.00179970264435 30004
6398830408421 414 -1.66790771484375 1.60328221321106 0.01021552085876 40004
6702498036015 414 -1.3179931640625 1.90816450119019 0.00816297531128 50004
7006165663615 414 -0.115478515625 0.10948684066534 -0.00000071525574 60004
7309833291217 414 -6.018798828125 -1.38119912147522 0.03927803039551 70004
7613500918815 414 -1.7957763671875 -1.35595846176147 0.01222801208496 80004
7917168546424 414 -0.1346435546875 2.08267712593079 0.00096368789673 90004
5182482174616 415 -4.5611515045166 -4.09591674804688 0.03012633696198 4
5487827525616 415 -0.81963348388672 1.11207091808319 0.00576919317245 10004
5791495153218 415 -0.24491882324219 0.62789487838745 0.00202810764313 20004
6095162780819 415 -0.01382446289063 0.07346947491169 0 30004
6398830408421 415 -1.90728759765625 1.59873855113983 0.01227068901062 40004
6702498036015 415 -1.39947509765625 2.04413604736328 0.00816321372986 50004
7006165663615 415 -0.21905517578125 0.2102192491293 0.00202083587646 60004
7309833291217 415 -6.142578125 -1.40563404560089 0.03927659988403 70004
7613500918815 415 -1.80108642578125 -1.62336003780365 0.01222562789917 80004
7917168546425 415 -0.02545166015625 0.06455530971289 -0.00000047683716 90004
5182482174616 416 -4.5671329498291 -4.28449249267578 0.03012633509934 4
5487827525616 416 -1.00397491455078 1.10322523117065 0.00576895475388 10004
5791495153218 416 -0.43951416015625 0.87953186035156 0.00202643871307 20004
6095162780819 416 -0.07833862304688 0.41632696986198 -0.00000047683716 30004
6398830408421 416 -2.0657958984375 1.61824500560761 0.0122663974762 40004
6702498036015 416 -1.46975708007813 2.10322618484497 0.01018285751343 50004
7006165663615 416 -0.26263427734375 0.26226314902306 0.00201416015625 60004
7309833291217 416 -6.1639404296875 -1.41282880306244 0.03927516937256 70004
7613500918815 416 -1.82330322265625 -1.82345807552338 0.01222372055054 80004
7917168546425 416 -0.14422607421875 0.36581343412399 -0.00000333786011 90004
5182482174616 417 -4.56841468811035 -4.32490158081055 0.03012633509934 4
5487827525616 417 -1.24878692626953 1.03740644454956 0.00757896900177 10004
5791495153218 417 -0.57260131835938 1.03268909454346 0.00404119491577 20004
6095162780819 417 -0.24240112304688 0.73126018047333 0.00201904773712 30004
6398830408421 417 -2.15829467773438 1.62647926807404 0.014315366745 40004
6702498036015 417 -1.630126953125 2.17767930030823 0.01018595695496 50004
7006165663615 417 -0.414794921875 0.33891823887825 0.00200819969177 60004
7309833291217 417 -6.18621826171875 -1.42305016517639 0.03927421569824 70004
7613500918815 417 -1.79388427734375 -2.05586385726929 0.01221942901611 80004
7917168546425 417 -0.3253173828125 0.60200989246368 0.00203609466553 90004
5182482174616 418 -4.56841468811035 -4.32490158081055 0.03012633509934 4
5487827525616 418 -1.47159576416016 0.97585278749466 0.00951367616653 10004
5791495153218 418 -0.67218017578125 1.15383732318878 0.0040408372879 20004
6095162780819 418 -0.41668701171875 0.98825025558472 0.00201845169067 30004
6398830408421 418 -2.22222900390625 1.62846171855927 0.01431179046631 40004
6702498036015 418 -1.78848266601563 2.23903512954712 0.01219058036804 50004
7006165663615 418 -0.5699462890625 0.40856724977493 0.00407266616821 60004
7309833291218 418 0 -0 0 70004
7613500918815 418 -1.7535400390625 -2.27583622932434 0.01221656799316 80004
7917168546425 418 -0.50115966796875 0.7850289940834 0.00404024124146 90004
5182482174616 419 -4.56841468811035 -4.32490158081055 0.03012633509934 4
5487827525616 419 -1.7171630859375 1.00908482074738 0.01143699884415 10004
5791495153218 419 -0.78668212890625 1.46044480800629 0.00404047966003 20004
6095162780819 419 -0.75030517578125 1.20561838150024 0.00408613681793 30004
6398830408421 419 -2.29727172851563 1.59945571422577 0.01430749893188 40004
6702498036015 419 -1.97177124023438 2.23294353485107 0.01219415664673 50004
7006165663615 419 -0.73828125 0.46661388874054 0.00407147407532 60004
7309833291218 419 0 -0 0 70004
7613500918815 419 -1.667236328125 -2.70205092430115 0.01108980178833 80004
7917168546425 419 -0.78399658203125 0.94432085752487 0.00404214859009 90004
5182482174616 420 -4.56841468811035 -4.32490158081055 0.03012633509934 4
5487827525616 420 -1.91280364990234 0.99681091308594 0.01143699884415 10004
5791495153218 420 -0.84071350097656 1.65653204917908 0.00606203079224 20004
6095162780819 420 -1.03848266601563 1.30723094940186 0.00623500347137 30004
6398830408421 420 -2.34921264648438 1.56308400630951 0.0143039226532 40004
6702498036015 420 -2.04547119140625 2.23301243782043 0.01219701766968 50004
7006165663615 420 -0.88555908203125 0.57157230377197 0.00608420372009 60004
7309833291218 420 0.0296630859375 0.06511630862951 0.00000095367432 70004
7613500918815 420 -1.59942626953125 -2.93973636627197 0.01108598709106 80004
7917168546425 420 -0.9659423828125 1.11415898799896 0.00612211227417 90004
5182482174616 421 -4.56841468811035 -4.32490158081055 0.03012633509934 4
5487827525616 421 -2.16472625732422 0.94047313928604 0.01337784528732 10004
5791495153218 421 -0.87126159667969 1.8585159778595 0.00606274604797 20004
6095162780819 421 -1.43283081054688 1.36318683624268 0.00835633277893 30004
6398830408421 421 -2.40774536132813 1.50238835811615 0.01631331443787 40004
6702498036015 421 -2.0645751953125 2.23824954032898 0.01420569419861 50004
7006165663615 421 -1.08892822265625 0.76810300350189 0.00608277320862 60004
7309833291218 421 0.098876953125 0.21705441176891 0.00000381469727 70004
7613500918815 421 -1.512451171875 -3.13915681838989 0.00995540618896 80004
7917168546425 421 -1.15478515625 1.37770473957062 0.00820541381836 90004
5182482174616 422 -4.56841468811035 -4.32490158081055 0.03012633509934 4
5487827525616 422 -2.37052917480469 0.78702515363693 0.01545166969299 10004
5791495153218 422 -0.88322448730469 1.89738869667053 0.006063580513 20004
6095162780819 422 -1.60748291015625 1.45861458778381 0.01041126251221 30004
6398830408421 422 -2.47909545898438 1.29426944255829 0.01631236076355 40004
6702498036015 422 -2.0645751953125 2.23824954032898 0.01420903205872 50004
7006165663615 422 -1.4716796875 0.90015876293182 0.01024413108826 60004
7309833291218 422 0.095458984375 0.5509472489357 0.00000476837158 70004
7613500918815 422 -1.22918701171875 -3.45079278945923 0.00881671905518 80004
7917168546425 422 -1.276123046875 1.67825567722321 0.00820684432983 90004
5182482174616 423 -4.56841468811035 -4.32490158081055 0.03012633509934 4
5487827525616 423 -2.57814025878906 0.68909567594528 0.01741874217987 10004
5791495153218 423 -0.90007019042969 1.99813103675842 0.00606417655945 20004
6095162780819 423 -1.78839111328125 1.58135962486267 0.01040935516357 30004
6398830408421 423 -2.50674438476563 1.06815922260284 0.01631093025208 40004
6702498036015 423 -2.11932373046875 2.26271557807922 0.01421189308167 50004
7006165663615 423 -1.74017333984375 1.05841684341431 0.01024079322815 60004
7309833291218 423 0.10791015625 0.80233353376389 0.00000619888306 70004
7613500918815 423 -0.9796142578125 -3.71911668777466 0.00655698776245 80004
7917168546425 423 -1.4013671875 1.8754209280014 0.0082106590271 90004
5182482174616 424 -4.56841468811035 -4.32490158081055 0.03012633509934 4
5487827525616 424 -2.83693695068359 0.61939322948456 0.01741862297058 10004
5791495153218 424 -0.92546081542969 2.18031001091003 0.00606489181519 20004
6095162780819 424 -2.01889038085938 1.75869572162628 0.01245927810669 30004
6398830408421 424 -2.50039672851563 0.77150702476501 0.01630926132202 40004
6702498036015 424 -2.23760986328125 2.31572532653809 0.01421236991882 50004
7006165663615 424 -1.9678955078125 1.27868640422821 0.01226329803467 60004
7309833291218 424 0.1380615234375 1.03696036338806 0.00001001358032 70004
7613500918815 424 -0.70135498046875 -4.01110887527466 0.00541973114014 80004
7917168546425 424 -1.55950927734375 2.02352952957153 0.01028394699097 90004
5182482174616 425 -4.56841468811035 -4.32490158081055 0.03012633509934 4
5487827525616 425 -3.08325958251953 0.54068470001221 0.01934206485748 10004
5791495153218 425 -0.87887573242188 2.37757229804993 0.00606632232666 20004
6095162780819 425 -2.17816162109375 1.92273378372192 0.01451480388641 30004
6398830408421 425 -2.46768188476563 0.56075704097748 0.01630640029907 40004
6702498036015 425 -2.44558715820313 2.36344504356384 0.01626706123352 50004
7006165663615 425 -2.13629150390625 1.35968565940857 0.01429677009583 60004
7309833291218 425 0.1484375 1.25987637042999 0.00001096725464 70004
7613500918815 425 -0.3504638671875 -4.16280794143677 0.00316715240479 80004
7917168546425 425 -1.7034912109375 2.24640083312988 0.0102858543396 90004
5182482174616 426 -4.57676315307617 -4.33905601501465 0.03012632578611 4
5487827525616 426 -3.29904174804688 0.43531411886215 0.02128547430038 10004
5791495153219 426 -0.001953125 0.07275304198265 -0.00000011920929 20004
6095162780819 426 -2.29608154296875 2.04927945137024 0.01451373100281 30004
6398830408421 426 -2.46646118164063 0.36093699932098 0.01630401611328 40004
6702498036015 426 -2.65542602539063 2.44518733024597 0.01626992225647 50004
7006165663615 426 -2.32501220703125 1.39936327934265 0.01429748535156 60004
7309833291218 426 0.163330078125 1.41480028629303 0.00001192092896 70004
7613500918815 426 -0.00665283203125 -4.24099206924438 0.00091934204102 80004
7917168546425 426 -1.83953857421875 2.45930480957031 0.01234149932861 90004
5182482174616 427 -4.60597848892212 -4.38859224319458 0.03012630715966 4
5487827525616 427 -3.52606201171875 0.23768283426762 0.02333825826645 10004
5791495153219 427 -0.0087890625 0.32738876342773 -0.00000035762787 20004
6095162780819 427 -2.37924194335938 2.14126420021057 0.01451289653778 30004
6398830408421 427 -2.53738403320313 0.10007141530514 0.01630210876465 40004
6702498036015 427 -2.92587280273438 2.6294538974762 0.01829290390015 50004
7006165663615 427 -2.63348388671875 1.3887722492218 0.0163426399231 60004
7309833291218 427 0.1966552734375 1.47900903224945 -0.00110816955566 70004
7613500918815 427 0.42742919921875 -4.21308088302612 -0.00274419784546 80004
7917168546425 427 -2.00701904296875 2.71101951599121 0.01234912872314 90004
5182482174616 428 -4.71509075164795 -4.5581374168396 0.03012628853321 4
5487827525616 428 -3.68145751953125 0.1328509002924 0.0233381986618 10004
5791495153219 428 0.08389282226563 0.57937598228455 -0.00000035762787 20004
6095162780819 428 -2.50259399414063 2.26857209205627 0.01653802394867 30004
6398830408421 428 -2.65090942382813 -0.16594026982784 0.01630091667175 40004
6702498036015 428 -3.09597778320313 2.87674522399902 0.02034330368042 50004
7006165663615 428 -2.954833984375 1.37341451644897 0.01834988594055 60004
7309833291218 428 0.2510986328125 1.650071144104 -0.00109672546387 70004
7613500918815 428 0.81439208984375 -4.31424427032471 -0.0049901008606 80004
7917168546425 428 -2.1309814453125 2.85687899589539 0.01437616348267 90004
5182482174616 429 -4.80553436279297 -4.70247602462769 0.03012626618147 4
5487827525616 429 -3.79830932617188 0.04529432207346 0.0251572728157 10004
5791495153219 429 0.16445922851563 0.78322815895081 -0.00000035762787 20004
6095162780819 429 -2.657958984375 2.38722443580627 0.01653790473938 30004
6398830408421 429 -2.748046875 -0.38814893364906 0.01831769943237 40004
6702498036015 429 -3.210693359375 3.12728643417358 0.02034592628479 50004
7006165663615 429 -3.25811767578125 1.32149732112885 0.02045822143555 60004
7309833291218 429 0.3214111328125 1.8476494550705 -0.00108814239502 70004
7613500918815 429 1.14654541015625 -4.39204692840576 -0.00723695755005 80004
7917168546425 429 -2.21722412109375 2.9507098197937 0.01438283920288 90004
5182482174616 430 -4.82697057723999 -4.75579166412354 0.03012624569237 4
5487827525616 430 -3.87394714355469 -0.07081114500761 0.02515703439713 10004
5791495153219 430 0.18283081054688 0.91129684448242 -0.00112426280975 20004
6095162780819 430 -2.95745849609375 2.50502419471741 0.01861166954041 30004
6398830408421 430 -2.80657958984375 -0.55173218250275 0.01831579208374 40004
6702498036015 430 -3.24359130859375 3.45278453826904 0.02034854888916 50004
7006165663615 430 -3.61590576171875 1.13207876682281 0.02258133888245 60004
7309833291218 430 0.4598388671875 2.15155816078186 -0.00220918655396 70004
7613500918815 430 1.456787109375 -4.35364151000977 -0.00836753845215 80004
7917168546425 430 -2.23773193359375 2.9689679145813 0.01439046859741 90004
5182482174616 431 -4.82206535339355 -4.94282293319702 0.03012622334063 4
5487827525616 431 -3.96652221679688 -0.19078142940998 0.02515679597855 10004
5791495153219 431 0.1953125 1.02179682254791 -0.00112450122833 20004
6095162780819 431 -3.12356567382813 2.59400343894959 0.02066540718079 30004
6398830408421 431 -2.88015747070313 -0.65224897861481 0.01831412315369 40004
6702498036015 431 -3.29885864257813 3.72157073020935 0.02035164833069 50004
7006165663615 431 -3.935546875 0.93392449617386 0.02472186088562 60004
7309833291218 431 0.6304931640625 2.40915203094482 -0.00333118438721 70004
7613500918815 431 1.58441162109375 -4.31473207473755 -0.00950288772583 80004
7917168546425 431 -2.30682373046875 3.09130764007568 0.01439762115479 90004
5182482174617 432 -0.00695561198518 0.01491635479033 -0.00000000000364 4
5487827525616 432 -4.05316925048828 -0.32764303684235 0.02515679597855 10004
5791495153219 432 0.2086181640625 1.11595404148102 -0.0011248588562 20004
6095162780819 432 -3.25668334960938 2.6954824924469 0.0206652879715 30004
6398830408421 432 -2.94461059570313 -0.72077143192291 0.01831245422363 40004
6702498036015 432 -3.35922241210938 3.9576313495636 0.02237629890442 50004
7006165663615 432 -4.197998046875 0.74506431818008 0.02675628662109 60004
7309833291219 432 0.01025390625 0.02189594134688 0.00000095367432 70004
7613500918815 432 1.658203125 -4.27692270278931 -0.0106372833252 80004
7917168546425 432 -2.37286376953125 3.2133469581604 0.014404296875 90004
5182482174617 433 -0.05911939963698 0.12678194046021 -0.00000000008731 4
5487827525616 433 -4.12985992431641 -0.64097064733505 0.02717787027359 10004
5791495153219 433 0.24432373046875 1.19920802116394 -0.00112557411194 20004
6095162780819 433 -3.49057006835938 2.9785521030426 0.0227187871933 30004
6398830408421 433 -2.97024536132813 -0.74371594190598 0.01831078529358 40004
6702498036015 433 -3.4503173828125 4.23530864715576 0.02237892150879 50004
7006165663615 433 -4.3443603515625 0.51034510135651 0.02879619598389 60004
7309833291219 433 0.087158203125 0.18611551821232 0.00000381469727 70004
7613500918815 433 1.75341796875 -4.22345018386841 -0.01065063476563 80004
7917168546425 433 -2.3829345703125 3.24043726921082 0.01441287994385 90004
5182482174617 434 -0.06955146789551 0.14915357530117 -0.00000000008731 4
5487827525616 434 -4.12253570556641 -0.81753396987915 0.02717679738998 10004
5791495153219 434 0.26870727539063 1.26229202747345 -0.00112628936768 20004
6095162780819 434 -3.7918701171875 3.16243147850037 0.02487170696259 30004
6398830408421 434 -3.0860595703125 -0.82917165756226 0.02031922340393 40004
6702498036015 434 -3.46609497070313 4.36870670318604 0.02238130569458 50004
7006165663615 434 -4.46807861328125 0.1899696290493 0.0287938117981 60004
7309833291219 434 0.1031494140625 0.22199733555317 0.0000057220459 70004
7613500918815 434 1.7724609375 -4.21275568008423 -0.01065826416016 80004
7917168546425 434 -2.38983154296875 3.25381135940552 0.01442003250122 90004
5182482174617 435 -0.07419063895941 0.15727092325687 -0.00000000011642 4
5487827525616 435 -4.10267639160156 -0.95024919509888 0.02717608213425 10004
5791495153219 435 0.28677368164063 1.31778919696808 -0.00112652778625 20004
6095162780819 435 -4.06472778320313 3.31145477294922 0.02700245380402 30004
6398830408421 435 -3.21017456054688 -0.928575694561 0.02031993865967 40004
6702498036015 435 -3.46368408203125 4.44656944274902 0.02238345146179 50004
7006165663615 435 -4.56207275390625 -0.10469664633274 0.02879214286804 60004
7309833291219 435 0.10455322265625 0.22684055566788 0.00000667572021 70004
7613500918815 435 1.77691650390625 -4.20869731903076 -0.01066398620605 80004
7917168546425 435 -2.39892578125 3.27027082443237 0.01442623138428 90004
5182482174617 436 -0.13913404941559 0.27090501785278 -0.00000000029104 4
5487827525616 436 -4.14187622070313 -1.21373319625854 0.02717554569244 10004
5791495153219 436 0.29830932617188 1.44468462467194 -0.0011271238327 20004
6095162780819 436 -4.32150268554688 3.61606454849243 0.02700328826904 30004
6398830408421 436 -3.396728515625 -1.18809616565704 0.02238941192627 40004
6702498036015 436 -3.464111328125 4.44656944274902 0.02238607406616 50004
7006165663615 436 -4.55352783203125 -0.40198263525963 0.02879047393799 60004
7309833291219 436 0.11566162109375 0.25211507081985 0.00000762939453 70004
7613500918815 436 1.83929443359375 -4.15188026428223 -0.01180028915405 80004
7917168546425 436 -2.4578857421875 3.38931894302368 0.01645278930664 90004
5182482174617 437 -0.2403007298708 0.36660420894623 0.00205075298436 4
5487827525616 437 -4.22047424316406 -1.46726596355438 0.02717500925064 10004
5791495153219 437 0.26910400390625 1.58292758464813 -0.00112795829773 20004
6095162780819 437 -4.4656982421875 3.91915345191956 0.02901017665863 30004
6398830408421 437 -3.5609130859375 -1.33554196357727 0.02238774299622 40004
6702498036015 437 -3.46450805664063 4.44656944274902 0.02238869667053 50004
7006165663615 437 -4.51434326171875 -0.73706859350204 0.02878737449646 60004
7309833291219 437 0.11962890625 0.26114174723625 0.00000762939453 70004
7613500918815 437 2.021240234375 -4.07057619094849 -0.01293563842773 80004
7917168546425 437 -2.47943115234375 3.43183612823486 0.01645946502686 90004
5182482174617 438 -0.35726362466812 0.44926992058754 0.00205075088888 4
5487827525616 438 -4.31740570068359 -1.70640885829926 0.0271737575531 10004
5791495153219 438 0.2191162109375 1.72231233119965 -0.00112795829773 20004
6095162780819 438 -4.54443359375 4.21060514450073 0.02900946140289 30004
6398830408421 438 -3.7073974609375 -1.41768193244934 0.02442574501038 40004
6702498036015 438 -3.46487426757813 4.44656944274902 0.02239108085632 50004
7006165663615 438 -4.46014404296875 -1.08043718338013 0.02878308296204 60004
7309833291219 438 0.11962890625 0.26114174723625 0.00000762939453 70004
7613500918815 438 2.2606201171875 -3.97905707359314 -0.01406908035278 80004
7917168546425 438 -2.48016357421875 3.43183612823486 0.01646614074707 90004
5182482174617 439 -0.37826851010323 0.47542974352837 0.00205074762926 4
5487827525616 439 -4.45247650146484 -1.95112860202789 0.02921628952026 10004
5791495153219 439 0.19967651367188 1.82801878452301 -0.00112819671631 20004
6095162780819 439 -4.63571166992188 4.31930255889893 0.02900648117065 30004
6398830408421 439 -3.86767578125 -1.42975890636444 0.02442383766174 40004
6702498036015 439 -3.46527099609375 4.44656944274902 0.02239322662354 50004
7006165663615 439 -4.31097412109375 -1.42282783985138 0.02877831459045 60004
7309833291219 439 0.11962890625 0.26114174723625 0.00000762939453 70004
7613500918815 439 2.3272705078125 -3.94582176208496 -0.01407194137573 80004
7917168546425 439 -2.48095703125 3.43183612823486 0.01647281646729 90004
5182482174617 440 -0.40669819712639 0.50633597373962 0.00205074530095 4
5487827525616 440 -4.56682586669922 -2.15818476676941 0.02921575307846 10004
5791495153219 440 0.18402099609375 1.96416556835175 -0.0011283159256 20004
6095162780819 440 -4.76461791992188 4.41483068466187 0.03102397918701 30004
6398830408421 440 -4.00567626953125 -1.46522831916809 0.02649068832397 40004
6702498036015 440 -3.46560668945313 4.44656944274902 0.02239513397217 50004
7006165663615 440 -4.2196044921875 -1.70177412033081 0.02765154838562 60004
7309833291219 440 0.134033203125 0.3028938472271 0.00000858306885 70004
7613500918815 440 2.3668212890625 -3.92321181297302 -0.01519632339478 80004
7917168546425 440 -2.48162841796875 3.43183612823486 0.01647901535034 90004
5182482174617 441 -0.4666106402874 0.56520289182663 0.00205074180849 4
5487827525616 441 -4.71239471435547 -2.42165970802307 0.03122538328171 10004
5791495153219 441 0.16586303710938 2.24146485328674 -0.00112855434418 20004
6095162780819 441 -5.04351806640625 4.5443263053894 0.03303980827332 30004
6398830408421 441 -4.1864013671875 -1.56661081314087 0.02648830413818 40004
6702498036015 441 -3.46603393554688 4.44656944274902 0.02239799499512 50004
7006165663615 441 -4.17724609375 -2.03281116485596 0.02764654159546 60004
7309833291219 441 0.1844482421875 0.44902619719505 -0.00111246109009 70004
7613500918815 441 2.379638671875 -3.90671277046204 -0.01519727706909 80004
7917168546425 441 -2.48248291015625 3.43183612823486 0.01648712158203 90004
5182482174617 442 -0.53190213441849 0.61277389526367 0.00406932272017 4
5487827525616 442 -4.79412078857422 -2.68789124488831 0.03122538328171 10004
5791495153219 442 0.16058349609375 2.36595177650452 -0.00112891197205 20004
6095162780819 442 -5.385009765625 4.64604616165161 0.03509378433228 30004
6398830408421 442 -4.29949951171875 -1.64764785766602 0.02853012084961 40004
6702498036015 442 -3.4664306640625 4.44656944274902 0.02240061759949 50004
7006165663615 442 -4.2532958984375 -2.38766264915466 0.02764391899109 60004
7309833291219 442 0.31048583984375 0.63833379745483 -0.00110960006714 70004
7613500918816 442 0 0.01349882874638 0 80004
7917168546425 442 -2.4832763671875 3.43183612823486 0.0164942741394 90004
5182482174617 443 -0.5940300822258 0.66879737377167 0.00406932318583 4
5487827525616 443 -4.84283447265625 -2.89637112617493 0.03122544288635 10004
5791495153220 443 -0.00567626953125 0.01218901202083 0 20004
6095162780819 443 -5.66812133789063 4.73202180862427 0.03721380233765 30004
6398830408421 443 -4.3885498046875 -1.71916174888611 0.02852821350098 40004
6702498036015 443 -3.46615600585938 4.44724941253662 0.0224027633667 50004
7006165663615 443 -4.32257080078125 -2.697181224823 0.0276415348053 60004
7309833291219 443 0.4197998046875 0.78306615352631 -0.00223159790039 70004
7613500918816 443 0 0.02454332634807 0 80004
7917168546425 443 -2.48394775390625 3.43183612823486 0.0164999961853 90004
5182482174617 444 -0.70389974117279 0.83664220571518 0.00406932458282 4
5487827525616 444 -4.83439636230469 -3.04667496681213 0.03122556209564 10004
5791495153220 444 -0.04541015625 0.09748286753893 0 20004
6095162780819 444 -5.92147827148438 4.85722494125366 0.03721415996552 30004
6398830408421 444 -4.51202392578125 -1.83858704566956 0.02852559089661 40004
6702498036015 444 -3.46231079101563 4.4520092010498 0.02240538597107 50004
7006165663615 444 -4.33453369140625 -3.10232734680176 0.02763915061951 60004
7309833291219 444 0.50439453125 0.83153939247131 -0.00222778320313 70004
7613500918816 444 0 0.02454332634807 0 80004
7917168546425 444 -2.48480224609375 3.43183612823486 0.01650762557983 90004
5182482174617 445 -0.79483544826508 1.01569271087646 0.00406932458282 4
5487827525616 445 -4.83205413818359 -3.08961892127991 0.03122562170029 10004
5791495153220 445 -0.0567626953125 0.12183750420809 0 20004
6095162780819 445 -6.13955688476563 5.07482957839966 0.03931272029877 30004
6398830408421 445 -4.72518920898438 -1.93394446372986 0.03060984611511 40004
6702498036015 445 -3.42083740234375 4.53277540206909 0.02240920066833 50004
7006165663615 445 -4.3505859375 -3.47833704948425 0.02763652801514 60004
7309833291219 445 0.6812744140625 0.91721200942993 -0.00334882736206 70004
7613500918816 445 0 0.02454332634807 0 80004
7917168546425 445 -2.485595703125 3.43183612823486 0.01651477813721 90004
5182482174617 446 -0.86724710464478 1.21337831020355 0.00610433379188 4
5487827525616 446 -4.8321533203125 -3.08961892127991 0.03122574090958 10004
5791495153220 446 -0.06442260742188 0.13358318805695 -0.00000011920929 20004
6095162780819 446 -6.3433837890625 5.30989122390747 0.04131627082825 30004
6398830408421 446 -4.9708251953125 -2.02827620506287 0.0326464176178 40004
6702498036015 446 -3.36270141601563 4.64187431335449 0.02241373062134 50004
7006165663615 446 -4.38446044921875 -3.83143186569214 0.0276346206665 60004
7309833291219 446 0.9085693359375 1.02878880500793 -0.00559377670288 70004
7613500918816 446 -0.0054931640625 0.05122763291001 0 80004
7917168546425 446 -2.50689697265625 3.44219589233398 0.01652050018311 90004
5182482174617 447 -0.8644472360611 1.49398386478424 0.0061043323949 4
5487827525616 447 -4.83226776123047 -3.08961892127991 0.03122586011887 10004
5791495153220 447 -0.12187194824219 0.22167587280273 -0.00000011920929 20004
6095162780819 447 -6.53793334960938 5.40605735778809 0.04131472110748 30004
6398830408421 447 -5.18356323242188 -2.17443513870239 0.03264355659485 40004
6702498036015 447 -3.29653930664063 4.73222541809082 0.02129602432251 50004
7006165663615 447 -4.52227783203125 -4.09398555755615 0.02965354919434 60004
7309833291219 447 1.21234130859375 1.20723617076874 -0.00670719146729 70004
7613500918816 447 -0.04669189453125 0.25135996937752 -0.00000143051147 80004
7917168546425 447 -2.66162109375 3.51989412307739 0.0165228843689 90004
5182482174617 448 -0.81631296873093 1.73103809356689 0.00610433006659 4
5487827525617 448 0.00190734863281 0.00412554899231 -0.00000005960464 10004
5791495153220 448 -0.30894470214844 0.34841653704643 0.00191390514374 20004
6095162780819 448 -6.72946166992188 5.61613512039185 0.04339694976807 30004
6398830408421 448 -5.45135498046875 -2.24127268791199 0.03474617004395 40004
6702498036015 448 -3.27267456054688 4.80466938018799 0.02129888534546 50004
7006165663615 448 -4.64862060546875 -4.41842269897461 0.0296516418457 60004
7309833291219 448 1.44842529296875 1.25935029983521 -0.00895071029663 70004
7613500918816 448 -0.0689697265625 0.44874235987663 -0.00000143051147 80004
7917168546425 448 -2.86468505859375 3.68994808197021 0.01861429214478 90004
5182482174617 449 -0.7603787779808 1.92870593070984 0.00498128030449 4
5487827525617 449 0.00381469726563 0.00825109798461 -0.00000017881393 10004
5791495153220 449 -0.49073791503906 0.46090787649155 0.00315809249878 20004
6095162780819 449 -6.88775634765625 5.83055019378662 0.04339587688446 30004
6398830408421 449 -5.69537353515625 -2.29180073738098 0.03677558898926 40004
6702498036016 449 0.00375366210938 0.00806293729693 0.00000047683716 50004
7006165663615 449 -4.751953125 -4.70409488677979 0.02964997291565 60004
7309833291219 449 1.64654541015625 1.27721118927002 -0.01007127761841 70004
7613500918816 449 -0.095947265625 0.62837982177734 -0.00000286102295 80004
7917168546425 449 -3.0458984375 3.86574268341064 0.01861000061035 90004
5182482174617 450 -0.6433345079422 2.16303181648254 0.00498127285391 4
5487827525617 450 0.00381469726563 0.00825109798461 -0.00000017881393 10004
5791495153220 450 -0.5770263671875 0.50807690620422 0.00434064865112 20004
6095162780819 450 -6.96798706054688 6.16053771972656 0.04541289806366 30004
6398830408421 450 -5.95867919921875 -2.47271275520325 0.0388331413269 40004
6702498036016 450 0.05630493164063 0.12094405293465 0.00000286102295 50004
7006165663615 450 -4.81494140625 -4.8965425491333 0.03166389465332 60004
7309833291219 450 1.97412109375 1.29731845855713 -0.01231575012207 70004
7613500918816 450 -0.277587890625 0.9403178691864 0.00205898284912 80004
7917168546425 450 -3.17401123046875 4.16366672515869 0.0206184387207 90004
5182482174617 451 -0.59866315126419 2.3379385471344 0.00385822472163 4
5487827525617 451 0.00431823730469 0.01232363004237 -0.00000029802322 10004
5791495153220 451 -0.69940185546875 0.58163201808929 0.0043398141861 20004
6095162780819 451 -7.00875854492188 6.34040307998657 0.04541397094727 30004
6398830408421 451 -6.15371704101563 -2.60956072807312 0.03883290290833 40004
6702498036016 451 0.12689208984375 0.27056854963303 0.00000429153442 50004
7006165663615 451 -4.8902587890625 -5.07235050201416 0.03166627883911 60004
7309833291219 451 2.23126220703125 1.31368350982666 -0.01343679428101 70004
7613500918816 451 -0.38433837890625 1.11167347431183 0.0020580291748 80004
7917168546425 451 -3.30950927734375 4.35014533996582 0.02062082290649 90004
5182482174617 452 -0.59243941307068 2.53559613227844 0.00385822332464 4
5487827525617 452 0.00540924072266 0.02114744856954 -0.00000029802322 10004
5791495153220 452 -0.89793395996094 0.70450162887573 0.00564348697662 20004
6095162780819 452 -7.03494262695313 6.47476387023926 0.04541504383087 30004
6398830408421 452 -6.3721923828125 -2.76607322692871 0.04089832305908 40004
6702498036016 452 0.23916625976563 0.50740653276443 -0.00111627578735 50004
7006165663615 452 -5.0045166015625 -5.30434989929199 0.03166937828064 60004
7309833291219 452 2.53515625 1.33358192443848 -0.01567649841309 70004
7613500918816 452 -0.47479248046875 1.24156332015991 0.0020580291748 80004
7917168546425 452 -3.50390625 4.52364587783813 0.02264213562012 90004
5182482174618 453 0.01121217571199 0.06951212137938 0.00000000003638 4
5487827525617 453 0.05607604980469 0.18264193832874 -0.00000071525574 10004
5791495153220 453 -1.09156799316406 0.82372915744781 0.00690972805023 20004
6095162780819 453 -7.19961547851563 6.7627968788147 0.04541671276093 30004
6398830408422 453 -0.00912475585938 0.13727128505707 -0.00000023841858 40004
6702498036016 453 0.27676391601563 0.81691652536392 -0.00111436843872 50004
7006165663615 453 -5.1910400390625 -5.6368203163147 0.03375792503357 60004
7309833291219 453 2.825439453125 1.48221051692963 -0.017906665802 70004
7613500918816 453 -0.61505126953125 1.35212087631226 0.00410890579224 80004
7917168546425 453 -3.660888671875 4.75069856643677 0.02264356613159 90004
5182482174618 454 0.02179146371782 0.16254995763302 0.00000000011642 4
5487827525617 454 0.06717681884766 0.39098969101906 -0.0000011920929 10004
5791495153220 454 -1.26237487792969 0.95507299900055 0.00814926624298 20004
6095162780819 454 -7.30047607421875 7.05395174026489 0.04747092723846 30004
6398830408422 454 -0.0140380859375 0.211186632514 -0.00000071525574 40004
6702498036016 454 0.29220581054688 1.08636021614075 -0.00111246109009 50004
7006165663615 454 -5.3551025390625 -5.93386840820313 0.03375768661499 60004
7309833291219 454 3.0223388671875 1.58829998970032 -0.01902484893799 70004
7613500918816 454 -0.803466796875 1.43142259120941 0.00410509109497 80004
7917168546425 454 -3.7437744140625 4.90607357025146 0.02466106414795 90004
5182482174618 455 0.03541750088334 0.32937529683113 0.00000000020373 4
5487827525617 455 0.01876831054688 0.75627362728119 -0.00000137090683 10004
5791495153220 455 -1.48648071289063 1.17170536518097 0.01022708415985 20004
6095162780819 455 -7.34030151367188 7.47882795333862 0.04747033119202 30004
6398830408422 455 -0.0140380859375 0.211186632514 -0.00000071525574 40004
6702498036016 455 0.291748046875 1.42414331436157 -0.00111126899719 50004
7006165663615 455 -5.5601806640625 -6.31677341461182 0.03578305244446 60004
7309833291219 455 3.1798095703125 1.66894865036011 -0.02014207839966 70004
7613500918816 455 -1.1531982421875 1.50687491893768 0.00821828842163 80004
7917168546425 455 -3.76300048828125 5.02698040008545 0.02466201782227 90004
5182482174618 456 0.05865011736751 0.37015694379807 0.00000000043656 4
5487827525617 456 0.01807403564453 1.07562518119812 -0.00000149011612 10004
5791495153220 456 -1.65052795410156 1.4867091178894 0.01022756099701 20004
6095162780819 456 -7.52716064453125 7.7979588508606 0.04747009277344 30004
6398830408422 456 -0.0140380859375 0.211186632514 -0.00000071525574 40004
6702498036016 456 0.18463134765625 1.69659662246704 -0.0011100769043 50004
7006165663615 456 -5.81805419921875 -6.59107398986816 0.0379011631012 60004
7309833291219 456 3.1798095703125 1.66894865036011 -0.02014207839966 70004
7613500918816 456 -1.284912109375 1.52086114883423 0.00821113586426 80004
7917168546425 456 -3.7637939453125 5.02698040008545 0.02466249465942 90004
5182482174618 457 0.11353485286236 0.45486572384834 0.00000000081491 4
5487827525617 457 -0.05530548095703 1.40324950218201 -0.00000166893005 10004
5791495153220 457 -1.74464416503906 1.79259395599365 0.01022684574127 20004
6095162780819 457 -7.72921752929688 8.14113807678223 0.04951214790344 30004
6398830408422 457 -0.0140380859375 0.211186632514 -0.00000071525574 40004
6702498036016 457 0.05645751953125 1.9842700958252 -0.00110840797424 50004
7006165663615 457 -6.0321044921875 -6.92695283889771 0.03790092468262 60004
7309833291219 457 3.1798095703125 1.66894865036011 -0.02014207839966 70004
7613500918816 457 -1.3558349609375 1.5283921957016 0.00820398330688 80004
7917168546425 457 -3.7646484375 5.02698040008545 0.02466344833374 90004
5182482174618 458 0.19574649631977 0.59067302942276 -0.00112304498907 4
5487827525617 458 -0.19086456298828 1.71690380573273 0.00203710794449 10004
5791495153220 458 -1.74508666992188 2.07096886634827 0.01222670078278 20004
6095162780819 458 -7.9320068359375 8.48381805419922 0.05156064033508 30004
6398830408422 458 -0.01333618164063 0.21330754458904 -0.00000071525574 40004
6702498036016 458 -0.07534790039063 2.26857781410217 0.00090599060059 50004
7006165663616 458 -0.00457763671875 0.02919404022396 0 60004
7309833291219 458 3.1798095703125 1.66894865036011 -0.02014207839966 70004
7613500918816 458 -1.36285400390625 1.52856802940369 0.00819730758667 80004
7917168546425 458 -3.7655029296875 5.02698040008545 0.0246639251709 90004
5182482174618 459 0.24851474165916 0.87980198860168 -0.00112304196227 4
5487827525617 459 -0.19166564941406 2.08538699150085 0.00203663110733 10004
5791495153220 459 -1.58839416503906 2.44948577880859 0.01110243797302 20004
6095162780819 459 -8.1492919921875 8.85100173950195 0.05155837535858 30004
6398830408422 459 -0.0028076171875 0.24512122571468 -0.00000143051147 40004
6702498036016 459 -0.0849609375 2.60623216629028 0.00091028213501 50004
7006165663616 459 -0.0732421875 0.46710455417633 -0.00000095367432 60004
7309833291219 459 3.1798095703125 1.66894865036011 -0.02014207839966 70004
7613500918816 459 -1.4678955078125 1.531205534935 0.01021289825439 80004
7917168546425 459 -3.76641845703125 5.02698040008545 0.02466535568237 90004
5182482174618 460 0.28242352604866 1.11584448814392 -0.00112304207869 4
5487827525617 460 -0.26588439941406 2.41788339614868 0.00203621387482 10004
5791495153221 460 -0.0628662109375 0.13495068252087 -0.00000011920929 20004
6095162780819 460 -8.2799072265625 9.16278839111328 0.05361413955688 30004
6398830408422 460 -0.01373291015625 0.38458576798439 -0.00000190734863 40004
6702498036017 460 -0.0152587890625 0.12924326956272 0.00000095367432 50004
7006165663616 460 -0.009765625 0.8678098320961 -0.00000262260437 60004
7309833291219 460 3.1798095703125 1.66894865036011 -0.02014207839966 70004
7613500918816 460 -1.5927734375 1.52269876003265 0.01020431518555 80004
7917168546425 460 -3.66778564453125 5.08468246459961 0.02466726303101 90004
5182482174618 461 0.2961513698101 1.33324599266052 -0.0011230406817 4
5487827525618 461 -0.0029296875 0.03540178015828 0 10004
5791495153221 461 -0.125732421875 0.33501321077347 -0.00000023841858 20004
6095162780820 461 -0.01318359375 0.03213500231504 -0.00000023841858 30004
6398830408422 461 -0.02655029296875 0.5320633649826 -0.00000238418579 40004
6702498036017 461 -0.03436279296875 0.2646986246109 0.00000190734863 50004
7006165663616 461 0.07421875 1.19601333141327 -0.00000500679016 60004
7309833291219 461 3.18621826171875 1.67572820186615 -0.02014017105103 70004
7613500918816 461 -1.68963623046875 1.51348865032196 0.01019716262817 80004
7917168546426 461 0.0157470703125 0.03664828836918 -0.00000286102295 90004
5182482174618 462 0.26560574769974 1.62554550170898 -0.00112303951755 4
5487827525618 462 -0.017578125 0.21241064369678 0 10004
5791495153221 462 -0.125732421875 0.66071832180023 -0.00000023841858 20004
6095162780820 462 -0.0791015625 0.19281004369259 -0.00000047683716 30004
6398830408422 462 -0.02197265625 0.61454665660858 -0.00000286102295 40004
6702498036017 462 -0.0535888671875 0.29575905203819 0.00000333786011 50004
7006165663616 462 0.085205078125 1.41738498210907 -0.00000619888306 60004
7309833291219 462 3.21826171875 1.70962595939636 -0.02013540267944 70004
7613500918816 462 -1.688720703125 1.51348865032196 0.01018905639648 80004
7917168546426 462 0.094482421875 0.21988970041275 -0.00000858306885 90004
5182482174618 463 0.32529178261757 1.89082765579224 -0.00112303905189 4
5487827525618 463 0.00289916992188 0.53299170732498 -0.00000047683716 10004
5791495153221 463 -0.1348876953125 0.90079164505005 -0.00000023841858 20004
6095162780820 463 -0.09042358398438 0.21700768172741 -0.00000333786011 30004
6398830408422 463 0.02587890625 0.71432983875275 -0.00000286102295 40004
6702498036017 463 -0.05615234375 0.29990044236183 0.00000643730164 50004
7006165663616 463 0.091796875 1.50279557704926 -0.00000739097595 60004
7309833291219 463 3.2269287109375 1.71863174438477 -0.02013206481934 70004
7613500918816 463 -1.6878662109375 1.51348865032196 0.01018190383911 80004
7917168546426 463 0.233154296875 0.41583770513535 -0.001136302948 90004
5182482174618 464 0.39977169036865 2.07883024215698 -0.00224608276039 4
5487827525618 464 -0.01060485839844 0.87087726593018 -0.00000047683716 10004
5791495153221 464 -0.09910583496094 1.14887869358063 -0.00000023841858 20004
6095162780820 464 -0.16064453125 0.24072869122028 -0.00000619888306 30004
6398830408422 464 0.0872802734375 0.80773317813873 -0.00000333786011 40004
6702498036017 464 -0.037841796875 0.35794255137444 0.00000834465027 50004
7006165663616 464 0.0970458984375 1.54485726356506 -0.00000834465027 60004
7309833291219 464 3.273193359375 1.73672926425934 -0.02013206481934 70004
7613500918816 464 -1.68707275390625 1.51348865032196 0.01017475128174 80004
7917168546426 464 0.33966064453125 0.63171654939651 -0.00114393234253 90004
5182482174618 465 0.49567532539368 2.19019389152527 -0.00224607577547 4
5487827525618 465 -0.09597015380859 1.29057478904724 -0.00000041723251 10004
5791495153221 465 0.02645874023438 1.49981892108917 -0.00000023841858 20004
6095162780820 465 -0.36660766601563 0.30634313821793 0.00206470489502 30004
6398830408422 465 0.177001953125 0.91037237644196 -0.00112724304199 40004
6702498036017 465 0.01708984375 0.53206884860992 0.00001072883606 50004
7006165663616 465 0.1025390625 1.55925357341766 -0.00000929832458 60004
7309833291219 465 3.4031982421875 1.78204965591431 -0.02124881744385 70004
7613500918816 465 -1.6861572265625 1.51348865032196 0.01016712188721 80004
7917168546426 465 0.40283203125 0.93632161617279 -0.00227355957031 90004
5182482174618 466 0.67832183837891 2.4204683303833 -0.00336911762133 4
5487827525618 466 -0.07820129394531 1.60506558418274 -0.0000005364418 10004
5791495153221 466 0.05117797851563 1.87167322635651 -0.00000166893005 20004
6095162780820 466 -0.71624755859375 0.4174317419529 0.00420379638672 30004
6398830408422 466 0.177001953125 0.91037237644196 -0.00112724304199 40004
6702498036017 466 0.00106811523438 0.79929733276367 0.00001168251038 50004
7006165663616 466 0.20782470703125 1.77192234992981 -0.00113391876221 60004
7309833291219 466 3.6156005859375 1.86094951629639 -0.02236795425415 70004
7613500918816 466 -1.68524169921875 1.51348865032196 0.01015901565552 80004
7917168546426 466 0.45867919921875 1.23260736465454 -0.00227928161621 90004
5182482174619 467 0.12276353687048 0.2632674574852 0.00000000040745 4
5487827525618 467 -0.10405731201172 2.02236342430115 -0.00000071525574 10004
5791495153221 467 0.08056640625 2.26810264587402 -0.00000238418579 20004
6095162780820 467 -1.08929443359375 0.53602868318558 0.00630640983582 30004
6398830408422 467 0.18875122070313 0.97675180435181 -0.00112771987915 40004
6702498036017 467 -0.12075805664063 1.12954294681549 0.00001430511475 50004
7006165663616 467 0.36175537109375 2.07857346534729 -0.00225806236267 60004
7309833291219 467 3.832763671875 1.94663178920746 -0.02461004257202 70004
7613500918816 467 -1.68426513671875 1.51348865032196 0.01015043258667 80004
7917168546426 467 0.5030517578125 1.62252426147461 -0.00227880477905 90004
5182482174619 468 0.26920220255852 0.60807818174362 -0.001123044407 4
5487827525618 468 -0.13962554931641 2.44906282424927 -0.00000131130219 10004
5791495153222 468 -0.04733276367188 0.16385966539383 -0.00000011920929 20004
6095162780820 468 -1.41412353515625 0.70859181880951 0.00840854644775 30004
6398830408422 468 0.197265625 1.03537595272064 -0.00112843513489 40004
6702498036017 468 -0.2176513671875 1.4224351644516 0.00206422805786 50004
7006165663616 468 0.55126953125 2.34418082237244 -0.00337672233582 60004
7309833291219 468 4.05322265625 2.08680009841919 -0.02572584152222 70004
7613500918816 468 -1.66357421875 1.46663367748261 0.01013898849487 80004
7917168546426 468 0.603759765625 1.99845445156097 -0.00339651107788 90004
5182482174619 469 0.39506086707115 0.92885386943817 -0.00224608881399 4
5487827525619 469 0.00401306152344 0.02707181684673 -0.00000011920929 10004
5791495153222 469 -0.16143798828125 0.56677597761154 -0.00000011920929 20004
6095162780820 469 -1.70513916015625 0.97184604406357 0.01041913032532 30004
6398830408422 469 0.19436645507813 1.04994368553162 -0.00112843513489 40004
6702498036017 469 -0.22012329101563 1.65706086158752 0.00206851959229 50004
7006165663617 469 -0.00384521484375 0.0122204432264 0 60004
7309833291219 469 4.29852294921875 2.31500363349915 -0.02683734893799 70004
7613500918816 469 -1.6138916015625 1.35245335102081 0.01012325286865 80004
7917168546427 469 -0.010986328125 0.02353268489242 -0.00000047683716 90004
5182482174619 470 0.67303258180618 1.21106171607971 -0.0033691287972 4
5487827525619 470 0.064208984375 0.43314898014069 -0.00000035762787 10004
5791495153222 470 -0.21620178222656 0.87603831291199 0.00200474262238 20004
6095162780820 470 -2.04879760742188 1.21674954891205 0.01251268386841 30004
6398830408422 470 0.1893310546875 1.11747992038727 -0.00112891197205 40004
6702498036017 470 -0.20599365234375 1.83143484592438 0.00207304954529 50004
7006165663617 470 -0.0615234375 0.19552709162235 -0.00000095367432 60004
7309833291219 470 4.45233154296875 2.53265953063965 -0.02795553207397 70004
7613500918816 470 -1.5736083984375 1.27967250347137 0.01010751724243 80004
7917168546427 470 -0.17584228515625 0.37652298808098 0.00200366973877 90004
5182482174619 471 0.96975243091583 1.42841565608978 -0.0056152138859 4
5487827525619 471 0.18724822998047 0.79334461688995 -0.00112420320511 10004
5791495153222 471 -0.2801513671875 1.18390274047852 0.00200295448303 20004
6095162780820 471 -2.35562133789063 1.46299064159393 0.01457917690277 30004
6398830408422 471 0.181884765625 1.17490971088409 -0.00113010406494 40004
6702498036017 471 -0.20220947265625 1.89092361927032 0.00207662582397 50004
7006165663617 471 -0.24139404296875 0.4253089427948 0.00207209587097 60004
7309833291219 471 4.550537109375 2.64445495605469 -0.02907466888428 70004
7613500918816 471 -1.45849609375 1.0995534658432 0.01009225845337 80004
7917168546427 471 -0.32135009765625 0.70992350578308 0.00200653076172 90004
5182482174619 472 1.21852004528046 1.5739825963974 -0.00673825200647 4
5487827525619 472 0.33415985107422 1.08281493186951 -0.00112527608871 10004
5791495153222 472 -0.3353271484375 1.45466709136963 0.00200128555298 20004
6095162780820 472 -2.58474731445313 1.66851913928986 0.01666843891144 30004
6398830408422 472 0.1768798828125 1.21813857555389 -0.00113034248352 40004
6702498036017 472 -0.19793701171875 1.91522228717804 0.00208020210266 50004
7006165663617 472 -0.44342041015625 0.63709092140198 0.00206637382507 60004
7309833291219 472 4.6326904296875 2.7064208984375 -0.0290699005127 70004
7613500918816 472 -1.33770751953125 0.89804792404175 0.00895357131958 80004
7917168546427 472 -0.45428466796875 0.99046409130096 0.00200891494751 90004
5182482174619 473 1.41488397121429 1.60001957416534 -0.00898434128612 4
5487827525619 473 0.63285827636719 1.3644357919693 -0.00337290763855 10004
5791495153222 473 -0.37835693359375 1.79492163658142 0.00199949741364 20004
6095162780820 473 -2.68728637695313 1.85298180580139 0.01666831970215 30004
6398830408422 473 0.18511962890625 1.2467041015625 -0.00113105773926 40004
6702498036017 473 -0.1658935546875 2.00004434585571 0.00208806991577 50004
7006165663617 473 -0.72796630859375 0.86870503425598 0.00416254997253 60004
7309833291219 473 4.823486328125 2.76801156997681 -0.03018760681152 70004
7613500918816 473 -1.2098388671875 0.59208923578262 0.00781345367432 80004
7917168546427 473 -0.69140625 1.2999963760376 0.00407409667969 90004
5182482174619 474 1.74302387237549 1.63593423366547 -0.01010736078024 4
5487827525619 474 0.88243103027344 1.65426349639893 -0.00561904907227 10004
5791495153222 474 -0.51976013183594 2.13864302635193 0.00405633449554 20004
6095162780820 474 -2.7296142578125 2.19859647750854 0.01666831970215 30004
6398830408422 474 0.1773681640625 1.40680599212646 -0.00113153457642 40004
6702498036017 474 -0.16720581054688 2.12142252922058 0.0020956993103 50004
7006165663617 474 -0.919189453125 1.14867198467255 0.00623250007629 60004
7309833291219 474 4.979736328125 2.76512122154236 -0.03130626678467 70004
7613500918816 474 -1.05029296875 0.32755517959595 0.00779724121094 80004
7917168546427 474 -0.84356689453125 1.46787965297699 0.00613021850586 90004
5182482174619 475 2.04963827133179 1.7033908367157 -0.0124999480322 4
5487827525619 475 1.08673095703125 1.91388821601868 -0.00674307346344 10004
5791495153223 475 -0.0037841796875 0.10538134723902 -0.00000011920929 20004
6095162780820 475 -2.73086547851563 2.50882959365845 0.01778078079224 30004
6398830408422 475 0.1365966796875 1.61930859088898 -0.00113224983215 40004
6702498036017 475 -0.20843505859375 2.27437114715576 0.00210165977478 50004
7006165663617 475 -1.037353515625 1.43744421005249 0.00623178482056 60004
7309833291219 475 5.101806640625 2.74827575683594 -0.03242635726929 70004
7613500918816 475 -0.859130859375 0.08859344571829 0.0055365562439 80004
7917168546427 475 -0.94195556640625 1.56839048862457 0.00613164901733 90004
5182482174619 476 2.31311964988709 1.8621312379837 -0.01474603265524 4
5487827525619 476 1.27006530761719 2.17099070549011 -0.00786644220352 10004
5791495153223 476 -0.01797485351563 0.50056147575378 -0.00000023841858 20004
6095162780820 476 -2.66860961914063 2.7249870300293 0.01777982711792 30004
6398830408422 476 0.01254272460938 1.94250047206879 -0.00113296508789 40004
6702498036017 476 -0.33935546875 2.52756810188293 0.0021059513092 50004
7006165663617 476 -1.0684814453125 1.80347812175751 0.00623106956482 60004
7309833291219 476 5.197021484375 2.73176765441895 -0.03242111206055 70004
7613500918816 476 -0.55535888671875 -0.18362157046795 0.00440263748169 80004
7917168546427 476 -0.98956298828125 1.62014997005463 0.00613403320313 90004
5182482174619 477 2.449378490448 1.88533198833466 -0.01474599167705 4
5487827525619 477 1.38316345214844 2.52931261062622 -0.00786763429642 10004
5791495153223 477 -0.17483520507813 0.83199954032898 -0.00000023841858 20004
6095162780820 477 -2.53036499023438 2.89321041107178 0.01665604114532 30004
6398830408422 477 -0.16036987304688 2.23159646987915 0.00091433525085 40004
6702498036018 477 0.01229858398438 0.35612425208092 0.00000095367432 50004
7006165663617 477 -1.13482666015625 2.1396336555481 0.0062301158905 60004
7309833291220 477 -0.00238037109375 0.12939459085464 0.00000047683716 70004
7613500918816 477 -0.19793701171875 -0.30399888753891 0.00215196609497 80004
7917168546427 477 -1.0316162109375 1.67481422424316 0.00613641738892 90004
5182482174619 478 2.62637519836426 1.88856720924377 -0.015869025141 4
5487827525620 478 -0.05052185058594 0.10835164785385 0 10004
5791495153223 478 -0.26187133789063 1.08852875232697 0.00206625461578 20004
6095162780820 478 -2.343017578125 3.03909158706665 0.01553380489349 30004
6398830408423 478 0.039306640625 0.10312920063734 0 40004
6702498036018 478 -0.01397705078125 0.73690938949585 0.00000309944153 50004
7006165663618 478 0.00726318359375 0.17331101000309 0 60004
7309833291220 478 0.00274658203125 0.26641616225243 0.00000238418579 70004
7613500918816 478 0.1103515625 -0.37129974365234 -0.0001015663147 80004
7917168546427 478 -1.07904052734375 1.72921550273895 0.00613880157471 90004
5182482174619 479 2.88752889633179 1.86879587173462 -0.01811512000859 4
5487827525620 479 -0.14427185058594 0.34985613822937 -0.00000047683716 10004
5791495153223 479 -0.27561950683594 1.27629601955414 0.00206422805786 20004
6095162780820 479 -2.0826416015625 3.18858194351196 0.01441073417664 30004
6398830408423 479 0.1224365234375 0.33815735578537 -0.00000238418579 40004
6702498036018 479 -0.089111328125 1.14094316959381 0.00000357627869 50004
7006165663618 479 0.0157470703125 0.54447770118713 -0.00000071525574 60004
7309833291220 479 0.0283203125 0.42537197470665 0.00000381469727 70004
7613500918816 479 0.35296630859375 -0.39106863737106 -0.00122833251953 80004
7917168546427 479 -1.15252685546875 1.80143439769745 0.00815963745117 90004
5182482174619 480 3.2711660861969 1.77009999752045 -0.0203611869365 4
5487827525620 480 -0.14415740966797 0.65202194452286 -0.00000107288361 10004
5791495153223 480 -0.33421325683594 1.40021944046021 0.00206184387207 20004
6095162780820 480 -1.7373046875 3.4314398765564 0.01216149330139 30004
6398830408423 480 0.19842529296875 0.66442573070526 -0.00112628936768 40004
6702498036018 480 -0.19451904296875 1.53833389282227 0.00201463699341 50004
7006165663618 480 -0.02178955078125 0.91425240039825 -0.00000190734863 60004
7309833291220 480 0.130859375 0.67948460578918 0.00000858306885 70004
7613500918816 480 0.41705322265625 -0.36865296959877 -0.00235319137573 80004
7917168546427 480 -1.334716796875 1.96944618225098 0.00816345214844 90004
5182482174619 481 3.49528813362122 1.7697616815567 -0.0214842390269 4
5487827525620 481 -0.11865997314453 0.76682269573212 0.00102514028549 10004
5791495153223 481 -0.50201416015625 1.57287919521332 0.00408434867859 20004
6095162780821 481 -0.05136108398438 0.2127631008625 -0.00000035762787 30004
6398830408423 481 0.3653564453125 0.92290902137756 -0.00225043296814 40004
6702498036018 481 -0.26434326171875 1.91543436050415 0.00201821327209 50004
7006165663618 481 -0.0816650390625 1.22476232051849 -0.00000262260437 60004
7309833291220 481 0.25543212890625 0.90205490589142 -0.00111150741577 70004
7613500918816 481 0.56280517578125 -0.37719041109085 -0.00347709655762 80004
7917168546427 481 -1.5164794921875 2.14592289924622 0.01020002365112 90004
5182482174619 482 3.72362375259399 1.75166141986847 -0.02373032085598 4
5487827525620 482 -0.09774780273438 0.88821369409561 0.00102347135544 10004
5791495153223 482 -0.66421508789063 1.74639880657196 0.00408387184143 20004
6095162780821 482 -0.10202026367188 0.45601850748062 -0.0000022649765 30004
6398830408423 482 0.55252075195313 1.11294984817505 -0.00337481498718 40004
6702498036018 482 -0.28311157226563 2.23459911346436 0.00202417373657 50004
7006165663618 482 -0.09796142578125 1.53929936885834 -0.00000309944153 60004
7309833291220 482 0.36102294921875 1.1162281036377 -0.00223159790039 70004
7613500918816 482 0.6920166015625 -0.38308969140053 -0.00347995758057 80004
7917168546427 482 -1.6534423828125 2.2834324836731 0.01020288467407 90004
5182482174619 483 4.04682397842407 1.64974045753479 -0.02597638405859 4
5487827525620 483 -0.09763336181641 1.11894631385803 0.00102233886719 10004
5791495153223 483 -0.76744079589844 1.90371751785278 0.00408351421356 20004
6095162780821 483 -0.12811279296875 0.66354817152023 -0.00000488758087 30004
6398830408423 483 0.74179077148438 1.20878159999847 -0.00450038909912 40004
6702498036019 483 0 -0 0 50004
7006165663618 483 -0.018310546875 1.90227556228638 -0.00000548362732 60004
7309833291220 483 0.42236328125 1.33718490600586 -0.00222873687744 70004
7613500918816 483 0.75335693359375 -0.36882793903351 -0.00460481643677 80004
7917168546427 483 -1.7083740234375 2.34526991844177 0.01020526885986 90004
5182482174619 484 4.41819190979004 1.51188743114471 -0.02822246402502 4
5487827525620 484 -0.07103729248047 1.39672088623047 0.00102126598358 10004
5791495153223 484 -0.82313537597656 2.28571629524231 0.00609970092773 20004
6095162780821 484 -0.10934448242188 0.96245533227921 -0.00001132488251 30004
6398830408423 484 1.07272338867188 1.26345038414001 -0.00675296783447 40004
6702498036019 484 -0.10345458984375 0.2222885787487 0.00000143051147 50004
7006165663618 484 -0.08056640625 2.18294191360474 -0.00000619888306 60004
7309833291220 484 0.4205322265625 1.61108672618866 -0.00222730636597 70004
7613500918816 484 0.75518798828125 -0.36771169304848 -0.00460577011108 80004
7917168546427 484 -1.7083740234375 2.34526991844177 0.01020526885986 90004
5182482174619 485 4.7709264755249 1.33432376384735 -0.03046853281558 4
5487827525620 485 0.08650970458984 1.75213360786438 -0.0001026391983 10004
5791495153224 485 -0.00473022460938 0.2306260317564 -0.00000011920929 20004
6095162780821 485 -0.09576416015625 1.16166067123413 -0.00001573562622 30004
6398830408423 485 1.28311157226563 1.32917821407318 -0.00787782669067 40004
6702498036019 485 -0.1470947265625 0.41025584936142 0.00000333786011 50004
7006165663618 485 -0.1641845703125 2.35855627059937 -0.00000691413879 60004
7309833291220 485 0.399169921875 1.883784532547 -0.00222396850586 70004
7613500918817 485 0 -0 0 80004
7917168546427 485 -1.7083740234375 2.34526991844177 0.01020526885986 90004
5182482174619 486 5.05490732192993 1.14572095870972 -0.03159158676863 4
5487827525620 486 0.2724609375 2.06060338020325 -0.0012269616127 10004
5791495153224 486 0.00358581542969 0.4908327460289 -0.00000023841858 20004
6095162780821 486 -0.0911865234375 1.28231632709503 -0.00001859664917 30004
6398830408423 486 1.43923950195313 1.41389787197113 -0.00900292396545 40004
6702498036019 486 -0.15625 0.52412694692612 0.00000524520874 50004
7006165663619 486 0.01025390625 0.04786442220211 -0.00000047683716 60004
7309833291220 486 0.38555908203125 2.11950278282166 -0.00222301483154 70004
7613500918817 486 0.00567626953125 0.00479327701032 -0.00000095367432 80004
7917168546427 486 -1.73687744140625 2.37196469306946 0.01020574569702 90004
5182482174619 487 5.33006763458252 0.86076962947845 -0.03383767977357 4
5487827525620 487 0.45823669433594 2.28884148597717 -0.00235110521317 10004
5791495153224 487 0.06881713867188 0.63873511552811 -0.00000095367432 20004
6095162780821 487 -0.10491943359375 1.38774681091309 -0.00002193450928 30004
6398830408423 487 1.718017578125 1.59997165203094 -0.0101330280304 40004
6702498036019 487 -0.15625 0.52412694692612 0.00000882148743 50004
7006165663619 487 0.0615234375 0.28718650341034 -0.00000286102295 60004
7309833291220 487 0.4212646484375 2.39111042022705 -0.00222015380859 70004
7613500918817 487 0.0340576171875 0.02875965833664 -0.00000190734863 80004
7917168546427 487 -1.87969970703125 2.50543856620789 0.01225662231445 90004
5182482174619 488 5.66260242462158 0.70920127630234 -0.03608374297619 4
5487827525621 488 -0.06436157226563 0.1578329205513 0 10004
5791495153224 488 0.13848876953125 0.71608859300613 -0.00000095367432 20004
6095162780821 488 -0.10638427734375 1.40180420875549 -0.00002503395081 30004
6398830408423 488 2.01995849609375 1.66548955440521 -0.01237988471985 40004
6702498036019 488 -0.15625 0.52412694692612 0.00001215934753 50004
7006165663619 488 0.092529296875 0.36176037788391 -0.00000476837158 60004
7309833291221 488 0.07177734375 0.29839497804642 0.00000190734863 70004
7613500918817 488 0.037841796875 0.03195517510176 -0.00000286102295 80004
7917168546427 488 -1.97418212890625 2.55199408531189 0.01226425170898 90004
5182482174619 489 5.99155378341675 0.64269053936005 -0.03832978010178 4
5487827525621 489 -0.10948944091797 0.27090856432915 -0.00000041723251 10004
5791495153224 489 0.21598815917969 0.84744477272034 -0.00112473964691 20004
6095162780821 489 -0.1070556640625 1.41047251224518 -0.00002789497375 30004
6398830408423 489 2.25125122070313 1.70380473136902 -0.01350092887878 40004
6702498036019 489 -0.15625 0.52412694692612 0.00001525878906 50004
7006165663619 489 0.17486572265625 0.43757238984108 -0.00000762939453 60004
7309833291221 489 0.11138916015625 0.56073331832886 0.00000381469727 70004
7613500918817 489 0.05279541015625 0.0365471355617 -0.00000381469727 80004
7917168546427 489 -2.07177734375 2.58573412895203 0.01227140426636 90004
5182482174619 490 6.38672399520874 0.67031174898148 -0.04072229936719 4
5487827525621 490 -0.11624145507813 0.2944695353508 -0.00000107288361 10004
5791495153224 490 0.3265380859375 1.12624657154083 -0.00112569332123 20004
6095162780821 490 -0.10980224609375 1.43647742271423 -0.00003099441528 30004
6398830408423 490 2.4158935546875 1.73733413219452 -0.01462888717651 40004
6702498036019 490 -0.15625 0.52412694692612 0.00001883506775 50004
7006165663619 490 0.37353515625 0.57968008518219 -0.00225472450256 60004
7309833291221 490 0.086669921875 0.75095826387405 0.00000524520874 70004
7613500918817 490 0.09765625 0.05032301694155 -0.0000057220459 80004
7917168546427 490 -2.21368408203125 2.62943625450134 0.01429319381714 90004
5182482174619 491 6.57754564285278 0.72344791889191 -0.04184533283114 4
5487827525621 491 -0.14109802246094 0.32294583320618 -0.0000017285347 10004
5791495153224 491 0.34530639648438 1.2621523141861 -0.00112664699554 20004
6095162780821 491 -0.16799926757813 1.53035295009613 0.00197422504425 30004
6398830408423 491 2.5584716796875 1.78633451461792 -0.01575756072998 40004
6702498036019 491 -0.15625 0.52412694692612 0.00002241134644 50004
7006165663619 491 0.40924072265625 0.59487926959991 -0.00224995613098 60004
7309833291221 491 0.11138916015625 1.08990657329559 0.00000905990601 70004
7613500918817 491 0.27252197265625 0.10228756070137 -0.00112962722778 80004
7917168546427 491 -2.55682373046875 2.62144327163696 0.01638078689575 90004
5182482174619 492 6.69266748428345 0.73259216547012 -0.04296835884452 4
5487827525621 492 -0.17478942871094 0.36913856863976 0.00201368331909 10004
5791495153224 492 0.368896484375 1.48802697658539 -0.00225245952606 20004
6095162780821 492 -0.28750610351563 1.63514697551727 0.0019736289978 30004
6398830408423 492 2.74160766601563 1.88130712509155 -0.01688289642334 40004
6702498036019 492 -0.145263671875 0.62640011310577 0.00111317634583 50004
7006165663619 492 0.52166748046875 0.62107771635056 -0.00224566459656 60004
7309833291221 492 0.117431640625 1.29168355464935 0.00001096725464 70004
7613500918817 492 0.41650390625 0.18545678257942 -0.00225639343262 80004
7917168546427 492 -2.800048828125 2.675457239151 0.01841974258423 90004
5182482174619 493 6.75565910339355 0.7221183180809 -0.04296833649278 4
5487827525621 493 -0.20592498779297 0.4140519797802 0.00201338529587 10004
5791495153224 493 0.3958740234375 1.72181403636932 -0.00225555896759 20004
6095162780821 493 -0.43612670898438 1.75492644309998 0.00197327136993 30004
6398830408423 493 2.94631958007813 1.99917089939117 -0.01800560951233 40004
6702498036019 493 -0.10848999023438 0.79049438238144 0.0011203289032 50004
7006165663619 493 0.64697265625 0.64775669574738 -0.00336384773254 60004
7309833291221 493 0.115966796875 1.43417608737946 0.00001192092896 70004
7613500918817 493 0.5543212890625 0.29305192828178 -0.00338125228882 80004
7917168546427 493 -2.96649169921875 2.74693417549133 0.01841640472412 90004
5182482174619 494 6.75565910339355 0.7221183180809 -0.04296833649278 4
5487827525621 494 -0.20592498779297 0.4140519797802 0.00201338529587 10004
5791495153224 494 0.43959045410156 1.8199667930603 -0.00225913524628 20004
6095162780821 494 -0.63427734375 1.9795024394989 0.00400614738464 30004
6398830408423 494 3.23873901367188 2.16229200363159 -0.02025675773621 40004
6702498036019 494 0.06900024414063 1.08369731903076 0.00000429153442 50004
7006165663619 494 0.665283203125 0.65413856506348 -0.00335836410522 60004
7309833291221 494 0.1251220703125 1.68892514705658 0.00001287460327 70004
7613500918817 494 0.80242919921875 0.49641165137291 -0.00450706481934 80004
7917168546427 494 -3.03155517578125 2.76346015930176 0.0204381942749 90004
5182482174619 495 6.75565910339355 0.7221183180809 -0.04296833649278 4
5487827525621 495 -0.20592498779297 0.4140519797802 0.00201338529587 10004
5791495153224 495 0.44850158691406 1.8395973443985 -0.00226128101349 20004
6095162780821 495 -0.76287841796875 2.13252401351929 0.00400567054749 30004
6398830408423 495 3.43588256835938 2.29461193084717 -0.02138519287109 40004
6702498036019 495 0.199951171875 1.22417366504669 -0.00111675262451 50004
7006165663619 495 0.8287353515625 0.69519919157028 -0.00447726249695 60004
7309833291221 495 0.24444580078125 1.9955723285675 -0.00110769271851 70004
7613500918817 495 0.98565673828125 0.73927462100983 -0.00563097000122 80004
7917168546427 495 -3.04541015625 2.76676535606384 0.02043867111206 90004
5182482174619 496 6.75565910339355 0.7221183180809 -0.04296833649278 4
5487827525621 496 -0.23827362060547 0.45577725768089 0.00201320648193 10004
5791495153224 496 0.44869995117188 1.8395973443985 -0.00226283073425 20004
6095162780821 496 -0.85470581054688 2.2385880947113 0.00601232051849 30004
6398830408423 496 3.5888671875 2.41532850265503 -0.0225133895874 40004
6702498036019 496 0.2779541015625 1.29113018512726 -0.00111436843872 50004
7006165663619 496 1.059814453125 0.72794210910797 -0.00671887397766 60004
7309833291221 496 0.3955078125 2.29100561141968 -0.00222873687744 70004
7613500918817 496 1.10791015625 0.99184226989746 -0.00675964355469 80004
7917168546427 496 -3.04620361328125 2.76676535606384 0.02043962478638 90004
5182482174619 497 6.75565910339355 0.7221183180809 -0.04296833649278 4
5487827525621 497 -0.35948181152344 0.61219871044159 0.00201320648193 10004
5791495153224 497 0.44892883300781 1.8395973443985 -0.00226473808289 20004
6095162780821 497 -0.92611694335938 2.30463838577271 0.00601267814636 30004
6398830408423 497 3.73739624023438 2.56213116645813 -0.02364182472229 40004
6702498036019 497 0.2779541015625 1.29113018512726 -0.00111079216003 50004
7006165663619 497 1.4371337890625 0.72866272926331 -0.00896668434143 60004
7309833291221 497 0.60150146484375 2.61435842514038 -0.00335073471069 70004
7613500918817 497 1.15643310546875 1.31861221790314 -0.006760597229 80004
7917168546427 497 -3.047119140625 2.76676535606384 0.02044057846069 90004
5182482174619 498 6.84679841995239 0.86756592988968 -0.04409137368202 4
5487827525621 498 -0.36756134033203 0.62262630462646 0.00201320648193 10004
5791495153224 498 0.46694946289063 1.84084486961365 -0.00226759910583 20004
6095162780822 498 0 -0 0 30004
6398830408423 498 3.98175048828125 2.65908670425415 -0.02476930618286 40004
6702498036019 498 0.390625 1.38784515857697 -0.00223112106323 50004
7006165663619 498 1.7862548828125 0.87996351718903 -0.01121878623962 60004
7309833291222 498 0.13409423828125 0.2879590690136 0.00000190734863 70004
7613500918817 498 1.13824462890625 1.6259081363678 -0.00676298141479 80004
7917168546427 498 -3.1907958984375 2.7066764831543 0.02044153213501 90004
5182482174619 499 6.94521522521973 1.07826495170593 -0.04409135133028 4
5487827525621 499 -0.42881774902344 0.69173586368561 0.00201320648193 10004
5791495153224 499 0.57707214355469 1.8475147485733 -0.00339329242706 20004
6095162780822 499 0 0.07724399119616 0 30004
6398830408423 499 4.23184204101563 2.80064702033997 -0.02701640129089 40004
6702498036019 499 0.50982666015625 1.50001728534698 -0.0022292137146 50004
7006165663619 499 2.1519775390625 0.96177446842194 -0.01347041130066 60004
7309833291222 499 0.31268310546875 0.53227376937866 -0.00111818313599 70004
7613500918817 499 1.166015625 1.88295006752014 -0.00676441192627 80004
7917168546427 499 -3.439453125 2.6399827003479 0.02246332168579 90004
5182482174619 500 7.04043483734131 1.33005630970001 -0.04521436244249 4
5487827525621 500 -0.55656433105469 0.84032636880875 0.0040420293808 10004
5791495153224 500 0.77372741699219 1.86428952217102 -0.00451838970184 20004
6095162780822 500 0.00234985351563 0.22576303780079 0 30004
6398830408423 500 4.4813232421875 2.98865103721619 -0.02814054489136 40004
6702498036019 500 0.6240234375 1.61707413196564 -0.00334930419922 50004
7006165663619 500 2.52740478515625 0.97144281864166 -0.01571846008301 60004
7309833291222 500 0.52716064453125 0.71569466590881 -0.00336217880249 70004
7613500918817 500 1.2508544921875 2.09335327148438 -0.00788927078247 80004
7917168546427 500 -3.77862548828125 2.56081461906433 0.02451229095459 90004
5182482174619 501 7.09459924697876 1.41962575912476 -0.04521432891488 4
5487827525621 501 -0.76705169677734 1.14382719993591 0.00404196977615 10004
5791495153224 501 0.92982482910156 1.94882023334503 -0.0056437253952 20004
6095162780822 501 0.03759765625 0.30175137519836 -0.00000143051147 30004
6398830408423 501 4.76101684570313 3.17277574539185 -0.03039026260376 40004
6702498036019 501 0.7064208984375 1.69885647296906 -0.00447034835815 50004
7006165663619 501 2.8160400390625 1.1062399148941 -0.01797342300415 60004
7309833291222 501 0.78076171875 0.98048502206802 -0.00448226928711 70004
7613500918817 501 1.42877197265625 2.37161636352539 -0.00901651382446 80004
7917168546427 501 -4.09356689453125 2.32985854148865 0.02662944793701 90004
5182482174619 502 7.16944122314453 1.48400139808655 -0.04521431028843 4
5487827525621 502 -0.91640472412109 1.31367206573486 0.00606262683868 10004
5791495153224 502 1.10466003417969 2.15089821815491 -0.00676703453064 20004
6095162780822 502 0.1085205078125 0.40628188848495 -0.00000238418579 30004
6398830408423 502 4.93502807617188 3.23691749572754 -0.03151702880859 40004
6702498036019 502 0.80859375 1.74951493740082 -0.00446796417236 50004
7006165663619 502 3.08111572265625 1.30173325538635 -0.01909589767456 60004
7309833291222 502 0.953857421875 1.24408197402954 -0.00560235977173 70004
7613500918818 502 -0.09503173828125 0.20366175472736 -0.00000047683716 80004
7917168546427 502 -4.4063720703125 2.21901845932007 0.02866697311401 90004
5182482174619 503 7.24327707290649 1.53350329399109 -0.04633735120296 4
5487827525621 503 -1.04210662841797 1.42627906799316 0.00606149435043 10004
5791495153225 503 0.005859375 0.01257672253996 -0.00000023841858 20004
6095162780822 503 0.1842041015625 0.50954419374466 -0.0011260509491 30004
6398830408423 503 5.06515502929688 3.25686502456665 -0.03151988983154 40004
6702498036019 503 0.91259765625 1.78709936141968 -0.0055890083313 50004
7006165663619 503 3.33782958984375 1.50396275520325 -0.02148842811584 60004
7309833291222 503 1.10186767578125 1.49443113803864 -0.0067195892334 70004
7613500918818 503 -0.21563720703125 0.47821900248528 0.00202941894531 80004
7917168546427 503 -4.69873046875 2.161705493927 0.03079509735107 90004
5182482174619 504 7.24327707290649 1.53350329399109 -0.04633740335703 4
5487827525621 504 -1.20693206787109 1.48181807994843 0.00788241624832 10004
5791495153225 504 0.087890625 0.18865087628365 -0.00000071525574 20004
6095162780822 504 0.1910400390625 0.51331514120102 -0.00112473964691 30004
6398830408423 504 5.18646240234375 3.27874803543091 -0.03265142440796 40004
6702498036019 504 1.0023193359375 1.81962847709656 -0.00558638572693 50004
7006165663619 504 3.70782470703125 1.60514163970947 -0.02373433113098 60004
7309833291222 504 1.377197265625 1.69711434841156 -0.00783586502075 70004
7613500918818 504 -0.27459716796875 0.83714163303375 0.00202751159668 80004
7917168546427 504 -4.87646484375 2.20207691192627 0.03080177307129 90004
5182482174619 505 7.24844884872437 1.58143043518066 -0.0463374145329 4
5487827525621 505 -1.26579284667969 1.50164616107941 0.00788176059723 10004
5791495153225 505 0.16452026367188 0.34960752725601 -0.00000143051147 20004
6095162780822 505 0.1934814453125 0.51466190814972 -0.00112438201904 30004
6398830408423 505 5.29782104492188 3.33462285995483 -0.03378248214722 40004
6702498036019 505 1.09762573242188 1.89402258396149 -0.00670480728149 50004
7006165663619 505 4.00439453125 1.64408433437347 -0.02485728263855 60004
7309833291222 505 1.52923583984375 1.83410096168518 -0.00895690917969 70004
7613500918818 505 -0.3297119140625 1.03556215763092 0.00202512741089 80004
7917168546427 505 -5.0919189453125 2.25210642814636 0.03292179107666 90004
5182482174619 506 7.26051998138428 1.69326043128967 -0.04633738845587 4
5487827525621 506 -1.26579284667969 1.50164616107941 0.0078809261322 10004
5791495153225 506 0.27496337890625 0.57844454050064 -0.00112545490265 20004
6095162780822 506 0.1934814453125 0.51466190814972 -0.00112438201904 30004
6398830408423 506 5.45635986328125 3.44676160812378 -0.03491353988647 40004
6702498036019 506 1.24459838867188 2.0405011177063 -0.00781893730164 50004
7006165663619 506 4.38873291015625 1.65063488483429 -0.0272479057312 60004
7309833291222 506 1.65283203125 1.98483371734619 -0.01007652282715 70004
7613500918818 506 -0.4091796875 1.19944107532501 0.0020227432251 80004
7917168546427 506 -5.446533203125 2.33519911766052 0.03504323959351 90004
5182482174619 507 7.24850749969482 1.73169875144959 -0.04633736237884 4
5487827525621 507 -1.43686676025391 1.51376140117645 0.00968849658966 10004
5791495153225 507 0.37564086914063 0.75850892066956 -0.00225055217743 20004
6095162780822 507 0.22125244140625 0.65541607141495 -0.00112223625183 30004
6398830408423 507 5.7415771484375 3.49871754646301 -0.03603529930115 40004
6702498036019 507 1.45724487304688 2.24729895591736 -0.00893354415894 50004
7006165663619 507 4.74017333984375 1.71376276016235 -0.02964401245117 60004
7309833291222 507 1.671875 1.99460935592651 -0.01007413864136 70004
7613500918818 507 -0.4853515625 1.28368234634399 0.00403022766113 80004
7917168546427 507 -5.740966796875 2.49970817565918 0.03718614578247 90004
5182482174619 508 7.24203777313232 1.75239515304565 -0.04633736237884 4
5487827525621 508 -1.52904510498047 1.52028334140778 0.00968849658966 10004
5791495153225 508 0.48017883300781 0.97720175981522 -0.00225389003754 20004
6095162780822 508 0.21112060546875 0.83498430252075 -0.00112080574036 30004
6398830408423 508 5.96078491210938 3.53760004043579 -0.03827857971191 40004
6702498036020 508 0.03424072265625 0.12739391624928 0.00000143051147 50004
7006165663619 508 5.08135986328125 1.81007778644562 -0.031893491745 60004
7309833291222 508 1.73394775390625 2.04127216339111 -0.01007318496704 70004
7613500918818 508 -0.5340576171875 1.35255706310272 0.0040283203125 80004
7917168546427 508 -6.05426025390625 2.60655474662781 0.03926992416382 90004
5182482174620 509 0 -0 0 4
5487827525621 509 -1.52915191650391 1.52028334140778 0.00968849658966 10004
5791495153225 509 0.59683227539063 1.26125025749207 -0.00337946414948 20004
6095162780822 509 0.152587890625 1.07713162899017 -0.00111937522888 30004
6398830408423 509 6.11502075195313 3.56304788589478 -0.03828144073486 40004
6702498036020 509 0.1141357421875 0.42464628815651 0.00000333786011 50004
7006165663619 509 5.43682861328125 1.95549833774567 -0.0341432094574 60004
7309833291222 509 1.8519287109375 2.1378698348999 -0.0111927986145 70004
7613500918818 509 -0.552001953125 1.40742313861847 0.00402593612671 80004
7917168546427 509 -6.41571044921875 2.64917254447937 0.04142999649048 90004
5182482174620 510 0 -0 0 4
5487827525621 510 -1.52925872802734 1.52028334140778 0.00968849658966 10004
5791495153225 510 0.75296020507813 1.40549755096436 -0.00450420379639 20004
6095162780822 510 0.11541748046875 1.16413962841034 -0.00111818313599 30004
6398830408423 510 6.26498413085938 3.63587665557861 -0.03940725326538 40004
6702498036020 510 0.258544921875 0.69646489620209 -0.00111722946167 50004
7006165663619 510 5.821044921875 1.93716180324554 -0.03639674186707 60004
7309833291222 510 1.85107421875 2.1378698348999 -0.01119136810303 70004
7613500918818 510 -0.5528564453125 1.40742313861847 0.00402402877808 80004
7917168546427 510 -6.76690673828125 2.74477553367615 0.04355335235596 90004
5182482174620 511 0 -0 0 4
5487827525621 511 -1.64687347412109 1.53681659698486 0.01154977083206 10004
5791495153225 511 1.00798034667969 1.52730596065521 -0.00562930107117 20004
6095162780822 511 0.080810546875 1.26003289222717 -0.0011168718338 30004
6398830408423 511 6.530029296875 3.67539095878601 -0.04165554046631 40004
6702498036020 511 0.32894897460938 0.97740107774734 -0.00111532211304 50004
7006165663619 511 6.2041015625 1.81445324420929 -0.0397629737854 60004
7309833291222 511 1.8759765625 2.24465179443359 -0.01118850708008 70004
7613500918818 511 -0.56146240234375 1.4179105758667 0.00402164459229 80004
7917168546427 511 -7.100341796875 2.87614727020264 0.04562330245972 90004
5182482174620 512 0 -0 0 4
5487827525621 512 -1.79728698730469 1.55545496940613 0.01154953241348 10004
5791495153225 512 1.31439208984375 1.64328455924988 -0.00787615776062 20004
6095162780822 512 0.036865234375 1.39996230602264 -0.00111544132233 30004
6398830408423 512 6.85821533203125 3.6511549949646 -0.04390811920166 40004
6702498036020 512 0.3504638671875 1.25011515617371 -0.00223684310913 50004
7006165663619 512 6.5784912109375 1.66895925998688 -0.04200553894043 60004
7309833291222 512 1.9063720703125 2.37516307830811 -0.01118612289429 70004
7613500918818 512 -0.57177734375 1.43072855472565 0.00401926040649 80004
7917168546428 512 -0.033447265625 0.07509536296129 0 90004
5182482174620 513 0 -0 0 4
5487827525621 513 -1.82402038574219 1.54915499687195 0.01154947280884 10004
5791495153225 513 1.62069702148438 1.81392359733582 -0.01012313365936 20004
6095162780822 513 -0.047607421875 1.67317092418671 0.00090873241425 30004
6398830408423 513 7.18792724609375 3.51362371444702 -0.04616093635559 40004
6702498036020 513 0.3948974609375 1.53702807426453 -0.00223684310913 50004
7006165663619 513 7.0072021484375 1.64847242832184 -0.04424905776978 60004
7309833291222 513 1.9044189453125 2.37516307830811 -0.0111837387085 70004
7613500918818 513 -0.57275390625 1.43072855472565 0.0040168762207 80004
7917168546428 513 -0.167236328125 0.37547689676285 -0.00000333786011 90004
5182482174620 514 0 -0 0 4
5487827525621 514 -1.89165496826172 1.49581837654114 0.01154947280884 10004
5791495153225 514 1.91160583496094 1.91249299049377 -0.01124978065491 20004
6095162780822 514 -0.04440307617188 1.79983735084534 0.00090801715851 30004
6398830408423 514 7.35464477539063 3.5193886756897 -0.04728102684021 40004
6702498036020 514 0.46539306640625 1.64233338832855 -0.00223541259766 50004
7006165663619 514 7.37322998046875 1.45705568790436 -0.04650235176086 60004
7309833291222 514 1.97491455078125 2.42174768447876 -0.01230335235596 70004
7613500918818 514 -0.68902587890625 1.52014625072479 0.00401449203491 80004
7917168546428 514 -0.37139892578125 0.60703712701797 0.00202226638794 90004
5182482174620 515 0 -0 0 4
5487827525621 515 -1.93983459472656 1.42727303504944 0.011549949646 10004
5791495153225 515 2.19461059570313 2.06131196022034 -0.01349723339081 20004
6095162780822 515 -0.1134033203125 2.00310063362122 0.00090658664703 30004
6398830408423 515 7.52493286132813 3.47265386581421 -0.04840517044067 40004
6702498036020 515 0.4888916015625 1.67743515968323 -0.00223398208618 50004
7006165663619 515 7.76904296875 1.38015258312225 -0.0500226020813 60004
7309833291222 515 2.1064453125 2.49822759628296 -0.01342439651489 70004
7613500918818 515 -0.80340576171875 1.57688748836517 0.00601816177368 80004
7917168546428 515 -0.5145263671875 0.87572175264359 0.00406265258789 90004
5182482174620 516 0 -0 0 4
5487827525621 516 -1.98698425292969 1.32407116889954 0.01355135440826 10004
5791495153225 516 2.44595336914063 2.18520402908325 -0.01574420928955 20004
6095162780822 516 -0.189697265625 2.18261933326721 0.00090372562408 30004
6398830408423 516 7.64990234375 3.42163920402527 -0.04840707778931 40004
6702498036020 516 0.48486328125 1.71015954017639 -0.0022337436676 50004
7006165663619 516 8.115966796875 1.32877171039581 -0.05114650726318 60004
7309833291222 516 2.24285888671875 2.57385492324829 -0.01342153549194 70004
7613500918818 516 -0.9034423828125 1.60152435302734 0.00601100921631 80004
7917168546428 516 -0.5859375 1.12870645523071 0.00406551361084 90004
5182482174620 517 0 -0 0 4
5487827525621 517 -2.09467315673828 1.06200456619263 0.01355087757111 10004
5791495153225 517 2.77268981933594 2.22485423088074 -0.01687157154083 20004
6095162780822 517 -0.22174072265625 2.27500176429749 0.00090038776398 30004
6398830408423 517 7.70254516601563 3.4098482131958 -0.04953145980835 40004
6702498036020 517 0.4647216796875 1.87378144264221 -0.00223278999329 50004
7006165663619 517 8.4803466796875 1.13735496997833 -0.05354046821594 60004
7309833291222 517 2.384765625 2.64723300933838 -0.01454210281372 70004
7613500918818 517 -1.02520751953125 1.5900319814682 0.00600290298462 80004
7917168546428 517 -0.56744384765625 1.4361412525177 0.00406885147095 90004
5182482174620 518 0 -0 0 4
5487827525621 518 -2.22962188720703 0.73424673080444 0.01355069875717 10004
5791495153225 518 3.05934143066406 2.33017086982727 -0.01911807060242 20004
6095162780823 518 -0.052001953125 0.12785266339779 -0.00000059604645 30004
6398830408423 518 7.71249389648438 3.40761232376099 -0.04953193664551 40004
6702498036020 518 0.5206298828125 2.1527693271637 -0.00223088264465 50004
7006165663619 518 8.78643798828125 0.90654969215393 -0.05578970909119 60004
7309833291222 518 2.5032958984375 2.78602886199951 -0.01565313339233 70004
7613500918818 518 -1.18572998046875 1.58916771411896 0.00803279876709 80004
7917168546428 518 -0.46966552734375 1.7037627696991 0.00407218933105 90004
5182482174620 519 -0.05855319648981 0.01032240688801 -0.0000000000291 4
5487827525621 519 -2.38771057128906 0.46756047010422 0.01556080579758 10004
5791495153225 519 3.29371643066406 2.39350628852844 -0.02024221420288 20004
6095162780823 519 -0.131591796875 0.26412639021873 -0.00000154972076 30004
6398830408423 519 7.71444702148438 3.40716981887817 -0.04953336715698 40004
6702498036021 519 0.0286865234375 0.09337745606899 0.00000095367432 50004
7006165663619 519 9.01275634765625 0.69943046569824 -0.05803632736206 60004
7309833291222 519 2.6185302734375 2.95651912689209 -0.01676273345947 70004
7613500918818 519 -1.38153076171875 1.58150970935822 0.00802564620972 80004
7917168546428 519 -0.37738037109375 1.93161082267761 0.00295209884644 90004
5182482174620 520 -0.26352033019066 0.04645821079612 0.00169813178945 4
5487827525621 520 -2.65953826904297 0.21743401885033 0.01757061481476 10004
5791495153225 520 3.54641723632813 2.38177704811096 -0.02249228954315 20004
6095162780823 520 -0.28915405273438 0.44276157021523 0.0020067691803 30004
6398830408423 520 7.71444702148438 3.40716981887817 -0.04953670501709 40004
6702498036021 520 0.12908935546875 0.42019858956337 0.00000286102295 50004
7006165663619 520 9.20501708984375 0.45350787043571 -0.05916118621826 60004
7309833291222 520 2.78961181640625 3.25220680236816 -0.01787090301514 70004
7613500918818 520 -1.72955322265625 1.55314791202545 0.01015424728394 80004
7917168546428 520 -0.27655029296875 2.200275182724 0.00183439254761 90004
5182482174620 521 -0.2927984893322 0.05161962658167 0.00169813260436 4
5487827525621 521 -2.97373199462891 0.08994999527931 0.01961082220078 10004
5791495153225 521 3.82183837890625 2.40839147567749 -0.02361643314362 20004
6095162780823 521 -0.36538696289063 0.65110069513321 0.00200653076172 30004
6398830408424 521 0 -0 0 40004
6702498036021 521 0.241455078125 0.64778476953506 -0.00111818313599 50004
7006165663619 521 9.3446044921875 0.14891950786114 -0.05916118621826 60004
7309833291222 521 2.9639892578125 3.51784658432007 -0.01898908615112 70004
7613500918818 521 -1.903564453125 1.59504556655884 0.01224088668823 80004
7917168546428 521 -0.2010498046875 2.45585203170776 0.0018424987793 90004
5182482174620 522 -0.29279881715775 0.05161962658167 0.00169813307002 4
5487827525621 522 -3.23737335205078 -0.02140081673861 0.02154582738876 10004
5791495153225 522 4.04393005371094 2.42693305015564 -0.02586376667023 20004
6095162780823 522 -0.40640258789063 0.82001769542694 0.00200617313385 30004
6398830408424 522 0.0023193359375 0.01883024163544 0 40004
6702498036021 522 0.3544921875 0.83965754508972 -0.00223970413208 50004
7006165663619 522 9.46575927734375 -0.10814090073109 -0.06028413772583 60004
7309833291222 522 3.11773681640625 3.73821210861206 -0.01898241043091 70004
7613500918818 522 -2.02935791015625 1.63101899623871 0.01224040985107 80004
7917168546429 522 -0.0052490234375 0.03815884143114 -0.00000047683716 90004
5182482174620 523 -0.29279926419258 0.05161962658167 0.00169813388493 4
5487827525621 523 -3.52490234375 -0.29349169135094 0.02154570817947 10004
5791495153225 523 4.23997497558594 2.39239692687988 -0.02699053287506 20004
6095162780823 523 -0.38442993164063 0.96504652500153 0.00200581550598 30004
6398830408424 523 0.01971435546875 0.16005705296993 -0.0000011920929 40004
6702498036021 523 0.60076904296875 1.16865062713623 -0.00335884094238 50004
7006165663619 523 9.6864013671875 -0.3826100230217 -0.06140208244324 60004
7309833291222 523 3.35211181640625 4.0200982093811 -0.0212254524231 70004
7613500918818 523 -2.21063232421875 1.61885786056519 0.01424360275269 80004
7917168546429 523 -0.04461669921875 0.32435011863708 -0.00000381469727 90004
5182482174620 524 -0.31078657507896 0.04912989959121 0.00169813400134 4
5487827525621 524 -3.65432739257813 -0.45850843191147 0.02364313602448 10004
5791495153225 524 4.29989624023438 2.37663006782532 -0.02699208259583 20004
6095162780823 524 -0.36477661132813 1.03919088840485 0.00200486183167 30004
6398830408424 524 -0.00823974609375 0.42964905500412 -0.00000166893005 40004
6702498036021 524 0.791015625 1.42157316207886 -0.00447940826416 50004
7006165663619 524 9.74810791015625 -0.52376729249954 -0.06183671951294 60004
7309833291222 524 3.58636474609375 4.16485786437988 -0.02234363555908 70004
7613500918818 524 -2.49163818359375 1.55957114696503 0.01635789871216 80004
7917168546429 524 -0.1978759765625 0.62882429361343 0.00202941894531 90004
5182482174620 525 -0.33269834518433 0.04412537068129 0.00169813295361 4
5487827525621 525 -3.72870635986328 -0.58326840400696 0.02364248037338 10004
5791495153225 525 4.32406616210938 2.36675262451172 -0.02699291706085 20004
6095162780823 525 -0.34951782226563 1.08432948589325 0.00200414657593 30004
6398830408424 525 -0.036376953125 0.68646347522736 -0.00000214576721 40004
6702498036021 525 0.9404296875 1.63463604450226 -0.00560069084167 50004
7006165663619 525 9.74810791015625 -0.61406445503235 -0.06183338165283 60004
7309833291222 525 3.791015625 4.27050304412842 -0.02346181869507 70004
7613500918818 525 -2.7623291015625 1.50214874744415 0.01840782165527 80004
7917168546429 525 -0.35919189453125 0.89487832784653 0.00203418731689 90004
5182482174620 526 -0.3877269923687 0.00891211256385 0.00169813202228 4
5487827525621 526 -3.76277923583984 -0.78188359737396 0.02364164590836 10004
5791495153225 526 4.37196350097656 2.35250329971313 -0.02811706066132 20004
6095162780823 526 -0.34951782226563 1.08432948589325 0.00200414657593 30004
6398830408424 526 0.009765625 0.90301549434662 -0.00000405311584 40004
6702498036021 526 1.06369018554688 1.99778020381927 -0.00672030448914 50004
7006165663619 526 9.74810791015625 -0.67053687572479 -0.06182909011841 60004
7309833291222 526 4.0325927734375 4.51219081878662 -0.02570152282715 70004
7613500918818 526 -3.12567138671875 1.49419796466827 0.02057027816772 80004
7917168546429 526 -0.57537841796875 1.15833234786987 0.00405168533325 90004
5182482174620 527 -0.47332298755646 -0.10766112804413 0.00370810879394 4
5487827525621 527 -3.78108215332031 -1.01105785369873 0.02364110946655 10004
5791495153225 527 4.43342590332031 2.30843424797058 -0.02811968326569 20004
6095162780823 527 -0.34951782226563 1.08432948589325 0.00200414657593 30004
6398830408424 527 0.07586669921875 1.1248950958252 -0.000004529953 40004
6702498036021 527 1.16494750976563 2.28144216537476 -0.00671339035034 50004
7006165663619 527 9.74810791015625 -0.69070559740067 -0.06182527542114 60004
7309833291222 527 4.2542724609375 4.65297603607178 -0.02681589126587 70004
7613500918818 527 -3.40802001953125 1.52641880512238 0.02272796630859 80004
7917168546429 527 -0.692138671875 1.33381986618042 0.00405263900757 90004
5182482174620 528 -0.61623954772949 -0.33299574255943 0.0037081069313 4
5487827525621 528 -3.79437255859375 -1.35391116142273 0.02364045381546 10004
5791495153225 528 4.52923583984375 2.22397756576538 -0.02812325954437 20004
6095162780823 528 -0.34951782226563 1.08432948589325 0.00200414657593 30004
6398830408424 528 0.18338012695313 1.43806421756744 -0.00112891197205 40004
6702498036021 528 1.28912353515625 2.6150381565094 -0.00783014297485 50004
7006165663619 528 9.74810791015625 -0.69070559740067 -0.06182217597961 60004
7309833291222 528 4.54925537109375 4.7709903717041 -0.02905511856079 70004
7613500918818 528 -3.73797607421875 1.60238301753998 0.02485227584839 80004
7917168546429 528 -0.77783203125 1.51017963886261 0.00405359268188 90004
5182482174620 529 -0.83347362279892 -0.67000019550323 0.00575723592192 4
5487827525621 529 -3.84549713134766 -1.53754770755768 0.02565544843674 10004
5791495153225 529 4.63676452636719 2.12830567359924 -0.02924644947052 20004
6095162780823 529 -0.34951782226563 1.08432948589325 0.00200414657593 30004
6398830408424 529 0.31396484375 1.71370530128479 -0.00113081932068 40004
6702498036022 529 -0.0589599609375 0.29292407631874 0.0000011920929 50004
7006165663619 529 9.7489013671875 -0.85408574342728 -0.06184029579163 60004
7309833291222 529 4.78680419921875 4.97816562652588 -0.03017330169678 70004
7613500918818 529 -4.0086669921875 1.80012381076813 0.02484369277954 80004
7917168546429 529 -0.983642578125 1.72248244285584 0.00610256195068 90004
5182482174620 530 -1.01112699508667 -0.99332982301712 0.00575722940266 4
5487827525621 530 -3.95053100585938 -1.72001898288727 0.02565515041351 10004
5791495153225 530 4.78398132324219 2.03389763832092 -0.03036975860596 20004
6095162780823 530 -0.34951782226563 1.08432948589325 0.00200414657593 30004
6398830408424 530 0.468505859375 1.97369933128357 -0.00225615501404 40004
6702498036022 530 -0.1573486328125 0.5683935880661 0.00000190734863 50004
7006165663620 530 -0.000732421875 0.03100085444748 0 60004
7309833291222 530 5.02215576171875 5.14115810394287 -0.03129148483276 70004
7613500918818 530 -4.2689208984375 1.96603453159332 0.02688455581665 80004
7917168546429 530 -1.1328125 1.89734530448914 0.00813293457031 90004
5182482174620 531 -1.15164220333099 -1.37909483909607 0.00777815235779 4
5487827525621 531 -4.20101928710938 -1.99157345294952 0.02776795625687 10004
5791495153225 531 5.06552124023438 1.91154634952545 -0.03261697292328 20004
6095162780823 531 -0.34951782226563 1.08432948589325 0.00200414657593 30004
6398830408424 531 0.72409057617188 2.29672431945801 -0.00450253486633 40004
6702498036022 531 -0.36453247070313 0.84904754161835 0.0020546913147 50004
7006165663620 531 -0.0032958984375 0.13950385153294 -0.0000011920929 60004
7309833291222 531 5.34515380859375 5.24940490722656 -0.03367853164673 70004
7613500918818 531 -4.60662841796875 2.098961353302 0.02889537811279 80004
7917168546429 531 -1.1900634765625 2.04564642906189 0.00813484191895 90004
5182482174620 532 -1.1386616230011 -1.81324934959412 0.00777814816684 4
5487827525622 532 0.04083251953125 0.1851509064436 -0.00000023841858 10004
5791495153225 532 5.31602478027344 1.73622930049896 -0.03374123573303 20004
6095162780823 532 -0.33303833007813 1.19483649730682 0.00200319290161 30004
6398830408425 532 -0.156005859375 0.33457136154175 -0.00000023841858 40004
6702498036022 532 -0.50103759765625 1.1669579744339 0.0041127204895 50004
7006165663620 532 -0.01611328125 0.18057359755039 -0.00000166893005 60004
7309833291222 532 5.60296630859375 5.46654224395752 -0.03591871261597 70004
7613500918818 532 -4.96624755859375 2.09860754013062 0.03091907501221 80004
7917168546429 532 -1.196044921875 2.37495589256287 0.00813722610474 90004
5182482174620 533 -1.08489608764648 -2.22127246856689 0.00777814118192 4
5487827525622 533 0.10551452636719 0.42358204722404 -0.00000059604645 10004
5791495153225 533 5.5062255859375 1.53787446022034 -0.03486561775208 20004
6095162780823 533 -0.32205200195313 1.26850783824921 0.00200271606445 30004
6398830408425 533 -0.31118774414063 0.61533147096634 0.00202965736389 40004
6702498036022 533 -0.66183471679688 1.43865191936493 0.00411605834961 50004
7006165663620 533 -0.02593994140625 0.21493510901928 -0.00000381469727 60004
7309833291222 533 5.8392333984375 5.67753791809082 -0.03704023361206 70004
7613500918818 533 -5.27935791015625 2.04931735992432 0.03292274475098 80004
7917168546430 533 -0.04302978515625 0.09233683347702 -0.00000143051147 90004
5182482174620 534 -0.9897153377533 -2.68725681304932 0.0066550928168 4
5487827525622 534 0.21797943115234 0.76858985424042 -0.00112491846085 10004
5791495153225 534 5.65568542480469 1.25848662853241 -0.03598964214325 20004
6095162780823 534 -0.32205200195313 1.26850783824921 0.00200271606445 30004
6398830408425 534 -0.46377563476563 0.78846895694733 0.00202679634094 40004
6702498036022 534 -0.9305419921875 1.69810020923615 0.00612807273865 50004
7006165663620 534 -0.030517578125 0.26688098907471 -0.00000476837158 60004
7309833291222 534 6.1248779296875 5.90717792510986 -0.03929042816162 70004
7613500918818 534 -5.59613037109375 1.94013357162476 0.03493928909302 80004
7917168546430 534 -0.172119140625 0.36934733390808 -0.00000429153442 90004
5182482174620 535 -0.97186845541 -3.09905791282654 0.00665508536622 4
5487827525622 535 0.44713592529297 1.01395130157471 -0.00224941968918 10004
5791495153225 535 5.82464599609375 1.02895903587341 -0.03711354732513 20004
6095162780823 535 -0.32205200195313 1.26850783824921 0.00200271606445 30004
6398830408425 535 -0.46377563476563 0.78846895694733 0.00202369689941 40004
6702498036022 535 -1.04638671875 2.00029730796814 0.00612902641296 50004
7006165663620 535 -0.0225830078125 0.48430952429771 -0.00000596046448 60004
7309833291222 535 6.26531982421875 6.19222116470337 -0.03928470611572 70004
7613500918818 535 -5.717529296875 1.94676637649536 0.03698015213013 80004
7917168546430 535 -0.32208251953125 0.66552937030792 0.00205183029175 90004
5182482174620 536 -0.91836106777191 -3.40518927574158 0.00665508164093 4
5487827525622 536 0.71415710449219 1.20401012897491 -0.00449591875076 10004
5791495153225 536 6.02781677246094 0.83700704574585 -0.03823685646057 20004
6095162780823 536 -0.35446166992188 1.33473479747772 0.00200259685516 30004
6398830408425 536 -0.50778198242188 0.8524307012558 0.00402331352234 40004
6702498036022 536 -1.2109375 2.2720673084259 0.00819325447083 50004
7006165663620 536 -0.016845703125 0.71963983774185 -0.00000643730164 60004
7309833291222 536 6.441650390625 6.45220470428467 -0.04040098190308 70004
7613500918818 536 -5.81585693359375 1.96803402900696 0.03697729110718 80004
7917168546430 536 -0.469482421875 0.92181104421616 0.00205564498901 90004
5182482174620 537 -0.81593459844589 -3.60210275650024 0.00553203001618 4
5487827525622 537 1.04933166503906 1.33922493457794 -0.00674283504486 10004
5791495153225 537 6.29014587402344 0.67749989032745 -0.04048502445221 20004
6095162780823 537 -0.43008422851563 1.48926436901093 0.00200212001801 30004
6398830408425 537 -0.6107177734375 1.0016747713089 0.00401926040649 40004
6702498036023 537 0 -0 0 50004
7006165663620 537 -0.013427734375 0.99556487798691 -0.00000762939453 60004
7309833291222 537 6.6766357421875 6.70070171356201 -0.04263830184937 70004
7613500918818 537 -5.89276123046875 2.00932550430298 0.03697395324707 80004
7917168546430 537 -0.625 1.14767575263977 0.00410890579224 90004
5182482174620 538 -0.60576313734055 -3.7634801864624 0.00440897513181 4
5487827525622 538 1.26776123046875 1.45141077041626 -0.00786632299423 10004
5791495153225 538 6.5736083984375 0.64621257781982 -0.04160821437836 20004
6095162780823 538 -0.50729370117188 1.79047739505768 0.00401890277863 30004
6398830408425 538 -0.77337646484375 1.0971964597702 0.00401616096497 40004
6702498036023 538 0.04959106445313 0.22197197377682 0.00000381469727 50004
7006165663620 538 0.075439453125 1.2756814956665 -0.00000953674316 60004
7309833291222 538 6.81787109375 6.89230298995972 -0.04375553131104 70004
7613500918818 538 -6.06256103515625 2.19293022155762 0.03897523880005 80004
7917168546430 538 -0.875732421875 1.3659508228302 0.00621032714844 90004
5182482174620 539 -0.42124459147453 -3.9875476360321 0.00328592490405 4
5487827525622 539 1.45916748046875 1.5337895154953 -0.00899022817612 10004
5791495153225 539 6.85479736328125 0.65704560279846 -0.04385471343994 20004
6095162780823 539 -0.62509155273438 2.04552936553955 0.00401866436005 30004
6398830408425 539 -0.9627685546875 1.29630506038666 0.0060830116272 40004
6702498036023 539 0.048828125 0.46586900949478 0.00000429153442 50004
7006165663620 539 0.1822509765625 1.57434403896332 -0.00113439559937 60004
7309833291222 539 6.9722900390625 7.05913352966309 -0.04487085342407 70004
7613500918818 539 -6.18402099609375 2.31438064575195 0.0389723777771 80004
7917168546430 539 -1.1004638671875 1.60783433914185 0.00621175765991 90004
5182482174620 540 -0.25476178526878 -4.30761003494263 0.00216287723742 4
5487827525622 540 1.63130950927734 1.58504974842072 -0.01011335849762 10004
5791495153225 540 7.15507507324219 0.72163236141205 -0.04498088359833 20004
6095162780823 540 -0.80282592773438 2.26220321655273 0.00603139400482 30004
6398830408425 540 -1.2003173828125 1.64087736606598 0.00812649726868 40004
6702498036023 540 -0.0152587890625 0.75607424974442 0.0000057220459 50004
7006165663620 540 0.31982421875 1.9192818403244 -0.001136302948 60004
7309833291222 540 7.15374755859375 7.20767498016357 -0.04597759246826 70004
7613500918818 540 -6.2545166015625 2.36708211898804 0.04099655151367 80004
7917168546430 540 -1.309814453125 1.89798617362976 0.00822687149048 90004
5182482174620 541 -0.236915782094 -4.71940803527832 0.00216287747025 4
5487827525622 541 1.79624176025391 1.6150563955307 -0.01123702526093 10004
5791495153225 541 7.44000244140625 0.72696572542191 -0.04722929000854 20004
6095162780823 541 -1.08013916015625 2.42103099822998 0.00603199005127 30004
6398830408425 541 -1.2701416015625 1.81606554985046 0.00812530517578 40004
6702498036023 541 -0.07318115234375 1.08764684200287 0.00000691413879 50004
7006165663620 541 0.326171875 2.22199201583862 -0.00113821029663 60004
7309833291222 541 7.26641845703125 7.36836862564087 -0.04597091674805 70004
7613500918818 541 -6.3560791015625 2.38843107223511 0.04099798202515 80004
7917168546430 541 -1.373291015625 2.08666157722473 0.00822734832764 90004
5182482174620 542 -0.1842732578516 -5.12645483016968 0.00216287840158 4
5487827525622 542 2.01425170898438 1.59732043743134 -0.0123605132103 10004
5791495153225 542 7.71168518066406 0.78766739368439 -0.04947638511658 20004
6095162780824 542 0.05255126953125 0.11282356083393 -0.00000047683716 30004
6398830408425 542 -1.3604736328125 1.99140465259552 0.00812387466431 40004
6702498036023 542 -0.06390380859375 1.41616761684418 0.00000858306885 50004
7006165663621 542 0.049072265625 0.15794759988785 -0.00000190734863 60004
7309833291223 542 0.005859375 0.0266187004745 0.00000095367432 70004
7613500918818 542 -6.4393310546875 2.40076208114624 0.04100036621094 80004
7917168546430 542 -1.4268798828125 2.20931315422058 0.00823163986206 90004
5182482174620 543 -0.09103315323591 -5.52796602249146 0.00103983120061 4
5487827525622 543 2.29424285888672 1.52389478683472 -0.01460760831833 10004
5791495153225 543 7.96798706054688 0.91296541690826 -0.05060303211212 20004
6095162780824 543 0.16641235351563 0.35727459192276 -0.00000166893005 30004
6398830408425 543 -1.47488403320313 2.16691994667053 0.01015830039978 40004
6702498036023 543 0.02377319335938 1.74112856388092 0.00001096725464 50004
7006165663621 543 0.1553955078125 0.50016736984253 -0.00000381469727 60004
7309833291223 543 0.0185546875 0.08429253101349 0.00000238418579 70004
7613500918818 543 -6.501220703125 2.40257215499878 0.04100227355957 80004
7917168546430 543 -1.46844482421875 2.25493693351746 0.01023721694946 90004
5182482174620 544 -0.16903795301914 -5.96212816238403 0.00103983050212 4
5487827525622 544 2.63217926025391 1.40603065490723 -0.01685410737991 10004
5791495153225 544 8.09288024902344 1.01843631267548 -0.05172753334045 20004
6095162780824 544 0.29855346679688 0.69095838069916 -0.00112318992615 30004
6398830408425 544 -1.52456665039063 2.46472668647766 0.01016020774841 40004
6702498036023 544 -0.02740478515625 2.09769773483276 0.00001239776611 50004
7006165663621 544 0.1556396484375 0.8846743106842 -0.00000715255737 60004
7309833291223 544 0.08697509765625 0.27839040756226 0.00000429153442 70004
7613500918818 544 -6.70025634765625 2.45417761802673 0.04303503036499 80004
7917168546431 544 0 -0 0 90004
5182482174620 545 -0.17186652123928 -6.36459112167358 0.00103982910514 4
5487827525622 545 2.95556640625 1.32115542888641 -0.01797807216644 10004
5791495153225 545 8.20561218261719 1.11527585983276 -0.05172848701477 20004
6095162780824 545 0.35382080078125 1.03752017021179 -0.00224483013153 30004
6398830408426 545 0.0216064453125 0.04643227905035 -0.00000047683716 40004
6702498036023 545 -0.02142333984375 2.41391468048096 0.00001406669617 50004
7006165663621 545 0.218017578125 1.22892844676971 -0.00113201141357 60004
7309833291223 545 0.11376953125 0.48843231797218 0.00000524520874 70004
7613500918818 545 -6.89862060546875 2.51911783218384 0.04506778717041 80004
7917168546431 545 0.02783203125 0.06091792881489 -0.00000381469727 90004
5182482174620 546 -0.07145307213068 -6.79699182510376 0.00103982840665 4
5487827525622 546 3.31259155273438 1.26410663127899 -0.02022510766983 10004
5791495153225 546 8.33697509765625 1.22082901000977 -0.05285155773163 20004
6095162780824 546 0.3277587890625 1.45054531097412 -0.00224363803864 30004
6398830408426 546 0.072021484375 0.15477421879768 -0.00000143051147 40004
6702498036024 546 0 -0 0 50004
7006165663621 546 0.37353515625 1.58216416835785 -0.0022566318512 60004
7309833291223 546 0.091552734375 0.74023723602295 0.00000619888306 70004
7613500918819 546 0 -0 0 80004
7917168546431 546 0.0927734375 0.20305982232094 -0.00000953674316 90004
5182482174620 547 0.00318083679304 -7.06453275680542 0.00103982840665 4
5487827525622 547 3.66120910644531 1.3599396944046 -0.02247273921967 10004
5791495153225 547 8.63517761230469 1.29395484924316 -0.05509853363037 20004
6095162780824 547 0.2286376953125 1.63219666481018 -0.00224196910858 30004
6398830408426 547 0.072021484375 0.46402487158775 -0.00000476837158 40004
6702498036024 547 0.100830078125 0.38721835613251 0.00000143051147 50004
7006165663621 547 0.5350341796875 1.93249928951263 -0.00337505340576 60004
7309833291223 547 -0.046875 0.97804224491119 0.00000762939453 70004
7613500918819 547 0.0709228515625 0.32342991232872 -0.00000190734863 80004
7917168546431 547 0.248291015625 0.49231541156769 -0.00113248825073 90004
5182482174620 548 0.07487903535366 -7.34195804595947 -0.00008321806672 4
5487827525622 548 3.95526123046875 1.43761909008026 -0.02472031116486 10004
5791495153226 548 0.04573059082031 0.09804994612932 -0.0000011920929 20004
6095162780824 548 0.1773681640625 1.84995019435883 -0.00023758411407 30004
6398830408426 548 0.08218383789063 0.71287232637405 -0.00000715255737 40004
6702498036024 548 0.18414306640625 0.80725318193436 -0.00111889839172 50004
7006165663621 548 0.6031494140625 2.30860495567322 -0.00337171554565 60004
7309833291223 548 -0.11334228515625 1.15802359580994 0.00000905990601 70004
7613500918819 548 0.05462646484375 0.66800206899643 -0.00000286102295 80004
7917168546431 548 0.35614013671875 0.70775294303894 -0.00226497650146 90004
5182482174620 549 0.15331859886646 -7.59602212905884 -0.00008321780479 4
5487827525622 549 4.1834716796875 1.48194301128387 -0.02584403753281 10004
5791495153226 549 0.12387084960938 0.26584163308144 -0.00000190734863 20004
6095162780824 549 0.18817138671875 2.07599282264709 -0.00023829936981 30004
6398830408426 549 0.11016845703125 0.88188868761063 -0.00000977516174 40004
6702498036024 549 0.22393798828125 1.17421305179596 -0.00111699104309 50004
7006165663622 549 0.0211181640625 0.04531187564135 0 60004
7309833291223 549 -0.1220703125 1.25343656539917 0.00001192092896 70004
7613500918819 549 -0.0313720703125 0.95714455842972 -0.00000381469727 80004
7917168546431 549 0.406494140625 0.81955063343048 -0.00227069854736 90004
5182482174620 550 0.37760999798775 -8.00956726074219 -0.00232931110077 4
5487827525622 550 4.5706787109375 1.47881484031677 -0.02921360731125 10004
5791495153226 550 0.29072570800781 0.62548834085464 -0.00112617015839 20004
6095162780824 550 0.34976196289063 2.48887062072754 -0.00136029720306 30004
6398830408426 550 0.22689819335938 1.08332431316376 -0.00113415718079 40004
6702498036024 550 0.15481567382813 1.59730648994446 -0.00111556053162 50004
7006165663622 550 0.17950439453125 0.38515090942383 -0.00112533569336 60004
7309833291223 550 -0.1220703125 1.25343656539917 0.00001907348633 70004
7613500918819 550 -0.2486572265625 1.23775351047516 0.0020751953125 80004
7917168546431 550 0.406494140625 0.81955063343048 -0.00227069854736 90004
5182482174620 551 0.50729012489319 -8.25794887542725 -0.00232930714265 4
5487827525622 551 4.92995452880859 1.60687077045441 -0.03146004676819 10004
5791495153226 551 0.42341613769531 0.80877584218979 -0.00225126743317 20004
6095162780825 551 -0.0670166015625 0.19224731624126 -0.00000035762787 30004
6398830408426 551 0.4681396484375 1.36517763137817 -0.0022599697113 40004
6702498036024 551 0.0567626953125 2.01438617706299 -0.00111389160156 50004
7006165663622 551 0.306396484375 0.56340682506561 -0.00112771987915 60004
7309833291223 551 -0.119140625 1.27624177932739 0.00002145767212 70004
7613500918819 551 -0.333984375 1.47566330432892 0.0020751953125 80004
7917168546431 551 0.403564453125 0.86202752590179 -0.00227355957031 90004
5182482174620 552 0.5862592458725 -8.41982460021973 -0.00345235038549 4
5487827525622 552 5.24692535400391 1.69161689281464 -0.03370672464371 10004
5791495153226 552 0.52828979492188 1.01153409481049 -0.00337767601013 20004
6095162780825 552 -0.11138916015625 0.34632539749146 -0.00000274181366 30004
6398830408426 552 0.71505737304688 1.61592018604279 -0.00450849533081 40004
6702498036024 552 0.00613403320313 2.35440611839294 0.00089573860168 50004
7006165663622 552 0.450439453125 0.67301601171494 -0.00224924087524 60004
7309833291223 552 -0.12298583984375 1.33105552196503 0.00002241134644 70004
7613500918819 552 -0.34869384765625 1.66952526569366 0.00207376480103 80004
7917168546431 552 0.39947509765625 0.90662527084351 -0.0022759437561 90004
5182482174621 553 0 -0 0 4
5487827525622 553 5.63421630859375 1.68848884105682 -0.03609997034073 10004
5791495153226 553 0.643310546875 1.39709270000458 -0.00337910652161 20004
6095162780825 553 -0.11093139648438 0.42406520247459 -0.00000596046448 30004
6398830408426 553 1.0203857421875 1.8850154876709 -0.00563859939575 40004
6702498036025 553 0 -0 0 50004
7006165663622 553 0.692138671875 0.78126728534698 -0.00336742401123 60004
7309833291223 553 -0.140380859375 1.44988632202148 0.00002336502075 70004
7613500918819 553 -0.309326171875 1.88753521442413 0.00206899642944 80004
7917168546431 553 0.39306640625 0.95546472072601 -0.00227975845337 90004
5182482174621 554 -0.01335759554058 0.02864545211196 -0.00000000002183 4
5487827525622 554 6.01840972900391 1.73745834827423 -0.03834706544876 10004
5791495153226 554 0.8267822265625 1.78844308853149 -0.00450479984283 20004
6095162780825 554 -0.12008666992188 0.52868247032166 -0.00000953674316 30004
6398830408426 554 1.139892578125 2.15877962112427 -0.0067675113678 40004
6702498036025 554 -0.1556396484375 0.33399909734726 0.00000143051147 50004
7006165663622 554 0.82489013671875 0.89460223913193 -0.00448560714722 60004
7309833291223 554 -0.13397216796875 1.51677167415619 0.00002479553223 70004
7613500918819 554 -0.15185546875 2.10918569564819 0.00206422805786 80004
7917168546431 554 0.39306640625 0.95546472072601 -0.00228691101074 90004
5182482174621 555 -0.06180340796709 0.09187182784081 -0.00000000008731 4
5487827525622 555 6.26984405517578 1.79183828830719 -0.03947120904922 10004
5791495153226 555 0.88858032226563 2.1966438293457 -0.0056289434433 20004
6095162780825 555 -0.13809204101563 0.75888872146606 -0.0000125169754 30004
6398830408426 555 1.22640991210938 2.31389713287354 -0.00789046287537 40004
6702498036025 555 -0.3193359375 0.66435950994492 0.00201630592346 50004
7006165663622 555 0.97900390625 1.00929248332977 -0.00560331344604 60004
7309833291223 555 -0.1318359375 1.53906679153442 0.00003051757813 70004
7613500918819 555 -0.06341552734375 2.23605060577393 0.00093746185303 80004
7917168546431 555 0.4132080078125 1.07680094242096 -0.0022931098938 90004
5182482174621 556 -0.12908175587654 0.23667289316654 -0.00000000040745 4
5487827525622 556 6.39324951171875 1.82989943027496 -0.04059457778931 10004
5791495153227 556 0.06015014648438 0.12906147539616 -0.00000047683716 20004
6095162780825 556 -0.16146850585938 1.10504949092865 -0.0000159740448 30004
6398830408427 556 -0.00311279296875 0.04607843235135 0 40004
6702498036025 556 -0.43597412109375 1.02502179145813 0.00202131271362 50004
7006165663622 556 1.1646728515625 1.13033449649811 -0.00672054290771 60004
7309833291223 556 -0.131103515625 1.55090498924255 0.00003576278687 70004
7613500918820 556 -0.0325927734375 0.07025542855263 -0.00000095367432 80004
7917168546431 556 0.393798828125 1.34033191204071 -0.00229978561401 90004
5182482174621 557 -0.18241772055626 0.46625703573227 0.00202415930107 4
5487827525622 557 6.40330505371094 1.83799540996552 -0.04059457778931 10004
5791495153227 557 0.20050048828125 0.45393884181976 -0.00112426280975 20004
6095162780825 557 -0.18182373046875 1.4821560382843 0.00199091434479 30004
6398830408427 557 -0.01150512695313 0.15969693660736 0 40004
6702498036025 557 -0.45315551757813 1.37942445278168 0.00202560424805 50004
7006165663622 557 1.3446044921875 1.23346614837646 -0.00784707069397 60004
7309833291223 557 -0.12939453125 1.57852745056152 0.0000376701355 70004
7613500918820 557 -0.11871337890625 0.24773177504539 -0.00000143051147 80004
7917168546431 557 0.2855224609375 1.69081044197083 -0.00230264663696 90004
5182482174621 558 -0.16640125215054 0.73725128173828 0.00202415930107 4
5487827525622 558 6.56423950195313 1.96755397319794 -0.0417183637619 10004
5791495153227 558 0.20050048828125 0.83368146419525 -0.00112426280975 20004
6095162780825 558 -0.18670654296875 1.88499760627747 0.00198996067047 30004
6398830408427 558 -0.02957153320313 0.25733125209808 0 40004
6702498036025 558 -0.54324340820313 1.76216244697571 0.00404572486877 50004
7006165663622 558 1.3748779296875 1.2360315322876 -0.0078547000885 60004
7309833291223 558 -0.12939453125 1.57852745056152 0.00004529953003 70004
7613500918820 558 -0.280517578125 0.46448335051537 0.00202989578247 80004
7917168546431 558 0.0296630859375 1.98985409736633 -0.00028228759766 90004
5182482174621 559 -0.03239818289876 1.03052020072937 0.00090111256577 4
5487827525622 559 6.61641693115234 2.02788686752319 -0.04171937704086 10004
5791495153227 559 0.23054504394531 1.03190958499908 -0.00112497806549 20004
6095162780825 559 -0.08792114257813 2.21906399726868 0.00086414813995 30004
6398830408427 559 -0.032958984375 0.27563768625259 0 40004
6702498036025 559 -0.528564453125 2.10226011276245 0.00405168533325 50004
7006165663622 559 1.49603271484375 1.23675119876862 -0.00898432731628 60004
7309833291223 559 -0.12939453125 1.57852745056152 0.00005197525024 70004
7613500918820 559 -0.44921875 0.62846207618713 0.00202751159668 80004
7917168546431 559 -0.0894775390625 2.26389765739441 -0.00028610229492 90004
5182482174621 560 0.07973711192608 1.31273996829987 -0.00022193382028 4
5487827525622 560 6.63440704345703 2.05737829208374 -0.04171937704086 10004
5791495153227 560 0.25677490234375 1.15037572383881 -0.00112557411194 20004
6095162780826 560 0.02685546875 0.06544438004494 -0.00000023841858 30004
6398830408427 560 -0.032958984375 0.27563768625259 0 40004
6702498036026 560 -0.04345703125 0.09323517233133 0.00000023841858 50004
7006165663622 560 1.680419921875 1.21417510509491 -0.01011300086975 60004
7309833291223 560 -0.12939453125 1.57852745056152 0.0000581741333 70004
7613500918820 560 -0.6090087890625 0.83830469846725 0.00407648086548 80004
7917168546432 560 0.024658203125 0.05475969985127 -0.00000190734863 90004
5182482174621 561 0.09832146018744 1.62717533111572 -0.00022193306359 4
5487827525622 561 6.63440704345703 2.05737829208374 -0.04171937704086 10004
5791495153227 561 0.26295471191406 1.2048853635788 -0.00112593173981 20004
6095162780826 561 0.1275634765625 0.31086072325706 -0.00000166893005 30004
6398830408427 561 -0.032958984375 0.27563768625259 0 40004
6702498036026 561 -0.20651245117188 0.44286701083183 0.00206279754639 50004
7006165663622 561 2.0185546875 1.12878251075745 -0.01236605644226 60004
7309833291223 561 -0.12939453125 1.57852745056152 0.00006532669067 70004
7613500918820 561 -0.7835693359375 1.24679231643677 0.00407314300537 80004
7917168546432 561 0.11712646484375 0.26010856032372 -0.00000953674316 90004
5182482174621 562 0.11921939998865 1.88411104679108 -0.00022193259792 4
5487827525622 562 6.65171051025391 2.08565998077393 -0.04171961545944 10004
5791495153227 562 0.31100463867188 1.28605949878693 -0.00112688541412 20004
6095162780826 562 0.31329345703125 0.62542933225632 -0.00112354755402 30004
6398830408427 562 -0.02484130859375 0.3536701798439 0 40004
6702498036026 562 -0.3558349609375 0.58189606666565 0.00206708908081 50004
7006165663622 562 2.31964111328125 0.89575427770615 -0.01461815834045 60004
7309833291223 562 -0.0584716796875 1.7139310836792 0.00006866455078 70004
7613500918820 562 -1.054931640625 1.59693443775177 0.00617504119873 80004
7917168546432 562 0.2830810546875 0.43156704306602 -0.00113916397095 90004
5182482174621 563 0.15895885229111 2.16011357307434 -0.00022193207406 4
5487827525622 563 6.74226379394531 2.1529815196991 -0.04284369945526 10004
5791495153227 563 0.33155822753906 1.3203821182251 -0.00112807750702 20004
6095162780826 563 0.410888671875 0.95185774564743 -0.00224447250366 30004
6398830408427 563 -0.00653076171875 0.50972318649292 -0.00000166893005 40004
6702498036026 563 -0.50054931640625 0.81414353847504 0.00410580635071 50004
7006165663622 563 2.572509765625 0.7056832909584 -0.01574063301086 60004
7309833291223 563 -0.028076171875 1.77283561229706 0.0000696182251 70004
7613500918820 563 -1.22998046875 1.99407482147217 0.00820827484131 80004
7917168546432 563 0.4713134765625 0.67095136642456 -0.00227165222168 90004
5182482174622 564 0.00233828625642 0.06205851584673 0.00000000000091 4
5487827525622 564 6.88881683349609 2.2476909160614 -0.04396802186966 10004
5791495153227 564 0.33172607421875 1.3217157125473 -0.00112974643707 20004
6095162780826 564 0.46826171875 1.26398718357086 -0.00224232673645 30004
6398830408427 564 0.02130126953125 0.72504633665085 -0.00000214576721 40004
6702498036026 564 -0.618896484375 1.11325263977051 0.00410938262939 50004
7006165663622 564 2.80303955078125 0.55263775587082 -0.01799440383911 60004
7309833291223 564 -0.02459716796875 1.785560131073 0.00007057189941 70004
7613500918821 564 0.017578125 0.03935558348894 0 80004
7917168546432 564 0.6412353515625 0.94590270519257 -0.00339126586914 90004
5182482174622 565 0.01402971334755 0.37235090136528 0.00000000003638 4
5487827525622 565 7.11379241943359 2.38410329818726 -0.04509210586548 10004
5791495153227 565 0.33172607421875 1.3217157125473 -0.00113332271576 20004
6095162780826 565 0.6275634765625 1.6108146905899 -0.00336277484894 30004
6398830408427 565 0.06982421875 1.05237424373627 -0.00000309944153 40004
6702498036026 565 -0.68905639648438 1.49258494377136 0.00411224365234 50004
7006165663622 565 3.133544921875 0.35355204343796 -0.0191171169281 60004
7309833291223 565 -0.0072021484375 1.84383916854858 0.000075340271 70004
7613500918821 565 0.10546875 0.23613354563713 -0.00000286102295 80004
7917168546432 565 0.7657470703125 1.27095794677734 -0.00450992584229 90004
5182482174622 566 -0.09838806092739 0.68430507183075 -0.00000000011642 4
5487827525622 566 7.44314575195313 2.48250579833984 -0.04733991622925 10004
5791495153227 566 0.32916259765625 1.33373057842255 -0.00113451480865 20004
6095162780826 566 0.9122314453125 1.88019382953644 -0.00561058521271 30004
6398830408427 566 0.0008544921875 1.34978497028351 -0.00000405311584 40004
6702498036026 566 -0.62136840820313 1.84193634986877 0.00411653518677 50004
7006165663622 566 3.3416748046875 0.10180175304413 -0.02136278152466 60004
7309833291223 566 -0.031982421875 2.02923917770386 0.00007581710815 70004
7613500918821 566 0.144287109375 0.61663752794266 -0.00000381469727 80004
7917168546432 566 0.9288330078125 1.55115556716919 -0.00562715530396 90004
5182482174622 567 -0.21780772507191 0.9795293211937 0.00200472353026 4
5487827525622 567 7.75270843505859 2.60362982749939 -0.04958713054657 10004
5791495153227 567 0.32745361328125 1.34174048900604 -0.00113558769226 20004
6095162780826 567 1.19595336914063 2.12339448928833 -0.00673675537109 30004
6398830408427 567 -0.03326416015625 1.6280722618103 -0.00000429153442 40004
6702498036026 567 -0.55029296875 2.16808748245239 0.00412321090698 50004
7006165663622 567 3.487060546875 -0.15317831933498 -0.02136278152466 60004
7309833291223 567 -0.09246826171875 2.21490478515625 0.00007629394531 70004
7613500918821 567 0.216064453125 0.99543058872223 -0.00112676620483 80004
7917168546432 567 1.0576171875 1.82092022895813 -0.00674486160278 90004
5182482174622 568 -0.3481537103653 1.32403957843781 0.00200471933931 4
5487827525622 568 8.08253479003906 2.80656933784485 -0.05183309316635 10004
5791495153227 568 0.32745361328125 1.34174048900604 -0.0011373758316 20004
6095162780827 568 0 -0 0 30004
6398830408427 568 0.0152587890625 1.95540010929108 -0.00000524520874 40004
6702498036027 568 0 -0 0 50004
7006165663622 568 3.5950927734375 -0.46770748496056 -0.02248525619507 60004
7309833291224 568 0 -0 0 70004
7613500918821 568 0.377197265625 1.42327690124512 -0.00225162506104 80004
7917168546432 568 1.1510009765625 2.15650033950806 -0.00672435760498 90004
5182482174622 569 -0.33317032456398 1.52444350719452 0.00200471607968 4
5487827525622 569 8.4422607421875 2.94984364509583 -0.05407959222794 10004
5791495153227 569 0.32310485839844 1.35712742805481 -0.00113832950592 20004
6095162780827 569 0.00686645507813 0.41858276724815 -0.00000059604645 30004
6398830408427 569 0.03494262695313 2.28572678565979 -0.00000619888306 40004
6702498036027 569 0.14236450195313 0.30512157082558 0.00000190734863 50004
7006165663622 569 3.65093994140625 -0.84912830591202 -0.02248525619507 60004
7309833291224 569 0.0384521484375 0.28081402182579 0.00000381469727 70004
7613500918821 569 0.3424072265625 1.87903070449829 -0.00225400924683 80004
7917168546432 569 1.22515869140625 2.49703359603882 -0.00782775878906 90004
5182482174622 570 -0.30680015683174 1.73649322986603 0.00200471119024 4
5487827525622 570 8.69953918457031 3.03774619102478 -0.05520248413086 10004
5791495153227 570 0.30352783203125 1.38322412967682 -0.00113844871521 20004
6095162780827 570 0.02694702148438 0.86459183692932 -0.00000154972076 30004
6398830408428 570 -0.06344604492188 0.13610833883286 -0.00000047683716 40004
6702498036027 570 0.32510375976563 0.63371992111206 -0.00111865997314 50004
7006165663622 570 3.7353515625 -1.18832445144653 -0.02360773086548 60004
7309833291224 570 0.1331787109375 0.61819893121719 0.00000667572021 70004
7613500918821 570 0.3428955078125 2.36593651771545 -0.0022554397583 80004
7917168546433 570 0.05438232421875 0.2059828042984 -0.00000667572021 90004
5182482174622 571 -0.28626587986946 1.95351731777191 0.00200470583513 4
5487827525622 571 8.81228637695313 3.07085704803467 -0.05632603168488 10004
5791495153227 571 0.26275634765625 1.45176160335541 -0.0011385679245 20004
6095162780827 571 0.019287109375 1.17609322071075 -0.0000022649765 30004
6398830408428 571 -0.126220703125 0.27376911044121 -0.0000011920929 40004
6702498036027 571 0.473876953125 0.90751022100449 -0.00223970413208 50004
7006165663622 571 3.8153076171875 -1.40058970451355 -0.02360677719116 60004
7309833291224 571 0.19580078125 0.87648552656174 -0.00111484527588 70004
7613500918822 571 -0.025390625 0.06707373261452 -0.00000047683716 80004
7917168546433 571 0.12939453125 0.41118031740189 -0.00001430511475 90004
5182482174622 572 -0.27484717965126 2.32171297073364 0.00200470234267 4
5487827525622 572 8.81343078613281 3.07183694839478 -0.05632662773132 10004
5791495153227 572 0.16548156738281 1.64444434642792 -0.00113892555237 20004
6095162780827 572 -0.06402587890625 1.40388250350952 -0.00000274181366 30004
6398830408428 572 -0.1669921875 0.37239170074463 0.00200080871582 40004
6702498036027 572 0.61669921875 1.23808002471924 -0.00336027145386 50004
7006165663622 572 3.91326904296875 -1.54595828056335 -0.02472925186157 60004
7309833291224 572 0.1793212890625 1.09709846973419 -0.0011134147644 70004
7613500918822 572 -0.12060546875 0.31860014796257 -0.00000143051147 80004
7917168546433 572 0.24383544921875 0.54867780208588 -0.00114393234253 90004
5182482174623 573 -0.00866403151304 0.25313398241997 -0.00000000000728 4
5487827525622 573 8.96765899658203 3.14119267463684 -0.05745005607605 10004
5791495153227 573 -0.07757568359375 1.85310053825378 0.00097250938416 20004
6095162780827 573 -0.25863647460938 1.60757648944855 0.00204527378082 30004
6398830408428 573 -0.1588134765625 0.63440293073654 0.00199937820435 40004
6702498036027 573 0.62066650390625 1.57217133045197 -0.00335931777954 50004
7006165663622 573 3.99676513671875 -1.75212001800537 -0.02472925186157 60004
7309833291224 573 0.2972412109375 1.42481708526611 -0.00111055374146 70004
7613500918822 573 -0.279052734375 0.49617379903793 0.00205898284912 80004
7917168546433 573 0.47918701171875 0.66502296924591 -0.00227355957031 90004
5182482174623 574 -0.00686572445557 0.50385928153992 -0.0000000000291 4
5487827525623 574 0.01420593261719 0.05674988776445 -0.00000011920929 10004
5791495153227 574 -0.33932495117188 2.05626821517944 0.00300431251526 20004
6095162780827 574 -0.42782592773438 1.8925187587738 0.00204479694366 30004
6398830408428 574 -0.15966796875 0.87525832653046 0.00199675559998 40004
6702498036027 574 0.56918334960938 1.85350954532623 -0.00335812568665 50004
7006165663622 574 4.04888916015625 -1.97910785675049 -0.02584671974182 60004
7309833291224 574 0.404052734375 1.76855826377869 -0.00223112106323 70004
7613500918822 574 -0.3798828125 0.63580274581909 0.00205612182617 80004
7917168546433 574 0.731689453125 0.75508469343185 -0.0045166015625 90004
5182482174623 575 -0.00931049510837 0.75254219770432 -0.00000000002547 4
5487827525623 575 0.04058837890625 0.16214253008366 -0.00000059604645 10004
5791495153227 575 -0.60411071777344 2.26533126831055 0.00300419330597 20004
6095162780827 575 -0.54791259765625 2.28880500793457 0.00406861305237 30004
6398830408428 575 -0.1717529296875 1.07157683372498 0.00199484825134 40004
6702498036027 575 0.48065185546875 2.11193323135376 -0.00335669517517 50004
7006165663622 575 4.0662841796875 -2.25552344322205 -0.02583909034729 60004
7309833291224 575 0.48974609375 2.14019918441772 -0.0022292137146 70004
7613500918822 575 -0.416748046875 0.74311393499374 0.00205373764038 80004
7917168546433 575 1.009521484375 0.8312703371048 -0.00563621520996 90004
5182482174623 576 -0.12489254027605 1.04200303554535 -0.00000000017462 4
5487827525623 576 0.04058837890625 0.16214253008366 -0.00000154972076 10004
5791495153227 576 -0.72622680664063 2.48586750030518 0.00502967834473 20004
6095162780827 576 -0.50921630859375 2.73373985290527 0.0040670633316 30004
6398830408428 576 -0.1727294921875 1.10719466209412 0.00199341773987 40004
6702498036027 576 0.49285888671875 2.49586343765259 -0.0033552646637 50004
7006165663622 576 4.0467529296875 -2.66622138023376 -0.02583456039429 60004
7309833291224 576 0.54052734375 2.51040029525757 -0.0033483505249 70004
7613500918822 576 -0.432373046875 0.81355804204941 0.00205183029175 80004
7917168546433 576 1.289794921875 0.96012508869171 -0.00786352157593 90004
5182482174623 577 -0.13713835179806 1.31197655200958 -0.00000000046566 4
5487827525623 577 -0.016357421875 0.29512789845467 -0.00000184774399 10004
5791495153228 577 -0.06106567382813 0.13096861541271 0 20004
6095162780828 577 -0.0003662109375 0.18201579153538 -0.00000035762787 30004
6398830408428 577 -0.1790771484375 1.24117541313171 0.00199151039124 40004
6702498036028 577 0.0787353515625 0.30200660228729 0.00000238418579 50004
7006165663622 577 4.1029052734375 -2.86024355888367 -0.02582740783691 60004
7309833291225 577 -0.150146484375 0.32172027230263 0 70004
7613500918822 577 -0.44677734375 0.92165464162827 0.00205039978027 80004
7917168546433 577 1.54046630859375 1.06276500225067 -0.0089750289917 90004
5182482174623 578 -0.13004291057587 1.56509649753571 -0.00000000110595 4
5487827525623 578 -0.06294250488281 0.40310609340668 -0.00000190734863 10004
5791495153228 578 -0.10682678222656 0.26169240474701 0 20004
6095162780828 578 0.0439453125 0.39933490753174 -0.00000095367432 30004
6398830408428 578 -0.169189453125 1.41806185245514 0.00198888778687 40004
6702498036028 578 0.1312255859375 0.63336896896362 0.00000333786011 50004
7006165663622 578 4.14044189453125 -2.98559594154358 -0.02582240104675 60004
7309833291225 578 -0.3037109375 0.67438489198685 0.00207614898682 70004
7613500918822 578 -0.45538330078125 0.98784869909286 0.00204658508301 80004
7917168546433 578 1.77996826171875 1.1290385723114 -0.01121377944946 90004
5182482174623 579 -0.11315906792879 1.85687017440796 -0.0000000015134 4
5487827525623 579 -0.08880615234375 0.46106997132301 -0.00000190734863 10004
5791495153228 579 -0.12216186523438 0.39199635386467 0 20004
6095162780828 579 0.1776123046875 0.68726092576981 -0.00112521648407 30004
6398830408428 579 -0.1270751953125 1.6896641254425 0.00086331367493 40004
6702498036028 579 0.1312255859375 1.02344262599945 0.00000333786011 50004
7006165663622 579 4.1358642578125 -3.07628321647644 -0.02581882476807 60004
7309833291225 579 -0.4630126953125 1.08893823623657 0.00208377838135 70004
7613500918822 579 -0.456298828125 0.98784869909286 0.00204467773438 80004
7917168546433 579 2.06744384765625 1.1547931432724 -0.0123291015625 90004
5182482174623 580 -0.07210590690374 2.14624571800232 -0.00000000197906 4
5487827525623 580 -0.08686065673828 0.57876515388489 -0.00000166893005 10004
5791495153228 580 -0.12216186523438 0.39199635386467 0 20004
6095162780828 580 0.20370483398438 0.81080973148346 -0.00112164020538 30004
6398830408428 580 -0.01675415039063 1.89610660076141 0.00086092948914 40004
6702498036028 580 -0.00839233398438 1.32322955131531 0.00000500679016 50004
7006165663622 580 4.13494873046875 -3.09568095207214 -0.0258150100708 60004
7309833291225 580 -0.611328125 1.43115949630737 0.00412082672119 70004
7613500918822 580 -0.45721435546875 0.98784869909286 0.00204229354858 80004
7917168546433 580 2.3173828125 1.30043709278107 -0.01456499099731 90004
5182482174623 581 -0.10360996425152 2.4322030544281 -0.00000000221189 4
5487827525623 581 -0.06759643554688 0.74668395519257 -0.00000166893005 10004
5791495153228 581 -0.12443542480469 0.39349630475044 0.00173115730286 20004
6095162780828 581 0.179443359375 0.99458068609238 -0.00111985206604 30004
6398830408428 581 0.22134399414063 2.11507892608643 -0.00138735771179 40004
6702498036028 581 -0.05645751953125 1.52664530277252 0.00000619888306 50004
7006165663622 581 4.119384765625 -3.12956023216248 -0.02581119537354 60004
7309833291225 581 -0.7034912109375 1.79607105255127 0.00412845611572 70004
7613500918822 581 -0.4581298828125 0.98784869909286 0.00204086303711 80004
7917168546433 581 2.51055908203125 1.50781238079071 -0.01568269729614 90004
5182482174624 582 -0.02563935704529 0.05498377233744 -0.00000000001455 4
5487827525623 582 -0.05279541015625 0.88808417320251 -0.00000166893005 10004
5791495153228 582 -0.12867736816406 0.39656910300255 0.00173044204712 20004
6095162780828 582 0.144775390625 1.17023503780365 -0.00111854076385 30004
6398830408428 582 0.47647094726563 2.28331899642944 -0.00251221656799 40004
6702498036028 582 -0.0247802734375 1.70440423488617 0.00000786781311 50004
7006165663622 582 4.1041259765625 -3.15697360038757 -0.02580785751343 60004
7309833291225 582 -0.7523193359375 2.12926721572876 0.0041356086731 70004
7613500918822 582 -0.485595703125 1.01196944713593 0.00203943252563 80004
7917168546433 582 2.64337158203125 1.72525727748871 -0.0167989730835 90004
5182482174624 583 -0.12178018689156 0.26115843653679 -0.00000000023283 4
5487827525623 583 -0.06710052490234 0.93575865030289 -0.00000166893005 10004
5791495153228 583 -0.13600158691406 0.4024672806263 0.00172960758209 20004
6095162780828 583 0.13836669921875 1.29423177242279 -0.00111711025238 30004
6398830408428 583 0.67788696289063 2.35112524032593 -0.00363612174988 40004
6702498036028 583 0.0997314453125 1.98292481899261 0.00000977516174 50004
7006165663622 583 4.1041259765625 -3.15697360038757 -0.02580428123474 60004
7309833291225 583 -0.77520751953125 2.43811106681824 0.00414276123047 70004
7613500918822 583 -0.5863037109375 1.10242247581482 0.00406742095947 80004
7917168546433 583 2.72943115234375 1.94507324695587 -0.01679134368896 90004
5182482174624 584 -0.14694361388683 0.32692116498947 -0.00000000029104 4
5487827525623 584 -0.07747650146484 1.09151196479797 -0.00000166893005 10004
5791495153228 584 -0.24560546875 0.52491414546967 0.00172817707062 20004
6095162780828 584 0.09469604492188 1.43677842617035 -0.00111591815948 30004
6398830408429 584 -0.05355834960938 0.36761355400085 -0.00000047683716 40004
6702498036028 584 0.22268676757813 2.31945538520813 -0.00111031532288 50004
7006165663622 584 4.0755615234375 -3.17681622505188 -0.02580070495605 60004
7309833291226 584 0.0079345703125 0.16062490642071 0.00000143051147 70004
7613500918822 584 -0.7056884765625 1.28217017650604 0.004065990448 80004
7917168546433 584 2.83355712890625 2.08286476135254 -0.01790714263916 90004
5182482174624 585 -0.15704165399075 0.35492983460426 -0.00000000046566 4
5487827525623 585 -0.13938903808594 1.27826631069183 -0.00000190734863 10004
5791495153228 585 -0.31655883789063 0.63109886646271 0.00172650814056 20004
6095162780828 585 0.06881713867188 1.52913951873779 -0.00111472606659 30004
6398830408429 585 -0.13702392578125 0.69877725839615 -0.00000071525574 40004
6702498036029 585 -0.02777099609375 0.10080418735743 0 50004
7006165663622 585 4.0601806640625 -3.18750071525574 -0.02579784393311 60004
7309833291226 585 0.0201416015625 0.37003445625305 0.00000333786011 70004
7613500918822 585 -0.79107666015625 1.42609715461731 0.00405931472778 80004
7917168546433 585 2.90667724609375 2.16455245018005 -0.01790142059326 90004
5182482174624 586 -0.15704165399075 0.35492983460426 -0.00000000046566 4
5487827525623 586 -0.31004333496094 1.59208834171295 0.0020592212677 10004
5791495153228 586 -0.35317993164063 0.75248938798904 0.00172448158264 20004
6095162780828 586 0.06103515625 1.58930861949921 -0.00111365318298 30004
6398830408429 586 -0.30126953125 1.09843063354492 0.00203442573547 40004
6702498036029 586 -0.111083984375 0.40321666002274 0.00000143051147 50004
7006165663622 586 4.0601806640625 -3.18750071525574 -0.02579426765442 60004
7309833291226 586 0.0439453125 0.73879241943359 0.00000619888306 70004
7613500918822 586 -0.86614990234375 1.57725751399994 0.00606203079224 80004
7917168546433 586 2.967529296875 2.21070075035095 -0.01902055740356 90004
5182482174624 587 -0.22092145681381 0.53468382358551 0.00200898433104 4
5487827525623 587 -0.49017333984375 1.78731465339661 0.00205892324448 10004
5791495153228 587 -0.33578491210938 0.87271761894226 0.0017226934433 20004
6095162780828 587 0.07843017578125 1.65522480010986 -0.00111103057861 30004
6398830408429 587 -0.43423461914063 1.50946485996246 0.0020318031311 40004
6702498036029 587 -0.23629760742188 0.59505361318588 0.00203609466553 50004
7006165663622 587 4.0601806640625 -3.18750071525574 -0.02579069137573 60004
7309833291226 587 0.018310546875 1.14012539386749 0.00000858306885 70004
7613500918822 587 -0.96685791015625 1.75559401512146 0.00605344772339 80004
7917168546433 587 3.0755615234375 2.27425837516785 -0.01902437210083 90004
5182482174624 588 -0.42069765925407 0.77579522132874 0.00200898339972 4
5487827525623 588 -0.57488250732422 1.92964279651642 0.00409877300262 10004
5791495153228 588 -0.35882568359375 1.09399449825287 0.00172066688538 20004
6095162780828 588 0.12298583984375 1.74888455867767 -0.00110840797424 30004
6398830408429 588 -0.48980712890625 1.93421530723572 0.0040295124054 40004
6702498036029 588 -0.29916381835938 0.70240932703018 0.00204062461853 50004
7006165663622 588 3.980224609375 -3.28798222541809 -0.02578639984131 60004
7309833291226 588 0.0018310546875 1.54188215732574 0.00001001358032 70004
7613500918822 588 -1.02239990234375 1.85637056827545 0.00604629516602 80004
7917168546433 588 3.1536865234375 2.33983063697815 -0.02015066146851 90004
5182482174624 589 -0.62220829725266 1.01249933242798 0.00411153957248 4
5487827525623 589 -0.59462738037109 2.06714940071106 0.00409823656082 10004
5791495153228 589 -0.37521362304688 1.34592521190643 0.00171875953674 20004
6095162780828 589 0.21054077148438 1.85679066181183 -0.00110650062561 30004
6398830408429 589 -0.52090454101563 2.260333776474 0.00402641296387 40004
6702498036029 589 -0.3203125 0.7458193898201 0.00204420089722 50004
7006165663622 589 3.9002685546875 -3.38846373558044 -0.02578210830688 60004
7309833291226 589 -0.0115966796875 1.89010560512543 0.00001096725464 70004
7613500918822 589 -1.06781005859375 1.93119132518768 0.00603818893433 80004
7917168546433 589 3.2020263671875 2.40261268615723 -0.02015542984009 90004
5182482174624 590 -0.73741227388382 1.29001891613007 0.00411153724417 4
5487827525623 590 -0.57013702392578 2.36864709854126 0.00409704446793 10004
5791495153228 590 -0.31295776367188 1.69957625865936 0.0017147064209 20004
6095162780828 590 0.45452880859375 2.03788280487061 -0.00222718715668 30004
6398830408429 590 -0.6202392578125 2.45222616195679 0.00402235984802 40004
6702498036029 590 -0.32077026367188 0.7458193898201 0.00204825401306 50004
7006165663622 590 3.9002685546875 -3.38846373558044 -0.0257785320282 60004
7309833291226 590 -0.0390625 2.29132843017578 0.00001239776611 70004
7613500918822 590 -1.18499755859375 2.09863972663879 0.00806570053101 80004
7917168546433 590 3.233154296875 2.49459099769592 -0.02015542984009 90004
5182482174624 591 -0.74494409561157 1.50954866409302 0.0041115344502 4
5487827525624 591 -0.11560821533203 0.24787761271 -0.00000011920929 10004
5791495153228 591 -0.31948852539063 2.03357005119324 0.00171267986298 20004
6095162780828 591 0.78683471679688 2.12352323532104 -0.00447249412537 30004
6398830408430 591 0.046142578125 0.09862288087606 -0.00000095367432 40004
6702498036029 591 -0.32119750976563 0.7458193898201 0.00205230712891 50004
7006165663623 591 0.010986328125 0.02358383871615 -0.00000095367432 60004
7309833291227 591 -0.016845703125 0.26669579744339 0.00000238418579 70004
7613500918822 591 -1.28265380859375 2.23236012458801 0.00805759429932 80004
7917168546433 591 3.2373046875 2.50685477256775 -0.02015542984009 90004
5182482174624 592 -0.75750017166138 1.78909623622894 0.00411153025925 4
5487827525624 592 -0.25235748291016 0.56106734275818 0.0020586848259 10004
5791495153228 592 -0.34304809570313 2.30742907524109 0.00171065330505 20004
6095162780828 592 1.16525268554688 2.16692137718201 -0.00672233104706 30004
6398830408430 592 0.090576171875 0.22261920571327 -0.00000238418579 40004
6702498036029 592 -0.3216552734375 0.7458193898201 0.00205683708191 50004
7006165663623 592 0.018310546875 0.03930640593171 -0.00000333786011 60004
7309833291227 592 -0.0443115234375 0.51023328304291 0.00000333786011 70004
7613500918823 592 -0.029052734375 0.16248041391373 -0.00000047683716 80004
7917168546433 592 3.2381591796875 2.57463836669922 -0.0201563835144 90004
5182482174624 593 -0.7777943611145 2.12010431289673 0.00516349868849 4
5487827525624 593 -0.36227416992188 0.86436623334885 0.00205832719803 10004
5791495153229 593 0.00784301757813 0.04477620869875 0 20004
6095162780828 593 1.53585815429688 2.1739559173584 -0.00911509990692 30004
6398830408430 593 0.1124267578125 0.36786094307899 -0.00000381469727 40004
6702498036029 593 -0.32211303710938 0.7458193898201 0.00206089019775 50004
7006165663623 593 0.0091552734375 0.06292526423931 -0.00000643730164 60004
7309833291227 593 -0.0660400390625 0.67604267597198 0.00000333786011 70004
7613500918823 593 -0.0909423828125 0.51658254861832 -0.00000095367432 80004
7917168546433 593 3.239501953125 2.70447278022766 -0.0201587677002 90004
5182482174624 594 -0.68243265151978 2.40386533737183 0.00516349822283 4
5487827525624 594 -0.35426330566406 1.07866048812866 0.00205814838409 10004
5791495153229 594 0.06666564941406 0.38059774041176 -0.00000071525574 20004
6095162780828 594 1.83111572265625 2.19326424598694 -0.01136124134064 30004
6398830408430 594 0.08587646484375 0.64586585760117 -0.000004529953 40004
6702498036029 594 -0.32257080078125 0.7458193898201 0.00206518173218 50004
7006165663623 594 -0.05950927734375 0.24006679654121 -0.00000739097595 60004
7309833291227 594 -0.00286865234375 1.00394904613495 0.00000715255737 70004
7613500918823 594 -0.15045166015625 0.9092293381691 -0.00000190734863 80004
7917168546433 594 3.2376708984375 2.73410224914551 -0.02016067504883 90004
5182482174625 595 -0.00585985602811 0.2814570069313 -0.00000000000364 4
5487827525624 595 -0.25086212158203 1.32026028633118 0.00205796957016 10004
5791495153229 595 0.11871337890625 0.53681999444962 -0.00000166893005 20004
6095162780828 595 2.11004638671875 2.18590641021729 -0.01248407363892 30004
6398830408430 595 0.10943603515625 0.81842118501663 -0.00000500679016 40004
6702498036029 595 -0.322998046875 0.7458193898201 0.00206899642944 50004
7006165663623 595 -0.28570556640625 0.47966355085373 0.00203490257263 60004
7309833291227 595 0.08160400390625 1.33697319030762 0.00000905990601 70004
7613500918823 595 -0.15093994140625 1.27872490882874 -0.00000190734863 80004
7917168546433 595 3.2386474609375 2.76396465301514 -0.02016258239746 90004
5182482174625 596 0.00485212029889 0.6129332780838 -0.00000000001455 4
5487827525624 596 -0.15289306640625 1.55369806289673 0.0020564198494 10004
5791495153229 596 0.16326904296875 0.69985699653625 -0.00000214576721 20004
6095162780828 596 2.38052368164063 2.12899446487427 -0.01473188400269 30004
6398830408430 596 0.1285400390625 0.9530873298645 -0.00000596046448 40004
6702498036029 596 -0.29385375976563 0.75590544939041 0.0020740032196 50004
7006165663623 596 -0.50018310546875 0.75230199098587 0.00403189659119 60004
7309833291227 596 0.1455078125 1.63613748550415 0.00001192092896 70004
7613500918823 596 -0.18023681640625 1.61541426181793 0.00204038619995 80004
7917168546433 596 3.250732421875 2.82973074913025 -0.02016592025757 90004
5182482174625 597 0.06687717139721 1.01770257949829 0.00000000011642 4
5487827525624 597 -0.0941162109375 1.8371559381485 0.00093120336533 10004
5791495153229 597 0.20965576171875 1.0605434179306 -0.00112593173981 20004
6095162780828 597 2.7410888671875 1.93806576728821 -0.01698017120361 30004
6398830408430 597 0.1104736328125 1.10899209976196 -0.00000596046448 40004
6702498036029 597 -0.17617797851563 0.79624968767166 0.00208282470703 50004
7006165663623 597 -0.66424560546875 1.17466855049133 0.00403189659119 60004
7309833291227 597 0.166015625 1.95752763748169 0.00001382827759 70004
7613500918823 597 -0.33551025390625 2.00991868972778 0.00203704833984 80004
7917168546433 597 3.294677734375 3.01445746421814 -0.02017068862915 90004
5182482174625 598 -0.04796181991696 1.41072642803192 0.00000000011642 4
5487827525624 598 0.1239013671875 2.12958097457886 -0.00019270181656 10004
5791495153229 598 0.20281982421875 1.20250928401947 -0.00112628936768 20004
6095162780828 598 3.11923217773438 1.78490567207336 -0.01922869682312 30004
6398830408430 598 0.1270751953125 1.24101495742798 -0.00000739097595 40004
6702498036029 598 -0.11123657226563 0.84679442644119 0.00096869468689 50004
7006165663623 598 -0.64569091796875 1.45847058296204 0.00403094291687 60004
7309833291227 598 0.3583984375 2.31129884719849 -0.0022292137146 70004
7613500918823 598 -0.46051025390625 2.41486406326294 0.00203609466553 80004
7917168546433 598 3.4866943359375 3.25773596763611 -0.02242040634155 90004
5182482174625 599 -0.18159964680672 1.7701632976532 0.00205085473135 4
5487827525624 599 0.20383453369141 2.3254497051239 -0.00019365549088 10004
5791495153229 599 0.23501586914063 1.32071506977081 -0.00112748146057 20004
6095162780828 599 3.43426513671875 1.70636522769928 -0.02147352695465 30004
6398830408430 599 0.10604858398438 1.47476267814636 -0.00000834465027 40004
6702498036029 599 -0.03289794921875 0.97995042800903 0.00097751617432 50004
7006165663623 599 -0.57525634765625 1.67809915542603 0.00402903556824 60004
7309833291228 599 -0.115478515625 0.24699755012989 0.00000143051147 70004
7613500918824 599 -0.04833984375 0.10306441038847 -0.00000095367432 80004
7917168546433 599 3.6806640625 3.43063521385193 -0.02353572845459 90004
5182482174625 600 -0.31478011608124 2.10277223587036 0.00205085147172 4
5487827525625 600 0.02094268798828 0.10473947227001 -0.00000011920929 10004
5791495153229 600 0.29640197753906 1.41945993900299 -0.00112771987915 20004
6095162780828 600 3.68460083007813 1.69170010089874 -0.02371883392334 30004
6398830408430 600 0.05935668945313 1.70299232006073 -0.00000858306885 40004
6702498036029 600 0.0198974609375 1.08780264854431 0.00098562240601 50004
7006165663623 600 -0.43719482421875 1.90922546386719 0.00290417671204 60004
7309833291228 600 -0.25140380859375 0.49549940228462 0.002028465271 70004
7613500918824 600 -0.087890625 0.18738983571529 -0.00000095367432 80004
7917168546433 600 3.844970703125 3.60804104804993 -0.02465152740479 90004
5182482174626 601 0 -0 0 4
5487827525625 601 0.08377075195313 0.41895204782486 -0.00000047683716 10004
5791495153229 601 0.39756774902344 1.51266849040985 -0.00225281715393 20004
6095162780828 601 3.89486694335938 1.74650120735168 -0.02484548091888 30004
6398830408430 601 -0.0189208984375 1.89495086669922 -0.00000953674316 40004
6702498036029 601 0.02655029296875 1.1155366897583 -0.00013446807861 50004
7006165663623 601 -0.183837890625 2.23766732215881 0.0017728805542 60004
7309833291228 601 -0.375 0.6347382068634 0.00203609466553 70004
7613500918824 601 -0.087890625 0.18738983571529 -0.00000095367432 80004
7917168546433 601 3.9786376953125 3.86515402793884 -0.02464437484741 90004
5182482174626 602 0.17493310570717 0.3751457631588 -0.00112304638606 4
5487827525625 602 0.16410827636719 0.81342989206314 -0.00000107288361 10004
5791495153229 602 0.39779663085938 1.51266849040985 -0.00225460529327 20004
6095162780828 602 4.27481079101563 1.74833583831787 -0.02709257602692 30004
6398830408430 602 -0.13381958007813 2.04602479934692 -0.00000977516174 40004
6702498036029 602 0.13412475585938 1.25073611736298 -0.00013208389282 50004
7006165663623 602 0.08990478515625 2.37969565391541 -0.00047636032104 60004
7309833291228 602 -0.37591552734375 0.6347382068634 0.00204372406006 70004
7613500918824 602 -0.087890625 0.18738983571529 -0.00000095367432 80004
7917168546433 602 4.1416015625 4.10449314117432 -0.02575969696045 90004
5182482174626 603 0.38364616036415 0.73156398534775 -0.00224608927965 4
5487827525625 603 0.25640106201172 1.17838263511658 -0.00112593173981 10004
5791495153229 603 0.50102233886719 1.49953281879425 -0.00225782394409 20004
6095162780828 603 4.63824462890625 1.65490674972534 -0.02933919429779 30004
6398830408430 603 -0.30215454101563 2.21510291099548 0.00200152397156 40004
6702498036029 603 0.2142333984375 1.41130089759827 -0.00125217437744 50004
7006165663624 603 -0.0830078125 0.27007254958153 -0.00000095367432 60004
7309833291228 603 -0.3768310546875 0.6347382068634 0.00205087661743 70004
7613500918824 603 -0.087890625 0.18738983571529 -0.00000095367432 80004
7917168546433 603 4.2789306640625 4.35855197906494 -0.02687454223633 90004
5182482174626 604 0.57471352815628 1.00025534629822 -0.00336913065985 4
5487827525625 604 0.38048553466797 1.48027110099792 -0.00225037336349 10004
5791495153229 604 0.60372924804688 1.48639714717865 -0.00338232517242 20004
6095162780828 604 4.95855712890625 1.52172541618347 -0.03158342838287 30004
6398830408431 604 -0.0401611328125 0.08604946732521 -0.00000023841858 40004
6702498036029 604 0.25823974609375 1.58092975616455 -0.00125050544739 50004
7006165663624 604 -0.150634765625 0.65212839841843 0.00201153755188 60004
7309833291228 604 -0.383544921875 0.64027380943298 0.00205755233765 70004
7613500918824 604 -0.10595703125 0.23969005048275 -0.00000095367432 80004
7917168546433 604 4.41583251953125 4.58877754211426 -0.02799510955811 90004
5182482174626 605 0.72719782590866 1.14021396636963 -0.00449216971174 4
5487827525625 605 0.60073852539063 1.7369532585144 -0.0033745765686 10004
5791495153229 605 0.60350036621094 1.48639714717865 -0.00338268280029 20004
6095162780828 605 5.27218627929688 1.37494778633118 -0.0338306427002 30004
6398830408431 605 -0.19082641601563 0.40873488783836 0.00204181671143 40004
6702498036029 605 0.25732421875 1.78391933441162 -0.00124931335449 50004
7006165663624 605 -0.09295654296875 1.07206583023071 0.0008864402771 60004
7309833291228 605 -0.40643310546875 0.66103231906891 0.00206518173218 70004
7613500918824 605 -0.173828125 0.43581584095955 0.00200319290161 80004
7917168546433 605 4.6163330078125 4.79857635498047 -0.02912187576294 90004
5182482174626 606 0.87437081336975 1.48108375072479 -0.00561520596966 4
5487827525625 606 0.92855072021484 1.90770268440247 -0.00562107563019 10004
5791495153229 606 0.65010070800781 1.4559280872345 -0.00338351726532 20004
6095162780828 606 5.48318481445313 1.22429764270782 -0.03495621681213 30004
6398830408431 606 -0.42095947265625 0.64687204360962 0.00203943252563 40004
6702498036029 606 0.25091552734375 1.89214301109314 -0.00124835968018 50004
7006165663624 606 -0.19683837890625 1.45115554332733 0.00088453292847 60004
7309833291228 606 -0.45318603515625 0.68150180578232 0.00207185745239 70004
7613500918824 606 -0.44976806640625 0.72893393039703 0.00200080871582 80004
7917168546433 606 4.7117919921875 5.00558376312256 -0.03024816513062 90004
5182482174626 607 0.95000863075256 1.82516491413116 -0.00561520643532 4
5487827525625 607 1.24642181396484 2.05081129074097 -0.00801408290863 10004
5791495153229 607 0.67510986328125 1.43952167034149 -0.00338411331177 20004
6095162780828 607 5.64886474609375 1.08793020248413 -0.03608083724976 30004
6398830408431 607 -0.59396362304688 0.8949761390686 0.00408625602722 40004
6702498036029 607 0.24896240234375 2.00035452842712 -0.00124716758728 50004
7006165663624 607 -0.36822509765625 1.76595377922058 0.00294709205627 60004
7309833291228 607 -0.5577392578125 0.74182617664337 0.00410604476929 70004
7613500918824 607 -0.76898193359375 0.96681088209152 0.00410509109497 80004
7917168546433 607 4.77703857421875 5.2117280960083 -0.03023767471313 90004
5182482174626 608 0.95435291528702 2.21145629882813 -0.00561520736665 4
5487827525625 608 1.59468841552734 2.19170475006104 -0.01026034355164 10004
5791495153229 608 0.67489624023438 1.43952167034149 -0.00338470935822 20004
6095162780828 608 5.79678344726563 0.9467236995697 -0.03720390796661 30004
6398830408431 608 -0.72171020507813 1.20171570777893 0.00408291816711 40004
6702498036029 608 0.25238037109375 2.13387560844421 -0.00124573707581 50004
7006165663624 608 -0.63397216796875 2.05936503410339 0.00294613838196 60004
7309833291228 608 -0.744873046875 0.85860371589661 0.0041127204895 70004
7613500918824 608 -1.17230224609375 1.17000818252563 0.00830602645874 80004
7917168546433 608 4.82659912109375 5.45021820068359 -0.03022861480713 90004
5182482174626 609 1.10640227794647 2.596440076828 -0.00673824641854 4
5487827525625 609 1.99703979492188 2.20416975021362 -0.01250731945038 10004
5791495153229 609 0.78057861328125 1.37737131118774 -0.00451052188873 20004
6095162780828 609 5.8118896484375 0.92275279760361 -0.03720641136169 30004
6398830408431 609 -0.88787841796875 1.51663208007813 0.00608921051025 40004
6702498036029 609 0.1416015625 2.38768768310547 -0.00124406814575 50004
7006165663624 609 -0.7410888671875 2.31271934509277 0.00502443313599 60004
7309833291228 609 -0.89410400390625 0.99853903055191 0.00612783432007 70004
7613500918824 609 -1.48809814453125 1.43256068229675 0.01038980484009 80004
7917168546433 609 4.98773193359375 5.66556739807129 -0.03134107589722 90004
5182482174627 610 0.08682936429977 0.18620634078979 0.00000000017462 4
5487827525625 610 2.37377166748047 2.32303047180176 -0.01475411653519 10004
5791495153229 610 1.03509521484375 1.33580243587494 -0.00563561916351 20004
6095162780828 610 5.81723022460938 0.91476249694824 -0.03720903396606 30004
6398830408431 610 -1.02505493164063 1.70758628845215 0.00608801841736 40004
6702498036030 610 0.09979248046875 0.21373228728771 0.00000143051147 50004
7006165663625 610 0.01708984375 0.24820452928543 -0.00000095367432 60004
7309833291228 610 -1.0927734375 1.24351954460144 0.00613498687744 70004
7613500918824 610 -1.9046630859375 1.60212874412537 0.01240396499634 80004
7917168546433 610 5.17816162109375 5.87315845489502 -0.03245544433594 90004
5182482174627 611 0.17365257441998 0.38748654723167 0.00000000116415 4
5487827525625 611 2.65808868408203 2.46284151077271 -0.01700061559677 10004
5791495153229 611 1.3023681640625 1.33201491832733 -0.00788259506226 20004
6095162780828 611 5.81759643554688 0.91476249694824 -0.0372109413147 30004
6398830408431 611 -1.13681030273438 1.81216406822205 0.00816750526428 40004
6702498036030 611 0.2032470703125 0.45199432969093 -0.00111961364746 50004
7006165663625 611 0.022705078125 0.54482263326645 -0.00000190734863 60004
7309833291228 611 -1.2855224609375 1.46525573730469 0.00817155838013 70004
7613500918824 611 -2.2679443359375 1.70087051391602 0.01441383361816 80004
7917168546434 611 -0.0126953125 0.03762763366103 -0.00000047683716 90004
5182482174627 612 0.17365257441998 0.4930964410305 0.00000000116415 4
5487827525625 612 2.95014190673828 2.63865661621094 -0.01812463998795 10004
5791495153229 612 1.63833618164063 1.45146691799164 -0.01027750968933 20004
6095162780828 612 5.81802368164063 0.91476249694824 -0.03721332550049 30004
6398830408431 612 -1.34658813476563 1.94233393669128 0.00816631317139 40004
6702498036030 612 0.2288818359375 0.62370145320892 -0.00111722946167 50004
7006165663625 612 -0.0576171875 0.88371807336807 -0.00000333786011 60004
7309833291228 612 -1.59185791015625 1.62905955314636 0.01020908355713 70004
7613500918824 612 -2.627685546875 1.81770896911621 0.01653909683228 80004
7917168546434 612 -0.1015625 0.30102106928825 -0.00000333786011 90004
5182482174627 613 0.17365257441998 0.52327072620392 0.00000000116415 4
5487827525625 613 3.08855438232422 2.77050185203552 -0.01924848556519 10004
5791495153229 613 1.95448303222656 1.60255861282349 -0.01252448558807 20004
6095162780828 613 5.81842041015625 0.91476249694824 -0.03721559047699 30004
6398830408431 613 -1.50942993164063 2.06809639930725 0.01022243499756 40004
6702498036030 613 0.16177368164063 0.92360186576843 -0.00111603736877 50004
7006165663625 613 -0.2193603515625 1.15616142749786 0.00205659866333 60004
7309833291228 613 -1.901123046875 1.7046160697937 0.01223468780518 70004
7613500918824 613 -2.94305419921875 2.04917144775391 0.01867961883545 80004
7917168546434 613 -0.14453125 0.52275747060776 -0.00000619888306 90004
5182482174627 614 0.17307306826115 0.53625792264938 0.00000000116415 4
5487827525625 614 3.17398071289063 2.88123822212219 -0.02037262916565 10004
5791495153229 614 2.24893188476563 1.75607919692993 -0.01364755630493 20004
6095162780828 614 5.82345581054688 0.90289562940598 -0.0372177362442 30004
6398830408431 614 -1.64956665039063 2.19533205032349 0.01022338867188 40004
6702498036030 614 0.07571411132813 1.26317644119263 -0.00111436843872 50004
7006165663625 614 -0.40789794921875 1.38636088371277 0.00205087661743 60004
7309833291228 614 -2.196533203125 1.7386999130249 0.01429510116577 70004
7613500918824 614 -3.22467041015625 2.31542348861694 0.02081108093262 80004
7917168546434 614 -0.1705322265625 0.72113853693008 0.00199890136719 90004
5182482174627 615 0.16438044607639 0.73106586933136 0.00000000128057 4
5487827525625 615 3.4483642578125 3.04636216163635 -0.02149623632431 10004
5791495153229 615 2.63294982910156 1.91457450389862 -0.01589560508728 20004
6095162780828 615 5.89358520507813 0.72489261627197 -0.03722071647644 30004
6398830408431 615 -1.86331176757813 2.48006820678711 0.01229977607727 40004
6702498036030 615 0.1494140625 1.75803864002228 -0.00111150741577 50004
7006165663625 615 -0.69879150390625 1.61972558498383 0.00406718254089 60004
7309833291228 615 -2.5682373046875 1.72277474403381 0.01636552810669 70004
7613500918824 615 -3.54693603515625 2.67773628234863 0.02281856536865 80004
7917168546434 615 -0.23736572265625 1.01136338710785 0.00200176239014 90004
5182482174627 616 0.1367861032486 0.90915244817734 0.00000000197906 4
5487827525625 616 3.59253692626953 3.09790325164795 -0.02262115478516 10004
5791495153229 616 2.97434997558594 1.94610679149628 -0.01828980445862 20004
6095162780828 616 5.9481201171875 0.61122393608093 -0.03722047805786 30004
6398830408431 616 -1.96798706054688 2.76419734954834 0.01229548454285 40004
6702498036030 616 0.27645874023438 2.17029523849487 -0.00110912322998 50004
7006165663625 616 -0.9439697265625 1.8300473690033 0.00618195533752 60004
7309833291228 616 -2.77008056640625 1.76127278804779 0.01841497421265 70004
7613500918824 616 -3.70587158203125 2.90013360977173 0.02282190322876 80004
7917168546434 616 -0.2513427734375 1.26732337474823 0.00200414657593 90004
5182482174627 617 0.0904898494482 1.08426427841187 0.00000000215368 4
5487827525625 617 3.69027709960938 3.11324381828308 -0.02374541759491 10004
5791495153229 617 3.293701171875 1.92768549919128 -0.02068340778351 20004
6095162780828 617 6.00631713867188 0.51469242572784 -0.03834342956543 30004
6398830408431 617 -2.03729248046875 3.03974604606628 0.01229166984558 40004
6702498036031 617 0.00244140625 0.026342747733 0 50004
7006165663625 617 -1.15869140625 2.03385448455811 0.00822067260742 60004
7309833291228 617 -2.8956298828125 1.81351637840271 0.01841497421265 70004
7613500918824 617 -3.8193359375 3.07128572463989 0.02485322952271 80004
7917168546434 617 -0.254638671875 1.50376033782959 0.0020055770874 90004
5182482174627 618 -0.14053326845169 1.39840531349182 0.00000000197906 4
5487827525625 618 3.85511779785156 3.20572352409363 -0.02374637126923 10004
5791495153229 618 3.70123291015625 1.84814012050629 -0.0229320526123 20004
6095162780828 618 6.21963500976563 0.28040862083435 -0.03946566581726 30004
6398830408431 618 -2.20037841796875 3.35598564147949 0.01434016227722 40004
6702498036031 618 0.0390625 0.42148396372795 0.00000333786011 50004
7006165663625 618 -1.30792236328125 2.37595772743225 0.00821924209595 60004
7309833291228 618 -2.8956298828125 1.81351637840271 0.01841497421265 70004
7613500918824 618 -4.19195556640625 3.33259010314941 0.02697515487671 80004
7917168546434 618 -0.37457275390625 1.77659642696381 0.0020055770874 90004
5182482174627 619 -0.32688876986504 1.71027159690857 0.00204600207508 4
5487827525625 619 4.09748840332031 3.32454538345337 -0.02599447965622 10004
5791495153229 619 4.04685974121094 1.68374109268188 -0.0251796245575 20004
6095162780829 619 -0.00640869140625 0.16028086841106 -0.00000047683716 30004
6398830408431 619 -2.27932739257813 3.58552026748657 0.01433563232422 40004
6702498036031 619 0.06256103515625 0.65842443704605 0.00000524520874 50004
7006165663626 619 -0.1068115234375 0.22879230976105 -0.00000023841858 60004
7309833291228 619 -2.8956298828125 1.81351637840271 0.01841497421265 70004
7613500918824 619 -4.505126953125 3.64352703094482 0.02898836135864 80004
7917168546434 619 -0.44073486328125 2.01010060310364 0.00200748443604 90004
5182482174627 620 -0.49028459191322 2.00607752799988 0.00204600067809 4
5487827525625 620 4.34721374511719 3.48073649406433 -0.02711915969849 10004
5791495153229 620 4.33404541015625 1.47438216209412 -0.02742791175842 20004
6095162780829 620 -0.010986328125 0.37869197130203 -0.00000095367432 30004
6398830408431 620 -2.35348510742188 3.7906391620636 0.01433157920837 40004
6702498036031 620 0.06521606445313 0.84332591295242 0.00000667572021 50004
7006165663626 620 -0.2137451171875 0.53331536054611 0.00203967094421 60004
7309833291228 620 -2.8956298828125 1.81351637840271 0.01841497421265 70004
7613500918824 620 -4.76715087890625 3.968754529953 0.03105735778809 80004
7917168546434 620 -0.4630126953125 2.22316122055054 0.00314569473267 90004
5182482174627 621 -0.68353235721588 2.34479761123657 0.00410017929971 4
5487827525625 621 4.60368347167969 3.79094409942627 -0.02936565876007 10004
5791495153229 621 4.5849609375 1.1435227394104 -0.02855348587036 20004
6095162780829 621 -0.0018310546875 0.66934329271317 -0.00000095367432 30004
6398830408431 621 -2.54574584960938 4.09021425247192 0.0163459777832 40004
6702498036031 621 0.00982666015625 1.10998582839966 0.00000858306885 50004
7006165663626 621 -0.215576171875 0.91196817159653 0.00203251838684 60004
7309833291228 621 -2.8956298828125 1.81351637840271 0.01841497421265 70004
7613500918824 621 -5.0079345703125 4.38860988616943 0.03309106826782 80004
7917168546434 621 -0.40350341796875 2.4847195148468 0.00315093994141 90004
5182482174628 622 0.10986013710499 0.26745131611824 0.00000000011642 4
5487827525625 622 4.87831115722656 4.04654026031494 -0.03048896789551 10004
5791495153229 622 4.72317504882813 0.7840638756752 -0.02967739105225 20004
6095162780829 622 0.1041259765625 0.91578274965286 -0.00000214576721 30004
6398830408431 622 -2.67501831054688 4.31542062759399 0.01634407043457 40004
6702498036031 622 0.0357666015625 1.28733706474304 0.00000905990601 50004
7006165663626 622 -0.20849609375 1.26532030105591 0.00202584266663 60004
7309833291228 622 -2.8956298828125 1.81351637840271 0.01841497421265 70004
7613500918824 622 -5.189453125 4.6294527053833 0.03308725357056 80004
7917168546435 622 -0.025634765625 0.08659794926643 -0.00000238418579 90004
5182482174628 623 0.2417363524437 0.55098521709442 -0.00112304580398 4
5487827525625 623 5.10530853271484 4.30581426620483 -0.0327360033989 10004
5791495153229 623 4.77835083007813 0.44766196608543 -0.03080141544342 20004
6095162780829 623 0.24032592773438 1.12481129169464 -0.00112557411194 30004
6398830408431 623 -2.79080200195313 4.54441261291504 0.01839184761047 40004
6702498036031 623 0.1055908203125 1.47851586341858 0.00001382827759 50004
7006165663626 623 -0.2542724609375 1.58273041248322 0.00201964378357 60004
7309833291228 623 -2.8956298828125 1.81351637840271 0.01841497421265 70004
7613500918824 623 -5.356201171875 4.81941318511963 0.03509092330933 80004
7917168546435 623 -0.042724609375 0.14432993531227 -0.00000715255737 90004
5182482174628 624 0.41764867305756 0.86669909954071 -0.00224608951248 4
5487827525625 624 5.30521392822266 4.65518283843994 -0.03385889530182 10004
5791495153229 624 4.73440551757813 0.06915501505136 -0.03080272674561 20004
6095162780829 624 0.439453125 1.33652520179749 -0.00224649906158 30004
6398830408431 624 -2.93087768554688 4.86086320877075 0.01839017868042 40004
6702498036031 624 0.2484130859375 1.76845908164978 -0.00110721588135 50004
7006165663626 624 -0.40625 1.92923069000244 0.00201272964478 60004
7309833291228 624 -2.8956298828125 1.81351637840271 0.01841497421265 70004
7613500918824 624 -5.5576171875 5.01957035064697 0.03508710861206 80004
7917168546435 624 -0.042724609375 0.14432993531227 -0.00001430511475 90004
5182482174628 625 0.64289516210556 1.11780440807343 -0.00336913112551 4
5487827525625 625 5.36396026611328 4.83365440368652 -0.03385972976685 10004
5791495153229 625 4.6961669921875 -0.31662967801094 -0.03080379962921 20004
6095162780829 625 0.62359619140625 1.53597068786621 -0.0033677816391 30004
6398830408431 625 -2.97531127929688 5.09665632247925 0.01838874816895 40004
6702498036031 625 0.2509765625 1.89254570007324 -0.00110673904419 50004
7006165663626 625 -0.6717529296875 2.16208934783936 0.00404572486877 60004
7309833291228 625 -2.8956298828125 1.81351637840271 0.01841497421265 70004
7613500918824 625 -5.7139892578125 5.44347858428955 0.03709268569946 80004
7917168546435 625 -0.0888671875 0.2016578912735 -0.00001764297485 90004
5182482174628 626 0.81746649742126 1.42773818969727 -0.00449216924608 4
5487827525625 626 5.37629699707031 5.01814746856689 -0.03386050462723 10004
5791495153229 626 4.70353698730469 -0.73007905483246 -0.03080594539642 20004
6095162780829 626 0.83438110351563 1.71772146224976 -0.00449240207672 30004
6398830408431 626 -3.03619384765625 5.31562900543213 0.02040672302246 40004
6702498036031 626 0.3399658203125 2.12410354614258 -0.00110459327698 50004
7006165663626 626 -0.94769287109375 2.30900287628174 0.00611710548401 60004
7309833291228 626 -2.9527587890625 1.909419298172 0.01841497421265 70004
7613500918824 626 -5.85076904296875 5.75262928009033 0.03708839416504 80004
7917168546435 626 -0.1229248046875 0.25034061074257 -0.00002098083496 90004
5182482174628 627 0.92099630832672 1.71213817596436 -0.00561521062627 4
5487827525625 627 5.36681365966797 5.192702293396 -0.03386104106903 10004
5791495153229 627 4.73968505859375 -1.060098528862 -0.03080821037292 20004
6095162780829 627 1.0330810546875 1.84296822547913 -0.0056186914444 30004
6398830408431 627 -3.09030151367188 5.46305513381958 0.02040719985962 40004
6702498036032 627 0.01788330078125 0.03837106749415 0 50004
7006165663627 627 -0.014404296875 0.04617246240377 0 60004
7309833291228 627 -3.039306640625 2.046710729599 0.02046251296997 70004
7613500918824 627 -5.947021484375 5.97201919555664 0.03912210464478 80004
7917168546435 627 -0.1685791015625 0.29883727431297 -0.00002336502075 90004
5182482174628 628 0.98211818933487 1.99056959152222 -0.00561521202326 4
5487827525625 628 5.41339111328125 5.51177787780762 -0.03386259078979 10004
5791495153229 628 4.79301452636719 -1.2608380317688 -0.03081107139587 20004
6095162780829 628 1.31829833984375 1.89980602264404 -0.00786709785461 30004
6398830408431 628 -3.11090087890625 5.48783159255981 0.02040815353394 40004
6702498036032 628 0.15200805664063 0.32615408301353 0.00000238418579 50004
7006165663627 628 -0.1224365234375 0.39246588945389 -0.00000071525574 60004
7309833291228 628 -3.16473388671875 2.19728636741638 0.02046251296997 70004
7613500918824 628 -6.0294189453125 6.44891595840454 0.03911781311035 80004
7917168546435 628 -0.3809814453125 0.44152095913887 0.00203084945679 90004
5182482174628 629 0.96119982004166 2.28489351272583 -0.00561521248892 4
5487827525625 629 5.34564971923828 5.83267021179199 -0.03386336565018 10004
5791495153229 629 4.88652038574219 -1.51868212223053 -0.03081393241882 20004
6095162780829 629 1.5635986328125 1.8651659488678 -0.00899004936218 30004
6398830408431 629 -3.21298217773438 5.54076147079468 0.02040886878967 40004
6702498036032 629 0.230712890625 0.56727278232574 -0.0011191368103 50004
7006165663627 629 -0.255859375 0.67101013660431 0.00201106071472 60004
7309833291228 629 -3.22705078125 2.28532528877258 0.02046251296997 70004
7613500918824 629 -6.198486328125 6.82864284515381 0.03911447525024 80004
7917168546435 629 -0.5858154296875 0.49564835429192 0.00408887863159 90004
5182482174629 630 -0.01362451538444 0.02921786159277 0 4
5487827525625 630 5.25061798095703 6.12624835968018 -0.0338636636734 10004
5791495153229 630 5.00918579101563 -1.77498924732208 -0.03193926811218 20004
6095162780829 630 1.78985595703125 1.81131100654602 -0.0112361907959 30004
6398830408431 630 -3.32852172851563 5.59552240371704 0.02040982246399 40004
6702498036032 630 0.28515625 0.77119553089142 -0.00111722946167 50004
7006165663627 630 -0.3701171875 0.92858171463013 0.00200533866882 60004
7309833291228 630 -3.2916259765625 2.37034916877747 0.02046251296997 70004
7613500918824 630 -6.35516357421875 7.14505672454834 0.0411581993103 80004
7917168546435 630 -0.7784423828125 0.53435790538788 0.00409078598022 90004
5182482174629 631 -0.10899047553539 0.23373077809811 0 4
5487827525625 631 5.12471008300781 6.38183164596558 -0.03386372327805 10004
5791495153229 631 5.28691101074219 -2.04523897171021 -0.03306436538696 20004
6095162780829 631 2.05560302734375 1.75637984275818 -0.01235926151276 30004
6398830408431 631 -3.451171875 5.64302682876587 0.02243447303772 40004
6702498036032 631 0.3031005859375 0.91372048854828 -0.00111532211304 50004
7006165663627 631 -0.3880615234375 1.26658344268799 0.00199890136719 60004
7309833291228 631 -3.483642578125 2.56004977226257 0.02249717712402 70004
7613500918824 631 -6.38079833984375 7.36952114105225 0.04116010665894 80004
7917168546435 631 -0.9903564453125 0.6261899471283 0.00615167617798 90004
5182482174629 632 -0.21133308112621 0.51293754577637 0.00203509768471 4
5487827525625 632 4.97989654541016 6.62119770050049 -0.0318318605423 10004
5791495153229 632 5.60182189941406 -2.20438504219055 -0.03531289100647 20004
6095162780829 632 2.25225830078125 1.68780279159546 -0.01348400115967 30004
6398830408431 632 -3.4862060546875 5.65659952163696 0.02243399620056 40004
6702498036032 632 0.25082397460938 1.13302874565125 -0.00111413002014 50004
7006165663627 632 -0.407470703125 1.5307902097702 0.00199294090271 60004
7309833291228 632 -3.74896240234375 2.68947625160217 0.02463674545288 70004
7613500918824 632 -6.3634033203125 7.61456775665283 0.04116249084473 80004
7917168546435 632 -1.08441162109375 0.65155702829361 0.00615406036377 90004
5182482174629 633 -0.30313700437546 0.78278577327728 0.00203509768471 4
5487827525625 633 4.84671020507813 6.82449150085449 -0.03183269500732 10004
5791495153229 633 5.88948059082031 -2.30452394485474 -0.0377072095871 20004
6095162780829 633 2.39926147460938 1.62316870689392 -0.01460874080658 30004
6398830408431 633 -3.4862060546875 5.65659952163696 0.02243399620056 40004
6702498036032 633 0.1806640625 1.35130155086517 -0.00111293792725 50004
7006165663627 633 -0.4249267578125 1.73567724227905 0.00198793411255 60004
7309833291228 633 -4.006103515625 2.78141951560974 0.0246410369873 70004
7613500918824 633 -6.33319091796875 7.83568477630615 0.04116582870483 80004
7917168546435 633 -1.1253662109375 0.65049290657043 0.00816583633423 90004
5182482174629 634 -0.26668718457222 1.11769127845764 0.00203509861603 4
5487827525625 634 4.63360595703125 7.10065412521362 -0.02974462509155 10004
5791495153229 634 6.14755249023438 -2.55547022819519 -0.03883266448975 20004
6095162780829 634 2.61404418945313 1.4908504486084 -0.01573395729065 30004
6398830408431 634 -3.59173583984375 5.76925182342529 0.02243232727051 40004
6702498036032 634 0.19692993164063 1.62601900100708 -0.00111198425293 50004
7006165663627 634 -0.43365478515625 1.82108390331268 0.00198221206665 60004
7309833291228 634 -4.23541259765625 3.00803518295288 0.02674770355225 70004
7613500918824 634 -6.3863525390625 8.17172908782959 0.04116725921631 80004
7917168546435 634 -1.12615966796875 0.65049290657043 0.00816774368286 90004
5182482174629 635 -0.26471191644669 1.39396512508392 0.00203509861603 4
5487827525625 635 4.42638397216797 7.32020902633667 -0.02768409252167 10004
5791495153229 635 6.37641906738281 -2.7961311340332 -0.03995943069458 20004
6095162780829 635 2.81500244140625 1.39335346221924 -0.01798248291016 30004
6398830408431 635 -3.74224853515625 5.90049934387207 0.02443981170654 40004
6702498036032 635 0.1666259765625 1.87234032154083 -0.00111126899719 50004
7006165663627 635 -0.4310302734375 1.89032804965973 0.00197458267212 60004
7309833291228 635 -4.433837890625 3.22855567932129 0.02879047393799 70004
7613500918824 635 -6.46807861328125 8.43121910095215 0.04116868972778 80004
7917168546435 635 -1.12689208984375 0.65049290657043 0.00816917419434 90004
5182482174629 636 -0.31413525342941 1.66259634494781 0.0020350990817 4
5487827525625 636 4.16742706298828 7.5186333656311 -0.02768468856812 10004
5791495153229 636 6.62722778320313 -3.09163188934326 -0.04220592975616 20004
6095162780829 636 3.0540771484375 1.31985712051392 -0.01910793781281 30004
6398830408431 636 -4.004638671875 6.09814739227295 0.02649259567261 40004
6702498036032 636 0.0572509765625 2.14785051345825 -0.00111055374146 50004
7006165663627 636 -0.4105224609375 1.95544469356537 0.00196218490601 60004
7309833291228 636 -4.64434814453125 3.50434637069702 0.02879524230957 70004
7613500918824 636 -6.61676025390625 8.65114402770996 0.04321479797363 80004
7917168546435 636 -1.12774658203125 0.65049290657043 0.00817155838013 90004
5182482174629 637 -0.51288294792175 1.95624852180481 0.00405247975141 4
5487827525625 637 3.80830383300781 7.60808610916138 -0.02358424663544 10004
5791495153230 637 0.1317138671875 0.28260228037834 -0.00000071525574 20004
6095162780829 637 3.25799560546875 1.14561808109283 -0.02023005485535 30004
6398830408431 637 -4.24078369140625 6.30893707275391 0.02649021148682 40004
6702498036032 637 -0.00778198242188 2.43675351142883 0.00090837478638 50004
7006165663627 637 -0.40826416015625 1.96009588241577 0.00195503234863 60004
7309833291228 637 -4.77447509765625 3.63722491264343 0.03086376190186 70004
7613500918824 637 -6.97576904296875 8.90110874176025 0.04534912109375 80004
7917168546435 637 -1.12860107421875 0.65049290657043 0.00817346572876 90004
5182482174629 638 -0.66159546375275 2.18165183067322 0.00405247928575 4
5487827525625 638 3.52472686767578 7.68712902069092 -0.02358460426331 10004
5791495153230 638 0.24993896484375 0.53988468647003 -0.00112426280975 20004
6095162780829 638 3.41757202148438 1.01953148841858 -0.02135264873505 30004
6398830408431 638 -4.39471435546875 6.50233125686646 0.02857685089111 40004
6702498036033 638 0.041748046875 0.09114076942205 0 50004
7006165663627 638 -0.3851318359375 2.00300741195679 0.00194835662842 60004
7309833291228 638 -4.836669921875 3.69816756248474 0.03087186813354 70004
7613500918824 638 -7.22991943359375 9.1378231048584 0.04739809036255 80004
7917168546435 638 -1.1544189453125 0.66536474227905 0.00817537307739 90004
5182482174629 639 -0.81409180164337 2.45323061943054 0.00611550500616 4
5487827525625 639 3.17404174804688 7.82191181182861 -0.01966047286987 10004
5791495153230 639 0.41566467285156 0.90777611732483 -0.00224900245667 20004
6095162780829 639 3.62393188476563 0.89670825004578 -0.02247369289398 30004
6398830408431 639 -4.52374267578125 6.80855989456177 0.02857351303101 40004
6702498036033 639 0.1878662109375 0.41013339161873 -0.00112056732178 50004
7006165663627 639 -0.3056640625 2.15319776535034 0.00193500518799 60004
7309833291228 639 -4.8375244140625 3.69816756248474 0.03088331222534 70004
7613500918824 639 -7.46240234375 9.52484130859375 0.04739475250244 80004
7917168546435 639 -1.2432861328125 0.71741616725922 0.00817728042603 90004
5182482174630 640 -0.10456921905279 0.2242494225502 -0.00000000005821 4
5487827525625 640 2.83981323242188 7.82142448425293 -0.01767939329147 10004
5791495153230 640 0.46153259277344 1.27654731273651 -0.00225234031677 20004
6095162780829 640 3.8499755859375 0.79540526866913 -0.02472257614136 30004
6398830408431 640 -4.54116821289063 7.05415296554565 0.02857136726379 40004
6702498036033 640 0.34771728515625 0.69375759363174 -0.0011191368103 50004
7006165663627 640 -0.2822265625 2.44040989875793 0.00192785263062 60004
7309833291228 640 -4.8900146484375 3.7382435798645 0.03089332580566 70004
7613500918824 640 -7.591064453125 9.73557376861572 0.04949283599854 80004
7917168546435 640 -1.25665283203125 0.72485208511353 0.00817966461182 90004
5182482174630 641 -0.20521302521229 0.45010620355606 0.00204469356686 4
5487827525625 641 2.58556365966797 7.79318189620972 -0.01577919721603 10004
5791495153230 641 0.47682189941406 1.59282672405243 -0.00225484371185 20004
6095162780829 641 4.04916381835938 0.72814416885376 -0.02584648132324 30004
6398830408431 641 -4.5594482421875 7.2608380317688 0.02856945991516 40004
6702498036033 641 0.4793701171875 0.93533450365067 -0.00224018096924 50004
7006165663628 641 0.017822265625 0.04220653697848 -0.00000047683716 60004
7309833291228 641 -4.939697265625 3.781893491745 0.03090000152588 70004
7613500918824 641 -7.6868896484375 9.73557376861572 0.05033159255981 80004
7917168546435 641 -1.2742919921875 0.72530961036682 0.00818109512329 90004
5182482174630 642 -0.31847327947617 0.76797062158585 0.00204469333403 4
5487827525625 642 2.42184448242188 7.70254993438721 -0.0157795548439 10004
5791495153230 642 0.45553588867188 2.02451038360596 -0.00225722789764 20004
6095162780829 642 4.33984375 0.7376481294632 -0.02697062492371 30004
6398830408431 642 -4.70303344726563 7.57237482070923 0.03061485290527 40004
6702498036033 642 0.61395263671875 1.28637659549713 -0.00336027145386 50004
7006165663628 642 0.1514892578125 0.35875549912453 -0.00000238418579 60004
7309833291228 642 -4.9927978515625 3.86334681510925 0.03291463851929 70004
7613500918824 642 -7.820556640625 9.73557376861572 0.05032634735107 80004
7917168546435 642 -1.4024658203125 0.72874104976654 0.00818347930908 90004
5182482174630 643 -0.43161290884018 0.9232639670372 0.00204469240271 4
5487827525625 643 2.27976226806641 7.53401470184326 -0.01578003168106 10004
5791495153230 643 0.43902587890625 2.3344395160675 -0.00225901603699 20004
6095162780829 643 4.6087646484375 0.7724232673645 -0.02921712398529 30004
6398830408431 643 -4.73077392578125 7.8957781791687 0.03061532974243 40004
6702498036033 643 0.7711181640625 1.53302073478699 -0.00448131561279 50004
7006165663628 643 0.3433837890625 0.61244946718216 -0.00112819671631 60004
7309833291229 643 0.018798828125 0.04051797091961 0.00000286102295 70004
7613500918825 643 0.0899658203125 0.19244426488876 -0.00000095367432 80004
7917168546435 643 -1.5322265625 0.73339468240738 0.01020240783691 90004
5182482174630 644 -0.53116351366043 1.04189920425415 0.0040931943804 4
5487827525626 644 0.02749633789063 0.05893424525857 -0.00000011920929 10004
5791495153231 644 -0.0037841796875 0.07650560885668 -0.00000011920929 20004
6095162780829 644 4.8455810546875 0.84253454208374 -0.03033924102783 30004
6398830408431 644 -4.70687866210938 8.20143508911133 0.03061556816101 40004
6702498036033 644 0.91851806640625 1.7408299446106 -0.00560164451599 50004
7006165663628 644 0.556396484375 0.81640475988388 -0.00337195396423 60004
7309833291229 644 0.0341796875 0.07366904616356 0.0000057220459 70004
7613500918825 644 0.207763671875 0.3870795071125 -0.00112676620483 80004
7917168546435 644 -1.63299560546875 0.73743009567261 0.01020479202271 90004
5182482174630 645 -0.62689137458801 1.20534944534302 0.0040931920521 4
5487827525626 645 0.13053894042969 0.27991130948067 -0.00000047683716 10004
5791495153231 645 -0.01797485351563 0.36340171098709 -0.00000023841858 20004
6095162780829 645 5.0869140625 1.00458741188049 -0.03258335590363 30004
6398830408431 645 -4.620361328125 8.54656028747559 0.03061652183533 40004
6702498036033 645 1.07254028320313 1.97877764701843 -0.00672245025635 50004
7006165663628 645 0.84844970703125 0.99710428714752 -0.00448966026306 60004
7309833291229 645 0.0341796875 0.07366904616356 0.0000057220459 70004
7613500918825 645 0.37347412109375 0.52650737762451 -0.00225257873535 80004
7917168546435 645 -1.69158935546875 0.74039036035538 0.01020812988281 90004
5182482174630 646 -0.83983743190765 1.38384330272675 0.0061468356289 4
5487827525626 646 0.23632049560547 0.60735696554184 -0.00112491846085 10004
5791495153231 646 -0.03399658203125 0.50505745410919 -0.00000047683716 20004
6095162780829 646 5.32369995117188 1.13786697387695 -0.03370904922485 30004
6398830408431 646 -4.49319458007813 8.80351448059082 0.02949357032776 40004
6702498036033 646 1.11373901367188 2.09874486923218 -0.00671291351318 50004
7006165663628 646 1.1361083984375 1.13795280456543 -0.00673174858093 60004
7309833291229 646 0.0341796875 0.10640447586775 0.0000057220459 70004
7613500918825 646 0.66619873046875 0.72135758399963 -0.00337839126587 80004
7917168546435 646 -1.9239501953125 0.75590282678604 0.01231908798218 90004
5182482174630 647 -1.05654609203339 1.53112363815308 0.00614682910964 4
5487827525626 647 0.27245330810547 0.90659666061401 -0.00112587213516 10004
5791495153231 647 -0.07278442382813 0.6502885222435 -0.00000047683716 20004
6095162780829 647 5.48287963867188 1.24559223651886 -0.03483498096466 30004
6398830408431 647 -4.367919921875 9.05618286132813 0.02836990356445 40004
6702498036033 647 1.13937377929688 2.20444393157959 -0.00670480728149 50004
7006165663628 647 1.37640380859375 1.23290312290192 -0.00785708427429 60004
7309833291229 647 0.0341796875 0.12403124570847 0.0000057220459 70004
7613500918825 647 0.8995361328125 0.95377761125565 -0.00562620162964 80004
7917168546435 647 -2.193115234375 0.73529636859894 0.01444101333618 90004
5182482174630 648 -1.30261766910553 1.66418159008026 0.0081998500973 4
5487827525626 648 0.23250579833984 1.21193885803223 -0.00112676620483 10004
5791495153231 648 -0.14434814453125 0.83523517847061 -0.00000047683716 20004
6095162780829 648 5.57730102539063 1.34307110309601 -0.0348379611969 30004
6398830408432 648 0 -0 0 40004
6702498036034 648 0 -0 0 50004
7006165663628 648 1.5992431640625 1.29262578487396 -0.01010990142822 60004
7309833291229 648 0.0341796875 0.12403124570847 0.0000057220459 70004
7613500918825 648 1.090087890625 1.26295840740204 -0.00675106048584 80004
7917168546435 648 -2.533935546875 0.66797256469727 0.0164794921875 90004
5182482174630 649 -1.5738331079483 1.82414782047272 0.01020538900048 4
5487827525626 649 0.20014190673828 1.56357908248901 -0.00112760066986 10004
5791495153231 649 -0.21408081054688 1.00990772247314 0.00199973583221 20004
6095162780829 649 5.73452758789063 1.45501792430878 -0.03596067428589 30004
6398830408432 649 -0.14398193359375 0.30849042534828 -0.00000047683716 40004
6702498036034 649 -0.0751953125 0.25850814580917 0.0000011920929 50004
7006165663628 649 1.68212890625 1.36251556873322 -0.01011657714844 60004
7309833291229 649 0.0341796875 0.12403124570847 0.0000057220459 70004
7613500918825 649 1.1319580078125 1.62355577945709 -0.00675296783447 80004
7917168546435 649 -2.8988037109375 0.59981262683868 0.0186014175415 90004
5182482174630 650 -1.80462515354156 2.05960011482239 0.01223722752184 4
5487827525626 650 0.20124053955078 1.90975713729858 -0.00112897157669 10004
5791495153231 650 -0.25642395019531 1.12198185920715 0.00199782848358 20004
6095162780829 650 5.95584106445313 1.53125810623169 -0.03820908069611 30004
6398830408432 650 -0.20745849609375 0.57218039035797 0.0020010471344 40004
6702498036034 650 -0.0777587890625 0.56162011623383 0.00000596046448 50004
7006165663628 650 1.75384521484375 1.4675680398941 -0.01124668121338 60004
7309833291229 650 0.06329345703125 0.23054873943329 0.00000858306885 70004
7613500918825 650 1.094970703125 2.00493192672729 -0.00675439834595 80004
7917168546435 650 -3.30511474609375 0.55021160840988 0.02061986923218 90004
5182482174630 651 -1.98340785503387 2.28644871711731 0.01223722659051 4
5487827525626 651 0.21456146240234 2.19887161254883 -0.00113040208817 10004
5791495153231 651 -0.27333068847656 1.18090772628784 0.00199592113495 20004
6095162780829 651 6.162841796875 1.57954728603363 -0.03933131694794 30004
6398830408432 651 -0.19390869140625 0.77386653423309 0.00199961662292 40004
6702498036034 651 -0.05291748046875 0.83579039573669 0.00000596046448 50004
7006165663628 651 1.796142578125 1.55935657024384 -0.01125240325928 60004
7309833291229 651 0.098876953125 0.36073678731918 0.00001239776611 70004
7613500918825 651 1.0380859375 2.33300352096558 -0.00675582885742 80004
7917168546435 651 -3.6632080078125 0.50697076320648 0.02276611328125 90004
5182482174630 652 -2.27399611473084 2.45784115791321 0.01434003375471 4
5487827525626 652 0.17725372314453 2.57537508010864 -0.00113129615784 10004
5791495153231 652 -0.28431701660156 1.28180170059204 0.00199365615845 20004
6095162780829 652 6.30795288085938 1.6826388835907 -0.04045391082764 30004
6398830408432 652 -0.07717895507813 1.0812816619873 0.00087404251099 40004
6702498036034 652 -0.13851928710938 1.12910735607147 0.00000762939453 50004
7006165663628 652 1.796142578125 1.55935657024384 -0.01125597953796 60004
7309833291229 652 0.098876953125 0.36073678731918 0.00001955032349 70004
7613500918825 652 1.114990234375 2.71423482894897 -0.00675582885742 80004
7917168546435 652 -4.05780029296875 0.36956924200058 0.02690649032593 90004
5182482174630 653 -2.45335674285889 2.50385880470276 0.01604155637324 4
5487827525627 653 -0.06362915039063 0.20291285216808 0 10004
5791495153231 653 -0.28254699707031 1.3443558216095 0.0019918680191 20004
6095162780829 653 6.41845703125 1.74137556552887 -0.04045367240906 30004
6398830408432 653 0.0322265625 1.36990129947662 0.00087141990662 40004
6702498036034 653 -0.26425170898438 1.37485194206238 0.00201773643494 50004
7006165663628 653 1.8583984375 1.6552449464798 -0.01126146316528 60004
7309833291229 653 0.1336669921875 0.48043602705002 0.00003051757813 70004
7613500918826 653 -0.0628662109375 0.28250148892403 -0.00000047683716 80004
7917168546435 653 -4.414306640625 0.3200501203537 0.0290150642395 90004
5182482174630 654 -2.59505486488342 2.51880741119385 0.01604153960943 4
5487827525627 654 -0.1558837890625 0.43721067905426 -0.00000035762787 10004
5791495153231 654 -0.27857971191406 1.38673114776611 0.00199031829834 20004
6095162780829 654 6.52651977539063 1.80533421039581 -0.04157912731171 30004
6398830408432 654 0.12881469726563 1.64463436603546 -0.00025320053101 40004
6702498036034 654 -0.39834594726563 1.59692239761353 0.00202083587646 50004
7006165663628 654 1.9595947265625 1.77532207965851 -0.01239013671875 60004
7309833291229 654 0.16845703125 0.60013526678085 0.00003147125244 70004
7613500918826 654 -0.1396484375 0.59039068222046 -0.00000095367432 80004
7917168546435 654 -4.721923828125 0.30928808450699 0.03115701675415 90004
5182482174630 655 -2.73856496810913 2.54129767417908 0.01772305741906 4
5487827525627 655 -0.35671234130859 0.65699249505997 0.00203859806061 10004
5791495153231 655 -0.27857971191406 1.38673114776611 0.00198864936829 20004
6095162780829 655 6.7098388671875 1.98621618747711 -0.04270565509796 30004
6398830408432 655 0.19845581054688 1.97780954837799 -0.00025415420532 40004
6702498036034 655 -0.57638549804688 1.84184789657593 0.00408339500427 50004
7006165663628 655 2.232177734375 1.94464337825775 -0.01351928710938 60004
7309833291229 655 0.16845703125 0.60013526678085 0.00003147125244 70004
7613500918826 655 -0.2376708984375 0.76810419559479 0.00201845169067 80004
7917168546435 655 -4.9346923828125 0.38822555541992 0.03116369247437 90004
5182482174630 656 -2.85009431838989 2.59513115882874 0.01772305741906 4
5487827525627 656 -0.53054809570313 0.83951336145401 0.00405937433243 10004
5791495153231 656 -0.27857971191406 1.38673114776611 0.00198698043823 20004
6095162780829 656 6.83010864257813 2.21967887878418 -0.04383015632629 30004
6398830408432 656 0.36392211914063 2.26765441894531 -0.00137805938721 40004
6702498036034 656 -0.76644897460938 1.98896932601929 0.00408530235291 50004
7006165663628 656 2.372314453125 2.08890819549561 -0.01464343070984 60004
7309833291229 656 0.174560546875 0.67288452386856 -0.00108957290649 70004
7613500918826 656 -0.2803955078125 1.04068148136139 0.00201606750488 80004
7917168546435 656 -5.0186767578125 0.41110068559647 0.03317642211914 90004
5182482174630 657 -2.9505569934845 2.67476534843445 0.01975250430405 4
5487827525627 657 -0.68161010742188 0.9723749756813 0.00405889749527 10004
5791495153231 657 -0.27857971191406 1.38673114776611 0.00198543071747 20004
6095162780829 657 6.9091796875 2.42811441421509 -0.04383134841919 30004
6398830408433 657 0.00173950195313 0.08129156380892 0 40004
6702498036034 657 -0.9571533203125 2.07702326774597 0.00614857673645 50004
7006165663628 657 2.46002197265625 2.24394917488098 -0.01576638221741 60004
7309833291229 657 0.17791748046875 0.77307331562042 -0.00108814239502 70004
7613500918826 657 -0.297607421875 1.29955804347992 0.00201416015625 80004
7917168546435 657 -5.04205322265625 0.41142225265503 0.03318214416504 90004
5182482174630 658 -3.10032248497009 2.8359260559082 0.01975252106786 4
5487827525627 658 -0.85443878173828 1.0379695892334 0.00592690706253 10004
5791495153231 658 -0.27857971191406 1.38673114776611 0.00198364257813 20004
6095162780829 658 6.96731567382813 2.5613808631897 -0.04383301734924 30004
6398830408433 658 0.01043701171875 0.48774948716164 -0.00000071525574 40004
6702498036034 658 -1.21487426757813 2.13157939910889 0.00821328163147 50004
7006165663628 658 2.5872802734375 2.53971815109253 -0.01576638221741 60004
7309833291229 658 0.1641845703125 0.91027098894119 -0.00108671188354 70004
7613500918826 658 -0.3104248046875 1.48493087291718 0.00201225280762 80004
7917168546435 658 -5.04296875 0.41142225265503 0.03318881988525 90004
5182482174630 659 -3.21017169952393 3.13567852973938 0.01975253038108 4
5487827525627 659 -0.98889923095703 1.07096695899963 0.00592643022537 10004
5791495153231 659 -0.27857971191406 1.38673114776611 0.00198185443878 20004
6095162780829 659 6.96990966796875 2.78484416007996 -0.04383444786072 30004
6398830408433 659 -0.07965087890625 0.88223385810852 -0.00000095367432 40004
6702498036034 659 -1.53024291992188 2.1248254776001 0.01024150848389 50004
7006165663628 659 2.6632080078125 2.81714463233948 -0.01689600944519 60004
7309833291229 659 0.162353515625 0.92856401205063 -0.00108671188354 70004
7613500918826 659 -0.3502197265625 1.68056440353394 0.00201034545898 80004
7917168546435 659 -5.18511962890625 0.4221296608448 0.03319597244263 90004
5182482174630 660 -3.34017992019653 3.47080612182617 0.02179542556405 4
5487827525627 660 -1.11695861816406 1.09546887874603 0.00774735212326 10004
5791495153231 660 -0.28187561035156 1.42844700813293 0.00197970867157 20004
6095162780829 660 6.97207641601563 3.07000851631165 -0.04383659362793 30004
6398830408433 660 -0.20745849609375 1.15885591506958 0.00205278396606 40004
6702498036034 660 -1.8734130859375 2.08283448219299 0.01232314109802 50004
7006165663628 660 2.8143310546875 3.09284925460815 -0.01803040504456 60004
7309833291229 660 0.162353515625 0.94340038299561 -0.00108671188354 70004
7613500918826 660 -0.38226318359375 1.93900954723358 0.00200796127319 80004
7917168546435 660 -5.26214599609375 0.4278951883316 0.03320360183716 90004
5182482174630 661 -3.4399311542511 3.69725155830383 0.02179541252553 4
5487827525627 661 -1.20014190673828 1.10944473743439 0.00774741172791 10004
5791495153231 661 -0.28590393066406 1.47943305969238 0.0019782781601 20004
6095162780829 661 6.97811889648438 3.2831711769104 -0.04383850097656 30004
6398830408433 661 -0.30380249023438 1.27299821376801 0.00205159187317 40004
6702498036034 661 -2.10769653320313 2.04074430465698 0.01438021659851 50004
7006165663628 661 2.95867919921875 3.27319526672363 -0.0180299282074 60004
7309833291229 661 0.162353515625 0.96153372526169 -0.00108671188354 70004
7613500918826 661 -0.3963623046875 2.14240288734436 0.00200605392456 80004
7917168546435 661 -5.2628173828125 0.4278951883316 0.0332088470459 90004
5182482174630 662 -3.43608808517456 3.87671160697937 0.02179539762437 4
5487827525627 662 -1.45523071289063 1.08652341365814 0.00961083173752 10004
5791495153231 662 -0.25450134277344 1.67718458175659 0.00197422504425 20004
6095162780829 662 7.03622436523438 3.54826736450195 -0.0449630022049 30004
6398830408433 662 -0.64773559570313 1.43317878246307 0.00416326522827 40004
6702498036034 662 -2.40866088867188 2.06880903244019 0.01438140869141 50004
7006165663628 662 3.21160888671875 3.47042942047119 -0.02027535438538 60004
7309833291229 662 0.162353515625 0.96153372526169 -0.00108671188354 70004
7613500918826 662 -0.592041015625 2.49761462211609 0.00403356552124 80004
7917168546435 662 -5.263671875 0.4278951883316 0.03321552276611 90004
5182482174630 663 -3.40343284606934 4.11426448822021 0.02179538458586 4
5487827525627 663 -1.69705963134766 1.09347975254059 0.0114933848381 10004
5791495153231 663 -0.16999816894531 1.9206200838089 0.00197064876556 20004
6095162780830 663 -0.00137329101563 0.27685856819153 -0.00000047683716 30004
6398830408433 663 -1.03903198242188 1.51049971580505 0.00623607635498 40004
6702498036034 663 -2.63690185546875 2.07442951202393 0.01645851135254 50004
7006165663628 663 3.518310546875 3.61027193069458 -0.0225203037262 60004
7309833291229 663 0.162353515625 0.96153372526169 -0.00108671188354 70004
7613500918827 663 0.098876953125 0.2114655226469 -0.00000095367432 80004
7917168546435 663 -5.3607177734375 0.4574314057827 0.03526020050049 90004
5182482174630 664 -3.36890125274658 4.32404232025146 0.02179537154734 4
5487827525627 664 -1.87198638916016 1.1127005815506 0.0114933848381 10004
5791495153231 664 -0.07255554199219 2.13982272148132 0.00084614753723 20004
6095162780830 664 -0.00030517578125 0.67670369148254 -0.00000107288361 30004
6398830408433 664 -1.38455200195313 1.53964912891388 0.00833177566528 40004
6702498036034 664 -2.79837036132813 2.08230829238892 0.01849293708801 50004
7006165663628 664 3.80645751953125 3.67762470245361 -0.02364301681519 60004
7309833291229 664 0.1617431640625 0.96273332834244 -0.00108671188354 70004
7613500918827 664 0.2197265625 0.51604646444321 -0.00112581253052 80004
7917168546435 664 -5.50238037109375 0.49559360742569 0.03526449203491 90004
5182482174630 665 -3.39248371124268 4.41811370849609 0.02179535850883 4
5487827525627 665 -1.96265411376953 1.10372090339661 0.01329147815704 10004
5791495153231 665 0.00584411621094 2.31660914421082 0.00084459781647 20004
6095162780830 665 0.0189208984375 1.10693991184235 -0.00000154972076 30004
6398830408433 665 -1.71682739257813 1.66950023174286 0.01047086715698 40004
6702498036034 665 -3.08041381835938 2.19227743148804 0.02052211761475 50004
7006165663628 665 4.12689208984375 3.67585563659668 -0.02588582038879 60004
7309833291229 665 0.157470703125 0.97113054990768 -0.00108528137207 70004
7613500918827 665 0.2197265625 0.8389076590538 -0.00112581253052 80004
7917168546435 665 -5.66729736328125 0.51002997159958 0.0372896194458 90004
5182482174630 666 -3.39922380447388 4.44499015808105 0.02179535478354 4
5487827525627 666 -2.07180023193359 1.05179691314697 0.01329112052917 10004
5791495153232 666 -0.02389526367188 0.08082291483879 -0.00000011920929 20004
6095162780830 666 0.04913330078125 1.50560867786407 -0.00000274181366 30004
6398830408433 666 -2.05160522460938 1.75115633010864 0.01260781288147 40004
6702498036034 666 -3.22894287109375 2.29375648498535 0.02052426338196 50004
7006165663628 666 4.40594482421875 3.58723211288452 -0.02813315391541 60004
7309833291229 666 0.15625 0.97352975606918 -0.00108003616333 70004
7613500918827 666 0.318603515625 1.14261913299561 -0.00112676620483 80004
7917168546436 666 -0.0296630859375 0.12118361890316 -0.00000143051147 90004
5182482174630 667 -3.40610790252686 4.45388317108154 0.02179535292089 4
5487827525627 667 -2.19176483154297 0.98049038648605 0.01329100131989 10004
5791495153232 667 -0.05587768554688 0.18342787027359 -0.00000023841858 20004
6095162780830 667 0.08706665039063 1.85592937469482 -0.00000417232513 30004
6398830408433 667 -2.366455078125 1.82136189937592 0.01466774940491 40004
6702498036034 667 -3.32833862304688 2.39342546463013 0.02052664756775 50004
7006165663628 667 4.650634765625 3.46344685554504 -0.02925825119019 60004
7309833291229 667 0.15625 0.97352975606918 -0.00107431411743 70004
7613500918827 667 0.439453125 1.427001953125 -0.00225257873535 80004
7917168546436 667 -0.066162109375 0.26968172192574 -0.00000429153442 90004
5182482174630 668 -3.5093195438385 4.58726024627686 0.02179534547031 4
5487827525627 668 -2.46484375 0.8156316280365 0.01517504453659 10004
5791495153232 668 -0.0975341796875 0.24130882322788 -0.00000023841858 20004
6095162780830 668 0.202880859375 2.05543327331543 -0.00112736225128 30004
6398830408433 668 -2.69741821289063 2.05758929252625 0.01675176620483 40004
6702498036034 668 -3.57550048828125 2.60403966903687 0.02259302139282 50004
7006165663628 668 4.8951416015625 3.22216606140137 -0.03150796890259 60004
7309833291229 668 0.15625 0.97352975606918 -0.00106716156006 70004
7613500918827 668 0.439453125 1.81587934494019 -0.00225257873535 80004
7917168546436 668 -0.06982421875 0.27545294165611 -0.00000762939453 90004
5182482174630 669 -3.59842133522034 4.77771472930908 0.02380934543908 4
5487827525627 669 -2.66642761230469 0.75088375806808 0.0170521736145 10004
5791495153232 669 -0.24464416503906 0.36655363440514 0.00203096866608 20004
6095162780830 669 0.27935791015625 2.2295823097229 -0.00112569332123 30004
6398830408433 669 -2.9622802734375 2.28880715370178 0.01888060569763 40004
6702498036034 669 -3.75808715820313 2.71044659614563 0.02464556694031 50004
7006165663628 669 5.15423583984375 3.0885956287384 -0.0326361656189 60004
7309833291229 669 0.15625 0.97352975606918 -0.001060962677 70004
7613500918827 669 0.44659423828125 2.15279960632324 -0.00225305557251 80004
7917168546436 669 -0.07080078125 0.27699193358421 -0.00001287460327 90004
5182482174630 670 -3.68430519104004 4.98686981201172 0.02380932867527 4
5487827525627 670 -2.84249114990234 0.71547454595566 0.0189443230629 10004
5791495153232 670 -0.43717956542969 0.51393860578537 0.00375914573669 20004
6095162780831 670 -0.00033569335938 0.02651697769761 0 30004
6398830408433 670 -3.2030029296875 2.50553965568542 0.0209059715271 40004
6702498036034 670 -3.91815185546875 2.78469777107239 0.0246479511261 50004
7006165663628 670 5.41339111328125 2.99826717376709 -0.03376436233521 60004
7309833291229 670 0.15625 0.97352975606918 -0.0010552406311 70004
7613500918828 670 -0.0018310546875 0.02938760258257 0 80004
7917168546436 670 -0.0703125 0.27847161889076 -0.00001811981201 90004
5182482174630 671 -3.8432981967926 5.28445672988892 0.02380931563675 4
5487827525627 671 -3.12391662597656 0.56531405448914 0.0208203792572 10004
5791495153232 671 -0.83052062988281 0.71143233776093 0.00510823726654 20004
6095162780831 671 -0.00537109375 0.42427161335945 -0.00000059604645 30004
6398830408433 671 -3.5738525390625 2.67242312431335 0.02300310134888 40004
6702498036034 671 -4.1790771484375 2.97734117507935 0.02673888206482 50004
7006165663628 671 5.74652099609375 2.91253662109375 -0.03602004051208 60004
7309833291229 671 0.15625 0.97352975606918 -0.00104808807373 70004
7613500918828 671 -0.029296875 0.47020158171654 -0.00000095367432 80004
7917168546436 671 -0.06298828125 0.300666898489 -0.00002145767212 90004
5182482174630 672 -3.89544987678528 5.54324913024902 0.02583144046366 4
5487827525627 672 -3.28388214111328 0.52069169282913 0.02081978321075 10004
5791495153232 672 -1.14631652832031 0.86712473630905 0.0078147649765 20004
6095162780831 672 -0.09652709960938 0.71675568819046 -0.00000131130219 30004
6398830408433 672 -3.8492431640625 2.74865984916687 0.02502131462097 40004
6702498036034 672 -4.38107299804688 3.10344457626343 0.02883815765381 50004
7006165663628 672 5.97686767578125 2.77327346801758 -0.03826427459717 60004
7309833291229 672 0.15625 0.97352975606918 -0.00104236602783 70004
7613500918828 672 -0.0673828125 0.7910772562027 -0.00000238418579 80004
7917168546436 672 -0.06103515625 0.30658563971519 -0.0000262260437 90004
5182482174630 673 -3.91009569168091 5.81239700317383 0.02583144232631 4
5487827525627 673 -3.41126251220703 0.5138281583786 0.02263939380646 10004
5791495153232 673 -1.46270751953125 1.0216658115387 0.00917279720306 20004
6095162780831 673 -0.2310791015625 0.99637991189957 0.00206875801086 30004
6398830408433 673 -4.114013671875 2.79626154899597 0.0271532535553 40004
6702498036034 673 -4.57992553710938 3.21554231643677 0.02884006500244 50004
7006165663628 673 6.18927001953125 2.59867095947266 -0.03938388824463 60004
7309833291229 673 0.15625 0.97352975606918 -0.00103664398193 70004
7613500918828 673 -0.113525390625 1.09606516361237 -0.00000286102295 80004
7917168546436 673 -0.06103515625 0.30658563971519 -0.0000319480896 90004
5182482174630 674 -3.92665553092957 6.08185386657715 0.02583144418895 4
5487827525627 674 -3.56859588623047 0.42984983325005 0.02263873815536 10004
5791495153232 674 -1.75590515136719 1.21674036979675 0.01193511486053 20004
6095162780831 674 -0.3050537109375 1.30586099624634 0.00206816196442 30004
6398830408433 674 -4.37255859375 2.97868895530701 0.02715039253235 40004
6702498036034 674 -4.77182006835938 3.39062547683716 0.03085160255432 50004
7006165663628 674 6.42730712890625 2.484619140625 -0.04050493240356 60004
7309833291229 674 0.079345703125 1.0050733089447 -0.00103569030762 70004
7613500918828 674 -0.041015625 1.44195139408112 -0.00000476837158 80004
7917168546436 674 -0.06103515625 0.30658563971519 -0.0000376701355 90004
5182482174630 675 -3.91297721862793 6.32429695129395 0.0258314460516 4
5487827525627 675 -3.73355102539063 0.35225376486778 0.02451717853546 10004
5791495153232 675 -2.02430725097656 1.38794052600861 0.01335048675537 20004
6095162780831 675 -0.391357421875 1.58261334896088 0.00206780433655 30004
6398830408433 675 -4.61325073242188 3.14482760429382 0.02924180030823 40004
6702498036034 675 -4.91970825195313 3.54661154747009 0.03085398674011 50004
7006165663628 675 6.65155029296875 2.38781356811523 -0.04274797439575 60004
7309833291229 675 0.028076171875 1.02610278129578 -0.0010347366333 70004
7613500918828 675 0.0142822265625 1.76059412956238 -0.0000057220459 80004
7917168546436 675 -0.06103515625 0.30658563971519 -0.00004291534424 90004
5182482174630 676 -3.79762673377991 6.6173849105835 0.02470838837326 4
5487827525627 676 -4.01363372802734 0.25141662359238 0.02640557289124 10004
5791495153232 676 -2.36537170410156 1.57997596263886 0.01617515087128 20004
6095162780831 676 -0.5638427734375 1.91129410266876 0.00409770011902 30004
6398830408433 676 -4.93096923828125 3.35258936882019 0.03138375282288 40004
6702498036034 676 -5.01260375976563 3.72984337806702 0.03288531303406 50004
7006165663628 676 6.95745849609375 2.2908821105957 -0.04386830329895 60004
7309833291229 676 0.028076171875 1.02610278129578 -0.0010347366333 70004
7613500918828 676 0.0467529296875 2.17150235176086 -0.00000858306885 80004
7917168546436 676 -0.06103515625 0.30658563971519 -0.00004959106445 90004
5182482174630 677 -3.7188446521759 6.78365039825439 0.02470834553242 4
5487827525627 677 -4.25492095947266 0.1300193220377 0.02834612131119 10004
5791495153232 677 -2.71121215820313 1.72924339771271 0.0175244808197 20004
6095162780831 677 -0.6514892578125 2.2420597076416 0.00409686565399 30004
6398830408433 677 -5.1416015625 3.62745547294617 0.03341317176819 40004
6702498036034 677 -5.1026611328125 3.88989734649658 0.03288745880127 50004
7006165663628 677 7.25048828125 2.29959392547607 -0.04611444473267 60004
7309833291229 677 0.028076171875 1.02610278129578 -0.0010347366333 70004
7613500918828 677 0.12335205078125 2.54558229446411 -0.00000858306885 80004
7917168546436 677 -0.010986328125 0.43093460798264 -0.00005483627319 90004
5182482174630 678 -3.6521897315979 6.89673805236816 0.02358526363969 4
5487827525627 678 -4.47859191894531 0.02737113274634 0.02834570407867 10004
5791495153232 678 -3.03520202636719 1.86606240272522 0.0203241109848 20004
6095162780832 678 -0.0037841796875 0.0457355864346 -0.00000023841858 30004
6398830408433 678 -5.3125 3.90397763252258 0.03341054916382 40004
6702498036034 678 -5.17572021484375 4.03557348251343 0.03288698196411 50004
7006165663628 678 7.501220703125 2.33353567123413 -0.04724454879761 60004
7309833291229 678 0.0008544921875 1.02133846282959 -0.00103378295898 70004
7613500918829 678 -0.0247802734375 0.05323173105717 0 80004
7917168546436 678 0.0601806640625 0.57740944623947 -0.00005960464478 90004
5182482174630 679 -3.56399154663086 6.96419906616211 0.02358522079885 4
5487827525627 679 -4.77565002441406 0.0074315443635 0.03033256530762 10004
5791495153232 679 -3.39337158203125 2.06697607040405 0.02164244651794 20004
6095162780832 679 -0.0302734375 0.36588475108147 -0.00000059604645 30004
6398830408433 679 -5.51116943359375 4.22721481323242 0.03542852401733 40004
6702498036034 679 -5.19622802734375 4.20977640151978 0.03288650512695 50004
7006165663628 679 7.65850830078125 2.36474800109863 -0.04837512969971 60004
7309833291229 679 -0.189697265625 0.98798787593842 0.00102519989014 70004
7613500918829 679 -0.1983642578125 0.42585375905037 0.00205898284912 80004
7917168546436 679 0.2080078125 0.73229032754898 -0.00118923187256 90004
5182482174630 680 -3.45960402488709 7.01727962493896 0.02246214076877 4
5487827525627 680 -5.03965759277344 0.06923888623714 0.03224611282349 10004
5791495153232 680 -3.693115234375 2.29967856407166 0.02296078205109 20004
6095162780832 680 -0.09027099609375 0.54920822381973 -0.00000107288361 30004
6398830408433 680 -5.6190185546875 4.55808782577515 0.03542566299438 40004
6702498036034 680 -5.224609375 4.32262563705444 0.03288578987122 50004
7006165663628 680 7.83087158203125 2.39401197433472 -0.04949951171875 60004
7309833291229 680 -0.46197509765625 0.97568935155869 0.00313949584961 70004
7613500918829 680 -0.27618408203125 0.66161739826202 0.0020580291748 80004
7917168546436 680 0.28924560546875 0.89258670806885 -0.00119495391846 90004
5182482174630 681 -3.36280369758606 7.05860567092896 0.02246214263141 4
5487827525627 681 -5.25859069824219 0.15174369513988 0.03416907787323 10004
5791495153232 681 -3.93450927734375 2.5139467716217 0.02500927448273 20004
6095162780832 681 -0.154052734375 0.66147208213806 -0.00000357627869 30004
6398830408433 681 -5.68145751953125 4.84961128234863 0.0374596118927 40004
6702498036034 681 -5.25213623046875 4.39971971511841 0.03288578987122 50004
7006165663628 681 7.98663330078125 2.41887950897217 -0.05062246322632 60004
7309833291229 681 -0.728515625 0.97230422496796 0.00516700744629 70004
7613500918829 681 -0.3104248046875 0.81965094804764 0.0020546913147 80004
7917168546436 681 0.3369140625 1.034419298172 -0.00119972229004 90004
5182482174630 682 -3.36280369758606 7.05860567092896 0.02246214263141 4
5487827525627 682 -5.51264190673828 0.1753236502409 0.03603726625443 10004
5791495153232 682 -4.08335876464844 2.8329451084137 0.02708077430725 20004
6095162780832 682 -0.31881713867188 0.7778491973877 0.00202250480652 30004
6398830408433 682 -5.79315185546875 5.01354789733887 0.03745675086975 40004
6702498036034 682 -5.28216552734375 4.59024667739868 0.03489780426025 50004
7006165663628 682 8.01885986328125 2.43016910552979 -0.05062389373779 60004
7309833291229 682 -0.96142578125 0.87437283992767 0.00517272949219 70004
7613500918829 682 -0.2789306640625 0.96040827035904 0.00205039978027 80004
7917168546436 682 0.397705078125 1.35032629966736 -0.00232839584351 90004
5182482174630 683 -3.34398984909058 7.08662176132202 0.02246214263141 4
5487827525627 683 -5.73011016845703 0.1761326789856 0.03603690862656 10004
5791495153232 683 -4.18548583984375 3.13362455368042 0.02708041667938 20004
6095162780832 683 -0.44424438476563 0.85919368267059 0.00202226638794 30004
6398830408433 683 -5.89947509765625 5.15215158462524 0.03745436668396 40004
6702498036034 683 -5.32635498046875 4.77716302871704 0.03489947319031 50004
7006165663628 683 8.04034423828125 2.43769550323486 -0.05174779891968 60004
7309833291229 683 -1.1888427734375 0.76809698343277 0.00726366043091 70004
7613500918829 683 -0.24090576171875 1.13249838352203 0.00204753875732 80004
7917168546436 683 0.46478271484375 1.63684749603271 -0.00233316421509 90004
5182482174630 684 -3.25617861747742 7.21737909317017 0.02133906818926 4
5487827525627 684 -5.95433044433594 0.10653860867023 0.0379490852356 10004
5791495153232 684 -4.19894409179688 3.5441780090332 0.02707982063293 20004
6095162780832 684 -0.51666259765625 0.87673914432526 0.00403726100922 30004
6398830408433 684 -6.04833984375 5.28894376754761 0.03948402404785 40004
6702498036034 684 -5.43914794921875 5.05668878555298 0.03490138053894 50004
7006165663628 684 8.04034423828125 2.43769550323486 -0.05174779891968 60004
7309833291229 684 -1.525146484375 0.57681840658188 0.00937271118164 70004
7613500918829 684 -0.16143798828125 1.49767529964447 0.00204277038574 80004
7917168546436 684 0.58721923828125 1.99112462997437 -0.00345420837402 90004
5182482174631 685 -0.04762556403875 0.10213334858418 -0.00000000005821 4
5487827525627 685 -6.05979919433594 0.03948929905891 0.03794831037521 10004
5791495153232 685 -4.13896179199219 3.77925324440002 0.02707886695862 20004
6095162780832 685 -0.57583618164063 0.8717155456543 0.00403666496277 30004
6398830408433 685 -6.17001342773438 5.53606128692627 0.03948378562927 40004
6702498036034 685 -5.54052734375 5.19091176986694 0.03490304946899 50004
7006165663628 685 8.09039306640625 2.4550142288208 -0.05174875259399 60004
7309833291229 685 -1.7254638671875 0.39716851711273 0.01139688491821 70004
7613500918829 685 -0.20806884765625 1.86272716522217 0.00203943252563 80004
7917168546436 685 0.7080078125 2.31740689277649 -0.00345039367676 90004
5182482174631 686 -0.09995853900909 0.23233523964882 -0.00000000023283 4
5487827525627 686 -6.13441467285156 -0.04019226133823 0.0399694442749 10004
5791495153232 686 -4.07258605957031 3.93831372261047 0.0270779132843 20004
6095162780832 686 -0.64810180664063 0.84907531738281 0.0040363073349 30004
6398830408433 686 -6.25808715820313 5.79030513763428 0.03948354721069 40004
6702498036034 686 -5.63507080078125 5.30205869674683 0.0369246006012 50004
7006165663629 686 -0.0030517578125 0.01691078208387 -0.00000047683716 60004
7309833291229 686 -1.90478515625 0.23751521110535 0.01140165328979 70004
7613500918829 686 -0.28704833984375 2.206223487854 0.00203800201416 80004
7917168546437 686 -0.016357421875 0.03634852170944 -0.00000047683716 90004
5182482174631 687 -0.13293474912643 0.42886617779732 -0.00000000046566 4
5487827525627 687 -6.25405120849609 -0.23246350884438 0.03996902704239 10004
5791495153232 687 -4.04801940917969 4.02204084396362 0.02707672119141 20004
6095162780832 687 -0.84848022460938 0.75207710266113 0.00603842735291 30004
6398830408433 687 -6.24655151367188 6.04537773132324 0.03948330879211 40004
6702498036034 687 -5.75640869140625 5.55981492996216 0.03692626953125 50004
7006165663629 687 -0.0244140625 0.13528624176979 -0.00000143051147 60004
7309833291229 687 -2.26202392578125 0.09057304263115 0.0135383605957 70004
7613500918829 687 -0.39556884765625 2.60309505462646 0.00203609466553 80004
7917168546437 687 -0.130859375 0.29078817367554 -0.00000333786011 90004
5182482174631 688 -0.27728283405304 0.68117201328278 0.00201753736474 4
5487827525627 688 -6.48420715332031 -0.41514778137207 0.04190015792847 10004
5791495153232 688 -3.93966674804688 4.25253486633301 0.02595031261444 20004
6095162780832 688 -1.01785278320313 0.72277402877808 0.00603914260864 30004
6398830408433 688 -6.1771240234375 6.40883493423462 0.0394823551178 40004
6702498036034 688 -5.95767211914063 5.7986626625061 0.03902006149292 50004
7006165663629 688 -0.127197265625 0.36084309220314 -0.00000214576721 60004
7309833291230 688 -0.0684814453125 0.14662054181099 0.00000143051147 70004
7613500918830 688 -0.045654296875 0.23491033911705 -0.00000095367432 80004
7917168546437 688 -0.27294921875 0.55376327037811 0.00205993652344 90004
5182482174631 689 -0.40200698375702 0.92703664302826 0.0020175348036 4
5487827525627 689 -6.682373046875 -0.56261944770813 0.04373615980148 10004
5791495153232 689 -3.81114196777344 4.47229146957397 0.02482450008392 20004
6095162780832 689 -1.14938354492188 0.7393479347229 0.0080885887146 30004
6398830408433 689 -6.12570190429688 6.71874237060547 0.03948163986206 40004
6702498036034 689 -6.15496826171875 5.99548387527466 0.03902459144592 50004
7006165663629 689 -0.22802734375 0.54399353265762 0.00204062461853 60004
7309833291230 689 -0.12451171875 0.31657543778419 0.00000476837158 70004
7613500918830 689 -0.08740234375 0.51400679349899 -0.00000143051147 80004
7917168546437 689 -0.40008544921875 0.7798558473587 0.0020637512207 90004
5182482174631 690 -0.45573252439499 1.24723052978516 0.00201753224246 4
5487827525627 690 -6.82424926757813 -0.72368907928467 0.04373514652252 10004
5791495153232 690 -3.6395263671875 4.66257810592651 0.02369976043701 20004
6095162780832 690 -1.29861450195313 0.80637633800507 0.00808918476105 30004
6398830408433 690 -6.13577270507813 6.98934507369995 0.03948140144348 40004
6702498036034 690 -6.3829345703125 6.2266902923584 0.04107284545898 50004
7006165663629 690 -0.3104248046875 0.64252895116806 0.00203347206116 60004
7309833291230 690 -0.12451171875 0.50404757261276 0.00001192092896 70004
7613500918830 690 -0.1038818359375 0.83987104892731 -0.00000143051147 80004
7917168546437 690 -0.54107666015625 1.04389607906342 0.0041241645813 90004
5182482174631 691 -0.4946271777153 1.52590847015381 0.00403357110918 4
5487827525627 691 -7.04214477539063 -0.88163220882416 0.04562568664551 10004
5791495153232 691 -3.39735412597656 4.94123029708862 0.02257370948792 20004
6095162780832 691 -1.41549682617188 0.93463349342346 0.0080897808075 30004
6398830408433 691 -6.10641479492188 7.29572486877441 0.03948068618774 40004
6702498036034 691 -6.60281372070313 6.38611650466919 0.04313802719116 50004
7006165663629 691 -0.315185546875 0.64909797906876 0.00202751159668 60004
7309833291230 691 -0.0380859375 0.80867546796799 0.00001525878906 70004
7613500918830 691 -0.0478515625 1.11624252796173 -0.00000238418579 80004
7917168546437 691 -0.58270263671875 1.2737580537796 0.00412607192993 90004
5182482174631 692 -0.54659777879715 1.76506328582764 0.00403356971219 4
5487827525627 692 -7.22298431396484 -0.98730546236038 0.0474619269371 10004
5791495153232 692 -3.16900634765625 5.20940160751343 0.02144861221313 20004
6095162780832 692 -1.52645874023438 1.07881200313568 0.01011645793915 30004
6398830408433 692 -6.07479858398438 7.59571075439453 0.03947973251343 40004
6702498036034 692 -6.81350708007813 6.52605295181274 0.04314041137695 50004
7006165663629 692 -0.31787109375 0.65814477205276 0.00202202796936 60004
7309833291230 692 0.004150390625 1.10535931587219 0.00001621246338 70004
7613500918830 692 -0.0009765625 1.34452021121979 -0.00000429153442 80004
7917168546437 692 -0.60784912109375 1.446737408638 0.00412797927856 90004
5182482174631 693 -0.65316152572632 2.0185239315033 0.0040335659869 4
5487827525627 693 -7.37991333007813 -1.01562440395355 0.0474608540535 10004
5791495153232 693 -2.89065551757813 5.55012798309326 0.01920080184937 20004
6095162780832 693 -1.67489624023438 1.31000947952271 0.01011490821838 30004
6398830408433 693 -6.03131103515625 7.99980878829956 0.03947877883911 40004
6702498036034 693 -7.09280395507813 6.69078350067139 0.04518532752991 50004
7006165663629 693 -0.32977294921875 0.6920702457428 0.00201487541199 60004
7309833291230 693 -0.05352783203125 1.48759913444519 0.00001764297485 70004
7613500918830 693 0.031982421875 1.56394457817078 -0.00000810623169 80004
7917168546437 693 -0.62158203125 1.56476175785065 0.00413036346436 90004
5182482174631 694 -0.66454201936722 2.13131046295166 0.00403356272727 4
5487827525627 694 -7.52892303466797 -1.03350579738617 0.04928350448608 10004
5791495153232 694 -2.60713195800781 5.80466604232788 0.01695191860199 20004
6095162780832 694 -1.87765502929688 1.52186906337738 0.01220571994781 30004
6398830408433 694 -5.91094970703125 8.32985687255859 0.03835296630859 40004
6702498036035 694 0.0699462890625 0.27452144026756 0.00000238418579 50004
7006165663629 694 -0.325439453125 0.75549846887589 0.00200891494751 60004
7309833291230 694 -0.114501953125 1.67567801475525 0.00001955032349 70004
7613500918830 694 0.002685546875 1.68568241596222 -0.00000905990601 80004
7917168546437 694 -0.60931396484375 1.68904650211334 0.00413274765015 90004
5182482174631 695 -0.67211824655533 2.23608255386353 0.00403355946764 4
5487827525627 695 -7.72591400146484 -1.02527248859406 0.0492832660675 10004
5791495153232 695 -2.36421203613281 5.990478515625 0.01582896709442 20004
6095162780832 695 -2.06124877929688 1.75358963012695 0.0122047662735 30004
6398830408433 695 -5.81600952148438 8.66646862030029 0.03834676742554 40004
6702498036035 695 0.18478393554688 0.55391621589661 -0.00111937522888 50004
7006165663629 695 -0.28204345703125 0.86611133813858 0.00200080871582 60004
7309833291230 695 -0.20037841796875 1.83289170265198 0.00204944610596 70004
7613500918830 695 -0.018310546875 1.75708878040314 -0.00000953674316 80004
7917168546437 695 -0.5972900390625 1.79087483882904 0.00413465499878 90004
5182482174632 696 0 -0 0 4
5487827525627 696 -8.03977203369141 -0.96856814622879 0.05123937129974 10004
5791495153232 696 -2.16534423828125 6.08427000045776 0.01470577716827 20004
6095162780832 696 -2.2255859375 2.05585813522339 0.01421654224396 30004
6398830408433 696 -5.76702880859375 9.07008743286133 0.0372166633606 40004
6702498036035 696 0.389404296875 0.84305745363235 -0.00223898887634 50004
7006165663629 696 -0.162353515625 1.07561683654785 0.00198745727539 60004
7309833291230 696 -0.3441162109375 1.97934031486511 0.00205659866333 70004
7613500918830 696 -0.018310546875 1.75708878040314 -0.00000953674316 80004
7917168546437 696 -0.58721923828125 1.86352694034576 0.00413703918457 90004
5182482174632 697 0.12073509395123 0.25891745090485 0.00000000017462 4
5487827525627 697 -8.30026245117188 -0.78451490402222 0.05316877365112 10004
5791495153232 697 -1.88392639160156 6.42253589630127 0.01245737075806 20004
6095162780832 697 -2.30523681640625 2.39070510864258 0.01421535015106 30004
6398830408433 697 -5.80044555664063 9.36887836456299 0.03721332550049 40004
6702498036035 697 0.54229736328125 0.99157404899597 -0.00335955619812 50004
7006165663629 697 -0.13763427734375 1.40225982666016 0.00198411941528 60004
7309833291230 697 -0.61053466796875 2.0907130241394 0.00407695770264 70004
7613500918830 697 -0.00091552734375 1.82756471633911 -0.00000953674316 80004
7917168546437 697 -0.62109375 1.97377109527588 0.00414085388184 90004
5182482174632 698 0.30016776919365 0.4620119035244 -0.00112304557115 4
5487827525628 698 -0.00289916992188 0.17780004441738 0 10004
5791495153232 698 -1.61105346679688 6.76773977279663 0.01133322715759 20004
6095162780832 698 -2.3055419921875 2.71301126480103 0.01421368122101 30004
6398830408433 698 -5.94952392578125 9.70180130004883 0.03721022605896 40004
6702498036035 698 0.68572998046875 1.12650942802429 -0.00335717201233 50004
7006165663629 698 -0.0634765625 1.67399024963379 0.00085973739624 60004
7309833291230 698 -0.953857421875 2.17240476608276 0.00610494613647 70004
7613500918830 698 0.0531005859375 1.9136666059494 -0.0000114440918 80004
7917168546437 698 -0.61224365234375 2.15310311317444 0.00414514541626 90004
5182482174632 699 0.4993252158165 0.60366547107697 -0.00224608695135 4
5487827525628 699 -0.02820587158203 0.42762535810471 0 10004
5791495153232 699 -1.38883972167969 7.03207874298096 0.00908732414246 20004
6095162780832 699 -2.27755737304688 2.99251937866211 0.01421225070953 30004
6398830408433 699 -6.11334228515625 9.74846649169922 0.04015064239502 40004
6702498036035 699 0.81024169921875 1.26649641990662 -0.00447821617126 50004
7006165663629 699 -0.00103759765625 1.90227055549622 0.00085663795471 60004
7309833291230 699 -1.2589111328125 2.21702456474304 0.00823259353638 70004
7613500918830 699 0.107177734375 2.00222396850586 -0.00001335144043 80004
7917168546438 699 -0.02398681640625 0.05129288882017 0 90004
5182482174632 700 0.77920526266098 0.71969419717789 -0.00449217390269 4
5487827525628 700 -0.13272857666016 0.76374083757401 -0.00000029802322 10004
5791495153232 700 -1.18568420410156 7.18090057373047 0.00796163082123 20004
6095162780832 700 -2.26943969726563 3.3136682510376 0.01421105861664 30004
6398830408433 700 -6.23211669921875 9.74846649169922 0.04015040397644 40004
6702498036035 700 0.9591064453125 1.52109503746033 -0.00559830665588 50004
7006165663629 700 -0.01727294921875 2.20761466026306 0.00085544586182 60004
7309833291230 700 -1.49456787109375 2.21726822853088 0.01024389266968 70004
7613500918830 700 0.134521484375 2.1233115196228 -0.00001525878906 80004
7917168546438 700 -0.13592529296875 0.29065963625908 0 90004
5182482174632 701 0.94107967615128 0.80609250068665 -0.0056152115576 4
5487827525628 701 -0.26645660400391 1.09406077861786 0.00200647115707 10004
5791495153232 701 -1.01856994628906 7.23732805252075 0.00683581829071 20004
6095162780832 701 -2.35531616210938 3.58863568305969 0.01421010494232 30004
6398830408433 701 -6.30288696289063 9.74846649169922 0.04124450683594 40004
6702498036035 701 1.07919311523438 1.81980586051941 -0.00671648979187 50004
7006165663629 701 0.00006103515625 2.51241326332092 0.00085210800171 60004
7309833291230 701 -1.788818359375 2.29337072372437 0.01232004165649 70004
7613500918830 701 0.13031005859375 2.36621379852295 -0.00001668930054 80004
7917168546438 701 -0.25653076171875 0.45974710583687 0.00202941894531 90004
5182482174632 702 1.04791498184204 0.88764083385468 -0.00673825386912 4
5487827525628 702 -0.3560791015625 1.35650432109833 0.00200641155243 10004
5791495153232 702 -0.89317321777344 7.26928758621216 0.00683283805847 20004
6095162780832 702 -2.46112060546875 3.78798246383667 0.01621508598328 30004
6398830408434 702 -0.01153564453125 0.02470433712006 0 40004
6702498036035 702 1.18130493164063 2.05443453788757 -0.00670909881592 50004
7006165663630 702 -0.0225830078125 0.04849314689636 0 60004
7309833291230 702 -2.00579833984375 2.36684560775757 0.01232290267944 70004
7613500918831 702 -0.0101318359375 0.04145992919803 -0.00000047683716 80004
7917168546438 702 -0.34112548828125 0.56225681304932 0.00203084945679 90004
5182482174632 703 1.22395277023315 1.12170612812042 -0.00786129385233 4
5487827525628 703 -0.34486389160156 1.73993504047394 0.00200623273849 10004
5791495153232 703 -0.71302795410156 7.3584156036377 0.0057110786438 20004
6095162780832 703 -2.71701049804688 4.01807308197021 0.01822137832642 30004
6398830408434 703 -0.09805297851563 0.20998686552048 -0.00000071525574 40004
6702498036035 703 1.40744018554688 2.31593203544617 -0.00894570350647 50004
7006165663630 703 -0.19183349609375 0.41219174861908 0.00203227996826 60004
7309833291230 703 -2.1348876953125 2.45123505592346 0.01435899734497 70004
7613500918831 703 -0.08612060546875 0.35240936279297 -0.00000143051147 80004
7917168546438 703 -0.38232421875 0.60824775695801 0.00203418731689 90004
5182482174632 704 1.31780433654785 1.23483920097351 -0.00786128081381 4
5487827525628 704 -0.44126892089844 2.05251336097717 0.00200605392456 10004
5791495153232 704 -0.61054992675781 7.3991961479187 0.00458669662476 20004
6095162780832 704 -2.98760986328125 4.13098669052124 0.01822137832642 30004
6398830408434 704 -0.16940307617188 0.46778172254562 0.00199890136719 40004
6702498036036 704 -0.06622314453125 0.24709367752075 0.00000095367432 50004
7006165663630 704 -0.22491455078125 0.75386166572571 0.00202608108521 60004
7309833291230 704 -2.16070556640625 2.46811294555664 0.01435899734497 70004
7613500918831 704 -0.23529052734375 0.58105635643005 0.00202465057373 80004
7917168546438 704 -0.39605712890625 0.63169264793396 0.00203657150269 90004
5182482174632 705 1.39228928089142 1.3127863407135 -0.00786127522588 4
5487827525628 705 -0.53888702392578 2.3139636516571 0.00403839349747 10004
5791495153232 705 -0.54371643066406 7.42256832122803 0.00458574295044 20004
6095162780832 705 -3.22976684570313 4.20142793655396 0.0203253030777 30004
6398830408434 705 -0.23797607421875 0.7062406539917 0.00199794769287 40004
6702498036036 705 -0.13250732421875 0.50697827339172 0.00000214576721 50004
7006165663630 705 -0.220703125 1.04334509372711 0.00202059745789 60004
7309833291230 705 -2.16070556640625 2.46811294555664 0.01435899734497 70004
7613500918831 705 -0.37945556640625 0.76566064357758 0.0020227432251 80004
7917168546438 705 -0.401611328125 0.64593935012817 0.00203800201416 90004
5182482174632 706 1.61425673961639 1.47581160068512 -0.01010734215379 4
5487827525628 706 -0.52446746826172 2.67169547080994 0.0040374994278 10004
5791495153232 706 -0.53730773925781 7.42840957641602 0.00346112251282 20004
6095162780832 706 -3.54721069335938 4.25106859207153 0.0223263502121 30004
6398830408434 706 -0.43731689453125 0.95433211326599 0.00199604034424 40004
6702498036036 706 -0.13336181640625 0.68605029582977 0.00000381469727 50004
7006165663630 706 -0.17041015625 1.33109033107758 0.00200819969177 60004
7309833291230 706 -2.16070556640625 2.46811294555664 0.01435899734497 70004
7613500918831 706 -0.51788330078125 1.01971852779388 0.0040225982666 80004
7917168546438 706 -0.4024658203125 0.64593935012817 0.00204038619995 90004
5182482174632 707 1.78707325458527 1.70486032962799 -0.01123037561774 4
5487827525629 707 0.03769683837891 0.22803789377213 -0.00000023841858 10004
5791495153232 707 -0.53501892089844 7.43049573898315 0.00346100330353 20004
6095162780832 707 -3.81655883789063 4.2733850479126 0.02437055110931 30004
6398830408434 707 -0.55691528320313 1.24160099029541 0.00403094291687 40004
6702498036036 707 -0.14300537109375 0.90872806310654 0.00000619888306 50004
7006165663630 707 -0.1085205078125 1.59300696849823 0.00088286399841 60004
7309833291230 707 -2.16070556640625 2.46811294555664 0.01435899734497 70004
7613500918831 707 -0.67938232421875 1.26696038246155 0.00402021408081 80004
7917168546438 707 -0.4033203125 0.6460520029068 0.00204277038574 90004
5182482174632 708 1.91224801540375 1.93236792087555 -0.01123037002981 4
5487827525629 708 0.09205627441406 0.53215950727463 -0.00000059604645 10004
5791495153232 708 -0.53501892089844 7.43049573898315 0.00346100330353 20004
6095162780832 708 -4.02261352539063 4.28304481506348 0.02641606330872 30004
6398830408434 708 -0.61190795898438 1.50670409202576 0.00402760505676 40004
6702498036036 708 -0.14501953125 1.12650525569916 0.00104713439941 50004
7006165663630 708 -0.05364990234375 1.79276430606842 0.00088143348694 60004
7309833291230 708 -2.1641845703125 2.4664318561554 0.01435899734497 70004
7613500918831 708 -0.83056640625 1.47372937202454 0.00603580474854 80004
7917168546438 708 -0.4102783203125 0.65438538789749 0.00204467773438 90004
5182482174632 709 2.07496404647827 2.21323919296265 -0.01235339790583 4
5487827525629 709 0.21642303466797 0.91337323188782 -0.00112479925156 10004
5791495153232 709 -0.53501892089844 7.43049573898315 0.00346100330353 20004
6095162780832 709 -4.25103759765625 4.343834400177 0.02641701698303 30004
6398830408434 709 -0.5455322265625 1.84106290340424 0.00401949882507 40004
6702498036036 709 -0.00448608398438 1.4832319021225 0.00105500221252 50004
7006165663630 709 -0.04632568359375 1.87136554718018 0.00088000297546 60004
7309833291230 709 -2.21636962890625 2.44121551513672 0.01435852050781 70004
7613500918831 709 -1.05120849609375 1.70597112178802 0.00602626800537 80004
7917168546438 709 -0.50457763671875 0.77732086181641 0.00406980514526 90004
5182482174632 710 2.26946711540222 2.44304180145264 -0.01459946855903 4
5487827525629 710 0.43213653564453 1.21036016941071 -0.00224912166595 10004
5791495153232 710 -0.53501892089844 7.43049573898315 0.00346100330353 20004
6095162780832 710 -4.3623046875 4.38189363479614 0.02841806411743 30004
6398830408434 710 -0.56201171875 2.14578866958618 0.00401425361633 40004
6702498036036 710 0.2061767578125 1.74184858798981 -0.0011887550354 50004
7006165663630 710 -0.04437255859375 1.89232587814331 0.00088000297546 60004
7309833291230 710 -2.39752197265625 2.42646837234497 0.01435852050781 70004
7613500918831 710 -1.29681396484375 1.87107908725739 0.00808525085449 80004
7917168546438 710 -0.67010498046875 0.96932554244995 0.00407314300537 90004
5182482174632 711 2.45998573303223 2.64954280853271 -0.01572250016034 4
5487827525629 711 0.65679931640625 1.43750536441803 -0.00337308645248 10004
5791495153233 711 0.00439453125 0.0393282584846 0 20004
6095162780832 711 -4.44479370117188 4.41327095031738 0.02841699123383 30004
6398830408435 711 -0.0069580078125 0.05072974413633 0 40004
6702498036036 711 0.4185791015625 1.97122180461884 -0.00230979919434 50004
7006165663630 711 -0.0482177734375 1.9324871301651 0.00087952613831 60004
7309833291230 711 -2.60394287109375 2.41083455085754 0.01638317108154 70004
7613500918831 711 -1.52313232421875 1.98115384578705 0.01013231277466 80004
7917168546438 711 -0.8289794921875 1.19124567508698 0.00616216659546 90004
5182482174632 712 2.64387822151184 2.89031600952148 -0.01684554852545 4
5487827525629 712 0.85338592529297 1.58601129055023 -0.0044960975647 10004
5791495153233 712 0.02490234375 0.22286008298397 -0.00000035762787 20004
6095162780832 712 -4.59463500976563 4.45773792266846 0.03046452999115 30004
6398830408435 712 -0.0394287109375 0.28746855258942 -0.00000047683716 40004
6702498036036 712 0.602294921875 2.27867865562439 -0.00343036651611 50004
7006165663630 712 -0.066162109375 2.11990523338318 0.00087881088257 60004
7309833291230 712 -2.78680419921875 2.37531638145447 0.01838541030884 70004
7613500918831 712 -1.70867919921875 2.01334428787231 0.01012516021729 80004
7917168546438 712 -0.915283203125 1.48383748531342 0.00616502761841 90004
5182482174632 713 2.8090980052948 3.14397978782654 -0.01796857267618 4
5487827525629 713 1.03342437744141 1.87754738330841 -0.00562036037445 10004
5791495153233 713 0.00210571289063 0.35847562551498 -0.00000095367432 20004
6095162780832 713 -4.62677001953125 4.46726655960083 0.03046429157257 30004
6398830408435 713 0.01907348632813 0.55016994476318 -0.00000047683716 40004
6702498036037 713 -0.07015991210938 0.15018567442894 0.00000095367432 50004
7006165663630 713 -0.0653076171875 2.33631825447083 0.00087761878967 60004
7309833291230 713 -3.06500244140625 2.28517460823059 0.02040195465088 70004
7613500918831 713 -1.91845703125 2.08119416236877 0.01220178604126 80004
7917168546438 713 -1.059326171875 1.75078022480011 0.00616645812988 90004
5182482174632 714 2.94291663169861 3.33963966369629 -0.01796852983534 4
5487827525629 714 1.17057800292969 2.19410872459412 -0.00674331188202 10004
5791495153233 714 -0.02935791015625 0.52955484390259 -0.00000107288361 20004
6095162780832 714 -4.63348388671875 4.47171068191528 0.0304639339447 30004
6398830408435 714 0.0616455078125 0.80352586507797 -0.00000071525574 40004
6702498036037 714 -0.1429443359375 0.31266564130783 0.00000262260437 50004
7006165663631 714 -0.03173828125 0.06803136318922 -0.00000047683716 60004
7309833291230 714 -3.33453369140625 2.14597702026367 0.02040195465088 70004
7613500918831 714 -2.10748291015625 2.12992429733276 0.01427268981934 80004
7917168546438 714 -1.22161865234375 1.97410082817078 0.00820636749268 90004
5182482174632 715 3.0587329864502 3.45337843894959 -0.01909156888723 4
5487827525629 715 1.26255035400391 2.5843551158905 -0.00786685943604 10004
5791495153233 715 -0.06391906738281 0.87565279006958 -0.00000131130219 20004
6095162780832 715 -4.65866088867188 4.48837614059448 0.03046309947968 30004
6398830408435 715 0.02044677734375 1.10324430465698 -0.0000011920929 40004
6702498036037 715 -0.20089721679688 0.46116837859154 0.00201463699341 50004
7006165663631 715 -0.1507568359375 0.32314893603325 -0.00000166893005 60004
7309833291230 715 -3.61285400390625 1.87720620632172 0.02242374420166 70004
7613500918831 715 -2.295166015625 2.12565064430237 0.01427268981934 80004
7917168546438 715 -1.44500732421875 2.18489384651184 0.00820827484131 90004
5182482174632 716 3.15177297592163 3.50279903411865 -0.02021460793912 4
5487827525630 716 -0.13782501220703 0.29574358463287 -0.00000035762787 10004
5791495153233 716 0.03414916992188 1.18505454063416 -0.00000178813934 20004
6095162780832 716 -4.8341064453125 4.51472282409668 0.03046238422394 30004
6398830408435 716 -0.12432861328125 1.34355092048645 -0.00000166893005 40004
6702498036037 716 -0.27896118164063 0.70408457517624 0.00201845169067 50004
7006165663631 716 -0.278564453125 0.55219238996506 0.00201845169067 60004
7309833291230 716 -3.72344970703125 1.71887111663818 0.02447128295898 70004
7613500918831 716 -2.53936767578125 2.15243935585022 0.01637744903564 80004
7917168546438 716 -1.71295166015625 2.32631516456604 0.01024961471558 90004
5182482174632 717 3.25191211700439 3.54390287399292 -0.02021455951035 4
5487827525630 717 -0.26596832275391 0.59564560651779 0.00203484296799 10004
5791495153233 717 0.13333129882813 1.44042658805847 -0.00000250339508 20004
6095162780832 717 -5.059326171875 4.48867177963257 0.03250563144684 30004
6398830408435 717 -0.21755981445313 1.58207523822784 0.00202465057373 40004
6702498036037 717 -0.4044189453125 0.92255836725235 0.00202202796936 50004
7006165663631 717 -0.41851806640625 0.74950724840164 0.00201296806335 60004
7309833291230 717 -3.79827880859375 1.51232147216797 0.02447652816772 70004
7613500918831 717 -2.79119873046875 2.15741014480591 0.01850938796997 80004
7917168546438 717 -1.96759033203125 2.45197129249573 0.01235628128052 90004
5182482174632 718 3.37832641601563 3.58722186088562 -0.02133755199611 4
5487827525630 718 -0.39168548583984 0.92380148172379 0.00203460454941 10004
5791495153233 718 0.2386474609375 1.67657852172852 -0.00112652778625 20004
6095162780832 718 -5.366943359375 4.39617967605591 0.03451704978943 30004
6398830408435 718 -0.25643920898438 1.8618129491806 0.00202465057373 40004
6702498036037 718 -0.60385131835938 1.1395663022995 0.00409984588623 50004
7006165663631 718 -0.5950927734375 0.94350451231003 0.00404167175293 60004
7309833291230 718 -3.85723876953125 1.20679378509521 0.02448177337646 70004
7613500918831 718 -3.08782958984375 2.13499307632446 0.02055549621582 80004
7917168546438 718 -2.24273681640625 2.58514189720154 0.01437759399414 90004
5182482174632 719 3.63968682289124 3.6043541431427 -0.022460591048 4
5487827525630 719 -0.39654541015625 1.16062641143799 0.00203448534012 10004
5791495153233 719 0.48623657226563 1.94707298278809 -0.00225174427032 20004
6095162780832 719 -5.56173706054688 4.22231340408325 0.03656899929047 30004
6398830408435 719 -0.18344116210938 2.10003995895386 0.00202202796936 40004
6702498036037 719 -0.74993896484375 1.36507868766785 0.00410175323486 50004
7006165663631 719 -0.71807861328125 1.1543345451355 0.00404071807861 60004
7309833291230 719 -4.0103759765625 0.90830671787262 0.02654314041138 70004
7613500918831 719 -3.3536376953125 2.21795272827148 0.02055931091309 80004
7917168546438 719 -2.42205810546875 2.80480551719666 0.01645231246948 90004
5182482174632 720 3.86567139625549 3.62698483467102 -0.0247066449374 4
5487827525630 720 -0.38962554931641 1.41331207752228 0.00203448534012 10004
5791495153233 720 0.73831176757813 2.16819405555725 -0.00449931621552 20004
6095162780832 720 -5.71194458007813 4.02329063415527 0.03656923770905 30004
6398830408435 720 -0.1021728515625 2.319904088974 0.00089716911316 40004
6702498036037 720 -0.8758544921875 1.5644348859787 0.0061342716217 50004
7006165663631 720 -0.85113525390625 1.33377230167389 0.00607967376709 60004
7309833291230 720 -4.14715576171875 0.66321700811386 0.02654838562012 70004
7613500918831 720 -3.60296630859375 2.24851012229919 0.02267408370972 80004
7917168546438 720 -2.5450439453125 3.0286648273468 0.01645612716675 90004
5182482174632 721 4.10438776016235 3.66452217102051 -0.02582966908813 4
5487827525630 721 -0.36292266845703 1.76377236843109 0.00203400850296 10004
5791495153233 721 1.07156372070313 2.37951064109802 -0.00674676895142 20004
6095162780832 721 -5.83883666992188 3.72816061973572 0.03656959533691 30004
6398830408435 721 0.01531982421875 2.57635188102722 0.00089430809021 40004
6702498036037 721 -1.00830078125 1.78262913227081 0.00613474845886 50004
7006165663631 721 -1.03826904296875 1.51833093166351 0.00607872009277 60004
7309833291230 721 -4.2991943359375 0.42699247598648 0.02856159210205 70004
7613500918831 721 -3.89971923828125 2.20899319648743 0.02468824386597 80004
7917168546438 721 -2.619384765625 3.32428574562073 0.0164589881897 90004
5182482174632 722 4.18882274627686 3.7050187587738 -0.02695271372795 4
5487827525630 722 -0.43975067138672 2.07956624031067 0.00203400850296 10004
5791495153234 722 -0.11297607421875 0.24229976534843 0 20004
6095162780832 722 -5.9508056640625 3.61543273925781 0.03860509395599 30004
6398830408436 722 0.1131591796875 0.24252206087112 -0.00000095367432 40004
6702498036037 722 -1.22760009765625 1.93852615356445 0.00817322731018 50004
7006165663631 722 -1.2640380859375 1.60715198516846 0.00817012786865 60004
7309833291230 722 -4.5709228515625 0.24431550502777 0.02856636047363 70004
7613500918831 722 -4.15234375 2.09731149673462 0.02668571472168 80004
7917168546438 722 -2.64739990234375 3.60563158988953 0.01646137237549 90004
5182482174632 723 4.24286031723022 3.7348005771637 -0.02695268765092 4
5487827525630 723 -0.50532531738281 2.34348297119141 0.00407046079636 10004
5791495153234 723 -0.20167541503906 0.43442717194557 0.00203347206116 20004
6095162780833 723 -0.01959228515625 0.04200207814574 -0.00000011920929 30004
6398830408436 723 0.197021484375 0.4705653488636 -0.00112438201904 40004
6702498036037 723 -1.40017700195313 2.08602857589722 0.00817370414734 50004
7006165663631 723 -1.450439453125 1.67238759994507 0.01018738746643 60004
7309833291230 723 -4.79119873046875 0.07144184410572 0.03066730499268 70004
7613500918831 723 -4.35174560546875 1.97938871383667 0.02877426147461 80004
7917168546438 723 -2.66949462890625 3.81103801727295 0.01646375656128 90004
5182482174632 724 4.28828239440918 3.75757455825806 -0.02695263922215 4
5487827525630 724 -0.57078552246094 2.69392251968384 0.00406980514526 10004
5791495153234 724 -0.26875305175781 0.58741772174835 0.00203120708466 20004
6095162780833 724 -0.11740112304688 0.25201252102852 -0.00000143051147 30004
6398830408436 724 0.2391357421875 0.80237513780594 -0.00112581253052 40004
6702498036037 724 -1.56393432617188 2.3558337688446 0.01024341583252 50004
7006165663631 724 -1.673828125 1.74643802642822 0.01018261909485 60004
7309833291230 724 -5.02056884765625 -0.24024714529514 0.03268718719482 70004
7613500918831 724 -4.5770263671875 1.75263833999634 0.02876472473145 80004
7917168546438 724 -2.70428466796875 3.97063660621643 0.01646614074707 90004
5182482174632 725 4.30412578582764 3.76948094367981 -0.0269526001066 4
5487827525631 725 0.00274658203125 0.22106765210629 0 10004
5791495153234 725 -0.32151794433594 0.78445184230804 0.00202965736389 20004
6095162780833 725 -0.33908081054688 0.4551984667778 0.00205051898956 30004
6398830408436 725 0.29815673828125 1.06310653686523 -0.00112724304199 40004
6702498036038 725 0.0201416015625 0.16983886063099 0.00000190734863 50004
7006165663631 725 -1.807373046875 1.84534883499146 0.01218223571777 60004
7309833291230 725 -5.24456787109375 -0.45221295952797 0.03268623352051 70004
7613500918831 725 -4.79638671875 1.62349104881287 0.03085517883301 80004
7917168546438 725 -2.68328857421875 4.20808076858521 0.01753759384155 90004
5182482174632 726 4.31391477584839 3.77834963798523 -0.02695258334279 4
5487827525631 726 -0.00921630859375 0.48382845520973 -0.00000011920929 10004
5791495153234 726 -0.36125183105469 1.00164711475372 0.00202751159668 20004
6095162780833 726 -0.58547973632813 0.66972035169601 0.00406670570374 30004
6398830408436 726 0.34869384765625 1.30171155929565 -0.0022509098053 40004
6702498036038 726 0.03680419921875 0.3877739906311 0.00000429153442 50004
7006165663631 726 -1.9451904296875 1.95013308525085 0.01218366622925 60004
7309833291230 726 -5.47882080078125 -0.65418469905853 0.03471803665161 70004
7613500918831 726 -5.0255126953125 1.50950193405151 0.03292846679688 80004
7917168546438 726 -2.63470458984375 4.46124029159546 0.01752901077271 90004
5182482174632 727 4.31391477584839 3.77834963798523 -0.02695255726576 4
5487827525631 727 -0.11215972900391 0.77568089962006 -0.00000029802322 10004
5791495153234 727 -0.33283996582031 1.28565955162048 0.00202393531799 20004
6095162780833 727 -0.84951782226563 0.94508129358292 0.00617051124573 30004
6398830408436 727 0.32861328125 1.45651650428772 -0.00225186347961 40004
6702498036038 727 0.012451171875 0.7244473695755 0.00000762939453 50004
7006165663631 727 -2.18359375 2.06036186218262 0.01423811912537 60004
7309833291230 727 -5.76422119140625 -0.87513601779938 0.03675317764282 70004
7613500918831 727 -5.304931640625 1.40397548675537 0.03497886657715 80004
7917168546438 727 -2.47430419921875 4.72020483016968 0.0164098739624 90004
5182482174632 728 4.32153511047363 3.77832818031311 -0.02695252746344 4
5487827525631 728 -0.12216949462891 1.05707681179047 0.00100982189178 10004
5791495153234 728 -0.28475952148438 1.56332099437714 0.00202059745789 20004
6095162780833 728 -1.05184936523438 1.21670854091644 0.00617098808289 30004
6398830408436 728 0.31875610351563 1.50709044933319 -0.00225210189819 40004
6702498036038 728 0.02114868164063 0.9280149936676 0.00001287460327 50004
7006165663631 728 -2.33575439453125 2.10014081001282 0.0142388343811 60004
7309833291230 728 -5.9517822265625 -1.14447951316834 0.03881883621216 70004
7613500918831 728 -5.518798828125 1.23640370368958 0.03497505187988 80004
7917168546438 728 -2.34814453125 4.84780025482178 0.01530122756958 90004
5182482174632 729 4.33084678649902 3.77830195426941 -0.02695250883698 4
5487827525631 729 -0.09841918945313 1.29909336566925 0.00100821256638 10004
5791495153234 729 -0.23573303222656 1.80351090431213 0.00201737880707 20004
6095162780833 729 -1.20693969726563 1.45253968238831 0.00826144218445 30004
6398830408436 729 0.313720703125 1.51484417915344 -0.00225234031677 40004
6702498036038 729 0.040283203125 1.05925142765045 0.00001811981201 50004
7006165663631 729 -2.4384765625 2.11026668548584 0.01628661155701 60004
7309833291230 729 -6.08135986328125 -1.39651966094971 0.03881788253784 70004
7613500918831 729 -5.6826171875 1.06844425201416 0.03705883026123 80004
7917168546438 729 -2.24945068359375 4.91331815719604 0.01531314849854 90004
5182482174632 730 4.38044118881226 3.75501012802124 -0.02807552181184 4
5487827525631 730 -0.20135498046875 1.5909458398819 0.00100725889206 10004
5791495153234 730 -0.21846008300781 2.11501669883728 0.0020135641098 20004
6095162780833 730 -1.50942993164063 1.63902592658997 0.01038527488708 30004
6398830408436 730 0.303466796875 1.52424025535584 -0.00225257873535 40004
6702498036038 730 0.13726806640625 1.20736396312714 0.0000205039978 50004
7006165663631 730 -2.5469970703125 2.12383508682251 0.0162878036499 60004
7309833291230 730 -6.19415283203125 -1.5947585105896 0.03881740570068 70004
7613500918831 730 -5.9586181640625 0.95460319519043 0.03906297683716 80004
7917168546438 730 -2.18194580078125 4.96232461929321 0.01420545578003 90004
5182482174632 731 4.40170669555664 3.74502205848694 -0.02807550132275 4
5487827525631 731 -0.24532318115234 1.7934045791626 0.00100654363632 10004
5791495153234 731 -0.26914978027344 2.39326214790344 0.00201177597046 20004
6095162780833 731 -1.82827758789063 1.74110114574432 0.01254236698151 30004
6398830408436 731 0.299072265625 1.52826714515686 -0.00225472450256 40004
6702498036038 731 0.29098510742188 1.39687252044678 -0.00109958648682 50004
7006165663631 731 -2.7105712890625 2.15575885772705 0.01829195022583 60004
7309833291230 731 -6.326171875 -1.84000289440155 0.04083871841431 70004
7613500918831 731 -6.17816162109375 0.79585671424866 0.03906011581421 80004
7917168546438 731 -2.044921875 5.03020095825195 0.01421880722046 90004
5182482174632 732 4.41216564178467 3.74780654907227 -0.02807549759746 4
5487827525631 732 -0.24934387207031 1.9587904214859 0.00100576877594 10004
5791495153235 732 0.00090026855469 0.01882662065327 0 20004
6095162780833 732 -2.19674682617188 1.78670191764832 0.01463437080383 30004
6398830408436 732 0.299072265625 1.52826714515686 -0.00225806236267 40004
6702498036038 732 0.50936889648438 1.65282130241394 -0.00222015380859 50004
7006165663631 732 -2.93878173828125 2.20232129096985 0.01829290390015 60004
7309833291231 732 -0.00054931640625 0.02245265059173 0 70004
7613500918831 732 -6.38214111328125 0.58534342050552 0.04110622406006 80004
7917168546438 732 -1.84027099609375 5.12177753448486 0.01198863983154 90004
5182482174632 733 4.56901931762695 3.78956747055054 -0.02919849380851 4
5487827525631 733 -0.31405639648438 2.28400564193726 0.00100499391556 10004
5791495153235 733 0.014404296875 0.30122596025467 -0.00000023841858 20004
6095162780833 733 -2.4464111328125 1.8536069393158 0.01463329792023 30004
6398830408436 733 0.299072265625 1.52826714515686 -0.00226163864136 40004
6702498036038 733 0.660888671875 1.98116838932037 -0.00334119796753 50004
7006165663631 733 -3.100830078125 2.17344284057617 0.02035665512085 60004
7309833291231 733 -0.0087890625 0.3592424094677 0.00000143051147 70004
7613500918831 733 -6.61285400390625 0.49074447154999 0.04313611984253 80004
7917168546438 733 -1.78167724609375 5.18966245651245 0.01200532913208 90004
5182482174632 734 4.65846061706543 3.84052610397339 -0.0291984602809 4
5487827525632 734 -0.102294921875 0.2194766998291 -0.00000005960464 10004
5791495153235 734 0.07279968261719 0.54859155416489 -0.00000071525574 20004
6095162780833 734 -2.55014038085938 1.87361335754395 0.01669800281525 30004
6398830408436 734 0.299072265625 1.52826714515686 -0.00226473808289 40004
6702498036038 734 0.86053466796875 2.21606707572937 -0.00446224212646 50004
7006165663631 734 -3.2066650390625 2.12834763526917 0.02035427093506 60004
7309833291231 734 -0.0626220703125 0.55303901433945 0.00000190734863 70004
7613500918831 734 -6.72991943359375 0.43518650531769 0.04313468933105 80004
7917168546438 734 -1.73419189453125 5.22189283370972 0.01201915740967 90004
5182482174632 735 4.71664094924927 3.88918972015381 -0.03032147698104 4
5487827525632 735 -0.23375701904297 0.54116255044937 0.00204038619995 10004
5791495153235 735 0.16091918945313 0.79298210144043 -0.00000166893005 20004
6095162780833 735 -2.595458984375 1.87625956535339 0.01669776439667 30004
6398830408436 735 0.2855224609375 1.54598665237427 -0.00226783752441 40004
6702498036039 735 -0.02056884765625 0.04414439946413 0.00000047683716 50004
7006165663631 735 -3.3125 2.06359148025513 0.02035045623779 60004
7309833291231 735 -0.1470947265625 0.70851558446884 0.00000333786011 70004
7613500918831 735 -6.8133544921875 0.38500499725342 0.04313135147095 80004
7917168546439 735 0.0023193359375 0.00867158826441 -0.00000047683716 90004
5182482174632 736 4.71664094924927 3.88918972015381 -0.03032147698104 4
5487827525632 736 -0.27883148193359 0.91519272327423 0.00203996896744 10004
5791495153235 736 0.3089599609375 1.03165674209595 -0.00112545490265 20004
6095162780833 736 -2.595458984375 1.87625956535339 0.01669776439667 30004
6398830408436 736 0.190673828125 1.67002320289612 -0.00226926803589 40004
6702498036039 736 -0.16455078125 0.35315516591072 0.00000166893005 50004
7006165663631 736 -3.51837158203125 1.93022632598877 0.02236890792847 60004
7309833291231 736 -0.29736328125 0.90719336271286 0.00203323364258 70004
7613500918831 736 -6.9227294921875 0.29323720932007 0.04517316818237 80004
7917168546439 736 0.0185546875 0.06937270611525 -0.00000429153442 90004
5182482174632 737 4.71664094924927 3.88918972015381 -0.03032147698104 4
5487827525632 737 -0.31642913818359 1.15430986881256 0.00203973054886 10004
5791495153235 737 0.43809509277344 1.28084874153137 -0.00225114822388 20004
6095162780833 737 -2.7193603515625 1.93322253227234 0.01669776439667 30004
6398830408436 737 0.09124755859375 1.75009417533875 -0.00024271011353 40004
6702498036039 737 -0.2564697265625 0.55230277776718 0.00200605392456 50004
7006165663631 737 -3.62542724609375 1.8263373374939 0.02236652374268 60004
7309833291231 737 -0.4752197265625 1.14697456359863 0.00203990936279 70004
7613500918831 737 -7.0699462890625 0.18344187736511 0.04516983032227 80004
7917168546439 737 0.09765625 0.20028550922871 -0.00001096725464 90004
5182482174632 738 4.71664094924927 3.88918972015381 -0.03032147698104 4
5487827525632 738 -0.34879302978516 1.29724109172821 0.00203955173492 10004
5791495153235 738 0.53164672851563 1.48074531555176 -0.00337743759155 20004
6095162780833 738 -2.88873291015625 2.02026391029358 0.01877498626709 30004
6398830408436 738 0.0189208984375 1.79472613334656 -0.0002429485321 40004
6702498036039 738 -0.306884765625 0.6939782500267 0.00200963020325 50004
7006165663631 738 -3.69000244140625 1.72950029373169 0.02438282966614 60004
7309833291231 738 -0.614990234375 1.35218548774719 0.00409460067749 70004
7613500918831 738 -7.19384765625 0.08537003397942 0.04722118377686 80004
7917168546439 738 0.1822509765625 0.34140393137932 -0.00114059448242 90004
5182482174632 739 4.71664094924927 3.88918972015381 -0.03032147698104 4
5487827525632 739 -0.4061279296875 1.37732648849487 0.00203955173492 10004
5791495153235 739 0.58204650878906 1.62247681617737 -0.00337994098663 20004
6095162780833 739 -3.22970581054688 2.24585199356079 0.02086412906647 30004
6398830408436 739 0.0189208984375 1.79472613334656 -0.0002429485321 40004
6702498036039 739 -0.3050537109375 0.92510420084 0.00201368331909 50004
7006165663631 739 -3.81268310546875 1.49660587310791 0.02438044548035 60004
7309833291231 739 -0.651611328125 1.51864695549011 0.00410175323486 70004
7613500918831 739 -7.25335693359375 -0.02334883995354 0.04721689224243 80004
7917168546439 739 0.25823974609375 0.54802042245865 -0.00114727020264 90004
5182482174632 740 4.72922086715698 3.91369342803955 -0.03032147884369 4
5487827525632 740 -0.49337005615234 1.56923747062683 0.00407576560974 10004
5791495153235 740 0.6031494140625 1.87122678756714 -0.0033802986145 20004
6095162780833 740 -3.58450317382813 2.37916779518127 0.02302014827728 30004
6398830408436 740 0.00515747070313 1.87721884250641 -0.0002429485321 40004
6702498036039 740 -0.31509399414063 1.23903954029083 0.00201773643494 50004
7006165663631 740 -3.91510009765625 1.25882863998413 0.02437901496887 60004
7309833291231 740 -0.65960693359375 1.5519392490387 0.00410842895508 70004
7613500918831 740 -7.27398681640625 -0.17174953222275 0.04721403121948 80004
7917168546439 740 0.24859619140625 0.8786563873291 -0.0011510848999 90004
5182482174633 741 0.00237237871625 0.02602629177272 0.00000000000182 4
5487827525632 741 -0.57624816894531 1.75816237926483 0.00407528877258 10004
5791495153235 741 0.64968872070313 2.12245798110962 -0.00338089466095 20004
6095162780833 741 -3.90097045898438 2.52331900596619 0.02503597736359 30004
6398830408436 741 -0.021240234375 1.99589705467224 -0.00024318695068 40004
6702498036039 741 -0.2891845703125 1.54913532733917 0.0020227432251 50004
7006165663631 741 -3.98687744140625 1.06575584411621 0.02638387680054 60004
7309833291231 741 -0.66015625 1.55834889411926 0.00411510467529 70004
7613500918831 741 -7.2760009765625 -0.36061376333237 0.04721021652222 80004
7917168546439 741 0.25048828125 1.17566466331482 -0.00115299224854 90004
5182482174633 742 0.01126877125353 0.12362457811832 0.0000000000291 4
5487827525632 742 -0.65452575683594 1.92677855491638 0.00407481193542 10004
5791495153235 742 0.79055786132813 2.3883364200592 -0.00450682640076 20004
6095162780833 742 -4.2081298828125 2.79327797889709 0.0271213054657 30004
6398830408436 742 -0.0780029296875 2.18783950805664 -0.00024366378784 40004
6702498036039 742 -0.16009521484375 1.89061093330383 0.00203084945679 50004
7006165663631 742 -4.01708984375 0.9283641576767 0.02638125419617 60004
7309833291231 742 -0.66015625 1.58238506317139 0.00412225723267 70004
7613500918831 742 -7.25738525390625 -0.68024814128876 0.04720449447632 80004
7917168546439 742 0.33380126953125 1.40178203582764 -0.00115299224854 90004
5182482174633 743 0.00063606660115 0.40265452861786 0.00000000004911 4
5487827525632 743 -0.84690093994141 2.21453070640564 0.00613856315613 10004
5791495153236 743 0.03033447265625 0.31760266423225 -0.00000071525574 20004
6095162780833 743 -4.41061401367188 2.86856961250305 0.02918076515198 30004
6398830408436 743 -0.03564453125 2.50939440727234 -0.00024366378784 40004
6702498036039 743 -0.132080078125 2.12975001335144 0.00091481208801 50004
7006165663631 743 -4.02764892578125 0.71465647220612 0.02637887001038 60004
7309833291231 743 -0.702880859375 1.72129702568054 0.00412940979004 70004
7613500918831 743 -7.34588623046875 -0.92750352621078 0.04720067977905 80004
7917168546439 743 0.4683837890625 1.7630627155304 -0.00228261947632 90004
5182482174633 744 0.08556301146746 0.73459583520889 0.00000000005821 4
5487827525633 744 0.03556823730469 0.17671552300453 0 10004
5791495153236 744 0.0400390625 0.62746465206146 -0.00000083446503 20004
6095162780833 744 -4.7298583984375 2.93682503700256 0.03123152256012 30004
6398830408437 744 0.01950073242188 0.16326323151588 -0.00000095367432 40004
6702498036039 744 -0.10983276367188 2.44118237495422 0.0009229183197 50004
7006165663631 744 -4.05657958984375 0.47448790073395 0.02637577056885 60004
7309833291231 744 -0.75909423828125 1.87438178062439 0.00413703918457 70004
7613500918831 744 -7.43646240234375 -1.20910656452179 0.04719638824463 80004
7917168546439 744 0.5703125 2.01988387107849 -0.00340223312378 90004
5182482174633 745 0.19315384328365 1.04814171791077 -0.00112304498907 4
5487827525633 745 0.08091735839844 0.47618064284325 -0.00000005960464 10004
5791495153236 745 0.06105041503906 0.9034332036972 -0.0000011920929 20004
6095162780833 745 -5.10568237304688 2.97816061973572 0.03330433368683 30004
6398830408437 745 0.0411376953125 0.4227437376976 -0.00000190734863 40004
6702498036040 745 -0.0245361328125 0.05260263383389 0.00000047683716 50004
7006165663631 745 -4.11273193359375 0.25111171603203 0.02637362480164 60004
7309833291231 745 -0.8016357421875 2.05725884437561 0.00529289245605 70004
7613500918831 745 -7.523681640625 -1.49449014663696 0.04920816421509 80004
7917168546439 745 0.67254638671875 2.19125151634216 -0.0033974647522 90004
5182482174633 746 0.1827320754528 1.30114471912384 -0.00112304382492 4
5487827525633 746 0.09030151367188 0.8936003446579 -0.00000035762787 10004
5791495153236 746 0.18624877929688 1.22149133682251 -0.00112497806549 20004
6095162780833 746 -5.50973510742188 2.91777873039246 0.03538596630096 30004
6398830408437 746 0.0301513671875 0.72242695093155 -0.00000238418579 40004
6702498036040 746 -0.147216796875 0.31561577320099 0.00000214576721 50004
7006165663631 746 -4.23907470703125 0.06620585173368 0.02637100219727 60004
7309833291231 746 -0.78326416015625 2.39574646949768 0.00530672073364 70004
7613500918831 746 -7.640869140625 -1.79226541519165 0.04920196533203 80004
7917168546439 746 0.89501953125 2.38535761833191 -0.00563907623291 90004
5182482174633 747 0.03853567317128 1.61086618900299 -0.00112304277718 4
5487827525633 747 0.23953247070313 1.2487645149231 -0.00112456083298 10004
5791495153236 747 0.36024475097656 1.48763251304626 -0.0022486448288 20004
6095162780833 747 -5.88809204101563 2.95092940330505 0.03747069835663 30004
6398830408437 747 -0.108642578125 1.03041529655457 -0.00000286102295 40004
6702498036040 747 -0.24374389648438 0.41756916046143 0.00204157829285 50004
7006165663631 747 -4.4171142578125 -0.11487897485495 0.0284366607666 60004
7309833291232 747 -0.00146484375 0.11023699492216 0.00000143051147 70004
7613500918832 747 0.05712890625 0.31328096985817 -0.00000286102295 80004
7917168546440 747 0.110595703125 0.23723548650742 -0.0000057220459 90004
5182482174633 748 -0.08197742700577 1.89532268047333 0.00092441349989 4
5487827525633 748 0.36161804199219 1.55726885795593 -0.00224876403809 10004
5791495153236 748 0.48146057128906 1.72653317451477 -0.00225162506104 20004
6095162780833 748 -6.21270751953125 2.9915463924408 0.03956067562103 30004
6398830408437 748 -0.20223999023438 1.25924944877625 0.00200986862183 40004
6702498036040 748 -0.34677124023438 0.52174538373947 0.00204491615295 50004
7006165663631 748 -4.5716552734375 -0.27773642539978 0.02843475341797 60004
7309833291232 748 -0.00244140625 0.18372832238674 0.00000190734863 70004
7613500918832 748 0.064697265625 0.63890594244003 -0.00000381469727 80004
7917168546440 748 0.251220703125 0.45147782564163 -0.00113248825073 90004
5182482174633 749 -0.17058207094669 2.24690341949463 0.00092441309243 4
5487827525633 749 0.44375610351563 1.93821942806244 -0.00225055217743 10004
5791495153236 749 0.53775024414063 2.04064059257507 -0.00337827205658 20004
6095162780833 749 -6.59158325195313 3.03756880760193 0.04165101051331 30004
6398830408437 749 -0.20907592773438 1.43476414680481 0.00200843811035 40004
6702498036040 749 -0.5201416015625 0.73029738664627 0.0040545463562 50004
7006165663631 749 -4.73492431640625 -0.48273235559464 0.03045845031738 60004
7309833291232 749 -0.00244140625 0.18372832238674 0.00000190734863 70004
7613500918832 749 -0.0421142578125 1.04760444164276 -0.00000524520874 80004
7917168546440 749 0.4852294921875 0.64777666330338 -0.00226259231567 90004
5182482174633 750 -0.29952296614647 2.58529949188232 0.00092441274319 4
5487827525633 750 0.46794128417969 2.32642865180969 -0.00225186347961 10004
5791495153236 750 0.66717529296875 2.33035922050476 -0.0033792257309 20004
6095162780833 750 -6.92184448242188 2.9614999294281 0.04374432563782 30004
6398830408437 750 -0.32394409179688 1.69860291481018 0.00200724601746 40004
6702498036040 750 -0.682861328125 0.8254012465477 0.00405836105347 50004
7006165663631 750 -4.89007568359375 -0.5776572227478 0.03045630455017 60004
7309833291232 750 -0.00244140625 0.18372832238674 0.00000190734863 70004
7613500918832 750 -0.06982421875 1.42119467258453 -0.00000524520874 80004
7917168546440 750 0.6004638671875 0.85566180944443 -0.00338125228882 90004
5182482174634 751 -0.06466445326805 0.13867336511612 -0.00000000005821 4
5487827525634 751 -0.05818176269531 0.12474797666073 0 10004
5791495153237 751 0.05191040039063 0.11140380054712 -0.00000023841858 20004
6095162780833 751 -7.26834106445313 2.92534279823303 0.04581785202026 30004
6398830408437 751 -0.42337036132813 1.97925019264221 0.00200462341309 40004
6702498036040 751 -0.90118408203125 0.88940232992172 0.00606775283813 50004
7006165663631 751 -4.9923095703125 -0.63241231441498 0.03250932693481 60004
7309833291232 751 -0.0372314453125 0.22992856800556 0.00000286102295 70004
7613500918832 751 -0.0810546875 1.81239020824432 -0.00000524520874 80004
7917168546440 751 0.73388671875 1.07966864109039 -0.00449991226196 90004
5182482174634 752 -0.2187491953373 0.48754161596298 0.00205318070948 4
5487827525634 752 -0.19469451904297 0.42726555466652 0.00200390815735 10004
5791495153237 752 0.17303466796875 0.40357542037964 -0.00000071525574 20004
6095162780833 752 -7.67306518554688 2.96095299720764 0.05001854896545 30004
6398830408437 752 -0.47235107421875 2.28702569007874 0.00402355194092 40004
6702498036040 752 -1.21731567382813 0.94152337312698 0.00810503959656 50004
7006165663631 752 -5.030517578125 -0.66321623325348 0.0325129032135 60004
7309833291232 752 -0.134521484375 0.35149559378624 0.00000381469727 70004
7613500918832 752 -0.08154296875 2.25996923446655 -0.0000057220459 80004
7917168546440 752 0.936767578125 1.33273613452911 -0.00561809539795 90004
5182482174634 753 -0.26698815822601 0.86705100536346 0.00205317954533 4
5487827525634 753 -0.20716857910156 0.59889543056488 0.00200343132019 10004
5791495153237 753 0.17303466796875 0.88701766729355 -0.00000071525574 20004
6095162780833 753 -8.06109619140625 2.83225703239441 0.05202567577362 30004
6398830408437 753 -0.38104248046875 2.65219235420227 0.00289297103882 40004
6702498036040 753 -1.53103637695313 1.00721776485443 0.01012969017029 50004
7006165663631 753 -5.1165771484375 -0.74044060707092 0.03251647949219 60004
7309833291232 753 -0.37701416015625 0.55799496173859 0.0020227432251 70004
7613500918832 753 0.013671875 2.63657283782959 -0.00000762939453 80004
7917168546440 753 1.2242431640625 1.48483169078827 -0.00785064697266 90004
5182482174634 754 -0.34734106063843 1.21419143676758 0.00205317907967 4
5487827525634 754 -0.2044677734375 0.87402331829071 0.00200295448303 10004
5791495153237 754 0.26229858398438 1.20743930339813 -0.00112462043762 20004
6095162780833 754 -8.3763427734375 2.71093678474426 0.05407094955444 30004
6398830408438 754 -0.091552734375 0.21197912096977 -0.00000023841858 40004
6702498036040 754 -1.78598022460938 1.15274560451508 0.01222491264343 50004
7006165663631 754 -5.1395263671875 -0.76103377342224 0.03251957893372 60004
7309833291232 754 -0.61077880859375 0.82203423976898 0.00411653518677 70004
7613500918833 754 0.0531005859375 0.23277044296265 -0.00000095367432 80004
7917168546440 754 1.51458740234375 1.56735575199127 -0.00895929336548 90004
5182482174634 755 -0.46434906125069 1.51842260360718 0.00205317791551 4
5487827525634 755 -0.20473480224609 1.17192721366882 0.00200247764587 10004
5791495153237 755 0.3975830078125 1.49366021156311 -0.00224888324738 20004
6095162780833 755 -8.61587524414063 2.62522792816162 0.05611681938171 30004
6398830408438 755 -0.1990966796875 0.45473966002464 0.00200438499451 40004
6702498036040 755 -2.01431274414063 1.30998027324677 0.01222777366638 50004
7006165663631 755 -5.1395263671875 -0.76103377342224 0.03252267837524 60004
7309833291232 755 -0.85235595703125 1.06647646427155 0.00627613067627 70004
7613500918833 755 0.09100341796875 0.53553181886673 -0.00000333786011 80004
7917168546440 755 1.78839111328125 1.63465642929077 -0.01119947433472 90004
5182482174634 756 -0.69546550512314 1.79052746295929 0.00414569396526 4
5487827525634 756 -0.23410797119141 1.49179935455322 0.00200206041336 10004
5791495153237 756 0.61198425292969 1.93567299842834 -0.0033745765686 20004
6095162780833 756 -8.74533081054688 2.63125944137573 0.05611765384674 30004
6398830408438 756 -0.2734375 0.59838616847992 0.00200319290161 40004
6702498036040 756 -2.2803955078125 1.44636523723602 0.01428437232971 50004
7006165663631 756 -5.1395263671875 -0.76103377342224 0.03252601623535 60004
7309833291232 756 -1.19073486328125 1.2320009469986 0.00829982757568 70004
7613500918833 756 0.02008056640625 0.86215645074844 -0.00000429153442 80004
7917168546440 756 2.06866455078125 1.75288844108582 -0.01231527328491 90004
5182482174634 757 -0.87252193689346 2.06965661048889 0.0061515183188 4
5487827525634 757 -0.27503967285156 1.66968536376953 0.0020015835762 10004
5791495153237 757 0.71563720703125 2.30243277549744 -0.00449872016907 20004
6095162780833 757 -8.87835693359375 2.59690833091736 0.05611824989319 30004
6398830408438 757 -0.298828125 0.85989832878113 0.00200223922729 40004
6702498036040 757 -2.54434204101563 1.52804028987885 0.01639771461487 50004
7006165663631 757 -5.1395263671875 -0.76103377342224 0.03252911567688 60004
7309833291232 757 -1.42803955078125 1.31625092029572 0.00829982757568 70004
7613500918833 757 -0.0604248046875 1.16174113750458 -0.00000476837158 80004
7917168546440 757 2.22943115234375 1.81648647785187 -0.01343584060669 90004
5182482174634 758 -1.01105344295502 2.34029746055603 0.00615151505917 4
5487827525634 758 -0.31802368164063 1.80286836624146 0.00200146436691 10004
5791495153238 758 -0.000244140625 0.03245683386922 0 20004
6095162780833 758 -9.03317260742188 2.56667971611023 0.05812346935272 30004
6398830408438 758 -0.3082275390625 1.1264374256134 0.00200152397156 40004
6702498036040 758 -2.76779174804688 1.59399044513702 0.01852798461914 50004
7006165663632 758 -0.0010986328125 0.00404631905258 0 60004
7309833291232 758 -1.64544677734375 1.35714685916901 0.01035165786743 70004
7613500918833 758 -0.1181640625 1.43847024440765 -0.00000476837158 80004
7917168546440 758 2.37335205078125 1.85135471820831 -0.01455783843994 90004
5182482174634 759 -1.08792734146118 2.68895697593689 0.00615150667727 4
5487827525634 759 -0.37644958496094 1.96980309486389 0.00200128555298 10004
5791495153238 759 -0.001953125 0.25965470075607 -0.00000011920929 20004
6095162780833 759 -9.37750244140625 2.60458445549011 0.060227394104 30004
6398830408438 759 -0.30780029296875 1.3770956993103 0.00200009346008 40004
6702498036040 759 -2.88357543945313 1.68849360942841 0.01852750778198 50004
7006165663632 759 -0.0087890625 0.0323705598712 -0.00000095367432 60004
7309833291232 759 -2.017578125 1.30195534229279 0.01239776611328 70004
7613500918833 759 -0.065185546875 1.76841938495636 -0.00000667572021 80004
7917168546440 759 2.67584228515625 1.82759416103363 -0.01679563522339 90004
5182482174635 760 -0.06127317622304 0.13140073418617 -0.00000000005821 4
5487827525634 760 -0.46015167236328 2.23691892623901 0.00200122594833 10004
5791495153238 760 -0.00152587890625 0.56899291276932 -0.00000035762787 20004
6095162780833 760 -9.7261962890625 2.722576379776 0.06229245662689 30004
6398830408438 760 -0.30462646484375 1.51221036911011 0.00199961662292 40004
6702498036040 760 -3.02621459960938 1.743292927742 0.01852774620056 50004
7006165663632 760 -0.0701904296875 0.12489541620016 -0.00000214576721 60004
7309833291232 760 -2.3807373046875 1.36264479160309 0.01444864273071 70004
7613500918833 760 0.01708984375 1.96149003505707 -0.00000667572021 80004
7917168546440 760 2.978515625 1.8419269323349 -0.01903629302979 90004
5182482174635 761 -0.12950393557549 0.29094123840332 -0.00000000011642 4
5487827525635 761 -0.021728515625 0.04659789055586 0 10004
5791495153238 761 0.00335693359375 0.86214011907578 -0.00000047683716 20004
6095162780833 761 -9.74887084960938 2.83911514282227 0.06373047828674 30004
6398830408438 761 -0.284912109375 1.60733032226563 0.00199818611145 40004
6702498036040 761 -3.14016723632813 1.77115523815155 0.02057552337646 50004
7006165663632 761 -0.1357421875 0.24534079432487 -0.00000286102295 60004
7309833291232 761 -2.6751708984375 1.43468773365021 0.01660537719727 70004
7613500918833 761 0.109375 2.07529234886169 -0.00001049041748 80004
7917168546440 761 3.2369384765625 1.84852612018585 -0.0201621055603 90004
5182482174635 762 -0.1782278418541 0.4879957139492 0.00200109370053 4
5487827525635 762 -0.17376708984375 0.37277147173882 -0.00000023841858 10004
5791495153238 762 0.0311279296875 1.20320069789886 -0.0000011920929 20004
6095162780833 762 -9.74887084960938 2.83911514282227 0.06373047828674 30004
6398830408438 762 -0.16827392578125 1.82868385314941 0.00199699401855 40004
6702498036040 762 -3.16921997070313 1.77160251140594 0.02057838439941 50004
7006165663632 762 -0.17999267578125 0.49743309617043 0.00199937820435 60004
7309833291232 762 -2.9375 1.40377914905548 0.01865386962891 70004
7613500918833 762 0.285400390625 2.18031811714172 -0.00113534927368 80004
7917168546440 762 3.5244140625 1.74686992168427 -0.02241086959839 90004
5182482174635 763 -0.22957098484039 0.68440437316895 0.00200109370053 4
5487827525635 763 -0.33988952636719 0.6918967962265 0.00206136703491 10004
5791495153238 763 0.04425048828125 1.54501974582672 -0.00000190734863 20004
6095162780833 763 -9.74887084960938 2.83911514282227 0.06373047828674 30004
6398830408438 763 -0.0589599609375 2.10673809051514 0.00087094306946 40004
6702498036040 763 -3.29623413085938 1.81782853603363 0.02058100700378 50004
7006165663632 763 -0.1612548828125 0.79516845941544 0.00199174880981 60004
7309833291232 763 -3.1253662109375 1.35602509975433 0.02070760726929 70004
7613500918833 763 0.567626953125 2.26790356636047 -0.00338220596313 80004
7917168546440 763 3.70751953125 1.62227189540863 -0.02352380752563 90004
5182482174635 764 -0.27681705355644 0.84651118516922 0.00200109276921 4
5487827525635 764 -0.46697235107422 0.95114231109619 0.00206112861633 10004
5791495153238 764 0.04598999023438 1.83815586566925 -0.00000202655792 20004
6095162780833 764 -9.74887084960938 2.83911514282227 0.06373047828674 30004
6398830408439 764 -0.0230712890625 0.04946713149548 0 40004
6702498036040 764 -3.45693969726563 1.86117517948151 0.02263140678406 50004
7006165663632 764 -0.12939453125 1.06640481948853 0.00086641311646 60004
7309833291232 764 -3.288818359375 1.32242071628571 0.02070760726929 70004
7613500918834 764 -0.020263671875 0.04352866113186 0 80004
7917168546440 764 3.85009765625 1.51323592662811 -0.02464199066162 90004
5182482174635 765 -0.34562748670578 1.00057697296143 0.00200109137222 4
5487827525635 765 -0.49771881103516 1.18455862998962 0.00406318902969 10004
5791495153238 765 0.0218505859375 2.17949628829956 -0.0000022649765 20004
6095162780833 765 -9.74887084960938 2.83911514282227 0.06373047828674 30004
6398830408439 765 -0.18460083007813 0.39573711156845 0.00205683708191 40004
6702498036040 765 -3.75067138671875 1.84191405773163 0.02469372749329 50004
7006165663632 765 -0.1199951171875 1.3850953578949 0.00086545944214 60004
7309833291232 765 -3.6431884765625 1.35965120792389 0.02277851104736 70004
7613500918834 765 -0.162109375 0.34822934865952 -0.00000095367432 80004
7917168546440 765 4.138916015625 1.41885793209076 -0.02575778961182 90004
5182482174635 766 -0.36389327049255 1.13013637065887 0.00200109067373 4
5487827525635 766 -0.42998504638672 1.49429655075073 0.00293934345245 10004
5791495153238 766 0.10238647460938 2.505295753479 -0.00000274181366 20004
6095162780833 766 -9.74887084960938 2.87576961517334 0.06373047828674 30004
6398830408439 766 -0.39041137695313 0.71625822782516 0.00205516815186 40004
6702498036040 766 -4.0380859375 1.85072433948517 0.02681827545166 50004
7006165663632 766 -0.1307373046875 1.70346641540527 0.0008647441864 60004
7309833291232 766 -4.0130615234375 1.36080300807953 0.02489995956421 70004
7613500918834 766 -0.28338623046875 0.62139624357224 0.00204992294312 80004
7917168546440 766 4.43438720703125 1.34742295742035 -0.02800130844116 90004
5182482174635 767 -0.37020894885063 1.2386839389801 0.00200108950958 4
5487827525635 767 -0.34851837158203 1.76210236549377 0.00293946266174 10004
5791495153239 767 0.02011108398438 0.04993085190654 -0.00000023841858 20004
6095162780834 767 -0.0185546875 0.03979048877954 -0.00000011920929 30004
6398830408439 767 -0.5821533203125 0.98165506124496 0.00407075881958 40004
6702498036040 767 -4.27435302734375 1.85249030590057 0.02682065963745 50004
7006165663632 767 -0.155029296875 1.95080518722534 0.00086402893066 60004
7309833291232 767 -4.33154296875 1.37132370471954 0.02696514129639 70004
7613500918834 767 -0.38714599609375 0.84961265325546 0.00204849243164 80004
7917168546440 767 4.68975830078125 1.3129426240921 -0.02912759780884 90004
5182482174635 768 -0.42416888475418 1.39970803260803 0.00200108648278 4
5487827525635 768 -0.31359100341797 1.93541073799133 0.00293982028961 10004
5791495153239 768 0.160888671875 0.39944684505463 -0.00000095367432 20004
6095162780834 768 -0.14822387695313 0.31832391023636 -0.00000190734863 30004
6398830408439 768 -0.80987548828125 1.28832590579987 0.00406694412231 40004
6702498036040 768 -4.503662109375 1.76465785503387 0.02889347076416 50004
7006165663632 768 -0.23040771484375 2.09095907211304 0.00085878372192 60004
7309833291232 768 -4.6802978515625 1.51136696338654 0.02900457382202 70004
7613500918834 768 -0.54949951171875 1.14436078071594 0.0041069984436 80004
7917168546440 768 4.9854736328125 1.38286912441254 -0.03136444091797 90004
5182482174635 769 -0.4645514190197 1.53876674175262 0.00200108485296 4
5487827525635 769 -0.20755767822266 2.22097754478455 0.00181633234024 10004
5791495153239 769 0.30441284179688 0.74780690670013 -0.0011248588562 20004
6095162780834 769 -0.25119018554688 0.63581699132919 0.00201570987701 30004
6398830408439 769 -0.94757080078125 1.63902318477631 0.00615692138672 40004
6702498036040 769 -4.640625 1.66606080532074 0.02889561653137 50004
7006165663632 769 -0.434814453125 2.26660823822021 0.00291657447815 60004
7309833291232 769 -4.91680908203125 1.6270033121109 0.0310959815979 70004
7613500918834 769 -0.78973388671875 1.37056469917297 0.00410318374634 80004
7917168546440 769 5.2567138671875 1.47650873661041 -0.03360033035278 90004
5182482174635 770 -0.49628272652626 1.64209508895874 0.00401507504284 4
5487827525636 770 -0.00395202636719 0.04662800580263 0 10004
5791495153239 770 0.40608215332031 1.03971552848816 -0.00224936008453 20004
6095162780834 770 -0.33297729492188 0.89444440603256 0.00201511383057 30004
6398830408439 770 -1.03045654296875 1.94000422954559 0.00615572929382 40004
6702498036040 770 -4.7257080078125 1.55304610729218 0.03092288970947 50004
7006165663633 770 0.01806640625 0.03865739703178 0 60004
7309833291232 770 -5.08587646484375 1.7141021490097 0.03313398361206 70004
7613500918834 770 -1.00836181640625 1.52718162536621 0.00614643096924 80004
7917168546440 770 5.486328125 1.55702912807465 -0.03471565246582 90004
5182482174635 771 -0.54369992017746 1.71391546726227 0.00401507271454 4
5487827525636 771 -0.0316162109375 0.37302401661873 0 10004
5791495153239 771 0.39347839355469 1.34358763694763 -0.00225102901459 20004
6095162780834 771 -0.44406127929688 1.0394526720047 0.0020147562027 30004
6398830408439 771 -1.10223388671875 2.2053337097168 0.00615453720093 40004
6702498036040 771 -4.8214111328125 1.27645766735077 0.03092527389526 50004
7006165663633 771 0.14453125 0.30925923585892 0 60004
7309833291232 771 -5.31658935546875 1.79442608356476 0.03313302993774 70004
7613500918834 771 -1.18438720703125 1.62956881523132 0.00816249847412 80004
7917168546440 771 5.7862548828125 1.60504758358002 -0.03695201873779 90004
5182482174635 772 -0.64387387037277 1.8366105556488 0.00401506759226 4
5487827525636 772 0.04112243652344 0.68594819307327 -0.00000023841858 10004
5791495153239 772 0.27992248535156 1.64248406887054 -0.00225257873535 20004
6095162780834 772 -0.55194091796875 1.25487911701202 0.0040557384491 30004
6398830408439 772 -1.298828125 2.48971319198608 0.00817227363586 40004
6702498036040 772 -4.9671630859375 1.01960432529449 0.03092741966248 50004
7006165663633 772 0.1806640625 0.59984266757965 -0.00112295150757 60004
7309833291232 772 -5.64923095703125 1.79012334346771 0.03518152236938 70004
7613500918834 772 -1.40985107421875 1.8230938911438 0.00815534591675 80004
7917168546440 772 6.06390380859375 1.60511529445648 -0.03807163238525 90004
5182482174635 773 -0.73863512277603 1.96659910678864 0.00401506619528 4
5487827525636 773 0.14974975585938 0.94310247898102 -0.00000107288361 10004
5791495153239 773 0.16903686523438 1.87537622451782 -0.00022268295288 20004
6095162780834 773 -0.6319580078125 1.47411787509918 0.00405538082123 30004
6398830408440 773 -0.0230712890625 0.04947204887867 0 40004
6702498036040 773 -5.10284423828125 0.80936634540558 0.03293514251709 50004
7006165663633 773 0.1680908203125 0.84310078620911 -0.00112318992615 60004
7309833291232 773 -5.96661376953125 1.78049743175507 0.03732395172119 70004
7613500918834 773 -1.63006591796875 2.00233602523804 0.01024150848389 80004
7917168546440 773 6.29949951171875 1.5967925786972 -0.04031896591187 90004
5182482174635 774 -0.79566013813019 2.16139841079712 0.00604103831574 4
5487827525636 774 0.34579467773438 1.20564317703247 -0.00112527608871 10004
5791495153239 774 0.162841796875 2.02135610580444 -0.00022315979004 20004
6095162780834 774 -0.65802001953125 1.79082071781158 0.00405490398407 30004
6398830408440 774 -0.18460083007813 0.39577633142471 0.00205707550049 40004
6702498036040 774 -5.22576904296875 0.58249700069427 0.03293418884277 50004
7006165663633 774 0.080078125 1.05302882194519 -0.00112390518188 60004
7309833291232 774 -6.3212890625 1.90388309955597 0.04149055480957 70004
7613500918834 774 -1.94940185546875 2.10712814331055 0.01232004165649 80004
7917168546440 774 6.60186767578125 1.63409650325775 -0.0414342880249 90004
5182482174635 775 -0.79007571935654 2.36042165756226 0.00604103598744 4
5487827525636 775 0.47212982177734 1.37416958808899 -0.00225001573563 10004
5791495153239 775 0.16107177734375 2.06306505203247 -0.00022327899933 20004
6095162780834 775 -0.5992431640625 2.05996465682983 0.00405430793762 30004
6398830408440 775 -0.30746459960938 0.75679016113281 0.00205588340759 40004
6702498036040 775 -5.277099609375 0.30478608608246 0.03293371200562 50004
7006165663633 775 0.06103515625 1.25987529754639 -0.00112509727478 60004
7309833291232 775 -6.577880859375 2.0893280506134 0.04149484634399 70004
7613500918834 775 -2.25006103515625 2.25478315353394 0.01435375213623 80004
7917168546440 775 6.81500244140625 1.72491586208344 -0.04366970062256 90004
5182482174636 776 -0.00312753976323 0.09126996994019 0 4
5487827525636 776 0.55780029296875 1.54012799263 -0.00337445735931 10004
5791495153239 776 0.16107177734375 2.06306505203247 -0.00022327899933 20004
6095162780834 776 -0.5169677734375 2.27117967605591 0.00405299663544 30004
6398830408440 776 -0.39447021484375 1.12752914428711 0.00205397605896 40004
6702498036040 776 -5.26544189453125 0.01805266737938 0.03494215011597 50004
7006165663633 776 0.046875 1.48962473869324 -0.00112652778625 60004
7309833291232 776 -6.8076171875 2.31677889823914 0.04350900650024 70004
7613500918834 776 -2.55511474609375 2.37978839874268 0.01637554168701 80004
7917168546440 776 7.00103759765625 1.8348935842514 -0.04478311538696 90004
5182482174636 777 -0.01485580671579 0.43353217840195 -0.00000000004366 4
5487827525636 777 0.61524963378906 1.81180167198181 -0.00337445735931 10004
5791495153239 777 0.16107177734375 2.06306505203247 -0.00022327899933 20004
6095162780834 777 -0.45654296875 2.39327383041382 0.00405144691467 30004
6398830408440 777 -0.433837890625 1.53503894805908 0.00205016136169 40004
6702498036040 777 -5.16107177734375 -0.25885596871376 0.03382301330566 50004
7006165663633 777 -0.02911376953125 1.80043375492096 0.00090074539185 60004
7309833291232 777 -7.0877685546875 2.60650038719177 0.04562950134277 70004
7613500918834 777 -2.91400146484375 2.40712904930115 0.01847553253174 80004
7917168546440 777 7.22259521484375 1.94670593738556 -0.04589319229126 90004
5182482174636 778 -0.05201572552323 0.75090408325195 -0.00000000008731 4
5487827525636 778 0.55034637451172 2.12621307373047 -0.00337451696396 10004
5791495153239 778 0.08331298828125 2.21295404434204 -0.0002236366272 20004
6095162780835 778 0.06744384765625 0.2357489913702 -0.0000011920929 30004
6398830408440 778 -0.40155029296875 1.91530704498291 0.0020432472229 40004
6702498036040 778 -5.04049682617188 -0.53045296669006 0.03270530700684 50004
7006165663633 778 0.019775390625 2.09302401542664 0.00089907646179 60004
7309833291232 778 -7.3251953125 2.89804530143738 0.04768800735474 70004
7613500918834 778 -3.23040771484375 2.29887199401855 0.02058935165405 80004
7917168546440 778 7.4517822265625 2.138911485672 -0.04701471328735 90004
5182482174636 779 -0.02231933735311 1.0615565776825 -0.00000000040745 4
5487827525636 779 0.41320037841797 2.41356110572815 -0.00337433815002 10004
5791495153240 779 0.01976013183594 0.04310705140233 -0.00000095367432 20004
6095162780835 779 0.17532348632813 0.45415645837784 -0.00112557411194 30004
6398830408440 779 -0.35958862304688 2.19807887077332 0.00203657150269 40004
6702498036040 779 -4.9813232421875 -0.8162025809288 0.03270816802979 50004
7006165663633 779 0.04583740234375 2.36818385124207 -0.00022554397583 60004
7309833291232 779 -7.552978515625 3.15554785728455 0.04769229888916 70004
7613500918834 779 -3.52734375 2.14513182640076 0.02261972427368 80004
7917168546440 779 7.6668701171875 2.26827526092529 -0.04926156997681 90004
5182482174636 780 0.0803524106741 1.38820099830627 -0.00000000023283 4
5487827525637 780 0.01023864746094 0.0559001788497 0 10004
5791495153240 780 0.06948852539063 0.15772722661495 -0.00000238418579 20004
6095162780835 780 0.3294677734375 0.63785248994827 -0.00112342834473 30004
6398830408441 780 0.023193359375 0.04970027133822 -0.00000047683716 40004
6702498036040 780 -4.9677734375 -1.132688164711 0.03271055221558 50004
7006165663634 780 0.00341796875 0.03032754920423 0 60004
7309833291232 780 -7.80609130859375 3.38666987419128 0.04979705810547 70004
7613500918834 780 -3.79974365234375 1.94610905647278 0.02468013763428 80004
7917168546440 780 7.876953125 2.33551812171936 -0.05038642883301 90004
5182482174636 781 0.16395449638367 1.7203106880188 0.00000000058208 4
5487827525637 781 0.08702850341797 0.47514608502388 -0.00000035762787 10004
5791495153240 781 0.16722106933594 0.4169587790966 -0.00000238418579 20004
6095162780835 781 0.48876953125 0.74158602952957 -0.00224411487579 30004
6398830408441 781 0.1971435546875 0.42245224118233 -0.0011248588562 40004
6702498036040 781 -4.83685302734375 -1.4247682094574 0.03159189224243 50004
7006165663634 781 0.029052734375 0.25778418779373 -0.00000190734863 60004
7309833291232 781 -8.16241455078125 3.57516837120056 0.05183267593384 70004
7613500918834 781 -3.905029296875 1.7692209482193 0.02467012405396 80004
7917168546440 781 8.06005859375 2.42362332344055 -0.05151033401489 90004
5182482174636 782 0.27138245105743 1.89823138713837 -0.001123044407 4
5487827525637 782 0.18247222900391 0.69788873195648 -0.00112444162369 10004
5791495153240 782 0.37077331542969 0.6485892534256 -0.00225007534027 20004
6095162780835 782 0.63006591796875 0.9381862282753 -0.00336527824402 30004
6398830408441 782 0.379638671875 0.79904729127884 -0.00224947929382 40004
6702498036040 782 -4.77719116210938 -1.71556401252747 0.03159618377686 50004
7006165663634 782 0.04962158203125 0.32821977138519 -0.00000333786011 60004
7309833291232 782 -8.3236083984375 3.73211264610291 0.05397176742554 70004
7613500918834 782 -4.05096435546875 1.50107800960541 0.02666330337524 80004
7917168546440 782 8.2833251953125 2.44262909889221 -0.05263519287109 90004
5182482174636 783 0.39668223261833 2.01422095298767 -0.00224609021097 4
5487827525637 783 0.27396392822266 0.84212720394135 -0.00112617015839 10004
5791495153240 783 0.606689453125 0.83433014154434 -0.00337564945221 20004
6095162780835 783 0.74539184570313 1.15633416175842 -0.0044891834259 30004
6398830408441 783 0.5460205078125 1.13732922077179 -0.00337386131287 40004
6702498036040 783 -4.71224975585938 -1.96309888362885 0.03047633171082 50004
7006165663634 783 0.081787109375 0.36219877004623 -0.00000476837158 60004
7309833291232 783 -8.427978515625 3.87755942344666 0.05397605895996 70004
7613500918834 783 -4.16387939453125 1.21518468856812 0.02665519714355 80004
7917168546440 783 8.4580078125 2.43351578712463 -0.05374908447266 90004
5182482174636 784 0.58828127384186 2.10713458061218 -0.00336913228966 4
5487827525637 784 0.37068176269531 0.95678502321243 -0.00225037336349 10004
5791495153240 784 0.92611694335938 0.97924810647964 -0.00562369823456 20004
6095162780835 784 0.84152221679688 1.43483865261078 -0.00449275970459 30004
6398830408441 784 0.71685791015625 1.47915887832642 -0.0044994354248 40004
6702498036040 784 -4.57171630859375 -2.17837262153625 0.03048086166382 50004
7006165663634 784 0.155029296875 0.41308653354645 -0.00000667572021 60004
7309833291232 784 -8.5433349609375 4.05712175369263 0.05398082733154 70004
7613500918834 784 -4.20416259765625 0.85725069046021 0.02664566040039 80004
7917168546440 784 8.5404052734375 2.39509224891663 -0.05486011505127 90004
5182482174636 785 0.71660900115967 2.19922018051147 -0.00449217297137 4
5487827525637 785 0.51132202148438 1.06403481960297 -0.00225228071213 10004
5791495153240 785 1.07337951660156 1.07405245304108 -0.00674700737 20004
6095162780835 785 0.91683959960938 1.69511556625366 -0.00561904907227 30004
6398830408441 785 0.81875610351563 1.86883616447449 -0.0045063495636 40004
6702498036040 785 -4.46792602539063 -2.37630724906921 0.02936148643494 50004
7006165663634 785 0.31939697265625 0.59695237874985 -0.00113248825073 60004
7309833291232 785 -8.5589599609375 4.07555818557739 0.05601215362549 70004
7613500918834 785 -4.28778076171875 0.53184527158737 0.02663707733154 80004
7917168546440 785 8.732666015625 2.31867098808289 -0.0559720993042 90004
5182482174636 786 0.84174132347107 2.36192464828491 -0.00449216132984 4
5487827525637 786 0.77866363525391 1.15767824649811 -0.00464522838593 10004
5791495153240 786 1.16651916503906 1.13509023189545 -0.00674724578857 20004
6095162780835 786 1.04385375976563 1.92911958694458 -0.00562262535095 30004
6398830408441 786 1.00143432617188 2.23333168029785 -0.00563549995422 40004
6702498036040 786 -4.366943359375 -2.55857610702515 0.02824187278748 50004
7006165663634 786 0.49114990234375 0.84813261032104 -0.00225186347961 60004
7309833291232 786 -8.563232421875 4.07903957366943 0.05600738525391 70004
7613500918834 786 -4.3677978515625 0.20557633042336 0.02862977981567 80004
7917168546440 786 8.985595703125 2.26120471954346 -0.05709314346313 90004
5182482174637 787 -0.00180262420326 0.01990626566112 0 4
5487827525637 787 1.17136383056641 1.22472846508026 -0.00689220428467 10004
5791495153240 787 1.21353149414063 1.16330289840698 -0.00674748420715 20004
6095162780835 787 1.22247314453125 2.13783574104309 -0.00787210464478 30004
6398830408442 787 0.00592041015625 0.01716625317931 0 40004
6702498036040 787 -4.25796508789063 -2.72695088386536 0.02824664115906 50004
7006165663634 787 0.6636962890625 1.14882779121399 -0.00337052345276 60004
7309833291232 787 -8.5645751953125 4.08002519607544 0.05600118637085 70004
7613500918834 787 -4.4373779296875 -0.12278062105179 0.02861976623535 80004
7917168546440 787 9.28582763671875 2.21689343452454 -0.05933809280396 90004
5182482174637 788 -0.02884190529585 0.31849944591522 -0.0000000000291 4
5487827525637 788 1.62638854980469 1.11618709564209 -0.0104079246521 10004
5791495153240 788 1.21353149414063 1.16330289840698 -0.00674748420715 20004
6095162780835 788 1.39596557617188 2.37554383277893 -0.00787210464478 30004
6398830408442 788 0.0947265625 0.27466008067131 -0.00000095367432 40004
6702498036040 788 -4.0277099609375 -2.92882823944092 0.0260055065155 50004
7006165663634 788 0.859619140625 1.36919450759888 -0.00448966026306 60004
7309833291232 788 -8.584716796875 4.09480953216553 0.0559983253479 70004
7613500918834 788 -4.45751953125 -0.48236015439034 0.02860975265503 80004
7917168546440 788 9.56304931640625 2.04517483711243 -0.06157541275024 90004
5182482174637 789 -0.14591914415359 0.58708876371384 -0.00000000023283 4
5487827525637 789 1.88679504394531 1.06862556934357 -0.0115310549736 10004
5791495153240 789 1.2615966796875 1.16717600822449 -0.00787234306335 20004
6095162780836 789 0.00082397460938 0.05401378497481 -0.00000071525574 30004
6398830408442 789 0.17718505859375 0.42677238583565 -0.00112581253052 40004
6702498036041 789 -0.07553100585938 0.16204325854778 0.0000011920929 50004
7006165663634 789 0.96954345703125 1.51936972141266 -0.00560879707336 60004
7309833291232 789 -8.6483154296875 4.11087131500244 0.05599641799927 70004
7613500918834 789 -4.4332275390625 -0.6824357509613 0.02859449386597 80004
7917168546440 789 9.74261474609375 1.97712874412537 -0.06268739700317 90004
5182482174637 790 -0.28674101829529 0.83383989334106 0.00203984440304 4
5487827525637 790 2.08353424072266 1.02980041503906 -0.01265406608582 10004
5791495153240 790 1.32023620605469 1.17190980911255 -0.00787329673767 20004
6095162780836 790 0.00778198242188 0.13872143626213 -0.00000071525574 30004
6398830408442 790 0.24957275390625 0.53179675340652 -0.00112700462341 40004
6702498036041 790 -0.18661499023438 0.37580889463425 0.00202393531799 50004
7006165663634 790 1.0400390625 1.63109397888184 -0.00560545921326 60004
7309833291233 790 0 -0 0 70004
7613500918834 790 -4.39501953125 -0.82201600074768 0.02858018875122 80004
7917168546441 790 -0.0064697265625 0.01390579994768 -0.00000047683716 90004
5182482174637 791 -0.38479951024055 1.07033479213715 0.00203984277323 4
5487827525637 791 2.48442840576172 0.78867870569229 -0.01504707336426 10004
5791495153240 791 1.32000732421875 1.17190980911255 -0.00787329673767 20004
6095162780836 791 0.0970458984375 0.41908371448517 -0.00000071525574 30004
6398830408442 791 0.2578125 0.57729506492615 -0.00112748146057 40004
6702498036041 791 -0.4681396484375 0.61150020360947 0.00202941894531 50004
7006165663634 791 1.0400390625 1.63109397888184 -0.00559830665588 60004
7309833291233 791 0 -0 0 70004
7613500918834 791 -4.36572265625 -1.00561141967773 0.02856111526489 80004
7917168546441 791 -0.103515625 0.22249275445938 -0.00000381469727 90004
5182482174637 792 -0.49924230575562 1.21425843238831 0.00409493641928 4
5487827525637 792 2.71327972412109 0.62360763549805 -0.01729363203049 10004
5791495153240 792 1.34700012207031 1.17511665821075 -0.00787329673767 20004
6095162780836 792 0.13458251953125 0.63430088758469 -0.00000154972076 30004
6398830408442 792 0.2215576171875 0.73354625701904 -0.00112819671631 40004
6702498036041 792 -0.64584350585938 0.78086221218109 0.00408220291138 50004
7006165663634 792 1.13177490234375 1.69813632965088 -0.0067150592804 60004
7309833291233 792 0 0.11712146550417 0 70004
7613500918834 792 -4.27825927734375 -1.21530532836914 0.02854347229004 80004
7917168546441 792 -0.1728515625 0.50144898891449 0.00202465057373 90004
5182482174637 793 -0.63038629293442 1.32042682170868 0.00409493362531 4
5487827525637 793 2.87560272216797 0.47758516669273 -0.01841819286346 10004
5791495153240 793 1.38690185546875 1.17685639858246 -0.00787353515625 20004
6095162780836 793 0.15225219726563 0.80783289670944 -0.00000298023224 30004
6398830408442 793 0.17446899414063 0.93666803836823 -0.00112867355347 40004
6702498036041 793 -0.7843017578125 0.93159586191177 0.00408363342285 50004
7006165663634 793 1.2489013671875 1.78837096691132 -0.00783777236938 60004
7309833291233 793 0 0.26026991009712 0 70004
7613500918834 793 -4.16741943359375 -1.43089938163757 0.02740478515625 80004
7917168546441 793 -0.22967529296875 0.79950249195099 0.00202465057373 90004
5182482174637 794 -0.9546907544136 1.42255651950836 0.00604711240157 4
5487827525637 794 3.05983734130859 0.15755379199982 -0.0195415019989 10004
5791495153240 794 1.47880554199219 1.14634001255035 -0.00899648666382 20004
6095162780836 794 0.16464233398438 0.83395916223526 -0.00000441074371 30004
6398830408442 794 0.17318725585938 1.31434857845306 -0.00112915039063 40004
6702498036041 794 -0.9697265625 1.21934449672699 0.00616502761841 50004
7006165663634 794 1.314697265625 1.90448677539825 -0.00784397125244 60004
7309833291233 794 0 0.26026991009712 0 70004
7613500918834 794 -3.963623046875 -1.69885945320129 0.02626419067383 80004
7917168546441 794 -0.27325439453125 1.15077388286591 0.00202608108521 90004
5182482174637 795 -1.23170840740204 1.60665047168732 0.00806781183928 4
5487827525637 795 3.21439361572266 -0.09568320214748 -0.02066558599472 10004
5791495153240 795 1.64193725585938 1.02995538711548 -0.0101203918457 20004
6095162780836 795 0.16961669921875 0.95607203245163 -0.00000607967377 30004
6398830408442 795 0.17684936523438 1.57056474685669 -0.0011293888092 40004
6702498036041 795 -1.21832275390625 1.44512438774109 0.00826692581177 50004
7006165663634 795 1.34039306640625 1.97413921356201 -0.00784826278687 60004
7309833291233 795 -0.019775390625 0.35747638344765 0.00000047683716 70004
7613500918834 795 -3.699951171875 -1.89551568031311 0.02400302886963 80004
7917168546441 795 -0.310791015625 1.38797736167908 0.00203275680542 90004
5182482174637 796 -1.44917452335358 1.80014884471893 0.01014407817274 4
5487827525637 796 3.33946228027344 -0.27616146206856 -0.02066558599472 10004
5791495153240 796 1.8074951171875 0.88854873180389 -0.01124632358551 20004
6095162780836 796 0.1636962890625 1.11343252658844 -0.0000079870224 30004
6398830408442 796 0.18341064453125 1.77232813835144 -0.00112962722778 40004
6702498036041 796 -1.47860717773438 1.62011981010437 0.0103452205658 50004
7006165663634 796 1.34478759765625 2.04002475738525 -0.00785136222839 60004
7309833291233 796 -0.0396728515625 0.51944708824158 0.00000238418579 70004
7613500918834 796 -3.422119140625 -2.03347444534302 0.02288627624512 80004
7917168546441 796 -0.335205078125 1.54189324378967 0.00203514099121 90004
5182482174637 797 -1.60258936882019 1.89832651615143 0.01014407537878 4
5487827525637 797 3.46505737304688 -0.3560363650322 -0.02178907394409 10004
5791495153240 797 1.853271484375 0.79495304822922 -0.01124918460846 20004
6095162780836 797 0.1142578125 1.25979709625244 -0.0000091791153 30004
6398830408442 797 0.19485473632813 2.1733603477478 -0.00113010406494 40004
6702498036041 797 -1.75921630859375 1.80497050285339 0.01034879684448 50004
7006165663634 797 1.35760498046875 2.27582669258118 -0.00785493850708 60004
7309833291233 797 -0.00762939453125 0.84316825866699 0.00000429153442 70004
7613500918834 797 -3.08062744140625 -2.142733335495 0.02064657211304 80004
7917168546441 797 -0.31689453125 1.67189276218414 0.00203943252563 90004
5182482174637 798 -1.80302309989929 2.11369347572327 0.0121902320534 4
5487827525637 798 3.58254241943359 -0.48927089571953 -0.02291345596313 10004
5791495153240 798 1.891357421875 0.75284504890442 -0.01125180721283 20004
6095162780836 798 0.0791015625 1.42787253856659 -0.0000102519989 30004
6398830408442 798 0.068603515625 2.55072426795959 -0.0011305809021 40004
6702498036041 798 -2.07205200195313 1.93632578849792 0.01239633560181 50004
7006165663635 798 0.012451171875 0.07215106487274 0 60004
7309833291233 798 0.07421875 1.21098518371582 0.00000715255737 70004
7613500918834 798 -2.72662353515625 -2.12775230407715 0.01839637756348 80004
7917168546441 798 -0.2427978515625 1.80857849121094 0.00204515457153 90004
5182482174637 799 -1.94289219379425 2.33762097358704 0.0121902320534 4
5487827525637 799 3.67795562744141 -0.60180401802063 -0.02291482686996 10004
5791495153240 799 1.91693115234375 0.73053598403931 -0.0112544298172 20004
6095162780836 799 0.0035400390625 1.60320889949799 -0.00001049041748 30004
6398830408443 799 0.040283203125 0.08627969771624 0 40004
6702498036041 799 -2.34039306640625 2.00314402580261 0.01442575454712 50004
7006165663635 799 0.019287109375 0.14686274528503 -0.0000011920929 60004
7309833291233 799 0.17919921875 1.50159311294556 -0.00111389160156 70004
7613500918834 799 -2.44537353515625 -2.07181835174561 0.01614475250244 80004
7917168546441 799 -0.1683349609375 1.97262239456177 0.00204944610596 90004
5182482174637 800 -2.03626036643982 2.66459846496582 0.01219022925943 4
5487827525637 800 3.79656982421875 -0.72202789783478 -0.02403873205185 10004
5791495153240 800 1.93893432617188 0.70702826976776 -0.01237988471985 20004
6095162780836 800 -0.2017822265625 1.89301359653473 0.00205302238464 30004
6398830408443 800 0.1812744140625 0.38825872540474 -0.00112581253052 40004
6702498036041 800 -2.68218994140625 2.01677584648132 0.0164897441864 50004
7006165663635 800 0.01416015625 0.24000114202499 -0.00000214576721 60004
7309833291233 800 0.37060546875 1.81155180931091 -0.00223588943481 70004
7613500918834 800 -2.12750244140625 -1.96199214458466 0.01389503479004 80004
7917168546441 800 -0.07177734375 2.28850769996643 0.00093126296997 90004
5182482174637 801 -2.1282970905304 2.99197101593018 0.01422739960253 4
5487827525637 801 3.81350708007813 -0.73919892311096 -0.02403873205185 10004
5791495153240 801 2.0184326171875 0.55416584014893 -0.01238203048706 20004
6095162780836 801 -0.30804443359375 2.05258393287659 0.0020524263382 30004
6398830408443 801 0.3109130859375 0.52318781614304 -0.00112819671631 40004
6702498036041 801 -2.97601318359375 1.9933454990387 0.01853060722351 50004
7006165663635 801 0.051513671875 0.366095662117 -0.000004529953 60004
7309833291233 801 0.584716796875 1.97850942611694 -0.00335693359375 70004
7613500918834 801 -1.79425048828125 -1.93084299564362 0.01164722442627 80004
7917168546442 801 0.03955078125 0.27957251667976 -0.0000057220459 90004
5182482174637 802 -2.2485511302948 3.25797319412231 0.01422739028931 4
5487827525637 802 3.85977935791016 -0.79649269580841 -0.0240393280983 10004
5791495153240 802 2.07180786132813 0.41664165258408 -0.01238262653351 20004
6095162780836 802 -0.37716674804688 2.25695848464966 0.00205194950104 30004
6398830408443 802 0.3839111328125 0.5843808054924 -0.00225162506104 40004
6702498036041 802 -3.25955200195313 1.99998688697815 0.02063655853271 50004
7006165663635 802 0.0689697265625 0.51222443580627 -0.00000619888306 60004
7309833291233 802 0.81512451171875 2.09708619117737 -0.00447797775269 70004
7613500918834 802 -1.49658203125 -1.9627468585968 0.01051139831543 80004
7917168546442 802 0.11627197265625 0.57228404283524 -0.00000953674316 90004
5182482174637 803 -2.45186877250671 3.49464893341064 0.01629705354571 4
5487827525637 803 3.99864959716797 -0.96839618682861 -0.02516406774521 10004
5791495153240 803 2.07890319824219 0.3030778169632 -0.01238214969635 20004
6095162780837 803 0 -0 0 30004
6398830408443 803 0.3839111328125 0.5843808054924 -0.00225162506104 40004
6702498036041 803 -3.6197509765625 2.0706684589386 0.02271056175232 50004
7006165663635 803 0.045166015625 0.72503268718719 -0.00000739097595 60004
7309833291233 803 1.1322021484375 2.20746088027954 -0.00671529769897 70004
7613500918834 803 -1.18035888671875 -2.08937883377075 0.00824880599976 80004
7917168546442 803 0.267333984375 0.89127379655838 -0.00114250183105 90004
5182482174637 804 -2.57584571838379 3.78505945205688 0.01629704982042 4
5487827525637 804 3.99864959716797 -0.96839618682861 -0.02516484260559 10004
5791495153240 804 2.07652282714844 0.20133952796459 -0.01238191127777 20004
6095162780837 804 0.07418823242188 0.19024589657784 -0.0000011920929 30004
6398830408443 804 0.41683959960938 0.73550647497177 -0.00225257873535 40004
6702498036041 804 -3.82366943359375 2.12570214271545 0.02476167678833 50004
7006165663635 804 -0.07940673828125 0.94268941879272 -0.00000834465027 60004
7309833291233 804 1.37445068359375 2.44308662414551 -0.00783395767212 70004
7613500918834 804 -1.03277587890625 -2.10325503349304 0.00710964202881 80004
7917168546442 804 0.4117431640625 1.16107428073883 -0.00227499008179 90004
5182482174637 805 -2.67712187767029 4.00556707382202 0.01629705168307 4
5487827525637 805 3.98107147216797 -1.06030583381653 -0.02516573667526 10004
5791495153240 805 2.07524108886719 0.14655742049217 -0.01238167285919 20004
6095162780837 805 0.12969970703125 0.40757861733437 -0.00000238418579 30004
6398830408443 805 0.52117919921875 0.93041723966599 -0.00225400924683 40004
6702498036041 805 -4.0118408203125 2.1848042011261 0.02476453781128 50004
7006165663635 805 -0.156005859375 1.17520916461945 -0.00000882148743 60004
7309833291234 805 -0.0509033203125 0.12781855463982 0.00000095367432 70004
7613500918834 805 -0.85919189453125 -2.12596750259399 0.00597143173218 80004
7917168546442 805 0.578369140625 1.41534626483917 -0.00339555740356 90004
5182482174637 806 -2.76276350021362 4.16838407516479 0.01833261549473 4
5487827525637 806 3.94770050048828 -1.30498957633972 -0.02516674995422 10004
5791495153240 806 2.07398986816406 0.14521788060665 -0.01238167285919 20004
6095162780837 806 0.16897583007813 0.6947603225708 -0.00000405311584 30004
6398830408443 806 0.73358154296875 1.20151209831238 -0.00450205802917 40004
6702498036041 806 -4.21588134765625 2.26576399803162 0.02678322792053 50004
7006165663635 806 -0.1783447265625 1.46357214450836 0.00199604034424 60004
7309833291234 806 -0.16851806640625 0.44848018884659 0.00203657150269 70004
7613500918834 806 -0.6201171875 -2.1684455871582 0.00483560562134 80004
7917168546442 806 0.79937744140625 1.68895840644836 -0.00451326370239 90004
5182482174637 807 -2.83892750740051 4.36504125595093 0.01833259500563 4
5487827525637 807 4.06237030029297 -1.75860297679901 -0.02516758441925 10004
5791495153240 807 2.05522155761719 0.12512478232384 -0.01238119602203 20004
6095162780837 807 0.21337890625 0.98124527931213 -0.00112557411194 30004
6398830408443 807 0.8868408203125 1.29419493675232 -0.00563216209412 40004
6702498036041 807 -4.53384399414063 2.44876217842102 0.02891373634338 50004
7006165663635 807 -0.18292236328125 1.75281798839569 0.00198888778687 60004
7309833291234 807 -0.151123046875 0.78475594520569 0.00205039978027 70004
7613500918834 807 -0.31707763671875 -2.27219343185425 0.00258445739746 80004
7917168546442 807 0.9998779296875 1.97831690311432 -0.00563144683838 90004
5182482174637 808 -2.99785876274109 4.55054759979248 0.01833257824183 4
5487827525637 808 4.06939697265625 -2.15929245948792 -0.02629071474075 10004
5791495153240 808 2.05036926269531 0.11976662278175 -0.01238191127777 20004
6095162780837 808 0.20654296875 1.22309172153473 -0.00112462043762 30004
6398830408443 808 1.04873657226563 1.49548876285553 -0.00563836097717 40004
6702498036041 808 -4.74530029296875 2.6776430606842 0.03096151351929 50004
7006165663635 808 -0.25225830078125 1.98939371109009 0.00198268890381 60004
7309833291234 808 -0.190185546875 0.98169153928757 0.00206089019775 70004
7613500918835 808 -0.09063720703125 0.19415788352489 0 80004
7917168546442 808 1.1324462890625 2.2514374256134 -0.00674200057983 90004
5182482174637 809 -3.16730523109436 4.71321630477905 0.02034928649664 4
5487827525637 809 4.04061126708984 -2.50118041038513 -0.02629071474075 10004
5791495153240 809 2.050537109375 0.11976662278175 -0.01238286495209 20004
6095162780837 809 0.1837158203125 1.4253089427948 -0.00112366676331 30004
6398830408443 809 1.19644165039063 1.71130681037903 -0.00676417350769 40004
6702498036041 809 -4.90005493164063 2.89774250984192 0.03096413612366 50004
7006165663635 809 -0.33551025390625 2.18426895141602 0.00197744369507 60004
7309833291234 809 -0.24322509765625 1.11278903484344 0.00206613540649 70004
7613500918835 809 -0.20159912109375 0.43146196007729 0.00204515457153 80004
7917168546443 809 0 -0 0 90004
5182482174637 810 -3.27460527420044 4.97905445098877 0.02034927718341 4
5487827525637 810 4.06411743164063 -2.90598607063293 -0.02629059553146 10004
5791495153240 810 2.02790832519531 0.0644429475069 -0.01238358020782 20004
6095162780837 810 0.05279541015625 1.63967096805573 -0.00112247467041 30004
6398830408443 810 1.46246337890625 1.86845314502716 -0.00901246070862 40004
6702498036041 810 -5.05853271484375 2.98888468742371 0.0329737663269 50004
7006165663635 810 -0.3489990234375 2.43457365036011 0.00197124481201 60004
7309833291234 810 -0.2630615234375 1.22303152084351 0.00207233428955 70004
7613500918835 810 -0.34759521484375 0.58612638711929 0.0020432472229 80004
7917168546443 810 0.0047607421875 0.13318084180355 -0.00000429153442 90004
5182482174637 811 -3.39088034629822 5.17679643630981 0.02235149033368 4
5487827525637 811 4.16558074951172 -3.28871583938599 -0.02629059553146 10004
5791495153240 811 2.00448608398438 -0.04507212713361 -0.01238465309143 20004
6095162780837 811 -0.03070068359375 1.87031650543213 0.00092589855194 30004
6398830408443 811 1.73583984375 2.01249957084656 -0.01014161109924 40004
6702498036041 811 -5.21853637695313 3.14461731910706 0.03297328948975 50004
7006165663636 811 -0.034423828125 0.07411275058985 0 60004
7309833291234 811 -0.27410888671875 1.28239285945892 0.00207853317261 70004
7613500918835 811 -0.51849365234375 0.778728723526 0.00408363342285 80004
7917168546443 811 0.038818359375 0.31019538640976 -0.00000858306885 90004
5182482174637 812 -3.5273814201355 5.3041729927063 0.02235148660839 4
5487827525637 812 4.37284088134766 -3.67312622070313 -0.02741485834122 10004
5791495153240 812 1.97842407226563 -0.23109811544418 -0.01238560676575 20004
6095162780837 812 -0.06103515625 2.13916182518005 0.00092542171478 30004
6398830408443 812 2.03875732421875 2.15116763114929 -0.01238775253296 40004
6702498036041 812 -5.39328002929688 3.39348149299622 0.03503584861755 50004
7006165663636 812 -0.11474609375 0.24704249203205 0 60004
7309833291234 812 -0.27496337890625 1.28239285945892 0.00208520889282 70004
7613500918835 812 -0.7337646484375 1.03381204605103 0.0040807723999 80004
7917168546443 812 0.1123046875 0.55589944124222 -0.00001430511475 90004
5182482174637 813 -3.65464067459106 5.61949491500854 0.02436300553381 4
5487827525637 813 4.63690948486328 -4.02091217041016 -0.02966237068176 10004
5791495153240 813 1.98867797851563 -0.40367376804352 -0.01238656044006 20004
6095162780837 813 -0.12826538085938 2.25642418861389 0.00092303752899 30004
6398830408443 813 2.21734619140625 2.33428263664246 -0.01351070404053 40004
6702498036041 813 -5.44882202148438 3.69731688499451 0.03503799438477 50004
7006165663636 813 -0.1463623046875 0.27386763691902 0 60004
7309833291234 813 -0.32537841796875 1.43519008159637 0.00209188461304 70004
7613500918835 813 -0.93798828125 1.29692053794861 0.00613117218018 80004
7917168546443 813 0.2490234375 0.71018034219742 -0.00114393234253 90004
5182482174637 814 -3.73011493682861 5.97226762771606 0.0243629924953 4
5487827525637 814 4.77979278564453 -4.30714702606201 -0.02966296672821 10004
5791495153240 814 2.01023864746094 -0.58999037742615 -0.01238799095154 20004
6095162780838 814 0.05136108398438 0.15090182423592 -0.00000095367432 30004
6398830408443 814 2.49432373046875 2.48856830596924 -0.01576137542725 40004
6702498036041 814 -5.55172729492188 4.03283929824829 0.03504061698914 50004
7006165663636 814 -0.1697998046875 0.30706453323364 0.00200057029724 60004
7309833291234 814 -0.40411376953125 1.62848508358002 0.00209951400757 70004
7613500918835 814 -1.07330322265625 1.61853849887848 0.00612306594849 80004
7917168546443 814 0.419677734375 0.87596035003662 -0.00227355957031 90004
5182482174637 815 -3.76608347892761 6.26019954681396 0.02436298504472 4
5487827525637 815 4.81015014648438 -4.50542259216309 -0.0307868719101 10004
5791495153240 815 2.03614807128906 -0.74882435798645 -0.01239085197449 20004
6095162780838 815 0.1148681640625 0.34930741786957 -0.00000178813934 30004
6398830408443 815 2.74691772460938 2.58974289894104 -0.01688671112061 40004
6702498036041 815 -5.66461181640625 4.29947328567505 0.03709435462952 50004
7006165663636 815 -0.18133544921875 0.34309419989586 0.00199604034424 60004
7309833291234 815 -0.4759521484375 1.80754864215851 0.00210523605347 70004
7613500918835 815 -1.13031005859375 1.89756953716278 0.0081262588501 80004
7917168546443 815 0.57965087890625 1.0049284696579 -0.0033974647522 90004
5182482174637 816 -3.91162323951721 6.56751489639282 0.02436297386885 4
5487827525637 816 4.72761535644531 -4.93372344970703 -0.03078752756119 10004
5791495153240 816 2.1044921875 -1.04997110366821 -0.01351344585419 20004
6095162780838 816 0.1251220703125 0.54488682746887 -0.00000250339508 30004
6398830408443 816 2.86227416992188 2.70903134346008 -0.01800942420959 40004
6702498036041 816 -5.8914794921875 4.51931810379028 0.03709650039673 50004
7006165663636 816 -0.18048095703125 0.47619137167931 0.00198936462402 60004
7309833291234 816 -0.504150390625 2.12745904922485 0.00411462783813 70004
7613500918835 816 -1.11065673828125 2.230224609375 0.00811147689819 80004
7917168546443 816 0.91204833984375 1.1051961183548 -0.00563859939575 90004
5182482174637 817 -3.96589136123657 6.76561832427979 0.026402765885 4
5487827525637 817 4.73529052734375 -5.27013969421387 -0.03078871965408 10004
5791495153240 817 2.17562866210938 -1.24384343624115 -0.01351273059845 20004
6095162780838 817 0.137939453125 0.73491960763931 -0.00000321865082 30004
6398830408443 817 2.92727661132813 2.76075100898743 -0.01800942420959 40004
6702498036041 817 -6.00991821289063 4.64744138717651 0.03920149803162 50004
7006165663636 817 -0.12890625 0.63332653045654 0.00086307525635 60004
7309833291234 817 -0.55816650390625 2.37227129936218 0.00411939620972 70004
7613500918836 817 0.0596923828125 0.17420177161694 0 80004
7917168546443 817 1.1878662109375 1.11800622940063 -0.00675296783447 90004
5182482174637 818 -3.97088503837585 6.9570460319519 0.02640275284648 4
5487827525637 818 4.81554412841797 -5.66761827468872 -0.03078973293304 10004
5791495153240 818 2.27720642089844 -1.43086993694305 -0.01463544368744 20004
6095162780838 818 0.15777587890625 0.99531608819962 -0.00000488758087 30004
6398830408443 818 2.97900390625 2.78050374984741 -0.0191330909729 40004
6702498036041 818 -6.09085083007813 4.75492382049561 0.03920578956604 50004
7006165663636 818 -0.017822265625 0.87079411745071 0.0008602142334 60004
7309833291234 818 -0.65338134765625 2.65514802932739 0.00412559509277 70004
7613500918836 818 0.18902587890625 0.55163890123367 -0.0011248588562 80004
7917168546443 818 1.5289306640625 1.0681734085083 -0.00898742675781 90004
5182482174637 819 -3.98144316673279 7.00378847122192 0.02640272676945 4
5487827525637 819 4.92377471923828 -6.09063196182251 -0.03079092502594 10004
5791495153240 819 2.30964660644531 -1.71563172340393 -0.01463735103607 20004
6095162780838 819 0.17477416992188 1.18038403987885 -0.00000607967377 30004
6398830408443 819 3.14053344726563 2.92163443565369 -0.01913833618164 40004
6702498036041 819 -6.28073120117188 4.86120843887329 0.04121136665344 50004
7006165663636 819 0.00897216796875 1.0987423658371 0.00085806846619 60004
7309833291235 819 -0.047607421875 0.10189701616764 0.00000143051147 70004
7613500918836 819 0.19580078125 0.93828141689301 -0.00112581253052 80004
7917168546443 819 1.8968505859375 1.02385056018829 -0.01122522354126 90004
5182482174637 820 -4.0171537399292 7.10407161712646 0.02640271373093 4
5487827525637 820 4.98074340820313 -6.48423290252686 -0.03191488981247 10004
5791495153240 820 2.37947082519531 -1.95851743221283 -0.01463901996613 20004
6095162780838 820 0.19903564453125 1.38897275924683 -0.00112771987915 30004
6398830408443 820 3.3231201171875 3.10091948509216 -0.02138900756836 40004
6702498036041 820 -6.5224609375 4.94830179214478 0.04121351242065 50004
7006165663636 820 0.0389404296875 1.33782339096069 0.00085711479187 60004
7309833291235 820 -0.0743408203125 0.17841392755508 0.00000286102295 70004
7613500918836 820 0.13916015625 1.30656266212463 -0.00112676620483 80004
7917168546443 820 2.176513671875 0.95702600479126 -0.01346302032471 90004
5182482174637 821 -4.08862209320068 7.30279684066772 0.02640270441771 4
5487827525637 821 4.97298431396484 -6.93709850311279 -0.03191524744034 10004
5791495153240 821 2.51864624023438 -2.20781493186951 -0.01576447486877 20004
6095162780838 821 0.22998046875 1.68823933601379 -0.00112557411194 30004
6398830408443 821 3.56906127929688 3.35965633392334 -0.02251768112183 40004
6702498036041 821 -6.87933349609375 5.02350997924805 0.04325771331787 50004
7006165663636 821 0.08624267578125 1.65352666378021 -0.00026845932007 60004
7309833291235 821 -0.0799560546875 0.24219231307507 0.00000381469727 70004
7613500918836 821 0.0115966796875 1.74726140499115 -0.00112819671631 80004
7917168546443 821 2.41021728515625 0.84013724327087 -0.01458263397217 90004
5182482174637 822 -4.10161733627319 7.37225103378296 0.02640270069242 4
5487827525637 822 4.79845428466797 -7.32249546051025 -0.03191524744034 10004
5791495153240 822 2.61883544921875 -2.51954102516174 -0.01576662063599 20004
6095162780838 822 0.142822265625 1.96704077720642 -0.00112438201904 30004
6398830408443 822 3.81851196289063 3.58105325698853 -0.0236451625824 40004
6702498036041 822 -7.21475219726563 4.95546436309814 0.04540395736694 50004
7006165663636 822 0.09051513671875 1.95164263248444 -0.00026941299438 60004
7309833291235 822 -0.1226806640625 0.42787998914719 0.00000524520874 70004
7613500918836 822 0.0201416015625 2.17677283287048 -0.00112962722778 80004
7917168546443 822 2.54779052734375 0.67442917823792 -0.01569890975952 90004
5182482174637 823 -4.10625696182251 7.39705610275269 0.02640267461538 4
5487827525637 823 4.62865447998047 -7.55234336853027 -0.02988106012344 10004
5791495153241 823 0.06646728515625 0.14253753423691 0 20004
6095162780838 823 0.02728271484375 2.15909099578857 -0.00112318992615 30004
6398830408443 823 3.96414184570313 3.79121851921082 -0.02477145195007 40004
6702498036041 823 -7.476806640625 4.89543390274048 0.04740905761719 50004
7006165663636 823 0.125 2.18154549598694 -0.00027132034302 60004
7309833291235 823 -0.130615234375 0.62399983406067 0.00000858306885 70004
7613500918837 823 -0.018310546875 0.15144522488117 -0.00000047683716 80004
7917168546443 823 2.7064208984375 0.50035834312439 -0.01681613922119 90004
5182482174637 824 -4.1058349609375 7.40412187576294 0.02640261873603 4
5487827525638 824 0.00783538818359 0.01680343784392 -0.00000011920929 10004
5791495153241 824 0.2215576171875 0.50133734941483 -0.00112390518188 20004
6095162780839 824 0.01083374023438 0.02323941141367 0 30004
6398830408443 824 4.10769653320313 4.11788368225098 -0.02589845657349 40004
6702498036041 824 -7.83316040039063 4.81668996810913 0.04955744743347 50004
7006165663637 824 -0.008544921875 0.02177696116269 0 60004
7309833291235 824 -0.1220703125 0.94835358858109 0.00001287460327 70004
7613500918837 824 -0.07452392578125 0.52639108896255 -0.00000143051147 80004
7917168546443 824 2.9705810546875 0.20715340971947 -0.01905536651611 90004
5182482174637 825 -4.0995078086853 7.51010847091675 0.02640262246132 4
5487827525638 825 0.1253662109375 0.26883459091187 -0.00000035762787 10004
5791495153241 825 0.2215576171875 0.89451968669891 -0.00112569332123 20004
6095162780839 825 0.17333984375 0.37183052301407 -0.00000143051147 30004
6398830408443 825 4.28073120117188 4.42954206466675 -0.027019739151 40004
6702498036041 825 -8.19351196289063 4.88602685928345 0.05169987678528 50004
7006165663637 825 -0.13671875 0.34843143820763 -0.00000095367432 60004
7309833291235 825 -0.25079345703125 1.27056038379669 0.00206279754639 70004
7613500918837 825 -0.27734375 0.84999603033066 0.00202989578247 80004
7917168546443 825 3.09967041015625 -0.16978617012501 -0.01905822753906 90004
5182482174637 826 -4.11527490615845 7.5824933052063 0.02640261501074 4
5487827525638 826 0.15670776367188 0.54069399833679 -0.00000059604645 10004
5791495153241 826 0.24322509765625 1.2605904340744 -0.00112640857697 20004
6095162780839 826 0.4132080078125 0.62961101531982 -0.00224530696869 30004
6398830408443 826 4.51959228515625 4.65189695358276 -0.02814555168152 40004
6702498036041 826 -8.53341674804688 4.92365217208862 0.055743932724 50004
7006165663637 826 -0.33935546875 0.59691762924194 0.0020387172699 60004
7309833291235 826 -0.31451416015625 1.44752943515778 0.0020694732666 70004
7613500918837 826 -0.403564453125 1.1803240776062 0.002028465271 80004
7917168546443 826 3.26898193359375 -0.49909228086472 -0.0201849937439 90004
5182482174637 827 -4.13746738433838 7.6501088142395 0.0264026094228 4
5487827525638 827 0.12452697753906 0.81436794996262 -0.00000059604645 10004
5791495153241 827 0.23765563964844 1.59558725357056 -0.0011271238327 20004
6095162780839 827 0.65084838867188 0.85946625471115 -0.00336647033691 30004
6398830408443 827 4.75384521484375 4.79904508590698 -0.03039693832397 40004
6702498036041 827 -8.81378173828125 4.93939733505249 0.05574464797974 50004
7006165663637 827 -0.53350830078125 0.82362693548203 0.00410389900208 60004
7309833291235 827 -0.33941650390625 1.57503437995911 0.00207710266113 70004
7613500918837 827 -0.51312255859375 1.46683287620544 0.00408458709717 80004
7917168546443 827 3.40972900390625 -0.78913080692291 -0.02131175994873 90004
5182482174637 828 -4.16273832321167 7.7754168510437 0.02640260383487 4
5487827525638 828 -0.04710388183594 1.18242740631104 -0.00000071525574 10004
5791495153241 828 0.09239196777344 1.98902785778046 -0.0011271238327 20004
6095162780839 828 0.870849609375 1.20630574226379 -0.00449192523956 30004
6398830408443 828 4.97454833984375 4.84118986129761 -0.03152418136597 40004
6702498036041 828 -9.00906372070313 4.92131567001343 0.05778837203979 50004
7006165663637 828 -0.67022705078125 1.17205810546875 0.00410270690918 60004
7309833291235 828 -0.31597900390625 1.76947522163391 0.0020923614502 70004
7613500918837 828 -0.71331787109375 1.69336867332459 0.00407886505127 80004
7917168546443 828 3.44097900390625 -1.11579608917236 -0.021315574646 90004
5182482174637 829 -4.20427465438843 8.0527868270874 0.02640260383487 4
5487827525638 829 -0.18588256835938 1.53685307502747 0.00202190876007 10004
5791495153241 829 0.10830688476563 2.31346440315247 -0.0011271238327 20004
6095162780839 829 1.17135620117188 1.41206955909729 -0.00674176216125 30004
6398830408443 829 5.19308471679688 4.99108362197876 -0.03265619277954 40004
6702498036041 829 -9.36349487304688 4.9029688835144 0.05983209609985 50004
7006165663637 829 -0.79669189453125 1.39404654502869 0.00410151481628 60004
7309833291235 829 -0.32733154296875 1.82322251796722 0.00210046768188 70004
7613500918837 829 -0.9462890625 1.98699951171875 0.00611925125122 80004
7917168546443 829 3.48968505859375 -1.22565901279449 -0.02243661880493 90004
5182482174637 830 -4.31295251846313 8.36680126190186 0.02845745906234 4
5487827525638 830 -0.26010894775391 1.90654563903809 0.00202143192291 10004
5791495153242 830 -0.07278442382813 0.15617802739143 -0.00000011920929 20004
6095162780839 830 1.4578857421875 1.65354526042938 -0.00898873806 30004
6398830408443 830 5.39645385742188 5.07627058029175 -0.03378868103027 40004
6702498036041 830 -9.72775268554688 4.92814159393311 0.06188011169434 50004
7006165663637 830 -0.879638671875 1.68781816959381 0.00612664222717 60004
7309833291235 830 -0.31085205078125 1.99573719501495 0.00211191177368 70004
7613500918837 830 -1.093505859375 2.32951259613037 0.00611114501953 80004
7917168546443 830 3.5770263671875 -1.36940288543701 -0.02242755889893 90004
5182482174638 831 -0.00168575311545 0.02788826450706 -0.00000000000091 4
5487827525638 831 -0.30894470214844 2.22879505157471 0.00202107429504 10004
5791495153242 831 -0.1763916015625 0.38829866051674 0.00203120708466 20004
6095162780839 831 1.68963623046875 1.875483751297 -0.01011157035828 30004
6398830408443 831 5.57464599609375 5.11435461044312 -0.03491640090942 40004
6702498036041 831 -9.74884033203125 4.93142652511597 0.06373047828674 50004
7006165663637 831 -0.92633056640625 1.9879105091095 0.00612568855286 60004
7309833291235 831 -0.27947998046875 2.22199034690857 0.00212478637695 70004
7613500918838 831 -0.0172119140625 0.03723586350679 -0.00000047683716 80004
7917168546443 831 3.68182373046875 -1.52194654941559 -0.02354431152344 90004
5182482174638 832 -0.01517175510526 0.25099405646324 -0.00000000004366 4
5487827525638 832 -0.51096343994141 2.5810489654541 0.00407063961029 10004
5791495153242 832 -0.29364013671875 0.71845597028732 0.00202894210815 20004
6095162780839 832 1.94305419921875 2.06130528450012 -0.0123575925827 30004
6398830408443 832 5.86810302734375 5.20317602157593 -0.03715920448303 40004
6702498036041 832 -9.74884033203125 4.93142652511597 0.06373047828674 50004
7006165663637 832 -0.98297119140625 2.3551971912384 0.00612473487854 60004
7309833291235 832 -0.24334716796875 2.51950621604919 0.00214004516602 70004
7613500918838 832 -0.1549072265625 0.33512273430824 -0.00000095367432 80004
7917168546443 832 3.85955810546875 -1.71162283420563 -0.02465391159058 90004
5182482174638 833 -0.02863061800599 0.62154573202133 -0.00000000011642 4
5487827525639 833 -0.11460113525391 0.24590991437435 -0.00000005960464 10004
5791495153242 833 -0.44766235351563 0.98245292901993 0.00202703475952 20004
6095162780839 833 2.12283325195313 2.35431027412415 -0.01348114013672 30004
6398830408443 833 6.06723022460938 5.35966444015503 -0.03828573226929 40004
6702498036042 833 -0.1190185546875 0.25556963682175 0.0000011920929 50004
7006165663638 833 0.123779296875 0.26526388525963 -0.00000238418579 60004
7309833291236 833 -0.035888671875 0.12625639140606 0.00000095367432 70004
7613500918838 833 -0.27099609375 0.69492405653 0.0020489692688 80004
7917168546443 833 3.97332763671875 -1.98129594326019 -0.02465057373047 90004
5182482174638 834 -0.04376493394375 0.99582856893539 -0.00000000017462 4
5487827525639 834 -0.21687316894531 0.51990133523941 0.00204926729202 10004
5791495153242 834 -0.57777404785156 1.19721758365631 0.00404953956604 20004
6095162780839 834 2.24163818359375 2.59525060653687 -0.01348316669464 30004
6398830408443 834 6.27969360351563 5.51429986953735 -0.03941249847412 40004
6702498036042 834 -0.1986083984375 0.5434450507164 0.00203037261963 50004
7006165663638 834 0.22430419921875 0.5003674030304 -0.00112724304199 60004
7309833291236 834 -0.11627197265625 0.27534711360931 0.00000190734863 70004
7613500918838 834 -0.4144287109375 1.02724325656891 0.00204706192017 80004
7917168546443 834 4.06243896484375 -2.20626664161682 -0.02576446533203 90004
5182482174638 835 -0.05461382865906 1.46040499210358 -0.00000000040745 4
5487827525639 835 -0.29617309570313 0.87247198820114 0.00204879045486 10004
5791495153242 835 -0.70681762695313 1.40932059288025 0.0040488243103 20004
6095162780839 835 2.3001708984375 2.77851700782776 -0.014608502388 30004
6398830408443 835 6.61526489257813 5.69194316864014 -0.04166126251221 40004
6702498036042 835 -0.20443725585938 0.91881394386292 0.00203490257263 50004
7006165663638 835 0.2930908203125 0.69454109668732 -0.00113010406494 60004
7309833291236 835 -0.29443359375 0.48978969454765 0.00205993652344 70004
7613500918838 835 -0.64910888671875 1.39296662807465 0.00410938262939 80004
7917168546443 835 4.153564453125 -2.40183067321777 -0.02575492858887 90004
5182482174638 836 0.11049506813288 1.86620378494263 0 4
5487827525639 836 -0.32009124755859 1.20850098133087 0.00204837322235 10004
5791495153242 836 -0.96730041503906 1.60945928096771 0.00605392456055 20004
6095162780839 836 2.3001708984375 2.77851700782776 -0.01461029052734 30004
6398830408443 836 6.96612548828125 5.75957059860229 -0.04391503334045 40004
6702498036042 836 -0.28500366210938 1.26204347610474 0.00203919410706 50004
7006165663638 836 0.5146484375 0.98540788888931 -0.00224757194519 60004
7309833291236 836 -0.4171142578125 0.78504014015198 0.00206756591797 70004
7613500918838 836 -0.68115234375 1.60141003131866 0.00410747528076 80004
7917168546443 836 4.25701904296875 -2.59047937393188 -0.0268702507019 90004
5182482174638 837 0.2504657804966 2.14534449577332 -0.00112304557115 4
5487827525639 837 -0.24567413330078 1.50935935974121 0.00204813480377 10004
5791495153242 837 -1.13760375976563 1.85710072517395 0.0080738067627 20004
6095162780839 837 2.29315185546875 2.82267928123474 -0.01461136341095 30004
6398830408443 837 7.25189208984375 5.91722726821899 -0.0461630821228 40004
6702498036042 837 -0.25888061523438 1.58356428146362 0.00204563140869 50004
7006165663638 837 0.6256103515625 1.30124092102051 -0.00336623191833 60004
7309833291236 837 -0.562744140625 1.1209557056427 0.00413274765015 70004
7613500918838 837 -0.6158447265625 1.9097067117691 0.00410413742065 80004
7917168546443 837 4.4342041015625 -2.85970878601074 -0.027991771698 90004
5182482174639 838 -0.03146529942751 0.06747753918171 0 4
5487827525639 838 -0.16318511962891 1.7884087562561 0.00204658508301 10004
5791495153242 838 -1.24003601074219 2.0842456817627 0.00807309150696 20004
6095162780839 838 2.2861328125 2.86684155464172 -0.01461184024811 30004
6398830408443 838 7.47955322265625 6.0636134147644 -0.04728555679321 40004
6702498036042 838 -0.21475219726563 1.87430346012115 0.00205183029175 50004
7006165663638 838 0.66668701171875 1.61189210414886 -0.00336194038391 60004
7309833291236 838 -0.68206787109375 1.46207845211029 0.00413942337036 70004
7613500918838 838 -0.48907470703125 2.22247982025146 0.00410032272339 80004
7917168546443 838 4.59661865234375 -3.15720915794373 -0.02911996841431 90004
5182482174639 839 -0.18877294659615 0.40485271811485 0.00202340004034 4
5487827525639 839 -0.15471649169922 2.12751507759094 0.00204479694366 10004
5791495153242 839 -1.24713134765625 2.24833607673645 0.00807201862335 20004
6095162780839 839 2.2861328125 2.86684155464172 -0.01461184024811 30004
6398830408443 839 7.65487670898438 6.09743070602417 -0.04840993881226 40004
6702498036042 839 -0.23214721679688 2.17803406715393 0.00205588340759 50004
7006165663638 839 0.6126708984375 1.97380614280701 -0.00335955619812 60004
7309833291236 839 -0.714111328125 1.88178157806396 0.00414705276489 70004
7613500918838 839 -0.2244873046875 2.52278709411621 0.00184965133667 80004
7917168546443 839 4.66070556640625 -3.5500955581665 -0.02912473678589 90004
5182482174639 840 -0.209751740098 0.74768787622452 0.00202340004034 4
5487827525639 840 -0.03537750244141 2.41702914237976 0.00092017650604 10004
5791495153242 840 -1.23507690429688 2.3016345500946 0.00807118415833 20004
6095162780839 840 2.2396240234375 2.94806027412415 -0.01461267471313 30004
6398830408443 840 7.67825317382813 6.10193967819214 -0.04840993881226 40004
6702498036042 840 -0.18026733398438 2.49510931968689 0.0020649433136 50004
7006165663638 840 0.597412109375 2.31463241577148 -0.00335717201233 60004
7309833291236 840 -0.6004638671875 2.25261759757996 0.00415945053101 70004
7613500918839 840 -0.02197265625 0.2712921500206 -0.00000095367432 80004
7917168546443 840 4.67034912109375 -3.92112398147583 -0.02912712097168 90004
5182482174639 841 -0.17317613959312 1.11610341072083 0.00202340027317 4
5487827525640 841 0.06996154785156 0.16912287473679 -0.00000035762787 10004
5791495153243 841 0 -0 0 20004
6095162780839 841 2.15457153320313 3.1034517288208 -0.01461338996887 30004
6398830408443 841 7.70730590820313 6.11507081985474 -0.04953336715698 40004
6702498036043 841 -0.04721069335938 0.1468244343996 0.00000047683716 50004
7006165663639 841 -0.03546142578125 0.18012619018555 -0.00000023841858 60004
7309833291237 841 0.0692138671875 0.14833456277847 0 70004
7613500918839 841 -0.060546875 0.60909938812256 -0.00000190734863 80004
7917168546443 841 4.64471435546875 -4.31771945953369 -0.02912902832031 90004
5182482174639 842 -0.09366903454065 1.45453977584839 0.00090035324683 4
5487827525640 842 0.20458221435547 0.50891411304474 -0.00112450122833 10004
5791495153243 842 0.00717163085938 0.01737555675209 0 20004
6095162780839 842 2.04949951171875 3.29687190055847 -0.01258552074432 30004
6398830408444 842 0.004150390625 0.00911518372595 0 40004
6702498036043 842 -0.13494873046875 0.46356856822968 0.00000214576721 50004
7006165663639 842 -0.1279296875 0.5598435997963 -0.0000011920929 60004
7309833291237 842 0.2105712890625 0.46878743171692 -0.0011191368103 70004
7613500918839 842 -0.1021728515625 0.9458424448967 -0.00000286102295 80004
7917168546443 842 4.59112548828125 -4.71252775192261 -0.02913093566895 90004
5182482174639 843 -0.00103594572283 1.63847589492798 0.00090035318863 4
5487827525640 843 0.24181365966797 0.71479773521423 -0.00112646818161 10004
5791495153243 843 0.06454467773438 0.15638001263142 -0.00000071525574 20004
6095162780839 843 2.01190185546875 3.34001231193542 -0.01258540153503 30004
6398830408444 843 0.037353515625 0.08203665912151 -0.00000143051147 40004
6702498036043 843 -0.13543701171875 0.81612950563431 0.00000405311584 50004
7006165663639 843 -0.34002685546875 0.92142254114151 0.00201749801636 60004
7309833291237 843 0.3131103515625 0.82858389616013 -0.00111627578735 70004
7613500918839 843 -0.0797119140625 1.30802130699158 -0.00000381469727 80004
7917168546443 843 4.54327392578125 -5.13480710983276 -0.02913284301758 90004
5182482174639 844 0.01497960183769 1.80833327770233 0.00090035353787 4
5487827525640 844 0.43087768554688 1.00217974185944 -0.00225096940994 10004
5791495153243 844 0.10028076171875 0.23738807439804 -0.00000166893005 20004
6095162780839 844 1.95205688476563 3.37007331848145 -0.01258540153503 30004
6398830408444 844 0.089111328125 0.29442423582077 -0.00000238418579 40004
6702498036043 844 -0.014892578125 1.12005639076233 0.00000643730164 50004
7006165663639 844 -0.48638916015625 1.28544092178345 0.00401520729065 60004
7309833291237 844 0.40765380859375 1.16630387306213 -0.00223731994629 70004
7613500918839 844 -0.17376708984375 1.63187921047211 0.00201320648193 80004
7917168546443 844 4.64520263671875 -5.51154565811157 -0.02913522720337 90004
5182482174639 845 0.01736891455948 1.88741552829742 0.00090035359608 4
5487827525640 845 0.63069152832031 1.35582888126373 -0.00337493419647 10004
5791495153243 845 0.11566162109375 0.27165165543556 -0.00000321865082 20004
6095162780839 845 1.8948974609375 3.38895893096924 -0.01258504390717 30004
6398830408444 845 0.13479614257813 0.60842806100845 -0.00000429153442 40004
6702498036043 845 0.17666625976563 1.41258215904236 -0.00111413002014 50004
7006165663639 845 -0.5408935546875 1.63402688503265 0.00401401519775 60004
7309833291237 845 0.45660400390625 1.53430485725403 -0.0022349357605 70004
7613500918839 845 -0.20654296875 1.98493432998657 0.00200891494751 80004
7917168546443 845 4.7762451171875 -5.78025436401367 -0.03025341033936 90004
5182482174639 846 0.01736891455948 1.88741552829742 0.00090035359608 4
5487827525640 846 0.7535400390625 1.64201378822327 -0.00449770689011 10004
5791495153243 846 0.1236572265625 0.28568342328072 -0.00000500679016 20004
6095162780839 846 1.861328125 3.39580655097961 -0.01258480548859 30004
6398830408444 846 0.15045166015625 0.88547897338867 -0.0000057220459 40004
6702498036043 846 0.36572265625 1.62676787376404 -0.00223231315613 50004
7006165663639 846 -0.50579833984375 1.89769339561462 0.00401186943054 60004
7309833291237 846 0.4732666015625 1.81288170814514 -0.00223350524902 70004
7613500918839 846 -0.1708984375 2.27692818641663 0.00200510025024 80004
7917168546443 846 4.9119873046875 -5.91951513290405 -0.03136730194092 90004
5182482174639 847 0.01736891455948 1.88741552829742 0.00090035359608 4
5487827525640 847 0.75445556640625 1.83809041976929 -0.00449776649475 10004
5791495153243 847 0.18362426757813 0.39092168211937 -0.00113022327423 20004
6095162780839 847 1.861328125 3.39580655097961 -0.01258480548859 30004
6398830408444 847 0.08407592773438 1.08832371234894 -0.00000643730164 40004
6702498036043 847 0.62298583984375 1.83430290222168 -0.00335240364075 50004
7006165663639 847 -0.3382568359375 2.25348711013794 0.00288653373718 60004
7309833291237 847 0.55291748046875 1.9738267660141 -0.00335311889648 70004
7613500918839 847 -0.08367919921875 2.60561323165894 0.00087833404541 80004
7917168546443 847 5.265380859375 -6.09980964660645 -0.03360414505005 90004
5182482174639 848 0.03903087973595 1.94408059120178 -0.00022269321198 4
5487827525640 848 0.71023559570313 2.04343104362488 -0.0044978260994 10004
5791495153243 848 0.1983642578125 0.44492903351784 -0.0011305809021 20004
6095162780839 848 1.861328125 3.39580655097961 -0.01258480548859 30004
6398830408444 848 0.0360107421875 1.29708218574524 -0.00000739097595 40004
6702498036043 848 0.7908935546875 2.11325764656067 -0.00447344779968 50004
7006165663640 848 -0.04248046875 0.24950821697712 -0.00000071525574 60004
7309833291237 848 0.598876953125 2.28499412536621 -0.00335025787354 70004
7613500918840 848 0.06005859375 0.24966882169247 -0.00000286102295 80004
7917168546443 848 5.6517333984375 -6.16979455947876 -0.03598642349243 90004
5182482174639 849 0.05347689241171 1.98186945915222 -0.00022269302281 4
5487827525640 849 0.70796203613281 2.30863642692566 -0.00449770689011 10004
5791495153243 849 0.22454833984375 0.54755043983459 -0.00113093852997 20004
6095162780839 849 1.790283203125 3.42522215843201 -0.01258456707001 30004
6398830408444 849 0.00347900390625 1.43244647979736 -0.00000762939453 40004
6702498036043 849 0.92291259765625 2.31587195396423 -0.00559258460999 50004
7006165663640 849 -0.084716796875 0.54164117574692 -0.00000166893005 60004
7309833291238 849 -0.0322265625 0.06935074925423 0.00000095367432 70004
7613500918840 849 0.1162109375 0.47822490334511 -0.0000057220459 80004
7917168546443 849 5.97430419921875 -6.24525499343872 -0.03822946548462 90004
5182482174639 850 0.05347689241171 1.98186945915222 -0.00022269302281 4
5487827525641 850 -0.01051330566406 0.03041356429458 0 10004
5791495153243 850 0.28805541992188 0.75239372253418 -0.00113189220428 20004
6095162780840 850 0.0050048828125 0.01119227800518 0 30004
6398830408444 850 -0.01849365234375 1.48795795440674 -0.00000834465027 40004
6702498036044 850 -0.00091552734375 0.04773506894708 0.00000023841858 50004
7006165663640 850 -0.136962890625 0.87242966890335 -0.00000238418579 60004
7309833291238 850 -0.107421875 0.23535221815109 0.00000238418579 70004
7613500918840 850 0.148193359375 0.65378051996231 -0.00000715255737 80004
7917168546443 850 6.24761962890625 -6.37602663040161 -0.03935241699219 90004
5182482174639 851 0.05347689241171 1.98186945915222 -0.00022269302281 4
5487827525641 851 -0.09461212158203 0.27372208237648 -0.00000005960464 10004
5791495153243 851 0.34152221679688 0.88570499420166 -0.00113308429718 20004
6095162780840 851 0.0450439453125 0.10073050111532 -0.00000166893005 30004
6398830408444 851 -0.01995849609375 1.49827480316162 -0.00000882148743 40004
6702498036044 851 -0.00823974609375 0.42961570620537 0.00000166893005 50004
7006165663640 851 -0.29437255859375 1.17057919502258 0.00200939178467 60004
7309833291238 851 -0.107421875 0.26881664991379 0.00000238418579 70004
7613500918840 851 0.103271484375 0.89883381128311 -0.00000858306885 80004
7917168546443 851 6.34918212890625 -6.43579530715942 -0.04047727584839 90004
5182482174639 852 0.05347689241171 1.98186945915222 -0.00022269302281 4
5487827525641 852 -0.17642974853516 0.5272404551506 0.00200247764587 10004
5791495153243 852 0.37251281738281 0.97308051586151 -0.00225901603699 20004
6095162780840 852 0.050048828125 0.11192277818918 -0.00000190734863 30004
6398830408444 852 -0.0201416015625 1.49956440925598 -0.00000882148743 40004
6702498036044 852 -0.041748046875 0.76155269145966 0.00000309944153 50004
7006165663640 852 -0.32647705078125 1.46063351631165 0.00200295448303 60004
7309833291238 852 -0.1220703125 0.42515677213669 0.00000286102295 70004
7613500918840 852 -0.051025390625 1.13893520832062 -0.00001049041748 80004
7917168546444 852 0.072509765625 0.15888603031635 -0.0000057220459 90004
5182482174639 853 0.08439633250237 2.0356822013855 -0.00022269276087 4
5487827525641 853 -0.27046203613281 0.76513642072678 0.00200235843658 10004
5791495153243 853 0.43376159667969 1.09669017791748 -0.00226187705994 20004
6095162780840 853 0.050048828125 0.11192277818918 -0.00000190734863 30004
6398830408444 853 -0.01419067382813 1.51632583141327 -0.00000929832458 40004
6702498036044 853 -0.07064819335938 1.02771532535553 0.00000405311584 50004
7006165663640 853 -0.333251953125 1.70338773727417 0.00199675559998 60004
7309833291238 853 -0.1226806640625 0.59024184942245 0.0000057220459 70004
7613500918840 853 -0.16943359375 1.38384175300598 0.00200748443604 80004
7917168546444 853 0.1544189453125 0.38611921668053 -0.00001335144043 90004
5182482174639 854 0.18392829596996 2.21447372436523 -0.00022269092733 4
5487827525641 854 -0.41078186035156 1.04460620880127 0.00200206041336 10004
5791495153243 854 0.57940673828125 1.3449079990387 -0.0033882856369 20004
6095162780840 854 0.050048828125 0.11192277818918 -0.00000190734863 30004
6398830408444 854 0.00225830078125 1.58152437210083 -0.00001001358032 40004
6702498036044 854 -0.09735107421875 1.26667070388794 0.00000619888306 50004
7006165663640 854 -0.3193359375 1.94505715370178 0.00198864936829 60004
7309833291238 854 -0.08441162109375 0.79764199256897 0.00000858306885 70004
7613500918840 854 -0.23321533203125 1.72040152549744 0.00200510025024 80004
7917168546444 854 0.2520751953125 0.775037586689 -0.00114250183105 90004
5182482174639 855 0.29246610403061 2.49240803718567 -0.00134573737159 4
5487827525641 855 -0.42750549316406 1.23813343048096 0.00200194120407 10004
5791495153243 855 0.751953125 1.64590096473694 -0.00451254844666 20004
6095162780840 855 0.050048828125 0.11192277818918 -0.00000190734863 30004
6398830408444 855 -0.02020263671875 1.820152759552 -0.0000102519989 40004
6702498036044 855 -0.180419921875 1.40862131118774 0.00203800201416 50004
7006165663640 855 -0.1700439453125 2.24870705604553 0.00197386741638 60004
7309833291238 855 0.08843994140625 1.06098699569702 0.00001049041748 70004
7613500918840 855 -0.31622314453125 2.0528769493103 0.00200319290161 80004
7917168546444 855 0.2032470703125 1.17489171028137 -0.00114583969116 90004
5182482174640 856 -0.02548461593688 0.12098877876997 -0.00000000004366 4
5487827525641 856 -0.53218841552734 1.45083463191986 0.00401324033737 10004
5791495153243 856 0.92652893066406 1.91190552711487 -0.00563824176788 20004
6095162780840 856 0.050048828125 0.11192277818918 -0.00000190734863 30004
6398830408444 856 -0.1251220703125 2.03679060935974 -0.00001072883606 40004
6702498036044 856 -0.2098388671875 1.44625198841095 0.00204181671143 50004
7006165663641 856 0.04296875 0.26979994773865 -0.00000286102295 60004
7309833291238 856 0.17254638671875 1.33884429931641 0.00001239776611 70004
7613500918840 856 -0.3277587890625 2.35056042671204 0.00200033187866 80004
7917168546444 856 0.2384033203125 1.38579666614532 -0.00115251541138 90004
5182482174640 857 -0.04633529856801 0.21997785568237 -0.00000000008731 4
5487827525641 857 -0.66013336181641 1.68510055541992 0.00401282310486 10004
5791495153243 857 1.13958740234375 2.14580225944519 -0.00676167011261 20004
6095162780840 857 0.04867553710938 0.12285661697388 -0.00000214576721 30004
6398830408444 857 -0.2216796875 2.29077816009521 0.00204229354858 40004
6702498036044 857 -0.22125244140625 1.45526421070099 0.00204563140869 50004
7006165663641 857 0.11322021484375 0.57014006376266 -0.00000524520874 60004
7309833291238 857 0.1922607421875 1.62977826595306 -0.00110864639282 70004
7613500918841 857 -0.0079345703125 0.05466340482235 -0.00000047683716 80004
7917168546444 857 0.27679443359375 1.53844511508942 -0.00115823745728 90004
5182482174640 858 -0.05079085752368 0.23351547122002 -0.00000000008731 4
5487827525641 858 -0.80487823486328 1.97223424911499 0.0060613155365 10004
5791495153244 858 0.00662231445313 0.02372094430029 0 20004
6095162780840 858 0.0445556640625 0.15565802156925 -0.00000274181366 30004
6398830408445 858 -0.00775146484375 0.01660790294409 -0.00000023841858 40004
6702498036044 858 -0.22174072265625 1.45526421070099 0.00204992294312 50004
7006165663641 858 0.23309326171875 0.82168066501617 -0.00113105773926 60004
7309833291238 858 0.12921142578125 1.96253657341003 -0.00110864639282 70004
7613500918841 858 -0.03704833984375 0.23866578936577 -0.00000143051147 80004
7917168546444 858 0.283203125 1.66273868083954 -0.00116157531738 90004
5182482174640 859 -0.12207739800215 0.45010992884636 -0.00000000029104 4
5487827525641 859 -0.96627044677734 2.2503297328949 0.00605976581573 10004
5791495153244 859 0.11257934570313 0.40325611829758 -0.00000095367432 20004
6095162780840 859 0.0445556640625 0.15565802156925 -0.00000274181366 30004
6398830408445 859 -0.13177490234375 0.28233441710472 -0.00000071525574 40004
6702498036044 859 -0.22222900390625 1.45526421070099 0.00205421447754 50004
7006165663641 859 0.46649169921875 1.02577757835388 -0.00225424766541 60004
7309833291238 859 0.20440673828125 2.2948694229126 -0.00110483169556 70004
7613500918841 859 -0.12200927734375 0.55886000394821 -0.00000238418579 80004
7917168546444 859 0.283203125 1.66273868083954 -0.00116157531738 90004
5182482174640 860 -0.12836436927319 0.60864591598511 -0.00000000081491 4
5487827525642 860 0.00201416015625 0.08508703112602 -0.00000011920929 10004
5791495153244 860 0.18112182617188 0.74091553688049 -0.00112521648407 20004
6095162780840 860 0.032470703125 0.1758591234684 -0.00000321865082 30004
6398830408445 860 -0.155029296875 0.53373086452484 -0.00000071525574 40004
6702498036044 860 -0.35391235351563 1.47841656208038 0.00205826759338 50004
7006165663641 860 0.77276611328125 1.14017355442047 -0.00449538230896 60004
7309833291239 860 0.01947021484375 0.23041540384293 0.00000190734863 70004
7613500918841 860 -0.15875244140625 0.84561204910278 -0.00000238418579 80004
7917168546444 860 0.283203125 1.66273868083954 -0.00116157531738 90004
5182482174640 861 -0.15001745522022 0.85254698991776 -0.00000000133878 4
5487827525642 861 0.003662109375 0.15470367670059 -0.00000017881393 10004
5791495153244 861 0.27001953125 1.04733216762543 -0.00112569332123 20004
6095162780840 861 0.01873779296875 0.19995050132275 -0.00000357627869 30004
6398830408445 861 -0.20001220703125 0.79502683877945 0.00203704833984 40004
6702498036044 861 -0.51129150390625 1.48409140110016 0.00407648086548 50004
7006165663641 861 1.099609375 1.30057072639465 -0.0067355632782 60004
7309833291239 861 0.068359375 0.54070490598679 0.00000476837158 70004
7613500918841 861 -0.2391357421875 1.1383341550827 0.0019998550415 80004
7917168546444 861 0.283203125 1.66273868083954 -0.00116157531738 90004
5182482174640 862 -0.20861613750458 1.22452414035797 0.00202672788873 4
5487827525642 862 0.00362396240234 0.15784665942192 -0.00000023841858 10004
5791495153244 862 0.39128112792969 1.26700127124786 -0.00225102901459 20004
6095162780840 862 0.009765625 0.21759797632694 -0.00000417232513 30004
6398830408445 862 -0.30621337890625 1.03819060325623 0.00203585624695 40004
6702498036044 862 -0.63302612304688 1.44979023933411 0.00408053398132 50004
7006165663641 862 1.37554931640625 1.54737293720245 -0.00786018371582 60004
7309833291239 862 0.1551513671875 0.84337288141251 0.00000762939453 70004
7613500918841 862 -0.4031982421875 1.40031504631042 0.00199794769287 80004
7917168546444 862 0.2825927734375 1.66328954696655 -0.00116205215454 90004
5182482174640 863 -0.12174394726753 1.67232394218445 0.00090368173551 4
5487827525642 863 0.00301361083984 0.20813438296318 -0.00000035762787 10004
5791495153244 863 0.49723815917969 1.48240578174591 -0.00225520133972 20004
6095162780840 863 0.009765625 0.21759797632694 -0.00000607967377 30004
6398830408445 863 -0.32379150390625 1.33089232444763 0.00203466415405 40004
6702498036044 863 -0.721923828125 1.39631009101868 0.00408315658569 50004
7006165663641 863 1.5921630859375 1.83340084552765 -0.01011371612549 60004
7309833291239 863 0.3133544921875 1.14006853103638 -0.0011134147644 70004
7613500918841 863 -0.6766357421875 1.58884692192078 0.00408744812012 80004
7917168546444 863 0.2728271484375 1.67210340499878 -0.00116586685181 90004
5182482174640 864 -0.04423893988132 1.97875046730042 0.00090368138626 4
5487827525642 864 -0.02630615234375 0.33560052514076 -0.0000005364418 10004
5791495153244 864 0.53305053710938 1.69446849822998 -0.00338125228882 20004
6095162780840 864 -0.01943969726563 0.29885643720627 -0.00000691413879 30004
6398830408445 864 -0.37399291992188 1.58187258243561 0.002032995224 40004
6702498036044 864 -0.795654296875 1.34069776535034 0.00408458709717 50004
7006165663641 864 1.7786865234375 2.1180465221405 -0.01124262809753 60004
7309833291239 864 0.4061279296875 1.40160357952118 -0.00223445892334 70004
7613500918841 864 -0.8560791015625 1.81230425834656 0.00615262985229 80004
7917168546444 864 0.27099609375 1.67375600337982 -0.00116634368896 90004
5182482174640 865 0.05964744836092 2.29276537895203 -0.00021936526173 4
5487827525642 865 -0.03757476806641 0.52649599313736 -0.0000005364418 10004
5791495153244 865 0.53718566894531 1.95775663852692 -0.0033837556839 20004
6095162780840 865 -0.08224487304688 0.44281429052353 -0.00000739097595 30004
6398830408445 865 -0.42758178710938 1.83263349533081 0.00202941894531 40004
6702498036044 865 -0.87164306640625 1.24439311027527 0.00610113143921 50004
7006165663641 865 1.9134521484375 2.4302339553833 -0.01124930381775 60004
7309833291239 865 0.4656982421875 1.67489945888519 -0.00223350524902 70004
7613500918841 865 -1.00555419921875 1.99263441562653 0.00614452362061 80004
7917168546444 865 0.26031494140625 1.7105940580368 -0.00116777420044 90004
5182482174641 866 0 -0 0 4
5487827525642 866 0.00030517578125 0.80945473909378 -0.00000065565109 10004
5791495153245 866 0 -0 0 20004
6095162780840 866 -0.19863891601563 0.67523562908173 0.00202119350433 30004
6398830408445 866 -0.47381591796875 2.10358309745789 0.00202584266663 40004
6702498036044 866 -0.95953369140625 1.0673691034317 0.00610160827637 50004
7006165663641 866 1.96014404296875 2.79976010322571 -0.01237893104553 60004
7309833291239 866 0.489501953125 1.98938488960266 -0.00223159790039 70004
7613500918841 866 -1.13922119140625 2.07190632820129 0.00816249847412 80004
7917168546444 866 0.228271484375 1.82110822200775 -0.00117063522339 90004
5182482174641 867 0.03936081752181 0.32556685805321 0.00000000014552 4
5487827525642 867 -0.06595611572266 1.02118825912476 -0.00000071525574 10004
5791495153245 867 0.00205993652344 0.32107681035995 -0.00000023841858 20004
6095162780840 867 -0.42202758789063 0.85173749923706 0.00202071666718 30004
6398830408445 867 -0.60458374023438 2.34515714645386 0.00404667854309 40004
6702498036044 867 -1.10235595703125 0.73328137397766 0.0061023235321 50004
7006165663641 867 2.1533203125 3.11813831329346 -0.01350903511047 60004
7309833291239 867 0.58197021484375 2.29098677635193 -0.00335168838501 70004
7613500918841 867 -1.41571044921875 2.20363855361938 0.00815439224243 80004
7917168546444 867 0.23834228515625 1.88685810565948 -0.0011739730835 90004
5182482174641 868 0.08920335024595 0.59466969966888 0.00000000040745 4
5487827525642 868 -0.05036163330078 1.37366199493408 -0.00000071525574 10004
5791495153245 868 -0.01655578613281 0.60953670740128 -0.00000071525574 20004
6095162780840 868 -0.60076904296875 1.09135055541992 0.00404357910156 30004
6398830408446 868 0.0013427734375 0.2172470241785 -0.00000023841858 40004
6702498036044 868 -1.1412353515625 0.35566473007202 0.00810408592224 50004
7006165663641 868 2.24725341796875 3.49580097198486 -0.013516664505 60004
7309833291240 868 -0.0523681640625 0.17180298268795 0.00000143051147 70004
7613500918841 868 -1.688232421875 2.3853120803833 0.01017093658447 80004
7917168546444 868 0.19000244140625 2.08880853652954 -0.00117635726929 90004
5182482174641 869 0.10007184743881 0.81535822153091 0.00000000081491 4
5487827525642 869 -0.02178955078125 1.7076952457428 -0.00000083446503 10004
5791495153245 869 -0.0321044921875 0.79006141424179 -0.00000095367432 20004
6095162780840 869 -0.68948364257813 1.27707266807556 0.00404322147369 30004
6398830408446 869 0.0108642578125 0.47354397177696 -0.00000095367432 40004
6702498036044 869 -1.11468505859375 0.09345389902592 0.00810432434082 50004
7006165663641 869 2.27508544921875 3.76750493049622 -0.01464509963989 60004
7309833291240 869 -0.083740234375 0.39432269334793 0.00000381469727 70004
7613500918842 869 0.046142578125 0.10837760567665 -0.00000095367432 80004
7917168546444 869 0.146728515625 2.33680748939514 -0.00117969512939 90004
5182482174641 870 0.02816150337458 1.15025186538696 0.00000000097498 4
5487827525642 870 -0.03025817871094 2.09541177749634 -0.00000083446503 10004
5791495153245 870 -0.03118896484375 0.91036742925644 -0.00000107288361 20004
6095162780840 870 -0.70184326171875 1.41886854171753 0.0040431022644 30004
6398830408446 870 0.04244995117188 0.76810413599014 -0.00000190734863 40004
6702498036044 870 -1.04190063476563 -0.07292124629021 0.00698232650757 50004
7006165663641 870 2.288818359375 3.95327115058899 -0.01464462280273 60004
7309833291240 870 -0.04071044921875 0.70164859294891 0.00000762939453 70004
7613500918842 870 0.21917724609375 0.51479351520538 -0.00112676620483 80004
7917168546444 870 0.14306640625 2.71442675590515 -0.0011830329895 90004
5182482174641 871 0.08955007791519 1.46198379993439 0.00000000104774 4
5487827525642 871 0.017578125 2.45387601852417 -0.00000101327896 10004
5791495153245 871 -0.03469848632813 0.93731147050858 -0.0000011920929 20004
6095162780840 871 -0.71853637695313 1.57774257659912 0.00404298305511 30004
6398830408446 871 0.13580322265625 1.02778089046478 -0.00000333786011 40004
6702498036044 871 -1.02554321289063 -0.31606715917587 0.00698280334473 50004
7006165663641 871 2.3079833984375 4.21274948120117 -0.014643907547 60004
7309833291240 871 0.09228515625 0.95752328634262 0.00001049041748 70004
7613500918842 871 0.5147705078125 0.7978909611702 -0.00225257873535 80004
7917168546445 871 0.111083984375 0.23749475181103 -0.0000057220459 90004
5182482174641 872 0.22334484755993 1.74399089813232 -0.00112304463983 4
5487827525643 872 -0.04165649414063 0.16356565058231 0 10004
5791495153245 872 -0.04270935058594 1.03258264064789 -0.00000202655792 20004
6095162780840 872 -0.72238159179688 1.67190611362457 0.00404238700867 30004
6398830408446 872 0.22317504882813 1.2899022102356 -0.00112724304199 40004
6702498036044 872 -1.02020263671875 -0.59740406274796 0.00698328018188 50004
7006165663641 872 2.29815673828125 4.39786386489868 -0.014643907547 60004
7309833291240 872 0.2589111328125 1.19225680828094 -0.00111055374146 70004
7613500918842 872 0.85699462890625 1.00957298278809 -0.00464677810669 80004
7917168546445 872 0.21319580078125 0.50005275011063 -0.00113534927368 90004
5182482174641 873 0.41661152243614 1.99835324287415 -0.00224608881399 4
5487827525643 873 -0.14949798583984 0.5046471953392 -0.00000029802322 10004
5791495153245 873 -0.05242919921875 1.22350883483887 -0.00000202655792 20004
6095162780840 873 -0.71365356445313 1.6973602771759 0.0040420293808 30004
6398830408446 873 0.3192138671875 1.56538236141205 -0.00112867355347 40004
6702498036044 873 -1.03887939453125 -0.93315941095352 0.00698399543762 50004
7006165663641 873 2.26055908203125 4.50874662399292 -0.01464319229126 60004
7309833291240 873 0.4703369140625 1.41883754730225 -0.00223064422607 70004
7613500918842 873 1.2513427734375 1.16328108310699 -0.00801753997803 80004
7917168546445 873 0.3009033203125 0.76809644699097 -0.0011420249939 90004
5182482174641 874 0.49887788295746 2.14858412742615 -0.00224608369172 4
5487827525643 874 -0.37847137451172 0.78457057476044 0.00200337171555 10004
5791495153245 874 -0.04052734375 1.47039544582367 -0.00000214576721 20004
6095162780840 874 -0.71365356445313 1.6973602771759 0.0040420293808 30004
6398830408446 874 0.50689697265625 1.78080308437347 -0.00225734710693 40004
6702498036044 874 -1.16705322265625 -1.27311134338379 0.00698471069336 50004
7006165663641 874 2.2523193359375 4.6151909828186 -0.01464319229126 60004
7309833291240 874 0.71112060546875 1.61408448219299 -0.00447368621826 70004
7613500918842 874 1.5736083984375 1.2876855134964 -0.00914907455444 80004
7917168546445 874 0.36956787109375 0.90257436037064 -0.00227355957031 90004
5182482174641 875 0.67692822217941 2.36191320419312 -0.00336912553757 4
5487827525643 875 -0.62754821777344 1.01088511943817 0.00403165817261 10004
5791495153245 875 -0.12005615234375 1.74044001102448 -0.0000022649765 20004
6095162780840 875 -0.71365356445313 1.6973602771759 0.0040420293808 30004
6398830408446 875 0.60452270507813 2.03268313407898 -0.00338220596313 40004
6702498036044 875 -1.29608154296875 -1.58665096759796 0.00898718833923 50004
7006165663641 875 2.15533447265625 4.80598402023315 -0.01464295387268 60004
7309833291240 875 0.9163818359375 1.8179566860199 -0.00559568405151 70004
7613500918842 875 1.94293212890625 1.37908744812012 -0.01140832901001 80004
7917168546445 875 0.38800048828125 1.04802775382996 -0.00227689743042 90004
5182482174642 876 -0.04015979543328 0.10967690497637 -0.0000000000291 4
5487827525643 876 -0.83469390869141 1.23762357234955 0.00605523586273 10004
5791495153245 876 -0.23255920410156 1.99352502822876 0.00200283527374 20004
6095162780840 876 -0.72219848632813 1.71306443214417 0.0040420293808 30004
6398830408446 876 0.70559692382813 2.26310467720032 -0.0045063495636 40004
6702498036044 876 -1.40716552734375 -1.87361538410187 0.00898790359497 50004
7006165663641 876 2.05853271484375 5.04219388961792 -0.01260542869568 60004
7309833291240 876 1.0706787109375 2.03124380111694 -0.00671195983887 70004
7613500918842 876 2.29974365234375 1.48142158985138 -0.01381158828735 80004
7917168546445 876 0.367919921875 1.20184254646301 -0.00228023529053 90004
5182482174642 877 -0.19074197113514 0.52095466852188 0.00204180763103 4
5487827525643 877 -0.98771667480469 1.56531143188477 0.00605380535126 10004
5791495153245 877 -0.4031982421875 2.26545572280884 0.0020010471344 20004
6095162780840 877 -0.75424194335938 1.77195501327515 0.00404167175293 30004
6398830408446 877 0.90097045898438 2.48656129837036 -0.00563645362854 40004
6702498036044 877 -1.50650024414063 -2.19634246826172 0.00898838043213 50004
7006165663641 877 1.988037109375 5.40791130065918 -0.01260876655579 60004
7309833291240 877 1.167724609375 2.325364112854 -0.00669717788696 70004
7613500918842 877 2.70166015625 1.66107594966888 -0.01718235015869 80004
7917168546445 877 0.2781982421875 1.41489219665527 -0.00228357315063 90004
5182482174642 878 -0.18460546433926 0.73749828338623 0.00204180530272 4
5487827525643 878 -1.15997314453125 1.85543811321259 0.00809216499329 10004
5791495153245 878 -0.57356262207031 2.51189541816711 0.00400567054749 20004
6095162780840 878 -0.75637817382813 1.77588105201721 0.00404167175293 30004
6398830408447 878 0.00277709960938 0.3603972196579 -0.00000047683716 40004
6702498036044 878 -1.582275390625 -2.43340826034546 0.0109965801239 50004
7006165663641 878 2.0206298828125 5.75296688079834 -0.01261377334595 60004
7309833291241 878 -0.00396728515625 0.11975825577974 0.00000095367432 70004
7613500918842 878 2.978515625 1.96190071105957 -0.01831340789795 80004
7917168546445 878 0.113525390625 1.63745701313019 -0.00026226043701 90004
5182482174642 879 -0.07402646541595 1.01656591892242 0.00091875519138 4
5487827525643 879 -1.30120849609375 2.15982580184937 0.00809168815613 10004
5791495153246 879 -0.01527404785156 0.07693960517645 -0.00000011920929 20004
6095162780840 879 -0.78628540039063 1.83515810966492 0.00404155254364 30004
6398830408447 879 0.03823852539063 0.74551051855087 -0.00000166893005 40004
6702498036044 879 -1.64614868164063 -2.60363912582397 0.01099991798401 50004
7006165663641 879 2.0787353515625 6.09528112411499 -0.01262044906616 60004
7309833291241 879 -0.064208984375 0.31680858135223 0.00000190734863 70004
7613500918842 879 3.21734619140625 2.23517942428589 -0.02057027816772 80004
7917168546445 879 -0.0377197265625 1.87446844577789 -0.0002646446228 90004
5182482174642 880 0.14934912323952 1.38173520565033 -0.00020429160213 4
5487827525644 880 0.01937866210938 0.05648117139935 0 10004
5791495153246 880 -0.06695556640625 0.2532564997673 -0.00000023841858 20004
6095162780840 880 -0.85952758789063 1.978835105896 0.00606179237366 30004
6398830408447 880 0.1331787109375 1.14568316936493 -0.00000357627869 40004
6702498036044 880 -1.69577026367188 -2.72652554512024 0.0110034942627 50004
7006165663641 880 2.15460205078125 6.43460512161255 -0.01374959945679 60004
7309833291241 880 -0.190673828125 0.59827929735184 0.00205183029175 70004
7613500918842 880 3.4488525390625 2.49818015098572 -0.02170562744141 80004
7917168546445 880 -0.17633056640625 2.11845779418945 0.00179100036621 90004
5182482174642 881 0.42289051413536 1.66992795467377 -0.0024503832683 4
5487827525644 881 0.17440795898438 0.50830471515656 -0.00000059604645 10004
5791495153246 881 -0.25346374511719 0.52087992429733 0.00204837322235 20004
6095162780840 881 -1.00112915039063 2.24756169319153 0.0060623884201 30004
6398830408447 881 0.3880615234375 1.50855815410614 -0.0022509098053 40004
6702498036044 881 -1.69918823242188 -2.90487790107727 0.01100730895996 50004
7006165663641 881 2.19659423828125 6.62878084182739 -0.01375675201416 60004
7309833291241 881 -0.339111328125 0.88050490617752 0.00205945968628 70004
7613500918842 881 3.7584228515625 2.85283637046814 -0.02395582199097 80004
7917168546445 881 -0.30621337890625 2.21595764160156 0.00179386138916 90004
5182482174642 882 0.51036733388901 1.8651442527771 -0.00245038187131 4
5487827525644 882 0.28737640380859 0.73492121696472 -0.001125395298 10004
5791495153246 882 -0.3299560546875 0.81411594152451 0.00204622745514 20004
6095162780840 882 -1.03073120117188 2.5275890827179 0.00606298446655 30004
6398830408447 882 0.62741088867188 1.84868371486664 -0.00337505340576 40004
6702498036044 882 -1.71826171875 -3.10006523132324 0.01101088523865 50004
7006165663641 882 2.13043212890625 6.96788167953491 -0.01376056671143 60004
7309833291241 882 -0.39892578125 1.01734864711761 0.00206661224365 70004
7613500918842 882 3.97247314453125 2.9745397567749 -0.02507781982422 80004
7917168546445 882 -0.3724365234375 2.32105088233948 0.00179672241211 90004
5182482174642 883 0.63207107782364 2.04885530471802 -0.00357342511415 4
5487827525644 883 0.44759368896484 1.00423955917358 -0.00224959850311 10004
5791495153246 883 -0.443603515625 1.06861531734467 0.00204432010651 20004
6095162780841 883 -0.0042724609375 0.05515442788601 0 30004
6398830408447 883 0.81533813476563 2.10403180122375 -0.00450277328491 40004
6702498036044 883 -1.67361450195313 -3.35350728034973 0.01101589202881 50004
7006165663641 883 2.12872314453125 7.30730867385864 -0.01376438140869 60004
7309833291241 883 -0.486083984375 1.19539260864258 0.00207376480103 70004
7613500918842 883 4.17669677734375 3.10305738449097 -0.02620077133179 80004
7917168546446 883 -0.0008544921875 0.0219914894551 -0.00000095367432 90004
5182482174642 884 0.80917978286743 2.23256611824036 -0.00469645997509 4
5487827525644 884 0.66524505615234 1.35141551494598 -0.00337332487106 10004
5791495153246 884 -0.60932922363281 1.29186022281647 0.00411176681519 20004
6095162780841 884 -0.01220703125 0.1575840562582 -0.00000023841858 30004
6398830408448 884 -0.00076293945313 0.00642028963193 0 40004
6702498036044 884 -1.5743408203125 -3.67259836196899 0.01102209091187 50004
7006165663641 884 2.20068359375 7.64739561080933 -0.01377105712891 60004
7309833291241 884 -0.607421875 1.43527984619141 0.00413846969604 70004
7613500918842 884 4.3873291015625 3.26567482948303 -0.02733087539673 80004
7917168546446 884 -0.0035400390625 0.06488461047411 -0.00000429153442 90004
5182482174642 885 0.87477248907089 2.25839614868164 -0.00469644926488 4
5487827525644 885 0.86669158935547 1.60853803157806 -0.00449645519257 10004
5791495153246 885 -0.72697448730469 1.44633853435516 0.00411117076874 20004
6095162780841 885 -0.01220703125 0.1575840562582 -0.00000202655792 30004
6398830408448 885 -0.01220703125 0.10272464156151 -0.00000047683716 40004
6702498036044 885 -1.60867309570313 -3.99218893051147 0.01102542877197 50004
7006165663641 885 2.25653076171875 8.01566600799561 -0.01377511024475 60004
7309833291241 885 -0.618408203125 1.5972763299942 0.00414609909058 70004
7613500918842 885 4.47137451171875 3.2853729724884 -0.02846670150757 80004
7917168546446 885 -0.02001953125 0.09566139429808 -0.00000715255737 90004
5182482174643 886 0 -0 0 4
5487827525644 886 1.04114532470703 1.95015740394592 -0.00562083721161 10004
5791495153246 886 -0.81282043457031 1.57958447933197 0.0061422586441 20004
6095162780841 886 0.0152587890625 0.3007980287075 -0.00000298023224 30004
6398830408448 886 0.01190185546875 0.21809157729149 -0.00000143051147 40004
6702498036044 886 -1.65872192382813 -4.2315936088562 0.0110285282135 50004
7006165663641 886 2.28973388671875 8.36152172088623 -0.01377511024475 60004
7309833291241 886 -0.5694580078125 1.78844749927521 0.00415802001953 70004
7613500918842 886 4.59814453125 3.31460118293762 -0.02960157394409 80004
7917168546446 886 -0.1025390625 0.16378642618656 -0.00001049041748 90004
5182482174643 887 0.0092462990433 0.01889733225107 0.00000000002183 4
5487827525644 887 1.1605224609375 2.28290963172913 -0.00674384832382 10004
5791495153246 887 -0.86891174316406 1.68478715419769 0.00614166259766 20004
6095162780841 887 0.0452880859375 0.46676251292229 -0.00000393390656 30004
6398830408448 887 0.06475830078125 0.33956506848335 -0.00000190734863 40004
6702498036044 887 -1.69674682617188 -4.42463254928589 0.01103186607361 50004
7006165663641 887 2.29547119140625 8.64237308502197 -0.01377511024475 60004
7309833291241 887 -0.5140380859375 1.98214542865753 0.00416946411133 70004
7613500918842 887 4.7379150390625 3.33294749259949 -0.02961015701294 80004
7917168546446 887 -0.180908203125 0.22370429337025 0.0020055770874 90004
5182482174643 888 0.07858887314796 0.16061775386333 0.00000000023283 4
5487827525644 888 1.15148162841797 2.73063111305237 -0.00674372911453 10004
5791495153246 888 -0.87875366210938 1.78285229206085 0.00614058971405 20004
6095162780841 888 0.06451416015625 0.63739216327667 -0.000004529953 30004
6398830408448 888 0.25747680664063 0.57797372341156 -0.00112676620483 40004
6702498036044 888 -1.67523193359375 -4.71607065200806 0.0110387802124 50004
7006165663641 888 2.201171875 8.89138221740723 -0.01377511024475 60004
7309833291241 888 -0.48748779296875 2.32508897781372 0.00418376922607 70004
7613500918842 888 5.0125732421875 3.29072952270508 -0.03186750411987 80004
7917168546446 888 -0.18182373046875 0.22370429337025 0.00200796127319 90004
5182482174643 889 0.09447690099478 0.29692587256432 0.00000000029104 4
5487827525645 889 -0.12451934814453 0.26713138818741 -0.00000011920929 10004
5791495153246 889 -0.95115661621094 1.97295689582825 0.00613939762115 20004
6095162780841 889 0.12945556640625 0.81918120384216 -0.00000631809235 30004
6398830408448 889 0.45111083984375 0.7174152135849 -0.00225067138672 40004
6702498036044 889 -1.54067993164063 -5.00635385513306 0.01104521751404 50004
7006165663641 889 2.13330078125 9.20991706848145 -0.01377511024475 60004
7309833291242 889 -0.08392333984375 0.18055433034897 0.00000047683716 70004
7613500918842 889 5.2431640625 3.16452312469482 -0.03300046920776 80004
7917168546446 889 -0.18267822265625 0.22370429337025 0.00201034545898 90004
5182482174643 890 0.09644278138876 0.45408067107201 0.00000000058208 4
5487827525645 890 -0.30847930908203 0.55459147691727 0.0020357966423 10004
5791495153246 890 -1.03140258789063 2.14588975906372 0.00613737106323 20004
6095162780841 890 0.26513671875 1.01876211166382 -0.00112891197205 30004
6398830408448 890 0.646484375 0.84855043888092 -0.00337505340576 40004
6702498036044 890 -1.40371704101563 -5.28808546066284 0.00992822647095 50004
7006165663641 890 2.11053466796875 9.52760982513428 -0.01377511024475 60004
7309833291242 890 -0.155517578125 0.40066286921501 0.00000381469727 70004
7613500918842 890 5.47216796875 2.98850464820862 -0.0341215133667 80004
7917168546446 890 -0.2108154296875 0.27085945010185 0.00201225280762 90004
5182482174643 891 0.09761578589678 0.71215200424194 0.00000000087311 4
5487827525645 891 -0.61634826660156 0.81293165683746 0.00411856174469 10004
5791495153246 891 -1.11654663085938 2.27137064933777 0.00613558292389 20004
6095162780841 891 0.58648681640625 1.31413233280182 -0.00337278842926 30004
6398830408448 891 0.90390014648438 1.05877244472504 -0.00562691688538 40004
6702498036044 891 -1.28909301757813 -5.63277435302734 0.00880813598633 50004
7006165663641 891 2.1495361328125 9.74770545959473 -0.01377487182617 60004
7309833291242 891 -0.1666259765625 0.67209631204605 0.00200653076172 70004
7613500918842 891 5.79534912109375 2.68975305557251 -0.03636741638184 80004
7917168546446 891 -0.31427001953125 0.44769123196602 0.00201463699341 90004
5182482174643 892 0.1080419421196 0.94326919317245 0.00000000110595 4
5487827525645 892 -0.71046447753906 0.98798489570618 0.00411832332611 10004
5791495153247 892 -0.01150512695313 0.13475309312344 -0.00000011920929 20004
6095162780841 892 0.85440063476563 1.62258780002594 -0.0044971704483 30004
6398830408448 892 1.16412353515625 1.2264358997345 -0.00675559043884 40004
6702498036045 892 -0.02896118164063 0.14556466042995 0.00000095367432 50004
7006165663641 892 2.26141357421875 9.74770545959473 -0.01402735710144 60004
7309833291242 892 -0.14361572265625 0.9243004322052 0.00201892852783 70004
7613500918842 892 5.96282958984375 2.31608772277832 -0.03749942779541 80004
7917168546446 892 -0.37591552734375 0.50064641237259 0.0020170211792 90004
5182482174643 893 0.20539891719818 1.23276329040527 -0.00112304487266 4
5487827525645 893 -0.75016784667969 1.07297098636627 0.00411808490753 10004
5791495153247 893 -0.0177001953125 0.20731243491173 -0.00000035762787 20004
6095162780841 893 1.08059692382813 1.95961236953735 -0.00674653053284 30004
6398830408448 893 1.37796020507813 1.43948984146118 -0.00788021087646 40004
6702498036045 893 -0.08642578125 0.28077730536461 0.00000262260437 50004
7006165663641 893 2.3216552734375 9.74770545959473 -0.01402688026428 60004
7309833291242 893 -0.11572265625 1.12998354434967 0.00089979171753 70004
7613500918842 893 6.1221923828125 1.93599057197571 -0.03863286972046 80004
7917168546446 893 -0.48101806640625 0.55810475349426 0.00201940536499 90004
5182482174643 894 0.41819036006927 1.59359014034271 -0.0022460881155 4
5487827525645 894 -0.75028228759766 1.07297098636627 0.00411778688431 10004
5791495153247 894 -0.0322265625 0.22748923301697 -0.00000035762787 20004
6095162780841 894 1.26217651367188 2.33033609390259 -0.00787234306335 30004
6398830408448 894 1.55718994140625 1.7188286781311 -0.00900936126709 40004
6702498036045 894 -0.1641845703125 0.38632181286812 0.00000405311584 50004
7006165663641 894 2.341064453125 9.74770545959473 -0.01401090621948 60004
7309833291242 894 -0.0977783203125 1.31291997432709 0.00090456008911 70004
7613500918842 894 6.31597900390625 1.54448318481445 -0.03976726531982 80004
7917168546446 894 -0.642822265625 0.62507796287537 0.00404262542725 90004
5182482174643 895 0.73565918207169 1.87184989452362 -0.00449217576534 4
5487827525645 895 -0.75039672851563 1.07297098636627 0.00411760807037 10004
5791495153247 895 -0.14117431640625 0.37870681285858 -0.00000047683716 20004
6095162780841 895 1.32077026367188 2.58222413063049 -0.00787234306335 30004
6398830408448 895 1.7357177734375 1.99869751930237 -0.01013946533203 40004
6702498036045 895 -0.1641845703125 0.38632181286812 0.00000405311584 50004
7006165663641 895 2.48663330078125 9.74770545959473 -0.01513338088989 60004
7309833291242 895 -0.16552734375 1.5758855342865 0.00091171264648 70004
7613500918842 895 6.6446533203125 1.24927389621735 -0.04202365875244 80004
7917168546446 895 -0.80303955078125 0.63580948114395 0.0060453414917 90004
5182482174643 896 1.01076102256775 2.15347242355347 -0.00561521667987 4
5487827525645 896 -0.75050354003906 1.07297098636627 0.00411731004715 10004
5791495153247 896 -0.29995727539063 0.62748718261719 0.00207090377808 20004
6095162780842 896 0.04061889648438 0.15076227486134 0 30004
6398830408448 896 1.78720092773438 2.17532157897949 -0.01126289367676 40004
6702498036045 896 -0.1641845703125 0.38632181286812 0.00000405311584 50004
7006165663641 896 2.5157470703125 9.74770545959473 -0.01513338088989 60004
7309833291242 896 -0.14483642578125 1.81553852558136 0.00091600418091 70004
7613500918842 896 7.0198974609375 1.09579336643219 -0.04428291320801 80004
7917168546446 896 -0.83575439453125 0.63795578479767 0.00604724884033 90004
5182482174644 897 0.00803807098418 0.09017434716225 0 4
5487827525645 897 -0.75725555419922 1.08828890323639 0.00411719083786 10004
5791495153247 897 -0.42234802246094 0.84914964437485 0.00206935405731 20004
6095162780842 897 0.12255859375 0.37720349431038 -0.00000047683716 30004
6398830408448 897 1.80010986328125 2.27403545379639 -0.01126289367676 40004
6702498036045 897 -0.1641845703125 0.38632181286812 0.00000405311584 50004
7006165663642 897 0.040771484375 0.08736678212881 -0.00000047683716 60004
7309833291242 897 -0.1156005859375 2.03104376792908 0.00091695785522 70004
7613500918842 897 7.36761474609375 0.96723657846451 -0.04681825637817 80004
7917168546446 897 -0.8365478515625 0.63795578479767 0.00604915618896 90004
5182482174644 898 0.03818073123693 0.42832708358765 0.00000000014552 4
5487827525645 898 -0.78231811523438 1.14569389820099 0.00411701202393 10004
5791495153247 898 -0.4605712890625 1.00995516777039 0.00206756591797 20004
6095162780842 898 0.30520629882813 0.76379203796387 -0.00112235546112 30004
6398830408448 898 1.80010986328125 2.27403545379639 -0.01126289367676 40004
6702498036045 898 -0.1641845703125 0.38632181286812 0.00000405311584 50004
7006165663642 898 0.19366455078125 0.41499224305153 -0.00112581253052 60004
7309833291242 898 -0.11102294921875 2.2652542591095 0.00091791152954 70004
7613500918842 898 7.72052001953125 0.77490341663361 -0.04907464981079 80004
7917168546446 898 -0.83746337890625 0.63795578479767 0.0060510635376 90004
5182482174644 899 0.0205183904618 0.76447325944901 0.00000000018917 4
5487827525645 899 -0.78200531005859 1.22465097904205 0.00411665439606 10004
5791495153247 899 -0.46311950683594 1.0206755399704 0.00206589698792 20004
6095162780842 899 0.47329711914063 1.12732517719269 -0.00224351882935 30004
6398830408448 899 1.82192993164063 2.3255512714386 -0.01126289367676 40004
6702498036045 899 -0.1641845703125 0.38632181286812 0.00000405311584 50004
7006165663642 899 0.30938720703125 0.69173967838287 -0.00112819671631 60004
7309833291242 899 -0.0662841796875 2.51208662986755 0.00091981887817 70004
7613500918842 899 7.970947265625 0.45398741960526 -0.05132818222046 80004
7917168546446 899 -0.864501953125 0.63833314180374 0.00605392456055 90004
5182482174644 900 0.05480236187577 1.09648251533508 0.00000000032014 4
5487827525645 900 -0.78099060058594 1.26510584354401 0.00411653518677 10004
5791495153247 900 -0.47486877441406 1.10688412189484 0.00206422805786 20004
6095162780842 900 0.67196655273438 1.42902266979218 -0.00336503982544 30004
6398830408448 900 1.8563232421875 2.45617842674255 -0.01126289367676 40004
6702498036045 900 -0.19277954101563 0.3633243739605 0.00202751159668 50004
7006165663642 900 0.35894775390625 0.9975306391716 -0.00224924087524 60004
7309833291243 900 -0.05596923828125 0.11986651271582 0 70004
7613500918842 900 8.23345947265625 0.2114824950695 -0.05245733261108 80004
7917168546446 900 -0.91064453125 0.62452733516693 0.00605392456055 90004
5182482174644 901 0.14310693740845 1.44754636287689 0.00000000046566 4
5487827525645 901 -0.78110504150391 1.26510584354401 0.00411635637283 10004
5791495153247 901 -0.50396728515625 1.28057932853699 0.00406503677368 20004
6095162780842 901 0.9207763671875 1.6685905456543 -0.00561416149139 30004
6398830408448 901 1.8956298828125 2.6596884727478 -0.01126289367676 40004
6702498036045 901 -0.27261352539063 0.29628857970238 0.0020318031311 50004
7006165663642 901 0.3377685546875 1.35810995101929 -0.00224733352661 60004
7309833291243 901 -0.17449951171875 0.35462060570717 0.00201988220215 70004
7613500918842 901 8.527587890625 0.02181094884872 -0.05470085144043 80004
7917168546446 901 -0.99853515625 0.57547318935394 0.00605392456055 90004
5182482174644 902 0.1803437769413 1.8081955909729 -0.00112304510549 4
5487827525645 902 -0.78121948242188 1.26510584354401 0.0041161775589 10004
5791495153247 902 -0.55867004394531 1.3824245929718 0.00406384468079 20004
6095162780842 902 1.18414306640625 1.79633522033691 -0.0067412853241 30004
6398830408448 902 1.87503051757813 2.75293278694153 -0.01126289367676 40004
6702498036045 902 -0.47265625 0.11384159326553 0.00203633308411 50004
7006165663642 902 0.28009033203125 1.71502256393433 -0.00224471092224 60004
7309833291243 902 -0.28436279296875 0.44570708274841 0.00202703475952 70004
7613500918842 902 8.78839111328125 -0.33368188142776 -0.05582618713379 80004
7917168546446 902 -1.21734619140625 0.40269243717194 0.00812673568726 90004
5182482174644 903 0.14428685605526 2.00592350959778 -0.00112304347567 4
5487827525645 903 -0.78132629394531 1.26510584354401 0.00411605834961 10004
5791495153247 903 -0.7471923828125 1.53521060943604 0.00406336784363 20004
6095162780842 903 1.33615112304688 1.8365877866745 -0.00786507129669 30004
6398830408448 903 1.79537963867188 2.86970376968384 -0.01126265525818 40004
6702498036045 903 -0.68670654296875 0.0226343087852 0.00407528877258 50004
7006165663642 903 0.18865966796875 2.039217710495 -0.00224184989929 60004
7309833291243 903 -0.34527587890625 0.49493306875229 0.00203371047974 70004
7613500918842 903 9.01129150390625 -0.5548255443573 -0.05695581436157 80004
7917168546446 903 -1.457763671875 0.14130157232285 0.01021575927734 90004
5182482174644 904 0.0899346396327 2.13911485671997 -0.00112304277718 4
5487827525645 904 -0.78142547607422 1.26510584354401 0.00411587953568 10004
5791495153247 904 -0.95246887207031 1.72296977043152 0.00606679916382 20004
6095162780842 904 1.41748046875 1.8486180305481 -0.00898826122284 30004
6398830408449 904 -0.010498046875 0.02247370220721 0 40004
6702498036045 904 -0.89599609375 -0.05243595317006 0.00607848167419 50004
7006165663642 904 0.117919921875 2.31653714179993 -0.0002269744873 60004
7309833291243 904 -0.41546630859375 0.56109535694122 0.00204038619995 70004
7613500918842 904 9.16326904296875 -0.69795256853104 -0.05808782577515 80004
7917168546446 904 -1.638427734375 -0.11547638475895 0.01021814346313 90004
5182482174644 905 0.01959480531514 2.25323438644409 -0.00112304207869 4
5487827525645 905 -0.78153991699219 1.26510584354401 0.00411570072174 10004
5791495153247 905 -1.17698669433594 2.02069234848022 0.00813698768616 20004
6095162780842 905 1.41748046875 1.8486180305481 -0.00898826122284 30004
6398830408449 905 -0.04986572265625 0.10675007849932 -0.00000047683716 40004
6702498036045 905 -1.14730834960938 -0.16606505215168 0.0081160068512 50004
7006165663642 905 0.0977783203125 2.58080625534058 -0.00022840499878 60004
7309833291243 905 -0.5592041015625 0.71406441926956 0.00405406951904 70004
7613500918842 905 9.2099609375 -0.77431327104568 -0.05921840667725 80004
7917168546446 905 -1.71441650390625 -0.38242366909981 0.01022052764893 90004
5182482174644 906 -0.01673062704504 2.53236794471741 0.00087820016779 4
5487827525645 906 -0.83766174316406 1.42999148368835 0.0061429142952 10004
5791495153247 906 -1.2752685546875 2.35283231735229 0.00813603401184 20004
6095162780842 906 1.5999755859375 1.81251263618469 -0.0101113319397 30004
6398830408449 906 -0.06439208984375 0.12558063864708 -0.00000095367432 40004
6702498036045 906 -1.469970703125 -0.30450651049614 0.01025772094727 50004
7006165663643 906 -0.17138671875 0.36679324507713 -0.00000071525574 60004
7309833291243 906 -0.7044677734375 0.88946568965912 0.00406074523926 70004
7613500918842 906 9.21307373046875 -0.77940398454666 -0.05921840667725 80004
7917168546446 906 -1.73114013671875 -0.59387344121933 0.01022243499756 90004
5182482174645 907 0.07318741083145 0.15695104002953 0 4
5487827525645 907 -0.87850189208984 1.6235738992691 0.0061422586441 10004
5791495153248 907 0.01373291015625 0.15369734168053 -0.00000023841858 20004
6095162780842 907 1.7725830078125 1.77842354774475 -0.01123440265656 30004
6398830408449 907 -0.093505859375 0.18236321210861 -0.00000095367432 40004
6702498036045 907 -1.737060546875 -0.46367821097374 0.01026082038879 50004
7006165663643 907 -0.38592529296875 0.70481717586517 0.00203990936279 60004
7309833291243 907 -0.84234619140625 1.02502179145813 0.00609111785889 70004
7613500918842 907 9.21307373046875 -0.77940398454666 -0.05921840667725 80004
7917168546446 907 -1.6881103515625 -0.85379427671432 0.01125526428223 90004
5182482174645 908 0.25299456715584 0.53373855352402 -0.00112304487266 4
5487827525645 908 -0.90342712402344 1.89336144924164 0.00614154338837 10004
5791495153248 908 0.04965209960938 0.53774946928024 -0.00000095367432 20004
6095162780842 908 1.967529296875 1.73588716983795 -0.01235723495483 30004
6398830408449 908 -0.146484375 0.29825592041016 -0.00000095367432 40004
6702498036045 908 -1.9935302734375 -0.67583966255188 0.01235222816467 50004
7006165663643 908 -0.6903076171875 1.04044473171234 0.00408601760864 60004
7309833291243 908 -1.00128173828125 1.1474244594574 0.00609827041626 70004
7613500918842 908 9.2193603515625 -0.78144055604935 -0.05921840667725 80004
7917168546446 908 -1.572021484375 -1.24214124679565 0.01014757156372 90004
5182482174645 909 0.37958344817162 0.68186569213867 -0.00224608974531 4
5487827525645 909 -0.90396118164063 2.24755191802979 0.00614076852798 10004
5791495153248 909 0.10391235351563 0.89369887113571 -0.00000166893005 20004
6095162780842 909 2.268798828125 1.61887013912201 -0.01460456848145 30004
6398830408449 909 -0.146484375 0.29825592041016 -0.00000095367432 40004
6702498036045 909 -2.2459716796875 -0.74839305877686 0.01436424255371 50004
7006165663643 909 -0.9364013671875 1.14891517162323 0.00617957115173 60004
7309833291243 909 -1.10894775390625 1.33878397941589 0.00610542297363 70004
7613500918842 909 9.307373046875 -0.80995255708694 -0.05922508239746 80004
7917168546446 909 -1.5626220703125 -1.59456086158752 0.01014947891235 90004
5182482174645 910 0.54647088050842 0.85799860954285 -0.00336913322099 4
5487827525646 910 0.00920104980469 0.13313212990761 0 10004
5791495153248 910 0.18746948242188 1.16114175319672 -0.00112569332123 20004
6095162780842 910 2.54782104492188 1.58827137947083 -0.01572954654694 30004
6398830408449 910 -0.164794921875 0.33391928672791 -0.00000095367432 40004
6702498036045 910 -2.44595336914063 -0.86985671520233 0.01645970344543 50004
7006165663643 910 -1.1473388671875 1.32817447185516 0.00819969177246 60004
7309833291243 910 -1.16314697265625 1.45844697952271 0.00813865661621 70004
7613500918842 910 9.36553955078125 -0.83568114042282 -0.05923271179199 80004
7917168546446 910 -1.54681396484375 -1.88350760936737 0.01015138626099 90004
5182482174645 911 0.83037900924683 1.1455295085907 -0.00449216738343 4
5487827525646 911 0.03067016601563 0.44377383589745 -0.00000023841858 10004
5791495153248 911 0.33721923828125 1.48855078220367 -0.00112664699554 20004
6095162780842 911 2.9478759765625 1.61438846588135 -0.01797902584076 30004
6398830408449 911 -0.20794677734375 0.41713380813599 0.00200271606445 40004
6702498036045 911 -2.70230102539063 -1.09281075000763 0.01646304130554 50004
7006165663643 911 -1.4344482421875 1.65605413913727 0.00819969177246 60004
7309833291243 911 -1.19989013671875 1.57819437980652 0.00814485549927 70004
7613500918843 911 0 -0 0 80004
7917168546446 911 -1.51776123046875 -2.26403379440308 0.01015138626099 90004
5182482174645 912 0.97100174427032 1.53964281082153 -0.00561520783231 4
5487827525646 912 0.09492492675781 0.55995482206345 -0.00000059604645 10004
5791495153248 912 0.61148071289063 1.72196567058563 -0.0033757686615 20004
6095162780842 912 3.34820556640625 1.60885429382324 -0.02134668827057 30004
6398830408449 912 -0.21051025390625 0.42744445800781 0.00200176239014 40004
6702498036045 912 -2.87448120117188 -1.2182708978653 0.01850438117981 50004
7006165663643 912 -1.73785400390625 1.96793878078461 0.01031613349915 60004
7309833291243 912 -1.19647216796875 1.80218982696533 0.00815153121948 70004
7613500918843 912 0.107666015625 0.23017273843288 -0.00000190734863 80004
7917168546446 912 -1.4024658203125 -2.62773370742798 0.00903224945068 90004
5182482174645 913 1.03366553783417 1.90870237350464 -0.00561519339681 4
5487827525646 913 0.14543914794922 0.65173465013504 -0.00000154972076 10004
5791495153248 913 0.8336181640625 1.9687077999115 -0.00450193881989 20004
6095162780842 913 3.77505493164063 1.64170527458191 -0.02373909950256 30004
6398830408449 913 -0.18991088867188 0.5189425945282 0.00199961662292 40004
6702498036045 913 -3.0823974609375 -1.29833698272705 0.02050709724426 50004
7006165663643 913 -1.98193359375 2.22420358657837 0.01241612434387 60004
7309833291243 913 -1.18621826171875 1.97401607036591 0.00815439224243 70004
7613500918843 913 0.1856689453125 0.55999863147736 -0.00112771987915 80004
7917168546446 913 -1.30438232421875 -3.02386021614075 0.00903606414795 90004
5182482174645 914 1.01614129543304 2.20043182373047 -0.00561518454924 4
5487827525646 914 0.19522094726563 0.71897232532501 -0.00112545490265 10004
5791495153248 914 0.96794128417969 2.1817307472229 -0.00562560558319 20004
6095162780842 914 4.14395141601563 1.69161176681519 -0.02613317966461 30004
6398830408449 914 -0.1649169921875 0.64017164707184 0.00199794769287 40004
6702498036045 914 -3.27664184570313 -1.35122334957123 0.02050971984863 50004
7006165663643 914 -2.12591552734375 2.38975715637207 0.01443934440613 60004
7309833291243 914 -1.17279052734375 2.08378291130066 0.00815439224243 70004
7613500918843 914 0.252685546875 0.88613593578339 -0.00112962722778 80004
7917168546446 914 -1.23065185546875 -3.34128618240356 0.00903987884521 90004
5182482174645 915 0.8627233505249 2.5536105632782 -0.00561518454924 4
5487827525646 915 0.35763549804688 0.83825039863586 -0.00225025415421 10004
5791495153248 915 1.01486206054688 2.43459510803223 -0.00562560558319 20004
6095162780842 915 4.57040405273438 1.74303507804871 -0.02867472171783 30004
6398830408449 915 -0.17636108398438 0.75116056203842 0.0019965171814 40004
6702498036045 915 -3.5023193359375 -1.50681114196777 0.02253150939941 50004
7006165663643 915 -2.1634521484375 2.50757050514221 0.0144407749176 60004
7309833291243 915 -1.1524658203125 2.21194958686829 0.00815439224243 70004
7613500918843 915 0.4632568359375 1.21300959587097 -0.0022554397583 80004
7917168546446 915 -1.13262939453125 -3.51964235305786 0.00792121887207 90004
5182482174646 916 -0.06777280569077 0.24868607521057 -0.00000000011642 4
5487827525646 916 0.54783630371094 1.15038573741913 -0.00337499380112 10004
5791495153249 916 -0.03021240234375 0.09048452973366 -0.00000023841858 20004
6095162780842 916 4.95474243164063 1.65544414520264 -0.03092157840729 30004
6398830408449 916 -0.177978515625 0.95673674345016 0.00199508666992 40004
6702498036045 916 -3.62930297851563 -1.67698442935944 0.02253389358521 50004
7006165663643 916 -2.17095947265625 2.53113317489624 0.0144407749176 60004
7309833291243 916 -1.134765625 2.31178426742554 0.00815439224243 70004
7613500918843 916 0.72021484375 1.46564745903015 -0.00450420379639 80004
7917168546446 916 -1.07073974609375 -3.84457898139954 0.0079231262207 90004
5182482174646 917 -0.18743492662907 0.5287521481514 0.00204637669958 4
5487827525646 917 0.73808288574219 1.50267660617828 -0.00449794530869 10004
5791495153249 917 -0.054931640625 0.16447608172894 -0.00000023841858 20004
6095162780842 917 5.27117919921875 1.58030605316162 -0.03316736221313 30004
6398830408449 917 -0.16839599609375 1.18007481098175 0.00199437141418 40004
6702498036045 917 -3.7130126953125 -1.84259903430939 0.02455711364746 50004
7006165663643 917 -2.17095947265625 2.53113317489624 0.0144407749176 60004
7309833291244 917 0.020263671875 0.06638241559267 0.00000095367432 70004
7613500918843 917 0.947021484375 1.68260586261749 -0.00562906265259 80004
7917168546446 917 -0.976318359375 -4.17208528518677 0.00680303573608 90004
5182482174646 918 -0.41224992275238 0.79688411951065 0.00204637623392 4
5487827525646 918 0.95249938964844 1.91017949581146 -0.00562185049057 10004
5791495153249 918 -0.054931640625 0.16447608172894 -0.00000023841858 20004
6095162780842 918 5.52169799804688 1.59760284423828 -0.03541588783264 30004
6398830408449 918 -0.13677978515625 1.43662774562836 0.00199437141418 40004
6702498036045 918 -3.77239990234375 -2.02404499053955 0.02455949783325 50004
7006165663643 918 -2.17095947265625 2.53113317489624 0.0144407749176 60004
7309833291244 918 0.0911865234375 0.29872086644173 0.00000381469727 70004
7613500918843 918 1.1256103515625 1.90570676326752 -0.00675296783447 80004
7917168546446 918 -0.7669677734375 -4.49000978469849 0.00568819046021 90004
5182482174646 919 -0.51998281478882 1.11788415908813 0.0040481640026 4
5487827525646 919 1.29728698730469 2.20724964141846 -0.00801515579224 10004
5791495153249 919 -0.0362548828125 0.31946232914925 -0.00000047683716 20004
6095162780842 919 5.8870849609375 1.69649887084961 -0.03766298294067 30004
6398830408449 919 -0.18499755859375 1.6364837884903 0.0008704662323 40004
6702498036045 919 -3.7677001953125 -2.22173309326172 0.02456259727478 50004
7006165663643 919 -2.17095947265625 2.53113317489624 0.0144407749176 60004
7309833291244 919 0.117431640625 0.58287644386292 0.0000057220459 70004
7613500918843 919 1.224365234375 2.23987698554993 -0.00787782669067 80004
7917168546446 919 -0.45947265625 -4.70593309402466 0.00344753265381 90004
5182482174646 920 -0.55915814638138 1.37001311779022 0.00404816120863 4
5487827525647 920 -0.02105712890625 0.11113307625055 0 10004
5791495153249 920 -0.03036499023438 0.4427402317524 -0.00000083446503 20004
6095162780842 920 6.24978637695313 1.76624381542206 -0.0400550365448 30004
6398830408449 920 -0.21710205078125 1.77033758163452 0.0008692741394 40004
6702498036045 920 -3.74380493164063 -2.40343332290649 0.02456736564636 50004
7006165663643 920 -2.16180419921875 2.54508066177368 0.01444220542908 60004
7309833291244 920 0.091552734375 0.84413623809814 0.00000858306885 70004
7613500918844 920 -0.0506591796875 0.10866264998913 -0.00000047683716 80004
7917168546446 920 -0.1639404296875 -4.8983793258667 0.0012059211731 90004
5182482174646 921 -0.52541053295135 1.56097364425659 0.00404815748334 4
5487827525647 921 -0.084228515625 0.44453218579292 -0.00000005960464 10004
5791495153249 921 -0.050048828125 0.50256377458572 -0.00000095367432 20004
6095162780842 921 6.67880249023438 1.78262853622437 -0.04244780540466 30004
6398830408449 921 -0.20794677734375 1.84548771381378 0.00086903572083 40004
6702498036045 921 -3.698486328125 -2.60499954223633 0.02457213401794 50004
7006165663643 921 -2.13433837890625 2.58692312240601 0.01444411277771 60004
7309833291244 921 -0.018310546875 1.12598633766174 0.00001001358032 70004
7613500918844 921 -0.20281982421875 0.43465062975883 0.00205087661743 80004
7917168546446 921 0.16851806640625 -5.13470697402954 -0.00104475021362 90004
5182482174646 922 -0.5296328663826 1.93589997291565 0.00404815562069 4
5487827525647 922 -0.24574279785156 0.717056453228 0.00203961133957 10004
5791495153249 922 -0.17066955566406 0.73064720630646 -0.00000083446503 20004
6095162780842 922 7.10198974609375 1.85441875457764 -0.04498863220215 30004
6398830408449 922 -0.11959838867188 2.00659918785095 0.00086760520935 40004
6702498036045 922 -3.49337768554688 -2.87078142166138 0.02345418930054 50004
7006165663643 922 -2.0382080078125 2.83701229095459 0.01332354545593 60004
7309833291244 922 -0.19970703125 1.29938399791718 0.00207281112671 70004
7613500918844 922 -0.304443359375 0.78006988763809 0.00204753875732 80004
7917168546446 922 0.414794921875 -5.46125030517578 -0.00217533111572 90004
5182482174646 923 -0.5749459862709 2.30695128440857 0.00404815282673 4
5487827525647 923 -0.46697998046875 0.92861694097519 0.00395059585571 10004
5791495153249 923 -0.22346496582031 0.88486975431442 0.00203943252563 20004
6095162780842 923 7.47824096679688 2.04093980789185 -0.0473827123642 30004
6398830408449 923 -0.0806884765625 2.2010223865509 0.00086545944214 40004
6702498036045 923 -3.33673095703125 -3.19681644439697 0.02233624458313 50004
7006165663643 923 -1.86578369140625 3.05555868148804 0.012202501297 60004
7309833291244 923 -0.33489990234375 1.54639577865601 0.00207996368408 70004
7613500918844 923 -0.34197998046875 1.1349812746048 0.00204467773438 80004
7917168546446 923 0.55230712890625 -5.83673095703125 -0.00329113006592 90004
5182482174647 924 -0.00509900273755 0.07142905890942 -0.00000000000364 4
5487827525647 924 -0.66752624511719 1.10858535766602 0.00395005941391 10004
5791495153249 924 -0.271484375 1.01489269733429 0.00203764438629 20004
6095162780842 924 7.73660278320313 2.24291801452637 -0.04962801933289 30004
6398830408450 924 -0.01959228515625 0.04611782357097 -0.00000023841858 40004
6702498036045 924 -3.1934814453125 -3.48803687095642 0.02121734619141 50004
7006165663643 924 -1.664306640625 3.26169967651367 0.01107907295227 60004
7309833291244 924 -0.4549560546875 1.77907299995422 0.00208616256714 70004
7613500918844 924 -0.34857177734375 1.44441056251526 0.00204229354858 80004
7917168546446 924 0.6300048828125 -6.18197774887085 -0.00328636169434 90004
5182482174647 925 -0.03229362517595 0.45238330960274 -0.00000000004366 4
5487827525647 925 -0.84418487548828 1.42451298236847 0.00595283508301 10004
5791495153249 925 -0.460205078125 1.29141485691071 0.00203573703766 20004
6095162780842 925 7.85964965820313 2.45297813415527 -0.04962611198425 30004
6398830408450 925 -0.12408447265625 0.2920795083046 -0.00000071525574 40004
6702498036045 925 -2.90182495117188 -3.7748601436615 0.01897597312927 50004
7006165663643 925 -1.33831787109375 3.64014053344727 0.00882387161255 60004
7309833291244 925 -0.6981201171875 2.01088452339172 0.00417184829712 70004
7613500918844 925 -0.36419677734375 1.81591820716858 0.00204038619995 80004
7917168546446 925 0.7481689453125 -6.60125112533569 -0.00440359115601 90004
5182482174647 926 -0.04252057522535 0.81027102470398 -0.00000000008731 4
5487827525647 926 -1.11197662353516 1.62948668003082 0.00786823034286 10004
5791495153249 926 -0.57666015625 1.62660646438599 0.00407826900482 20004
6095162780842 926 7.94424438476563 2.64348745346069 -0.05074667930603 30004
6398830408450 926 -0.17254638671875 0.65603458881378 0.00201487541199 40004
6702498036045 926 -2.7852783203125 -4.05493831634521 0.01897597312927 50004
7006165663644 926 0.0880126953125 0.25297808647156 -0.00000190734863 60004
7309833291244 926 -0.90130615234375 2.2513325214386 0.00623083114624 70004
7613500918844 926 -0.46771240234375 2.1591579914093 0.00203847885132 80004
7917168546447 926 -0.08544921875 0.34496754407883 -0.00000381469727 90004
5182482174647 927 -0.00793900154531 1.1648656129837 -0.00000000019645 4
5487827525647 927 -1.29904174804688 1.77540850639343 0.007867872715 10004
5791495153249 927 -0.71757507324219 1.94174408912659 0.00407707691193 20004
6095162780842 927 8.01181030273438 2.97015905380249 -0.05074501037598 30004
6398830408450 927 -0.12091064453125 1.01992130279541 0.00088953971863 40004
6702498036045 927 -2.697021484375 -4.2126579284668 0.0178530216217 50004
7006165663644 927 0.1400146484375 0.5667986869812 -0.00000429153442 60004
7309833291245 927 0.052734375 0.23751428723335 0.00000095367432 70004
7613500918845 927 0.08734130859375 0.1873367279768 -0.00000190734863 80004
7917168546447 927 -0.257568359375 0.6770806312561 0.00201940536499 90004
5182482174647 928 0.03254811838269 1.47059237957001 -0.00000000007276 4
5487827525647 928 -1.39310455322266 1.85670983791351 0.00991463661194 10004
5791495153249 928 -0.87187194824219 2.1970841884613 0.00611317157745 20004
6095162780842 928 8.07174682617188 3.3087306022644 -0.05186760425568 30004
6398830408450 928 -0.02130126953125 1.33011424541473 0.00088763237 40004
6702498036045 928 -2.6029052734375 -4.2814302444458 0.0178530216217 50004
7006165663644 928 0.1788330078125 0.85630679130554 -0.00113010406494 60004
7309833291245 928 0.1129150390625 0.59324032068253 0.00000286102295 70004
7613500918845 928 0.194091796875 0.46223786473274 -0.0011248588562 80004
7917168546447 928 -0.43341064453125 0.9520970582962 0.00202178955078 90004
5182482174647 929 -0.01116875652224 1.8019003868103 -0.00000000003638 4
5487827525647 929 -1.39310455322266 1.85670983791351 0.00991380214691 10004
5791495153249 929 -1.12983703613281 2.45401835441589 0.0061115026474 20004
6095162780842 929 8.19583129882813 3.5342698097229 -0.05187094211578 30004
6398830408450 929 0.07943725585938 1.66634857654572 -0.00023674964905 40004
6702498036045 929 -2.3388671875 -4.37467002868652 0.0156090259552 50004
7006165663644 929 0.328369140625 1.12554025650024 -0.00113153457642 60004
7309833291245 929 0.0830078125 1.05125653743744 0.00000381469727 70004
7613500918845 929 0.194091796875 0.78377640247345 -0.0011248588562 80004
7917168546447 929 -0.50347900390625 1.30067992210388 0.00402450561523 90004
5182482174647 930 -0.02362500503659 2.12099885940552 -0.00000000007276 4
5487827525647 930 -1.40424346923828 1.87915575504303 0.00991332530975 10004
5791495153250 930 -0.0341796875 0.07334868609905 0 20004
6095162780842 930 8.38116455078125 3.7660174369812 -0.05299830436707 30004
6398830408450 930 0.27529907226563 1.94956934452057 -0.00136113166809 40004
6702498036045 930 -2.212158203125 -4.45172119140625 0.01449275016785 50004
7006165663644 930 0.565185546875 1.34344220161438 -0.00337433815002 60004
7309833291245 930 0.17822265625 1.49316155910492 -0.00111770629883 70004
7613500918845 930 0.279541015625 1.05908977985382 -0.00112581253052 80004
7917168546447 930 -0.63824462890625 1.62701940536499 0.00402545928955 90004
5182482174648 931 -0.01198461279273 0.09488801658154 0 4
5487827525647 931 -1.43473052978516 1.92294490337372 0.00991302728653 10004
5791495153250 931 -0.08258056640625 0.17072884738445 -0.00000023841858 20004
6095162780842 931 8.55029296875 3.97818326950073 -0.05412173271179 30004
6398830408450 931 0.49533081054688 2.18220567703247 -0.00248408317566 40004
6702498036045 931 -2.154541015625 -4.50768661499023 0.01449847221375 50004
7006165663644 931 0.811279296875 1.56509685516357 -0.00449252128601 60004
7309833291245 931 0.26708984375 1.93448436260223 -0.00111532211304 70004
7613500918845 931 0.373779296875 1.28941237926483 -0.00225067138672 80004
7917168546447 931 -0.78106689453125 1.95140528678894 0.00402641296387 90004
5182482174648 932 -0.05692663043737 0.45071586966515 -0.00000000005821 4
5487827525647 932 -1.50739288330078 2.00295901298523 0.0099128484726 10004
5791495153250 932 -0.13591003417969 0.26104417443275 -0.00000023841858 20004
6095162780842 932 8.62261962890625 4.14640378952026 -0.05524444580078 30004
6398830408450 932 0.6944580078125 2.35276556015015 -0.0036084651947 40004
6702498036045 932 -2.1307373046875 -4.52851486206055 0.01450514793396 50004
7006165663644 932 1.00628662109375 1.86763393878937 -0.005610704422 60004
7309833291245 932 0.21124267578125 2.42303276062012 -0.00111436843872 70004
7613500918845 932 0.40673828125 1.46520256996155 -0.00225067138672 80004
7917168546447 932 -0.8863525390625 2.31755924224854 0.00606489181519 90004
5182482174648 933 -0.13728220760822 0.77547013759613 -0.00000000034925 4
5487827525647 933 -1.53792572021484 2.04699993133545 0.00991272926331 10004
5791495153250 933 -0.13946533203125 0.26706519722939 -0.00000023841858 20004
6095162780842 933 8.8851318359375 4.38686561584473 -0.05636894702911 30004
6398830408451 933 -0.01983642578125 0.30168485641479 -0.00000047683716 40004
6702498036045 933 -1.9910888671875 -4.66513204574585 0.0133900642395 50004
7006165663644 933 1.1636962890625 2.16423916816711 -0.00672912597656 60004
7309833291246 933 0.1317138671875 0.28176736831665 0.00000190734863 70004
7613500918845 933 0.408935546875 1.61118352413177 -0.00225067138672 80004
7917168546448 933 -0.1253662109375 0.26804995536804 -0.00000333786011 90004
5182482174648 934 -0.15256328880787 1.07859170436859 0.00201847497374 4
5487827525647 934 -1.55180358886719 2.06784319877625 0.00991266965866 10004
5791495153250 934 -0.18365478515625 0.36503878235817 0.00203037261963 20004
6095162780842 934 9.13088989257813 4.57615280151367 -0.05861496925354 30004
6398830408451 934 0.0050048828125 0.62413012981415 -0.0000011920929 40004
6702498036046 934 -0.02178955078125 0.04684137552977 0.00000023841858 50004
7006165663645 934 -0.0120849609375 0.13996452093124 -0.00000071525574 60004
7309833291246 934 0.20263671875 0.57697874307632 -0.00112009048462 70004
7613500918845 934 0.4005126953125 1.81407248973846 -0.00225067138672 80004
7917168546448 934 -0.22052001953125 0.54620069265366 0.00199890136719 90004
5182482174648 935 -0.09232480078936 1.43153595924377 0.00089542660862 4
5487827525647 935 -1.55191802978516 2.06784319877625 0.00991261005402 10004
5791495153250 935 -0.28668212890625 0.59369719028473 0.00202822685242 20004
6095162780842 935 9.40194702148438 4.73223686218262 -0.05973720550537 30004
6398830408451 935 0.084716796875 1.01913952827454 -0.00000214576721 40004
6702498036046 935 -0.0726318359375 0.17695796489716 0.00000166893005 50004
7006165663645 935 -0.04644775390625 0.4891294836998 -0.00000166893005 60004
7309833291246 935 0.19757080078125 0.93516170978546 -0.00111961364746 70004
7613500918845 935 0.36981201171875 2.13893675804138 -0.00225257873535 80004
7917168546448 935 -0.27935791015625 0.88055032491684 0.00200080871582 90004
5182482174648 936 -0.11142365634441 1.78969240188599 0.000895426434 4
5487827525647 936 -1.55203247070313 2.06784319877625 0.00991261005402 10004
5791495153250 936 -0.28668212890625 0.59369719028473 0.00202643871307 20004
6095162780842 936 9.71920776367188 4.76887226104736 -0.06198501586914 30004
6398830408451 936 0.037109375 1.34429836273193 -0.00000286102295 40004
6702498036046 936 -0.0726318359375 0.48925867676735 0.00000166893005 50004
7006165663645 936 -0.138916015625 0.82784688472748 -0.00000309944153 60004
7309833291246 936 0.12158203125 1.28574597835541 -0.00111818313599 70004
7613500918845 936 0.2041015625 2.44110012054443 -0.00225353240967 80004
7917168546448 936 -0.20062255859375 1.21223044395447 0.00200605392456 90004
5182482174648 937 -0.02714164555073 2.10699558258057 0.00089542649221 4
5487827525647 937 -1.55213928222656 2.06784319877625 0.00991255044937 10004
5791495153250 937 -0.36862182617188 0.75300180912018 0.00202476978302 20004
6095162780842 937 9.7489013671875 4.74119281768799 -0.06184387207031 30004
6398830408451 937 0.09307861328125 1.66087627410889 -0.00000286102295 40004
6702498036046 937 0.00762939453125 0.74496728181839 0.00000357627869 50004
7006165663645 937 -0.1845703125 1.03329980373383 0.00200653076172 60004
7309833291246 937 -0.0079345703125 1.59203445911407 0.00092315673828 70004
7613500918846 937 -0.0726318359375 0.18674032390118 -0.00000095367432 80004
7917168546448 937 -0.0653076171875 1.46361255645752 0.00088405609131 90004
5182482174649 938 0.00728434789926 0.04715004935861 0.00000000001819 4
5487827525647 938 -1.54935455322266 2.07925581932068 0.00991243124008 10004
5791495153250 938 -0.45252990722656 0.96291422843933 0.00202333927155 20004
6095162780843 938 -0.0113525390625 0.07014281302691 -0.00000023841858 30004
6398830408451 938 0.16522216796875 1.95479416847229 -0.00000381469727 40004
6702498036046 938 0.10134887695313 0.94042629003525 0.00000548362732 50004
7006165663645 938 -0.1983642578125 1.17379868030548 0.00199890136719 60004
7309833291246 938 -0.11846923828125 1.84068095684052 0.0009241104126 70004
7613500918846 938 -0.19403076171875 0.42064639925957 0.0020866394043 80004
7917168546448 938 0.1065673828125 1.65928637981415 -0.00024938583374 90004
5182482174649 939 0.04613386467099 0.2986147403717 0.00000000023283 4
5487827525647 939 -1.53411865234375 2.14012312889099 0.00991231203079 10004
5791495153250 939 -0.46302795410156 1.2330539226532 0.00202143192291 20004
6095162780843 939 -0.0718994140625 0.44423779845238 -0.00000059604645 30004
6398830408451 939 0.18377685546875 2.29638886451721 -0.00112771987915 40004
6702498036046 939 0.17312622070313 1.06325578689575 0.00000786781311 50004
7006165663645 939 -0.1619873046875 1.3091059923172 0.00198841094971 60004
7309833291246 939 -0.12530517578125 2.0318660736084 0.00092601776123 70004
7613500918846 939 -0.45477294921875 0.67219692468643 0.00208473205566 80004
7917168546448 939 0.4112548828125 1.83389842510223 -0.00250339508057 90004
5182482174649 940 -0.07851473987103 0.75123000144958 0.00000000011642 4
5487827525647 940 -1.53327178955078 2.14392733573914 0.0099121928215 10004
5791495153250 940 -0.47586059570313 1.33275163173676 0.00201964378357 20004
6095162780843 940 -0.2318115234375 0.83151304721832 0.00200366973877 30004
6398830408452 940 -0.0478515625 0.10936803370714 0 40004
6702498036046 940 0.22332763671875 1.10258889198303 -0.00111269950867 50004
7006165663645 940 -0.0281982421875 1.47735941410065 0.00086236000061 60004
7309833291246 940 -0.1658935546875 2.37549161911011 0.00092792510986 70004
7613500918846 940 -0.6265869140625 0.92651492357254 0.00411701202393 80004
7917168546448 940 0.5150146484375 1.96582913398743 -0.00250720977783 90004
5182482174649 941 -0.22517523169518 1.06798338890076 0.00203659012914 4
5487827525647 941 -1.49921417236328 2.23197770118713 0.00991201400757 10004
5791495153250 941 -0.47862243652344 1.49213361740112 0.0040237903595 20004
6095162780843 941 -0.34185791015625 1.122225522995 0.00200295448303 30004
6398830408452 941 -0.0726318359375 0.24300907552242 -0.00000023841858 40004
6702498036046 941 0.242919921875 1.11615586280823 -0.00111174583435 50004
7006165663645 941 0.0526123046875 1.61079847812653 -0.00026345252991 60004
7309833291247 941 0.0048828125 0.12370481342077 0.00000095367432 70004
7613500918846 941 -0.7249755859375 1.25253212451935 0.00411605834961 80004
7917168546448 941 0.5679931640625 2.07422518730164 -0.00362539291382 90004
5182482174649 942 -0.39247599244118 1.30362272262573 0.0020365905948 4
5487827525648 942 0 -0 0 10004
5791495153250 942 -0.51646423339844 1.7303774356842 0.00402224063873 20004
6095162780843 942 -0.40478515625 1.30618095397949 0.00200271606445 30004
6398830408452 942 -0.1171875 0.40596690773964 -0.00000071525574 40004
6702498036046 942 0.242919921875 1.11615586280823 -0.00111174583435 50004
7006165663645 942 0.1217041015625 1.71930134296417 -0.00026535987854 60004
7309833291247 942 0.00537109375 0.26061278581619 0.00000238418579 70004
7613500918846 942 -0.77197265625 1.56526982784271 0.00410938262939 80004
7917168546448 942 0.5848388671875 2.13075661659241 -0.00362253189087 90004
5182482174649 943 -0.67402696609497 1.70156610012054 0.0040747798048 4
5487827525648 943 0 -0 0 10004
5791495153250 943 -0.66752624511719 2.15922451019287 0.00402164459229 20004
6095162780843 943 -0.47940063476563 1.49067223072052 0.00200247764587 30004
6398830408452 943 -0.2685546875 0.69167476892471 0.00202059745789 40004
6702498036046 943 0.242919921875 1.11615586280823 -0.00111174583435 50004
7006165663645 943 0.28924560546875 1.88260674476624 -0.0013906955719 60004
7309833291247 943 -0.0111083984375 0.31012457609177 0.00000381469727 70004
7613500918846 943 -0.83148193359375 1.89892947673798 0.00611448287964 80004
7917168546448 943 0.58392333984375 2.13075661659241 -0.00361967086792 90004
5182482174649 944 -1.06754910945892 1.94201970100403 0.00614698557183 4
5487827525648 944 0.02608489990234 0.04944421350956 -0.00000035762787 10004
5791495153250 944 -0.81924438476563 2.5696587562561 0.00607812404633 20004
6095162780843 944 -0.57742309570313 1.63113045692444 0.00402939319611 30004
6398830408452 944 -0.53936767578125 0.92009389400482 0.0040283203125 40004
6702498036046 944 0.2667236328125 1.11670136451721 -0.00110983848572 50004
7006165663645 944 0.36785888671875 2.0703718662262 -0.00139284133911 60004
7309833291247 944 -0.01220703125 0.31342536211014 0.00000381469727 70004
7613500918846 944 -0.762451171875 2.20577073097229 0.00497674942017 80004
7917168546448 944 0.54815673828125 2.27448701858521 -0.00361728668213 90004
5182482174649 945 -1.40509855747223 2.22915577888489 0.00818930007517 4
5487827525648 945 0.04470825195313 0.16857343912125 -0.0000005364418 10004
5791495153251 945 -0.0758056640625 0.16883052885532 0 20004
6095162780843 945 -0.64471435546875 1.717529296875 0.00402879714966 30004
6398830408452 945 -0.87869262695313 1.08501482009888 0.00612044334412 40004
6702498036046 945 0.390380859375 1.09811806678772 -0.00223088264465 50004
7006165663645 945 0.4979248046875 2.2710964679718 -0.00251269340515 60004
7309833291247 945 -0.0537109375 0.39530521631241 0.00000381469727 70004
7613500918847 945 -0.06298828125 0.16253112256527 -0.00000047683716 80004
7917168546449 945 0 0.00067746115383 0 90004
5182482174650 946 -0.01980077661574 0.04944080114365 0 4
5487827525648 946 0.06647491455078 0.34201169013977 -0.00000083446503 10004
5791495153251 946 -0.23741149902344 0.48346143960953 0.00204026699066 20004
6095162780843 946 -0.71292114257813 1.77279603481293 0.00402820110321 30004
6398830408452 946 -1.25424194335938 1.16661190986633 0.00820255279541 40004
6702498036046 946 0.61129760742188 1.07726263999939 -0.00335144996643 50004
7006165663646 946 -0.00457763671875 0.04448978975415 -0.00000047683716 60004
7309833291247 946 -0.12841796875 0.53423029184341 0.00000524520874 70004
7613500918847 946 -0.18670654296875 0.43417629599571 0.00201892852783 80004
7917168546449 946 -0.0135498046875 0.01743756234646 0 90004
5182482174650 947 -0.11879952996969 0.2966320514679 -0.00000000029104 4
5487827525648 947 0.14097595214844 0.51537048816681 -0.00000143051147 10004
5791495153251 947 -0.47724914550781 0.79044193029404 0.00203847885132 20004
6095162780843 947 -0.92578125 1.91870284080505 0.00608229637146 30004
6398830408452 947 -1.639892578125 1.18323087692261 0.01034379005432 40004
6702498036046 947 0.8843994140625 1.11456322669983 -0.00559401512146 50004
7006165663646 947 -0.0274658203125 0.26693877577782 -0.00000143051147 60004
7309833291247 947 -0.1910400390625 0.61475646495819 0.00201320648193 70004
7613500918847 947 -0.33319091796875 0.57341867685318 0.00201606750488 80004
7917168546449 947 -0.081298828125 0.09615712612867 0 90004
5182482174650 948 -0.12611781060696 0.43563365936279 -0.0000000007567 4
5487827525648 948 0.14939880371094 0.58722746372223 -0.00000214576721 10004
5791495153251 948 -0.60824584960938 1.09937572479248 0.00411856174469 20004
6095162780843 948 -1.03439331054688 2.04535269737244 0.00608253479004 30004
6398830408452 948 -1.95269775390625 1.07705843448639 0.01244592666626 40004
6702498036046 948 1.17431640625 1.17671465873718 -0.00671243667603 50004
7006165663646 948 0.039306640625 0.52897095680237 -0.00000309944153 60004
7309833291247 948 -0.35052490234375 0.75687199831009 0.00201940536499 70004
7613500918847 948 -0.44537353515625 0.63439053297043 0.00201416015625 80004
7917168546449 948 -0.18511962890625 0.20031067728996 0.0020227432251 90004
5182482174650 949 -0.10652954876423 0.57306772470474 -0.00000000104774 4
5487827525648 949 0.15065765380859 0.65396440029144 -0.00000286102295 10004
5791495153251 949 -0.682861328125 1.39630377292633 0.00411808490753 20004
6095162780843 949 -1.1097412109375 2.17920279502869 0.00608313083649 30004
6398830408452 949 -2.20477294921875 0.99003899097443 0.01458668708801 40004
6702498036046 949 1.44146728515625 1.26560091972351 -0.00895071029663 50004
7006165663646 949 0.13140869140625 0.77525442838669 -0.00000596046448 60004
7309833291247 949 -0.50213623046875 0.92738682031631 0.00405693054199 70004
7613500918847 949 -0.5755615234375 0.67397850751877 0.00402736663818 80004
7917168546449 949 -0.26934814453125 0.2862321138382 0.00202655792236 90004
5182482174650 950 -0.03264845535159 0.8264132142067 -0.00000000149885 4
5487827525648 950 0.16313171386719 0.78824830055237 -0.00000369548798 10004
5791495153251 950 -0.65081787109375 1.78461015224457 0.00411689281464 20004
6095162780843 950 -1.15826416015625 2.40992283821106 0.00809001922607 30004
6398830408452 950 -2.39715576171875 0.99834847450256 0.01458168029785 40004
6702498036046 950 1.74090576171875 1.4761221408844 -0.01119160652161 50004
7006165663646 950 0.3062744140625 1.05605673789978 -0.001131772995 60004
7309833291247 950 -0.6422119140625 1.24250185489655 0.00406408309937 70004
7613500918847 950 -0.8470458984375 0.69843846559525 0.00604724884033 80004
7917168546449 950 -0.30047607421875 0.33269467949867 0.00202655792236 90004
5182482174650 951 0.10820533335209 1.02826261520386 -0.00000000128057 4
5487827525648 951 0.19530487060547 0.92675173282623 -0.00112795829773 10004
5791495153251 951 -0.64251708984375 1.99217736721039 0.00411653518677 20004
6095162780844 951 -0.012451171875 0.26067143678665 -0.00000059604645 30004
6398830408452 951 -2.707763671875 0.88121461868286 0.01669716835022 40004
6702498036046 951 2.0211181640625 1.67174172401428 -0.01231122016907 50004
7006165663646 951 0.4833984375 1.20224595069885 -0.00225234031677 60004
7309833291247 951 -0.765625 1.37516295909882 0.00407075881958 70004
7613500918847 951 -0.9688720703125 0.71860629320145 0.00604009628296 80004
7917168546449 951 -0.30535888671875 0.3388896882534 0.002028465271 90004
5182482174650 952 0.2154034525156 1.22682547569275 -0.00112304650247 4
5487827525648 952 0.26278686523438 1.09611189365387 -0.00112962722778 10004
5791495153251 952 -0.62625122070313 2.22520232200623 0.00411570072174 20004
6095162780844 952 -0.01541137695313 0.51386404037476 -0.00000095367432 30004
6398830408452 952 -3.005126953125 0.73567128181458 0.01883840560913 40004
6702498036046 952 2.284423828125 1.84685873985291 -0.01455402374268 50004
7006165663646 952 0.66436767578125 1.35225450992584 -0.00337052345276 60004
7309833291247 952 -0.83575439453125 1.43559348583221 0.00610256195068 70004
7613500918847 952 -1.05255126953125 0.72335505485535 0.00603294372559 80004
7917168546449 952 -0.30615234375 0.3388896882534 0.00203037261963 90004
5182482174650 953 0.27502086758614 1.48640584945679 -0.0011230452219 4
5487827525648 953 0.40383148193359 1.36296427249908 -0.00225400924683 10004
5791495153252 953 0 -0 0 20004
6095162780844 953 0.0006103515625 0.75209873914719 -0.00000190734863 30004
6398830408452 953 -3.32772827148438 0.53552484512329 0.02085089683533 40004
6702498036046 953 2.59341430664063 2.03710961341858 -0.01567363739014 50004
7006165663646 953 0.899658203125 1.58478236198425 -0.00561165809631 60004
7309833291247 953 -0.836669921875 1.43559348583221 0.00610971450806 70004
7613500918847 953 -1.1322021484375 0.70378834009171 0.00802564620972 80004
7917168546449 953 -0.30706787109375 0.3388896882534 0.00203323364258 90004
5182482174650 954 0.42784798145294 1.68247604370117 -0.00224608951248 4
5487827525648 954 0.63896179199219 1.54108059406281 -0.00337815284729 10004
5791495153252 954 0.12945556640625 0.39522352814674 -0.00000071525574 20004
6095162780844 954 -0.10952758789063 1.03597211837769 -0.00000274181366 30004
6398830408452 954 -3.52456665039063 0.23416486382484 0.02291655540466 40004
6702498036046 954 2.86044311523438 2.06805825233459 -0.01791572570801 50004
7006165663646 954 1.0936279296875 1.82501983642578 -0.00672936439514 60004
7309833291247 954 -0.9588623046875 1.54134690761566 0.00611686706543 70004
7613500918847 954 -1.310791015625 0.56022280454636 0.00801801681519 80004
7917168546449 954 -0.30792236328125 0.3388896882534 0.00203561782837 90004
5182482174650 955 0.5236976146698 1.89866948127747 -0.00336913089268 4
5487827525648 955 0.82663726806641 1.70832657814026 -0.00450110435486 10004
5791495153252 955 0.21995544433594 0.74717229604721 -0.00112473964691 20004
6095162780844 955 -0.17596435546875 1.35237872600555 0.00200569629669 30004
6398830408452 955 -3.75509643554688 -0.07451333105564 0.0249171257019 40004
6702498036046 955 3.07406616210938 2.04826641082764 -0.01903462409973 50004
7006165663646 955 1.31817626953125 2.06786131858826 -0.00785183906555 60004
7309833291247 955 -1.01177978515625 1.58666980266571 0.0061240196228 70004
7613500918847 955 -1.45233154296875 0.36516550183296 0.01001405715942 80004
7917168546449 955 -0.291259765625 0.38644659519196 0.00203990936279 90004
5182482174650 956 0.55337810516357 2.09494256973267 -0.00336912530474 4
5487827525648 956 0.97207641601563 1.83458209037781 -0.00562530755997 10004
5791495153252 956 0.25479125976563 1.02919113636017 -0.00112521648407 20004
6095162780844 956 -0.18997192382813 1.6327691078186 0.00200498104095 30004
6398830408452 956 -3.95480346679688 -0.3086042702198 0.02491497993469 40004
6702498036046 956 3.19573974609375 2.00745224952698 -0.02015376091003 50004
7006165663646 956 1.50689697265625 2.28023219108582 -0.00898051261902 60004
7309833291247 956 -1.0125732421875 1.58666980266571 0.00613021850586 70004
7613500918847 956 -1.56536865234375 0.17463222146034 0.01000690460205 80004
7917168546449 956 -0.27227783203125 0.46767708659172 0.00204372406006 90004
5182482174650 957 0.50142353773117 2.33800721168518 -0.00336912227795 4
5487827525648 957 1.24477386474609 1.9405232667923 -0.00787180662155 10004
5791495153252 957 0.19903564453125 1.44135844707489 -0.00112545490265 20004
6095162780844 957 -0.1209716796875 1.92933630943298 0.00087928771973 30004
6398830408452 957 -4.10263061523438 -0.41131398081779 0.02695608139038 40004
6702498036046 957 3.19915771484375 2.00456166267395 -0.02015161514282 50004
7006165663646 957 1.61474609375 2.57005524635315 -0.01010966300964 60004
7309833291247 957 -1.013427734375 1.58666980266571 0.00613689422607 70004
7613500918847 957 -1.80267333984375 -0.01668411120772 0.01200485229492 80004
7917168546449 957 -0.28509521484375 0.62941479682922 0.00204658508301 90004
5182482174651 958 -0.02125682123005 0.04558539390564 -0.00000000001455 4
5487827525648 958 1.52591705322266 2.026198387146 -0.00899523496628 10004
5791495153252 958 0.04653930664063 1.82287776470184 -0.00112569332123 20004
6095162780844 958 -0.0189208984375 2.12969326972961 0.00087690353394 30004
6398830408452 958 -4.21139526367188 -0.49530932307243 0.02695369720459 40004
6702498036046 958 3.24407958984375 1.96350741386414 -0.02014756202698 50004
7006165663647 958 -0.1031494140625 0.2211819589138 -0.00000071525574 60004
7309833291247 958 -1.017333984375 1.61402952671051 0.00614404678345 70004
7613500918847 958 -1.96514892578125 -0.26412224769592 0.01200246810913 80004
7917168546449 958 -0.28875732421875 0.67851936817169 0.00204706192017 90004
5182482174651 959 -0.04452846944332 0.11066348105669 -0.00000000008731 4
5487827525648 959 1.78599548339844 2.10933542251587 -0.01124173402786 10004
5791495153252 959 -0.11314392089844 2.12482857704163 0.00090646743774 20004
6095162780844 959 0.095947265625 2.30173540115356 -0.00024652481079 30004
6398830408452 959 -4.30429077148438 -0.60500890016556 0.02695155143738 40004
6702498036046 959 3.34002685546875 1.90695440769196 -0.02126574516296 50004
7006165663647 959 -0.2196044921875 0.50788193941116 0.00200223922729 60004
7309833291247 959 -1.01715087890625 1.66538572311401 0.00615167617798 70004
7613500918847 959 -2.09161376953125 -0.50378793478012 0.01402378082275 80004
7917168546449 959 -0.28619384765625 0.68999534845352 0.00204706192017 90004
5182482174651 960 -0.05461039021611 0.2081433981657 -0.00000000023283 4
5487827525648 960 2.07002258300781 2.24799489974976 -0.01236540079117 10004
5791495153252 960 -0.22816467285156 2.31562638282776 0.00090515613556 20004
6095162780844 960 0.25982666015625 2.58382868766785 -0.0013701915741 30004
6398830408452 960 -4.43612670898438 -0.88025808334351 0.02900171279907 40004
6702498036046 960 3.60003662109375 1.82533121109009 -0.02238440513611 50004
7006165663647 960 -0.287353515625 0.83547174930573 0.00199508666992 60004
7309833291247 960 -0.9979248046875 1.78536808490753 0.00616645812988 70004
7613500918847 960 -2.25091552734375 -0.73823446035385 0.01402187347412 80004
7917168546449 960 -0.27337646484375 0.73290622234344 0.00204944610596 90004
5182482174651 961 -0.105254560709 0.44687774777412 -0.00000000046566 4
5487827525648 961 2.33486938476563 2.37792778015137 -0.01461219787598 10004
5791495153253 961 -0.029296875 0.31807291507721 -0.00000023841858 20004
6095162780845 961 -0.021240234375 0.11507166177034 -0.00000035762787 30004
6398830408452 961 -4.51229858398438 -0.98720967769623 0.02899932861328 40004
6702498036046 961 3.92742919921875 1.79843497276306 -0.02462697029114 50004
7006165663647 961 -0.373291015625 1.16147470474243 0.00198864936829 60004
7309833291247 961 -0.895751953125 2.01401996612549 0.00617980957031 70004
7613500918847 961 -2.45965576171875 -0.88263243436813 0.01607799530029 80004
7917168546449 961 -0.19622802734375 0.82046937942505 0.00205373764038 90004
5182482174651 962 -0.21523033082485 0.69853240251541 0.00203091464937 4
5487827525648 962 2.53369140625 2.47502684593201 -0.01573598384857 10004
5791495153253 962 -0.1019287109375 0.65211582183838 -0.00000047683716 20004
6095162780845 962 -0.02960205078125 0.3003733754158 -0.00000083446503 30004
6398830408452 962 -4.5570068359375 -1.05512833595276 0.02899670600891 40004
6702498036046 962 4.23965454101563 1.81942629814148 -0.0268669128418 50004
7006165663647 962 -0.45416259765625 1.4680073261261 0.00198268890381 60004
7309833291247 962 -0.82342529296875 2.27048420906067 0.00619077682495 70004
7613500918847 962 -2.6630859375 -0.96809548139572 0.01607370376587 80004
7917168546449 962 -0.131591796875 0.92087751626968 0.00093603134155 90004
5182482174651 963 -0.44659259915352 1.00202238559723 0.00203091348521 4
5487827525648 963 2.67621612548828 2.54344034194946 -0.01686000823975 10004
5791495153253 963 -0.2611083984375 1.01818180084229 0.00200819969177 20004
6095162780845 963 -0.01220703125 0.62613540887833 -0.00000202655792 30004
6398830408452 963 -4.57394409179688 -1.1183819770813 0.02899312973022 40004
6702498036046 963 4.59280395507813 1.91442656517029 -0.02910828590393 50004
7006165663647 963 -0.543701171875 1.82295656204224 0.00398111343384 60004
7309833291248 963 0 -0 0 70004
7613500918847 963 -2.89837646484375 -0.99820774793625 0.01809024810791 80004
7917168546449 963 -0.08856201171875 1.05841886997223 0.00094223022461 90004
5182482174651 964 -0.61552572250366 1.09064710140228 0.00403649918735 4
5487827525648 964 2.99224090576172 2.54700946807861 -0.01910722255707 10004
5791495153253 964 -0.48298645019531 1.35002934932709 0.00200629234314 20004
6095162780845 964 0.02029418945313 0.76866799592972 -0.00000298023224 30004
6398830408452 964 -4.57394409179688 -1.1183819770813 0.02898955345154 40004
6702498036046 964 4.94757080078125 2.00529980659485 -0.03134965896606 50004
7006165663647 964 -0.492431640625 2.09283089637756 0.00397872924805 60004
7309833291248 964 -0.12451171875 0.27134719491005 0.00000190734863 70004
7613500918847 964 -3.0823974609375 -0.93942713737488 0.02016019821167 80004
7917168546449 964 -0.0894775390625 1.05841886997223 0.00094509124756 90004
5182482174651 965 -0.67183285951614 1.12018442153931 0.00403649313375 4
5487827525648 965 3.20099639892578 2.51190948486328 -0.0202317237854 10004
5791495153253 965 -0.631591796875 1.71618783473969 0.00405216217041 20004
6095162780845 965 -0.01434326171875 1.02884650230408 -0.00000429153442 30004
6398830408452 965 -4.56997680664063 -1.13668298721313 0.02898669242859 40004
6702498036046 965 5.28433227539063 2.14447426795959 -0.03359079360962 50004
7006165663647 965 -0.477783203125 2.24391198158264 0.00397682189941 60004
7309833291248 965 -0.23193359375 0.58995980024338 0.00201606750488 70004
7613500918847 965 -3.35809326171875 -0.87975245714188 0.02229309082031 80004
7917168546449 965 -0.06658935546875 1.16856229305267 0.00094890594482 90004
5182482174651 966 -0.67183285951614 1.12018442153931 0.00403648754582 4
5487827525648 966 3.32566833496094 2.45490503311157 -0.02135515213013 10004
5791495153253 966 -0.715576171875 2.00269198417664 0.00405156612396 20004
6095162780845 966 -0.0718994140625 1.2703812122345 -0.00000441074371 30004
6398830408452 966 -4.56600952148438 -1.15498399734497 0.02898526191711 40004
6702498036046 966 5.54080200195313 2.28345990180969 -0.03470873832703 50004
7006165663648 966 -0.0069580078125 0.02860231883824 0 60004
7309833291248 966 -0.2955322265625 0.86553210020065 0.00202178955078 70004
7613500918847 966 -3.61590576171875 -0.84742790460587 0.02229595184326 80004
7917168546449 966 -0.04632568359375 1.32376778125763 0.00095224380493 90004
5182482174651 967 -0.67183285951614 1.12018442153931 0.0040364805609 4
5487827525648 967 3.4847412109375 2.2994499206543 -0.02135610580444 10004
5791495153253 967 -0.78584289550781 2.23524308204651 0.00405132770538 20004
6095162780845 967 -0.16213989257813 1.48688018321991 -0.00000715255737 30004
6398830408452 967 -4.56600952148438 -1.15498399734497 0.02898526191711 40004
6702498036046 967 5.82827758789063 2.50922679901123 -0.03694820404053 50004
7006165663648 967 -0.05914306640625 0.24311976134777 0 60004
7309833291248 967 -0.2784423828125 1.2210967540741 0.00203275680542 70004
7613500918847 967 -3.9375 -0.90560233592987 0.02436017990112 80004
7917168546449 967 -0.06829833984375 1.66173326969147 0.00095415115356 90004
5182482174651 968 -0.77709352970123 1.20377361774445 0.00403647590429 4
5487827525648 968 3.60643005371094 2.14795398712158 -0.0224814414978 10004
5791495153254 968 -0.10272216796875 0.22022758424282 0 20004
6095162780845 968 -0.17486572265625 1.66371643543243 0.0020250082016 30004
6398830408452 968 -4.56600952148438 -1.15498399734497 0.02898526191711 40004
6702498036046 968 6.06427001953125 2.75493860244751 -0.0380687713623 50004
7006165663648 968 -0.07830810546875 0.30962470173836 -0.00000095367432 60004
7309833291248 968 -0.37384033203125 1.5340963602066 0.00204133987427 70004
7613500918847 968 -4.1890869140625 -0.86795848608017 0.02642869949341 80004
7917168546449 968 -0.19219970703125 1.9474024772644 0.0009560585022 90004
5182482174651 969 -0.89668691158295 1.33914637565613 0.00607067951933 4
5487827525648 969 3.69261169433594 1.98779785633087 -0.02360552549362 10004
5791495153254 969 -0.20655822753906 0.42692625522614 0.00202453136444 20004
6095162780845 969 -0.1702880859375 1.7733758687973 0.00202429294586 30004
6398830408452 969 -4.56600952148438 -1.15517318248749 0.02898526191711 40004
6702498036046 969 6.27410888671875 2.95511507987976 -0.04031372070313 50004
7006165663648 969 -0.08544921875 0.32893499732018 -0.00000143051147 60004
7309833291248 969 -0.45660400390625 1.80318164825439 0.00204753875732 70004
7613500918847 969 -4.40618896484375 -0.83927440643311 0.02846479415894 80004
7917168546449 969 -0.29437255859375 2.19342231750488 0.00095891952515 90004
5182482174651 970 -1.06392467021942 1.67389333248138 0.00607067951933 4
5487827525648 970 3.75635528564453 1.67951941490173 -0.02360624074936 10004
5791495153254 970 -0.30577087402344 0.55952507257462 0.00202262401581 20004
6095162780845 970 -0.16937255859375 1.77538752555847 0.00202333927155 30004
6398830408452 970 -4.56600952148438 -1.15611910820007 0.02898526191711 40004
6702498036046 970 6.59271240234375 3.1355311870575 -0.04143667221069 50004
7006165663648 970 -0.08544921875 0.32893499732018 -0.00000143051147 60004
7309833291248 970 -0.4666748046875 2.15907144546509 0.00205516815186 70004
7613500918847 970 -4.727294921875 -0.89744883775711 0.03055763244629 80004
7917168546449 970 -0.31634521484375 2.53138780593872 0.00297069549561 90004
5182482174651 971 -1.09446108341217 2.02375149726868 0.00607067812234 4
5487827525648 971 3.71807098388672 1.38995623588562 -0.02360653877258 10004
5791495153254 971 -0.39720153808594 0.67195338010788 0.00202095508575 20004
6095162780845 971 -0.16925048828125 1.77565574645996 0.00202333927155 30004
6398830408452 971 -4.56600952148438 -1.15624523162842 0.02898526191711 40004
6702498036046 971 6.88497924804688 3.31255412101746 -0.04367971420288 50004
7006165663648 971 -0.08544921875 0.32893499732018 -0.00000143051147 60004
7309833291248 971 -0.451171875 2.34771203994751 0.00312900543213 70004
7613500918847 971 -5.0081787109375 -1.01344513893127 0.03255748748779 80004
7917168546450 971 0.10546875 0.22570043802261 -0.00000667572021 90004
5182482174651 972 -1.05459535121918 2.33178758621216 0.00713876681402 4
5487827525648 972 3.69992828369141 1.17328011989594 -0.02360677719116 10004
5791495153254 972 -0.46847534179688 0.80074846744537 0.00201940536499 20004
6095162780845 972 -0.15643310546875 1.83427631855011 0.00202310085297 30004
6398830408452 972 -4.55380249023438 -1.17670333385468 0.0289843082428 40004
6702498036046 972 7.1719970703125 3.42830348014832 -0.04591846466064 50004
7006165663648 972 -0.08148193359375 0.35515612363815 -0.00000190734863 60004
7309833291249 972 0.02685546875 0.07970871031284 0 70004
7613500918847 972 -5.2376708984375 -1.16840648651123 0.03458309173584 80004
7917168546450 972 0.20355224609375 0.45714458823204 -0.00113248825073 90004
5182482174652 973 0 -0 0 4
5487827525648 973 3.73906707763672 1.02015137672424 -0.02360737323761 10004
5791495153254 973 -0.52590942382813 0.99774616956711 0.00403320789337 20004
6095162780845 973 -0.11746215820313 2.01013803482056 0.00089538097382 30004
6398830408452 973 -4.51718139648438 -1.23807764053345 0.02897906303406 40004
6702498036046 973 7.53515625 3.46961665153503 -0.04815721511841 50004
7006165663648 973 -0.069580078125 0.43381950259209 -0.00000286102295 60004
7309833291249 973 0.107421875 0.31883481144905 0.00000286102295 70004
7613500918847 973 -5.4500732421875 -1.41681122779846 0.03457880020142 80004
7917168546450 973 0.286865234375 0.70007592439651 -0.00113248825073 90004
5182482174652 974 0.14843860268593 0.31832784414291 -0.00000000011642 4
5487827525648 974 3.71537780761719 0.83352017402649 -0.02360767126083 10004
5791495153254 974 -0.6453857421875 1.3068904876709 0.00403261184692 20004
6095162780845 974 -0.0859375 2.36876368522644 0.00088882446289 30004
6398830408452 974 -4.51718139648438 -1.23807764053345 0.02897906303406 40004
6702498036046 974 7.90090942382813 3.48452615737915 -0.05040097236633 50004
7006165663648 974 -0.1336669921875 0.6543453335762 -0.00000381469727 60004
7309833291249 974 0.13031005859375 0.62025612592697 0.0000057220459 70004
7613500918847 974 -5.5947265625 -1.5891717672348 0.03660011291504 80004
7917168546450 974 0.24932861328125 1.05600428581238 -0.00113534927368 90004
5182482174652 975 0.19791729748249 0.62383723258972 -0.0011230452219 4
5487827525648 975 3.70618438720703 0.7512788772583 -0.0236080288887 10004
5791495153254 975 -0.67025756835938 1.6303733587265 0.0040317773819 20004
6095162780846 975 -0.0201416015625 0.12277437746525 -0.00000035762787 30004
6398830408452 975 -4.50650024414063 -1.24489521980286 0.02897524833679 40004
6702498036046 975 8.13845825195313 3.52866101264954 -0.05152225494385 50004
7006165663648 975 -0.17449951171875 0.9658231139183 0.00200295448303 60004
7309833291249 975 0.150146484375 0.92187827825546 0.00000810623169 70004
7613500918847 975 -5.697265625 -1.67933750152588 0.03659677505493 80004
7917168546450 975 0.1788330078125 1.27687168121338 -0.00113868713379 90004
5182482174652 976 0.20520900189877 0.89677214622498 -0.00112304312643 4
5487827525648 976 3.70488739013672 0.73124575614929 -0.02360880374908 10004
5791495153254 976 -0.66679382324219 1.91609740257263 0.00403070449829 20004
6095162780846 976 -0.03982543945313 0.3148846924305 -0.00000059604645 30004
6398830408452 976 -4.45938110351563 -1.27335464954376 0.02897191047668 40004
6702498036047 976 -0.00027465820313 0.00304625090212 0 50004
7006165663648 976 -0.1873779296875 1.27816784381866 0.0019953250885 60004
7309833291249 976 0.17864990234375 1.15370690822601 -0.00111103057861 70004
7613500918847 976 -5.80047607421875 -1.72928309440613 0.03659391403198 80004
7917168546450 976 0.1171875 1.42480909824371 -0.00114154815674 90004
5182482174652 977 0.24166756868362 1.26443552970886 -0.0011230398668 4
5487827525648 977 3.70488739013672 0.73124575614929 -0.02360969781876 10004
5791495153254 977 -0.7242431640625 2.24246788024902 0.00403034687042 20004
6095162780846 977 -0.03753662109375 0.66156440973282 -0.00000107288361 30004
6398830408452 977 -4.27719116210938 -1.38156390190125 0.02784276008606 40004
6702498036047 977 -0.00164794921875 0.01827750727534 0.00000166893005 50004
7006165663648 977 -0.15826416015625 1.65004539489746 0.00198817253113 60004
7309833291249 977 0.2601318359375 1.30710601806641 -0.00110816955566 70004
7613500918847 977 -6.044921875 -1.81544995307922 0.03861045837402 80004
7917168546450 977 0.098876953125 1.65337443351746 -0.00114488601685 90004
5182482174652 978 0.22244215011597 1.55843186378479 -0.0011230383534 4
5487827525648 978 3.70479583740234 0.72978520393372 -0.02361005544662 10004
5791495153254 978 -0.76321411132813 2.549241065979 0.00402963161469 20004
6095162780846 978 0.0814208984375 0.95840114355087 -0.00000214576721 30004
6398830408452 978 -4.04635620117188 -1.41671133041382 0.02671408653259 40004
6702498036047 978 -0.0003662109375 0.03933347389102 0.00000262260437 50004
7006165663648 978 -0.25054931640625 1.9573872089386 0.00198316574097 60004
7309833291249 978 0.2900390625 1.5237410068512 -0.00110530853271 70004
7613500918847 978 -6.2646484375 -2.01006722450256 0.04068756103516 80004
7917168546450 978 0.078125 1.82917547225952 -0.00114774703979 90004
5182482174652 979 0.22885984182358 1.81767678260803 -0.00112303660717 4
5487827525648 979 3.70473480224609 0.72881150245667 -0.02361017465591 10004
5791495153255 979 0.0482177734375 0.10342137515545 0 20004
6095162780846 979 0.1881103515625 1.21371841430664 -0.0011260509491 30004
6398830408452 979 -3.84591674804688 -1.42625761032104 0.0255868434906 40004
6702498036047 979 0.021484375 0.09867845475674 0.00000548362732 50004
7006165663648 979 -0.33917236328125 2.16316723823547 0.00197744369507 60004
7309833291249 979 0.28466796875 1.7104160785675 -0.0011043548584 70004
7613500918847 979 -6.425048828125 -2.15783429145813 0.04068899154663 80004
7917168546450 979 0.06201171875 1.94264698028564 -0.0011510848999 90004
5182482174652 980 0.31314089894295 2.17740345001221 -0.00112303486094 4
5487827525648 980 3.70473480224609 0.72881150245667 -0.02361017465591 10004
5791495153255 980 0.22903442382813 0.49125143885612 -0.0011237859726 20004
6095162780846 980 0.29156494140625 1.54462611675262 -0.00112366676331 30004
6398830408452 980 -3.61062622070313 -1.41025733947754 0.0233359336853 40004
6702498036047 980 0.09976196289063 0.27365931868553 0.00000834465027 50004
7006165663648 980 -0.431640625 2.29044699668884 0.00197100639343 60004
7309833291249 980 0.2169189453125 1.91999316215515 -0.0011043548584 70004
7613500918847 980 -6.55780029296875 -2.25413990020752 0.04272174835205 80004
7917168546450 980 0.04736328125 2.0048508644104 -0.00115394592285 90004
5182482174652 981 0.46016094088554 2.42161011695862 -0.00224607693963 4
5487827525648 981 3.70473480224609 0.72881150245667 -0.02361017465591 10004
5791495153255 981 0.5472412109375 0.77383327484131 -0.00337255001068 20004
6095162780846 981 0.25531005859375 1.88738322257996 -0.0011225938797 30004
6398830408452 981 -3.50558471679688 -1.36844372749329 0.02333164215088 40004
6702498036047 981 0.17462158203125 0.57509571313858 -0.00111269950867 50004
7006165663649 981 0.1324462890625 0.28343421220779 -0.00000286102295 60004
7309833291249 981 0.234619140625 2.11774682998657 -0.00110149383545 70004
7613500918847 981 -6.70916748046875 -2.29164576530457 0.04272317886353 80004
7917168546450 981 -0.085205078125 2.19661211967468 0.00088310241699 90004
5182482174653 982 -0.02327163144946 0.22033578157425 -0.00000000001455 4
5487827525648 982 3.69093322753906 0.68533128499985 -0.02361035346985 10004
5791495153255 982 0.86630249023438 1.05166864395142 -0.00449812412262 20004
6095162780846 982 0.19754028320313 2.12162208557129 -0.0011214017868 30004
6398830408453 982 0 -0 0 40004
6702498036047 982 0.16436767578125 0.89661568403244 -0.00111055374146 50004
7006165663649 982 0.2880859375 0.59343266487122 -0.00112795829773 60004
7309833291249 982 0.34027099609375 2.35033869743347 -0.00109958648682 70004
7613500918847 982 -6.81060791015625 -2.33607530593872 0.04474639892578 80004
7917168546451 982 0.090087890625 0.2337836176157 -0.00000476837158 90004
5182482174653 983 -0.0277025513351 0.55948549509048 -0.00000000020373 4
5487827525648 983 3.67145538330078 0.6259018778801 -0.02361053228378 10004
5791495153255 983 1.12980651855469 1.28076732158661 -0.00674426555634 20004
6095162780846 983 0.11080932617188 2.29745984077454 -0.00112020969391 30004
6398830408453 983 0 -0 0 40004
6702498036047 983 0.123779296875 1.17259562015533 -0.00110960006714 50004
7006165663649 983 0.4122314453125 0.89474123716354 -0.00224995613098 60004
7309833291250 983 0.0296630859375 0.06344257295132 0 70004
7613500918847 983 -6.86029052734375 -2.37409520149231 0.04474639892578 80004
7917168546451 983 0.1943359375 0.60484671592712 -0.00113439559937 90004
5182482174653 984 0.09235298633575 0.90872967243195 0.00000000011642 4
5487827525648 984 3.65840911865234 0.59446728229523 -0.02361071109772 10004
5791495153255 984 1.29757690429688 1.4007568359375 -0.0078684091568 20004
6095162780846 984 -0.08282470703125 2.58510708808899 0.00089383125305 30004
6398830408453 984 0 -0 0 40004
6702498036047 984 0.1658935546875 1.34657621383667 -0.00110626220703 50004
7006165663649 984 0.4287109375 1.24917721748352 -0.00224757194519 60004
7309833291250 984 0.177978515625 0.38065537810326 -0.00112104415894 70004
7613500918847 984 -6.86029052734375 -2.37409520149231 0.04474639892578 80004
7917168546451 984 0.1650390625 1.03148508071899 -0.00113725662231 90004
