# framerate: 30 fps
# id frame x/m y/m z/m
811317476738260 0 0 -9.30537986755371 0 4
811349521222720 0 0 -9.30537986755371 0 10004
811381565706980 0 0 -9.30537986755371 0 20004
811413610190720 0 0 -9.30537986755371 0 30004
811445654686570 0 0 -9.30537986755371 0 40004
811477699170080 0 0 -9.30537986755371 0 50004
811509743642910 0 0 -9.30537986755371 0 60004
811541788132800 0 0 -9.30537986755371 0 70004
811573832610860 0 0 -9.30537986755371 0 80004
811605877095300 0 0 -9.30537986755371 0 90004
811317476738260 1 0 -9.30537986755371 0 4
811349521222720 1 0 -9.30537986755371 0 10004
811381565706980 1 0 -9.30537986755371 0 20004
811413610190720 1 0 -9.30537986755371 0 30004
811445654686570 1 0 -9.30537986755371 0 40004
811477699170080 1 0 -9.30537986755371 0 50004
811509743642910 1 0 -9.30537986755371 0 60004
811541788132800 1 0 -9.30537986755371 0 70004
811573832610860 1 0 -9.30537986755371 0 80004
811605877095300 1 0 -9.30537986755371 0 90004
811317476738260 2 -0.01528406981379 -9.27260398864746 0 4
811349521222720 2 0.01853942871094 -9.26562881469727 0 10004
811381565706980 2 0.01071166992188 -9.28243446350098 0 20004
811413610190720 2 -0.00897216796875 -9.28063201904297 0 30004
811445654686570 2 0.00466918945313 -9.28523826599121 0 40004
811477699170080 2 0 -9.30537986755371 0 50004
811509743642910 2 0.01519775390625 -9.27283573150635 -0.00000095367432 60004
811541788132800 2 0 -9.30537986755371 0 70004
811573832610860 2 0.00714111328125 -9.2902193069458 0 80004
811605877095300 2 0.0146484375 -9.2739143371582 -0.00000286102295 90004
811317476738260 3 -0.09679339826107 -9.09780693054199 0 4
811349521222720 3 0.11741638183594 -9.05364608764648 -0.00000059604645 10004
811381565706980 3 0.06784057617188 -9.16005897521973 -0.00000095367432 20004
811413610190720 3 -0.05682373046875 -9.14864349365234 -0.00000059604645 30004
811445654686570 3 0.02957153320313 -9.17781639099121 -0.00000190734863 40004
811477699170080 3 0 -9.30537986755371 0 50004
811509743642910 3 0.09625244140625 -9.09926700592041 -0.00000333786011 60004
811541788132800 3 0 -9.30537986755371 0 70004
811573832610860 3 0.04522705078125 -9.20936298370361 -0.00000286102295 80004
811605877095300 3 0.0927734375 -9.10609817504883 -0.00000858306885 90004
811317476738260 4 -0.13510537147522 -9.00884819030762 -0.00000000029104 4
811349521222720 4 0.29386138916016 -8.66817283630371 -0.00112509727478 10004
811381565706980 4 0.0714111328125 -8.90475463867188 -0.00000095367432 20004
811413610190720 4 -0.14453125 -8.83837127685547 -0.00000286102295 30004
811445654686570 4 -0.0235595703125 -8.91263198852539 -0.00000214576721 40004
811477699170080 4 0 -9.30537986755371 0 50004
811509743642910 4 0.101318359375 -9.02228927612305 -0.00000333786011 60004
811541788132800 4 0.104248046875 -9.16567039489746 0.00000190734863 70004
811573832610860 4 0.0894775390625 -8.93818855285645 -0.0000057220459 80004
811605877095300 4 0.1070556640625 -8.98751640319824 -0.00001287460327 90004
811317476738260 5 -0.14381672441959 -8.81241607666016 -0.00000000052387 4
811349521222720 5 0.36479187011719 -8.24555397033691 -0.00224912166595 10004
811381565706980 5 0.05397033691406 -8.63302326202393 -0.0000011920929 20004
811413610190720 5 -0.14129638671875 -8.46650409698486 0.00202810764313 30004
811445654686570 5 -0.02694702148438 -8.57518863677979 -0.00000309944153 40004
811477699170080 5 0.0439453125 -9.2101936340332 0.00000190734863 50004
811509743642910 5 0.1650390625 -8.85778617858887 -0.00000429153442 60004
811541788132800 5 0.19451904296875 -8.88631725311279 -0.0011191368103 70004
811573832610860 5 0.24420166015625 -8.6199369430542 -0.00112867355347 80004
811605877095300 5 0.1978759765625 -8.79061794281006 -0.00114059448242 90004
811317476738260 6 -0.11645815521479 -8.49438953399658 -0.00000000098953 4
811349521222720 6 0.33546447753906 -7.78032732009888 -0.00225007534027 10004
811381565706980 6 0.06271362304688 -8.34315586090088 -0.00000166893005 20004
811413610190720 6 -0.06768798828125 -8.03598690032959 0.00089931488037 30004
811445654686570 6 -0.01968383789063 -8.1729154586792 -0.00000429153442 40004
811477699170080 6 0.101318359375 -9.06640815734863 0.00000405311584 50004
811509743642910 6 0.242919921875 -8.66774845123291 -0.00112867355347 60004
811541788132800 6 0.32470703125 -8.51827430725098 -0.00111532211304 70004
811573832610860 6 0.43243408203125 -8.23537158966064 -0.00225639343262 80004
811605877095300 6 0.39703369140625 -8.5376148223877 -0.00227117538452 90004
811317476738260 7 -0.05463790521026 -8.13795280456543 -0.00000000098953 4
811349521222720 7 0.25482177734375 -7.34933567047119 -0.00225108861923 10004
811381565706980 7 0.15289306640625 -8.08072853088379 -0.00000286102295 20004
811413610190720 7 0.00601196289063 -7.63334083557129 0.00089764595032 30004
811445654686570 7 -0.0714111328125 -7.79721593856812 -0.00000476837158 40004
811477699170080 7 0.1123046875 -8.98406791687012 0.00000500679016 50004
811509743642910 7 0.242919921875 -8.59689521789551 -0.00112867355347 60004
811541788132800 7 0.548095703125 -8.21889686584473 -0.00335931777954 70004
811573832610860 7 0.49560546875 -7.83040475845337 -0.00225734710693 80004
811605877095300 7 0.6749267578125 -8.3307056427002 -0.00339365005493 90004
811317476738260 8 -0.15553463995457 -7.76557636260986 -0.00000000128057 4
811349521222720 8 0.16692352294922 -6.88998460769653 -0.00023865699768 10004
811381565706980 8 0.12188720703125 -7.78633499145508 -0.00000357627869 20004
811413610190720 8 0.00112915039063 -7.19671058654785 0.00089693069458 30004
811445654686570 8 -0.29092407226563 -7.45738744735718 0.00202012062073 40004
811477699170080 8 0.10693359375 -8.8611888885498 0.00000619888306 50004
811509743642910 8 0.243896484375 -8.58654975891113 -0.00112986564636 60004
811541788132800 8 0.779541015625 -7.89455604553223 -0.00447940826416 70004
811573832610860 8 0.73876953125 -7.46739053726196 -0.0045051574707 80004
811605877095300 8 0.7608642578125 -8.16784858703613 -0.0045108795166 90004
811317476738260 9 -0.32428696751595 -7.44942188262939 0.00202561053447 4
811349521222720 9 0.21088409423828 -6.49579000473022 -0.00023925304413 10004
811381565706980 9 0.06932067871094 -7.51421022415161 -0.00000405311584 20004
811413610190720 9 -0.04104614257813 -6.83774471282959 0.00089597702026 30004
811445654686570 9 -0.5670166015625 -7.20395421981812 0.00407552719116 40004
811477699170080 9 0.01193237304688 -8.65121936798096 0.00000953674316 50004
811509743642910 9 0.20318603515625 -8.45125961303711 -0.00113105773926 60004
811541788132800 9 0.88775634765625 -7.54409265518188 -0.00559854507446 70004
811573832610860 9 0.94525146484375 -7.11387825012207 -0.0056300163269 80004
811605877095300 9 0.81658935546875 -8.0682201385498 -0.00450801849365 90004
811317476738260 10 -0.54622602462769 -7.16693019866943 0.00412373710424 4
811349521222720 10 0.22932434082031 -6.09547185897827 -0.00136375427246 10004
811381565706980 10 0.02606201171875 -7.29666519165039 -0.00000429153442 20004
811413610190720 10 -0.14361572265625 -6.48498058319092 0.00089454650879 30004
811445654686570 10 -0.80587768554688 -6.95603799819946 0.0040717124939 40004
811477699170080 10 -0.08209228515625 -8.41171455383301 0.00001239776611 50004
811509743642910 10 0.119140625 -8.20826148986816 -0.001131772995 60004
811541788132800 10 1.0010986328125 -7.19284915924072 -0.00559663772583 70004
811573832610860 10 1.1805419921875 -6.78298807144165 -0.00675582885742 80004
811605877095300 10 0.87939453125 -7.91916990280151 -0.0056266784668 90004
811317476738260 11 -0.82754802703857 -6.90319013595581 0.00615178747103 4
811349521222720 11 0.11514282226563 -5.64522123336792 -0.00136464834213 10004
811381565706980 11 -0.00592041015625 -7.14127445220947 -0.00000464916229 20004
811413610190720 11 -0.32611083984375 -6.08857917785645 0.00290465354919 30004
811445654686570 11 -0.96725463867188 -6.65605115890503 0.00613045692444 40004
811477699170080 11 -0.1497802734375 -8.15719223022461 0.00001358985901 50004
811509743642910 11 -0.023681640625 -7.85369062423706 0.00088024139404 60004
811541788132800 11 1.1712646484375 -6.83784675598145 -0.00670623779297 70004
811573832610860 11 1.47064208984375 -6.46119165420532 -0.00900650024414 80004
811605877095300 11 0.9722900390625 -7.67162275314331 -0.00562143325806 90004
811317476738260 12 -1.10840213298798 -6.67533493041992 0.00615178328007 4
811349521222720 12 -0.11796569824219 -5.27385759353638 0.00070089101791 10004
811381565706980 12 -0.13043212890625 -6.94043779373169 -0.00000476837158 20004
811413610190720 12 -0.48678588867188 -5.71214008331299 0.00290405750275 30004
811445654686570 12 -1.16500854492188 -6.3324122428894 0.00819039344788 40004
811477699170080 12 -0.35342407226563 -7.87307834625244 0.00208520889282 50004
811509743642910 12 -0.21026611328125 -7.54678153991699 0.00087785720825 60004
811541788132800 12 1.195068359375 -6.46508407592773 -0.00669193267822 70004
811573832610860 12 1.61199951171875 -6.07606935501099 -0.01014375686646 80004
811605877095300 12 1.0601806640625 -7.57986259460449 -0.00673770904541 90004
811317476738260 13 -1.27735269069672 -6.39797163009644 0.00820163544267 4
811349521222720 13 -0.22373199462891 -5.03448295593262 0.00069999694824 10004
811381565706980 13 -0.18168640136719 -6.67982912063599 0.00199902057648 20004
811413610190720 13 -0.76260375976563 -5.41829872131348 0.00493776798248 30004
811445654686570 13 -1.43673706054688 -6.07224798202515 0.00818920135498 40004
811477699170080 13 -0.44580078125 -7.54151153564453 0.00208973884583 50004
811509743642910 13 -0.2701416015625 -7.27257394790649 0.00087094306946 60004
811541788132800 13 1.34393310546875 -6.12884521484375 -0.00780820846558 70004
811573832610860 13 1.6114501953125 -5.67239046096802 -0.01015186309814 80004
811605877095300 13 1.2095947265625 -7.35985994338989 -0.00671863555908 90004
811317476738260 14 -1.45446479320526 -6.0797119140625 0.01022796612233 4
811349521222720 14 -0.24155426025391 -4.69155120849609 0.00178998708725 10004
811381565706980 14 -0.27706909179688 -6.40707445144653 0.00199663639069 20004
811413610190720 14 -1.02743530273438 -5.07977485656738 0.0069831609726 30004
811445654686570 14 -1.74630737304688 -5.81126928329468 0.01019787788391 40004
811477699170080 14 -0.5887451171875 -7.20682144165039 0.00412559509277 50004
811509743642910 14 -0.384765625 -6.96700525283813 0.00293850898743 60004
811541788132800 14 1.48797607421875 -5.76095199584961 -0.00892925262451 70004
811573832610860 14 1.6300048828125 -5.35192155838013 -0.01016235351563 80004
811605877095300 14 1.3253173828125 -7.13174486160278 -0.00782346725464 90004
811317476738260 15 -1.66319584846497 -5.78804588317871 0.01022796425968 4
811349521222720 15 -0.16490173339844 -4.26651668548584 0.00178915262222 10004
811381565706980 15 -0.41769409179688 -6.16823244094849 0.00199484825134 20004
811413610190720 15 -1.24285888671875 -4.73709011077881 0.00698375701904 30004
811445654686570 15 -2.00967407226563 -5.54635429382324 0.01231098175049 40004
811477699170080 15 -0.79638671875 -6.92601203918457 0.00412750244141 50004
811509743642910 15 -0.57281494140625 -6.66098308563232 0.00293731689453 60004
811541788132800 15 1.57464599609375 -5.39764785766602 -0.01004981994629 70004
811573832610860 15 1.72027587890625 -5.16414260864258 -0.01017665863037 80004
811605877095300 15 1.41339111328125 -6.93967580795288 -0.0089316368103 90004
811317476738260 16 -1.94221353530884 -5.55795431137085 0.01225318945944 4
811349521222720 16 0.05625152587891 -3.88789701461792 0.00066524744034 10004
811381565706980 16 -0.535888671875 -5.91720914840698 0.00403785705566 20004
811413610190720 16 -1.55276489257813 -4.46982765197754 0.00908052921295 30004
811445654686570 16 -2.16827392578125 -5.20193719863892 0.01436042785645 40004
811477699170080 16 -1.02114868164063 -6.65842056274414 0.00616884231567 50004
811509743642910 16 -0.7659912109375 -6.35850858688354 0.00496196746826 60004
811541788132800 16 1.6488037109375 -5.03189468383789 -0.01004791259766 70004
811573832610860 16 1.88916015625 -4.99549245834351 -0.01131391525269 80004
811605877095300 16 1.645263671875 -6.68194055557251 -0.0100474357605 90004
811317476738260 17 -2.12468028068542 -5.22256565093994 0.01429226901382 4
811349521222720 17 0.12355804443359 -3.42988348007202 -0.00045830011368 10004
811381565706980 17 -0.5809326171875 -5.62636423110962 0.00403714179993 20004
811413610190720 17 -1.78546142578125 -4.1035041809082 0.01120734214783 30004
811445654686570 17 -2.45928955078125 -4.92731142044067 0.01640844345093 40004
811477699170080 17 -1.31387329101563 -6.42986679077148 0.00819730758667 50004
811509743642910 17 -0.822509765625 -6.0862774848938 0.00496101379395 60004
811541788132800 17 1.7996826171875 -4.66448879241943 -0.01116609573364 70004
811573832610860 17 2.2252197265625 -4.75443601608276 -0.01357412338257 80004
811605877095300 17 1.7239990234375 -6.49268579483032 -0.01003980636597 90004
811317476738260 18 -2.32650136947632 -4.92579555511475 0.01429225504398 4
811349521222720 18 0.05104827880859 -3.00754332542419 -0.00045853853226 10004
811381565706980 18 -0.66117858886719 -5.36392402648926 0.0040363073349 20004
811413610190720 18 -1.97427368164063 -3.74061465263367 0.01327526569366 30004
811445654686570 18 -2.67059326171875 -4.62281703948975 0.01640725135803 40004
811477699170080 18 -1.52752685546875 -6.1633996963501 0.01020383834839 50004
811509743642910 18 -0.8741455078125 -5.77485084533691 0.00496006011963 60004
811541788132800 18 1.977294921875 -4.33763837814331 -0.01228618621826 70004
811573832610860 18 2.48150634765625 -4.44812202453613 -0.01582193374634 80004
811605877095300 18 1.8643798828125 -6.25683164596558 -0.01115560531616 90004
811317476738260 19 -2.57270979881287 -4.68234491348267 0.01632559113204 4
811349521222720 19 -0.04665374755859 -2.58838129043579 -0.00045847892761 10004
811381565706980 19 -0.77975463867188 -5.1133246421814 0.00403606891632 20004
811413610190720 19 -2.185302734375 -3.39654302597046 0.01327407360077 30004
811445654686570 19 -2.86468505859375 -4.30524969100952 0.01841449737549 40004
811477699170080 19 -1.70550537109375 -5.86307334899902 0.01020741462708 50004
811509743642910 19 -0.931884765625 -5.42053079605103 0.00495910644531 60004
811541788132800 19 2.1900634765625 -4.03386116027832 -0.0134072303772 70004
811573832610860 19 2.6473388671875 -4.08020448684692 -0.0169472694397 80004
811605877095300 19 2.02996826171875 -5.9590744972229 -0.0122709274292 90004
811317476738260 20 -2.8752715587616 -4.52096939086914 0.01836423575878 4
811349521222720 20 -0.00345611572266 -2.12262964248657 -0.00045824050903 10004
811381565706980 20 -0.92326354980469 -4.85437345504761 0.00607883930206 20004
811413610190720 20 -2.50665283203125 -3.10151433944702 0.01527464389801 30004
811445654686570 20 -3.17398071289063 -4.04443120956421 0.02051210403442 40004
811477699170080 20 -1.92327880859375 -5.56037712097168 0.01228022575378 50004
811509743642910 20 -0.974853515625 -5.03989267349243 0.00695991516113 60004
811541788132800 20 2.4664306640625 -3.7490599155426 -0.01564836502075 70004
811573832610860 20 2.7117919921875 -3.64811706542969 -0.01695013046265 80004
811605877095300 20 2.10418701171875 -5.59657907485962 -0.01338577270508 90004
811317476738260 21 -3.14515852928162 -4.28023242950439 0.02038744278252 4
811349521222720 21 -0.05142974853516 -1.68677067756653 -0.00045818090439 10004
811381565706980 21 -1.08355712890625 -4.62795209884644 0.00607621669769 20004
811413610190720 21 -2.83206176757813 -2.85293793678284 0.01736509799957 30004
811445654686570 21 -3.333740234375 -3.7003002166748 0.0205135345459 40004
811477699170080 21 -2.2039794921875 -5.35194444656372 0.01429557800293 50004
811509743642910 21 -1.09478759765625 -4.84298276901245 0.00695991516113 60004
811541788132800 21 2.76214599609375 -3.52292108535767 -0.01675415039063 70004
811573832610860 21 2.8690185546875 -3.27008652687073 -0.01808023452759 80004
811605877095300 21 2.3101806640625 -5.31861639022827 -0.01450061798096 90004
811317476738260 22 -3.3303747177124 -3.97848725318909 0.02038744837046 4
811349521222720 22 -0.16739654541016 -1.32387280464172 0.00157010555267 10004
811381565706980 22 -1.21403503417969 -4.50122547149658 0.00812637805939 20004
811413610190720 22 -3.09307861328125 -2.54376268386841 0.01946079730988 30004
811445654686570 22 -3.57998657226563 -3.42257833480835 0.02254796028137 40004
811477699170080 22 -2.408203125 -5.07752704620361 0.01631021499634 50004
811509743642910 22 -1.324951171875 -4.63212060928345 0.0089864730835 60004
811541788132800 22 2.97723388671875 -3.22711157798767 -0.0189962387085 70004
811573832610860 22 2.91082763671875 -2.87104415893555 -0.01808977127075 80004
811605877095300 22 2.55584716796875 -5.07842874526978 -0.01561546325684 90004
811317476738260 23 -3.43866872787476 -3.61285328865051 0.02239162102342 4
811349521222720 23 -0.37915802001953 -1.01135516166687 0.00156986713409 10004
811381565706980 23 -1.34886169433594 -4.35522079467773 0.00812542438507 20004
811413610190720 23 -3.38571166992188 -2.23305463790894 0.02154922485352 30004
811445654686570 23 -3.84677124023438 -3.12695980072021 0.02461886405945 40004
811477699170080 23 -2.60723876953125 -4.76424884796143 0.01631379127502 50004
811509743642910 23 -1.5819091796875 -4.35966539382935 0.0109875202179 60004
811541788132800 23 3.16717529296875 -2.87677121162415 -0.0201153755188 70004
811573832610860 23 2.82476806640625 -2.45228433609009 -0.01809406280518 80004
811605877095300 23 2.81378173828125 -4.81856298446655 -0.01785564422607 90004
811317476738260 24 -3.4812228679657 -3.25577139854431 0.02239163033664 4
811349521222720 24 -0.66811370849609 -0.78216576576233 0.00362360477448 10004
811381565706980 24 -1.4991455078125 -4.12383794784546 0.01012659072876 20004
811413610190720 24 -3.72802734375 -2.01350927352905 0.02364957332611 30004
811445654686570 24 -4.03009033203125 -2.80896639823914 0.02666449546814 40004
811477699170080 24 -2.83413696289063 -4.50131273269653 0.01839709281921 50004
811509743642910 24 -1.74462890625 -4.04027843475342 0.01098275184631 60004
811541788132800 24 3.341796875 -2.54881954193115 -0.02123165130615 70004
811573832610860 24 2.64697265625 -2.0850555896759 -0.01809978485107 80004
811605877095300 24 3.01715087890625 -4.54078245162964 -0.01897478103638 90004
811317476738260 25 -3.6751012802124 -2.92225623130798 0.0244556106627 4
811349521222720 25 -1.11908721923828 -0.65849196910858 0.00760537385941 10004
811381565706980 25 -1.74555969238281 -3.95984268188477 0.01139152050018 20004
811413610190720 25 -3.97216796875 -1.6514048576355 0.02573883533478 30004
811445654686570 25 -4.21514892578125 -2.67173266410828 0.02666163444519 40004
811477699170080 25 -3.1697998046875 -4.33896684646606 0.02041244506836 50004
811509743642910 25 -1.87353515625 -3.67999196052551 0.01097798347473 60004
811541788132800 25 3.3740234375 -2.15158367156982 -0.02122592926025 70004
811573832610860 25 2.60406494140625 -1.6498955488205 -0.01608848571777 80004
811605877095300 25 3.24078369140625 -4.29003477096558 -0.02010250091553 90004
811317476738260 26 -3.94895267486572 -2.69447994232178 0.02445561625063 4
811349521222720 26 -1.43976593017578 -0.43483901023865 0.00970792770386 10004
811381565706980 26 -1.90728759765625 -3.7395806312561 0.01139068603516 20004
811413610190720 26 -4.0670166015625 -1.27312648296356 0.02574002742767 30004
811445654686570 26 -4.39450073242188 -2.37922525405884 0.02869987487793 40004
811477699170080 26 -3.40966796875 -4.09185028076172 0.0224289894104 50004
811509743642910 26 -2.02020263671875 -3.352614402771 0.01300954818726 60004
811541788132800 26 3.37420654296875 -1.77826344966888 -0.02122163772583 70004
811573832610860 26 2.57476806640625 -1.24105072021484 -0.01608943939209 80004
811605877095300 26 3.4737548828125 -4.04155778884888 -0.02235221862793 90004
811317476738260 27 -4.22971868515015 -2.46815299987793 0.02650275453925 4
811349521222720 27 -1.68262481689453 -0.1152608692646 0.00970762968063 10004
811381565706980 27 -2.07145690917969 -3.51741576194763 0.01341092586517 20004
811413610190720 27 -4.04696655273438 -0.8825860619545 0.02574133872986 30004
811445654686570 27 -4.63021850585938 -2.09205460548401 0.02869749069214 40004
811477699170080 27 -3.5677490234375 -3.78931975364685 0.02243232727051 50004
811509743642910 27 -2.23077392578125 -3.07224822044373 0.01507186889648 60004
811541788132800 27 3.393798828125 -1.40627372264862 -0.02121925354004 70004
811573832610860 27 2.55377197265625 -0.92745471000671 -0.01609134674072 80004
811605877095300 27 3.650634765625 -3.75360012054443 -0.02346849441528 90004
811317476738260 28 -4.49062490463257 -2.18831586837769 0.0285215228796 4
811349521222720 28 -1.90803527832031 0.28683570027351 0.01177805662155 10004
811381565706980 28 -2.25978088378906 -3.29081010818481 0.01543951034546 20004
811413610190720 28 -3.89523315429688 -0.47981178760529 0.02574348449707 30004
811445654686570 28 -4.92733764648438 -1.82348501682281 0.03076171875 40004
811477699170080 28 -3.68630981445313 -3.44157457351685 0.02449464797974 50004
811509743642910 28 -2.5009765625 -2.80829882621765 0.01507353782654 60004
811541788132800 28 3.415283203125 -1.01405930519104 -0.02121448516846 70004
811573832610860 28 2.5628662109375 -0.69053721427917 -0.01609134674072 80004
811605877095300 28 3.7362060546875 -3.39925956726074 -0.02346038818359 90004
811317476738260 29 -4.65825176239014 -1.86783540248871 0.03058354556561 4
811349521222720 29 -2.24219512939453 0.5706045627594 0.01380449533463 10004
811381565706980 29 -2.39230346679688 -3.04689359664917 0.01543951034546 20004
811413610190720 29 -3.62588500976563 -0.17096251249313 0.02349472045898 30004
811445654686570 29 -5.11785888671875 -1.49574589729309 0.03283762931824 40004
811477699170080 29 -3.90695190429688 -3.17072868347168 0.02449727058411 50004
811509743642910 29 -2.65386962890625 -2.48351907730103 0.01711630821228 60004
811541788132800 29 3.30450439453125 -0.65722805261612 -0.02121257781982 70004
811573832610860 29 2.67181396484375 -0.39206457138062 -0.01609468460083 80004
811605877095300 29 3.6959228515625 -3.05429172515869 -0.02345657348633 90004
811317476738260 30 -4.69600582122803 -1.48783826828003 0.03058351017535 4
811349521222720 30 -2.66248321533203 0.77056407928467 0.01774454116821 10004
811381565706980 30 -2.61148071289063 -2.85178399085999 0.01748323440552 20004
811413610190720 30 -3.48355102539063 0.23745313286781 0.02349019050598 30004
811445654686570 30 -5.433837890625 -1.25009846687317 0.03486943244934 40004
811477699170080 30 -4.22991943359375 -2.99256658554077 0.02656650543213 50004
811509743642910 30 -2.67596435546875 -2.10506391525269 0.0171172618866 60004
811541788132800 30 3.33673095703125 -0.26412278413773 -0.02120685577393 70004
811573832610860 30 2.8702392578125 -0.01744701899588 -0.01834440231323 80004
811605877095300 30 3.6409912109375 -2.68798160552979 -0.02345180511475 90004
811317476738260 31 -4.61994409561157 -1.14260637760162 0.03058347292244 4
811349521222720 31 -3.08641815185547 0.83242076635361 0.01969140768051 10004
811381565706980 31 -2.77110290527344 -2.63256096839905 0.01748335361481 20004
811413610190720 31 -3.27694702148438 0.58014929294586 0.02123987674713 30004
811445654686570 31 -5.67288208007813 -0.96690547466278 0.0369029045105 40004
811477699170080 31 -4.48809814453125 -2.76918077468872 0.02858877182007 50004
811509743642910 31 -2.72064208984375 -1.75054705142975 0.01711869239807 60004
811541788132800 31 3.35357666015625 0.10811423510313 -0.02120018005371 70004
811573832610860 31 3.0892333984375 0.32843363285065 -0.01948165893555 80004
811605877095300 31 3.50384521484375 -2.37740755081177 -0.02344846725464 90004
811317476738260 32 -4.48304319381714 -0.80776762962341 0.02946040965617 4
811349521222720 32 -3.51230621337891 0.7706470489502 0.02176052331924 10004
811381565706980 32 -2.89990234375 -2.41537928581238 0.01949238777161 20004
811413610190720 32 -3.04986572265625 0.91156315803528 0.02011728286743 30004
811445654686570 32 -5.822021484375 -0.62584567070007 0.03690004348755 40004
811477699170080 32 -4.67916870117188 -2.50780582427979 0.03060603141785 50004
811509743642910 32 -2.75897216796875 -1.39829969406128 0.0171205997467 60004
811541788132800 32 3.30609130859375 0.47178086638451 -0.02119827270508 70004
811573832610860 32 3.28466796875 0.68220514059067 -0.0206184387207 80004
811605877095300 32 3.3487548828125 -2.07408237457275 -0.0213770866394 90004
811317476738260 33 -4.33956384658813 -0.44957590103149 0.02833735570312 4
811349521222720 33 -3.93023681640625 0.56079173088074 0.02574992179871 10004
811381565706980 33 -3.057373046875 -2.27737498283386 0.01949203014374 20004
811413610190720 33 -2.93008422851563 1.33126163482666 0.01899874210358 30004
811445654686570 33 -5.858642578125 -0.2229745388031 0.03689670562744 40004
811477699170080 33 -4.79586791992188 -2.25678730010986 0.03060746192932 50004
811509743642910 33 -2.69744873046875 -1.02028226852417 0.01712393760681 60004
811541788132800 33 3.13226318359375 0.8305846452713 -0.02119541168213 70004
811573832610860 33 3.38427734375 1.10784912109375 -0.02175569534302 80004
811605877095300 33 3.2930908203125 -1.70800876617432 -0.02138471603394 90004
811317476738260 34 -4.20764255523682 -0.32581853866577 0.027214307338 4
811349521222720 34 -4.32780456542969 0.37589457631111 0.02779078483582 10004
811381565706980 34 -3.1756591796875 -2.11214733123779 0.01949179172516 20004
811413610190720 34 -2.661376953125 1.64011085033417 0.01787507534027 30004
811445654686570 34 -5.73916625976563 0.10975140333176 0.03689050674438 40004
811477699170080 34 -5.06304931640625 -2.0313458442688 0.03263449668884 50004
811509743642910 34 -2.79449462890625 -0.67461347579956 0.01712512969971 60004
811541788132800 34 2.9683837890625 1.16630959510803 -0.01915693283081 70004
811573832610860 34 3.32293701171875 1.40351259708405 -0.02176237106323 80004
811605877095300 34 3.30499267578125 -1.36101317405701 -0.02138662338257 90004
811317476738260 35 -4.01918506622314 -0.13188940286636 0.02609123289585 4
811349521222720 35 -4.71918487548828 0.17847365140915 0.02983528375626 10004
811381565706980 35 -3.26959228515625 -2.0156033039093 0.02149486541748 20004
811413610190720 35 -2.49642944335938 2.00537109375 0.01675117015839 30004
811445654686570 35 -5.619384765625 0.3012797832489 0.03688383102417 40004
811477699170080 35 -5.29397583007813 -1.84828329086304 0.034672498703 50004
811509743642910 35 -2.98309326171875 -0.37794169783592 0.0191490650177 60004
811541788132800 35 2.90948486328125 1.5272616147995 -0.01915454864502 70004
811573832610860 35 3.1834716796875 1.66126990318298 -0.01971435546875 80004
811605877095300 35 3.2900390625 -1.05536890029907 -0.02138805389404 90004
811317476738260 36 -3.82897996902466 0.15806768834591 0.0249681584537 4
811349521222720 36 -5.15321350097656 0.0344725959003 0.03375542163849 10004
811381565706980 36 -3.35186767578125 -1.95585894584656 0.02149295806885 20004
811413610190720 36 -2.31356811523438 2.3912205696106 0.01562893390656 30004
811445654686570 36 -5.52386474609375 0.42520308494568 0.03575372695923 40004
811477699170080 36 -5.45309448242188 -1.7075891494751 0.03467488288879 50004
811509743642910 36 -3.17822265625 -0.05822541937232 0.02116060256958 60004
811541788132800 36 2.84075927734375 1.90839231014252 -0.01915216445923 70004
811573832610860 36 3.03076171875 1.98095464706421 -0.01972103118896 80004
811605877095300 36 3.2008056640625 -0.74678683280945 -0.02138996124268 90004
811317476738260 37 -3.70967125892639 0.49172359704971 0.02496810443699 4
811349521222720 37 -5.59090423583984 0.02002896368504 0.03582340478897 10004
811381565706980 37 -3.42227172851563 -1.908686876297 0.02267789840698 20004
811413610190720 37 -2.05462646484375 2.70570921897888 0.01338148117065 30004
811445654686570 37 -5.4761962890625 0.53768783807755 0.03574705123901 40004
811477699170080 37 -5.49411010742188 -1.61330795288086 0.0346782207489 50004
811509743642910 37 -3.2777099609375 0.28660941123962 0.02115774154663 60004
811541788132800 37 2.689208984375 2.24150085449219 -0.01713895797729 70004
811573832610860 37 2.935791015625 2.37729167938232 -0.01972770690918 80004
811605877095300 37 3.0328369140625 -0.44722753763199 -0.01937198638916 90004
811317476738260 38 -3.5077977180481 0.70504075288773 0.02272201701999 4
811349521222720 38 -6.05245208740234 0.09531255066395 0.03992247581482 10004
811381565706980 38 -3.51455688476563 -1.83704686164856 0.0226776599884 20004
811413610190720 38 -1.93368530273438 3.12540602684021 0.01337862014771 30004
811445654686570 38 -5.2945556640625 0.72077614068985 0.0346200466156 40004
811477699170080 38 -5.50778198242188 -1.32854843139648 0.03468108177185 50004
811509743642910 38 -3.4202880859375 0.64197897911072 0.02115559577942 60004
811541788132800 38 2.681396484375 2.63996887207031 -0.01712989807129 70004
811573832610860 38 2.674072265625 2.7273588180542 -0.01765584945679 80004
811605877095300 38 2.9703369140625 -0.08212371170521 -0.01937389373779 90004
811317476738260 39 -3.37849712371826 1.01960444450378 0.02272200956941 4
811349521222720 39 -6.40509796142578 0.29071432352066 0.04190802574158 10004
811381565706980 39 -3.69024658203125 -1.70401310920715 0.02267754077911 20004
811413610190720 39 -1.73690795898438 3.48166418075562 0.01225256919861 30004
811445654686570 39 -5.15762329101563 1.04060173034668 0.03349542617798 40004
811477699170080 39 -5.41439819335938 -1.01269865036011 0.03468227386475 50004
811509743642910 39 -3.56640625 0.82046175003052 0.02320504188538 60004
811541788132800 39 2.548095703125 2.98326015472412 -0.01712083816528 70004
811573832610860 39 2.55743408203125 3.11396026611328 -0.01563930511475 80004
811605877095300 39 2.9490966796875 0.26391562819481 -0.01937580108643 90004
811317476738260 40 -3.20893430709839 1.3173999786377 0.02159892395139 4
811349521222720 40 -6.68703460693359 0.58743417263031 0.04391348361969 10004
811381565706980 40 -3.85671997070313 -1.50981533527374 0.02470815181732 20004
811413610190720 40 -1.49029541015625 3.80593132972717 0.01000487804413 30004
811445654686570 40 -5.00662231445313 1.38790357112885 0.03236699104309 40004
811477699170080 40 -5.23486328125 -0.7226676940918 0.0346851348877 50004
811509743642910 40 -3.794677734375 0.97257339954376 0.02524471282959 60004
811541788132800 40 2.45721435546875 3.30045652389526 -0.01510858535767 70004
811573832610860 40 2.3970947265625 3.4810905456543 -0.01564121246338 80004
811605877095300 40 2.87353515625 0.59551894664764 -0.01937770843506 90004
811317476738260 41 -2.99597430229187 1.56438457965851 0.01935281418264 4
811349521222720 41 -6.91136932373047 0.99638986587524 0.04391223192215 10004
811381565706980 41 -4.00627136230469 -1.25589716434479 0.02470672130585 20004
811413610190720 41 -1.23468017578125 4.10337448120117 0.00888180732727 30004
811445654686570 41 -4.79400634765625 1.72558081150055 0.03123831748962 40004
811477699170080 41 -5.00247192382813 -0.45895385742188 0.03244662284851 50004
811509743642910 41 -4.1143798828125 1.17361092567444 0.02725291252136 60004
811541788132800 41 2.418701171875 3.62415432929993 -0.01510143280029 70004
811573832610860 41 2.16705322265625 3.84576106071472 -0.01354789733887 80004
811605877095300 41 2.74383544921875 0.93711858987808 -0.01737022399902 90004
811317476738260 42 -2.93955993652344 1.73376965522766 0.0193528085947 4
811349521222720 42 -7.0623779296875 1.40803527832031 0.04597264528275 10004
811381565706980 42 -4.19027709960938 -1.04823338985443 0.02674376964569 20004
811413610190720 42 -1.17059326171875 4.29780244827271 0.00775969028473 30004
811445654686570 42 -4.494140625 1.95638489723206 0.02899241447449 40004
811477699170080 42 -4.91094970703125 -0.20879320800304 0.03245043754578 50004
811509743642910 42 -4.332275390625 1.45874404907227 0.02725052833557 60004
811541788132800 42 2.25390625 3.95987749099731 -0.01509952545166 70004
811573832610860 42 2.08282470703125 4.24696350097656 -0.01355457305908 80004
811605877095300 42 2.7410888671875 1.2843109369278 -0.01736640930176 90004
811317476738260 43 -2.70146918296814 1.99999141693115 0.01822972856462 4
811349521222720 43 -7.04791259765625 1.8707332611084 0.04597228765488 10004
811381565706980 43 -4.43717956542969 -0.88777911663055 0.02951872348785 20004
811413610190720 43 -0.94500732421875 4.62331247329712 0.00663757324219 30004
811445654686570 43 -4.2904052734375 2.30109786987305 0.02786374092102 40004
811477699170080 43 -4.66830444335938 0.05468017607927 0.03020763397217 50004
811509743642910 43 -4.43011474609375 1.81043720245361 0.02925276756287 60004
811541788132800 43 2.22509765625 4.35330009460449 -0.01509809494019 70004
811573832610860 43 1.84771728515625 4.60006332397461 -0.01147556304932 80004
811605877095300 43 2.615966796875 1.5929890871048 -0.01736259460449 90004
811317476738260 44 -2.53406524658203 2.31033277511597 0.01710665971041 4
811349521222720 44 -6.92610168457031 2.28587794303894 0.04484832286835 10004
811381565706980 44 -4.67558288574219 -0.74548375606537 0.03074765205383 20004
811413610190720 44 -0.80499267578125 4.99287796020508 0.0055114030838 30004
811445654686570 44 -4.07223510742188 2.54912638664246 0.02673602104187 40004
811477699170080 44 -4.42843627929688 0.3078461587429 0.02908825874329 50004
811509743642910 44 -4.41162109375 2.15516757965088 0.02924823760986 60004
811541788132800 44 2.123291015625 4.70416164398193 -0.01308536529541 70004
811573832610860 44 1.70123291015625 4.96919107437134 -0.01148271560669 80004
811605877095300 44 2.56085205078125 1.91375553607941 -0.01735830307007 90004
811317476738260 45 -2.38451623916626 2.63263988494873 0.01598360575736 4
811349521222720 45 -6.71334838867188 2.66310453414917 0.04372382164001 10004
811381565706980 45 -4.8917236328125 -0.57987320423126 0.03207612037659 20004
811413610190720 45 -0.77395629882813 5.39353132247925 0.00550711154938 30004
811445654686570 45 -3.80841064453125 2.74582576751709 0.02560782432556 40004
811477699170080 45 -4.22747802734375 0.58558708429337 0.02797031402588 50004
811509743642910 45 -4.29443359375 2.48810434341431 0.02812004089355 60004
811541788132800 45 1.9794921875 5.04737281799316 -0.01308441162109 70004
811573832610860 45 1.65289306640625 5.37187957763672 -0.01047134399414 80004
811605877095300 45 2.529296875 2.25616908073425 -0.0173544883728 90004
811317476738260 46 -2.12164306640625 2.91511535644531 0.01373748853803 4
811349521222720 46 -6.38554382324219 2.99684476852417 0.04147660732269 10004
811381565706980 46 -5.05792236328125 -0.33491790294647 0.03207516670227 20004
811413610190721 46 0 -9.30537986755371 0 30004
811445654686570 46 -3.4764404296875 2.97781658172607 0.02335691452026 40004
811477699170080 46 -4.11517333984375 0.94100338220596 0.02685213088989 50004
811509743642910 46 -4.06011962890625 2.7917275428772 0.0269923210144 60004
811541788132800 46 1.8876953125 5.4354190826416 -0.01308441162109 70004
811573832610860 46 1.70660400390625 5.80575561523438 -0.0104866027832 80004
811605877095300 46 2.4111328125 2.60739207267761 -0.01534366607666 90004
811317476738260 47 -1.92592561244965 3.21935367584229 0.01261443085968 4
811349521222720 47 -5.97470855712891 3.15055823326111 0.03922891616821 10004
811381565706980 47 -5.10209655761719 -0.06096215546131 0.03207468986511 20004
811413610190721 47 0.15426635742188 -8.97458839416504 -0.0000011920929 30004
811445654686570 47 -3.11807250976563 3.10063314437866 0.02096438407898 40004
811477699170080 47 -3.87896728515625 1.19857597351074 0.02573442459106 50004
811509743642910 47 -3.830322265625 3.06734776496887 0.02474069595337 60004
811541788132800 47 1.91241455078125 5.80807447433472 -0.0120530128479 70004
811573832610860 47 1.8687744140625 6.10517597198486 -0.01162385940552 80004
811605877095300 47 2.3067626953125 2.93883800506592 -0.01533794403076 90004
811317476738260 48 -1.65670824050903 3.44945240020752 0.01149136573076 4
811349521222720 48 -5.63285827636719 3.41038703918457 0.03683435916901 10004
811381565706980 48 -5.06631469726563 0.20837612450123 0.0320737361908 20004
811413610190721 48 0.2056884765625 -8.62100410461426 -0.00112283229828 30004
811445654686570 48 -2.81689453125 3.3168740272522 0.01871919631958 40004
811477699170080 48 -3.73004150390625 1.50656926631927 0.02461719512939 50004
811509743642910 48 -3.61212158203125 3.35230922698975 0.02361392974854 60004
811541788132800 48 1.9993896484375 6.16829395294189 -0.01205015182495 70004
811573832610860 48 2.03204345703125 6.29942512512207 -0.01276016235352 80004
811605877095300 48 2.3018798828125 3.27870965003967 -0.01533079147339 90004
811317476738260 49 -1.41137969493866 3.64242053031921 0.00924526341259 4
811349521222720 49 -5.26371765136719 3.68046116828918 0.03444075584412 10004
811381565706980 49 -4.94319152832031 0.47037190198898 0.03207206726074 20004
811413610190721 49 0.24908447265625 -8.23831176757813 -0.00112068653107 30004
811445654686570 49 -2.58013916015625 3.63370370864868 0.01759195327759 40004
811477699170080 49 -3.61239624023438 1.78021991252899 0.02349829673767 50004
811509743642910 49 -3.34454345703125 3.61451101303101 0.02248668670654 60004
811541788132800 49 2.1806640625 6.51242733001709 -0.01317071914673 70004
811573832610860 49 2.25030517578125 6.42469215393066 -0.01389789581299 80004
811605877095300 49 2.2911376953125 3.64097809791565 -0.01532363891602 90004
811317476738260 50 -1.29448354244232 3.80529093742371 0.00924522057176 4
811349521222720 50 -4.85986328125 3.84478044509888 0.03219330310822 10004
811381565706980 50 -4.76863098144531 0.68409639596939 0.03094601631165 20004
811413610190721 50 0.34707641601563 -7.88899660110474 -0.00224113464355 30004
811445654686570 50 -2.43460083007813 3.98146510124207 0.0164647102356 40004
811477699170080 50 -3.494384765625 1.92237710952759 0.02350449562073 50004
811509743642910 50 -3.0364990234375 3.79508519172668 0.02023816108704 60004
811541788132800 50 2.43914794921875 6.77229309082031 -0.01541185379028 70004
811573832610860 50 2.53009033203125 6.49223661422729 -0.01614904403687 80004
811605877095300 50 2.19940185546875 3.97394418716431 -0.0132884979248 90004
811317476738260 51 -0.96811974048615 4.01118421554565 0.00699911918491 4
811349521222720 51 -4.53221893310547 4.17852258682251 0.02994680404663 10004
811381565706980 51 -4.68733215332031 0.9688635468483 0.03094041347504 20004
811413610190721 51 0.29483032226563 -7.50317049026489 -0.00223958492279 30004
811445654686570 51 -2.14288330078125 4.26195192337036 0.01421213150024 40004
811477699170080 51 -3.37069702148438 2.27367210388184 0.02238702774048 50004
811509743642910 51 -2.8099365234375 4.10402727127075 0.01911854743958 60004
811541788132800 51 2.746826171875 6.89320373535156 -0.01763963699341 70004
811573832610860 51 2.960205078125 6.42216062545776 -0.01839971542358 80004
811605877095300 51 2.24920654296875 4.34059047698975 -0.014404296875 90004
811317476738260 52 -0.75035619735718 4.29317617416382 0.00587606336921 4
811349521222720 52 -4.14225006103516 4.36406755447388 0.02770030498505 10004
811381565706980 52 -4.52705383300781 1.19019377231598 0.02981460094452 20004
811413610190721 52 0.1275634765625 -7.18505477905273 -0.00021755695343 30004
811445654686570 52 -1.89300537109375 4.54725885391235 0.01307964324951 40004
811477699170080 52 -3.15225219726563 2.53889322280884 0.02126908302307 50004
811509743642910 52 -2.5155029296875 4.30018186569214 0.01687407493591 60004
811541788132800 52 3.10296630859375 6.89683151245117 -0.01987791061401 70004
811573832610860 52 3.3121337890625 6.22460556030273 -0.02065992355347 80004
811605877095300 52 2.249755859375 4.68697023391724 -0.01439952850342 90004
811317476738260 53 -0.6231968998909 4.62270784378052 0.00475301966071 4
811349521222720 53 -3.77983856201172 4.59205770492554 0.02545344829559 10004
811381565706980 53 -4.3948974609375 1.42673695087433 0.02869021892548 20004
811413610190721 53 -0.09616088867188 -6.89918375015259 -0.00021839141846 30004
811445654686570 53 -1.65762329101563 4.84399795532227 0.01083278656006 40004
811477699170080 53 -2.916015625 2.79537963867188 0.01902723312378 50004
811509743642910 53 -2.2484130859375 4.52749681472778 0.01463055610657 60004
811541788132800 53 3.45465087890625 6.80052947998047 -0.02211713790894 70004
811573832610860 53 3.59063720703125 5.9373254776001 -0.02291774749756 80004
811605877095300 53 2.26739501953125 5.03220987319946 -0.01439476013184 90004
811317476738260 54 -0.60235291719437 5.00243711471558 0.00475302757695 4
811349521222720 54 -3.43141937255859 4.89396619796753 0.02320671081543 10004
811381565706980 54 -4.29714965820313 1.70339453220367 0.02868854999542 20004
811413610190721 54 -0.34072875976563 -6.60365200042725 0.00188863277435 30004
811445654686570 54 -1.44546508789063 5.18119144439697 0.00971126556396 40004
811477699170080 54 -2.67019653320313 3.07544183731079 0.01790332794189 50004
811509743642910 54 -2.0504150390625 4.8489556312561 0.01350903511047 60004
811541788132800 54 3.778076171875 6.59184312820435 -0.02323436737061 70004
811573832610860 54 3.79852294921875 5.55444145202637 -0.02403974533081 80004
811605877095300 54 2.34930419921875 5.38738918304443 -0.01438760757446 90004
811317476738260 55 -0.71674686670303 5.37092351913452 0.00475302897394 4
811349521222720 55 -2.99330902099609 5.0579309463501 0.01969003677368 10004
811381565706980 55 -4.12600708007813 1.94491064548492 0.02756381034851 20004
811413610190721 55 -0.4691162109375 -6.23608303070068 0.00391232967377 30004
811445654686570 55 -1.36245727539063 5.57708835601807 0.00970840454102 40004
811477699170080 55 -2.41287231445313 3.34503412246704 0.0156581401825 50004
811509743642910 55 -1.9761962890625 5.22464227676392 0.01351118087769 60004
811541788132800 55 3.988037109375 6.30695390701294 -0.02547454833984 70004
811573832610860 55 3.93817138671875 5.14010429382324 -0.02516174316406 80004
811605877095300 55 2.55340576171875 5.69542598724365 -0.01550197601318 90004
811317476738261 56 -0.00594256911427 -8.91899871826172 -0.00000000001091 4
811349521222720 56 -2.65865325927734 5.3810567855835 0.01744282245636 10004
811381565706980 56 -4.03955078125 2.22698879241943 0.02643918991089 20004
811413610190721 56 -0.64373779296875 -5.88845539093018 0.00391149520874 30004
811445654686571 56 0.15701293945313 -8.96840858459473 -0.00000190734863 40004
811477699170080 56 -2.28509521484375 3.69289326667786 0.01566576957703 50004
811509743642910 56 -1.7591552734375 5.53775835037231 0.01238822937012 60004
811541788132800 56 4.12945556640625 5.93878030776978 -0.02658176422119 70004
811573832610860 56 4.13916015625 4.75246047973633 -0.026282787323 80004
811605877095300 56 2.8609619140625 5.894944190979 -0.01773977279663 90004
811317476738261 57 0.10746448487043 -8.53247928619385 0.00000000011642 4
811349521222720 57 -2.28236389160156 5.5878267288208 0.01519584655762 10004
811381565706980 57 -3.89332580566406 2.45595407485962 0.02531456947327 20004
811413610190721 57 -0.84637451171875 -5.58652687072754 0.00592005252838 30004
811445654686571 57 0.2093505859375 -8.60821533203125 -0.00112533569336 40004
811477699170080 57 -2.08721923828125 3.97172498703003 0.01455140113831 50004
811509743642911 57 0.098876953125 -9.09329223632813 -0.00000143051147 60004
811541788132800 57 4.3482666015625 5.64685821533203 -0.02769088745117 70004
811573832610860 57 4.2105712890625 4.49545001983643 -0.026282787323 80004
811605877095300 57 3.07415771484375 5.96769285202026 -0.0188627243042 90004
811317476738261 58 0.2234048396349 -8.10534763336182 -0.00112304452341 4
811349521222720 58 -1.86820220947266 5.79563903808594 0.01294839382172 10004
811381565706980 58 -3.71092224121094 2.68829441070557 0.02419030666351 20004
811413610190721 58 -1.04327392578125 -5.25560188293457 0.00592076778412 30004
811445654686571 58 0.27215576171875 -8.22555732727051 -0.00112628936768 40004
811477699170080 58 -1.79690551757813 4.1910662651062 0.01231217384338 50004
811509743642911 58 0.3255615234375 -8.7740650177002 -0.00112771987915 60004
811541788132800 58 4.58380126953125 5.3345365524292 -0.02880525588989 70004
811573832610860 58 4.2266845703125 4.2170295715332 -0.02628231048584 80004
811605877095300 58 3.32037353515625 5.93578100204468 -0.02111911773682 90004
811317476738261 59 0.23618890345097 -7.68425130844116 -0.00112304277718 4
811349521222721 59 0.00920867919922 -9.28562831878662 0 10004
811381565706980 59 -3.55848693847656 2.91995882987976 0.02306580543518 20004
811413610190721 59 -1.17410278320313 -4.9159836769104 0.00792908668518 30004
811445654686571 59 0.418701171875 -7.88626384735107 -0.00225067138672 40004
811477699170080 59 -1.47772216796875 4.32589054107666 0.01007318496704 50004
811509743642911 59 0.64068603515625 -8.50202751159668 -0.0033700466156 60004
811541788132800 59 4.7373046875 4.9962363243103 -0.02992296218872 70004
811573832610860 59 4.2490234375 3.85844969749451 -0.02628231048584 80004
811605877095300 59 3.64276123046875 5.81578254699707 -0.02335929870605 90004
811317476738261 60 0.40850323438644 -7.29733180999756 -0.00224608625285 4
811349521222721 60 0.1473388671875 -8.98938083648682 0 10004
811381565706980 60 -3.42276000976563 3.16199064254761 0.02306509017944 20004
811413610190721 60 -1.39337158203125 -4.62422370910645 0.00792980194092 30004
811445654686571 60 0.418701171875 -7.51445960998535 -0.00225067138672 40004
811477699170080 60 -1.233154296875 4.5686411857605 0.00895261764526 50004
811509743642911 60 0.894287109375 -8.17135047912598 -0.00561165809631 60004
811541788132800 60 4.9771728515625 4.72334480285645 -0.03104257583618 70004
811573832610860 60 4.27789306640625 3.44949150085449 -0.0274133682251 80004
811605877095300 60 3.89178466796875 5.57582139968872 -0.02447509765625 90004
811317476738261 61 0.44857403635979 -6.85537338256836 -0.00224608136341 4
811349521222721 61 0.35085296630859 -8.76674461364746 -0.00224751234055 10004
811381565706980 61 -3.20620727539063 3.35610818862915 0.02081835269928 20004
811413610190721 61 -1.64907836914063 -4.3314266204834 0.01000964641571 30004
811445654686571 61 0.5443115234375 -7.1457347869873 -0.00337505340576 40004
811477699170080 61 -1.0711669921875 4.89561605453491 0.00783014297485 50004
811509743642911 61 1.037353515625 -7.75840950012207 -0.00560688972473 60004
811541788132800 61 5.1729736328125 4.38314819335938 -0.03328371047974 70004
811573832610860 61 4.4453125 3.05331230163574 -0.02854871749878 80004
811605877095300 61 4.05340576171875 5.26337480545044 -0.0255880355835 90004
811317476738261 62 0.41195493936539 -6.43459606170654 -0.00224607833661 4
811349521222721 62 0.52451324462891 -8.53188133239746 -0.00337272882462 10004
811381565706980 62 -3.02267456054688 3.55544018745422 0.01969337463379 20004
811413610190721 62 -1.92813110351563 -4.10327196121216 0.01209080219269 30004
811445654686571 62 0.66094970703125 -6.80047559738159 -0.00337600708008 40004
811477699170080 62 -1.02017211914063 5.2329273223877 0.00670766830444 50004
811509743642911 62 1.207275390625 -7.38874483108521 -0.00672507286072 60004
811541788132800 62 5.33349609375 4.0676851272583 -0.03327894210815 70004
811573832610860 62 4.56488037109375 2.67104935646057 -0.02856016159058 80004
811605877095300 62 4.174560546875 4.94669198989868 -0.02670383453369 90004
811317476738261 63 0.31922745704651 -6.02607583999634 -0.00224607507698 4
811349521222721 63 0.66681671142578 -8.23863887786865 -0.00337266921997 10004
811381565706980 63 -2.89375305175781 3.80028820037842 0.01969230175018 20004
811413610190721 63 -2.23007202148438 -3.90594005584717 0.01417446136475 30004
811445654686571 63 0.72714233398438 -6.44368934631348 -0.00450372695923 40004
811477699170081 63 0.01373291015625 -9.26804542541504 0.00000047683716 50004
811509743642911 63 1.48077392578125 -7.07911682128906 -0.00897717475891 60004
811541788132800 63 5.508056640625 3.78307390213013 -0.03439617156982 70004
811573832610860 63 4.60540771484375 2.26403093338013 -0.02857208251953 80004
811605877095300 63 4.30731201171875 4.62777185440063 -0.02669763565063 90004
811317476738261 64 0.06323693692684 -5.65390682220459 -0.00018580145843 4
811349521222721 64 0.87538146972656 -7.95939922332764 -0.0056192278862 10004
811381565706980 64 -2.7998046875 4.08098602294922 0.01856577396393 20004
811413610190721 64 -2.45419311523438 -3.58754253387451 0.0162079334259 30004
811445654686571 64 0.76571655273438 -6.04886817932129 -0.00451135635376 40004
811477699170081 64 0.12359619140625 -8.96936988830566 0.00000429153442 50004
811509743642911 64 1.87799072265625 -6.87757873535156 -0.01123023033142 60004
811541788132800 64 5.82623291015625 3.5442967414856 -0.03664207458496 70004
811573832610860 64 4.724609375 1.84332704544067 -0.02970790863037 80004
811605877095300 64 4.51409912109375 4.32050561904907 -0.02894830703735 90004
811317476738261 65 -0.02949014864862 -5.24539041519165 -0.00018580134201 4
811349521222721 65 1.10225677490234 -7.72468852996826 -0.00674337148666 10004
811381565706980 65 -2.62242126464844 4.29049158096313 0.01744103431702 20004
811413610190721 65 -2.64169311523438 -3.2746479511261 0.01620972156525 30004
811445654686571 65 0.66497802734375 -5.69517517089844 -0.00451517105103 40004
811477699170081 65 0.15042114257813 -8.67382717132568 0.0000057220459 50004
811509743642911 65 2.17352294921875 -6.58773756027222 -0.01348280906677 60004
811541788132800 65 6.019287109375 3.22905302047729 -0.03777313232422 70004
811573832610860 65 4.76171875 1.43623113632202 -0.02971839904785 80004
811605877095300 65 4.5849609375 3.98484253883362 -0.02895927429199 90004
811317476738261 66 -0.02182622998953 -4.82820701599121 -0.00018580126925 4
811349521222721 66 1.2703857421875 -7.453444480896 -0.00786691904068 10004
811381565706980 66 -2.43510437011719 4.49544715881348 0.01631617546082 20004
811413610190721 66 -2.85989379882813 -2.98475551605225 0.01827192306519 30004
811445654686571 66 0.62136840820313 -5.39872741699219 -0.00452065467834 40004
811477699170081 66 0.115966796875 -8.38119697570801 0.00000691413879 50004
811509743642911 66 2.47100830078125 -6.29664421081543 -0.01573133468628 60004
811541788132800 66 6.10711669921875 2.97589826583862 -0.03889036178589 70004
811573832610860 66 4.878173828125 1.053466796875 -0.0308518409729 80004
811605877095300 66 4.61322021484375 3.67936563491821 -0.02896404266357 90004
811317476738261 67 0.04352597147226 -4.38197040557861 -0.00018580106553 4
811349521222721 67 1.40025329589844 -7.15149402618408 -0.00899118185043 10004
811381565706980 67 -2.220703125 4.69164085388184 0.01519310474396 20004
811413610190721 67 -3.1485595703125 -2.73370838165283 0.02032041549683 30004
811445654686571 67 0.66213989257813 -5.15939331054688 -0.00452828407288 40004
811477699170081 67 0.0345458984375 -8.07359504699707 0.00000858306885 50004
811509743642911 67 2.820068359375 -6.02650260925293 -0.01798248291016 60004
811541788132800 67 6.10443115234375 2.79965162277222 -0.03888654708862 70004
811573832610860 67 5.041748046875 0.65657365322113 -0.03198719024658 80004
811605877095300 67 4.64202880859375 3.39831113815308 -0.028968334198 90004
811317476738261 68 0.06156352907419 -3.95881080627441 -0.00018580077449 4
811349521222721 68 1.54935455322266 -6.93971252441406 -0.00899076461792 10004
811381565706980 68 -1.96647644042969 4.80277729034424 0.01294457912445 20004
811413610190721 68 -3.48638916015625 -2.59576416015625 0.02237975597382 30004
811445654686571 68 0.740234375 -5.00760889053345 -0.00453519821167 40004
811477699170081 68 -0.03732299804688 -7.78405380249023 0.00000977516174 50004
811509743642911 68 3.197265625 -5.84929084777832 -0.02022814750671 60004
811541788132800 68 6.06414794921875 2.69829988479614 -0.0388822555542 70004
811573832610860 68 5.0673828125 0.24752604961395 -0.03199672698975 80004
811605877095300 68 4.7269287109375 3.16233396530151 -0.03008699417114 90004
811317476738261 69 -0.08887144178152 -3.56558179855347 -0.00018580077449 4
811349521222721 69 1.82398986816406 -6.77386617660522 -0.01123809814453 10004
811381565706980 69 -1.80653381347656 4.97226619720459 0.01181817054749 20004
811413610190721 69 -3.72451782226563 -2.35363531112671 0.02443373203278 30004
811445654686571 69 0.80355834960938 -4.95275592803955 -0.00454211235046 40004
811477699170081 69 -0.154052734375 -7.50981855392456 0.00001168251038 50004
811509743642911 69 3.5718994140625 -5.66670513153076 -0.02247333526611 60004
811541788132800 69 5.85980224609375 2.50247001647949 -0.03887748718262 70004
811573832610860 69 4.9298095703125 -0.1359776109457 -0.03200149536133 80004
811605877095300 69 4.8743896484375 2.8559045791626 -0.03120040893555 90004
811317476738261 70 -0.34718552231789 -3.20340752601624 0.00186368077993 4
811349521222721 70 2.06294250488281 -6.53073263168335 -0.01236176490784 10004
811381565706980 70 -1.64208984375 5.19550895690918 0.01069355010986 20004
811413610190721 70 -4.03787231445313 -2.15281057357788 0.02652025222778 30004
811445654686571 70 0.97149658203125 -4.83080196380615 -0.00567269325256 40004
811477699170081 70 -0.34344482421875 -7.26037645339966 0.00204205513 50004
811509743642911 70 3.918212890625 -5.39699840545654 -0.02471876144409 60004
811541788132800 70 5.53656005859375 2.34367370605469 -0.03680038452148 70004
811573832610860 70 4.67236328125 -0.47717574238777 -0.02991580963135 80004
811605877095300 70 5.0206298828125 2.5167932510376 -0.03231191635132 90004
811317476738261 71 -0.61153757572174 -2.91099047660828 0.00392552930862 4
811349521222721 71 2.23683166503906 -6.25501585006714 -0.01348578929901 10004
811381565706981 71 0.05226135253906 -9.19335174560547 0 20004
811413610190721 71 -4.33816528320313 -1.95926952362061 0.02857601642609 30004
811445654686571 71 1.215087890625 -4.69761419296265 -0.00680065155029 40004
811477699170081 71 -0.51907348632813 -7.02685737609863 0.004065990448 50004
811509743642911 71 4.17730712890625 -5.07649707794189 -0.02583622932434 60004
811541788132800 71 5.1761474609375 2.24473118782043 -0.03271007537842 70004
811573832610860 71 4.34552001953125 -0.7093391418457 -0.02787780761719 80004
811605877095300 71 5.1146240234375 2.23068380355835 -0.03230094909668 90004
811317476738261 72 -0.82461327314377 -2.65095138549805 0.00597894191742 4
811349521222721 72 2.38210296630859 -5.96220874786377 -0.01460921764374 10004
811381565706981 72 0.20904541015625 -8.85726737976074 -0.00112426280975 20004
811413610190721 72 -4.57522583007813 -1.68163585662842 0.02857410907745 30004
811445654686571 72 1.51754760742188 -4.60639762878418 -0.0090503692627 40004
811477699170081 72 -0.62246704101563 -6.74685621261597 0.00407028198242 50004
811509743642911 72 4.36676025390625 -4.70454978942871 -0.02808594703674 60004
811541788132800 72 4.80718994140625 2.18119859695435 -0.03065061569214 70004
811573832610860 72 3.95745849609375 -0.84024971723557 -0.02587842941284 80004
811605877095300 72 5.1402587890625 2.01593542098999 -0.0322904586792 90004
811317476738261 73 -1.13511002063751 -2.35395765304565 0.00800323486328 4
811349521222721 73 2.65454864501953 -5.74462890625 -0.01685637235641 10004
811381565706981 73 0.20904541015625 -8.46172904968262 -0.00112617015839 20004
811413610190721 73 -4.87594604492188 -1.43432331085205 0.03064954280853 30004
811445654686571 73 1.91012573242188 -4.66332054138184 -0.01130080223083 40004
811477699170081 73 -0.84808349609375 -6.52255964279175 0.00613212585449 50004
811509743642911 73 4.71728515625 -4.42964744567871 -0.03033566474915 60004
811541788132800 73 4.4136962890625 2.24871492385864 -0.02859115600586 70004
811573832610860 73 3.52288818359375 -0.79171627759933 -0.02384519577026 80004
811605877095300 73 5.161865234375 1.64636182785034 -0.03227996826172 90004
811317476738261 74 -1.50683915615082 -2.18000674247742 0.00995868165046 4
811349521222721 74 2.829833984375 -5.47583627700806 -0.01798117160797 10004
811381565706981 74 0.17195129394531 -8.09527587890625 -0.00112688541412 20004
811413610190721 74 -5.0662841796875 -1.13103854656219 0.03270769119263 30004
811445654686571 74 2.25735473632813 -4.78834581375122 -0.01354670524597 40004
811477699170081 74 -1.0635986328125 -6.31639909744263 0.00613284111023 50004
811509743642911 74 4.9967041015625 -4.23227787017822 -0.03146243095398 60004
811541788132800 74 4.0897216796875 2.42178320884705 -0.02658081054688 70004
811573832610860 74 3.15777587890625 -0.62310129404068 -0.0196967124939 80004
811605877095300 74 5.1846923828125 1.30003869533539 -0.03227090835571 90004
811317476738261 75 -1.89027035236359 -1.96183621883392 0.01202447526157 4
811349521222721 75 3.03704833984375 -5.20558929443359 -0.01910519599915 10004
811381565706981 75 0.06437683105469 -7.72152757644653 -0.00112688541412 20004
811413610190721 75 -5.1624755859375 -0.76316654682159 0.03270697593689 30004
811445654686571 75 2.606201171875 -4.97463893890381 -0.01579833030701 40004
811477699170081 75 -1.24526977539063 -6.06423568725586 0.00816583633423 50004
811509743642911 75 5.210205078125 -4.08381843566895 -0.03259015083313 60004
811541788132800 75 3.79058837890625 2.68068552017212 -0.02447175979614 70004
811573832610860 75 2.84197998046875 -0.33580529689789 -0.01765537261963 80004
811605877095300 75 5.27716064453125 0.95082718133926 -0.03338193893433 90004
811317476738261 76 -2.19986391067505 -1.67325401306152 0.01403635274619 4
811349521222721 76 3.27847290039063 -4.99051284790039 -0.0202294588089 10004
811381565706981 76 -0.08045959472656 -7.3845043182373 0.00088286399841 20004
811413610190721 76 -5.1455078125 -0.40255978703499 0.03270602226257 30004
811445654686571 76 2.92327880859375 -5.15954685211182 -0.01804447174072 40004
811477699170081 76 -1.369384765625 -5.79708337783813 0.00816583633423 50004
811509743642911 76 5.337158203125 -3.9609522819519 -0.03371787071228 60004
811541788132800 76 3.5543212890625 2.93421363830566 -0.02241277694702 70004
811573832610860 76 2.63165283203125 0.01290364563465 -0.01766204833984 80004
811605877095300 76 5.425537109375 0.64196407794952 -0.03449487686157 90004
811317476738261 77 -2.53271746635437 -1.41148447990417 0.01611066050828 4
811349521222721 77 3.42461395263672 -4.6981463432312 -0.02135324478149 10004
811381565706981 77 -0.09030151367188 -7.0138087272644 0.00088226795197 20004
811413610190721 77 -4.99407958984375 -0.07027834653854 0.03270435333252 30004
811445654686571 77 3.29071044921875 -5.21418523788452 -0.0202944278717 40004
811477699170081 77 -1.58346557617188 -5.59531688690186 0.0102231502533 50004
811509743642911 77 5.5037841796875 -3.64124369621277 -0.03484416007996 60004
811541788132800 77 3.38311767578125 3.00948357582092 -0.02241039276123 70004
811573832610860 77 2.52960205078125 0.40987867116928 -0.01565885543823 80004
811605877095300 77 5.4493408203125 0.29569563269615 -0.03448390960693 90004
811317476738261 78 -2.83928823471069 -1.30291950702667 0.01792145706713 4
811349521222721 78 3.65776824951172 -4.44290924072266 -0.02247846126556 10004
811381565706981 78 -0.13551330566406 -6.62118339538574 0.00088143348694 20004
811413610190721 78 -4.7230224609375 0.20186774432659 0.03045582771301 30004
811445654686571 78 3.64471435546875 -5.38364315032959 -0.02254676818848 40004
811477699170081 78 -1.72232055664063 -5.31471347808838 0.01022696495056 50004
811509743642911 78 5.552978515625 -3.21653008460999 -0.03484964370728 60004
811541788132800 78 3.14337158203125 3.19016861915588 -0.02031898498535 70004
811573832610860 78 2.43292236328125 0.83645528554916 -0.01566028594971 80004
811605877095300 78 5.35015869140625 -0.0562186986208 -0.03447723388672 90004
811317476738261 79 -3.16871476173401 -1.1681272983551 0.01970500312746 4
811349521222721 79 3.83001708984375 -4.17421531677246 -0.02360260486603 10004
811381565706981 79 -0.10020446777344 -6.26087093353271 0.00088047981262 20004
811413610190721 79 -4.41561889648438 0.39171940088272 0.02933049201965 30004
811445654686571 79 3.92218017578125 -5.62210083007813 -0.02479720115662 40004
811477699170081 79 -1.85092163085938 -5.04589033126831 0.01227474212646 50004
811509743642911 79 5.4912109375 -2.84616470336914 -0.03485321998596 60004
811541788132800 79 2.9443359375 3.45786333084106 -0.0183048248291 70004
811573832610860 79 2.25909423828125 1.1974915266037 -0.01566123962402 80004
811605877095300 79 5.162841796875 -0.33923488855362 -0.03241443634033 90004
811317476738261 80 -3.55039668083191 -0.99848788976669 0.02363469451666 4
811349521222721 80 3.96843719482422 -3.88713765144348 -0.02472752332687 10004
811381565706981 80 -0.02055358886719 -5.9095287322998 0.00087904930115 20004
811413610190721 80 -4.10076904296875 0.56543272733688 0.0270836353302 30004
811445654686571 80 4.12765502929688 -5.91679048538208 -0.02592301368713 40004
811477699170081 80 -2.0145263671875 -4.80144166946411 0.01227831840515 50004
811509743642911 80 5.324951171875 -2.52497696876526 -0.03485488891602 60004
811541788132800 80 2.75335693359375 3.77226114273071 -0.01830291748047 70004
811573832610860 80 2.02801513671875 1.53385555744171 -0.01361417770386 80004
811605877095300 80 4.9039306640625 -0.56737941503525 -0.03240919113159 90004
811317476738261 81 -3.98451447486877 -0.92993515729904 0.02555636689067 4
811349521222721 81 4.20560455322266 -3.65801930427551 -0.02697455883026 10004
811381565706981 81 -0.06449890136719 -5.54626274108887 0.00087833404541 20004
811413610190721 81 -3.84539794921875 0.85913866758347 0.02483892440796 30004
811445654686571 81 4.21603393554688 -6.26370668411255 -0.02704453468323 40004
811477699170081 81 -2.271240234375 -4.6133770942688 0.01433229446411 50004
811509743642911 81 5.000732421875 -2.22080445289612 -0.0328311920166 60004
811541788132800 81 2.44110107421875 4.02097988128662 -0.01628112792969 70004
811573832610860 81 1.85418701171875 1.93505871295929 -0.01156282424927 80004
811605877095300 81 4.5738525390625 -0.73763602972031 -0.03037023544312 90004
811317476738261 82 -4.33938980102539 -0.70479303598404 0.02768343500793 4
811349521222721 82 4.46519470214844 -3.46165871620178 -0.0280978679657 10004
811381565706981 82 -0.21757507324219 -5.21174716949463 0.0008772611618 20004
811413610190721 82 -3.73544311523438 1.20490729808807 0.02484059333801 30004
811445654686571 82 4.17413330078125 -6.53789138793945 -0.02704453468323 40004
811477699170081 82 -2.4312744140625 -4.36330652236938 0.01633715629578 50004
811509743642911 82 4.8360595703125 -1.84073483943939 -0.03080248832703 60004
811541788132800 82 2.16522216796875 4.2735595703125 -0.0141806602478 70004
811573832610860 82 1.72967529296875 2.32550597190857 -0.01156949996948 80004
811605877095300 82 4.26470947265625 -0.89641380310059 -0.02825117111206 90004
811317476738261 83 -4.6253604888916 -0.36820018291473 0.02979430183768 4
811349521222721 83 4.73159790039063 -3.23740816116333 -0.03034430742264 10004
811381565706981 83 -0.34097290039063 -4.83810424804688 0.0029102563858 20004
811413610190721 83 -3.53497314453125 1.52879250049591 0.02371573448181 30004
811445654686571 83 4.01272583007813 -6.84334564208984 -0.02499151229858 40004
811477699170081 83 -2.6483154296875 -4.13709783554077 0.01634097099304 50004
811509743642911 83 4.5716552734375 -1.49588906764984 -0.02876091003418 60004
811541788132800 83 1.97784423828125 4.47317886352539 -0.01214456558228 70004
811573832610860 83 1.54522705078125 2.63886618614197 -0.0095362663269 80004
811605877095300 83 4.00726318359375 -0.96501386165619 -0.02612209320068 90004
811317476738261 84 -4.78569507598877 0.01411601528525 0.02979425899684 4
811349521222721 84 4.935302734375 -2.99075627326965 -0.0314679145813 10004
811381565706981 84 -0.40773010253906 -4.47468757629395 0.00290989875793 20004
811413610190721 84 -3.3414306640625 1.82929110527039 0.02258837223053 30004
811445654686571 84 3.76385498046875 -7.10154104232788 -0.02499341964722 40004
811477699170081 84 -2.847900390625 -3.92395877838135 0.01839852333069 50004
811509743642911 84 4.30157470703125 -1.18443512916565 -0.02876257896423 60004
811541788132800 84 1.7999267578125 4.64547920227051 -0.01214265823364 70004
811573832610860 84 1.39031982421875 2.86191272735596 -0.00954341888428 80004
811605877095300 84 3.8275146484375 -0.95082557201385 -0.02408981323242 90004
811317476738261 85 -4.83015203475952 0.43531066179276 0.03180265426636 4
811349521222721 85 5.06221771240234 -2.68954968452454 -0.03259241580963 10004
811381565706981 85 -0.43084716796875 -4.10458564758301 0.00290930271149 20004
811413610190721 85 -3.24063110351563 2.18008923530579 0.02146422863007 30004
811445654686571 85 3.44015502929688 -7.28441047668457 -0.02288031578064 40004
811477699170081 85 -2.98065185546875 -3.65676069259644 0.01839852333069 50004
811509743642911 85 4.10015869140625 -0.82039320468903 -0.02676272392273 60004
811541788132800 85 1.498779296875 4.86828136444092 -0.01013088226318 70004
811573832610860 85 1.33355712890625 3.06073594093323 -0.00955057144165 80004
811605877095300 85 3.68927001953125 -0.89292204380035 -0.024085521698 90004
811317476738261 86 -4.68326377868652 0.86255276203156 0.03067955002189 4
811349521222721 86 5.19182586669922 -2.36592030525208 -0.03259247541428 10004
811381565706981 86 -0.30072021484375 -3.73110103607178 0.00290763378143 20004
811413610190721 86 -2.98556518554688 2.47379422187805 0.02034246921539 30004
811445654686571 86 3.0445556640625 -7.31526374816895 -0.02073764801025 40004
811477699170081 86 -3.15386962890625 -3.47424268722534 0.02041983604431 50004
811509743642911 86 3.7401123046875 -0.55985796451569 -0.02473998069763 60004
811541788132800 86 1.27764892578125 5.20002269744873 -0.00808525085449 70004
811573832610860 86 1.04644775390625 3.39058899879456 -0.00753164291382 80004
811605877095300 86 3.4150390625 -0.68329775333405 -0.02204418182373 90004
811317476738261 87 -4.44755458831787 1.20786714553833 0.02955644391477 4
811349521222721 87 5.26619720458984 -2.04901623725891 -0.03371596336365 10004
811381565706981 87 -0.29554748535156 -3.36717391014099 0.00178241729736 20004
811413610190721 87 -2.76766967773438 2.76602172851563 0.01809561252594 30004
811445654686571 87 2.68984985351563 -7.22815418243408 -0.01653146743774 40004
811477699170081 87 -3.26669311523438 -3.2210865020752 0.02042245864868 50004
811509743642911 87 3.50164794921875 -0.22776038944721 -0.022709608078 60004
811541788132800 87 1.07879638671875 5.51618099212646 -0.00808334350586 70004
811573832610860 87 0.89141845703125 3.76195049285889 -0.00545167922974 80004
811605877095300 87 3.1922607421875 -0.42831516265869 -0.01997995376587 90004
811317476738261 88 -4.234130859375 1.59407091140747 0.02731031365693 4
811349521222721 88 5.31099700927734 -1.70375108718872 -0.03371667861938 10004
811381565706981 88 -0.34751892089844 -2.97533440589905 0.00178039073944 20004
811413610190721 88 -2.50360107421875 3.02424001693726 0.01697182655334 30004
811445654686571 88 2.35855102539063 -7.02713108062744 -0.01447200775146 40004
811477699170081 88 -3.41946411132813 -2.95021319389343 0.02243661880493 50004
811509743642911 88 3.22900390625 0.11301912367344 -0.02068853378296 60004
811541788132801 88 0.056396484375 -9.16487598419189 0.00000095367432 70004
811573832610860 88 0.78912353515625 4.18648386001587 -0.00545215606689 80004
811605877095300 88 3.03131103515625 -0.10425613820553 -0.0199818611145 90004
811317476738261 89 -4.11821126937866 2.00095844268799 0.02731025777757 4
811349521222721 89 5.35152435302734 -1.38301551342011 -0.0337176322937 10004
811381565706981 89 -0.3895263671875 -2.61099147796631 0.00177836418152 20004
811413610190721 89 -2.21908569335938 3.21110606193542 0.01472640037537 30004
811445654686571 89 2.0882568359375 -6.77475547790527 -0.01447510719299 40004
811477699170081 89 -3.63461303710938 -2.74787998199463 0.02243947982788 50004
811509743642911 89 2.9237060546875 0.39018142223358 -0.01860165596008 60004
811541788132801 89 0.169189453125 -8.86143493652344 0.00000286102295 70004
811573832610860 89 0.69403076171875 4.58050394058228 -0.00545310974121 80004
811605877095300 89 2.9503173828125 0.23290903866291 -0.01998376846313 90004
811317476738261 90 -3.95384955406189 2.39132165908813 0.02618718892336 4
811349521222721 90 5.50965118408203 -1.09697437286377 -0.0348414182663 10004
811381565706981 90 -0.29249572753906 -2.25300621986389 0.00177454948425 20004
811413610190721 90 -2.00836181640625 3.50947141647339 0.01360058784485 30004
811445654686571 90 1.75958251953125 -6.60129165649414 -0.01236534118652 40004
811477699170081 90 -3.91201782226563 -2.638263463974 0.02447295188904 50004
811509743642911 90 2.740966796875 0.76467514038086 -0.01860380172729 60004
811541788132801 90 0.2296142578125 -8.54264545440674 -0.00111722946167 70004
811573832610860 90 0.4569091796875 4.91482877731323 -0.00342845916748 80004
811605877095300 90 2.8240966796875 0.55655157566071 -0.01794767379761 90004
811317476738261 91 -3.6488893032074 2.71581792831421 0.02394105866551 4
811349521222721 91 5.56069183349609 -0.75717067718506 -0.03484088182449 10004
811381565706981 91 -0.32807922363281 -1.86478781700134 0.00177228450775 20004
811413610190721 91 -1.8001708984375 3.83855724334717 0.0124739408493 30004
811445654686571 91 1.4716796875 -6.33306837081909 -0.01025247573853 40004
811477699170081 91 -4.170654296875 -2.45641827583313 0.02649736404419 50004
811509743642911 91 2.5679931640625 1.17387807369232 -0.01655411720276 60004
811541788132801 91 0.18218994140625 -8.24514007568359 -0.00111532211304 70004
811573832610860 91 0.234130859375 5.29053449630737 -0.00134801864624 80004
811605877095300 91 2.77581787109375 0.92135637998581 -0.01794338226318 90004
811317476738261 92 -3.39550876617432 3.04752135276794 0.02281796187162 4
811349521222721 92 5.50849914550781 -0.44231984019279 -0.03484046459198 10004
811381565706981 92 -0.47059631347656 -1.53204107284546 0.00379109382629 20004
811413610190721 92 -1.55801391601563 4.10423135757446 0.0102254152298 30004
811445654686571 92 1.2738037109375 -6.02495193481445 -0.00820589065552 40004
811477699170081 92 -4.351806640625 -2.22828340530396 0.02850699424744 50004
811509743642911 92 2.3314208984375 1.50481557846069 -0.0144670009613 60004
811541788132801 92 0.129150390625 -7.94750785827637 -0.00111389160156 70004
811573832610861 92 0.03955078125 -9.08688163757324 -0.00000095367432 80004
811605877095300 92 2.678466796875 1.23376548290253 -0.01794004440308 90004
811317476738261 93 -3.1673321723938 3.39674663543701 0.02057183161378 4
811349521222721 93 5.36749267578125 -0.15296176075935 -0.03484064340591 10004
811381565706981 93 -0.69721984863281 -1.24128997325897 0.00379049777985 20004
811413610190721 93 -1.29598999023438 4.35034513473511 0.00910305976868 30004
811445654686571 93 1.12759399414063 -5.68287944793701 -0.00820636749268 40004
811477699170081 93 -4.4898681640625 -1.96392488479614 0.0285062789917 50004
811509743642911 93 2.0552978515625 1.80835402011871 -0.01243042945862 60004
811541788132801 93 0.06341552734375 -7.63479232788086 -0.00111246109009 70004
811573832610861 93 0.14630126953125 -8.69198322296143 -0.00000286102295 80004
811605877095300 93 2.49444580078125 1.50058197975159 -0.01589584350586 90004
811317476738261 94 -2.80538177490234 3.66715979576111 0.01832572743297 4
811349521222721 94 5.11650085449219 0.08893370628357 -0.03281784057617 10004
811381565706981 94 -1.00193786621094 -0.98895847797394 0.00580096244812 20004
811413610190721 94 -1.12118530273438 4.69810819625854 0.00798046588898 30004
811445654686571 94 0.97329711914063 -5.3174467086792 -0.00619864463806 40004
811477699170081 94 -4.65216064453125 -1.69019746780396 0.03051209449768 50004
811509743642911 94 1.8873291015625 2.21980428695679 -0.01243424415588 60004
811541788132801 94 -0.11920166015625 -7.34112167358398 0.00090265274048 70004
811573832610861 94 0.39923095703125 -8.33384418487549 -0.0022554397583 80004
811605877095300 94 2.19268798828125 1.71696877479553 -0.01378583908081 90004
811317476738261 95 -2.59572887420654 4.03233909606934 0.01720266789198 4
811349521222721 95 4.87991333007813 0.31431424617767 -0.03079074621201 10004
811381565706981 95 -1.30868530273438 -0.89796614646912 0.00897288322449 20004
811413610190721 95 -1.10000610351563 5.06033849716187 0.00798070430756 30004
811445654686571 95 0.72366333007813 -5.077392578125 -0.00416016578674 40004
811477699170081 95 -4.71615600585938 -1.39985394477844 0.03051424026489 50004
811509743642911 95 1.819580078125 2.63021159172058 -0.01243734359741 60004
811541788132801 95 -0.3760986328125 -7.14556694030762 0.00291347503662 70004
811573832610861 95 0.45263671875 -8.10608863830566 -0.00225734710693 80004
811605877095300 95 2.0277099609375 1.9892989397049 -0.01378059387207 90004
811317476738261 96 -2.28935623168945 4.35060739517212 0.01495655626059 4
811349521222721 96 4.68822479248047 0.59950041770935 -0.03079158067703 10004
811381565706981 96 -1.63133239746094 -0.71959924697876 0.01106345653534 20004
811413610190721 96 -1.16244506835938 5.44023466110229 0.00798118114471 30004
811445654686571 96 0.40890502929688 -4.85606956481934 -0.00210094451904 40004
811477699170081 96 -4.69192504882813 -1.08972334861755 0.03051829338074 50004
811509743642911 96 1.641845703125 3.02687239646912 -0.01042294502258 60004
811541788132801 96 -0.5877685546875 -6.88078689575195 0.00292158126831 70004
811573832610861 96 0.5413818359375 -7.75016593933105 -0.00338220596313 80004
811605877095300 96 1.9473876953125 2.33104372024536 -0.01171207427979 90004
811317476738261 97 -1.95604264736176 4.61161279678345 0.01271045114845 4
811349521222721 97 4.50599670410156 0.86244863271713 -0.02875173091888 10004
811381565706981 97 -1.95193481445313 -0.54933726787567 0.01288938522339 20004
811413610190722 97 -0.00701904296875 -9.19068622589111 -0.00000011920929 30004
811445654686571 97 0.07351684570313 -4.71455383300781 -0.00000762939453 40004
811477699170081 97 -4.60418701171875 -0.80601024627686 0.03052234649658 50004
811509743642911 97 1.39453125 3.3606321811676 -0.00840258598328 60004
811541788132801 97 -0.7208251953125 -6.59830856323242 0.00493860244751 70004
811573832610861 97 0.70343017578125 -7.37619924545288 -0.00450897216797 80004
811605877095300 97 1.8729248046875 2.66284966468811 -0.01170825958252 90004
811317476738261 98 -1.6347439289093 4.88761425018311 0.01158739626408 4
811349521222721 98 4.25048065185547 1.06608533859253 -0.02665150165558 10004
811381565706981 98 -2.31559753417969 -0.47699809074402 0.01569890975952 20004
811413610190722 98 -0.028076171875 -8.84660530090332 -0.00000059604645 30004
811445654686571 98 -0.2965087890625 -4.6746997833252 0.00205659866333 40004
811477699170081 98 -4.48287963867188 -0.53396093845367 0.02940368652344 50004
811509743642911 98 1.1124267578125 3.66653275489807 -0.006343126297 60004
811541788132801 98 -0.8013916015625 -6.31738471984863 0.00494575500488 70004
811573832610861 98 0.9716796875 -7.05801773071289 -0.00563383102417 80004
811605877095300 98 1.70263671875 2.96578550338745 -0.01170349121094 90004
811317476738261 99 -1.46019613742828 5.27353191375732 0.01046434603631 4
811349521222721 99 3.97474670410156 1.24147975444794 -0.02477395534515 10004
811381565706981 99 -2.68597412109375 -0.49590677022934 0.01712691783905 20004
811413610190722 99 -0.03448486328125 -8.47123908996582 -0.00000095367432 30004
811445654686571 99 -0.61468505859375 -4.48235321044922 0.0040807723999 40004
811477699170081 99 -4.48699951171875 -0.24937011301517 0.02940535545349 50004
811509743642911 99 0.832275390625 3.97498679161072 -0.00634145736694 60004
811541788132801 99 -0.8544921875 -5.99719333648682 0.00495338439941 70004
811573832610861 99 1.08062744140625 -6.65615844726563 -0.00675868988037 80004
811605877095300 99 1.54022216796875 3.27264094352722 -0.00967168807983 90004
811317476738262 100 0.05831549689174 -9.1036491394043 0.0000000000291 4
811349521222721 100 3.73896026611328 1.46353876590729 -0.02477478981018 10004
811381565706981 100 -3.03849792480469 -0.4092925786972 0.01992011070251 20004
811413610190722 100 -0.14599609375 -8.12114524841309 -0.00000262260437 30004
811445654686571 100 -0.91360473632813 -4.2624979019165 0.00607991218567 40004
811477699170081 100 -4.49539184570313 0.04425346106291 0.02940630912781 50004
811509743642911 100 0.519775390625 4.24862194061279 -0.00429487228394 60004
811541788132801 100 -0.994873046875 -5.71175384521484 0.00703525543213 70004
811573832610861 100 1.2249755859375 -6.26642990112305 -0.00788354873657 80004
811605877095300 100 1.32781982421875 3.54468965530396 -0.00966739654541 90004
811317476738262 101 0.20933300256729 -8.77617168426514 -0.00112304580398 4
811349521222721 101 3.47541046142578 1.67960715293884 -0.02276772260666 10004
811381565706981 101 -3.36845397949219 -0.20777355134487 0.02124738693237 20004
811413610190722 101 -0.35491943359375 -7.78368663787842 0.00202298164368 30004
811445654686571 101 -1.25076293945313 -4.07096672058105 0.00822305679321 40004
811477699170081 101 -4.45608520507813 0.35279539227486 0.02941012382507 50004
811509743642911 101 0.224853515625 4.56787776947021 -0.00226140022278 60004
811541788132801 101 -1.2120361328125 -5.44354915618896 0.00704336166382 70004
811573832610861 101 1.3890380859375 -5.85382461547852 -0.00788545608521 80004
811605877095300 101 1.12689208984375 3.84666538238525 -0.00759887695313 90004
811317476738262 102 0.43078976869583 -8.45721530914307 -0.00224608927965 4
811349521222721 102 3.181640625 1.81841397285461 -0.02079755067825 10004
811381565706981 102 -3.625732421875 0.05752570927143 0.02328670024872 20004
811413610190722 102 -0.59393310546875 -7.4972186088562 0.00408160686493 30004
811445654686571 102 -1.60693359375 -3.97187876701355 0.01023817062378 40004
811477699170081 102 -4.33285522460938 0.62224251031876 0.02828860282898 50004
811509743642911 102 0.0283203125 4.93384742736816 -0.00018095970154 60004
811541788132801 102 -1.44012451171875 -5.21458768844604 0.00905323028564 70004
811573832610861 102 1.53411865234375 -5.46321105957031 -0.00902080535889 80004
811605877095300 102 1.0137939453125 4.17428636550903 -0.0075888633728 90004
811317476738262 103 0.50796592235565 -8.07435321807861 -0.00224608182907 4
811349521222721 103 2.96579742431641 2.063805103302 -0.01871460676193 10004
811381565706981 103 -3.95083618164063 0.23609739542007 0.02596735954285 20004
811413610190722 103 -0.70059204101563 -7.13723754882813 0.00408101081848 30004
811445654686571 103 -1.8966064453125 -3.73826909065247 0.01228523254395 40004
811477699170081 103 -4.11083984375 0.8215833902359 0.02716684341431 50004
811509743642911 103 -0.26617431640625 5.22804641723633 0.00189685821533 60004
811541788132801 103 -1.55914306640625 -4.91251373291016 0.00905418395996 70004
811573832610861 103 1.72528076171875 -5.09305191040039 -0.01015758514404 80004
811605877095300 103 0.81695556640625 4.46120405197144 -0.00558519363403 90004
811317476738262 104 0.46791723370552 -7.66576290130615 -0.00336912507191 4
811349521222721 104 2.77736663818359 2.35556364059448 -0.01871448755264 10004
811381565706981 104 -4.33349609375 0.30331021547318 0.02869164943695 20004
811413610190722 104 -0.86929321289063 -6.77564811706543 0.00608944892883 30004
811445654686571 104 -2.26211547851563 -3.60414719581604 0.01442575454712 40004
811477699170081 104 -3.958251953125 1.0943044424057 0.02605056762695 50004
811509743642912 104 0.0908203125 -9.07466697692871 -0.00000143051147 60004
811541788132801 104 -1.74896240234375 -4.65336990356445 0.01108598709106 70004
811573832610861 104 2.0400390625 -4.79040908813477 -0.01241874694824 80004
811605877095300 104 0.55499267578125 4.72060346603394 -0.00353050231934 90004
811317476738262 105 0.34667664766312 -7.29811525344849 -0.00136432494037 4
811349521222721 105 2.56513977050781 2.59383893013 -0.0166642665863 10004
811381565706981 105 -4.68533325195313 0.39450240135193 0.03012108802795 20004
811413610190722 105 -0.9715576171875 -6.4236011505127 0.00609004497528 30004
811445654686571 105 -2.58926391601563 -3.44713187217712 0.01643919944763 40004
811477699170081 105 -3.79238891601563 1.33370625972748 0.02493238449097 50004
811509743642912 105 0.14239501953125 -8.77658271789551 -0.00000405311584 60004
811541788132801 105 -1.9178466796875 -4.39671277999878 0.01311874389648 70004
811573832610861 105 2.3040771484375 -4.48171234130859 -0.01467514038086 80004
811605877095300 105 0.3134765625 4.96832275390625 -0.00145483016968 90004
811317476738262 106 0.18159784376621 -6.91810512542725 -0.00136432424188 4
811349521222721 106 2.30962371826172 2.79669237136841 -0.014772772789 10004
811381565706981 106 -5.03453063964844 0.57972663640976 0.03268003463745 20004
811413610190722 106 -0.98251342773438 -6.02373647689819 0.00609087944031 30004
811445654686571 106 -2.9088134765625 -3.21730470657349 0.0184850692749 40004
811477699170081 106 -3.57635498046875 1.56136000156403 0.02381324768066 50004
811509743642912 106 0.102294921875 -8.45131015777588 -0.00000524520874 60004
811541788132801 106 -2.0848388671875 -4.09917211532593 0.0131196975708 70004
811573832610861 106 2.49407958984375 -4.08209800720215 -0.01580095291138 80004
811605877095300 106 0.0614013671875 5.2323055267334 -0.00146102905273 90004
811317476738262 107 0.10689279437065 -6.53478145599365 -0.00136432482395 4
811349521222721 107 2.19240570068359 2.99944949150085 -0.01477271318436 10004
811381565706981 107 -5.34663391113281 0.78035771846771 0.03537607192993 20004
811413610190722 107 -0.95596313476563 -5.64926433563232 0.00609230995178 30004
811445654686571 107 -3.25515747070313 -3.08153128623962 0.02056932449341 40004
811477699170081 107 -3.46014404296875 1.83581435680389 0.02269530296326 50004
811509743642912 107 -0.014892578125 -8.16464996337891 -0.00000596046448 60004
811541788132801 107 -2.33203125 -3.88915348052979 0.01521825790405 70004
811573832610861 107 2.6268310546875 -3.6880521774292 -0.01580333709717 80004
811605877095300 107 -0.25079345703125 5.38413286209106 0.00054359436035 90004
811317476738262 108 -0.10212089121342 -6.20996236801147 0.00071264157305 4
811349521222721 108 2.15177154541016 3.30864286422729 -0.01477253437042 10004
811381565706981 108 -5.70649719238281 0.85047280788422 0.0367466211319 20004
811413610190722 108 -0.85720825195313 -5.28823137283325 0.0060932636261 30004
811445654686571 108 -3.52359008789063 -2.83000612258911 0.02264380455017 40004
811477699170081 108 -3.27694702148438 2.06872487068176 0.02157783508301 50004
811509743642912 108 -0.20330810546875 -7.92093276977539 0.00199460983276 60004
811541788132801 108 -2.4808349609375 -3.60874199867249 0.01521873474121 70004
811573832610861 108 2.8360595703125 -3.33068585395813 -0.01805353164673 80004
811605877095301 108 0.123779296875 -9.03916263580322 -0.0000057220459 90004
811317476738262 109 -0.29662463068962 -5.84516477584839 0.00272820773534 4
811349521222721 109 2.0401611328125 3.6303403377533 -0.01275891065598 10004
811381565706981 109 -6.06507873535156 0.99420142173767 0.03946757316589 20004
811413610190722 109 -0.83724975585938 -4.89763164520264 0.0060943365097 30004
811445654686571 109 -3.81048583984375 -2.55670356750488 0.02464413642883 40004
811477699170081 109 -3.14093017578125 2.34094262123108 0.0204610824585 50004
811509743642912 109 -0.34381103515625 -7.63079452514648 0.00198698043823 60004
811541788132801 109 -2.5849609375 -3.28270149230957 0.01726388931274 70004
811573832610861 109 3.11016845703125 -2.99044513702393 -0.01919174194336 80004
811605877095301 109 0.2069091796875 -8.69313430786133 -0.00113534927368 90004
811317476738262 110 -0.47938612103462 -5.50823163986206 0.00272820820101 4
811349521222721 110 1.87345123291016 3.911372423172 -0.01275902986526 10004
811381565706981 110 -6.34661865234375 1.22496569156647 0.04080677032471 20004
811413610190722 110 -0.92996215820313 -4.54098510742188 0.00609445571899 30004
811445654686571 110 -4.11001586914063 -2.3482449054718 0.02667951583862 40004
811477699170081 110 -3.03335571289063 2.60485887527466 0.02046656608582 50004
811509743642912 110 -0.4119873046875 -7.32943487167358 0.00198030471802 60004
811541788132801 110 -2.6884765625 -2.9815878868103 0.01726341247559 70004
811573832610861 110 3.40545654296875 -2.70643281936646 -0.02145147323608 80004
811605877095301 110 0.19873046875 -8.3691349029541 -0.00114107131958 90004
811317476738262 111 -0.7834250330925 -5.22354507446289 0.00476433662698 4
811349521222721 111 1.68660736083984 4.20566177368164 -0.01074749231339 10004
811381565706981 111 -6.55757141113281 1.55943715572357 0.04283571243286 20004
811413610190722 111 -1.14773559570313 -4.20502471923828 0.00815892219543 30004
811445654686571 111 -4.49038696289063 -2.23607754707336 0.02878904342651 40004
811477699170081 111 -2.8272705078125 2.84647798538208 0.01822662353516 50004
811509743642912 111 -0.4510498046875 -7.00147771835327 0.00197339057922 60004
811541788132801 111 -2.8984375 -2.70664739608765 0.01927185058594 70004
811573832610861 111 3.75408935546875 -2.43133211135864 -0.02370166778564 80004
811605877095301 111 0.08544921875 -8.06402015686035 -0.00114488601685 90004
811317476738262 112 -1.02455759048462 -4.91639614105225 0.00681639369577 4
811349521222721 112 1.54904937744141 4.29363107681274 -0.0107484459877 10004
811381565706981 112 -6.60426330566406 1.9272985458374 0.04283392429352 20004
811413610190722 112 -1.19992065429688 -3.83322215080261 0.00815916061401 30004
811445654686571 112 -4.86093139648438 -2.26959443092346 0.03081583976746 40004
811477699170081 112 -2.74716186523438 3.13380694389343 0.01822662353516 50004
811509743642912 112 -0.61480712890625 -6.73879289627075 0.00398659706116 60004
811541788132801 112 -3.02203369140625 -2.43353056907654 0.01927185058594 70004
811573832610861 112 4.03790283203125 -2.12707304954529 -0.02594757080078 80004
811605877095301 112 -0.15594482421875 -7.82569694519043 0.00091028213501 90004
811317476738262 113 -1.20130228996277 -4.60695934295654 0.00681638810784 4
811349521222721 113 1.50019073486328 4.3272500038147 -0.00891482830048 10004
811381565706981 113 -6.54444885253906 2.28536009788513 0.04283094406128 20004
811413610190722 113 -1.35342407226563 -3.4993109703064 0.00815999507904 30004
811445654686571 113 -5.21737670898438 -2.19669079780579 0.03288388252258 40004
811477699170081 113 -2.591064453125 3.38059520721436 0.01710367202759 50004
811509743642912 113 -0.7646484375 -6.46806383132935 0.00398588180542 60004
811541788132801 113 -3.060791015625 -2.12621259689331 0.01927185058594 70004
811573832610861 113 4.35101318359375 -1.85447597503662 -0.02706956863403 80004
811605877095301 113 -0.31585693359375 -7.53436374664307 0.00292539596558 90004
811317476738262 114 -1.36359548568726 -4.29659080505371 0.0088657271117 4
811349521222721 114 1.43785858154297 4.36595010757446 -0.00891476869583 10004
811381565706981 114 -6.40553283691406 2.6548182964325 0.04170393943787 20004
811413610190722 114 -1.61032104492188 -3.20029973983765 0.01018476486206 30004
811445654686571 114 -5.56277465820313 -2.03298830986023 0.03499484062195 40004
811477699170081 114 -2.4224853515625 3.64431571960449 0.01598381996155 50004
811509743642912 114 -0.8653564453125 -6.16110563278198 0.00598859786987 60004
811541788132801 114 -3.0667724609375 -1.78044152259827 0.01927185058594 70004
811573832610861 114 4.73236083984375 -1.64451670646667 -0.03044891357422 80004
811605877095301 114 -0.39044189453125 -7.18699645996094 0.00292730331421 90004
811317476738262 115 -1.53938794136047 -4.04163455963135 0.00886572618037 4
811349521222721 115 1.29570007324219 4.45199012756348 -0.00891488790512 10004
811381565706981 115 -6.23806762695313 2.98329186439514 0.0405775308609 20004
811413610190722 115 -1.9166259765625 -2.98762392997742 0.01221942901611 30004
811445654686571 115 -5.83694458007813 -1.82565224170685 0.03700757026672 40004
811477699170081 115 -2.31719970703125 3.92156744003296 0.01599049568176 50004
811509743642912 115 -0.88067626953125 -5.85176229476929 0.00598740577698 60004
811541788132801 115 -3.09393310546875 -1.46137201786041 0.0192723274231 70004
811573832610861 115 5.13726806640625 -1.55957591533661 -0.03270673751831 80004
811605877095301 115 -0.37310791015625 -6.84920215606689 0.00292921066284 90004
811317476738262 116 -1.89084982872009 -3.8181574344635 0.01099808700383 4
811349521222721 116 1.23136901855469 4.54440879821777 -0.00891494750977 10004
811381565706981 116 -5.93328857421875 3.23555016517639 0.03833031654358 20004
811413610190722 116 -2.30899047851563 -2.90873217582703 0.01423370838165 30004
811445654686571 116 -6.03353881835938 -1.48100006580353 0.03900814056396 40004
811477699170081 116 -2.095703125 4.14980840682983 0.01375246047974 50004
811509743642912 116 -0.92071533203125 -5.52378988265991 0.00598621368408 60004
811541788132801 116 -3.2144775390625 -1.19062960147858 0.02130603790283 70004
811573832610861 116 5.57122802734375 -1.64838016033173 -0.0349555015564 80004
811605877095301 116 -0.27349853515625 -6.50223255157471 0.00181007385254 90004
811317476738262 117 -2.12484121322632 -3.51291227340698 0.01312004681677 4
811349521222721 117 1.21923065185547 4.56173229217529 -0.00691014528275 10004
811381565706981 117 -5.61253356933594 3.4184467792511 0.03720593452454 20004
811413610190722 117 -2.62429809570313 -2.7158727645874 0.01628851890564 30004
811445654686571 117 -6.094970703125 -1.11991286277771 0.03900790214539 40004
811477699170081 117 -1.85311889648438 4.32055997848511 0.01263570785522 50004
811509743642912 117 -1.059326171875 -5.2520956993103 0.00598526000977 60004
811541788132801 117 -3.3397216796875 -1.05086612701416 0.02131175994873 70004
811573832610861 117 5.9190673828125 -1.86332130432129 -0.03735113143921 80004
811605877095301 117 -0.29656982421875 -6.16914367675781 0.00181770324707 90004
811317476738262 118 -2.37243556976318 -3.21555209159851 0.01516853552312 4
811349521222721 118 1.175537109375 4.62432718276978 -0.00691014528275 10004
811381565706981 118 -5.33055114746094 3.64558100700378 0.03495788574219 20004
811413610190722 118 -2.90228271484375 -2.57367610931396 0.01836252212524 30004
811445654686571 118 -6.051513671875 -0.75958478450775 0.03900766372681 40004
811477699170081 118 -1.644775390625 4.52317333221436 0.01151967048645 50004
811509743642912 118 -1.16424560546875 -4.96847486495972 0.00804495811462 60004
811541788132801 118 -3.4661865234375 -0.97483772039413 0.02131748199463 70004
811573832610861 118 6.19000244140625 -2.16632652282715 -0.03960943222046 80004
811605877095301 118 -0.39105224609375 -5.84691095352173 0.0018196105957 90004
811317476738262 119 -2.65472865104675 -2.91747999191284 0.01721943356097 4
811349521222721 119 1.03909301757813 4.77517604827881 -0.00690996646881 10004
811381565706981 119 -5.06791687011719 3.93341779708862 0.03271293640137 20004
811413610190722 119 -3.17977905273438 -2.48554396629334 0.02038717269897 30004
811445654686571 119 -5.90087890625 -0.41817072033882 0.03900575637817 40004
811477699170081 119 -1.48828125 4.79784727096558 0.01040410995483 50004
811509743642912 119 -1.22955322265625 -4.64944744110107 0.00804376602173 60004
811541788132801 119 -3.6268310546875 -0.9187850356102 0.02332544326782 70004
811573832610861 119 6.36712646484375 -2.56666803359985 -0.04074287414551 80004
811605877095301 119 -0.553466796875 -5.52453804016113 0.00382995605469 90004
811317476738262 120 -2.80766296386719 -2.55815958976746 0.01721940934658 4
811349521222721 120 0.76193237304688 4.94830179214478 -0.00503557920456 10004
811381565706981 120 -4.73809814453125 4.10291767120361 0.03158819675446 20004
811413610190722 120 -3.48190307617188 -2.2629599571228 0.02245783805847 30004
811445654686571 120 -5.70230102539063 -0.22174490988255 0.0367534160614 40004
811477699170081 120 -1.39764404296875 5.08191823959351 0.00928592681885 50004
811509743642912 120 -1.3934326171875 -4.3866982460022 0.00804257392883 60004
811541788132801 120 -3.8905029296875 -0.79355180263519 0.0254340171814 70004
811573832610861 120 6.391845703125 -2.98226737976074 -0.04075336456299 80004
811605877095301 120 -0.74664306640625 -5.2455883026123 0.00383281707764 90004
811317476738262 121 -3.09912872314453 -2.26664042472839 0.01928086020052 4
811349521222721 121 0.55882263183594 5.22714948654175 -0.00296235084534 10004
811381565706981 121 -4.42013549804688 4.33685779571533 0.0293390750885 20004
811413610190722 121 -3.69000244140625 -1.92574882507324 0.02447593212128 30004
811445654686571 121 -5.63394165039063 -0.08231078088284 0.03674626350403 40004
811477699170081 121 -1.23382568359375 5.35325765609741 0.0081639289856 50004
811509743642912 121 -1.57763671875 -4.11300802230835 0.01005339622498 60004
811541788132801 121 -4.2288818359375 -0.77424466609955 0.02748203277588 70004
811573832610861 121 6.25244140625 -3.39915752410889 -0.04076194763184 80004
811605877095301 121 -0.82623291015625 -4.89649868011475 0.00583600997925 90004
811317476738262 122 -3.43940401077271 -2.09396147727966 0.02140053734183 4
811349521222722 122 0.10814666748047 -9.07345676422119 -0.00000023841858 10004
811381565706981 122 -4.20040893554688 4.62502717971802 0.02709150314331 20004
811413610190722 122 -3.77578735351563 -1.56914699077606 0.02447390556335 30004
811445654686571 122 -5.48141479492188 0.09918669611216 0.03561639785767 40004
811477699170082 122 0.03433227539063 -9.23199462890625 0.00000333786011 50004
811509743642912 122 -1.7266845703125 -3.84269785881042 0.01004886627197 60004
811541788132801 122 -4.534912109375 -0.68933951854706 0.02952194213867 70004
811573832610861 122 6.010009765625 -3.72593069076538 -0.03867626190186 80004
811605877095301 122 -0.79656982421875 -4.56676578521729 0.00584077835083 90004
811317476738262 123 -3.79076743125916 -1.94090926647186 0.02341450378299 4
811349521222722 123 0.24044036865234 -8.67627811431885 -0.00112462043762 10004
811381565706981 123 -3.99700927734375 4.92691516876221 0.0259667634964 20004
811413610190722 123 -3.75616455078125 -1.20115256309509 0.02447140216827 30004
811445654686571 123 -5.28250122070313 0.35466143488884 0.03448939323425 40004
811477699170082 123 0.0762939453125 -9.08722496032715 0.00000381469727 50004
811509743642912 123 -1.87872314453125 -3.57551527023315 0.0120644569397 60004
811541788132801 123 -4.804931640625 -0.52017998695374 0.03153419494629 70004
811573832610861 123 5.6832275390625 -3.97114181518555 -0.03659963607788 80004
811605877095301 123 -0.74627685546875 -4.23783302307129 0.00472068786621 90004
811317476738262 124 -4.10056257247925 -1.6624995470047 0.0254811309278 4
811349521222722 124 0.24056243896484 -8.2213830947876 -0.00112563371658 10004
811381565706981 124 -3.68385314941406 5.16844654083252 0.02484178543091 20004
811413610190722 124 -3.60922241210938 -0.82820820808411 0.02334380149841 30004
811445654686571 124 -5.14453125 0.72651237249374 0.03336572647095 40004
811477699170082 124 0.0762939453125 -8.86691856384277 0.00000381469727 50004
811509743642912 124 -2.09747314453125 -3.32825803756714 0.01409888267517 60004
811541788132801 124 -5.025146484375 -0.25316599011421 0.03153562545776 70004
811573832610861 124 5.26177978515625 -4.11181163787842 -0.03447389602661 80004
811605877095301 124 -0.80291748046875 -3.8806324005127 0.00472354888916 90004
811317476738262 125 -4.25349283218384 -1.30315554141998 0.02748322673142 4
811349521222722 125 0.08370971679688 -7.82488536834717 -0.00112640857697 10004
811381565706981 125 -3.32199096679688 5.24956369400024 0.02244627475739 20004
811413610190722 125 -3.51309204101563 -0.46501111984253 0.02333962917328 30004
811445654686571 125 -4.87942504882813 0.98782658576965 0.03223729133606 40004
811477699170082 125 0.08499145507813 -8.44451713562012 0.00000500679016 50004
811509743642912 125 -2.19268798828125 -3.03350472450256 0.01410007476807 60004
811541788132801 125 -5.10662841796875 0.06093381345272 0.03355073928833 70004
811573832610861 125 4.847900390625 -4.06443309783936 -0.03241729736328 80004
811605877095301 125 -0.992431640625 -3.59921860694885 0.00676536560059 90004
811317476738262 126 -4.29475164413452 -0.89712953567505 0.02748318389058 4
811349521222722 126 -0.11056518554688 -7.41411685943604 0.00090610980988 10004
811381565706981 126 -3.09349060058594 5.35962915420532 0.02019774913788 20004
811413610190722 126 -3.30538940429688 -0.13201187551022 0.02221202850342 30004
811445654686571 126 -4.697265625 1.33057916164398 0.03111386299133 40004
811477699170082 126 0.17752075195313 -7.99995613098145 -0.00111508369446 50004
811509743642912 126 -2.243896484375 -2.70889663696289 0.01410126686096 60004
811541788132801 126 -5.09283447265625 0.38611045479774 0.03354740142822 70004
811573832610861 126 4.44964599609375 -3.88894987106323 -0.02817153930664 80004
811605877095301 126 -1.25823974609375 -3.36101341247559 0.0088095664978 90004
811317476738262 127 -4.21600198745728 -0.52364695072174 0.02748314291239 4
811349521222722 127 -0.33645629882813 -7.0659499168396 0.00299161672592 10004
811381565706981 127 -2.91232299804688 5.50506782531738 0.01907336711884 20004
811413610190722 127 -3.1236572265625 0.18666711449623 0.02108824253082 30004
811445654686571 127 -4.514892578125 1.64427137374878 0.02999138832092 40004
811477699170082 127 0.2252197265625 -7.58059310913086 -0.0011134147644 50004
811509743642912 127 -2.28692626953125 -2.40278148651123 0.01410365104675 60004
811541788132801 127 -4.9879150390625 0.66670417785645 0.03242158889771 70004
811573832610861 127 4.14434814453125 -3.6196174621582 -0.02614545822144 80004
811605877095301 127 -1.5577392578125 -3.21811676025391 0.01083087921143 90004
811317476738262 128 -4.02638578414917 -0.15268665552139 0.02636004053056 4
811349521222722 128 -0.6094970703125 -6.73113393783569 0.00299173593521 10004
811381565706981 128 -2.6478271484375 5.69821071624756 0.01794648170471 20004
811413610190722 128 -3.00253295898438 0.56418436765671 0.01996231079102 30004
811445654686571 128 -4.25082397460938 1.93464684486389 0.02774047851563 40004
811477699170082 128 0.1475830078125 -7.12722396850586 -0.00111174583435 50004
811509743642912 128 -2.37274169921875 -2.08607721328735 0.01615118980408 60004
811541788132801 128 -4.7947998046875 0.93371033668518 0.03130865097046 70004
811573832610861 128 3.90093994140625 -3.24815368652344 -0.02614498138428 80004
811605877095301 128 -1.906494140625 -3.13411045074463 0.01284122467041 90004
811317476738262 129 -3.83095669746399 0.21525183320045 0.02523695863783 4
811349521222722 129 -0.74543762207031 -6.29704141616821 0.00503224134445 10004
811381565706981 129 -2.27323913574219 5.79653835296631 0.01569843292236 20004
811413610190722 129 -2.74716186523438 0.87245100736618 0.01771545410156 30004
811445654686571 129 -4.11312866210938 2.30649614334106 0.026611328125 40004
811477699170082 129 0.0050048828125 -6.68912887573242 -0.0011100769043 50004
811509743642912 129 -2.55340576171875 -1.80950403213501 0.01615405082703 60004
811541788132801 129 -4.5750732421875 1.19928956031799 0.03021097183228 70004
811573832610861 129 3.67633056640625 -2.86507415771484 -0.0240912437439 80004
811605877095301 129 -2.201416015625 -2.92407321929932 0.01488351821899 90004
811317476738262 130 -3.77220726013184 0.59798568487167 0.02523694187403 4
811349521222722 130 -0.93880462646484 -5.91799831390381 0.0050323009491 10004
811381565706981 130 -1.97953796386719 6.01415491104126 0.01345098018646 20004
811413610190722 130 -2.63272094726563 1.22575569152832 0.01771473884583 30004
811445654686571 130 -4.0423583984375 2.67075991630554 0.0266056060791 40004
811477699170082 130 -0.26876831054688 -6.36068630218506 0.00091481208801 50004
811509743642912 130 -2.67437744140625 -1.525270819664 0.0161554813385 60004
811541788132801 130 -4.47607421875 1.50424444675446 0.02910614013672 70004
811573832610861 130 3.52606201171875 -2.47773838043213 -0.02207231521606 80004
811605877095301 130 -2.51904296875 -2.80883049964905 0.01702642440796 90004
811317476738262 131 -3.6336555480957 0.9805651307106 0.02411388233304 4
811349521222722 131 -1.14929962158203 -5.51483583450317 0.00707542896271 10004
811381565706981 131 -1.63125610351563 6.18120431900024 0.01120245456696 20004
811413610190722 131 -2.44464111328125 1.56864750385284 0.01659142971039 30004
811445654686571 131 -3.88717651367188 3.02565002441406 0.02547645568848 40004
811477699170082 131 -0.5477294921875 -5.99577331542969 0.00293159484863 50004
811509743642912 131 -2.81195068359375 -1.22536039352417 0.01816725730896 60004
811541788132801 131 -4.3126220703125 1.79996371269226 0.02799654006958 70004
811573832610861 131 3.3399658203125 -2.0758957862854 -0.02207899093628 80004
811605877095301 131 -2.81927490234375 -2.62317490577698 0.01702785491943 90004
811317476738262 132 -3.44801020622253 1.32315933704376 0.02299082651734 4
811349521222722 132 -1.35768890380859 -5.14410066604614 0.00908827781677 10004
811381565706982 132 0.0245361328125 -9.25276374816895 -0.00000023841858 20004
811413610190722 132 -2.25259399414063 1.8435560464859 0.01547074317932 30004
811445654686571 132 -3.6854248046875 3.33764886856079 0.02434539794922 40004
811477699170082 132 -0.80572509765625 -5.65326499938965 0.00497603416443 50004
811509743642912 132 -2.96612548828125 -0.95802545547485 0.01816868782043 60004
811541788132801 132 -4.1385498046875 2.066166639328 0.02688646316528 70004
811573832610861 132 3.10333251953125 -1.7424693107605 -0.02005624771118 80004
811605877095301 132 -3.03631591796875 -2.37124443054199 0.01909446716309 90004
811317476738262 133 -3.30214715003967 1.68547523021698 0.02186773717403 4
811349521222722 133 -1.60958862304688 -4.80007648468018 0.01109272241592 10004
811381565706982 133 0.11654663085938 -9.05545330047607 -0.0000011920929 20004
811413610190722 133 -2.19021606445313 2.07971549034119 0.01434707641602 30004
811445654686571 133 -3.50894165039063 3.66533613204956 0.02321529388428 40004
811477699170082 133 -1.12808227539063 -5.36594676971436 0.00710082054138 50004
811509743642912 133 -3.156494140625 -0.71395695209503 0.02020955085754 60004
811541788132801 133 -4.05706787109375 2.37973117828369 0.02689790725708 70004
811573832610861 133 2.767333984375 -1.49615490436554 -0.01803779602051 80004
811605877095301 133 -3.1656494140625 -2.05780863761902 0.0211067199707 90004
811317476738262 134 -3.13602089881897 2.06752443313599 0.02074467949569 4
811349521222722 134 -1.70935821533203 -4.35883331298828 0.0110924243927 10004
811381565706982 134 0.1226806640625 -8.63704967498779 -0.0000011920929 20004
811413610190722 134 -1.94610595703125 2.38445854187012 0.01322078704834 30004
811445654686571 134 -3.19989013671875 3.9099268913269 0.02096724510193 40004
811477699170082 134 -1.507080078125 -5.10416316986084 0.00911426544189 50004
811509743642912 134 -3.26617431640625 -0.40374511480331 0.02020454406738 60004
811541788132801 134 -3.84564208984375 2.6496160030365 0.02578639984131 70004
811573832610861 134 2.5440673828125 -1.11462986469269 -0.01596164703369 80004
811605877095301 134 -3.42425537109375 -1.80734646320343 0.02110767364502 90004
811317476738262 135 -2.86901473999023 2.37621998786926 0.01849856600165 4
811349521222722 135 -1.87258148193359 -3.93758797645569 0.01109236478806 10004
811381565706982 135 0.00921630859375 -8.25846290588379 -0.00000143051147 20004
811413610190722 135 -1.7962646484375 2.74713540077209 0.0120952129364 30004
811445654686571 135 -2.9727783203125 4.22447919845581 0.01984620094299 40004
811477699170082 135 -1.9049072265625 -4.87198352813721 0.01126503944397 50004
811509743642912 135 -3.27227783203125 -0.08010442554951 0.02133679389954 60004
811541788132801 135 -3.67291259765625 2.94587969779968 0.02467632293701 70004
811573832610861 135 2.45611572265625 -0.68824416399002 -0.01596307754517 80004
811605877095301 135 -3.6915283203125 -1.56259202957153 0.0232105255127 90004
811317476738262 136 -2.65406680107117 2.62075304985046 0.01737548969686 4
811349521222722 136 -2.11533355712891 -3.59892344474792 0.01316052675247 10004
811381565706982 136 -0.0836181640625 -7.89716339111328 -0.00000154972076 20004
811413610190722 136 -1.645751953125 3.08270978927612 0.01096880435944 30004
811445654686571 136 -2.74862670898438 4.51018953323364 0.01872086524963 40004
811477699170082 136 -2.23553466796875 -4.60925579071045 0.01337552070618 50004
811509743642912 136 -3.18603515625 0.21006110310555 0.02133202552795 60004
811541788132801 136 -3.487060546875 3.20149207115173 0.02356481552124 70004
811573832610861 136 2.3585205078125 -0.29291543364525 -0.01596355438232 80004
811605877095301 136 -3.9478759765625 -1.33990073204041 0.02525568008423 90004
811317476738262 137 -2.52367353439331 2.86416625976563 0.0173754747957 4
811349521222722 137 -2.43903350830078 -3.31375765800476 0.01527327299118 10004
811381565706982 137 -0.07192993164063 -7.46617412567139 -0.00000154972076 20004
811413610190722 137 -1.41647338867188 3.40593242645264 0.00984609127045 30004
811445654686571 137 -2.44747924804688 4.76177644729614 0.01647067070007 40004
811477699170082 137 -2.51220703125 -4.24093341827393 0.01545405387878 50004
811509743642912 137 -3.03021240234375 0.49733671545982 0.02021074295044 60004
811541788132801 137 -3.233154296875 3.42954516410828 0.02133131027222 70004
811573832610861 137 2.1654052734375 0.10309335589409 -0.01390647888184 80004
811605877095301 137 -4.21484375 -1.10089230537415 0.02727651596069 90004
811317476738262 138 -2.23066115379334 3.1224422454834 0.01512936875224 4
811349521222722 138 -2.55799102783203 -3.06631708145142 0.01731485128403 10004
811381565706982 138 0.015625 -7.07047510147095 -0.00000202655792 20004
811413610190722 138 -1.32949829101563 3.77110981941223 0.00872337818146 30004
811445654686571 138 -2.27169799804688 5.08946371078491 0.01534342765808 40004
811477699170082 138 -2.78961181640625 -3.90986299514771 0.01747941970825 50004
811509743642912 138 -2.9945068359375 0.80505579710007 0.02021265029907 60004
811541788132801 138 -3.090576171875 3.72036814689636 0.02021598815918 70004
811573832610861 138 2.12420654296875 0.51743251085281 -0.01391315460205 80004
811605877095301 138 -4.364990234375 -0.79664754867554 0.02727794647217 90004
811317476738262 139 -2.0083315372467 3.4402289390564 0.0140063110739 4
811349521222722 139 -2.58582305908203 -2.67567229270935 0.01731491088867 10004
811381565706982 139 -0.03720092773438 -6.67486333847046 -0.00000214576721 20004
811413610190722 139 -1.12533569335938 4.07945871353149 0.00760078430176 30004
811445654686571 139 -1.99795532226563 5.33319711685181 0.01309037208557 40004
811477699170082 139 -3.15850830078125 -3.6973762512207 0.01960349082947 50004
811509743642912 139 -2.85772705078125 1.07766819000244 0.01909160614014 60004
811541788132801 139 -2.86920166015625 3.95264887809753 0.01909303665161 70004
811573832610861 139 1.946044921875 0.88685888051987 -0.01186609268188 80004
811605877095301 139 -4.606689453125 -0.56570434570313 0.02936553955078 90004
811317476738262 140 -1.87116742134094 3.82406377792358 0.01288323942572 4
811349521222722 140 -2.68711090087891 -2.2432746887207 0.01731491088867 10004
811381565706982 140 -0.21560668945313 -6.29252767562866 0.00201368331909 20004
811413610190722 140 -0.95443725585938 4.43109369277954 0.00647878646851 30004
811445654686571 140 -1.6680908203125 5.55150079727173 0.01084160804749 40004
811477699170082 140 -3.51568603515625 -3.42329025268555 0.02162408828735 50004
811509743642912 140 -2.75225830078125 1.38249778747559 0.01797127723694 60004
811541788132801 140 -2.67340087890625 4.22816181182861 0.01797008514404 70004
811573832610861 140 1.716064453125 1.26667594909668 -0.01187372207642 80004
811605877095301 140 -4.923583984375 -0.40902888774872 0.03141021728516 90004
811317476738262 141 -1.80179107189178 4.20684099197388 0.01176017057151 4
811349521222722 141 -2.83596038818359 -1.85055804252625 0.01731461286545 10004
811381565706982 141 -0.4305419921875 -5.95632791519165 0.00201177597046 20004
811413610190722 141 -0.89373779296875 4.79778957366943 0.00647902488708 30004
811445654686572 141 0.0029296875 -9.24184799194336 0 40004
811477699170082 141 -3.80148315429688 -3.10037803649902 0.02370500564575 50004
811509743642912 141 -2.6912841796875 1.68143999576569 0.01797318458557 60004
811541788132801 141 -2.54376220703125 4.49315977096558 0.01684617996216 70004
811573832610861 141 1.4716796875 1.5954704284668 -0.00983333587646 80004
811605877095301 141 -5.24017333984375 -0.30158630013466 0.03350448608398 90004
811317476738262 142 -1.66498208045959 4.57267045974731 0.01176015194505 4
811349521222722 142 -2.84099578857422 -1.42412972450256 0.01731443405151 10004
811381565706982 142 -0.51841735839844 -5.56075382232666 0.00401723384857 20004
811413610190722 142 -0.93814086914063 5.17057371139526 0.00647950172424 30004
811445654686572 142 0.017578125 -8.9241886138916 -0.00000071525574 40004
811477699170082 142 -4.1214599609375 -2.81009864807129 0.02583980560303 50004
811509743642912 142 -2.52923583984375 1.94527459144592 0.01685285568237 60004
811541788132801 142 -2.40093994140625 4.62238502502441 0.01572322845459 70004
811573832610861 142 1.123779296875 1.8236083984375 -0.00778913497925 80004
811605877095301 142 -5.504638671875 -0.08896888047457 0.03560209274292 90004
811317476738262 143 -1.38670611381531 4.87694644927979 0.0095140542835 4
811349521222722 143 -2.97891235351563 -1.08192646503448 0.01937019824982 10004
811381565706982 143 -0.76042175292969 -5.20807933807373 0.00401651859283 20004
811413610190722 143 -1.12863159179688 5.51806879043579 0.00648033618927 30004
811445654686572 143 -0.07916259765625 -8.60196113586426 -0.0000011920929 40004
811477699170082 143 -4.4371337890625 -2.47488260269165 0.02788877487183 50004
811509743642912 143 -2.43927001953125 2.26142692565918 0.01573181152344 60004
811541788132801 143 -2.26397705078125 4.91862678527832 0.01460027694702 70004
811573832610861 143 0.8731689453125 2.1843888759613 -0.00571489334106 80004
811605877095301 143 -5.6790771484375 0.22334191203117 0.03560400009155 90004
811317476738262 144 -1.20290291309357 5.17994260787964 0.00839098636061 4
811349521222722 144 -3.13140869140625 -0.7530722618103 0.01937001943588 10004
811381565706982 144 -0.90997314453125 -4.85125923156738 0.00605297088623 20004
811413610190723 144 0.0087890625 -9.05466842651367 -0.00000035762787 30004
811445654686572 144 -0.13821411132813 -8.29196071624756 -0.0000011920929 40004
811477699170082 144 -4.69430541992188 -2.12956428527832 0.02989768981934 50004
811509743642912 144 -2.2940673828125 2.52703142166138 0.01573324203491 60004
811541788132801 144 -2.0689697265625 5.16879034042358 0.01347732543945 70004
811573832610861 144 0.7373046875 2.57101678848267 -0.00571489334106 80004
811605877095301 144 -5.74261474609375 0.54835665225983 0.03764581680298 90004
811317476738263 145 0.01574115641415 -9.21991539001465 0.00000000002183 4
811349521222722 145 -3.33216857910156 -0.42656689882278 0.02137756347656 10004
811381565706982 145 -1.02650451660156 -4.47902679443359 0.00605237483978 20004
811413610190723 145 0.005615234375 -8.63762092590332 -0.00000071525574 30004
811445654686572 145 -0.20126342773438 -7.98626136779785 0.00203323364258 40004
811477699170082 145 -4.9390869140625 -1.77418684959412 0.03197836875916 50004
811509743642912 145 -2.13165283203125 2.76954078674316 0.01461362838745 60004
811541788132801 145 -1.83270263671875 5.39026355743408 0.01236057281494 70004
811573832610861 145 0.612548828125 2.96009135246277 -0.00370216369629 80004
811605877095301 145 -5.710693359375 0.8795166015625 0.03764772415161 90004
811317476738263 146 0.07870488613844 -8.8780574798584 0.00000000034925 4
811349521222722 146 -3.6773681640625 -0.13049833476543 0.02351355552673 10004
811381565706982 146 -1.24490356445313 -4.10604286193848 0.00808012485504 20004
811413610190723 146 -0.050048828125 -8.19513130187988 -0.00000143051147 30004
811445654686572 146 -0.37164306640625 -7.6926212310791 0.0020318031311 40004
811477699170082 146 -5.23330688476563 -1.41963934898376 0.03405618667603 50004
811509743642912 146 -2.04864501953125 3.02977561950684 0.01349258422852 60004
811541788132802 146 0 -9.30537986755371 0 70004
811573832610861 146 0.349853515625 3.31839442253113 -0.00162839889526 80004
811605877095301 146 -5.564208984375 1.21016311645508 0.03652477264404 90004
811317476738263 147 0.10344734042883 -8.55313110351563 0.00000000087311 4
811349521222722 147 -4.05780792236328 0.06196605041623 0.02544295787811 10004
811381565706982 147 -1.51300048828125 -3.80223178863525 0.01011121273041 20004
811413610190723 147 -0.0830078125 -7.77832698822021 -0.00000190734863 30004
811445654686572 147 -0.40322875976563 -7.37619924545288 0.00202798843384 40004
811477699170082 147 -5.623779296875 -1.23493349552155 0.03615617752075 50004
811509743642912 147 -1.94610595703125 3.1412947177887 0.01349449157715 60004
811541788132802 147 0.13458251953125 -8.93965530395508 0.00000286102295 70004
811573832610861 147 0.269287109375 3.72680187225342 -0.00162982940674 80004
811605877095301 147 -5.30999755859375 1.43317806720734 0.03428936004639 90004
811317476738263 148 0.02744145691395 -8.22121047973633 0.00000000125146 4
811349521222722 148 -4.37558746337891 0.36914813518524 0.02740252017975 10004
811381565706982 148 -1.83363342285156 -3.51436257362366 0.01220989227295 20004
811413610190723 148 -0.2447509765625 -7.37258005142212 0.00207626819611 30004
811445654686572 148 -0.5328369140625 -7.0701904296875 0.00402450561523 40004
811477699170082 148 -5.956298828125 -0.92961347103119 0.03823971748352 50004
811509743642912 148 -1.8682861328125 3.31522870063782 0.01237440109253 60004
811541788132802 148 0.15594482421875 -8.53292179107666 -0.00111818313599 70004
811573832610861 148 0.23236083984375 4.1681079864502 -0.0016303062439 80004
811605877095301 148 -5.1260986328125 1.7348358631134 0.03317975997925 90004
811317476738263 149 -0.05856623128057 -7.99831867218018 0.00000000125146 4
811349521222722 149 -4.54480743408203 0.62335008382797 0.02945804595947 10004
811381565706982 149 -2.04666137695313 -3.31318092346191 0.0122092962265 20004
811413610190723 149 -0.41375732421875 -7.12191820144653 0.00207579135895 30004
811445654686572 149 -0.64883422851563 -6.86797142028809 0.00402140617371 40004
811477699170082 149 -6.13656616210938 -0.67447566986084 0.04025173187256 50004
811509743642912 149 -1.80462646484375 3.45751237869263 0.01237630844116 60004
811541788132802 149 0.1109619140625 -8.2547779083252 -0.00111675262451 70004
811573832610861 149 0.198974609375 4.46731615066528 -0.00163078308105 80004
811605877095301 149 -5.010986328125 1.95055961608887 0.03318786621094 90004
811317476738263 150 -0.18662540614605 -7.69873094558716 0.00203475821763 4
811349521222722 150 -4.64190673828125 1.03857207298279 0.02945679426193 10004
811381565706982 150 -2.2249755859375 -2.94926047325134 0.01427567005157 20004
811413610190723 150 -0.7542724609375 -6.87921762466431 0.00419163703918 30004
811445654686572 150 -0.78753662109375 -6.58188343048096 0.00401782989502 40004
811477699170082 150 -6.24642944335938 -0.25668942928314 0.04025268554688 50004
811509743642912 150 -1.59368896484375 3.68542504310608 0.01124620437622 60004
811541788132802 150 -0.08221435546875 -7.91649055480957 0.00089263916016 70004
811573832610861 150 0.0103759765625 4.83873414993286 0.00038909912109 80004
811605877095301 150 -4.75738525390625 2.17357277870178 0.03095531463623 90004
811317476738263 151 -0.38065707683563 -7.46931791305542 0.00203475868329 4
811349521222722 151 -4.59722137451172 1.42772555351257 0.02945482730865 10004
811381565706982 151 -2.49176025390625 -2.68989205360413 0.01631331443787 20004
811413610190723 151 -0.97344970703125 -6.56386375427246 0.00623905658722 30004
811445654686572 151 -0.90625 -6.32172346115112 0.00607252120972 40004
811477699170082 151 -6.21234130859375 0.13845945894718 0.04025554656982 50004
811509743642912 151 -1.4815673828125 3.94750356674194 0.01011443138123 60004
811541788132802 151 -0.3350830078125 -7.65919780731201 0.00297498703003 70004
811573832610861 151 -0.15155029296875 5.19202613830566 0.00038862228394 80004
811605877095301 151 -4.6072998046875 2.44549489021301 0.02984571456909 90004
811317476738263 152 -0.54161155223846 -7.26631259918213 0.0040843244642 4
811349521222722 152 -4.47649383544922 1.76921248435974 0.02945297956467 10004
811381565706982 152 -2.72843933105469 -2.44019341468811 0.01836144924164 20004
811413610190723 152 -1.1058349609375 -6.23441505432129 0.00623977184296 30004
811445654686572 152 -0.97946166992188 -6.07089233398438 0.00607132911682 40004
811477699170082 152 -6.11117553710938 0.49427342414856 0.04025840759277 50004
811509743642912 152 -1.36822509765625 4.18541240692139 0.00898361206055 60004
811541788132802 152 -0.5916748046875 -7.43836212158203 0.00298166275024 70004
811573832610862 152 0.007568359375 -9.17669105529785 -0.00000095367432 80004
811605877095301 152 -4.46124267578125 2.68854761123657 0.02873468399048 90004
811317476738263 153 -0.62277376651764 -7.04109954833984 0.00408431980759 4
811349521222722 153 -4.23787689208984 2.08780813217163 0.02832847833633 10004
811381565706982 153 -2.89485168457031 -2.10052895545959 0.01835978031158 20004
811413610190723 153 -1.1365966796875 -5.8454008102417 0.00824880599976 30004
811445654686572 153 -0.97518920898438 -5.77413654327393 0.00607061386108 40004
811477699170082 153 -5.91763305664063 0.84733724594116 0.03914332389832 50004
811509743642912 153 -1.1715087890625 4.39812755584717 0.00785827636719 60004
811541788132802 153 -0.87451171875 -7.20848369598389 0.00501918792725 70004
811573832610862 153 0.0340576171875 -8.72628021240234 -0.00000190734863 80004
811605877095301 153 -4.2335205078125 2.88827180862427 0.02761459350586 90004
811317476738263 154 -0.68418914079666 -6.75305366516113 0.00408431421965 4
811349521222722 154 -3.96775817871094 2.29334259033203 0.02608090639114 10004
811381565706982 154 -2.92485046386719 -1.72788596153259 0.01835858821869 20004
811413610190723 154 -1.3057861328125 -5.49875259399414 0.00824916362762 30004
811445654686572 154 -1.07858276367188 -5.49965667724609 0.00606966018677 40004
811477699170082 154 -5.61090087890625 1.10159170627594 0.03690147399902 50004
811509743642912 154 -1.06884765625 4.66469287872314 0.0078558921814 60004
811541788132802 154 -1.0775146484375 -6.96503829956055 0.00710105895996 70004
811573832610862 154 0.06201171875 -8.27596092224121 -0.0000057220459 80004
811605877095301 154 -4.0914306640625 3.16478872299194 0.02649164199829 90004
811317476738263 155 -0.76033091545105 -6.45941925048828 0.0040843100287 4
811349521222722 155 -3.72290802001953 2.54645609855652 0.02495670318604 10004
811381565706982 155 -3.00032043457031 -1.36626267433167 0.01835703849792 20004
811413610190723 155 -1.5518798828125 -5.20762252807617 0.01035213470459 30004
811445654686572 155 -1.19058227539063 -5.22511863708496 0.00811171531677 40004
811477699170082 155 -5.341552734375 1.38878238201141 0.03466033935547 50004
811509743642912 155 -1.0113525390625 4.94581508636475 0.00673151016235 60004
811541788132802 155 -1.219970703125 -6.67244243621826 0.00710773468018 70004
811573832610862 155 0.0711669921875 -7.82539653778076 -0.00000762939453 80004
811605877095301 155 -3.917724609375 3.4193172454834 0.02536964416504 90004
811317476738263 156 -0.87764221429825 -6.13235425949097 0.00611609546468 4
811349521222722 156 -3.47166442871094 2.92008519172668 0.02270883321762 10004
811381565706982 156 -3.18829345703125 -0.98510718345642 0.02041840553284 20004
811413610190723 156 -1.89694213867188 -4.93258953094482 0.01239717006683 30004
811445654686572 156 -1.31991577148438 -4.91537189483643 0.0081102848053 40004
811477699170082 156 -5.1007080078125 1.77581560611725 0.03354144096375 50004
811509743642912 156 -0.9951171875 5.26345157623291 0.00672912597656 60004
811541788132802 156 -1.30755615234375 -6.26605796813965 0.00912857055664 70004
811573832610862 156 0.025634765625 -7.31707954406738 -0.00001001358032 80004
811605877095301 156 -3.660400390625 3.6675181388855 0.02424907684326 90004
811317476738263 157 -1.01484656333923 -5.81302547454834 0.00611609360203 4
811349521222722 157 -3.09527587890625 3.17542815208435 0.02046263217926 10004
811381565706982 157 -3.35990905761719 -0.65319299697876 0.02244365215302 20004
811413610190723 157 -2.11660766601563 -4.54448986053467 0.01439785957336 30004
811445654686572 157 -1.55819702148438 -4.67392444610596 0.01011395454407 40004
811477699170082 157 -4.72927856445313 2.0475709438324 0.03130102157593 50004
811509743642912 157 -1.0087890625 5.49602603912354 0.00672769546509 60004
811541788132802 157 -1.37493896484375 -5.85590171813965 0.00912809371948 70004
811573832610862 157 -0.20892333984375 -6.85783576965332 0.00200319290161 80004
811605877095301 157 -3.495361328125 3.98796033859253 0.02312803268433 90004
811317476738263 158 -1.22643744945526 -5.5995626449585 0.00821506977081 4
811349521222722 158 -2.87340545654297 3.50023674964905 0.01933991909027 10004
811381565706982 158 -3.63800048828125 -0.41363748908043 0.02244353294373 20004
811413610190723 158 -2.27841186523438 -4.1898078918457 0.01439654827118 30004
811445654686572 158 -1.67330932617188 -4.40411567687988 0.01011276245117 40004
811477699170082 158 -4.51699829101563 2.38416504859924 0.03018188476563 50004
811509743642913 158 0.0556640625 -9.04014015197754 -0.00000190734863 60004
811541788132802 158 -1.29931640625 -5.50432777404785 0.00912809371948 70004
811573832610862 158 -0.43975830078125 -6.4696102142334 0.00200080871582 80004
811605877095301 158 -3.2608642578125 4.19277620315552 0.02200698852539 90004
811317476738263 159 -1.41609609127045 -5.34416913986206 0.00821506232023 4
811349521222722 159 -2.59212493896484 3.80721378326416 0.01709324121475 10004
811381565706982 159 -3.89616394042969 -0.11361203342676 0.02450907230377 20004
811413610190723 159 -2.36395263671875 -3.79062724113464 0.0143951177597 30004
811445654686572 159 -1.81497192382813 -4.15856409072876 0.01216244697571 40004
811477699170082 159 -4.2437744140625 2.7048077583313 0.02793979644775 50004
811509743642913 159 0.05645751953125 -8.70943164825439 -0.00000357627869 60004
811541788132802 159 -1.27264404296875 -5.12468147277832 0.00912809371948 70004
811573832610862 159 -0.6488037109375 -6.13737535476685 0.00409650802612 80004
811605877095301 159 -3.00067138671875 4.40783262252808 0.01975965499878 90004
811317476738263 160 -1.54837334156036 -5.02294731140137 0.01022859476507 4
811349521222722 160 -2.26441192626953 4.05129623413086 0.01484650373459 10004
811381565706982 160 -4.12159729003906 0.24786520004272 0.02651429176331 20004
811413610190723 160 -2.38970947265625 -3.35181665420532 0.01439344882965 30004
811445654686572 160 -2.0047607421875 -3.94462561607361 0.01215815544128 40004
811477699170082 160 -3.89981079101563 3.00126504898071 0.02570009231567 50004
811509743642913 160 -0.05291748046875 -8.37041854858398 -0.00000524520874 60004
811541788132802 160 -1.35650634765625 -4.71911573410034 0.00912809371948 70004
811573832610862 160 -0.810546875 -5.85500717163086 0.00611209869385 80004
811605877095301 160 -2.75494384765625 4.66549110412598 0.01862812042236 90004
811317476738263 161 -1.65934300422668 -4.69357824325562 0.01022859290242 4
811349521222722 161 -2.14772796630859 4.24656105041504 0.01484513282776 10004
811381565706982 161 -4.46383666992188 0.5119457244873 0.0285884141922 20004
811413610190723 161 -2.56939697265625 -2.94359445571899 0.01640522480011 30004
811445654686572 161 -2.17825317382813 -3.65344595909119 0.01420044898987 40004
811477699170082 161 -3.67764282226563 3.4047646522522 0.02458310127258 50004
811509743642913 161 -0.27606201171875 -8.08651351928711 0.0019998550415 60004
811541788132802 161 -1.51263427734375 -4.33344221115112 0.00912809371948 70004
811573832610862 161 -0.9345703125 -5.45528793334961 0.00610303878784 80004
811605877095301 161 -2.61236572265625 4.99752998352051 0.01749563217163 90004
811317476738263 162 -1.73911380767822 -4.37773609161377 0.01022859662771 4
811349521222722 162 -1.81243133544922 4.48429298400879 0.01259779930115 10004
811381565706982 162 -4.65887451171875 0.8643816113472 0.03062772750854 20004
811413610190723 162 -2.72802734375 -2.77072405815125 0.01844418048859 30004
811445654686572 162 -2.3714599609375 -3.40122318267822 0.01419401168823 40004
811477699170082 162 -3.33853149414063 3.66776919364929 0.02234148979187 50004
811509743642913 162 -0.36175537109375 -7.76100015640259 0.00199270248413 60004
811541788132802 162 -1.708984375 -4.00117969512939 0.01117706298828 70004
811573832610862 162 -1.10552978515625 -5.2508487701416 0.00609445571899 80004
811605877095301 162 -2.36859130859375 5.22871446609497 0.01525640487671 90004
811317476738263 163 -1.89297258853912 -4.09894800186157 0.01224382966757 4
811349521222722 163 -1.483642578125 4.7543478012085 0.01035106182098 10004
811381565706982 163 -4.74296569824219 1.25132131576538 0.03062510490417 20004
811413610190723 163 -2.9466552734375 -2.51077008247375 0.01844394207001 30004
811445654686572 163 -2.61965942382813 -3.2141695022583 0.01621341705322 40004
811477699170082 163 -2.9598388671875 3.86708450317383 0.02010035514832 50004
811509743642913 163 -0.50579833984375 -7.46084022521973 0.00403714179993 60004
811541788132802 163 -1.81353759765625 -3.63660311698914 0.01117753982544 70004
811573832610862 163 -1.26171875 -4.8969202041626 0.00812959671021 80004
811605877095301 163 -2.1534423828125 5.48595190048218 0.01414966583252 90004
811317476738263 164 -2.07192230224609 -3.88062715530396 0.01224382314831 4
811349521222722 164 -1.23781585693359 5.00466823577881 0.00810354948044 10004
811381565706982 164 -4.7340087890625 1.5981125831604 0.03062295913696 20004
811413610190723 164 -3.14578247070313 -2.23189520835876 0.02047622203827 30004
811445654686572 164 -2.84051513671875 -3.09141635894775 0.01829934120178 40004
811477699170082 164 -2.64688110351563 4.00722217559814 0.01770782470703 50004
811509743642913 164 -0.6519775390625 -7.21060037612915 0.00403618812561 60004
811541788132802 164 -1.87060546875 -3.30794429779053 0.01117753982544 70004
811573832610862 164 -1.40289306640625 -4.50475692749023 0.00812292098999 80004
811605877095301 164 -1.97430419921875 5.71288061141968 0.01304054260254 90004
811317476738263 165 -2.28992247581482 -3.63848233222961 0.01428661774844 4
811349521222722 165 -1.11943817138672 5.29258298873901 0.00810313224792 10004
811381565706982 165 -4.57768249511719 1.97206258773804 0.02949631214142 20004
811413610190723 165 -3.2139892578125 -1.94434452056885 0.0204758644104 30004
811445654686572 165 -2.9384765625 -2.96604633331299 0.01829767227173 40004
811477699170082 165 -2.49993896484375 4.16535806655884 0.01658797264099 50004
811509743642913 165 -0.70599365234375 -6.8761682510376 0.00403547286987 60004
811541788132802 165 -2.0721435546875 -2.97433471679688 0.01324987411499 70004
811573832610862 165 -1.67034912109375 -4.10286903381348 0.01020002365112 80004
811605877095301 165 -1.68316650390625 5.8835334777832 0.01193380355835 90004
811317476738263 166 -2.45283913612366 -3.383056640625 0.01632062532008 4
811349521222723 166 0.00176239013672 -9.02793979644775 -0.00000011920929 10004
811381565706982 166 -4.32699584960938 2.24699401855469 0.02837193012238 20004
811413610190723 166 -3.24072265625 -1.58050763607025 0.0204758644104 30004
811445654686572 166 -3.0545654296875 -2.89043211936951 0.0203320980072 40004
811477699170082 166 -2.34567260742188 4.26868200302124 0.01547122001648 50004
811509743642913 166 -0.76580810546875 -6.56578874588013 0.00403475761414 60004
811541788132802 166 -2.2735595703125 -2.67173838615417 0.01530170440674 70004
811573832610862 166 -1.95281982421875 -3.78420448303223 0.01231098175049 80004
811605877095302 166 0.02081298828125 -9.0279712677002 -0.00000476837158 90004
811317476738263 167 -2.62160873413086 -3.16380858421326 0.01632061414421 4
811349521222723 167 0.04641723632813 -8.70976448059082 -0.00000029802322 10004
811381565706982 167 -4.10560607910156 2.5104660987854 0.02724695205688 20004
811413610190723 167 -3.20870971679688 -1.22690176963806 0.0204758644104 30004
811445654686572 167 -3.1724853515625 -2.79825115203857 0.02033305168152 40004
811477699170082 167 -2.18328857421875 4.41267395019531 0.01435303688049 50004
811509743642913 167 -0.859375 -6.29385900497437 0.00604605674744 60004
811541788132802 167 -2.4937744140625 -2.42416477203369 0.01530170440674 70004
811573832610862 167 -2.225341796875 -3.49244046211243 0.01432275772095 80004
811605877095302 167 0.08740234375 -8.71281242370605 -0.00000953674316 90004
811317476738263 168 -2.88835072517395 -2.97676420211792 0.01839911751449 4
811349521222723 168 0.20851898193359 -8.36787223815918 -0.00112438201904 10004
811381565706982 168 -3.94918823242188 2.88441610336304 0.02612030506134 20004
811413610190723 168 -3.04861450195313 -0.84074634313583 0.02047622203827 30004
811445654686572 168 -3.31805419921875 -2.60763907432556 0.02033448219299 40004
811477699170082 168 -1.95828247070313 4.73266506195068 0.01323509216309 50004
811509743642913 168 -1.05987548828125 -6.02120351791382 0.00604510307312 60004
811541788132802 168 -2.8251953125 -2.21946930885315 0.01742935180664 70004
811573832610862 168 -2.54486083984375 -3.12943387031555 0.01637077331543 80004
811605877095302 168 0.27325439453125 -8.38210678100586 -0.0011420249939 90004
811317476738263 169 -3.15900087356567 -2.83870458602905 0.02041077613831 4
811349521222723 169 0.29794311523438 -8.02672004699707 -0.00112628936768 10004
811381565706982 169 -3.67924499511719 3.14587688446045 0.02387177944183 20004
811413610190723 169 -2.87350463867188 -0.4922066628933 0.01935422420502 30004
811445654686572 169 -3.4241943359375 -2.33672642707825 0.02237319946289 40004
811477699170082 169 -1.69357299804688 5.03213548660278 0.01099538803101 50004
811509743642913 169 -1.1700439453125 -5.72582483291626 0.00804495811462 60004
811541788132802 169 -2.9853515625 -1.99623560905457 0.01948499679565 70004
811573832610862 169 -2.68359375 -2.70316767692566 0.01637077331543 80004
811605877095302 169 0.41021728515625 -8.05584335327148 -0.00227165222168 90004
811317476738263 170 -3.36100554466248 -2.68854737281799 0.02242968790233 4
811349521222723 170 0.45688629150391 -7.69067287445068 -0.00225049257278 10004
811381565706982 170 -3.4561767578125 3.47267961502075 0.02274656295776 20004
811413610190723 170 -2.77703857421875 -0.09554433822632 0.01823091506958 30004
811445654686572 170 -3.59695434570313 -2.0787410736084 0.02237033843994 40004
811477699170082 170 -1.4923095703125 5.40217018127441 0.00987911224365 50004
811509743642913 170 -1.34814453125 -5.44707632064819 0.00804352760315 60004
811541788132802 170 -3.1055908203125 -1.68061542510986 0.01948499679565 70004
811573832610862 170 -2.917236328125 -2.29306721687317 0.01839780807495 80004
811605877095302 170 0.540771484375 -7.70019721984863 -0.00339508056641 90004
811317476738263 171 -3.47513484954834 -2.50136828422546 0.02242967672646 4
811349521222723 171 0.68119049072266 -7.38632106781006 -0.00337439775467 10004
811381565706982 171 -3.27120971679688 3.82642364501953 0.02162158489227 20004
811413610190723 171 -2.72732543945313 0.31322047114372 0.01823079586029 30004
811445654686572 171 -3.80880737304688 -1.88944709300995 0.02439832687378 40004
811477699170083 171 -0.01263427734375 -9.21610736846924 0.00000047683716 50004
811509743642913 171 -1.579345703125 -5.20033168792725 0.01012849807739 60004
811541788132802 171 -3.16217041015625 -1.29950034618378 0.02053117752075 70004
811573832610862 171 -3.23809814453125 -1.93081271648407 0.02041912078857 80004
811605877095302 171 0.671875 -7.34575653076172 -0.00338983535767 90004
811317476738263 172 -3.55679893493652 -2.16353225708008 0.02242966555059 4
811349521222723 172 0.94385528564453 -7.08005046844482 -0.00562101602554 10004
811381565706982 172 -2.95167541503906 4.11753845214844 0.0193737745285 20004
811413610190723 172 -2.52468872070313 0.71050804853439 0.0171070098877 30004
811445654686572 172 -3.971923828125 -1.83149802684784 0.0264573097229 40004
811477699170083 172 -0.08001708984375 -8.73998737335205 0.00000190734863 50004
811509743642913 172 -1.807373046875 -4.92024898529053 0.01221442222595 60004
811541788132802 172 -3.09674072265625 -0.88901001214981 0.02053117752075 70004
811573832610862 172 -3.58380126953125 -1.54761683940887 0.02249479293823 80004
811605877095302 172 0.86328125 -6.99010467529297 -0.00450754165649 90004
811317476738263 173 -3.73439860343933 -1.92623555660248 0.0244807023555 4
811349521222723 173 1.05889129638672 -6.74823045730591 -0.00674510002136 10004
811381565706982 173 -2.79673767089844 4.45982313156128 0.01824939250946 20004
811413610190723 173 -2.49932861328125 1.0974680185318 0.01710641384125 30004
811445654686572 173 -4.17849731445313 -1.63457798957825 0.02645492553711 40004
811477699170083 173 -0.25421142578125 -8.35841846466064 0.00207567214966 50004
811509743642913 173 -1.89385986328125 -4.61813449859619 0.01221609115601 60004
811541788132802 173 -3.1275634765625 -0.52735239267349 0.02053117752075 70004
811573832610862 173 -3.90557861328125 -1.23122084140778 0.02460289001465 80004
811605877095302 173 0.89306640625 -6.64968156814575 -0.00562715530396 90004
811317476738263 174 -3.98837924003601 -1.69914317131042 0.02651403099298 4
811349521222723 174 1.24004364013672 -6.3925142288208 -0.00786817073822 10004
811381565706982 174 -2.54412841796875 4.79808521270752 0.01712381839752 20004
811413610190723 174 -2.37850952148438 1.51593494415283 0.01598429679871 30004
811445654686572 174 -4.35098266601563 -1.35173797607422 0.02853274345398 40004
811477699170083 174 -0.47137451171875 -8.01494979858398 0.00207996368408 50004
811509743642913 174 -1.966796875 -4.26452016830444 0.01221704483032 60004
811541788132802 174 -3.26666259765625 -0.1457361727953 0.02053070068359 70004
811573832610862 174 -4.1697998046875 -0.8024765253067 0.02668142318726 80004
811605877095302 174 1.0101318359375 -6.27829170227051 -0.00562238693237 90004
811317476738263 175 -4.21839094161987 -1.50770676136017 0.02651401050389 4
811349521222723 175 1.41483306884766 -6.09007120132446 -0.00899177789688 10004
811381565706982 175 -2.26828002929688 5.05661010742188 0.01487684249878 20004
811413610190723 175 -2.23583984375 1.87263834476471 0.01486134529114 30004
811445654686572 175 -4.47201538085938 -1.08336925506592 0.02853012084961 40004
811477699170083 175 -0.6614990234375 -7.74438714981079 0.00416111946106 50004
811509743642913 175 -2.028564453125 -3.95495700836182 0.01221823692322 60004
811541788132802 175 -3.47216796875 0.15152281522751 0.02258634567261 70004
811573832610862 175 -4.28948974609375 -0.37441691756248 0.02776050567627 80004
811605877095302 175 1.1798095703125 -5.96833372116089 -0.00673198699951 90004
811317476738263 176 -4.3948221206665 -1.20827853679657 0.02853682637215 4
811349521222723 176 1.51139068603516 -5.69827890396118 -0.00899124145508 10004
811381565706982 176 -1.96870422363281 5.36798858642578 0.01375198364258 20004
811413610190723 176 -2.2197265625 2.31833624839783 0.01485979557037 30004
811445654686572 176 -4.68264770507813 -0.81729602813721 0.03059124946594 40004
811477699170083 176 -0.8577880859375 -7.30544519424438 0.00623035430908 50004
811509743642913 176 -2.135986328125 -3.61002445220947 0.0142240524292 60004
811541788132802 176 -3.78271484375 0.42869052290916 0.02468061447144 70004
811573832610862 176 -4.25823974609375 0.14026774466038 0.02774047851563 80004
811605877095302 176 1.3829345703125 -5.61928129196167 -0.00783491134644 90004
811317476738263 177 -4.58312177658081 -0.94250929355621 0.02853679284453 4
811349521222723 177 1.55841827392578 -5.32308387756348 -0.00899106264114 10004
811381565706982 177 -1.84913635253906 5.57597208023071 0.01262581348419 20004
811413610190723 177 -2.08062744140625 2.61569452285767 0.01373362541199 30004
811445654686572 177 -4.94338989257813 -0.6369686126709 0.03266572952271 40004
811477699170083 177 -1.18792724609375 -7.00252437591553 0.00830054283142 50004
811509743642913 177 -2.237548828125 -3.43513488769531 0.01422643661499 60004
811541788132802 177 -4.151611328125 0.55123096704483 0.02671766281128 70004
811573832610862 177 -4.0399169921875 0.56889742612839 0.02659702301025 80004
811605877095302 177 1.6865234375 -5.39636611938477 -0.01007223129272 90004
811317476738263 178 -4.69928312301636 -0.62312340736389 0.03054132126272 4
811349521222723 178 1.59819793701172 -4.92152881622314 -0.01011455059052 10004
811381565706982 178 -1.58975219726563 5.81892538070679 0.01037740707397 20004
811413610190723 178 -2.01824951171875 2.80787324905396 0.01373159885406 30004
811445654686572 178 -5.15997314453125 -0.3861083984375 0.03266334533691 40004
811477699170083 178 -1.50823974609375 -6.64693641662598 0.01041889190674 50004
811509743642913 178 -2.466796875 -3.24560356140137 0.01634359359741 60004
811541788132802 178 -4.49493408203125 0.76955384016037 0.02877283096313 70004
811573832610862 178 -3.7742919921875 1.01037728786469 0.02433109283447 80004
811605877095302 178 1.93792724609375 -5.09202289581299 -0.01231145858765 90004
811317476738263 179 -4.71794891357422 -0.32543990015984 0.03054128214717 4
811349521222723 179 1.58597564697266 -4.57546043395996 -0.01011514663696 10004
811381565706983 179 0.01458740234375 -9.20218467712402 0 20004
811413610190723 179 -1.97564697265625 2.96155166625977 0.01373028755188 30004
811445654686572 179 -5.2803955078125 -0.1211566850543 0.03467464447021 40004
811477699170083 179 -1.71270751953125 -6.32101058959961 0.01042222976685 50004
811509743642913 179 -2.7181396484375 -3.05672788619995 0.01834750175476 60004
811541788132802 179 -4.78863525390625 0.97284561395645 0.03089427947998 70004
811573832610862 179 -3.5850830078125 1.40973150730133 0.02320337295532 80004
811605877095302 179 2.08782958984375 -4.77547836303711 -0.01342678070068 90004
811317476738263 180 -4.63185787200928 0.01133876107633 0.03054121695459 4
811349521222723 180 1.44822692871094 -4.19618797302246 -0.0101153254509 10004
811381565706983 180 0.07293701171875 -8.78940391540527 0 20004
811413610190723 180 -1.81832885742188 3.26955413818359 0.01260435581207 30004
811445654686572 180 -5.3189697265625 0.21583430469036 0.03467488288879 40004
811477699170083 180 -1.79327392578125 -5.9673957824707 0.01242780685425 50004
811509743642913 180 -2.9691162109375 -2.79649686813354 0.01834845542908 60004
811541788132802 180 -5.1873779296875 1.09309434890747 0.03290605545044 70004
811573832610862 180 -3.5186767578125 1.92087996006012 0.0232105255127 80004
811605877095302 180 2.17962646484375 -4.38193130493164 -0.01341915130615 90004
811317476738263 181 -4.41149711608887 0.28019031882286 0.02941811643541 4
811349521222723 181 1.48350524902344 -3.79418921470642 -0.01011556386948 10004
811381565706983 181 0.04461669921875 -8.37349510192871 -0.00000023841858 20004
811413610190723 181 -1.80270385742188 3.71525192260742 0.01260185241699 30004
811445654686572 181 -5.2115478515625 0.53754341602325 0.03467464447021 40004
811477699170083 181 -1.97930908203125 -5.52384567260742 0.01243162155151 50004
811509743642913 181 -3.0863037109375 -2.45473051071167 0.02039551734924 60004
811541788132802 181 -5.5985107421875 1.03389024734497 0.03501033782959 70004
811573832610862 181 -3.2432861328125 2.355388879776 0.02097129821777 80004
811605877095302 181 2.32806396484375 -4.00629806518555 -0.01453399658203 90004
811317476738263 182 -4.29515504837036 0.58702152967453 0.02829504013062 4
811349521222723 182 1.38898468017578 -3.40924286842346 -0.00811356306076 10004
811381565706983 182 -0.10968017578125 -7.99372100830078 -0.00000047683716 20004
811413610190723 182 -1.64682006835938 4.12464189529419 0.01147568225861 30004
811445654686572 182 -5.07424926757813 0.84761559963226 0.03354668617249 40004
811477699170083 182 -2.29290771484375 -5.17031478881836 0.01456499099731 50004
811509743642913 182 -3.23150634765625 -2.12477159500122 0.02039241790771 60004
811541788132802 182 -5.9818115234375 0.93317985534668 0.03916645050049 70004
811573832610862 182 -3.1246337890625 2.84737610816956 0.02097988128662 80004
811605877095302 182 2.58489990234375 -3.70476913452148 -0.01564836502075 90004
811317476738263 183 -4.17970609664917 0.87928050756454 0.0271719712764 4
811349521222723 183 1.33567810058594 -3.04371643066406 -0.00811439752579 10004
811381565706983 183 -0.21748352050781 -7.62774419784546 0.00204288959503 20004
811413610190723 183 -1.49734497070313 4.51235771179199 0.01035249233246 30004
811445654686572 183 -4.90585327148438 1.07898509502411 0.03241801261902 40004
811477699170083 183 -2.58892822265625 -4.85717058181763 0.01657247543335 50004
811509743642913 183 -3.37127685546875 -1.84256088733673 0.02242279052734 60004
811541788132802 183 -6.342041015625 0.81968986988068 0.04130935668945 70004
811573832610862 183 -2.97015380859375 3.29304552078247 0.01985549926758 80004
811605877095302 183 2.79632568359375 -3.40201687812805 -0.0178861618042 90004
811317476738263 184 -4.03781509399414 1.16870594024658 0.02604890428483 4
811349521222723 184 1.36350250244141 -2.67291474342346 -0.00811576843262 10004
811381565706983 184 -0.26004028320313 -7.24354887008667 0.00204002857208 20004
811413610190723 184 -1.3843994140625 4.91394758224487 0.00922966003418 30004
811445654686572 184 -4.71185302734375 1.26262319087982 0.03129386901855 40004
811477699170083 184 -2.82135009765625 -4.5174503326416 0.01859259605408 50004
811509743642913 184 -3.5238037109375 -1.59384441375732 0.02242064476013 60004
811541788132802 184 -6.7022705078125 0.67984306812286 0.04338502883911 70004
811573832610862 184 -2.70465087890625 3.69651103019714 0.01760578155518 80004
811605877095302 184 2.91400146484375 -3.04631233215332 -0.01787948608398 90004
811317476738263 185 -4.01125907897949 1.51529026031494 0.02604887634516 4
811349521222723 185 1.35520172119141 -2.31942963600159 -0.00811648368835 10004
811381565706983 185 -0.45632934570313 -6.87582969665527 0.00203800201416 20004
811413610190723 185 -1.1949462890625 5.31758069992065 0.00810754299164 30004
811445654686572 185 -4.56683349609375 1.56881749629974 0.03017139434814 40004
811477699170083 185 -2.92877197265625 -4.04879188537598 0.0185923576355 50004
811509743642913 185 -3.8109130859375 -1.37507152557373 0.0244448184967 60004
811541788132802 185 -7.0069580078125 0.39629358053207 0.04545831680298 70004
811573832610862 185 -2.38336181640625 4.09994888305664 0.01535511016846 80004
811605877095302 185 2.89056396484375 -2.64226722717285 -0.01787567138672 90004
811317476738263 186 -3.86937355995178 1.80471611022949 0.0249258056283 4
811349521222723 186 1.20863342285156 -1.98143017292023 -0.0081170797348 10004
811381565706983 186 -0.56832885742188 -6.59767866134644 0.00403892993927 20004
811413610190724 186 0.16424560546875 -8.95281219482422 -0.0000011920929 30004
811445654686572 186 -4.33621215820313 1.78245663642883 0.02904391288757 40004
811477699170083 186 -3.04534912109375 -3.71816539764404 0.0185923576355 50004
811509743642913 186 -3.9832763671875 -1.08789873123169 0.02646064758301 60004
811541788132802 186 -7.1973876953125 0.0588960647583 0.0454626083374 70004
811573832610862 186 -2.1123046875 4.50003242492676 0.01422739028931 80004
811605877095302 186 2.96331787109375 -2.27208209037781 -0.01899433135986 90004
811317476738263 187 -3.6534583568573 2.03846526145935 0.02380273677409 4
811349521222723 187 1.12547302246094 -1.62151169776917 -0.00811731815338 10004
811381565706983 187 -0.74519348144531 -6.30958700180054 0.00403845310211 20004
811413610190724 187 0.252685546875 -8.52357292175293 -0.00112223625183 30004
811445654686572 187 -4.14871215820313 2.02998089790344 0.02679181098938 40004
811477699170083 187 -3.273681640625 -3.40398406982422 0.02060961723328 50004
811509743642913 187 -4.0914306640625 -0.78158569335938 0.02645754814148 60004
811541788132802 187 -7.2850341796875 -0.31147611141205 0.04752540588379 70004
811573832610862 187 -1.92352294921875 4.92714595794678 0.01309967041016 80004
811605877095302 187 3.1175537109375 -1.93206930160522 -0.01900196075439 90004
811317476738263 188 -3.40953469276428 2.2470977306366 0.02267966605723 4
811349521222723 188 1.14865875244141 -1.2496155500412 -0.00811755657196 10004
811381565706983 188 -1.00064086914063 -6.01574420928955 0.00605571269989 20004
811413610190724 188 0.21670532226563 -8.0822286605835 -0.00112044811249 30004
811445654686572 188 -3.99014282226563 2.30009579658508 0.02678751945496 40004
811477699170083 188 -3.60507202148438 -3.09878158569336 0.02272319793701 50004
811509743642913 188 -4.18389892578125 -0.47767227888107 0.02645540237427 60004
811541788132802 188 -7.26287841796875 -0.69470280408859 0.04753112792969 70004
811573832610862 188 -1.76458740234375 5.35940790176392 0.01197099685669 80004
811605877095302 188 3.31695556640625 -1.6106333732605 -0.0212516784668 90004
811317476738263 189 -3.23898458480835 2.54999852180481 0.02155660279095 4
811349521222723 189 1.31050872802734 -0.87994503974915 -0.00811886787415 10004
811381565706983 189 -1.32437133789063 -5.75328969955444 0.00816810131073 20004
811413610190724 189 0.02481079101563 -7.64354705810547 -0.0011191368103 30004
811445654686572 189 -3.72842407226563 2.51593136787415 0.02453589439392 40004
811477699170083 189 -3.99130249023438 -2.81260299682617 0.0247848033905 50004
811509743642913 189 -4.399169921875 -0.18805384635925 0.0284948348999 60004
811541788132802 189 -7.09844970703125 -1.07632398605347 0.04641580581665 70004
811573832610862 189 -1.43212890625 5.75409936904907 0.00971698760986 80004
811605877095302 189 3.47784423828125 -1.23933362960815 -0.02237415313721 90004
811317476738263 190 -2.99734568595886 2.76683187484741 0.01931048370898 4
811349521222723 190 1.333984375 -0.50398844480515 -0.00811970233917 10004
811381565706983 190 -1.42449951171875 -5.57300806045532 0.00816738605499 20004
811413610190724 190 -0.30133056640625 -7.33919382095337 0.00100195407867 30004
811445654686572 190 -3.64370727539063 2.6731960773468 0.02453017234802 40004
811477699170083 190 -4.41671752929688 -2.66788148880005 0.02883410453796 50004
811509743642913 190 -4.475830078125 0.13958981633186 0.02849245071411 60004
811541788132802 190 -6.81781005859375 -1.34182298183441 0.04417657852173 70004
811573832610863 190 -0.0982666015625 -9.00211524963379 -0.00000143051147 80004
811605877095302 190 3.7467041015625 -0.9764256477356 -0.02348947525024 90004
811317476738263 191 -2.81754660606384 3.02970099449158 0.01818740926683 4
811349521222723 191 1.40423583984375 -0.13514822721481 -0.00812047719955 10004
811381565706983 191 -1.64114379882813 -5.35509824752808 0.01019084453583 20004
811413610190724 191 -0.5841064453125 -6.99546337127686 0.00302743911743 30004
811445654686572 191 -3.46646118164063 2.85622143745422 0.02340364456177 40004
811477699170083 191 -4.81900024414063 -2.47082996368408 0.03099083900452 50004
811509743642913 191 -4.4556884765625 0.47003594040871 0.028489112854 60004
811541788132802 191 -6.47906494140625 -1.51230525970459 0.04193830490112 70004
811573832610863 191 -0.1151123046875 -8.66871738433838 0.0009970664978 80004
811605877095302 191 3.93292236328125 -0.68856221437454 -0.02460622787476 90004
811317476738263 192 -2.66464424133301 3.34150052070618 0.01818738505244 4
811349521222723 192 1.56649780273438 0.22525706887245 -0.00924324989319 10004
811381565706983 192 -1.92085266113281 -5.05755090713501 0.01229310035706 20004
811413610190724 192 -0.82891845703125 -6.58530282974243 0.00512564182281 30004
811445654686572 192 -3.24139404296875 3.10029411315918 0.02115678787231 40004
811477699170083 192 -5.18228149414063 -2.17063236236572 0.03313136100769 50004
811509743642913 192 -4.3267822265625 0.80039370059967 0.02848386764526 60004
811541788132802 192 -6.07861328125 -1.57518017292023 0.03970146179199 70004
811573832610863 192 -0.0238037109375 -8.3235387802124 0.00099420547485 80004
811605877095302 192 4.084716796875 -0.36950376629829 -0.02572202682495 90004
811317476738263 193 -2.50222754478455 3.62403392791748 0.01706431619823 4
811349521222723 193 1.81727600097656 0.50850921869278 -0.01148945093155 10004
811381565706983 193 -2.09214782714844 -4.70627021789551 0.01434338092804 20004
811413610190724 193 -1.02157592773438 -6.17998170852661 0.00719118118286 30004
811445654686572 193 -3.10543823242188 3.38735127449036 0.02003502845764 40004
811477699170083 193 -5.42901611328125 -1.79324913024902 0.03516697883606 50004
811509743642913 193 -4.1163330078125 1.06625497341156 0.02735567092896 60004
811541788132802 193 -5.693603515625 -1.51843535900116 0.03745412826538 70004
811573832610863 193 0.157470703125 -8.03390312194824 -0.00013160705566 80004
811605877095302 193 4.26416015625 -0.09115363657475 -0.02683782577515 90004
811317476738263 194 -2.28119039535522 3.89232707023621 0.01481823809445 4
811349521222723 194 2.05952453613281 0.83119279146194 -0.01261359453201 10004
811381565706983 194 -2.12828063964844 -4.29094886779785 0.01434338092804 20004
811413610190724 194 -1.35556030273438 -5.83703279495239 0.00926947593689 30004
811445654686572 194 -2.8443603515625 3.60318303108215 0.01891183853149 40004
811477699170083 194 -5.49737548828125 -1.3172721862793 0.03516960144043 50004
811509743642913 194 -4.04962158203125 1.3433450460434 0.02622628211975 60004
811541788132802 194 -5.340087890625 -1.29959762096405 0.03520345687866 70004
811573832610863 194 0.362548828125 -7.73257255554199 -0.0012583732605 80004
811605877095302 194 4.48419189453125 0.0460542999208 -0.02796125411987 90004
811317476738263 195 -2.16350269317627 4.19008302688599 0.01481821388006 4
811349521222723 195 2.17723083496094 1.18333613872528 -0.01373755931854 10004
811381565706983 195 -2.28047180175781 -3.93881177902222 0.01434230804443 20004
811413610190724 195 -1.5474853515625 -5.44053268432617 0.00927019119263 30004
811445654686572 195 -2.72891235351563 3.76239395141602 0.01778507232666 40004
811477699170083 195 -5.43557739257813 -0.93810641765594 0.03517293930054 50004
811509743642913 195 -4.00909423828125 1.47983753681183 0.02622199058533 60004
811541788132802 195 -5.12078857421875 -1.04544699192047 0.03407764434814 70004
811573832610863 195 0.4541015625 -7.40995979309082 -0.00238227844238 80004
811605877095302 195 4.68988037109375 0.31347194314003 -0.02908897399902 90004
811317476738263 196 -2.0283842086792 4.47847509384155 0.01369514130056 4
811349521222723 196 2.21119689941406 1.55624806880951 -0.0137380361557 10004
811381565706983 196 -2.43356323242188 -3.58361577987671 0.01638281345367 20004
811413610190724 196 -1.69869995117188 -5.12196779251099 0.01128816604614 30004
811445654686572 196 -2.60247802734375 3.94266629219055 0.01777982711792 40004
811477699170083 196 -5.250732421875 -0.59090411663055 0.03405380249023 50004
811509743642913 196 -3.94244384765625 1.58168065547943 0.02621579170227 60004
811541788132802 196 -4.9913330078125 -0.72797757387161 0.03295087814331 70004
811573832610863 196 0.50830078125 -7.07267093658447 -0.00238513946533 80004
811605877095302 196 4.83349609375 0.65444606542587 -0.03020143508911 90004
811317476738263 197 -1.79696786403656 4.73629474639893 0.01257207244635 4
811349521222723 197 2.15641784667969 1.951864361763 -0.01373827457428 10004
811381565706983 197 -2.51736450195313 -3.17662858963013 0.0163813829422 20004
811413610190724 197 -1.87405395507813 -4.9196982383728 0.01128709316254 30004
811445654686572 197 -2.390380859375 4.20285606384277 0.01553153991699 40004
811477699170083 197 -4.95260620117188 -0.21992927789688 0.03293395042419 50004
811509743642913 197 -3.82562255859375 1.70916664600372 0.02508926391602 60004
811541788132802 197 -4.910888671875 -0.32450115680695 0.03182506561279 70004
811573832610863 197 0.558837890625 -6.71220588684082 -0.00351095199585 80004
811605877095302 197 4.866455078125 1.05340611934662 -0.03131580352783 90004
811317476738263 198 -1.53201353549957 4.92606496810913 0.0103259710595 4
811349521222723 198 1.9683837890625 2.2800600528717 -0.01373893022537 10004
811381565706983 198 -2.51461791992188 -2.78580927848816 0.01637995243073 20004
811413610190724 198 -2.09326171875 -4.52800273895264 0.01329350471497 30004
811445654686572 198 -2.29608154296875 4.50654649734497 0.01552820205688 40004
811477699170083 198 -4.82296752929688 0.21152722835541 0.03181481361389 50004
811509743642913 198 -3.769775390625 1.84552478790283 0.02508449554443 60004
811541788132802 198 -4.69940185546875 0.0014850012958 0.03071403503418 70004
811573832610863 198 0.566162109375 -6.37067127227783 -0.00351142883301 80004
811605877095302 198 4.7547607421875 1.41635370254517 -0.03131055831909 90004
811317476738263 199 -1.34042346477509 5.21011018753052 0.00920290872455 4
811349521222723 199 1.86967468261719 2.66784119606018 -0.01173460483551 10004
811381565706983 199 -2.55598449707031 -2.37154197692871 0.01637828350067 20004
811413610190724 199 -2.3160400390625 -4.10417509078979 0.01532745361328 30004
811445654686572 199 -2.09130859375 4.77128982543945 0.01439571380615 40004
811477699170083 199 -4.53713989257813 0.58887672424316 0.02957320213318 50004
811509743642913 199 -3.77130126953125 2.14696073532104 0.02508115768433 60004
811541788132802 199 -4.51177978515625 0.26553335785866 0.02961015701294 70004
811573832610863 199 0.69854736328125 -6.03668642044067 -0.00351905822754 80004
811605877095302 199 4.5118408203125 1.7335821390152 -0.02920961380005 90004
811317476738264 200 0.0082296198234 -9.2211742401123 0.00000000000728 4
811349521222723 200 1.71894836425781 3.00502252578735 -0.01173484325409 10004
811381565706983 200 -2.61891174316406 -1.98608779907227 0.01637756824493 20004
811413610190724 200 -2.59573364257813 -3.76431703567505 0.0173647403717 30004
811445654686572 200 -1.92489624023438 5.0371561050415 0.01326251029968 40004
811477699170083 200 -4.32754516601563 0.97571069002151 0.02845191955566 50004
811509743642913 200 -3.70977783203125 2.46175718307495 0.02395415306091 60004
811541788132802 200 -4.39605712890625 0.55895632505417 0.02849960327148 70004
811573832610863 200 0.87255859375 -5.74360847473145 -0.00464391708374 80004
811605877095302 200 4.208984375 1.94343864917755 -0.02720069885254 90004
811317476738264 201 0.06479024887085 -9.02004718780518 0.00000000008731 4
811349521222723 201 1.52340698242188 3.34974670410156 -0.0096543431282 10004
811381565706983 201 -2.71443176269531 -1.60143280029297 0.0163756608963 20004
811413610190724 201 -2.92141723632813 -3.42511034011841 0.01943111419678 30004
811445654686572 201 -1.76239013671875 5.32783222198486 0.01213455200195 40004
811477699170083 201 -4.14297485351563 1.41043210029602 0.02732920646667 50004
811509743642913 201 -3.56671142578125 2.79325437545776 0.02394795417786 60004
811541788132802 201 -4.27886962890625 0.92231434583664 0.02851104736328 70004
811573832610863 201 1.091552734375 -5.45356941223145 -0.00689125061035 80004
811605877095302 201 3.8648681640625 2.13590312004089 -0.02512502670288 90004
811317476738264 202 0.23059374094009 -8.73948860168457 -0.00112304510549 4
811349521222723 202 1.45291137695313 3.72141861915588 -0.00965458154678 10004
811381565706983 202 -2.84625244140625 -1.30908811092377 0.01842272281647 20004
811413610190724 202 -3.11126708984375 -3.01835513114929 0.01943004131317 30004
811445654686572 202 -1.526611328125 5.54027032852173 0.00989055633545 40004
811477699170083 202 -3.84222412109375 1.74626791477203 0.02508854866028 50004
811509743642913 202 -3.41473388671875 3.09604001045227 0.02281975746155 60004
811541788132802 202 -4.04931640625 1.2366908788681 0.02627754211426 70004
811573832610863 202 1.33050537109375 -5.20978879928589 -0.00801610946655 80004
811605877095302 202 3.6103515625 2.41817879676819 -0.02307319641113 90004
811317476738264 203 0.39063403010368 -8.42128658294678 -0.00224608904682 4
811349521222723 203 1.22726440429688 4.05320835113525 -0.00762575864792 10004
811381565706983 203 -3.15115356445313 -1.03458726406097 0.0204735994339 20004
811413610190724 203 -3.46759033203125 -2.70281481742859 0.02150356769562 30004
811445654686573 203 0.18081665039063 -8.91806888580322 -0.00112390518188 40004
811477699170083 203 -3.70819091796875 2.04781770706177 0.02397131919861 50004
811509743642913 203 -3.1387939453125 3.32648587226868 0.02056741714478 60004
811541788132802 203 -3.95989990234375 1.6399302482605 0.02628946304321 70004
811573832610863 203 1.54901123046875 -4.91735506057739 -0.00915002822876 80004
811605877095302 203 3.4178466796875 2.51135158538818 -0.02307081222534 90004
811317476738264 204 0.45963788032532 -8.09929275512695 -0.00224608066492 4
811349521222723 204 1.10660552978516 4.40332126617432 -0.00762623548508 10004
811381565706983 204 -3.39692687988281 -0.73458129167557 0.02253568172455 20004
811413610190724 204 -3.79830932617188 -2.40010786056519 0.02356827259064 30004
811445654686573 204 0.4290771484375 -8.57476043701172 -0.00224828720093 40004
811477699170083 204 -3.52841186523438 2.27262139320374 0.02285575866699 50004
811509743642913 204 -2.948974609375 3.59842729568481 0.01944541931152 60004
811541788132802 204 -3.783203125 1.97713220119476 0.02517747879028 70004
811573832610863 204 1.6605224609375 -4.60178184509277 -0.01028728485107 80004
811605877095302 204 3.25885009765625 2.64809536933899 -0.02107000350952 90004
811317476738264 205 0.51931035518646 -7.77318906784058 -0.00224607437849 4
811349521222723 205 1.09053039550781 4.77333688735962 -0.0076265335083 10004
811381565706983 205 -3.65554809570313 -0.45221096277237 0.02390921115875 20004
811413610190724 205 -4.13125610351563 -2.09965872764587 0.02568399906158 30004
811445654686573 205 0.74746704101563 -8.30317783355713 -0.00464248657227 40004
811477699170083 205 -3.3292236328125 2.48060345649719 0.02173852920532 50004
811509743642913 205 -2.7591552734375 3.87036871910095 0.01832485198975 60004
811541788132802 205 -3.56317138671875 2.29710626602173 0.02406644821167 70004
811573832610863 205 1.7117919921875 -4.26463890075684 -0.0103006362915 80004
811605877095302 205 3.09588623046875 2.78655815124512 -0.02107095718384 90004
811317476738264 206 0.64408189058304 -7.43999671936035 -0.00336911389604 4
811349521222723 206 1.19964599609375 5.15957546234131 -0.00762665271759 10004
811381565706983 206 -4.00108337402344 -0.23402801156044 0.02649652957916 20004
811413610190724 206 -4.49420166015625 -1.79114532470703 0.02980160713196 30004
811445654686573 206 1.15090942382813 -8.11706733703613 -0.00689554214478 40004
811477699170083 206 -3.15133666992188 2.73868823051453 0.02062058448792 50004
811509743642913 206 -2.4835205078125 4.1008129119873 0.01608037948608 60004
811541788132802 206 -3.355224609375 2.6533899307251 0.02183389663696 70004
811573832610863 206 1.735107421875 -3.90101289749146 -0.01031541824341 80004
811605877095302 206 2.90850830078125 2.86672186851501 -0.01899909973145 90004
811317476738264 207 0.7043970823288 -7.09867191314697 -0.00449215434492 4
811349521222723 207 1.45497131347656 5.47209453582764 -0.00875055789948 10004
811381565706983 207 -4.17515563964844 0.02513791248202 0.026496052742 20004
811413610190724 207 -4.70526123046875 -1.36130905151367 0.02980148792267 30004
811445654686573 207 1.34622192382813 -7.89343070983887 -0.00801944732666 40004
811477699170083 207 -3.05172729492188 3.20891070365906 0.02062630653381 50004
811509743642913 207 -2.3214111328125 4.42378044128418 0.01495933532715 60004
811541788132802 207 -3.294677734375 3.06435489654541 0.02184629440308 70004
811573832610863 207 1.75665283203125 -3.53725099563599 -0.01033020019531 80004
811605877095302 207 2.89874267578125 2.87715888023376 -0.01900148391724 90004
811317476738264 208 0.8692826628685 -6.815514087677 -0.0044921413064 4
811349521222723 208 1.77548980712891 5.6621732711792 -0.01099759340286 10004
811381565706983 208 -4.29141235351563 0.37499260902405 0.0285359621048 20004
811413610190724 208 -4.75177001953125 -0.92168802022934 0.02980101108551 30004
811445654686573 208 1.4781494140625 -7.52327585220337 -0.00914692878723 40004
811477699170083 208 -2.81610107421875 3.58484768867493 0.01838541030884 50004
811509743642913 208 -2.07861328125 4.65254211425781 0.01383876800537 60004
811541788132802 208 -3.1119384765625 3.40086269378662 0.02073621749878 70004
811573832610863 208 1.8759765625 -3.22117233276367 -0.01146650314331 80004
811605877095302 208 2.85662841796875 2.8964364528656 -0.01900196075439 90004
811317476738264 209 1.11794626712799 -6.56726264953613 -0.00673822965473 4
811349521222723 209 2.15907287597656 5.75245809555054 -0.01324474811554 10004
811381565706983 209 -4.31265258789063 0.78144323825836 0.02853524684906 20004
811413610190724 209 -4.65948486328125 -0.4634040594101 0.0297999382019 30004
811445654686573 209 1.6314697265625 -7.20241785049438 -0.01027703285217 40004
811477699170083 209 -2.62078857421875 4.01180601119995 0.01726126670837 50004
811509743642913 209 -1.85595703125 4.92616271972656 0.01271772384644 60004
811541788132802 209 -2.92352294921875 3.76818370819092 0.019615650177 70004
811573832610863 209 1.9873046875 -2.87701606750488 -0.01260375976563 80004
811605877095302 209 2.74212646484375 3.00517439842224 -0.01700019836426 90004
811317476738264 210 1.37088990211487 -6.35615205764771 -0.00786127150059 4
811349521222723 210 2.53082275390625 5.7253155708313 -0.01549255847931 10004
811381565706983 210 -4.21670532226563 1.15419673919678 0.02741003036499 20004
811413610190724 210 -4.46188354492188 -0.06228955835104 0.02980101108551 30004
811445654686573 210 1.8218994140625 -6.98480415344238 -0.0114061832428 40004
811477699170083 210 -2.507080078125 4.43773078918457 0.01726031303406 50004
811509743642913 210 -1.7041015625 5.22958564758301 0.01158881187439 60004
811541788132802 210 -2.757080078125 4.11408472061157 0.01849269866943 70004
811573832610863 210 2.0301513671875 -2.57234859466553 -0.0126166343689 80004
811605877095302 210 2.54034423828125 3.18070244789124 -0.01699686050415 90004
811317476738264 211 1.53851783275604 -6.06667280197144 -0.00898430030793 4
811349521222723 211 2.87584686279297 5.56989049911499 -0.01774007081985 10004
811381565706983 211 -3.99497985839844 1.47619950771332 0.02628314495087 20004
811413610190724 211 -4.19869995117188 0.30128291249275 0.02755308151245 30004
811445654686573 211 2.10205078125 -6.66205930709839 -0.01253008842468 40004
811477699170083 211 -2.31573486328125 4.80402040481567 0.01502084732056 50004
811509743642913 211 -1.55670166015625 5.53557205200195 0.01045632362366 60004
811541788132802 211 -2.47784423828125 4.38593912124634 0.0162467956543 70004
811573832610863 211 1.984375 -2.3908166885376 -0.01262331008911 80004
811605877095302 211 2.19061279296875 3.32941126823425 -0.01496458053589 90004
811317476738264 212 1.71797704696655 -5.75827503204346 -0.01010731700808 4
811349521222723 212 3.14899444580078 5.33093690872192 -0.01998770236969 10004
811381565706983 212 -3.73858642578125 1.80472052097321 0.02515769004822 20004
811413610190724 212 -4.08413696289063 0.76113784313202 0.02643144130707 30004
811445654686573 212 2.3511962890625 -6.28057432174683 -0.01478147506714 40004
811477699170083 212 -2.08258056640625 5.21870851516724 0.01390480995178 50004
811509743642914 212 -0.10595703125 -8.97547912597656 -0.00000095367432 60004
811541788132802 212 -2.19537353515625 4.69052362442017 0.01512432098389 70004
811573832610863 212 1.9962158203125 -2.18646812438965 -0.01263284683228 80004
811605877095302 212 1.90643310546875 3.61269640922546 -0.01286268234253 90004
811317476738264 213 1.93108570575714 -5.5317907333374 -0.01235340535641 4
811349521222723 213 3.32820129394531 5.02568054199219 -0.02111208438873 10004
811381565706983 213 -3.58714294433594 2.15515899658203 0.0240330696106 20004
811413610190724 213 -3.92977905273438 1.10373032093048 0.02531003952026 30004
811445654686573 213 2.48147583007813 -5.95842456817627 -0.01591062545776 40004
811477699170083 213 -1.85018920898438 5.47788000106812 0.01278829574585 50004
811509743642914 213 -0.131591796875 -8.67812156677246 0.00107192993164 60004
811541788132802 213 -2.01995849609375 5.0285906791687 0.01400136947632 70004
811573832610863 213 1.96600341796875 -1.94645762443542 -0.0126428604126 80004
811605877095302 213 1.6019287109375 3.81177639961243 -0.01078748703003 90004
811317476738264 214 2.13003015518188 -5.35682201385498 -0.01347643975168 4
811349521222723 214 3.45812225341797 4.72641563415527 -0.0222350358963 10004
811381565706983 214 -3.48806762695313 2.47467708587646 0.022909283638 20004
811413610190724 214 -3.77139282226563 1.3657386302948 0.02531123161316 30004
811445654686573 214 2.56414794921875 -5.69674634933472 -0.0159158706665 40004
811477699170084 214 -0.02239990234375 -9.25733375549316 0.00000023841858 50004
811509743642914 214 -0.0836181640625 -8.44405364990234 0.00107049942017 60004
811541788132802 214 -1.89935302734375 5.33956003189087 0.0128812789917 70004
811573832610863 214 1.9290771484375 -1.70289278030396 -0.01264953613281 80004
811605877095302 214 1.31976318359375 3.9537832736969 -0.00864887237549 90004
811317476738264 215 2.28577327728271 -5.06078481674194 -0.0145994508639 4
811349521222723 215 3.68367767333984 4.42269134521484 -0.02335870265961 10004
811381565706983 215 -3.2449951171875 2.78066349029541 0.02178573608398 20004
811413610190724 215 -3.68548583984375 1.80650067329407 0.02418541908264 30004
811445654686573 215 2.8233642578125 -5.35756492614746 -0.0181622505188 40004
811477699170084 215 -0.19046020507813 -8.89698791503906 0.00202512741089 50004
811509743642914 215 0.09490966796875 -8.11828327178955 -0.00005626678467 60004
811541788132802 215 -1.63836669921875 5.62706422805786 0.0106463432312 70004
811573832610863 215 1.99957275390625 -1.36854290962219 -0.01266193389893 80004
811605877095302 215 1.0582275390625 4.22894859313965 -0.00654411315918 90004
811317476738264 216 2.52994132041931 -4.83958148956299 -0.01572248712182 4
811349521222723 216 3.95276641845703 4.15847396850586 -0.02448165416718 10004
811381565706983 216 -3.08747863769531 3.13490390777588 0.0206606388092 20004
811413610190724 216 -3.45718383789063 2.1855103969574 0.02305793762207 30004
811445654686573 216 3.10952758789063 -5.04116868972778 -0.019287109375 40004
811477699170084 216 -0.22451782226563 -8.5068416595459 0.00202918052673 50004
811509743642914 216 0.24853515625 -7.78038883209229 -0.00118255615234 60004
811541788132803 216 0.15087890625 -8.98198127746582 0.00000190734863 70004
811573832610863 216 1.952880859375 -1.04317665100098 -0.01267004013062 80004
811605877095302 216 0.722412109375 4.39518976211548 -0.00447130203247 90004
811317476738264 217 2.74463701248169 -4.59343433380127 -0.01684553734958 4
811349521222723 217 4.17031097412109 3.86001229286194 -0.02672833204269 10004
811381565706983 217 -2.91879272460938 3.42524480819702 0.01953649520874 20004
811413610190724 217 -3.28524780273438 2.54230284690857 0.02193367481232 30004
811445654686573 217 3.41043090820313 -4.7380223274231 -0.02153873443604 40004
811477699170084 217 -0.1668701171875 -8.12992668151855 0.00203490257263 50004
811509743642914 217 0.45660400390625 -7.48338508605957 -0.00230479240417 60004
811541788132803 217 0.28265380859375 -8.64573860168457 -0.00111818313599 70004
811573832610863 217 1.92987060546875 -0.71237379312515 -0.01267957687378 80004
811605877095302 217 0.41156005859375 4.59773921966553 -0.00238180160522 90004
811317476738264 218 2.90990614891052 -4.27721548080444 -0.01796853356063 4
811349521222723 218 4.34670257568359 3.50044202804565 -0.02785193920135 10004
811381565706983 218 -2.69084167480469 3.66240501403809 0.01841044425964 20004
811413610190724 218 -3.17428588867188 2.9175226688385 0.02080917358398 30004
811445654686573 218 3.7369384765625 -4.42030382156372 -0.02378964424133 40004
811477699170084 218 -0.01101684570313 -7.76075887680054 0.00092053413391 50004
811509743642914 218 0.7406005859375 -7.20933771133423 -0.00454592704773 60004
811541788132803 218 0.32427978515625 -8.3339900970459 -0.00111627578735 70004
811573832610863 218 1.941162109375 -0.35578680038452 -0.01269054412842 80004
811605877095302 218 0.1612548828125 4.90816831588745 -0.00036573410034 90004
811317476738264 219 3.07146286964417 -3.95907640457153 -0.0190915632993 4
811349521222723 219 4.61083221435547 3.1953501701355 -0.02897536754608 10004
811381565706983 219 -2.42854309082031 3.98651695251465 0.0161634683609 20004
811413610190724 219 -2.8935546875 3.30533242225647 0.01968479156494 30004
811445654686573 219 4.04830932617188 -4.08711290359497 -0.02604079246521 40004
811477699170084 219 0.24761962890625 -7.42479848861694 -0.0013222694397 50004
811509743642914 219 0.9730224609375 -6.88854455947876 -0.00566363334656 60004
811541788132803 219 0.23736572265625 -7.86627769470215 -0.00111484527588 70004
811573832610863 219 1.827880859375 -0.02361630648375 -0.01269769668579 80004
811605877095302 219 0.0323486328125 5.29191160202026 -0.00036954879761 90004
811317476738264 220 3.27279543876648 -3.69240355491638 -0.02021458931267 4
811349521222723 220 4.94963836669922 3.03203415870667 -0.03136849403381 10004
811381565706983 220 -2.17660522460938 4.28513145446777 0.01504039764404 20004
811413610190724 220 -2.58590698242188 3.63182044029236 0.01743793487549 30004
811445654686573 220 4.3280029296875 -3.76484370231628 -0.02716088294983 40004
811477699170084 220 0.48809814453125 -7.10814666748047 -0.00244283676147 50004
811509743642914 220 1.28521728515625 -6.68994617462158 -0.00790619850159 60004
811541788132803 220 -0.0098876953125 -7.4984130859375 0.00089550018311 70004
811573832610863 220 1.8370361328125 0.14380826056004 -0.01162815093994 80004
811605877095303 220 0.1324462890625 -9.02124786376953 -0.00000667572021 90004
811317476738264 221 3.41729044914246 -3.37258076667786 -0.02133758552372 4
811349521222723 221 5.26232147216797 2.81892561912537 -0.0336149930954 10004
811381565706983 221 -2.00703430175781 4.65579223632813 0.01391434669495 20004
811413610190724 221 -2.36514282226563 4.04459524154663 0.01631784439087 30004
811445654686573 221 4.69021606445313 -3.49995923042297 -0.02955627441406 40004
811477699170084 221 0.77908325195313 -6.80164623260498 -0.00468635559082 50004
811509743642914 221 1.55316162109375 -6.40817546844482 -0.00903654098511 60004
811541788132803 221 -0.1678466796875 -7.06096458435059 0.00089645385742 70004
811573832610863 221 1.8543701171875 0.24330632388592 -0.01163578033447 80004
811605877095303 221 0.189208984375 -8.69835662841797 -0.00113248825073 90004
811317476738264 222 3.53868675231934 -3.09150075912476 -0.02246060594916 4
811349521222723 222 5.47808074951172 2.57552695274353 -0.03473949432373 10004
811381565706983 222 -1.87113952636719 4.98668766021729 0.01278829574585 20004
811413610190724 222 -2.19183349609375 4.40708494186401 0.01519227027893 30004
811445654686573 222 5.00863647460938 -3.27272629737854 -0.03180646896362 40004
811477699170084 222 1.0396728515625 -6.53897476196289 -0.00580716133118 50004
811509743642914 222 1.7073974609375 -6.10512447357178 -0.01016592979431 60004
811541788132803 222 -0.291259765625 -6.6718921661377 0.00089836120605 70004
811573832610863 222 1.85498046875 0.33995121717453 -0.01164436340332 80004
811605877095303 222 0.2373046875 -8.39431571960449 -0.00113439559937 90004
811317476738264 223 3.7594096660614 -2.84013772010803 -0.02358363009989 4
811349521222723 223 5.63243103027344 2.23013067245483 -0.03586411476135 10004
811381565706983 223 -1.6182861328125 5.28492784500122 0.01054072380066 20004
811413610190724 223 -1.90606689453125 4.70426654815674 0.01294326782227 30004
811445654686573 223 5.26364135742188 -2.9294536113739 -0.03293538093567 40004
811477699170084 223 1.28689575195313 -6.22817468643188 -0.00804448127747 50004
811509743642914 223 1.7664794921875 -5.73836994171143 -0.01129555702209 60004
811541788132803 223 -0.55120849609375 -6.30907154083252 0.00293588638306 70004
811573832610863 223 1.818359375 0.56496202945709 -0.01165103912354 80004
811605877095303 223 0.41766357421875 -8.00836372375488 -0.00226306915283 90004
811317476738264 224 3.96634340286255 -2.57735681533813 -0.02470659650862 4
811349521222723 224 5.63706207275391 1.85404396057129 -0.03586441278458 10004
811381565706983 224 -1.37934875488281 5.59389591217041 0.00941717624664 20004
811413610190724 224 -1.72723388671875 5.11131048202515 0.01181745529175 30004
811445654686573 224 5.37945556640625 -2.52006793022156 -0.0340678691864 40004
811477699170084 224 1.38967895507813 -5.84674549102783 -0.00803542137146 50004
811509743642914 224 1.73187255859375 -5.49502277374268 -0.01129937171936 60004
811541788132803 224 -0.64544677734375 -5.87563514709473 0.00496006011963 70004
811573832610863 224 1.6817626953125 0.86937272548676 -0.01165771484375 80004
811605877095303 224 0.4296875 -7.58517456054688 -0.00226306915283 90004
811317476738264 225 4.13467264175415 -2.26614260673523 -0.02582963183522 4
811349521222723 225 5.52445983886719 1.47589552402496 -0.0358647108078 10004
811381565706984 225 0.01373291015625 -9.02455139160156 -0.00000023841858 20004
811413610190724 225 -1.43869018554688 5.47967958450317 0.00957071781158 30004
811445654686573 225 5.60052490234375 -2.13262629508972 -0.03519725799561 40004
811477699170084 225 1.43399047851563 -5.42720603942871 -0.00915145874023 50004
811509743642914 225 1.71234130859375 -5.15368843078613 -0.01130294799805 60004
811541788132803 225 -0.76568603515625 -5.57930278778076 0.00496768951416 70004
811573832610863 225 1.533935546875 1.20214819908142 -0.00964784622192 80004
811605877095303 225 0.5491943359375 -7.15753364562988 -0.0033860206604 90004
811317476738264 226 4.29806995391846 -1.98014330863953 -0.02695264667273 4
811349521222723 226 5.31641387939453 1.16956257820129 -0.03380143642426 10004
811381565706984 226 -0.02571105957031 -8.61357975006104 -0.00000047683716 20004
811413610190725 226 0.05035400390625 -9.19728088378906 0 30004
811445654686573 226 5.8126220703125 -1.77253496646881 -0.03631567955017 40004
811477699170084 226 1.50051879882813 -5.04383134841919 -0.00914478302002 50004
811509743642914 226 1.76025390625 -4.79333543777466 -0.01130771636963 60004
811541788132803 226 -0.875244140625 -5.40908145904541 0.00497531890869 70004
811573832610863 226 1.3624267578125 1.49128317832947 -0.0096549987793 80004
811605877095303 226 0.7481689453125 -6.78339052200317 -0.00450611114502 90004
811317476738264 227 4.53040504455566 -1.73947954177856 -0.028075652197 4
811349521222723 227 5.02281188964844 0.93106400966644 -0.03178429603577 10004
811381565706984 227 -0.18501281738281 -8.22321224212646 0.00206565856934 20004
811413610190725 227 0.201416015625 -8.87298393249512 -0.00112366676331 30004
811445654686573 227 5.91513061523438 -1.3576580286026 -0.03744077682495 40004
811477699170084 227 1.6785888671875 -4.68855667114258 -0.01026105880737 50004
811509743642914 227 1.91314697265625 -4.45484066009521 -0.011314868927 60004
811541788132803 227 -0.94207763671875 -5.26123809814453 0.00498342514038 70004
811573832610863 227 1.1207275390625 1.73246026039124 -0.00762557983398 80004
811605877095303 227 0.988037109375 -6.43286514282227 -0.00562620162964 90004
811317476738264 228 4.8105616569519 -1.51849770545959 -0.03032170794904 4
811349521222723 228 4.6895751953125 0.70349615812302 -0.02993005514145 10004
811381565706984 228 -0.19380187988281 -7.77344846725464 0.00206315517426 20004
811413610190725 228 0.314208984375 -8.55062675476074 -0.00112104415894 30004
811445654686573 228 5.82723999023438 -0.91038882732391 -0.03744220733643 40004
811477699170084 228 1.9735107421875 -4.38399124145508 -0.01250267028809 50004
811509743642914 228 2.14459228515625 -4.15330410003662 -0.01356816291809 60004
811541788132803 228 -0.95867919921875 -4.8511962890625 0.00701713562012 70004
811573832610863 228 1.0054931640625 2.04803109169006 -0.00562620162964 80004
811605877095303 228 1.167724609375 -6.0165901184082 -0.0067343711853 90004
811317476738264 229 5.00098848342896 -1.22425305843353 -0.03144475445151 4
811349521222723 229 4.45101928710938 0.38687172532082 -0.02789014577866 10004
811381565706984 229 -0.29400634765625 -7.33821058273315 0.00206089019775 20004
811413610190725 229 0.3138427734375 -8.18520545959473 -0.00111949443817 30004
811445654686573 229 5.60379028320313 -0.52242863178253 -0.03536415100098 40004
811477699170084 229 2.3189697265625 -4.14280891418457 -0.01474499702454 50004
811509743642914 229 2.36505126953125 -3.8291711807251 -0.01469564437866 60004
811541788132803 229 -1.12689208984375 -4.43143844604492 0.00702476501465 70004
811573832610863 229 1.0001220703125 2.39920735359192 -0.00562858581543 80004
811605877095303 229 1.40753173828125 -5.63384628295898 -0.00896024703979 90004
811317476738264 230 5.13451385498047 -0.91014784574509 -0.03256782144308 4
811349521222723 230 4.22509002685547 0.13076734542847 -0.02789062261581 10004
811381565706984 230 -0.37261962890625 -6.89848327636719 0.00205850601196 20004
811413610190725 230 0.2928466796875 -7.8044867515564 -0.00111830234528 30004
811445654686573 230 5.27011108398438 -0.22827422618866 -0.03331995010376 40004
811477699170084 230 2.61703491210938 -3.85645484924316 -0.0158634185791 50004
811509743642914 230 2.56036376953125 -3.48535633087158 -0.01581811904907 60004
811541788132803 230 -1.40740966796875 -4.05466461181641 0.00904226303101 70004
811573832610863 230 0.9981689453125 2.76206707954407 -0.00562953948975 80004
811605877095303 230 1.69500732421875 -5.28418731689453 -0.01007509231567 90004
811317476738264 231 5.20507335662842 -0.58928656578064 -0.03256781026721 4
811349521222723 231 3.94851684570313 -0.03257344290614 -0.02607083320618 10004
811381565706984 231 -0.44580078125 -6.46273422241211 0.00205659866333 20004
811413610190725 231 0.2772216796875 -7.42367696762085 -0.00111734867096 30004
811445654686573 231 4.90866088867188 0.02207196503878 -0.03123307228088 40004
811477699170084 231 2.84786987304688 -3.50146865844727 -0.01810503005981 50004
811509743642914 231 2.75390625 -3.14114284515381 -0.01694893836975 60004
811541788132803 231 -1.70697021484375 -3.69570064544678 0.01110982894897 70004
811573832610863 231 1.0020751953125 3.1199676990509 -0.00563097000122 80004
811605877095303 231 1.9658203125 -4.93088340759277 -0.01231098175049 90004
811317476738264 232 5.17005348205566 -0.25663334131241 -0.03256778791547 4
811349521222723 232 3.59956359863281 -0.17856429517269 -0.0222395658493 10004
811381565706984 232 -0.64605712890625 -6.0915994644165 0.00407111644745 20004
811413610190725 232 0.2296142578125 -7.06906032562256 -0.00111615657806 30004
811445654686573 232 4.67520141601563 0.34178677201271 -0.03123474121094 40004
811477699170084 232 3.05465698242188 -3.16210842132568 -0.01922369003296 50004
811509743642914 232 2.98681640625 -2.8514928817749 -0.01919651031494 60004
811541788132803 232 -1.8671875 -3.27926087379456 0.01111030578613 70004
811573832610863 232 1.1156005859375 3.44207239151001 -0.00675678253174 80004
811605877095303 232 2.101318359375 -4.52779388427734 -0.01342153549194 90004
811317476738264 233 5.09305858612061 -0.11024058610201 -0.03256779164076 4
811349521222723 233 3.24871826171875 -0.1751576513052 -0.02030432224274 10004
811381565706984 233 -0.93728637695313 -5.82945966720581 0.00615179538727 20004
811413610190725 233 0.05902099609375 -6.78439044952393 -0.00111484527588 30004
811445654686573 233 4.33547973632813 0.54194742441177 -0.02714037895203 40004
811477699170084 233 3.12124633789063 -2.79895806312561 -0.01921892166138 50004
811509743642914 233 3.26654052734375 -2.64810705184937 -0.02031946182251 60004
811541788132803 233 -2.0478515625 -2.90402293205261 0.01312160491943 70004
811573832610863 233 1.0946044921875 3.75821924209595 -0.00675868988037 80004
811605877095303 233 2.2452392578125 -4.15803003311157 -0.01341390609741 90004
811317476738264 234 5.01760053634644 -0.01958755776286 -0.03256779164076 4
811349521222723 234 2.91545104980469 -0.08711996674538 -0.01841098070145 10004
811381565706984 234 -1.16845703125 -5.52254438400269 0.00816738605499 20004
811413610190725 234 -0.09814453125 -6.49089574813843 0.00089359283447 30004
811445654686573 234 4.04315185546875 0.79933273792267 -0.02714014053345 40004
811477699170084 234 3.10992431640625 -2.43436193466187 -0.01921510696411 50004
811509743642914 234 3.54296875 -2.43947410583496 -0.02256441116333 60004
811541788132803 234 -2.20379638671875 -2.51894736289978 0.01312160491943 70004
811573832610863 234 1.0091552734375 4.0601601600647 -0.00675964355469 80004
811605877095303 234 2.3563232421875 -3.7785804271698 -0.01452875137329 90004
811317476738264 235 4.92551565170288 0.06884292513132 -0.03256780281663 4
811349521222723 235 2.57786560058594 0.12307994812727 -0.01653492450714 10004
811381565706984 235 -1.35360717773438 -5.11258029937744 0.00816655158997 20004
811413610190725 235 -0.27056884765625 -6.15412855148315 0.00089013576508 30004
811445654686573 235 3.75015258789063 1.13976013660431 -0.02509880065918 40004
811477699170084 235 3.03961181640625 -2.01833629608154 -0.01921200752258 50004
811509743642914 235 3.86370849609375 -2.21610450744629 -0.02480983734131 60004
811541788132803 235 -2.3843994140625 -2.08603239059448 0.01513528823853 70004
811573832610863 235 0.82830810546875 4.37207555770874 -0.00471973419189 80004
811605877095303 235 2.4537353515625 -3.38104248046875 -0.01564311981201 90004
811317476738264 236 4.79239797592163 0.29033371806145 -0.03055068291724 4
811349521222723 236 2.34661865234375 0.42235466837883 -0.01446855068207 10004
811381565706984 236 -1.52180480957031 -4.72585487365723 0.01023757457733 20004
811413610190725 236 -0.51220703125 -5.89045667648315 0.0028920173645 30004
811445654686573 236 3.37640380859375 1.34612214565277 -0.02096366882324 40004
811477699170084 236 3.0570068359375 -1.62111186981201 -0.01920914649963 50004
811509743642914 236 4.22174072265625 -2.11618328094482 -0.02705144882202 60004
811541788132803 236 -2.6883544921875 -1.75978136062622 0.01721239089966 70004
811573832610863 236 0.57470703125 4.60127925872803 -0.00472068786621 80004
811605877095303 236 2.583740234375 -3.20235729217529 -0.0156364440918 90004
811317476738264 237 4.61314535140991 0.42876541614532 -0.03055068850517 4
811349521222723 237 2.24920654296875 0.75750261545181 -0.01446861028671 10004
811381565706984 237 -1.79692077636719 -4.45075416564941 0.01224410533905 20004
811413610190725 237 -0.71890258789063 -5.6284613609314 0.00491654872894 30004
811445654686573 237 3.150390625 1.61501586437225 -0.0209653377533 40004
811477699170084 237 2.947265625 -1.27047920227051 -0.01920676231384 50004
811509743642914 237 4.49591064453125 -1.91030716896057 -0.02817869186401 60004
811541788132803 237 -2.8394775390625 -1.37689661979675 0.01721239089966 70004
811573832610863 237 0.4346923828125 4.8836612701416 -0.00265121459961 80004
811605877095303 237 2.626708984375 -3.04305171966553 -0.01675176620483 90004
811317476738264 238 4.37527799606323 0.62329089641571 -0.02850762940943 4
811349521222723 238 2.10694122314453 1.08097267150879 -0.01446861028671 10004
811381565706984 238 -2.05506896972656 -4.0954761505127 0.01224255561829 20004
811413610190725 238 -0.99609375 -5.37458944320679 0.00696909427643 30004
811445654686573 238 2.872314453125 1.93770492076874 -0.01887631416321 40004
811477699170084 238 2.869384765625 -0.86000537872314 -0.01920366287231 50004
811509743642914 238 4.8175048828125 -1.68269371986389 -0.03042888641357 60004
811541788132803 238 -2.9342041015625 -0.91368365287781 0.01922988891602 70004
811573832610863 238 0.3175048828125 5.2276782989502 -0.00265169143677 80004
811605877095303 238 2.660888671875 -2.92850399017334 -0.01674270629883 90004
811317476738264 239 4.14676523208618 0.88892376422882 -0.02650202438235 4
811349521222723 239 1.93791961669922 1.36937522888184 -0.01239091157913 10004
811381565706984 239 -2.20379638671875 -3.67449712753296 0.01424884796143 20004
811413610190725 239 -1.302490234375 -5.1507830619812 0.00901663303375 30004
811445654686573 239 2.58377075195313 2.2839822769165 -0.01678133010864 40004
811477699170084 239 2.833984375 -0.44047427177429 -0.01920104026794 50004
811509743642914 239 5.1649169921875 -1.49339461326599 -0.03267765045166 60004
811541788132803 239 -3.0247802734375 -0.45623683929443 0.01922988891602 70004
811573832610863 239 0.2396240234375 5.58260536193848 -0.00064086914063 80004
811605877095303 239 2.7001953125 -2.82174968719482 -0.01673650741577 90004
811317476738264 240 4.01381158828735 1.21997201442719 -0.02650200203061 4
811349521222723 240 1.84917449951172 1.76302146911621 -0.01239097118378 10004
811381565706984 240 -2.26043701171875 -3.22822523117065 0.01424741744995 20004
811413610190725 240 -1.562744140625 -4.87143278121948 0.00901746749878 30004
811445654686573 240 2.39437866210938 2.69847202301025 -0.01478338241577 40004
811477699170084 240 2.71102905273438 -0.0345151424408 -0.01715993881226 50004
811509743642914 240 5.5262451171875 -1.33166289329529 -0.03492665290833 60004
811541788132803 240 -3.26153564453125 -0.04818907380104 0.02128219604492 70004
811573832610863 240 0.2064208984375 5.94549751281738 -0.00064086914063 80004
811605877095303 240 2.7548828125 -2.54009532928467 -0.01672649383545 90004
811317476738264 241 3.81901383399963 1.40239572525024 -0.02448953315616 4
811349521222723 241 1.61782073974609 2.06230759620667 -0.01037091016769 10004
811381565706984 241 -2.40370178222656 -2.94830465316772 0.01630020141602 20004
811413610190725 241 -1.78793334960938 -4.59351301193237 0.01110231876373 30004
811445654686573 241 2.06890869140625 2.97549414634705 -0.01266193389893 40004
811477699170084 241 2.6519775390625 0.35871553421021 -0.01715803146362 50004
811509743642914 241 5.77288818359375 -1.05277216434479 -0.03606128692627 60004
811541788132803 241 -3.48309326171875 0.14016439020634 0.02128601074219 70004
811573832610863 241 0.26043701171875 6.28286218643188 -0.00064468383789 80004
811605877095303 241 2.6751708984375 -2.12166357040405 -0.01672267913818 90004
811317476738264 242 3.66829442977905 1.67680668830872 -0.02448951452971 4
811349521222723 242 1.31549835205078 2.32406425476074 -0.00845277309418 10004
811381565706984 242 -2.62405395507813 -2.59843015670776 0.01629889011383 20004
811413610190725 242 -2.0802001953125 -4.35354566574097 0.01319420337677 30004
811445654686573 242 1.83016967773438 3.35279655456543 -0.01266145706177 40004
811477699170084 242 2.67828369140625 0.65493386983871 -0.01715326309204 50004
811509743642914 242 5.93121337890625 -0.69847655296326 -0.03718209266663 60004
811541788132803 242 -3.81744384765625 0.40162590146065 0.02338027954102 70004
811573832610863 242 0.41876220703125 6.60290145874023 -0.00176954269409 80004
811605877095303 242 2.5821533203125 -1.67693209648132 -0.01671886444092 90004
811317476738264 243 3.53809809684753 1.90778613090515 -0.02248147316277 4
811349521222723 243 1.06961059570313 2.5666069984436 -0.00647485256195 10004
811381565706984 243 -2.80784606933594 -2.2545530796051 0.01834690570831 20004
811413610190725 243 -2.31887817382813 -4.13059949874878 0.0152291059494 30004
811445654686573 243 1.6151123046875 3.67828774452209 -0.01061820983887 40004
811477699170084 243 2.70980834960938 0.84028321504593 -0.01715207099915 50004
811509743642914 243 5.984375 -0.42348363995552 -0.03830194473267 60004
811541788132803 243 -4.12091064453125 0.68258458375931 0.02553176879883 70004
811573832610863 243 0.6312255859375 6.83132028579712 -0.00401735305786 80004
811605877095303 243 2.5567626953125 -1.2883403301239 -0.01671314239502 90004
811317476738264 244 3.35808944702148 2.07634687423706 -0.02248147130013 4
811349521222723 244 0.88465118408203 2.89658641815186 -0.00647515058517 10004
811381565706984 244 -2.93533325195313 -1.85260152816772 0.01834535598755 20004
811413610190725 244 -2.50198364257813 -3.82338285446167 0.01522779464722 30004
811445654686573 244 1.28939819335938 3.95530986785889 -0.00848174095154 40004
811477699170084 244 2.69149780273438 0.99098402261734 -0.01715087890625 50004
811509743642914 244 5.95599365234375 -0.23995617032051 -0.03829956054688 60004
811541788132803 244 -4.39178466796875 1.0377984046936 0.02760457992554 70004
811573832610863 244 0.9241943359375 7.00705146789551 -0.00514316558838 80004
811605877095303 244 2.64373779296875 -0.87182515859604 -0.01670455932617 90004
811317476738264 245 3.20167112350464 2.34648537635803 -0.02046867460012 4
811349521222723 245 0.81905364990234 3.24352502822876 -0.00445318222046 10004
811381565706984 245 -3.20175170898438 -1.56292951107025 0.02045917510986 20004
811413610190725 245 -2.77835083007813 -3.63587188720703 0.01730978488922 30004
811445654686573 245 1.01528930664063 4.24513626098633 -0.00647950172424 40004
811477699170084 245 2.63723754882813 1.14734935760498 -0.01714897155762 50004
811509743642914 245 5.80731201171875 -0.01667966507375 -0.03829765319824 60004
811541788132803 245 -4.60394287109375 1.3959174156189 0.02962303161621 70004
811573832610863 245 1.2412109375 7.0401496887207 -0.00739097595215 80004
811605877095303 245 2.64288330078125 -0.47436529397964 -0.01670169830322 90004
811317476738264 246 3.00083041191101 2.55568504333496 -0.02046867460012 4
811349521222723 246 0.67064666748047 3.58476209640503 -0.00445318222046 10004
811381565706984 246 -3.38566589355469 -1.21899175643921 0.02249777317047 20004
811413610190725 246 -2.96109008789063 -3.4695999622345 0.01934456825256 30004
811445654686573 246 0.70968627929688 4.54332208633423 -0.00443768501282 40004
811477699170084 246 2.45742797851563 1.37715065479279 -0.01510787010193 50004
811509743642914 246 5.5543212890625 0.19480158388615 -0.0362606048584 60004
811541788132803 246 -4.72113037109375 1.81571996212006 0.02962875366211 70004
811573832610863 246 1.57220458984375 6.98746395111084 -0.00964879989624 80004
811605877095303 246 2.70404052734375 -0.05635917186737 -0.01669502258301 90004
811317476738264 247 2.75076675415039 2.74023103713989 -0.01838397979736 4
811349521222723 247 0.47511291503906 3.9364013671875 -0.00243097543716 10004
811381565706984 247 -3.56607055664063 -0.84685599803925 0.02249753475189 20004
811413610190725 247 -3.07498168945313 -3.29523682594299 0.01934421062469 30004
811445654686573 247 0.42544555664063 4.88777923583984 -0.00241541862488 40004
811477699170084 247 2.2320556640625 1.67265427112579 -0.01510739326477 50004
811509743642914 247 5.24725341796875 0.43463736772537 -0.03415322303772 60004
811541788132803 247 -4.7349853515625 2.2886917591095 0.03070878982544 70004
811573832610863 247 1.89154052734375 6.82657337188721 -0.01190996170044 80004
811605877095303 247 2.7734375 0.38818395137787 -0.01781129837036 90004
811317476738264 248 2.49128818511963 2.95119452476501 -0.01632776483893 4
811349521222723 248 0.32908630371094 4.28538608551025 -0.00243186950684 10004
811381565706984 248 -3.85162353515625 -0.53649014234543 0.02452170848846 20004
811413610190725 248 -3.18075561523438 -3.08715105056763 0.02138221263885 30004
811445654686573 248 0.26339721679688 5.28324413299561 -0.00241589546204 40004
811477699170084 248 2.1295166015625 1.96227741241455 -0.01307988166809 50004
811509743642914 248 5.02203369140625 0.72957664728165 -0.03207898139954 60004
811541788132803 248 -4.6800537109375 2.73108816146851 0.03073167800903 70004
811573832610863 248 2.13690185546875 6.5890941619873 -0.01304626464844 80004
811605877095303 248 2.75604248046875 0.81370389461517 -0.01780891418457 90004
811317476738264 249 2.41342282295227 3.11162805557251 -0.01632774807513 4
811349521222723 249 0.03069305419922 4.55691623687744 -0.00033646821976 10004
811381565706984 249 -4.07124328613281 -0.14394842088223 0.02654385566711 20004
811413610190725 249 -3.48202514648438 -2.85254335403442 0.02138197422028 30004
811445654686573 249 0.03292846679688 5.49602794647217 -0.00038290023804 40004
811477699170084 249 2.1700439453125 2.38442730903625 -0.01307606697083 50004
811509743642914 249 4.67144775390625 0.91301494836807 -0.02999067306519 60004
811541788132803 249 -4.45513916015625 3.08752965927124 0.02962589263916 70004
811573832610863 249 2.26641845703125 6.24882316589355 -0.0141806602478 80004
811605877095303 249 2.59588623046875 1.23921096324921 -0.01780462265015 90004
811317476738264 250 2.20367026329041 3.30644559860229 -0.01425251923501 4
811349521222723 250 -0.1510009765625 4.88071060180664 0.00166440010071 10004
811381565706984 250 -4.33355712890625 0.18355813622475 0.02860927581787 20004
811413610190725 250 -3.73263549804688 -2.59900569915771 0.02348721027374 30004
811445654686574 250 0.12588500976563 -9.03546142578125 -0.00000095367432 40004
811477699170084 250 2.16473388671875 2.76094794273376 -0.01307320594788 50004
811509743642914 250 4.3538818359375 1.10449194908142 -0.02790546417236 60004
811541788132803 250 -4.14617919921875 3.38371300697327 0.02739238739014 70004
811573832610863 250 2.41387939453125 5.94221878051758 -0.01530456542969 80004
811605877095303 250 2.5645751953125 1.6577365398407 -0.01577234268188 90004
811317476738264 251 1.98958909511566 3.55337429046631 -0.01224692352116 4
811349521222723 251 -0.33355712890625 5.17648315429688 0.00166404247284 10004
811381565706984 251 -4.53807067871094 0.48413425683975 0.02860867977142 20004
811413610190725 251 -3.929931640625 -2.39218521118164 0.02549624443054 30004
811445654686574 251 0.2288818359375 -8.65217018127441 -0.00112676620483 40004
811477699170084 251 2.07684326171875 3.12275719642639 -0.01307153701782 50004
811509743642914 251 4.02532958984375 1.27207851409912 -0.02588391304016 60004
811541788132803 251 -3.90185546875 3.63350391387939 0.02515745162964 70004
811573832610863 251 2.51446533203125 5.62448501586914 -0.01530742645264 80004
811605877095303 251 2.50396728515625 2.06960344314575 -0.01576852798462 90004
811317476738264 252 1.81869471073151 3.86233305931091 -0.01224691234529 4
811349521222724 252 0.02142333984375 -9.25942420959473 0 10004
811381565706984 252 -4.64218139648438 0.79887908697128 0.03061723709106 20004
811413610190725 252 -4.06915283203125 -2.24940919876099 0.02549755573273 30004
811445654686574 252 0.25177001953125 -8.22404670715332 -0.00113010406494 40004
811477699170084 252 1.86264038085938 3.48600649833679 -0.01306939125061 50004
811509743642914 252 3.66241455078125 1.41953110694885 -0.02377772331238 60004
811541788132803 252 -3.7943115234375 3.83651399612427 0.02516889572144 70004
811573832610863 252 2.5469970703125 5.26452350616455 -0.01530981063843 80004
811605877095303 252 2.31280517578125 2.48098373413086 -0.01576471328735 90004
811317476738264 253 1.55921912193298 4.07329559326172 -0.01021330617368 4
811349521222724 253 0.18210601806641 -8.91478824615479 -0.0011237859726 10004
811381565706984 253 -4.81413269042969 1.1839040517807 0.03061485290527 20004
811413610190725 253 -4.1744384765625 -2.00753831863403 0.02751135826111 30004
811445654686574 253 0.42343139648438 -7.85597324371338 -0.00225400924683 40004
811477699170084 253 1.57333374023438 3.75870132446289 -0.01104974746704 50004
811509743642914 253 3.39508056640625 1.67763829231262 -0.02172660827637 60004
811541788132803 253 -3.65423583984375 3.9526572227478 0.02405738830566 70004
811573832610863 253 2.68524169921875 4.9531512260437 -0.01643514633179 80004
811605877095303 253 2.064697265625 2.82807230949402 -0.01373672485352 90004
811317476738264 254 1.30114340782166 4.31917381286621 -0.00815219711512 4
811349521222724 254 0.21438598632813 -8.51630973815918 -0.00112497806549 10004
811381565706984 254 -4.869384765625 1.62579762935638 0.03061258792877 20004
811413610190725 254 -4.37799072265625 -1.70841312408447 0.027512550354 30004
811445654686574 254 0.72286987304688 -7.56006574630737 -0.00450253486633 40004
811477699170084 254 1.43728637695313 4.00819206237793 -0.0089373588562 50004
811509743642914 254 3.1138916015625 1.95657277107239 -0.01967597007751 60004
811541788132803 254 -3.36993408203125 4.21585702896118 0.02182388305664 70004
811573832610863 254 2.75653076171875 4.59832048416138 -0.01756048202515 80004
811605877095303 254 1.90478515625 3.17227411270142 -0.01170587539673 90004
811317476738264 255 1.02305960655212 4.53996515274048 -0.00612445455045 4
811349521222724 255 0.27156829833984 -8.11793518066406 -0.0011265873909 10004
811381565706984 255 -4.78678894042969 2.05736064910889 0.03060948848724 20004
811413610190725 255 -4.54690551757813 -1.37053787708282 0.02959179878235 30004
811445654686574 255 0.962158203125 -7.24479198455811 -0.00563287734985 40004
811477699170084 255 1.32708740234375 4.1891074180603 -0.00893187522888 50004
811509743642914 255 2.9149169921875 2.2882444858551 -0.01967525482178 60004
811541788132803 255 -3.131591796875 4.59310150146484 0.02070665359497 70004
811573832610863 255 2.8931884765625 4.27051067352295 -0.0175633430481 80004
811605877095303 255 1.7591552734375 3.5608696937561 -0.01170206069946 90004
811317476738264 256 0.77615803480148 4.74083471298218 -0.00612444942817 4
811349521222724 256 0.32277679443359 -7.74821758270264 -0.00112742185593 10004
811381565706984 256 -4.58988952636719 2.42168474197388 0.0306054353714 20004
811413610190725 256 -4.69924926757813 -1.0540976524353 0.0295912027359 30004
811445654686574 256 1.1640625 -6.93781042098999 -0.00676298141479 40004
811477699170084 256 1.21527099609375 4.37602567672729 -0.00892734527588 50004
811509743642914 256 2.78656005859375 2.57899308204651 -0.01766681671143 60004
811541788132803 256 -2.92156982421875 4.97727251052856 0.0195837020874 70004
811573832610863 256 3.09698486328125 3.99788641929626 -0.0198221206665 80004
811605877095303 256 1.6256103515625 3.96498727798462 -0.00966262817383 90004
811317476738264 257 0.61597502231598 4.98488903045654 -0.004056237638 4
811349521222724 257 0.25358581542969 -7.37432479858398 -0.00112813711166 10004
811381565706984 257 -4.28294372558594 2.71065878868103 0.02835786342621 20004
811413610190725 257 -4.94827270507813 -0.79720175266266 0.0316344499588 30004
811445654686574 257 1.47967529296875 -6.68302917480469 -0.00901293754578 40004
811477699170084 257 1.108154296875 4.72889709472656 -0.00687885284424 50004
811509743642914 257 2.6556396484375 2.71013522148132 -0.01767206192017 60004
811541788132803 257 -2.5947265625 5.2811131477356 0.01733684539795 70004
811573832610863 257 3.3377685546875 3.75599050521851 -0.02095937728882 80004
811605877095303 257 1.52008056640625 4.37751817703247 -0.00965929031372 90004
811317476738264 258 0.49930971860886 5.06666564941406 -0.00405623065308 4
811349521222724 258 0.08904266357422 -7.00451374053955 -0.00112897157669 10004
811381565706984 258 -4.10614013671875 3.12164068222046 0.02723240852356 20004
811413610190725 258 -5.08206176757813 -0.4419829249382 0.03163385391235 30004
811445654686574 258 1.71270751953125 -6.31969547271729 -0.01014351844788 40004
811477699170084 258 1.1568603515625 5.14597702026367 -0.00686931610107 50004
811509743642914 258 2.5201416015625 3.06766533851624 -0.01567053794861 60004
811541788132803 258 -2.42919921875 5.47178602218628 0.01621294021606 70004
811573832610863 258 3.42523193359375 3.5432403087616 -0.02097463607788 80004
811605877095303 258 1.4150390625 4.81959676742554 -0.00965547561646 90004
811317476738264 259 0.32850739359856 5.22820281982422 -0.00204552174546 4
811349521222724 259 -0.07787322998047 -6.66296720504761 0.00093173980713 10004
811381565706984 259 -3.84910583496094 3.44486236572266 0.02498435974121 20004
811413610190725 259 -5.095947265625 -0.09199498593807 0.03367102146149 30004
811445654686574 259 1.88070678710938 -5.95159864425659 -0.01126766204834 40004
811477699170084 259 1.31982421875 5.49902009963989 -0.00798273086548 50004
811509743642914 259 2.30255126953125 3.35878396034241 -0.01567006111145 60004
811541788132803 259 -2.12738037109375 5.68323469161987 0.01396703720093 70004
811573832610863 259 3.45208740234375 3.24998068809509 -0.02210712432861 80004
811605877095303 259 1.34881591796875 5.23979043960571 -0.00965070724487 90004
811317476738265 260 0.03311033174396 -9.17759418487549 0.0000000000291 4
811349521222724 260 -0.22012329101563 -6.28701448440552 0.00093072652817 10004
811381565706984 260 -3.58192443847656 3.79419851303101 0.0238584280014 20004
811413610190725 260 -4.99728393554688 0.26812827587128 0.03254592418671 30004
811445654686574 260 2.09506225585938 -5.58624696731567 -0.01239061355591 40004
811477699170084 260 1.59896850585938 5.80474328994751 -0.01021909713745 50004
811509743642914 260 1.98785400390625 3.58429312705994 -0.01366424560547 60004
811541788132803 260 -1.72918701171875 5.89675760269165 0.01172780990601 70004
811573832610863 260 3.51446533203125 2.89917826652527 -0.02211618423462 80004
811605877095303 260 1.3685302734375 5.68344831466675 -0.00874948501587 90004
811317476738265 261 0.13836935162544 -8.84549236297607 0.00000000058208 4
811349521222724 261 -0.31436157226563 -5.89583444595337 0.00092989206314 10004
811381565706984 261 -3.39506530761719 4.19833040237427 0.02273201942444 20004
811413610190725 261 -4.81036376953125 0.60003077983856 0.03142094612122 30004
811445654686574 261 2.38772583007813 -5.27274084091187 -0.01463890075684 40004
811477699170084 261 1.94235229492188 6.00378561019897 -0.01246118545532 50004
811509743642914 261 1.62725830078125 3.73745465278625 -0.01156330108643 60004
811541788132804 261 0.0074462890625 -9.25773811340332 0 70004
811573832610863 261 3.65350341796875 2.56643843650818 -0.02324771881104 80004
811605877095303 261 1.53302001953125 6.10191965103149 -0.00986385345459 90004
811317476738265 262 0.34840261936188 -8.59094047546387 -0.00112304487266 4
811349521222724 262 -0.51975250244141 -5.57585573196411 0.0029673576355 10004
811381565706984 262 -3.08772277832031 4.48730087280273 0.02048313617706 20004
811413610190725 262 -4.69775390625 0.93972450494766 0.03029584884644 30004
811445654686574 262 2.53414916992188 -4.89376974105835 -0.01576828956604 40004
811477699170084 262 2.15292358398438 6.0289626121521 -0.01358127593994 50004
811509743642914 262 1.3648681640625 3.99973893165588 -0.00954103469849 60004
811541788132804 262 0.06329345703125 -8.90042495727539 0.00000190734863 70004
811573832610863 262 3.6580810546875 2.22486090660095 -0.02324724197388 80004
811605877095303 262 1.82391357421875 6.41146802902222 -0.01097869873047 90004
811317476738265 263 0.47248890995979 -8.39171314239502 -0.00224608555436 4
811349521222724 263 -0.60155487060547 -5.21042060852051 0.00296723842621 10004
811381565706984 263 -2.90155029296875 4.85846853256226 0.01935923099518 20004
811413610190725 263 -4.51382446289063 1.24392938613892 0.0291713476181 30004
811445654686574 263 2.794189453125 -4.59007215499878 -0.01689338684082 40004
811477699170084 263 2.4969482421875 5.93477773666382 -0.01582360267639 50004
811509743642914 263 1.14678955078125 4.29827260971069 -0.00751233100891 60004
811541788132804 263 0.212158203125 -8.57436561584473 -0.00111722946167 70004
811573832610863 263 3.77764892578125 1.91037726402283 -0.02324724197388 80004
811605877095303 263 2.0386962890625 6.53615427017212 -0.01209449768066 90004
811317476738265 264 0.57565420866013 -8.19434070587158 -0.00336912460625 4
811349521222724 264 -0.69417572021484 -4.84451341629028 0.00497007369995 10004
811381565706984 264 -2.67503356933594 5.20223712921143 0.01823377609253 20004
811413610190725 264 -4.3662109375 1.56357002258301 0.02916932106018 30004
811445654686574 264 3.01406860351563 -4.26056241989136 -0.01914048194885 40004
811477699170084 264 2.83267211914063 5.74167537689209 -0.0180652141571 50004
811509743642914 264 0.88787841796875 4.55139780044556 -0.00545930862427 60004
811541788132804 264 0.4193115234375 -8.28140735626221 -0.00223445892334 70004
811573832610863 264 3.85888671875 1.58686149120331 -0.02436923980713 80004
811605877095303 264 2.32305908203125 6.56736421585083 -0.01433086395264 90004
811317476738265 265 0.7153844833374 -7.97140407562256 -0.00449216458946 4
811349521222724 265 -0.86542510986328 -4.48061990737915 0.00497019290924 10004
811381565706984 265 -2.32872009277344 5.4790940284729 0.01598715782166 20004
811413610190725 265 -4.27435302734375 1.93401277065277 0.02804410457611 30004
811445654686574 265 3.18548583984375 -3.88309645652771 -0.02027058601379 40004
811477699170084 265 3.1129150390625 5.43208074569702 -0.01918363571167 50004
811509743642914 265 0.58538818359375 4.7558069229126 -0.00340747833252 60004
811541788132804 265 0.67529296875 -7.9934287071228 -0.00335550308228 70004
811573832610863 265 3.89251708984375 1.22928404808044 -0.02436923980713 80004
811605877095303 265 2.73162841796875 6.50712728500366 -0.01657056808472 90004
811317476738265 266 0.96417719125748 -7.77130937576294 -0.00561520364136 4
811349521222724 266 -1.11367797851563 -4.19266080856323 0.00704842805862 10004
811381565706984 266 -1.92839050292969 5.61117315292358 0.01261651515961 20004
811413610190725 266 -4.18600463867188 2.28073620796204 0.02804160118103 30004
811445654686574 266 3.42764282226563 -3.64466953277588 -0.02139902114868 40004
811477699170084 266 3.26077270507813 5.06298017501831 -0.0203013420105 50004
811509743642914 266 0.45355224609375 4.95073556900024 -0.00340485572815 60004
811541788132804 266 0.884033203125 -7.69779205322266 -0.00559711456299 70004
811573832610863 266 4.04083251953125 0.92157411575317 -0.02549123764038 80004
811605877095303 266 3.10516357421875 6.30475282669067 -0.01993846893311 90004
811317476738265 267 1.12358593940735 -7.48798608779907 -0.00673823896796 4
811349521222724 267 -1.23629760742188 -3.83714485168457 0.00704765319824 10004
811381565706984 267 -1.60870361328125 5.87922477722168 0.01036834716797 20004
811413610190725 267 -4.05361938476563 2.47408723831177 0.02691960334778 30004
811445654686574 267 3.56427001953125 -3.33263087272644 -0.02252817153931 40004
811477699170084 267 3.53082275390625 4.77683305740356 -0.02254199981689 50004
811509743642914 267 0.31298828125 5.07189130783081 -0.00137853622437 60004
811541788132804 267 1.04742431640625 -7.37565517425537 -0.00671577453613 70004
811573832610863 267 4.21533203125 0.62797737121582 -0.02661418914795 80004
811605877095303 267 3.37567138671875 5.98157453536987 -0.02106618881226 90004
811317476738265 268 1.2258505821228 -7.15478706359863 -0.00786127150059 4
811349521222724 268 -1.43344116210938 -3.49360060691834 0.00908136367798 10004
811381565706985 268 -0.103271484375 -9.08381366729736 -0.00000011920929 20004
811413610190725 268 -3.9356689453125 2.76134061813354 0.02579843997955 30004
811445654686574 268 3.76873779296875 -2.98826766014099 -0.02365756034851 40004
811477699170084 268 3.8134765625 4.46175193786621 -0.02366185188293 50004
811509743642914 268 0.0869140625 5.15904140472412 -0.00137948989868 60004
811541788132804 268 1.2864990234375 -7.08563804626465 -0.00782632827759 70004
811573832610863 268 4.4227294921875 0.32791820168495 -0.02774333953857 80004
811605877095303 268 3.54473876953125 5.57181549072266 -0.02218580245972 90004
811317476738265 269 1.28279030323029 -6.87507677078247 -0.00786126684397 4
811349521222724 269 -1.64303588867188 -3.18485617637634 0.0111335515976 10004
811381565706985 269 -0.22933959960938 -8.7043285369873 0.00204980373383 20004
811413610190725 269 -3.81744384765625 3.08072924613953 0.02467656135559 30004
811445654686574 269 3.9732666015625 -2.64606142044067 -0.02478575706482 40004
811477699170084 269 4.01715087890625 4.12935400009155 -0.02477884292603 50004
811509743642914 269 -0.186767578125 5.26344633102417 0.00072431564331 60004
811541788132804 269 1.53302001953125 -6.83024501800537 -0.00894546508789 70004
811573832610863 269 4.59222412109375 0.03823891282082 -0.02887916564941 80004
811605877095303 269 3.63677978515625 5.15660905838013 -0.0233006477356 90004
811317476738265 270 1.33913457393646 -6.71998357772827 -0.00786126591265 4
811349521222724 270 -1.74637603759766 -2.81892991065979 0.01113337278366 10004
811381565706985 270 -0.22911071777344 -8.29680442810059 0.00204765796661 20004
811413610190725 270 -3.61648559570313 3.32494616508484 0.02354907989502 30004
811445654686574 270 4.06069946289063 -2.24948072433472 -0.02591300010681 40004
811477699170084 270 4.10687255859375 3.74224328994751 -0.0258960723877 50004
811509743642914 270 -0.4803466796875 5.49038982391357 0.00277328491211 60004
811541788132804 270 1.68829345703125 -6.50403118133545 -0.01006460189819 70004
811573832610863 270 4.6629638671875 -0.2961143553257 -0.03001260757446 80004
811605877095303 270 3.75030517578125 4.74665307998657 -0.02329349517822 90004
811317476738265 271 1.40630555152893 -6.38579607009888 -0.00898430868983 4
811349521222724 271 -1.96865844726563 -2.48123979568481 0.01315897703171 10004
811381565706985 271 -0.05708312988281 -7.9002947807312 0.00092196464539 20004
811413610190725 271 -3.415283203125 3.61548495292664 0.02242112159729 30004
811445654686574 271 3.97817993164063 -1.82662582397461 -0.02591514587402 40004
811477699170084 271 4.34677124023438 3.39574027061462 -0.02701330184937 50004
811509743642915 271 0.1593017578125 -8.96463203430176 -0.00000286102295 60004
811541788132804 271 1.9764404296875 -6.25263643264771 -0.01230812072754 70004
811573832610863 271 4.67034912109375 -0.66000270843506 -0.03001928329468 80004
811605877095303 271 3.88421630859375 4.31325054168701 -0.02440881729126 90004
811317476738265 272 1.532430768013 -6.08449697494507 -0.00898427888751 4
811349521222724 272 -2.08222198486328 -2.12680339813232 0.0131579041481 10004
811381565706985 272 0.20822143554688 -7.6025505065918 -0.00132524967194 20004
811413610190725 272 -3.21206665039063 3.79053425788879 0.02129459381104 30004
811445654686574 272 3.78375244140625 -1.4798412322998 -0.02385115623474 40004
811477699170084 272 4.57321166992188 3.06958961486816 -0.0292546749115 50004
811509743642915 272 0.2850341796875 -8.61121940612793 -0.00112771987915 60004
811541788132804 272 2.17205810546875 -5.95861148834229 -0.01342821121216 70004
811573832610863 272 4.7359619140625 -0.99223154783249 -0.03002786636353 80004
811605877095303 272 3.88909912109375 3.89640188217163 -0.02440309524536 90004
811317476738265 273 1.69690251350403 -5.79861688613892 -0.01010730490088 4
811349521222724 273 -2.12897491455078 -1.75014495849609 0.01315706968307 10004
811381565706985 273 0.47390747070313 -7.30480623245239 -0.00245034694672 20004
811413610190725 273 -3.00454711914063 3.97270393371582 0.02017295360565 30004
811445654686574 273 3.57867431640625 -1.13584673404694 -0.02385115623474 40004
811477699170084 273 4.80010986328125 2.74314570426941 -0.03037548065186 50004
811509743642915 273 0.4412841796875 -8.27811050415039 -0.00224947929382 60004
811541788132804 273 2.3084716796875 -5.64182949066162 -0.01454782485962 70004
811573832610863 273 4.78387451171875 -1.32321190834045 -0.03003740310669 80004
811605877095303 273 3.89398193359375 3.47955441474915 -0.02439785003662 90004
811317476738265 274 1.8859326839447 -5.50171804428101 -0.01123034954071 4
811349521222724 274 -2.15293121337891 -1.35206782817841 0.01315629482269 10004
811381565706985 274 0.66679382324219 -6.9180064201355 -0.00357568264008 20004
811413610190725 274 -2.78695678710938 4.27805185317993 0.01905035972595 30004
811445654686574 274 3.44058227539063 -0.72773104906082 -0.02185034751892 40004
811477699170084 274 5.03909301757813 2.39555263519287 -0.03149127960205 50004
811509743642915 274 0.69940185546875 -7.97429084777832 -0.00449085235596 60004
811541788132804 274 2.4248046875 -5.32650136947632 -0.01454496383667 70004
811573832610863 274 4.720947265625 -1.6800549030304 -0.03004455566406 80004
811605877095303 274 4.01678466796875 3.0470118522644 -0.02551317214966 90004
811317476738265 275 2.044508934021 -5.21230030059814 -0.01235338952392 4
811349521222724 275 -2.2926025390625 -1.08034813404083 0.01516765356064 10004
811381565706985 275 0.9788818359375 -6.6560583114624 -0.00582432746887 20004
811413610190725 275 -2.5411376953125 4.42394256591797 0.01680362224579 30004
811445654686574 275 3.168212890625 -0.42668437957764 -0.01981329917908 40004
811477699170084 275 5.11508178710938 2.00528764724731 -0.0326075553894 50004
811509743642915 275 0.808349609375 -7.61455297470093 -0.00448608398438 60004
811541788132804 275 2.67291259765625 -5.065354347229 -0.01677417755127 70004
811573832610863 275 4.5323486328125 -1.96490728855133 -0.03005027770996 80004
811605877095303 275 3.96368408203125 2.64990186691284 -0.02550935745239 90004
811317476738265 276 2.13406491279602 -4.89778184890747 -0.01347641926259 4
811349521222724 276 -2.41239166259766 -0.74157935380936 0.01516652107239 10004
811381565706985 276 1.1710205078125 -6.35345458984375 -0.00694990158081 20004
811413610190725 276 -2.327880859375 4.67963647842407 0.01568174362183 30004
811445654686574 276 3.00527954101563 -0.06264340877533 -0.01981616020203 40004
811477699170084 276 5.26693725585938 1.64109706878662 -0.0337245464325 50004
811509743642915 276 1.0213623046875 -7.31340408325195 -0.00560426712036 60004
811541788132804 276 2.87896728515625 -4.77061700820923 -0.01788663864136 70004
811573832610863 276 4.26910400390625 -2.17175197601318 -0.02801036834717 80004
811605877095303 276 4.04217529296875 2.24622225761414 -0.02550172805786 90004
811317476738265 277 2.22270441055298 -4.58127450942993 -0.01347639970481 4
811349521222724 277 -2.59917449951172 -0.39231187105179 0.01724326610565 10004
811381565706985 277 1.40342712402344 -6.03815937042236 -0.00807559490204 20004
811413610190725 277 -2.14956665039063 5.01403617858887 0.01455783843994 30004
811445654686574 277 2.84515380859375 0.26279258728027 -0.01777839660645 40004
811477699170084 277 5.38006591796875 1.24282312393188 -0.03372025489807 50004
811509743642915 277 1.2227783203125 -6.97762012481689 -0.00784587860107 60004
811541788132804 277 3.02069091796875 -4.41980981826782 -0.01900768280029 70004
811573832610863 277 3.93890380859375 -2.31325197219849 -0.02592706680298 80004
811605877095303 277 4.09173583984375 1.80553722381592 -0.02549505233765 90004
811317476738265 278 2.33993196487427 -4.31751728057861 -0.01459942851216 4
811349521222724 278 -2.84845733642578 -0.13299672305584 0.01919853687286 10004
811381565706985 278 1.70256042480469 -5.76290798187256 -0.01032423973083 20004
811413610190725 278 -2.0098876953125 5.33945846557617 0.01343202590942 30004
811445654686574 278 2.66839599609375 0.48759600520134 -0.01777815818787 40004
811477699170084 278 5.41506958007813 0.85112476348877 -0.0348379611969 50004
811509743642915 278 1.35211181640625 -6.62902021408081 -0.00785207748413 60004
811541788132804 278 3.0927734375 -4.06745433807373 -0.01900100708008 70004
811573832610863 278 3.60565185546875 -2.36727809906006 -0.02385330200195 80004
811605877095303 278 4.0445556640625 1.38283443450928 -0.02549123764038 90004
811317476738265 279 2.5354220867157 -4.02477264404297 -0.01572244800627 4
811349521222724 279 -3.07089233398438 -0.01029467582703 0.01919853687286 10004
811381565706985 279 1.96452331542969 -5.41599941253662 -0.01257085800171 20004
811413610190725 279 -1.74008178710938 5.6098747253418 0.01230573654175 30004
811445654686574 279 2.536865234375 0.90034055709839 -0.01576709747314 40004
811477699170084 279 5.60549926757813 0.47276782989502 -0.03595352172852 50004
811509743642915 279 1.618408203125 -6.33440351486206 -0.01010537147522 60004
811541788132804 279 3.26953125 -3.72434520721436 -0.02011871337891 70004
811573832610863 279 3.25018310546875 -2.28820323944092 -0.02185535430908 80004
811605877095303 279 4.0543212890625 0.92872142791748 -0.02548742294312 90004
811317476738265 280 2.74632906913757 -3.7713041305542 -0.01684548705816 4
811349521222724 280 -3.28289031982422 0.14642038941383 0.02126353979111 10004
811381565706985 280 2.23406982421875 -5.11086320877075 -0.01369392871857 20004
811413610190726 280 0.13925170898438 -8.99595642089844 -0.0000011920929 30004
811445654686574 280 2.28201293945313 1.21069669723511 -0.01576972007751 40004
811477699170084 280 5.6400146484375 0.08106955885887 -0.03594946861267 50004
811509743642915 280 1.898681640625 -6.08449602127075 -0.01123547554016 60004
811541788132804 280 3.4820556640625 -3.43243813514709 -0.02235984802246 70004
811573832610863 280 2.97088623046875 -2.09794998168945 -0.01985359191895 80004
811605877095303 280 3.9063720703125 0.53387022018433 -0.0254864692688 90004
811317476738265 281 2.94118475914001 -3.50601148605347 -0.01796850375831 4
811349521222724 281 -3.58001708984375 0.26644688844681 0.02320247888565 10004
811381565706985 281 2.43386840820313 -4.78879070281982 -0.01481962203979 20004
811413610190726 281 0.2113037109375 -8.6205883026123 -0.00112354755402 30004
811445654686574 281 2.08840942382813 1.55640292167664 -0.01375675201416 40004
811477699170084 281 5.56228637695313 -0.29936704039574 -0.03594613075256 50004
811509743642915 281 2.21856689453125 -5.89746427536011 -0.01348853111267 60004
811541788132804 281 3.7554931640625 -3.20897674560547 -0.02347612380981 70004
811573832610863 281 2.76043701171875 -1.83917379379272 -0.01784801483154 80004
811605877095303 281 3.6551513671875 0.20175796747208 -0.0234227180481 90004
811317476738265 282 3.15705394744873 -3.2358934879303 -0.02021459490061 4
811349521222724 282 -3.97216033935547 0.36716544628143 0.0251150727272 10004
811381565706985 282 2.62142944335938 -4.44266605377197 -0.01594483852386 20004
811413610190726 282 0.2232666015625 -8.2043514251709 -0.00112152099609 30004
811445654686574 282 1.91653442382813 1.94558072090149 -0.01175451278687 40004
811477699170084 282 5.35794067382813 -0.66259896755219 -0.0338191986084 50004
811509743642915 282 2.58673095703125 -5.74023580551147 -0.01573538780212 60004
811541788132804 282 4.0699462890625 -2.99829387664795 -0.02571439743042 70004
811573832610863 282 2.5931396484375 -1.51542472839355 -0.01582527160645 80004
811605877095303 282 3.29571533203125 -0.07066045701504 -0.02136087417603 90004
811317476738265 283 3.43526268005371 -3.05835461616516 -0.02133759856224 4
811349521222724 283 -4.32913970947266 0.49792060256004 0.0271372795105 10004
811381565706985 283 2.91818237304688 -4.16348743438721 -0.0181930065155 20004
811413610190726 283 0.28460693359375 -7.81771659851074 -0.0011191368103 30004
811445654686574 283 1.64141845703125 2.24415349960327 -0.00974678993225 40004
811477699170084 283 5.06170654296875 -0.92790877819061 -0.03178381919861 50004
811509743642915 283 2.91632080078125 -5.55729484558105 -0.01798677444458 60004
811541788132804 283 4.28887939453125 -2.7109649181366 -0.02682685852051 70004
811573832610863 283 2.4375 -1.21067214012146 -0.01582622528076 80004
811605877095303 283 2.908447265625 -0.24811317026615 -0.019287109375 90004
811317476738265 284 3.6955578327179 -2.85375571250916 -0.02358366921544 4
811349521222724 284 -4.48702239990234 0.64131844043732 0.02915000915527 10004
811381565706985 284 3.08880615234375 -3.76639080047607 -0.01931571960449 20004
811413610190726 284 0.1806640625 -7.41564512252808 -0.00111794471741 30004
811445654686574 284 1.31863403320313 2.53287291526794 -0.00768089294434 40004
811477699170084 284 4.80484008789063 -1.26487004756927 -0.03178000450134 50004
811509743642915 284 3.15887451171875 -5.24048566818237 -0.02023267745972 60004
811541788132804 284 4.47015380859375 -2.60449838638306 -0.02794408798218 70004
811573832610863 284 2.32366943359375 -0.8644061088562 -0.01582717895508 80004
811605877095303 284 2.45611572265625 -0.25716769695282 -0.01524209976196 90004
811317476738265 285 3.87774777412415 -2.59435749053955 -0.02470667287707 4
811349521222724 285 -4.57244873046875 0.7986279129982 0.02915000915527 10004
811381565706985 285 3.333251953125 -3.45008563995361 -0.02044129371643 20004
811413610190726 285 0.08087158203125 -7.13239431381226 -0.00111651420593 30004
811445654686574 285 1.10842895507813 2.87066912651062 -0.00768184661865 40004
811477699170084 285 4.52496337890625 -1.54415655136108 -0.02969717979431 50004
811509743642915 285 3.280029296875 -4.89280462265015 -0.02023220062256 60004
811541788132804 285 4.6500244140625 -2.41095972061157 -0.0290584564209 70004
811573832610863 285 2.13525390625 -0.58762121200562 -0.01380491256714 80004
811605877095303 285 2.05206298828125 -0.14565932750702 -0.01311683654785 90004
811317476738265 286 4.06663465499878 -2.33225297927856 -0.02582968585193 4
811349521222724 286 -4.61040496826172 0.9411393404007 0.02914983034134 10004
811381565706985 286 3.57513427734375 -3.13277316093445 -0.0226913690567 20004
811413610190726 286 -0.0006103515625 -6.84529542922974 0.00090074539185 30004
811445654686574 286 0.92440795898438 3.23112463951111 -0.00563979148865 40004
811477699170084 286 4.24615478515625 -1.82445573806763 -0.02768015861511 50004
811509743642915 286 3.37493896484375 -4.53058481216431 -0.02135515213013 60004
811541788132804 286 4.8651123046875 -2.19900918006897 -0.03129434585571 70004
811573832610863 286 1.96435546875 -0.36516118049622 -0.01179885864258 80004
811605877095303 286 1.6983642578125 0.06634936481714 -0.01109170913696 90004
811317476738265 287 4.33863592147827 -2.11185550689697 -0.02695270255208 4
811349521222724 287 -4.59288787841797 1.04759299755096 0.02914947271347 10004
811381565706985 287 3.73675537109375 -2.73158693313599 -0.02381575107574 20004
811413610190726 287 -0.06466674804688 -6.43377065658569 0.00089991092682 30004
811445654686574 287 0.69314575195313 3.59466075897217 -0.00354909896851 40004
811477699170084 287 4.00515747070313 -2.1721932888031 -0.02560091018677 50004
811509743642915 287 3.52911376953125 -4.1691255569458 -0.02247738838196 60004
811541788132804 287 5.1473388671875 -2.04157829284668 -0.03240776062012 70004
811573832610863 287 1.910888671875 -0.18729259073734 -0.01180648803711 80004
811605877095303 287 1.41485595703125 0.39776438474655 -0.00904655456543 90004
811317476738265 288 4.49104261398315 -1.81914222240448 -0.02807571738958 4
811349521222724 288 -4.45208740234375 1.29047799110413 0.02914935350418 10004
811381565706985 288 4.01759338378906 -2.43639373779297 -0.02493953704834 20004
811413610190726 288 -0.22860717773438 -6.07850313186646 0.00089681148529 30004
811445654686574 288 0.62997436523438 3.99581551551819 -0.00354981422424 40004
811477699170084 288 3.89208984375 -2.55357480049133 -0.02559804916382 50004
811509743642915 288 3.713134765625 -3.97067713737488 -0.02359986305237 60004
811541788132804 288 5.3157958984375 -1.81831836700439 -0.03352451324463 70004
811573832610863 288 1.8779296875 0.03611731529236 -0.01181316375732 80004
811605877095303 288 1.28887939453125 0.80484223365784 -0.00904273986816 90004
811317476738265 289 4.59827375411987 -1.4856173992157 -0.02919870987535 4
811349521222724 289 -4.19806671142578 1.56899189949036 0.02802586555481 10004
811381565706985 289 4.216064453125 -2.05582904815674 -0.02606654167175 20004
811413610190726 289 -0.51138305664063 -5.78175973892212 0.00295197963715 30004
811445654686574 289 0.43148803710938 4.37222337722778 -0.0035502910614 40004
811477699170084 289 3.87960815429688 -2.94611668586731 -0.02559304237366 50004
811509743642915 289 3.8603515625 -3.63334822654724 -0.02472186088562 60004
811541788132804 289 5.4075927734375 -1.5385537147522 -0.0346417427063 70004
811573832610863 289 1.718994140625 0.32390540838242 -0.01182079315186 80004
811605877095303 289 1.15850830078125 1.24035143852234 -0.00703191757202 90004
811317476738265 290 4.74085521697998 -1.19666016101837 -0.03032171912491 4
811349521222724 290 -3.99205017089844 1.87786686420441 0.02577871084213 10004
811381565706985 290 4.43753051757813 -1.72538614273071 -0.02831506729126 20004
811413610190726 290 -0.81002807617188 -5.52920293807983 0.00500452518463 30004
811445654686574 290 0.150390625 4.65355730056763 -0.00154399871826 40004
811477699170084 290 3.82351684570313 -3.31276273727417 -0.02558922767639 50004
811509743642915 290 3.9522705078125 -3.27028560638428 -0.02472186088562 60004
811541788132804 290 5.490966796875 -1.23155069351196 -0.0346360206604 70004
811573832610863 290 1.59649658203125 0.63376235961914 -0.00981187820435 80004
811605877095303 290 0.96246337890625 1.60757791996002 -0.00702238082886 90004
811317476738265 291 4.93542575836182 -0.93404120206833 -0.03144476190209 4
811349521222724 291 -3.84132385253906 2.22246789932251 0.02577775716782 10004
811381565706985 291 4.72964477539063 -1.44253540039063 -0.02944028377533 20004
811413610190726 291 -1.09100341796875 -5.26289415359497 0.0070583820343 30004
811445654686574 291 -0.17587280273438 4.88809728622437 0.00055980682373 40004
811477699170084 291 3.65969848632813 -3.67014718055725 -0.02355766296387 50004
811509743642915 291 4.025146484375 -2.90396618843079 -0.02584385871887 60004
811541788132804 291 5.582763671875 -0.89179486036301 -0.03575372695923 70004
811573832610863 291 1.52862548828125 0.96469807624817 -0.00981903076172 80004
811605877095303 291 0.70196533203125 1.9392614364624 -0.00501155853271 90004
811317476738265 292 5.03310871124268 -0.59586048126221 -0.03144476562738 4
811349521222724 292 -3.55268859863281 2.50749063491821 0.02353018522263 10004
811381565706985 292 4.99433898925781 -1.09944915771484 -0.03168976306915 20004
811413610190726 292 -1.26629638671875 -4.88388109207153 0.00705897808075 30004
811445654686574 292 -0.40896606445313 5.25327825546265 0.00263595581055 40004
811477699170084 292 3.35256958007813 -3.96261239051819 -0.02151346206665 50004
811509743642915 292 4.21490478515625 -2.55048489570618 -0.02696084976196 60004
811541788132804 292 5.542724609375 -0.55362194776535 -0.03575038909912 70004
811573832610863 292 1.32843017578125 1.26898121833801 -0.00777435302734 80004
811605877095303 292 0.57305908203125 2.37520146369934 -0.00300693511963 90004
811317476738265 293 5.16293668746948 -0.29287761449814 -0.0325678139925 4
811349521222724 293 -3.40189361572266 2.85209345817566 0.02240574359894 10004
811381565706985 293 5.10415649414063 -0.71190702915192 -0.03281331062317 20004
811413610190726 293 -1.42706298828125 -4.52694463729858 0.00909864902496 30004
811445654686575 293 0.05157470703125 -9.00284957885742 -0.00000095367432 40004
811477699170084 293 2.9876708984375 -4.10907077789307 -0.01943016052246 50004
811509743642915 293 4.30865478515625 -2.18775153160095 -0.02696466445923 60004
811541788132804 293 5.3726806640625 -0.24447061121464 -0.03374147415161 70004
811573832610863 293 1.26055908203125 1.59991693496704 -0.00777435302734 80004
811605877095303 293 0.4208984375 2.67654585838318 -0.00300788879395 90004
811317476738265 294 5.22502565383911 -0.05351055413485 -0.03256778419018 4
811349521222724 294 -3.17780303955078 3.17878293991089 0.02128106355667 10004
811381565706985 294 5.0928955078125 -0.28750082850456 -0.03281331062317 20004
811413610190726 294 -1.62484741210938 -4.16024732589722 0.0111426115036 30004
811445654686575 294 0.1090087890625 -8.62954330444336 -0.00000381469727 40004
811477699170084 294 2.57452392578125 -4.14164876937866 -0.01732754707336 50004
811509743642915 294 4.40997314453125 -1.79953527450562 -0.02809262275696 60004
811541788132804 294 5.111328125 0.01250527333468 -0.03373861312866 70004
811573832610863 294 1.1248779296875 1.92879176139832 -0.00777435302734 80004
811605877095303 294 0.330810546875 3.06440043449402 -0.00301265716553 90004
811317476738265 295 5.19258213043213 0.13168983161449 -0.03256774693727 4
811349521222724 295 -2.94239044189453 3.46917796134949 0.01903408765793 10004
811381565706985 295 4.98521423339844 0.1039690002799 -0.03281331062317 20004
811413610190726 295 -1.86239624023438 -3.85835123062134 0.01114141941071 30004
811445654686575 295 0.1966552734375 -8.29318428039551 -0.00112771987915 40004
811477699170084 295 2.1851806640625 -4.07203722000122 -0.01329064369202 50004
811509743642915 295 4.47271728515625 -1.43562579154968 -0.02809643745422 60004
811541788132804 295 4.8497314453125 0.23306502401829 -0.0317268371582 70004
811573832610863 295 0.97406005859375 2.22810959815979 -0.00573825836182 80004
811605877095303 295 0.29681396484375 3.48879313468933 -0.00101232528687 90004
811317476738265 296 5.06888008117676 0.388517588377 -0.03256775066257 4
811349521222724 296 -2.79463958740234 3.84696316719055 0.01903223991394 10004
811381565706985 296 4.811767578125 0.50240641832352 -0.0307457447052 20004
811413610190726 296 -2.21102905273438 -3.62859964370728 0.01321637630463 30004
811445654686575 296 0.4022216796875 -7.97639751434326 -0.00225257873535 40004
811477699170084 296 1.78762817382813 -3.92363023757935 -0.0112099647522 50004
811509743642915 296 4.41217041015625 -1.03936266899109 -0.02809858322144 60004
811541788132804 296 4.6466064453125 0.56153202056885 -0.02971792221069 70004
811573832610863 296 0.92132568359375 2.58860230445862 -0.00574016571045 80004
811605877095303 296 0.24407958984375 3.94001841545105 -0.00101613998413 90004
811317476738265 297 4.81352567672729 0.59740138053894 -0.03049678355455 4
811349521222724 297 -2.51946258544922 4.10946750640869 0.01678442955017 10004
811381565706985 297 4.50631713867188 0.77210450172424 -0.02873611450195 20004
811413610190726 297 -2.36898803710938 -3.37166905403137 0.01524901390076 30004
811445654686575 297 0.66726684570313 -7.77955913543701 -0.00337696075439 40004
811477699170084 297 1.50875854492188 -3.64012432098389 -0.00913310050964 50004
811509743642915 297 4.20269775390625 -0.72713124752045 -0.02810025215149 60004
811541788132804 297 4.51019287109375 0.681267619133 -0.02971458435059 70004
811573832610863 297 0.81329345703125 2.75303244590759 -0.00574111938477 80004
811605877095303 297 0.07745361328125 4.2106351852417 -0.00101709365845 90004
811317476738265 298 4.58934736251831 0.83744692802429 -0.03049675002694 4
811349521222724 298 -2.28443908691406 4.40603876113892 0.01566118001938 10004
811381565706985 298 4.17709350585938 1.01082396507263 -0.0259598493576 20004
811413610190726 298 -2.44696044921875 -3.06427001953125 0.01524770259857 30004
811445654686575 298 0.86874389648438 -7.50631713867188 -0.0045063495636 40004
811477699170084 298 1.22433471679688 -3.36202573776245 -0.0070652961731 50004
811509743642915 298 3.926513671875 -0.4807676076889 -0.02603101730347 60004
811541788132804 298 4.3681640625 0.94223284721375 -0.02768564224243 70004
811573832610863 298 0.77484130859375 2.82505869865417 -0.00574207305908 80004
811605877095303 298 -0.13055419921875 4.54056119918823 0.00099849700928 90004
811317476738265 299 4.38785171508789 1.06522822380066 -0.02843524515629 4
811349521222724 299 -2.06543731689453 4.6825270652771 0.0134152173996 10004
811381565706985 299 3.85467529296875 1.20390748977661 -0.02464294433594 20004
811413610190726 299 -2.524169921875 -2.75201654434204 0.01524674892426 30004
811445654686575 299 1.05697631835938 -7.24241352081299 -0.00675845146179 40004
811477699170084 299 0.99490356445313 -3.08021211624146 -0.00706076622009 50004
811509743642915 299 3.66943359375 -0.25201553106308 -0.02394723892212 60004
811541788132804 299 4.1993408203125 1.22714519500732 -0.02768230438232 70004
811573832610863 299 0.74359130859375 2.88612294197083 -0.0057430267334 80004
811605877095303 299 -0.29803466796875 4.89289712905884 0.00100088119507 90004
811317476738265 300 4.13810586929321 1.29460549354553 -0.02641183324158 4
811349521222724 300 -1.76251983642578 4.95218801498413 0.0122908949852 10004
811381565706985 300 3.47390747070313 1.38099145889282 -0.02189159393311 20004
811413610190726 300 -2.73214721679688 -2.39002466201782 0.0172826051712 30004
811445654686575 300 1.35940551757813 -7.01731586456299 -0.00788378715515 40004
811477699170084 300 0.84286499023438 -2.68734407424927 -0.00503516197205 50004
811509743642915 300 3.46630859375 0.09384591132402 -0.02187252044678 60004
811541788132804 300 3.90966796875 1.48258113861084 -0.02562999725342 70004
811573832610863 300 0.62835693359375 3.06151509284973 -0.00370836257935 80004
811605877095304 300 0 -9.30537986755371 0 90004
811317476738265 301 4.01217937469482 1.59958744049072 -0.02641182206571 4
811349521222724 301 -1.61191558837891 5.30136013031006 0.01116716861725 10004
811381565706985 301 3.21174621582031 1.69285082817078 -0.01985466480255 20004
811413610190726 301 -3.05258178710938 -2.16491222381592 0.01936388015747 30004
811445654686575 301 1.52764892578125 -6.70587205886841 -0.00901198387146 40004
811477699170084 301 0.86953735351563 -2.29063820838928 -0.00503325462341 50004
811509743642915 301 3.2227783203125 0.35884818434715 -0.0218722820282 60004
811541788132804 301 3.6826171875 1.76393592357636 -0.0235538482666 70004
811573832610863 301 0.57891845703125 3.39947700500488 -0.00371026992798 80004
811605877095304 301 0.12176513671875 -9.04426860809326 -0.00000762939453 90004
811317476738265 302 3.80821394920349 1.8500269651413 -0.02431401051581 4
811349521222725 302 0.12744903564453 -9.03206157684326 -0.00000047683716 10004
811381565706985 302 2.8779296875 1.91139721870422 -0.01854491233826 20004
811413610190726 302 -3.28921508789063 -1.86363065242767 0.02137267589569 30004
811445654686575 302 1.71990966796875 -6.40921497344971 -0.0101420879364 40004
811477699170084 302 0.83148193359375 -1.89752292633057 -0.00503134727478 50004
811509743642915 302 3.06591796875 0.68611818552017 -0.01981282234192 60004
811541788132804 302 3.4482421875 2.03944826126099 -0.0214695930481 70004
811573832610863 302 0.44830322265625 3.68493914604187 -0.00371074676514 80004
811605877095304 302 0.162353515625 -8.76959609985352 -0.00002002716064 90004
811317476738265 303 3.58672523498535 2.06359148025513 -0.02225289866328 4
811349521222725 303 0.34741973876953 -8.68120956420898 -0.00112491846085 10004
811381565706985 303 2.56170654296875 2.109126329422 -0.01711905002594 20004
811413610190726 303 -3.504638671875 -1.57735693454742 0.02337634563446 30004
811445654686575 303 1.93780517578125 -6.16907024383545 -0.01238942146301 40004
811477699170084 303 0.81158447265625 -1.53413724899292 -0.00503349304199 50004
811509743642915 303 2.959228515625 0.96771246194839 -0.01981234550476 60004
811541788132804 303 3.2587890625 2.2797064781189 -0.02146673202515 70004
811573832610863 303 0.32098388671875 3.94787049293518 -0.00165176391602 80004
811605877095304 303 0.201904296875 -8.4973201751709 -0.00115442276001 90004
811317476738265 304 3.36353206634521 2.30659437179565 -0.02225288189948 4
811349521222725 304 0.69392395019531 -8.3904390335083 -0.00337213277817 10004
811381565706985 304 2.29948425292969 2.42101526260376 -0.01510632038116 20004
811413610190726 304 -3.82492065429688 -1.35224449634552 0.02543878555298 30004
811445654686575 304 2.2445068359375 -5.99168682098389 -0.01351237297058 40004
811477699170084 304 0.913330078125 -1.14974093437195 -0.00503516197205 50004
811509743642915 304 2.84295654296875 1.12768125534058 -0.01776647567749 60004
811541788132804 304 3.1434326171875 2.49919700622559 -0.01944923400879 70004
811573832610863 304 0.27154541015625 4.28583526611328 -0.00165367126465 80004
811605877095304 304 0.3502197265625 -8.17991828918457 -0.00116109848022 90004
811317476738265 305 3.1430492401123 2.48430156707764 -0.02021633461118 4
811349521222725 305 0.88252258300781 -8.01574897766113 -0.00561863183975 10004
811381565706985 305 2.09051513671875 2.73858118057251 -0.01309037208557 20004
811413610190726 305 -4.01528930664063 -1.04312014579773 0.02543962001801 30004
811445654686575 305 2.48345947265625 -5.76400375366211 -0.0157630443573 40004
811477699170084 305 0.8590087890625 -0.78496998548508 -0.00503373146057 50004
811509743642915 305 2.607421875 1.31547272205353 -0.01777100563049 60004
811541788132804 305 2.88580322265625 2.70343494415283 -0.01944637298584 70004
811573832610863 305 0.1055908203125 4.55559635162354 -0.00165367126465 80004
811605877095304 305 0.48150634765625 -7.9643611907959 -0.00229072570801 90004
811317476738265 306 2.98267126083374 2.66937589645386 -0.02021631039679 4
811349521222725 306 1.08721160888672 -7.72749614715576 -0.00674253702164 10004
811381565706985 306 1.87252807617188 2.97076201438904 -0.01171052455902 20004
811413610190726 306 -4.117431640625 -0.75474017858505 0.02744603157043 30004
811445654686575 306 2.6851806640625 -5.56535148620605 -0.01688885688782 40004
811477699170084 306 0.78802490234375 -0.54820066690445 -0.00503516197205 50004
811509743642915 306 2.4169921875 1.51653611660004 -0.0157368183136 60004
811541788132804 306 2.695068359375 2.9121949672699 -0.01739358901978 70004
811573832610863 306 -0.03143310546875 4.79128551483154 0.00042247772217 80004
811605877095304 306 0.5545654296875 -7.78565216064453 -0.00341176986694 90004
811317476738265 307 2.83364486694336 2.96377348899841 -0.01820276863873 4
811349521222725 307 1.43364715576172 -7.43671846389771 -0.00898921489716 10004
811381565706985 307 1.52763366699219 3.18783497810364 -0.00904476642609 20004
811413610190726 307 -4.15084838867188 -0.36471229791641 0.02744674682617 30004
811445654686575 307 2.9378662109375 -5.31808757781982 -0.01801180839539 40004
811477699170084 307 0.673583984375 -0.38574194908142 -0.0050368309021 50004
811509743642915 307 2.21466064453125 1.83359825611115 -0.01366949081421 60004
811541788132804 307 2.526611328125 3.23218965530396 -0.01739072799683 70004
811573832610863 307 -0.17974853515625 5.09898138046265 0.00042200088501 80004
811605877095304 307 0.5802001953125 -7.56355094909668 -0.00340700149536 90004
811317476738265 308 2.57420492172241 3.16756892204285 -0.01619303599 4
811349521222725 308 1.75178527832031 -7.11517763137817 -0.0112356543541 10004
811381565706985 308 1.30653381347656 3.53030037879944 -0.0090446472168 20004
811413610190726 308 -4.01626586914063 0.00289249792695 0.02632522583008 30004
811445654686575 308 3.26187133789063 -5.17530107498169 -0.02026271820068 40004
811477699170084 308 0.60308837890625 0.0055787935853 -0.00303220748901 50004
811509743642915 308 2.05902099609375 2.17597770690918 -0.01367282867432 60004
811541788132804 308 2.2373046875 3.45096492767334 -0.01532316207886 70004
811573832610863 308 -0.445068359375 5.3151388168335 0.00244045257568 80004
811605877095304 308 0.51611328125 -7.21912670135498 -0.00340461730957 90004
811317476738265 309 2.37843251228333 3.45137000083923 -0.01619303226471 4
811349521222725 309 2.16891479492188 -6.892897605896 -0.01377558708191 10004
811381565706985 309 1.12852478027344 3.84918475151062 -0.00699889659882 20004
811413610190726 309 -3.77166748046875 0.33163177967072 0.02520287036896 30004
811445654686575 309 3.49578857421875 -4.98401308059692 -0.02139139175415 40004
811477699170084 309 0.60443115234375 0.42652353644371 -0.00303220748901 50004
811509743642915 309 1.79766845703125 2.46951103210449 -0.01161813735962 60004
811541788132804 309 2.01666259765625 3.75855278968811 -0.01321840286255 70004
811573832610864 309 0.1463623046875 -8.99125480651855 -0.00000095367432 80004
811605877095304 309 0.40069580078125 -6.86535215377808 -0.00340604782104 90004
811317476738265 310 2.21982932090759 3.68235492706299 -0.01418321300298 4
811349521222725 310 2.50913238525391 -6.71382331848145 -0.01504552364349 10004
811381565706985 310 0.99818420410156 4.05165338516235 -0.007000207901 20004
811413610190726 310 -3.5733642578125 0.5989950299263 0.0240763425827 30004
811445654686575 310 3.62515258789063 -4.77577304840088 -0.02251958847046 40004
811477699170084 310 0.58837890625 0.76377981901169 -0.00303173065186 50004
811509743642915 310 1.58502197265625 2.70759963989258 -0.00953245162964 60004
811541788132804 310 1.837890625 4.0088906288147 -0.01114320755005 70004
811573832610864 310 0.26611328125 -8.60820579528809 -0.00112581253052 80004
811605877095304 310 0.25616455078125 -6.60553932189941 -0.00136518478394 90004
811317476738265 311 1.96039402484894 3.88614845275879 -0.01212853286415 4
811349521222725 311 2.83039093017578 -6.39541864395142 -0.01729255914688 10004
811381565706985 311 0.82997131347656 4.18277072906494 -0.00498139858246 20004
811413610190726 311 -3.44476318359375 0.96893513202667 0.02294898033142 30004
811445654686575 311 3.72415161132813 -4.4357476234436 -0.02364778518677 40004
811477699170084 311 0.45196533203125 1.13717019557953 -0.00303053855896 50004
811509743642915 311 1.4298095703125 3.04997825622559 -0.00953602790833 60004
811541788132804 311 1.548583984375 4.22766590118408 -0.01114320755005 70004
811573832610864 311 0.26611328125 -8.13556480407715 -0.00112581253052 80004
811605877095304 311 0.0025634765625 -6.36443376541138 0.00070714950562 90004
811317476738265 312 1.72409212589264 4.08355045318604 -0.01212852541357 4
811349521222725 312 2.98744201660156 -6.0064115524292 -0.01841586828232 10004
811381565706985 312 0.5572509765625 4.42874002456665 -0.0029057264328 20004
811413610190726 312 -3.25067138671875 1.18474507331848 0.02182459831238 30004
811445654686575 312 3.93359375 -4.18223285675049 -0.02477431297302 40004
811477699170084 312 0.47222900390625 1.50538647174835 -0.00303053855896 50004
811509743642915 312 1.17230224609375 3.28483009338379 -0.00746512413025 60004
811541788132804 312 1.23065185546875 4.33812284469604 -0.00903129577637 70004
811573832610864 312 0.415283203125 -7.7225513458252 -0.00224876403809 80004
811605877095304 312 -0.26904296875 -6.18287467956543 0.00070476531982 90004
811317476738265 313 1.47573828697205 4.26435518264771 -0.01005272567272 4
811349521222725 313 3.21051788330078 -5.65979242324829 -0.02066278457642 10004
811381565706985 313 0.34266662597656 4.7317910194397 -0.00290739536285 20004
811413610190726 313 -3.09109497070313 1.46030962467194 0.02070081233978 30004
811445654686575 313 4.18408203125 -3.97300910949707 -0.0258994102478 40004
811477699170084 313 0.45108032226563 1.79140686988831 -0.00302982330322 50004
811509743642915 313 0.87890625 3.46932196617126 -0.00545573234558 60004
811541788132804 313 0.94903564453125 4.47458457946777 -0.00697946548462 70004
811573832610864 313 0.5135498046875 -7.29730129241943 -0.0022497177124 80004
811605877095304 313 -0.4932861328125 -5.95510911941528 0.00280284881592 90004
811317476738265 314 1.20963501930237 4.45323324203491 -0.00796198938042 4
811349521222725 314 3.51604461669922 -5.32994747161865 -0.0217861533165 10004
811381565706985 314 0.16555786132813 5.09386920928955 -0.00085818767548 20004
811413610190726 314 -2.94390869140625 1.81841695308685 0.01957833766937 30004
811445654686575 314 4.47335815429688 -3.77618837356567 -0.02814674377441 40004
811477699170084 314 0.386962890625 2.0320827960968 -0.00302863121033 50004
811509743642915 314 0.562744140625 3.6202244758606 -0.00338673591614 60004
811541788132804 314 0.70123291015625 4.67397451400757 -0.0049467086792 70004
811573832610864 314 0.5380859375 -6.82664489746094 -0.0033745765686 80004
811605877095304 314 -0.67816162109375 -5.65732574462891 0.00483894348145 90004
811317476738265 315 1.03043460845947 4.73024702072144 -0.00592450425029 4
811349521222725 315 3.71903228759766 -4.92572164535522 -0.02291095256805 10004
811381565706985 315 -0.13630676269531 5.36760187149048 0.00117182731628 20004
811413610190726 315 -2.67153930664063 2.09960532188416 0.01733112335205 30004
811445654686575 315 4.67156982421875 -3.48287272453308 -0.02927350997925 40004
811477699170084 315 0.42083740234375 2.42822360992432 -0.00302863121033 50004
811509743642915 315 0.4290771484375 3.77248454093933 -0.00338411331177 60004
811541788132804 315 0.5208740234375 4.98772144317627 -0.00287675857544 70004
811573832610864 315 0.47216796875 -6.358567237854 -0.00337553024292 80004
811605877095304 315 -0.856689453125 -5.35525894165039 0.00484275817871 90004
811317476738265 316 0.77100932598114 4.92590427398682 -0.00592449866235 4
811349521222725 316 4.02019500732422 -4.59369564056396 -0.02515828609467 10004
811381565706986 316 0.11590576171875 -9.05695152282715 -0.00000047683716 20004
811413610190726 316 -2.5145263671875 2.45179581642151 0.01620769500732 30004
811445654686575 316 4.75588989257813 -3.144455909729 -0.03040170669556 40004
811477699170084 316 0.3184814453125 2.80616545677185 -0.00302696228027 50004
811509743642915 316 0.326171875 4.06134414672852 -0.0013632774353 60004
811541788132804 316 0.34197998046875 5.1508641242981 -0.00287532806396 70004
811573832610864 316 0.291259765625 -5.92621231079102 -0.00129413604736 80004
811605877095304 316 -1.06231689453125 -5.07135963439941 0.00687408447266 90004
811317476738265 317 0.54992145299911 5.10252285003662 -0.00390288932249 4
811349521222725 317 4.29003143310547 -4.31006765365601 -0.02740508317947 10004
811381565706986 317 0.19317626953125 -8.77712059020996 -0.00112438201904 20004
811413610190726 317 -2.35537719726563 2.74282717704773 0.01621055603027 30004
811445654686575 317 4.75332641601563 -2.84443998336792 -0.03040432929993 40004
811477699170084 317 0.15798950195313 3.10461759567261 -0.00099086761475 50004
811509743642915 317 0.20672607421875 4.33850812911987 -0.00136375427246 60004
811541788132804 317 0.15826416015625 5.29966831207275 -0.00080013275146 70004
811573832610864 317 0.1019287109375 -5.56317615509033 -0.00129461288452 80004
811605877095304 317 -1.2542724609375 -4.83592081069946 0.00891923904419 90004
811317476738266 318 0 -9.30537986755371 0 4
811349521222725 318 4.57845306396484 -3.96152591705322 -0.02852976322174 10004
811381565706986 318 0.19317626953125 -8.43448448181152 -0.00112438201904 20004
811413610190726 318 -2.0821533203125 3.02401566505432 0.01396155357361 30004
811445654686575 318 4.65628051757813 -2.50389957427979 -0.03040647506714 40004
811477699170084 318 -0.10537719726563 3.40254664421082 0.001056432724 50004
811509743642915 318 0.000732421875 4.65318489074707 0.00067162513733 60004
811541788132805 318 0 -9.30537986755371 0 70004
811573832610864 318 -0.130615234375 -5.15154647827148 0.00078439712524 80004
811605877095304 318 -1.49029541015625 -4.57657623291016 0.00892162322998 90004
811317476738266 319 0.10964308679104 -9.07024955749512 0.00000000017462 4
811349521222725 319 4.92597961425781 -3.67191529273987 -0.03077721595764 10004
811381565706986 319 0.33805847167969 -8.12394905090332 -0.00112557411194 20004
811413610190726 319 -1.95333862304688 3.39395666122437 0.01283597946167 30004
811445654686575 319 4.46493530273438 -2.283371925354 -0.02838921546936 40004
811477699170084 319 -0.21844482421875 3.7838351726532 0.00106072425842 50004
811509743642915 319 -0.0523681640625 5.02533960342407 0.00067067146301 60004
811541788132805 319 0.18402099609375 -8.91087341308594 -0.0011191368103 70004
811573832610864 319 -0.167236328125 -4.68032169342041 0.00078439712524 80004
811605877095304 319 -1.69171142578125 -4.28971576690674 0.01097726821899 90004
811317476738266 320 0.14618808031082 -8.90540885925293 0.00000000133878 4
811349521222725 320 5.28917694091797 -3.40273475646973 -0.03302437067032 10004
811381565706986 320 0.38661193847656 -7.85216569900513 -0.00225067138672 20004
811413610190726 320 -1.72900390625 3.70472931861877 0.01171040534973 30004
811445654686575 320 4.34591674804688 -2.01601648330688 -0.02839088439941 40004
811477699170084 320 -0.22134399414063 4.14625978469849 0.00106692314148 50004
811509743642915 320 -0.20721435546875 5.35917568206787 0.0006685256958 60004
811541788132805 320 0.245361328125 -8.48917770385742 -0.0011191368103 70004
811573832610864 320 -0.2288818359375 -4.21207237243652 0.00078392028809 80004
811605877095304 320 -1.93707275390625 -4.04232788085938 0.01307392120361 90004
811317476738266 321 0.12510603666306 -8.75305366516113 0.00000000197906 4
811349521222725 321 5.63263702392578 -3.15736961364746 -0.0352708697319 10004
811381565706986 321 0.34819030761719 -7.60108327865601 -0.00225222110748 20004
811413610190726 321 -1.51312255859375 3.99063897132874 0.01058661937714 30004
811445654686575 321 4.228759765625 -1.75081467628479 -0.02639198303223 40004
811477699170084 321 -0.21670532226563 4.48326539993286 0.00107288360596 50004
811509743642916 321 0.044677734375 -9.20974159240723 -0.00000047683716 60004
811541788132805 321 0.28857421875 -8.10642433166504 -0.0011191368103 70004
811573832610864 321 -0.34100341796875 -3.79146957397461 0.00283527374268 80004
811605877095304 321 -2.15411376953125 -3.80554866790771 0.01308250427246 90004
811317476738266 322 0.04605128616095 -8.50599193572998 0.0000000022992 4
811349521222725 322 5.99347686767578 -2.88467836380005 -0.03766405582428 10004
811381565706986 322 0.20350646972656 -7.29061508178711 -0.00225400924683 20004
811413610190726 322 -1.38345336914063 4.3598256111145 0.00946497917175 30004
811445654686575 322 3.99642944335938 -1.48323571681976 -0.02639317512512 40004
811477699170084 322 -0.32977294921875 4.86455392837524 0.00107741355896 50004
811509743642916 322 0.21221923828125 -8.85109806060791 -0.00112581253052 60004
811541788132805 322 0.45062255859375 -7.75933027267456 -0.00223827362061 70004
811573832610864 322 -0.5762939453125 -3.38111305236816 0.00283288955688 80004
811605877095304 322 -2.2996826171875 -3.48675560951233 0.01513338088989 90004
811317476738266 323 0.06917943060398 -8.26648998260498 0.00000000264845 4
811349521222725 323 6.21080780029297 -2.5254213809967 -0.03991043567657 10004
811381565706986 323 0.15757751464844 -6.97519207000732 -0.0002521276474 20004
811413610190726 323 -1.20895385742188 4.68035411834717 0.00834274291992 30004
811445654686575 323 3.8968505859375 -1.17057514190674 -0.02436351776123 40004
811477699170084 323 -0.56582641601563 5.14817523956299 0.00311875343323 50004
811509743642916 323 0.337646484375 -8.50396633148193 -0.00112867355347 60004
811541788132805 323 0.750244140625 -7.49369668960571 -0.00448131561279 70004
811573832610864 323 -0.753662109375 -2.97722959518433 0.00483226776123 80004
811605877095304 323 -2.5408935546875 -3.26820468902588 0.0171914100647 90004
811317476738266 324 0.11411768943071 -7.99359655380249 0.00000000308501 4
811349521222725 324 6.33615875244141 -2.07120609283447 -0.03991085290909 10004
811381565706986 324 0.02981567382813 -6.64164876937866 -0.00025260448456 20004
811413610190726 324 -1.10208129882813 5.07391262054443 0.00722098350525 30004
811445654686575 324 3.71697998046875 -0.85643696784973 -0.02436518669128 40004
811477699170084 324 -0.907470703125 5.38245344161987 0.00515294075012 50004
811509743642916 324 0.56561279296875 -8.16065692901611 -0.00336980819702 60004
811541788132805 324 1.01617431640625 -7.12641477584839 -0.00560235977173 70004
811573832610864 324 -0.88818359375 -2.49497485160828 0.00482320785522 80004
811605877095304 324 -2.79595947265625 -2.99754571914673 0.01718616485596 90004
811317476738266 325 0.1419730335474 -7.77328300476074 0.00000000372529 4
811349521222725 325 6.35488891601563 -1.68066680431366 -0.03991138935089 10004
811381565706986 325 -0.10768127441406 -6.38265180587769 -0.00025260448456 20004
811413610190727 325 0.01324462890625 -9.27692794799805 -0.00000047683716 30004
811445654686575 325 3.53955078125 -0.62111294269562 -0.02232265472412 40004
811477699170085 325 0.025634765625 -9.25034713745117 0.00000095367432 50004
811509743642916 325 0.7900390625 -7.90535545349121 -0.00448846817017 60004
811541788132805 325 1.194091796875 -6.79979801177979 -0.0067138671875 70004
811573832610864 325 -0.97576904296875 -2.0975136756897 0.00682926177979 80004
811605877095304 325 -2.98016357421875 -2.75735092163086 0.01922655105591 90004
811317476738266 326 0.07913000136614 -7.52160263061523 0.00000000407454 4
811349521222725 326 6.29971313476563 -1.23168289661407 -0.03991144895554 10004
811381565706986 326 -0.14794921875 -6.04238939285278 0.00175654888153 20004
811413610190727 326 0.11257934570313 -9.06353855133057 -0.00000166893005 30004
811445654686575 326 3.4425048828125 -0.28057163953781 -0.02232527732849 40004
811477699170085 326 0.2178955078125 -8.83760166168213 -0.00111961364746 50004
811509743642916 326 0.947509765625 -7.54220581054688 -0.00560617446899 60004
811541788132805 326 1.52716064453125 -6.51999711990356 -0.00895547866821 70004
811573832610864 326 -1.194580078125 -1.67872643470764 0.00682210922241 80004
811605877095304 326 -3.163330078125 -2.46308755874634 0.02123641967773 90004
811317476738266 327 -0.02984330803156 -7.30730009078979 0.0000000041473 4
811349521222725 327 6.24193572998047 -0.81347346305847 -0.03991150856018 10004
811381565706986 327 -0.2177734375 -5.73076772689819 0.00175535678864 20004
811413610190727 327 0.25497436523438 -8.89907741546631 -0.00112402439117 30004
811445654686575 327 3.25790405273438 -0.02198443002999 -0.02023339271545 40004
811477699170085 327 0.25634765625 -8.42107963562012 -0.0011191368103 50004
811509743642916 327 1.19586181640625 -7.27694034576416 -0.00672435760498 60004
811541788132805 327 1.72784423828125 -6.17472696304321 -0.01007604598999 70004
811573832610864 327 -1.51348876953125 -1.38453507423401 0.00881290435791 80004
811605877095304 327 -3.4156494140625 -2.26400685310364 0.02123689651489 90004
811317476738266 328 -0.11364236474037 -7.12151527404785 0.00000000395812 4
811349521222725 328 6.17642211914063 -0.45854568481445 -0.03991216421127 10004
811381565706986 328 -0.29202270507813 -5.46718597412109 0.00175356864929 20004
811413610190727 328 0.37142944335938 -8.75522804260254 -0.00224542617798 30004
811445654686575 328 3.08688354492188 0.19493289291859 -0.02023506164551 40004
811477699170085 328 0.2947998046875 -8.06527996063232 -0.00111865997314 50004
811509743642916 328 1.414306640625 -7.0508394241333 -0.00897455215454 60004
811541788132805 328 1.8824462890625 -5.86387538909912 -0.01119565963745 70004
811573832610864 328 -1.782470703125 -1.12860441207886 0.01085090637207 80004
811605877095304 328 -3.6558837890625 -2.12005162239075 0.02331924438477 90004
811317476738266 329 -0.13829556107521 -6.86329364776611 0.00000000360887 4
811349521222725 329 6.03977203369141 -0.02739113755524 -0.03991270065308 10004
811381565706986 329 -0.41058349609375 -5.14574766159058 0.00175130367279 20004
811413610190727 329 0.45245361328125 -8.5341854095459 -0.00224328041077 30004
811445654686575 329 2.90728759765625 0.50028717517853 -0.01816749572754 40004
811477699170085 329 0.487060546875 -7.65253448486328 -0.00223970413208 50004
811509743642916 329 1.6143798828125 -6.70838928222656 -0.01010465621948 60004
811541788132805 329 2.10858154296875 -5.4931583404541 -0.0134391784668 70004
811573832610864 329 -2.00128173828125 -0.70981746912003 0.0128870010376 80004
811605877095304 329 -3.97540283203125 -1.97393596172333 0.02544784545898 90004
811317476738266 330 -0.07213515788317 -6.63325309753418 0.00000000285218 4
811349521222725 330 5.77676391601563 0.29649412631989 -0.03789710998535 10004
811381565706986 330 -0.4227294921875 -4.82879877090454 0.00174963474274 20004
811413610190727 330 0.4522705078125 -8.31668663024902 -0.00224220752716 30004
811445654686575 330 2.7027587890625 0.75968050956726 -0.01816701889038 40004
811477699170085 330 0.5126953125 -7.38777160644531 -0.00223970413208 50004
811509743642916 330 1.71405029296875 -6.3546199798584 -0.01011037826538 60004
811541788132805 330 2.42803955078125 -5.2520809173584 -0.01456022262573 70004
811573832610864 330 -2.33074951171875 -0.42441576719284 0.0149827003479 80004
811605877095304 330 -4.20025634765625 -1.74090588092804 0.02750492095947 90004
811317476738266 331 -0.03405688330531 -6.41677618026733 0.00000000256114 4
811349521222725 331 5.53633117675781 0.60359257459641 -0.03586775064468 10004
811381565706986 331 -0.46711730957031 -4.54192686080933 0.00376975536346 20004
811413610190727 331 0.46646118164063 -8.1371431350708 -0.00224077701569 30004
811445654686575 331 2.55303955078125 1.0197616815567 -0.01607823371887 40004
811477699170085 331 0.53298950195313 -7.09749984741211 -0.00336170196533 50004
811509743642916 331 1.81207275390625 -6.02677154541016 -0.01123929023743 60004
811541788132805 331 2.6962890625 -5.00074291229248 -0.01679182052612 70004
811573832610864 331 -2.6038818359375 -0.13177788257599 0.01708126068115 80004
811605877095304 331 -4.3721923828125 -1.49302351474762 0.02750587463379 90004
811317476738266 332 -0.05871051549911 -6.15854740142822 0.00000000235741 4
811349521222725 332 5.30473327636719 0.99210071563721 -0.03381860256195 10004
811381565706986 332 -0.60765075683594 -4.2294602394104 0.00376915931702 20004
811413610190727 332 0.531005859375 -7.97456550598145 -0.00336158275604 30004
811445654686575 332 2.46469116210938 1.36264634132385 -0.01608085632324 40004
811477699170085 332 0.5938720703125 -6.64614486694336 -0.00335931777954 50004
811509743642916 332 1.95947265625 -5.65944480895996 -0.01236939430237 60004
811541788132805 332 2.923583984375 -4.63002586364746 -0.017906665802 70004
811573832610864 332 -2.82269287109375 0.28700885176659 0.01707458496094 80004
811605877095304 332 -4.52325439453125 -1.17647278308868 0.02955865859985 90004
811317476738266 333 -0.19014252722263 -5.93498468399048 0.00205449946225 4
811349521222725 333 4.93071746826172 1.24632942676544 -0.03193658590317 10004
811381565706986 333 -0.72918701171875 -3.90920639038086 0.00376880168915 20004
811413610190727 333 0.70223999023438 -7.81283903121948 -0.00448262691498 30004
811445654686575 333 2.35208129882813 1.49932098388672 -0.01608347892761 40004
811477699170085 333 0.45791625976563 -6.21143388748169 -0.00335764884949 50004
811509743642916 333 2.24786376953125 -5.38874197006226 -0.01349854469299 60004
811541788132805 333 3.15704345703125 -4.26282072067261 -0.02014684677124 70004
811573832610864 333 -3.19818115234375 0.57396286725998 0.02121686935425 80004
811605877095304 333 -4.67706298828125 -0.8616104722023 0.02956581115723 90004
811317476738266 334 -0.35238263010979 -5.73444890975952 0.00205449876375 4
811349521222725 334 4.69593811035156 1.43405437469482 -0.03000992536545 10004
811381565706986 334 -0.92108154296875 -3.63129043579102 0.00579595565796 20004
811413610190727 334 0.84414672851563 -7.62635517120361 -0.00448620319366 30004
811445654686575 334 2.25601196289063 1.77346897125244 -0.01406264305115 40004
811477699170085 334 0.2081298828125 -5.84212589263916 -0.00131893157959 50004
811509743642916 334 2.571044921875 -5.16388702392578 -0.01574516296387 60004
811541788132805 334 3.2696533203125 -3.87737655639648 -0.02013540267944 70004
811573832610864 334 -3.5 0.93110638856888 0.02325630187988 80004
811605877095304 334 -4.88885498046875 -0.60936331748962 0.03160381317139 90004
811317476738266 335 -0.51278460025787 -5.5535454750061 0.00410987995565 4
811349521222725 335 4.52005004882813 1.63808417320251 -0.03001022338867 10004
811381565706986 335 -1.09815979003906 -3.37258219718933 0.00784802436829 20004
811413610190727 335 0.96380615234375 -7.44205284118652 -0.00561273097992 30004
811445654686575 335 2.15274047851563 2.08524680137634 -0.01406526565552 40004
811477699170085 335 -0.03274536132813 -5.50179862976074 0.00078845024109 50004
811509743642916 335 2.85858154296875 -4.94211006164551 -0.0179967880249 60004
811541788132805 335 3.36669921875 -3.51641273498535 -0.02125263214111 70004
811573832610864 335 -3.76385498046875 1.24531817436218 0.02325916290283 80004
811605877095304 335 -5.10430908203125 -0.38640427589417 0.03363943099976 90004
811317476738266 336 -0.68089151382446 -5.33380794525146 0.00410987623036 4
811349521222725 336 4.2568359375 2.04241538047791 -0.02795666456223 10004
811381565706986 336 -1.20167541503906 -3.0220992565155 0.00784707069397 20004
811413610190727 336 1.10610961914063 -7.23514366149902 -0.00673997402191 30004
811445654686575 336 1.97402954101563 2.41799902915955 -0.01205825805664 40004
811477699170085 336 -0.17825317382813 -5.03810691833496 0.00079226493835 50004
811509743642916 336 3.09686279296875 -4.59348487854004 -0.01911926269531 60004
811541788132805 336 3.61572265625 -3.12472724914551 -0.02236986160278 70004
811573832610864 336 -4.11346435546875 1.4561984539032 0.02531337738037 80004
811605877095304 336 -5.32403564453125 -0.08374097198248 0.03364658355713 90004
811317476738266 337 -0.82435029745102 -5.11776924133301 0.00612870231271 4
811349521222725 337 3.87306976318359 2.28167772293091 -0.024001121521 10004
811381565706986 337 -1.42857360839844 -2.76542639732361 0.00985085964203 20004
811413610190727 337 1.1761474609375 -7.01037454605103 -0.00674426555634 30004
811445654686575 337 1.7547607421875 2.69603681564331 -0.01205801963806 40004
811477699170085 337 -0.48541259765625 -4.701500415802 0.00288414955139 50004
811509743642916 337 3.12890625 -4.39823436737061 -0.01911926269531 60004
811541788132805 337 3.95538330078125 -2.85210037231445 -0.02461194992065 70004
811573832610864 337 -4.56732177734375 1.58854401111603 0.02957487106323 80004
811605877095304 337 -5.390869140625 0.26017475128174 0.0336537361145 90004
811317476738266 338 -0.97132951021194 -4.90407037734985 0.00612869672477 4
811349521222725 338 3.57025909423828 2.60704064369202 -0.02400135993958 10004
811381565706986 338 -1.64912414550781 -2.50317358970642 0.00985157489777 20004
811413610190727 338 1.30508422851563 -6.81938934326172 -0.00786888599396 30004
811445654686575 338 1.62734985351563 3.01849913597107 -0.00998473167419 40004
811477699170085 338 -0.80392456054688 -4.37604236602783 0.00500679016113 50004
811509743642916 338 3.23724365234375 -4.087965965271 -0.02024221420288 60004
811541788132805 338 4.23101806640625 -2.5216498374939 -0.02684497833252 70004
811573832610864 338 -5.033203125 1.6261944770813 0.03173303604126 80004
811605877095304 338 -5.35760498046875 0.60123997926712 0.03455018997192 90004
811317476738266 339 -1.1303243637085 -4.72783803939819 0.00612869206816 4
811349521222725 339 3.29042816162109 2.9121356010437 -0.02193892002106 10004
811381565706986 339 -1.87605285644531 -2.28688597679138 0.01193416118622 20004
811413610190727 339 1.43865966796875 -6.6471004486084 -0.00899243354797 30004
811445654686575 339 1.51455688476563 3.32242560386658 -0.00998783111572 40004
811477699170085 339 -1.06240844726563 -4.0489444732666 0.00709557533264 50004
811509743642916 339 3.34832763671875 -3.73812508583069 -0.02136373519897 60004
811541788132805 339 4.48687744140625 -2.211594581604 -0.02796220779419 70004
811573832610864 339 -5.46337890625 1.67064023017883 0.03594207763672 80004
811605877095304 339 -5.25885009765625 0.91025251150131 0.0345630645752 90004
811317476738266 340 -1.3548868894577 -4.59810352325439 0.00822210032493 4
811349521222725 340 2.89689636230469 3.13517165184021 -0.01788341999054 10004
811381565706986 340 -2.18484497070313 -2.13839530944824 0.01461505889893 20004
811413610190727 340 1.54348754882813 -6.43625020980835 -0.00899243354797 30004
811445654686575 340 1.29510498046875 3.60046339035034 -0.00796484947205 40004
811477699170085 340 -1.22079467773438 -3.62203693389893 0.00709629058838 50004
811509743642916 340 3.398681640625 -3.34567141532898 -0.02136373519897 60004
811541788132805 340 4.83135986328125 -1.94729328155518 -0.03020334243774 70004
811573832610864 340 -5.8955078125 1.86155450344086 0.03798198699951 80004
811605877095304 340 -5.0968017578125 1.21994936466217 0.0334529876709 90004
811317476738266 341 -1.49871718883514 -4.40530347824097 0.01027562748641 4
811349521222725 341 2.64333343505859 3.46934223175049 -0.0178838968277 10004
811381565706986 341 -2.393798828125 -1.89880418777466 0.0146152973175 20004
811413610190727 341 1.7099609375 -6.29494905471802 -0.01011526584625 30004
811445654686575 341 1.006103515625 3.75706076622009 -0.00594544410706 40004
811477699170085 341 -1.51223754882813 -3.31634068489075 0.00915193557739 50004
811509743642916 341 3.298095703125 -2.99267172813416 -0.02136254310608 60004
811541788132805 341 5.06219482421875 -1.61605000495911 -0.03243732452393 70004
811573832610864 341 -6.0989990234375 2.07398843765259 0.04004812240601 80004
811605877095304 341 -4.8455810546875 1.42396032810211 0.03121995925903 90004
811317476738266 342 -1.60618019104004 -4.19122266769409 0.01027562282979 4
811349521222725 342 2.36974334716797 3.78858542442322 -0.0158566236496 10004
811381565706986 342 -2.5604248046875 -1.62925612926483 0.01663780212402 20004
811413610190727 342 1.84475708007813 -6.12803602218628 -0.01123833656311 30004
811445654686575 342 0.75616455078125 3.96115255355835 -0.00594854354858 40004
811477699170085 342 -1.73770141601563 -2.96783638000488 0.01124095916748 50004
811509743642916 342 3.116943359375 -2.68082714080811 -0.01924729347229 60004
811541788132805 342 5.31768798828125 -1.30441737174988 -0.03355646133423 70004
811573832610864 342 -6.21435546875 2.25216174125671 0.0400505065918 80004
811605877095304 342 -4.62255859375 1.65608680248261 0.03010940551758 90004
811317476738266 343 -1.70040261745453 -3.9525101184845 0.01027561724186 4
811349521222725 343 2.04502105712891 4.07752513885498 -0.0137637257576 10004
811381565706986 343 -2.70274353027344 -1.31774044036865 0.01663637161255 20004
811413610190727 343 1.9560546875 -5.92145252227783 -0.01236140727997 30004
811445654686575 343 0.53134155273438 4.23405599594116 -0.0039279460907 40004
811477699170085 343 -1.91790771484375 -2.55444002151489 0.01124477386475 50004
811509743642916 343 2.86175537109375 -2.3809220790863 -0.01924681663513 60004
811541788132805 343 5.60418701171875 -0.9848775267601 -0.03580093383789 70004
811573832610864 343 -6.24542236328125 2.43525052070618 0.04005193710327 80004
811605877095304 343 -4.4158935546875 1.93738532066345 0.02899503707886 90004
811317476738266 344 -1.87699484825134 -3.76257824897766 0.01234865467995 4
811349521222725 344 1.71520233154297 4.19278621673584 -0.01180332899094 10004
811381565706986 344 -2.85882568359375 -1.0127238035202 0.01868319511414 20004
811413610190727 344 2.1094970703125 -5.74260282516479 -0.01348471641541 30004
811445654686575 344 0.27032470703125 4.47356653213501 -0.00191879272461 40004
811477699170085 344 -2.23675537109375 -2.22886633872986 0.01329731941223 50004
811509743642916 344 2.69207763671875 -2.02391290664673 -0.0172004699707 60004
811541788132805 344 5.75372314453125 -0.57675170898438 -0.03691959381104 70004
811573832610864 344 -6.18682861328125 2.82451415061951 0.04005670547485 80004
811605877095304 344 -4.17254638671875 2.18916654586792 0.02787399291992 90004
811317476738266 345 -2.07653760910034 -3.62872910499573 0.01234865095466 4
811349521222725 345 1.41172790527344 4.44732856750488 -0.00982093811035 10004
811381565706986 345 -3.02952575683594 -0.7427607178688 0.01868176460266 20004
811413610190727 345 2.2979736328125 -5.6354193687439 -0.01460981369019 30004
811445654686575 345 0.11911010742188 4.76149463653564 0.0001175403595 40004
811477699170085 345 -2.41729736328125 -2.0443549156189 0.01535129547119 50004
811509743642916 345 2.5078125 -1.70456743240356 -0.01720547676086 60004
811541788132805 345 5.75775146484375 -0.17695939540863 -0.03692245483398 70004
811573832610864 345 -5.98333740234375 3.19030523300171 0.03893566131592 80004
811605877095304 345 -3.94207763671875 2.41933369636536 0.02563047409058 90004
811317476738266 346 -2.27557516098022 -3.52572917938232 0.01441233046353 4
811349521222725 346 1.11676788330078 4.70319318771362 -0.00773286819458 10004
811381565706986 346 -3.22169494628906 -0.52433431148529 0.02069842815399 20004
811413610190727 346 2.46902465820313 -5.53043937683105 -0.01573491096497 30004
811445654686575 346 -0.031494140625 5.0217490196228 0.00011730194092 40004
811477699170085 346 -2.57550048828125 -1.84260368347168 0.0174286365509 50004
811509743642916 346 2.335205078125 -1.40830492973328 -0.01512098312378 60004
811541788132805 346 5.678955078125 0.18424016237259 -0.03692388534546 70004
811573832610864 346 -5.7177734375 3.49113583564758 0.03780794143677 80004
811605877095304 346 -3.73486328125 2.6390016078949 0.02451086044312 90004
811317476738266 347 -2.53418254852295 -3.42754077911377 0.01632712595165 4
811349521222725 347 0.71430206298828 4.96908569335938 -0.00381940603256 10004
811381565706986 347 -3.53395080566406 -0.33455449342728 0.02332520484924 20004
811413610190727 347 2.63748168945313 -5.34423637390137 -0.01686036586761 30004
811445654686575 347 -0.31002807617188 5.27722692489624 0.00215315818787 40004
811477699170085 347 -2.82598876953125 -1.42635154724121 0.01742887496948 50004
811509743642916 347 2.138916015625 -1.03470683097839 -0.01307082176208 60004
811541788132805 347 5.448974609375 0.58776396512985 -0.0348916053772 70004
811573832610864 347 -5.2861328125 3.75211453437805 0.03443098068237 80004
811605877095304 347 -3.50146484375 2.92920088768005 0.02338790893555 90004
811317476738266 348 -2.7149932384491 -3.24166083335876 0.01835062541068 4
811349521222725 348 0.47764587402344 5.35450744628906 -0.00381982326508 10004
811381565706986 348 -3.70469665527344 -0.07860098779202 0.02332520484924 20004
811413610190727 348 2.8013916015625 -5.17529296875 -0.01798570156097 30004
811445654686575 348 -0.6478271484375 5.38405752182007 0.00424313545227 40004
811477699170085 348 -3.11978149414063 -1.08226346969604 0.01952290534973 50004
811509743642916 348 2.11968994140625 -0.63944041728973 -0.01307439804077 60004
811541788132805 348 5.34552001953125 1.01080644130707 -0.03488874435425 70004
811573832610864 348 -4.861328125 3.95908808708191 0.03188467025757 80004
811605877095304 348 -3.41815185546875 3.26897239685059 0.02226495742798 90004
811317476738266 349 -2.85885643959045 -3.00881028175354 0.01835061982274 4
811349521222726 349 0.03575134277344 -9.02826499938965 -0.00000023841858 10004
811381565706986 349 -3.79969787597656 0.25504094362259 0.02534699440002 20004
811413610190727 349 2.91342163085938 -4.95587348937988 -0.01799273490906 30004
811445654686576 349 0.11480712890625 -9.05892848968506 -0.00000095367432 40004
811477699170085 349 -3.52188110351563 -0.82875233888626 0.0215425491333 50004
811509743642916 349 1.97833251953125 -0.2508362531662 -0.01307821273804 60004
811541788132805 349 5.18011474609375 1.31503546237946 -0.03287839889526 70004
811573832610864 349 -4.45050048828125 4.24683046340942 0.02947998046875 80004
811605877095304 349 -3.22991943359375 3.58174157142639 0.02114582061768 90004
811317476738266 350 -2.99445652961731 -2.81469678878784 0.01835061982274 4
811349521222726 350 0.09899139404297 -8.74789047241211 -0.00000083446503 10004
811381565706986 350 -3.83110046386719 0.57246536016464 0.02534639835358 20004
811413610190727 350 2.98287963867188 -4.74742221832275 -0.0191171169281 30004
811445654686576 350 0.2447509765625 -8.73904037475586 -0.0011248588562 40004
811477699170085 350 -3.8687744140625 -0.59963929653168 0.02573204040527 50004
811509743642916 350 1.86151123046875 0.09106818586588 -0.01108026504517 60004
811541788132805 350 5.033935546875 1.49038600921631 -0.03287506103516 70004
811573832610864 350 -4.11395263671875 4.53268718719482 0.0272159576416 80004
811605877095304 350 -3.03973388671875 3.84541726112366 0.02002620697021 90004
811317476738266 351 -3.19618201255798 -2.65169548988342 0.02040110528469 4
811349521222726 351 0.20101165771484 -8.58694934844971 -0.00112503767014 10004
811381565706986 351 -3.831787109375 0.91510772705078 0.02534544467926 20004
811413610190727 351 3.052001953125 -4.52241706848145 -0.01911544799805 30004
811445654686576 351 0.352783203125 -8.38430213928223 -0.00224900245667 40004
811477699170085 351 -4.16403198242188 -0.25302815437317 0.02573490142822 50004
811509743642916 351 1.84228515625 0.48633462190628 -0.01108384132385 60004
811541788132805 351 4.916748046875 1.61581861972809 -0.03082323074341 70004
811573832610864 351 -3.7667236328125 4.85332202911377 0.02495098114014 80004
811605877095304 351 -2.86224365234375 4.14673328399658 0.0189003944397 90004
811317476738266 352 -3.32434749603271 -2.50000739097595 0.02040107920766 4
811349521222726 352 0.29241943359375 -8.21700572967529 -0.00112700462341 10004
811381565706986 352 -3.68782043457031 1.22591650485992 0.02422082424164 20004
811413610190727 352 3.20993041992188 -4.34778738021851 -0.02023720741272 30004
811445654686576 352 0.60043334960938 -8.10842800140381 -0.00337195396423 40004
811477699170085 352 -4.52618408203125 0.02337057329714 0.02978229522705 50004
811509743642916 352 1.7708740234375 0.87554281949997 -0.01108741760254 60004
811541788132805 352 4.5972900390625 1.74621689319611 -0.02880191802979 70004
811573832610864 352 -3.60223388671875 5.08856248855591 0.02382373809814 80004
811605877095304 352 -2.57293701171875 4.34438705444336 0.01664733886719 90004
811317476738266 353 -3.49307942390442 -2.39119267463684 0.02240789681673 4
811349521222726 353 0.38965606689453 -7.84861850738525 -0.0022509098053 10004
811381565706986 353 -3.52362060546875 1.52605509757996 0.02309691905975 20004
811413610190727 353 3.36968994140625 -4.17475986480713 -0.0213588476181 30004
811445654686576 353 0.75546264648438 -7.77997303009033 -0.00449919700623 40004
811477699170085 353 -4.78802490234375 0.38448196649551 0.02978444099426 50004
811509743642916 353 1.594482421875 1.2203015089035 -0.01109075546265 60004
811541788132805 353 4.29302978515625 2.00276494026184 -0.02879905700684 70004
811573832610864 353 -3.275390625 5.32361698150635 0.02158498764038 80004
811605877095304 353 -2.33563232421875 4.59540367126465 0.01553869247437 90004
811317476738266 354 -3.6557183265686 -2.29631423950195 0.02440832182765 4
811349521222726 354 0.49844360351563 -7.5399374961853 -0.00225257873535 10004
811381565706986 354 -3.35061645507813 1.76126706600189 0.02197360992432 20004
811413610190727 354 3.50454711914063 -4.02191781997681 -0.02248096466064 30004
811445654686576 354 0.85125732421875 -7.47297048568726 -0.00450539588928 40004
811477699170085 354 -4.93331909179688 0.74444723129272 0.03187131881714 50004
811509743642916 354 1.42822265625 1.51316571235657 -0.00903367996216 60004
811541788132805 354 4.01531982421875 2.24880504608154 -0.02670335769653 70004
811573832610864 354 -2.94854736328125 5.5575098991394 0.01934194564819 80004
811605877095304 354 -2.13604736328125 4.8182168006897 0.01443004608154 90004
811317476738266 355 -3.83917760848999 -2.11297106742859 0.02440829388797 4
811349521222726 355 0.70819854736328 -7.22187995910645 -0.00449931621552 10004
811381565706986 355 -3.067626953125 1.95464897155762 0.02084946632385 20004
811413610190727 355 3.64324951171875 -3.83179903030396 -0.02247953414917 30004
811445654686576 355 0.96630859375 -7.12044239044189 -0.00563549995422 40004
811477699170085 355 -4.954833984375 1.1993807554245 0.03187322616577 50004
811509743642916 355 1.35772705078125 1.90237390995026 -0.00903725624084 60004
811541788132805 355 3.61260986328125 2.41359639167786 -0.02249622344971 70004
811573832610864 355 -2.67572021484375 5.94376945495605 0.01821422576904 80004
811605877095304 355 -1.84307861328125 5.00662231445313 0.01220083236694 90004
811317476738266 356 -4.05861234664917 -2.01763033866882 0.02634925022721 4
811349521222726 356 0.83072662353516 -6.88976192474365 -0.00449949502945 10004
811381565706986 356 -2.89518737792969 2.20843076705933 0.01972568035126 20004
811413610190727 356 3.8271484375 -3.71556091308594 -0.02360606193542 30004
811445654686576 356 0.94573974609375 -6.77895927429199 -0.00563931465149 40004
811477699170085 356 -4.88922119140625 1.42849981784821 0.03187680244446 50004
811509743642916 356 1.1717529296875 2.21714210510254 -0.00698232650757 60004
811541788132805 356 3.32232666015625 2.69126677513123 -0.02249336242676 70004
811573832610864 356 -2.31121826171875 6.18323993682861 0.01596355438232 80004
811605877095304 356 -1.62384033203125 5.24477481842041 0.01109266281128 90004
811317476738266 357 -4.32638072967529 -1.98247122764587 0.02814129367471 4
811349521222726 357 1.03275299072266 -6.54828453063965 -0.0056237578392 10004
811381565706986 357 -2.78717041015625 2.54228734970093 0.01859891414642 20004
811413610190727 357 4.01199340820313 -3.55413627624512 -0.0247300863266 30004
811445654686576 357 0.81732177734375 -6.4148006439209 -0.00564289093018 40004
811477699170085 357 -4.66519165039063 1.70531618595123 0.03075766563416 50004
811509743642916 357 1.0213623046875 2.60091972351074 -0.00697994232178 60004
811541788132805 357 2.96246337890625 2.97608733177185 -0.01829957962036 70004
811573832610864 357 -1.85028076171875 6.37869358062744 0.01258897781372 80004
811605877095305 357 0.0859375 -9.12150382995605 -0.00000286102295 90004
811317476738266 358 -4.58936500549316 -2.01455307006836 0.02991627901793 4
811349521222726 358 1.27259063720703 -6.22919464111328 -0.00787025690079 10004
811381565706986 358 -2.71368408203125 2.89368867874146 0.01859414577484 20004
811413610190727 358 4.17825317382813 -3.3704948425293 -0.02585387229919 30004
811445654686576 358 0.64862060546875 -6.06488227844238 -0.00356459617615 40004
811477699170085 358 -4.35150146484375 2.06438684463501 0.02851390838623 50004
811509743642916 358 0.9168701171875 3.00353050231934 -0.00697708129883 60004
811541788132805 358 2.59161376953125 3.24213290214539 -0.01618194580078 70004
811573832610865 358 0.0390625 -9.20926856994629 -0.00000095367432 80004
811605877095305 358 0.21484375 -8.7442455291748 -0.00113391876221 90004
811317476738266 359 -4.81458806991577 -2.07027363777161 0.03176975250244 4
811349521222726 359 1.39891815185547 -5.84292888641357 -0.00899487733841 10004
811381565706986 359 -2.52738952636719 3.20814561843872 0.01634764671326 20004
811413610190727 359 4.39361572265625 -3.24092102050781 -0.02810096740723 30004
811445654686576 359 0.60076904296875 -5.67224311828613 -0.00356531143188 40004
811477699170085 359 -4.16644287109375 2.51361703872681 0.02739262580872 50004
811509743642916 359 0.6951904296875 3.36280250549316 -0.00495982170105 60004
811541788132805 359 2.32110595703125 3.62018465995789 -0.01411533355713 70004
811573832610865 359 0.1953125 -8.8248233795166 -0.0011248588562 80004
811605877095305 359 0.21484375 -8.33846855163574 -0.00114154815674 90004
811317476738266 360 -5.08602523803711 -2.0169939994812 0.03359010070562 4
811349521222726 360 1.67254638671875 -5.54247188568115 -0.01011806726456 10004
811381565706986 360 -2.278076171875 3.47549104690552 0.01522350311279 20004
811413610190727 360 4.53375244140625 -3.03256988525391 -0.02810192108154 30004
811445654686576 360 0.46063232421875 -5.3707218170166 -0.00356578826904 40004
811477699170085 360 -3.80902099609375 2.84263467788696 0.02515244483948 50004
811509743642916 360 0.6463623046875 3.78204917907715 -0.00495672225952 60004
811541788132805 360 2.09844970703125 4.02791500091553 -0.01411294937134 70004
811573832610865 360 0.5 -8.5425968170166 -0.0022497177124 80004
811605877095305 360 0.12890625 -8.15458488464355 -0.00114488601685 90004
811317476738266 361 -5.29359006881714 -1.9017915725708 0.03359010070562 4
811349521222726 361 1.97531890869141 -5.36946773529053 -0.01236516237259 10004
811381565706986 361 -2.14549255371094 3.75958871841431 0.01409912109375 20004
811413610190727 361 4.59259033203125 -2.83009481430054 -0.02922534942627 30004
811445654686576 361 0.28704833984375 -5.14403629302979 -0.00153088569641 40004
811477699170085 361 -3.59136962890625 3.19990730285645 0.0240364074707 50004
811509743642916 361 0.49560546875 4.11140489578247 -0.00287294387817 60004
811541788132805 361 1.80841064453125 4.30212879180908 -0.01206254959106 70004
811573832610865 361 0.643310546875 -8.30770301818848 -0.00337600708008 80004
811605877095305 361 0.107421875 -8.09027481079102 -0.00115060806274 90004
811317476738266 362 -5.45239400863647 -1.76524174213409 0.03566481173038 4
811349521222726 362 2.26100921630859 -5.21524333953857 -0.01348906755447 10004
811381565706986 362 -2.02825927734375 4.0269775390625 0.01409649848938 20004
811413610190727 362 4.6033935546875 -2.63445687294006 -0.02922582626343 30004
811445654686576 362 0.10098266601563 -4.94731950759888 -0.00153160095215 40004
811477699170085 362 -3.3935546875 3.53339409828186 0.02291965484619 50004
811509743642916 362 0.293701171875 4.38328170776367 -0.0028703212738 60004
811541788132805 362 1.4901123046875 4.49788618087769 -0.00994873046875 70004
811573832610865 362 0.750732421875 -8.07672691345215 -0.00449895858765 80004
811605877095305 362 0.115478515625 -8.05453491210938 -0.00115633010864 90004
811317476738266 363 -5.54808664321899 -1.59186327457428 0.03566481918097 4
811349521222726 363 2.51763153076172 -4.93355941772461 -0.01573574542999 10004
811381565706986 363 -1.79449462890625 4.27761745452881 0.01184701919556 20004
811413610190727 363 4.53839111328125 -2.40820360183716 -0.02922606468201 30004
811445654686576 363 -0.1365966796875 -4.7202615737915 0.00049567222595 40004
811477699170085 363 -3.045166015625 3.82573699951172 0.02067899703979 50004
811509743642916 363 -0.0230712890625 4.61995267868042 -0.00081396102905 60004
811541788132805 363 1.070556640625 4.61526679992676 -0.00793123245239 70004
811573832610865 363 0.9521484375 -7.74353218078613 -0.00562381744385 80004
811605877095305 363 0.15576171875 -7.96753120422363 -0.00116300582886 90004
811317476738266 364 -5.57494497299194 -1.36170291900635 0.03566483035684 4
811349521222726 364 2.64266204833984 -4.60503387451172 -0.0168594121933 10004
811381565706986 364 -1.67831420898438 4.57174968719482 0.01184463500977 20004
811413610190727 364 4.41583251953125 -2.24727630615234 -0.02922606468201 30004
811445654686576 364 -0.26577758789063 -4.44005393981934 0.00249671936035 40004
811477699170085 364 -2.85366821289063 4.17628002166748 0.01843810081482 50004
811509743642916 364 -0.2152099609375 4.93032693862915 0.00122499465942 60004
811541788132805 364 0.750244140625 4.85774517059326 -0.00577116012573 70004
811573832610865 364 1.20458984375 -7.48431777954102 -0.00674867630005 80004
811605877095305 364 0.1611328125 -7.78777122497559 -0.00116300582886 90004
811317476738266 365 -5.54697751998901 -1.12685334682465 0.03566483035684 4
811349521222726 365 2.80583953857422 -4.29838371276855 -0.01798415184021 10004
811381565706986 365 -1.52879333496094 4.84581470489502 0.01072192192078 20004
811413610190727 365 4.31396484375 -2.06960153579712 -0.02719163894653 30004
811445654686576 365 -0.43829345703125 -4.17097854614258 0.00249481201172 40004
811477699170085 365 -2.61679077148438 4.50092601776123 0.01731514930725 50004
811509743642916 365 -0.44140625 5.21087408065796 0.00324082374573 60004
811541788132805 365 0.450927734375 5.13223075866699 -0.00374698638916 70004
811573832610865 365 1.41192626953125 -7.19616603851318 -0.00899696350098 80004
811605877095305 365 0.1029052734375 -7.55084133148193 -0.00116395950317 90004
811317476738266 366 -5.44732618331909 -0.88896089792252 0.035664845258 4
811349521222726 366 3.05295562744141 -4.01123332977295 -0.01910817623138 10004
811381565706986 366 -1.30366516113281 5.10147142410278 0.00847411155701 20004
811413610190727 366 4.24374389648438 -1.84745836257935 -0.0271919965744 30004
811445654686576 366 -0.6995849609375 -3.90984892845154 0.00456929206848 40004
811477699170085 366 -2.2779541015625 4.80127811431885 0.01507425308228 50004
811509743642917 366 0.01043701171875 -9.28293800354004 0 60004
811541788132806 366 0.011962890625 -9.27973747253418 0 70004
811573832610865 366 1.55499267578125 -6.83350801467896 -0.00901079177856 80004
811605877095305 366 -0.039306640625 -7.2350378036499 0.00084114074707 90004
811317476738266 367 -5.26037740707397 -0.70908004045486 0.03454181551933 4
811349521222726 367 3.16648101806641 -3.64751935005188 -0.02023261785507 10004
811381565706986 367 -1.19792175292969 5.42736339569092 0.00847196578979 20004
811413610190727 367 4.1004638671875 -1.68285655975342 -0.02719211578369 30004
811445654686576 367 -0.86666870117188 -3.57876777648926 0.00456547737122 40004
811477699170085 367 -2.08517456054688 5.2138090133667 0.01395726203918 50004
811509743642917 367 0.1669921875 -8.94631004333496 -0.00000238418579 60004
811541788132806 367 0.19140625 -8.89510154724121 -0.00112104415894 70004
811573832610865 367 1.6871337890625 -6.46721839904785 -0.0101466178894 80004
811605877095305 367 -0.134521484375 -6.8668098449707 0.00083780288696 90004
811317476738266 368 -5.14202356338501 -0.48362758755684 0.0334187336266 4
811349521222726 368 3.385009765625 -3.34395456314087 -0.02135598659515 10004
811381565706987 368 0.0899658203125 -9.11260795593262 -0.00000047683716 20004
811413610190727 368 4.00250244140625 -1.47697103023529 -0.02518510818481 30004
811445654686576 368 -1.04483032226563 -3.25356125831604 0.00659489631653 40004
811477699170085 368 -1.7781982421875 5.53819942474365 0.01171851158142 50004
811509743642917 368 0.3980712890625 -8.66080188751221 -0.00224947929382 60004
811541788132806 368 0.38629150390625 -8.51813411712646 -0.00224113464355 70004
811573832610865 368 1.92364501953125 -6.16686105728149 -0.01128339767456 80004
811605877095305 368 -0.33795166015625 -6.5534782409668 0.0029091835022 90004
811317476738266 369 -5.02482080459595 -0.27957636117935 0.03341864049435 4
811349521222726 369 3.576904296875 -3.05371260643005 -0.02248078584671 10004
811381565706987 369 0.16357421875 -8.83706378936768 -0.00000095367432 20004
811413610190727 369 3.89791870117188 -1.28917527198792 -0.02518534660339 30004
811445654686576 369 -1.25469970703125 -2.98775720596313 0.00863480567932 40004
811477699170086 369 0.02365112304688 -9.20238304138184 0.00000047683716 50004
811509743642917 369 0.5731201171875 -8.44213771820068 -0.00336861610413 60004
811541788132806 369 0.546875 -8.15806198120117 -0.00336122512817 70004
811573832610865 369 2.1318359375 -5.87894010543823 -0.01354265213013 80004
811605877095305 369 -0.552734375 -6.2706093788147 0.00291156768799 90004
811317476738266 370 -4.84135770797729 -0.10305795073509 0.03229550272226 4
811349521222726 370 3.69053649902344 -2.68999862670898 -0.02360552549362 10004
811381565706987 370 0.16357421875 -8.48359870910645 -0.00000095367432 20004
811413610190727 370 3.73086547851563 -1.12340402603149 -0.02315711975098 30004
811445654686576 370 -1.55642700195313 -2.77187156677246 0.01070713996887 40004
811477699170086 370 0.0946044921875 -8.89339256286621 0.00000286102295 50004
811509743642917 370 0.633544921875 -8.26659965515137 -0.0033643245697 60004
811541788132806 370 0.667724609375 -7.75136280059814 -0.00335836410522 70004
811573832610865 370 2.263427734375 -5.51266479492188 -0.01355409622192 80004
811605877095305 370 -0.75872802734375 -5.9500675201416 0.00494623184204 90004
811317476738266 371 -4.74794101715088 0.13897360861301 0.03117242455482 4
811349521222726 371 3.80795288085938 -2.32751774787903 -0.02360635995865 10004
811381565706987 371 0.31715393066406 -8.15428066253662 -0.00112450122833 20004
811413610190727 371 3.64984130859375 -0.90250581502914 -0.02315938472748 30004
811445654686576 371 -1.7711181640625 -2.46929335594177 0.0107090473175 40004
811477699170086 371 0.24703979492188 -8.67086219787598 -0.00112009048462 50004
811509743642917 371 0.8770751953125 -7.98603296279907 -0.00560545921326 60004
811541788132806 371 0.76934814453125 -7.33942556381226 -0.00447463989258 70004
811573832610865 371 2.2872314453125 -5.12430953979492 -0.01467895507813 80004
811605877095305 371 -0.91253662109375 -5.60181665420532 0.00494718551636 90004
811317476738266 372 -4.59216737747192 0.3395664691925 0.03004933707416 4
811349521222726 372 4.02025604248047 -2.0207507610321 -0.02585399150848 10004
811381565706987 372 0.36854553222656 -7.80226516723633 -0.00224947929382 20004
811413610190727 372 3.5140380859375 -0.72096586227417 -0.0231614112854 30004
811445654686576 372 -1.88699340820313 -2.12522077560425 0.01271533966064 40004
811477699170086 372 0.33233642578125 -8.38816452026367 -0.00111818313599 50004
811509743642917 372 1.0260009765625 -7.65440940856934 -0.00560355186462 60004
811541788132806 372 0.9808349609375 -6.98197174072266 -0.00559282302856 70004
811573832610865 372 2.41845703125 -4.7673921585083 -0.01468133926392 80004
811605877095305 372 -1.03094482421875 -5.24101543426514 0.00695323944092 90004
811317476738266 373 -4.45508050918579 0.49175369739532 0.02892627939582 4
811349521222726 373 4.23780059814453 -1.81050848960876 -0.02697759866714 10004
811381565706987 373 0.36454772949219 -7.51175498962402 -0.0022509098053 20004
811413610190727 373 3.39990234375 -0.59902727603912 -0.02112746238708 30004
811445654686576 373 -1.94235229492188 -1.85705530643463 0.0127112865448 40004
811477699170086 373 0.35540771484375 -8.13893890380859 -0.0022394657135 50004
811509743642917 373 1.1177978515625 -7.38425827026367 -0.00672554969788 60004
811541788132806 373 1.1708984375 -6.70690536499023 -0.00670719146729 70004
811573832610865 373 2.57861328125 -4.50365161895752 -0.01580429077148 80004
811605877095305 373 -1.12628173828125 -4.9540433883667 0.00695562362671 90004
811317476738266 374 -4.36167192459106 0.73377931118011 0.02892630174756 4
811349521222726 374 4.57235717773438 -1.62829947471619 -0.02922409772873 10004
811381565706987 374 0.33340454101563 -7.14974975585938 -0.00225257873535 20004
811413610190727 374 3.36099243164063 -0.49379077553749 -0.02112674713135 30004
811445654686576 374 -2.02566528320313 -1.66990864276886 0.01270532608032 40004
811477699170086 374 0.26980590820313 -7.83364915847778 -0.00223779678345 50004
811509743642917 374 1.2989501953125 -7.14386796951294 -0.00784826278687 60004
811541788132806 374 1.271728515625 -6.29496812820435 -0.0078239440918 70004
811573832610865 374 2.85540771484375 -4.23158979415894 -0.0180549621582 80004
811605877095305 374 -1.33740234375 -4.63713502883911 0.00901412963867 90004
811317476738266 375 -4.23329782485962 0.937628865242 0.02780328691006 4
811349521222726 375 4.87545776367188 -1.44268357753754 -0.03034722805023 10004
811381565706987 375 0.35185241699219 -6.81200933456421 -0.00225555896759 20004
811413610190727 375 3.23336791992188 -0.35404595732689 -0.02112579345703 30004
811445654686576 375 -2.23822021484375 -1.44410419464111 0.01478290557861 40004
811477699170086 375 0.15533447265625 -7.56151819229126 -0.00022864341736 50004
811509743642917 375 1.37701416015625 -6.90302848815918 -0.00785493850708 60004
811541788132806 375 1.4874267578125 -5.97042512893677 -0.00894498825073 70004
811573832610865 375 3.03662109375 -3.92076539993286 -0.01919031143188 80004
811605877095305 375 -1.5133056640625 -4.32834053039551 0.0090184211731 90004
811317476738266 376 -4.13128995895386 1.13288736343384 0.02668023109436 4
811349521222726 376 5.12371826171875 -1.23515200614929 -0.03259414434433 10004
811381565706987 376 0.35282897949219 -6.5270881652832 -0.00225818157196 20004
811413610190727 376 3.11358642578125 -0.19802361726761 -0.02112460136414 30004
811445654686576 376 -2.43399047851563 -1.19775879383087 0.01477861404419 40004
811477699170086 376 0.0758056640625 -7.30428695678711 -0.00022792816162 50004
811509743642917 376 1.42254638671875 -6.64687633514404 -0.00898408889771 60004
811541788132806 376 1.7342529296875 -5.70064067840576 -0.01006746292114 70004
811573832610865 376 3.20428466796875 -3.62996959686279 -0.02032518386841 80004
811605877095305 376 -1.70440673828125 -4.06705284118652 0.01108312606812 90004
811317476738266 377 -4.08836221694946 1.37118303775787 0.02668015286326 4
811349521222726 377 5.31594085693359 -0.93600076436996 -0.03371745347977 10004
811381565706987 377 0.28494262695313 -6.28972959518433 -0.00225985050201 20004
811413610190727 377 3.03753662109375 0.00814822502434 -0.01910948753357 30004
811445654686576 377 -2.55874633789063 -0.87498772144318 0.01678872108459 40004
811477699170086 377 0.07623291015625 -7.00841236114502 -0.00022649765015 50004
811509743642917 377 1.46270751953125 -6.30234241485596 -0.00899004936218 60004
811541788132806 377 2.03936767578125 -5.4498405456543 -0.01231098175049 70004
811573832610865 377 3.43157958984375 -3.34645509719849 -0.02146100997925 80004
811605877095305 377 -1.99066162109375 -3.85531902313232 0.01310682296753 90004
811317476738266 378 -3.96256279945374 1.5747926235199 0.02555704861879 4
811349521222726 378 5.37023162841797 -0.69560295343399 -0.03371840715408 10004
811381565706987 378 0.08473205566406 -6.0363450050354 -0.00021708011627 20004
811413610190727 378 2.89300537109375 0.17021882534027 -0.01910853385925 30004
811445654686576 378 -2.79043579101563 -0.62337672710419 0.018798828125 40004
811477699170086 378 0.0770263671875 -6.80296897888184 -0.00022554397583 50004
811509743642917 378 1.52630615234375 -5.96145343780518 -0.0089967250824 60004
811541788132806 378 2.22869873046875 -5.10812282562256 -0.01343011856079 70004
811573832610865 378 3.53802490234375 -3.00345134735107 -0.02259302139282 80004
811605877095305 378 -2.14068603515625 -3.62468528747559 0.01311445236206 90004
811317476738266 379 -3.8582489490509 1.82401394844055 0.02555702067912 4
811349521222726 379 5.32781219482422 -0.369777739048 -0.0337193608284 10004
811381565706987 379 -0.09553527832031 -5.7037148475647 -0.00021708011627 20004
811413610190727 379 2.72824096679688 0.35859537124634 -0.01705682277679 30004
811445654686576 379 -3.12030029296875 -0.4224878847599 0.02088737487793 40004
811477699170086 379 0.1290283203125 -6.5331859588623 -0.00022387504578 50004
811509743642917 379 1.638671875 -5.58316516876221 -0.0101273059845 60004
811541788132806 379 2.48553466796875 -4.74497127532959 -0.01567268371582 70004
811573832610865 379 3.65325927734375 -2.60497188568115 -0.02259206771851 80004
811605877095305 379 -2.22613525390625 -3.28856468200684 0.01514339447021 90004
811317476738266 380 -3.79154133796692 2.07064938545227 0.0244339518249 4
811349521222726 380 5.20137786865234 -0.03912256658077 -0.03371971845627 10004
811381565706987 380 -0.22299194335938 -5.36936855316162 0.00181400775909 20004
811413610190727 380 2.6043701171875 0.55456060171127 -0.01705765724182 30004
811445654686576 380 -3.47344970703125 -0.30926433205605 0.02300310134888 40004
811477699170086 380 0.20538330078125 -6.22829103469849 -0.00022196769714 50004
811509743642917 380 1.77557373046875 -5.23766660690308 -0.01125693321228 60004
811541788132806 380 2.8045654296875 -4.4775128364563 -0.01804876327515 70004
811573832610865 380 3.8057861328125 -2.25331568717957 -0.02371406555176 80004
811605877095305 380 -2.27337646484375 -2.93294882774353 0.0151515007019 90004
811317476738266 381 -3.63198161125183 2.29675006866455 0.02443392015994 4
811349521222726 381 5.00942230224609 0.1720803976059 -0.03170645236969 10004
811381565706987 381 -0.47698974609375 -5.076735496521 0.00391209125519 20004
811413610190727 381 2.5511474609375 0.79998964071274 -0.01705849170685 30004
811445654686576 381 -3.85769653320313 -0.21651187539101 0.02501344680786 40004
811477699170086 381 0.20050048828125 -5.89017915725708 -0.00021910667419 50004
811509743642917 381 1.91229248046875 -4.86574125289917 -0.01126408576965 60004
811541788132806 381 3.2303466796875 -4.32487154006958 -0.02043485641479 70004
811573832610865 381 4.0919189453125 -1.95230937004089 -0.02595901489258 80004
811605877095305 381 -2.42376708984375 -2.65657019615173 0.01516103744507 90004
811317476738266 382 -3.56076860427856 2.5390031337738 0.02331084385514 4
811349521222726 382 4.891845703125 0.52484339475632 -0.03170716762543 10004
811381565706987 382 -0.64411926269531 -4.75484991073608 0.00391149520874 20004
811413610190727 382 2.48117065429688 0.90279841423035 -0.01705896854401 30004
811445654686576 382 -4.12353515625 -0.02402202412486 0.02705383300781 40004
811477699170086 382 0.0711669921875 -5.60272598266602 -0.00021767616272 50004
811509743642917 382 2.16693115234375 -4.59804439544678 -0.013516664505 60004
811541788132806 382 3.5380859375 -4.03668689727783 -0.02267503738403 70004
811573832610865 382 4.25335693359375 -1.59977221488953 -0.02708196640015 80004
811605877095305 382 -2.48956298828125 -2.5323314666748 0.01516914367676 90004
811317476738266 383 -3.42329001426697 2.76920247077942 0.02218776382506 4
811349521222726 383 4.760009765625 0.76553481817245 -0.03170758485794 10004
811381565706987 383 -0.861572265625 -4.43675947189331 0.00599944591522 20004
811413610190727 383 2.41934204101563 1.0936781167984 -0.01503825187683 30004
811445654686576 383 -4.3565673828125 0.26657924056053 0.02705121040344 40004
811477699170086 383 -0.14804077148438 -5.35509777069092 0.00179076194763 50004
811509743642917 383 2.35784912109375 -4.26082611083984 -0.01464223861694 60004
811541788132806 383 3.7568359375 -3.65190076828003 -0.02379322052002 70004
811573832610865 383 4.31732177734375 -1.19730162620544 -0.02708196640015 80004
811605877095305 383 -2.68182373046875 -2.35645580291748 0.01723480224609 90004
811317476738266 384 -3.27016043663025 2.93225979804993 0.02106468193233 4
811349521222726 384 4.60330200195313 0.89019173383713 -0.02965849637985 10004
811381565706987 384 -1.04994201660156 -4.1854043006897 0.0059996843338 20004
811413610190727 384 2.37179565429688 1.26581394672394 -0.01503920555115 30004
811445654686576 384 -4.49447631835938 0.55084228515625 0.02908182144165 40004
811477699170086 384 -0.36532592773438 -5.18681001663208 0.00179386138916 50004
811509743642917 384 2.494384765625 -3.97452783584595 -0.01576519012451 60004
811541788132806 384 3.89923095703125 -3.31401610374451 -0.02491140365601 70004
811573832610865 384 4.28753662109375 -0.86699640750885 -0.02708148956299 80004
811605877095305 384 -2.87481689453125 -2.21871757507324 0.01929712295532 90004
811317476738266 385 -3.04673194885254 3.09556436538696 0.01994160562754 4
811349521222726 385 4.22852325439453 1.04722380638123 -0.02764862775803 10004
811381565706987 385 -1.2398681640625 -3.84760522842407 0.00800967216492 20004
811413610190727 385 2.29562377929688 1.36577808856964 -0.01504027843475 30004
811445654686576 385 -4.53988647460938 0.94376468658447 0.02907919883728 40004
811477699170086 385 -0.64849853515625 -5.00122499465942 0.00386786460876 50004
811509743642917 385 2.76788330078125 -3.68735361099243 -0.01689457893372 60004
811541788132806 385 4.13348388671875 -2.92725539207459 -0.02602386474609 70004
811573832610865 385 4.11566162109375 -0.48908007144928 -0.02708053588867 80004
811605877095305 385 -3.00567626953125 -2.17762565612793 0.01929187774658 90004
811317476738266 386 -2.92432832717896 3.30272483825684 0.01994156464934 4
811349521222726 386 3.98302459716797 1.30136168003082 -0.02559012174606 10004
811381565706987 386 -1.48377990722656 -3.61361289024353 0.01003849506378 20004
811413610190727 386 2.12066650390625 1.48481142520905 -0.01296806335449 30004
811445654686576 386 -4.441162109375 1.27323293685913 0.02907490730286 40004
811477699170086 386 -0.748291015625 -4.85687685012817 0.00386929512024 50004
811509743642917 386 2.88763427734375 -3.3642156124115 -0.01801991462708 60004
811541788132806 386 4.2139892578125 -2.54148650169373 -0.02713108062744 70004
811573832610865 386 3.8485107421875 -0.24616357684135 -0.02498626708984 80004
811605877095305 386 -3.221923828125 -1.99225544929504 0.02138185501099 90004
811317476738266 387 -2.77058601379395 3.48339915275574 0.01881850510836 4
811349521222726 387 3.70299530029297 1.50950050354004 -0.0236439704895 10004
811381565706987 387 -1.7705078125 -3.44785070419312 0.01145124435425 20004
811413610190727 387 1.97177124023438 1.63927924633026 -0.01296615600586 30004
811445654686576 387 -4.26748657226563 1.56311106681824 0.02794575691223 40004
811477699170086 387 -0.89205932617188 -4.71999788284302 0.00588417053223 50004
811509743642917 387 2.99700927734375 -3.03520441055298 -0.01914262771606 60004
811541788132806 387 4.20074462890625 -2.15499901771545 -0.02712965011597 70004
811573832610865 387 3.620361328125 0.02967212349176 -0.0229549407959 80004
811605877095305 387 -3.43597412109375 -1.74802088737488 0.02138328552246 90004
811317476738266 388 -2.57783341407776 3.65280365943909 0.0176954343915 4
811349521222726 388 3.37276458740234 1.69091522693634 -0.02172523736954 10004
811381565706987 388 -2.10650634765625 -3.32016539573669 0.01412916183472 20004
811413610190727 388 1.84341430664063 1.83573591709137 -0.01296412944794 30004
811445654686576 388 -4.02337646484375 1.84025311470032 0.02681756019592 40004
811477699170086 388 -1.09915161132813 -4.56258678436279 0.00794982910156 50004
811509743642917 388 3.126953125 -2.68935513496399 -0.01914215087891 60004
811541788132806 388 4.08770751953125 -1.74627804756165 -0.02712726593018 70004
811573832610865 388 3.42559814453125 0.3667126595974 -0.02295446395874 80004
811605877095305 388 -3.63360595703125 -1.42726063728333 0.02344560623169 90004
811317476738266 389 -2.46023845672607 3.88405728340149 0.01657239533961 4
811349521222726 389 3.13050842285156 1.98492348194122 -0.01963520050049 10004
811381565706987 389 -2.37417602539063 -3.07453608512878 0.01412785053253 20004
811413610190727 389 1.67816162109375 2.00353670120239 -0.01092958450317 30004
811445654686576 389 -3.84988403320313 2.16805934906006 0.02568912506104 40004
811477699170086 389 -1.26577758789063 -4.29291391372681 0.0079505443573 50004
811509743642917 389 3.34576416015625 -2.3892195224762 -0.02138805389404 60004
811541788132806 389 3.93011474609375 -1.35211670398712 -0.02511024475098 70004
811573832610865 389 3.22052001953125 0.69724416732788 -0.02094888687134 80004
811605877095305 389 -3.69952392578125 -1.05238258838654 0.02344703674316 90004
811317476738266 390 -2.3192572593689 4.0799708366394 0.01544934790581 4
811349521222726 390 2.82991790771484 2.16406607627869 -0.01772546768188 10004
811381565706987 390 -2.61447143554688 -2.83541321754456 0.0162318944931 20004
811413610190727 390 1.58737182617188 2.19980621337891 -0.01092934608459 30004
811445654686576 390 -3.63995361328125 2.40066981315613 0.02456188201904 40004
811477699170086 390 -1.49362182617188 -4.11138963699341 0.00999283790588 50004
811509743642917 390 3.58221435546875 -2.13669848442078 -0.02251100540161 60004
811541788132806 390 3.72540283203125 -1.1106082201004 -0.02510833740234 70004
811573832610865 390 3.145263671875 1.04670786857605 -0.02095460891724 80004
811605877095305 390 -3.640869140625 -0.70821899175644 0.02344751358032 90004
811317476738266 391 -2.207444190979 4.26979064941406 0.01432627998292 4
811349521222726 391 2.55908966064453 2.34090828895569 -0.01564276218414 10004
811381565706987 391 -2.84249877929688 -2.61888098716736 0.0183265209198 20004
811413610190727 391 1.51742553710938 2.36341786384583 -0.00890326499939 30004
811445654686576 391 -3.48056030273438 2.57634902000427 0.02343702316284 40004
811477699170086 391 -1.69931030273438 -3.93621826171875 0.00999617576599 50004
811509743642917 391 3.8253173828125 -1.92923951148987 -0.02363395690918 60004
811541788132806 391 3.54168701171875 -0.87239980697632 -0.02304744720459 70004
811573832610865 391 3.06744384765625 1.35859048366547 -0.01889371871948 80004
811605877095305 391 -3.55450439453125 -0.39045950770378 0.02345037460327 90004
811317476738266 392 -2.14852952957153 4.52243900299072 0.0143262790516 4
811349521222726 392 2.31682586669922 2.63493204116821 -0.0156432390213 10004
811381565706987 392 -3.12443542480469 -2.38977193832397 0.02033817768097 20004
811413610190727 392 1.43228149414063 2.47774076461792 -0.00890326499939 30004
811445654686576 392 -3.42306518554688 2.72260808944702 0.02231025695801 40004
811477699170086 392 -1.87326049804688 -3.67079401016235 0.01203894615173 50004
811509743642917 392 4.145751953125 -1.74187469482422 -0.02587652206421 60004
811541788132806 392 3.38421630859375 -0.47823846340179 -0.02098703384399 70004
811573832610865 392 2.88067626953125 1.65875649452209 -0.01890087127686 80004
811605877095305 392 -3.4510498046875 -0.02477934770286 0.02232933044434 90004
811317476738266 393 -2.01839756965637 4.74592399597168 0.01320322882384 4
811349521222726 393 1.97975921630859 2.80768775939941 -0.01180726289749 10004
811381565706987 393 -3.29130554199219 -2.06947445869446 0.02033698558807 20004
811413610190727 393 1.38238525390625 2.70059418678284 -0.00890445709229 30004
811445654686576 393 -3.188720703125 2.95299792289734 0.02118611335754 40004
811477699170086 393 -2.03652954101563 -3.39887094497681 0.012042760849 50004
811509743642917 393 4.36602783203125 -1.44439387321472 -0.02700185775757 60004
811541788132806 393 3.08489990234375 -0.18059676885605 -0.02098417282104 70004
811573832610865 393 2.5634765625 1.87731516361237 -0.0168309211731 80004
811605877095305 393 -3.29376220703125 0.32027173042297 0.02233123779297 90004
811317476738266 394 -1.93560349941254 5.00503492355347 0.0132031980902 4
811349521222726 394 1.68075561523438 3.06932973861694 -0.01180773973465 10004
811381565706987 394 -3.54269409179688 -1.7859879732132 0.02234399318695 20004
811413610190727 394 1.33880615234375 2.94777035713196 -0.00890743732452 30004
811445654686576 394 -3.0006103515625 3.27781271934509 0.02006530761719 40004
811477699170086 394 -2.27609252929688 -3.17103099822998 0.01406073570251 50004
811509743642917 394 4.49407958984375 -1.07818150520325 -0.02812933921814 60004
811541788132806 394 2.85614013671875 0.19847628474236 -0.01892232894897 70004
811573832610865 394 2.29541015625 2.18276071548462 -0.01472568511963 80004
811605877095305 394 -3.14141845703125 0.6951419711113 0.02121162414551 90004
811317476738266 395 -1.87441086769104 5.23665380477905 0.01208012551069 4
811349521222726 395 1.44590759277344 3.33561038970947 -0.00977832078934 10004
811381565706987 395 -3.79872131347656 -1.56423711776733 0.02436375617981 20004
811413610190727 395 1.2911376953125 3.1365807056427 -0.0089099407196 30004
811445654686576 395 -2.83944702148438 3.57633185386658 0.0189414024353 40004
811477699170086 395 -2.53128051757813 -3.02597141265869 0.01616644859314 50004
811509743642917 395 4.5111083984375 -0.73856770992279 -0.02813386917114 60004
811541788132806 395 2.66827392578125 0.53878319263458 -0.01690769195557 70004
811573832610865 395 2.07159423828125 2.45984268188477 -0.0126805305481 80004
811605877095305 395 -2.98150634765625 1.0035959482193 0.02009057998657 90004
811317476738266 396 -1.74444258213043 5.48096752166748 0.01208011806011 4
811349521222726 396 1.15245056152344 3.61665439605713 -0.00766158103943 10004
811381565706987 396 -4.07066345214844 -1.2882399559021 0.0263923406601 20004
811413610190727 396 1.19924926757813 3.27208638191223 -0.00689232349396 30004
811445654686576 396 -2.55331420898438 3.84938788414001 0.01669049263 40004
811477699170086 396 -2.85256958007813 -2.92127323150635 0.01827907562256 50004
811509743642917 396 4.4075927734375 -0.3564096391201 -0.02813601493835 60004
811541788132806 396 2.33721923828125 0.84891426563263 -0.0147762298584 70004
811573832610865 396 1.72393798828125 2.6867561340332 -0.010582447052 80004
811605877095305 396 -2.6917724609375 1.28765547275543 0.01783514022827 90004
811317476738266 397 -1.5888524055481 5.68856954574585 0.01095706503838 4
811349521222726 397 1.01438140869141 3.97173881530762 -0.00564932823181 10004
811381565706987 397 -4.38760375976563 -1.11056661605835 0.02906334400177 20004
811413610190727 397 1.16171264648438 3.50448727607727 -0.00689232349396 30004
811445654686576 397 -2.41827392578125 4.19477033615112 0.01668620109558 40004
811477699170086 397 -3.14437866210938 -2.79666137695313 0.02031660079956 50004
811509743642917 397 4.2593994140625 -0.18156546354294 -0.02813768386841 60004
811541788132806 397 2.1788330078125 1.24307560920715 -0.01477432250977 70004
811573832610865 397 1.51885986328125 3.01728653907776 -0.01058959960938 80004
811605877095305 397 -2.56817626953125 1.58625507354736 0.01670503616333 90004
811317476738267 398 0.12718619406223 -9.03262805938721 0.00000000034925 4
811349521222726 398 0.76657104492188 4.28333616256714 -0.00565010309219 10004
811381565706987 398 -4.64909362792969 -0.83507376909256 0.02906477451324 20004
811413610190727 398 1.05218505859375 3.72472095489502 -0.00689232349396 30004
811445654686576 398 -2.17633056640625 4.49762392044067 0.01443386077881 40004
811477699170086 398 -3.45321655273438 -2.6580982208252 0.02244019508362 50004
811509743642917 398 4.0447998046875 0.09344167262316 -0.02607202529907 60004
811541788132806 398 1.8984375 1.58767783641815 -0.01274919509888 70004
811573832610865 398 1.2122802734375 3.28346633911133 -0.00858116149902 80004
811605877095305 398 -2.52899169921875 1.96474945545197 0.01670837402344 90004
811317476738267 399 0.31601107120514 -8.73834419250488 -0.00112304487266 4
811349521222726 399 0.50530242919922 4.47409963607788 -0.00364023447037 10004
811381565706987 399 -4.79421997070313 -0.56289654970169 0.03106474876404 20004
811413610190727 399 0.92019653320313 3.87580895423889 -0.0068918466568 30004
811445654686576 399 -1.95590209960938 4.73048162460327 0.01330327987671 40004
811477699170086 399 -3.6954345703125 -2.56998825073242 0.02451992034912 50004
811509743642917 399 3.875732421875 0.32490882277489 -0.02606844902039 60004
811541788132806 399 1.66241455078125 1.86381113529205 -0.01061820983887 70004
811573832610865 399 0.9571533203125 3.49603748321533 -0.00644636154175 80004
811605877095305 399 -2.488525390625 2.28522300720215 0.01671171188354 90004
811317476738267 400 0.63388574123383 -8.47161769866943 -0.00336913368665 4
811349521222726 400 0.14456939697266 4.59662055969238 -0.0016924738884 10004
811381565706987 400 -4.86151123046875 -0.20588937401772 0.03106236457825 20004
811413610190727 400 0.72317504882813 4.00435495376587 -0.00481605529785 30004
811445654686576 400 -1.73455810546875 5.02772045135498 0.01217365264893 40004
811477699170086 400 -3.95498657226563 -2.53726887702942 0.02452301979065 50004
811509743642917 400 3.74847412109375 0.52795648574829 -0.02401876449585 60004
811541788132806 400 1.47564697265625 2.24512815475464 -0.01061677932739 70004
811573832610865 400 0.7337646484375 3.81453371047974 -0.00435972213745 80004
811605877095305 400 -2.33197021484375 2.63109564781189 0.01560688018799 90004
811317476738267 401 0.82800143957138 -8.13852500915527 -0.00449217157438 4
811349521222726 401 -0.11798095703125 4.8331413269043 0.00040191411972 10004
811381565706987 401 -4.78804016113281 0.12311332672834 0.03105914592743 20004
811413610190727 401 0.60211181640625 4.1861400604248 -0.00481736660004 30004
811445654686576 401 -1.5345458984375 5.30964994430542 0.00992870330811 40004
811477699170086 401 -4.23532104492188 -2.61429071426392 0.02652788162231 50004
811509743642917 401 3.549560546875 0.6646888256073 -0.02201223373413 60004
811541788132806 401 1.2760009765625 2.5871045589447 -0.00856018066406 70004
811573832610865 401 0.5347900390625 4.11841726303101 -0.00435972213745 80004
811605877095305 401 -2.12872314453125 2.92070889472961 0.01449966430664 90004
811317476738267 402 1.07437908649445 -7.85038566589355 -0.00673826225102 4
811349521222726 402 -0.34379577636719 5.06707382202148 0.00241088867188 10004
811381565706987 402 -4.6385498046875 0.41871872544289 0.02993130683899 20004
811413610190727 402 0.4683837890625 4.3287467956543 -0.00277423858643 30004
811445654686577 402 -0.00833129882813 -9.19661235809326 -0.00000023841858 40004
811477699170086 402 -4.50299072265625 -2.63867044448853 0.02860999107361 50004
811509743642917 402 3.354736328125 0.8778458237648 -0.02201199531555 60004
811541788132806 402 1.1104736328125 2.94497156143188 -0.00650405883789 70004
811573832610865 402 0.32330322265625 4.41338729858398 -0.00232076644897 80004
811605877095305 402 -1.9915771484375 3.23847150802612 0.01339149475098 90004
811317476738267 403 1.38441050052643 -7.5814266204834 -0.00786130968481 4
811349521222726 403 -0.57115173339844 5.29357385635376 0.00447106361389 10004
811381565706987 403 -4.41717529296875 0.70418167114258 0.02880787849426 20004
811413610190727 403 0.31134033203125 4.44702100753784 -0.00277280807495 30004
811445654686577 403 -0.049072265625 -8.94969940185547 -0.00000047683716 40004
811477699170086 403 -4.75857543945313 -2.59083461761475 0.03064060211182 50004
811509743642917 403 3.1595458984375 1.19395685195923 -0.01998376846313 60004
811541788132806 403 0.95184326171875 3.33382511138916 -0.00650024414063 70004
811573832610865 403 0.0859375 4.72009181976318 -0.00031328201294 80004
811605877095305 403 -1.9000244140625 3.60305547714233 0.01228427886963 90004
811317476738267 404 1.58756947517395 -7.18820333480835 -0.01010738220066 4
811349521222726 404 -0.94314575195313 5.45700359344482 0.00641787052155 10004
811381565706987 404 -4.23927307128906 1.03758537769318 0.02768504619598 20004
811413610190727 404 0.17852783203125 4.66020917892456 -0.00074231624603 30004
811445654686577 404 -0.25140380859375 -8.59037017822266 0.00207185745239 40004
811477699170086 404 -4.92898559570313 -2.47955989837646 0.03064322471619 50004
811509743642917 404 2.9691162109375 1.54150819778442 -0.01998376846313 60004
811541788132806 404 0.63836669921875 3.6602144241333 -0.00442934036255 70004
811573832610865 404 -0.14361572265625 5.05251979827881 0.00177431106567 80004
811605877095305 404 -1.6627197265625 3.93112325668335 0.01117897033691 90004
811317476738267 405 1.6580913066864 -6.81018543243408 -0.01010736357421 4
811349521222727 405 0.05584716796875 -9.00175666809082 -0.00000023841858 10004
811381565706987 405 -4.00019836425781 1.27298223972321 0.02656149864197 20004
811413610190727 405 0.00408935546875 4.78969430923462 -0.00074255466461 30004
811445654686577 405 -0.37081909179688 -8.25089454650879 0.0020706653595 40004
811477699170086 405 -5.0836181640625 -2.25000667572021 0.03268814086914 50004
811509743642917 405 2.70611572265625 1.76090931892395 -0.01790022850037 60004
811541788132806 405 0.37872314453125 3.95907735824585 -0.00232410430908 70004
811573832610865 405 -0.42584228515625 5.26099681854248 0.00177192687988 80004
811605877095305 405 -1.575927734375 4.27081680297852 0.01119470596313 90004
811317476738267 406 1.72563409805298 -6.45780515670776 -0.01010733656585 4
811349521222727 406 0.06072998046875 -8.67485904693604 -0.00000047683716 10004
811381565706987 406 -3.80790710449219 1.51344919204712 0.02543580532074 20004
811413610190727 406 -0.14266967773438 4.92487335205078 0.0013393163681 30004
811445654686577 406 -0.41683959960938 -7.92676258087158 0.00206637382507 40004
811477699170086 406 -5.18487548828125 -2.00130772590637 0.03268766403198 50004
811509743642917 406 2.48724365234375 1.98682391643524 -0.01584553718567 60004
811541788132806 406 0.10296630859375 4.1897234916687 -0.0002179145813 70004
811573832610866 406 0.0506591796875 -9.19697570800781 -0.00000095367432 80004
811605877095305 406 -1.46240234375 4.57246017456055 0.01007556915283 90004
811317476738267 407 1.83801603317261 -6.05837678909302 -0.01123038493097 4
811349521222727 407 -0.03631591796875 -8.30142402648926 -0.00000071525574 10004
811381565706987 407 -3.66497802734375 1.84740746021271 0.02431201934814 20004
811413610190727 407 -0.26718139648438 5.12473726272583 0.00133860111237 30004
811445654686577 407 -0.36740112304688 -7.54348564147949 0.00205779075623 40004
811477699170086 407 -5.22195434570313 -1.68649864196777 0.03268671035767 50004
811509743642917 407 2.3087158203125 2.31265497207642 -0.01584553718567 60004
811541788132806 407 -0.28369140625 4.36553335189819 0.00194025039673 70004
811573832610866 407 0.20263671875 -8.87176322937012 -0.00112676620483 80004
811605877095305 407 -1.23858642578125 4.88002014160156 0.00895357131958 90004
811317476738267 408 2.06871438026428 -5.71347904205322 -0.01235342118889 4
811349521222727 408 -0.01010894775391 -7.916428565979 -0.00000071525574 10004
811381565706987 408 -3.42547607421875 2.12061619758606 0.02206480503082 20004
811413610190727 408 -0.39810180664063 5.24865531921387 0.00339376926422 30004
811445654686577 408 -0.27951049804688 -7.19745922088623 0.00205516815186 40004
811477699170086 408 -5.12261962890625 -1.38542604446411 0.03370523452759 50004
811509743642917 408 2.04779052734375 2.50421118736267 -0.01381421089172 60004
811541788132806 408 -0.5601806640625 4.68811368942261 0.00395917892456 70004
811573832610866 408 0.20263671875 -8.5129337310791 -0.00112676620483 80004
811605877095305 408 -1.1666259765625 5.25337648391724 0.00783443450928 90004
811317476738267 409 2.38218402862549 -5.45511531829834 -0.01459947414696 4
811349521222727 409 -0.07453918457031 -7.54149389266968 -0.00000083446503 10004
811381565706987 409 -3.27784729003906 2.44425630569458 0.02206432819366 20004
811413610190728 409 0.10711669921875 -9.07559204101563 -0.00000095367432 30004
811445654686577 409 -0.29049682617188 -6.86841773986816 0.00205397605896 40004
811477699170086 409 -4.94528198242188 -1.13112044334412 0.03258776664734 50004
811509743642917 409 1.841796875 2.7852840423584 -0.01180028915405 60004
811541788132806 409 -0.80615234375 5.03347253799438 0.00603532791138 70004
811573832610866 409 0.1605224609375 -8.1578426361084 -0.00112724304199 80004
811605877095306 409 0.0604248046875 -9.06481552124023 -0.00000476837158 90004
811317476738267 410 2.66489458084106 -5.24273824691772 -0.01684556342661 4
811349521222727 410 -0.15716552734375 -7.21831893920898 -0.00000137090683 10004
811381565706987 410 -3.1619873046875 2.73146843910217 0.02093887329102 20004
811413610190728 410 0.2142333984375 -8.76572704315186 -0.0011237859726 30004
811445654686577 410 -0.37588500976563 -6.59188461303711 0.00205278396606 40004
811477699170086 410 -4.791259765625 -0.94706523418427 0.03146815299988 50004
811509743642917 410 1.66290283203125 3.04649376869202 -0.011803150177 60004
811541788132806 410 -1.01873779296875 5.3082447052002 0.00604152679443 70004
811573832610866 410 0.115478515625 -7.85065746307373 -0.00112771987915 80004
811605877095306 410 0.166259765625 -8.7653226852417 -0.0000114440918 90004
811317476738267 411 2.91097259521484 -4.87484407424927 -0.01796859130263 4
811349521222727 411 -0.20803070068359 -6.80986976623535 0.00201576948166 10004
811381565706987 411 -2.90669250488281 3.02289223670959 0.01981508731842 20004
811413610190728 411 0.2142333984375 -8.33864879608154 -0.00112187862396 30004
811445654686577 411 -0.61599731445313 -6.25677108764648 0.00413465499878 40004
811477699170086 411 -4.739501953125 -0.78649318218231 0.03147220611572 50004
811509743642917 411 1.34375 3.28110146522522 -0.00977063179016 60004
811541788132806 411 -1.33221435546875 5.50525856018066 0.00813913345337 70004
811573832610866 411 0.099853515625 -7.46822643280029 -0.00112867355347 80004
811605877095306 411 0.408447265625 -8.45103740692139 -0.00226593017578 90004
811317476738267 412 2.98315763473511 -4.49676322937012 -0.01909160614014 4
811349521222727 412 -0.18512725830078 -6.45092821121216 0.00201469659805 10004
811381565706987 412 -2.81832885742188 3.28943657875061 0.01868879795074 20004
811413610190728 412 0.06744384765625 -7.99746227264404 -0.00112128257751 30004
811445654686577 412 -0.71392822265625 -5.91138935089111 0.00413131713867 40004
811477699170086 412 -4.54901123046875 -0.57632571458817 0.030353307724 50004
811509743642917 412 1.169921875 3.57814836502075 -0.00771498680115 60004
811541788132807 412 0.1253662109375 -9.03623676300049 0.00000286102295 70004
811573832610866 412 0.0274658203125 -7.30623197555542 -0.00112867355347 80004
811605877095306 412 0.70867919921875 -8.2831916809082 -0.00451135635376 90004
811317476738267 413 3.1532883644104 -4.09937572479248 -0.0202146563679 4
811349521222727 413 -0.25224304199219 -6.05456829071045 0.00201386213303 10004
811381565706987 413 -2.63555908203125 3.58707880973816 0.01756274700165 20004
811413610190728 413 -0.1954345703125 -7.67369699478149 0.00094270706177 30004
811445654686577 413 -0.86404418945313 -5.60811376571655 0.0061297416687 40004
811477699170086 413 -4.3948974609375 -0.30513924360275 0.02923321723938 50004
811509743642917 413 0.9075927734375 3.86216807365417 -0.0056734085083 60004
811541788132807 413 0.19287109375 -8.72203826904297 -0.00111818313599 70004
811573832610866 413 -0.04888916015625 -7.06253910064697 0.00087070465088 80004
811605877095306 413 0.9290771484375 -8.11499309539795 -0.00562715530396 90004
811317476738267 414 3.37130880355835 -3.8189480304718 -0.0213376544416 4
811349521222727 414 -0.38191223144531 -5.74814081192017 0.0020135641098 10004
811381565706987 414 -2.446044921875 3.8339467048645 0.01643812656403 20004
811413610190728 414 -0.4619140625 -7.45172214508057 0.00298988819122 30004
811445654686577 414 -1.00570678710938 -5.40104866027832 0.00612878799438 40004
811477699170086 414 -4.31259155273438 -0.08327874541283 0.02811551094055 50004
811509743642917 414 0.66729736328125 4.06127452850342 -0.00361728668213 60004
811541788132807 414 0.1927490234375 -8.46945953369141 -0.00111818313599 70004
811573832610866 414 -0.1243896484375 -6.81768989562988 0.00087022781372 80004
811605877095306 414 1.0123291015625 -8.00593376159668 -0.00562381744385 90004
811317476738267 415 3.75106477737427 -3.59157276153564 -0.02358372882009 4
811349521222727 415 -0.62567901611328 -5.41656970977783 0.00408869981766 10004
811381565706987 415 -2.33769226074219 4.20605707168579 0.01531434059143 20004
811413610190728 415 -0.795654296875 -7.18583011627197 0.00499141216278 30004
811445654686577 415 -1.10775756835938 -5.00174140930176 0.00612783432007 40004
811477699170086 415 -4.17782592773438 0.09368924051523 0.02699828147888 50004
811509743642917 415 0.50128173828125 4.36378002166748 -0.00361466407776 60004
811541788132807 415 0.1917724609375 -8.10396575927734 -0.00111675262451 70004
811573832610866 415 -0.3580322265625 -6.51461982727051 0.00287103652954 80004
811605877095306 415 1.0228271484375 -7.99778318405151 -0.00562000274658 90004
811317476738267 416 3.9845860004425 -3.2882387638092 -0.02470673248172 4
811349521222727 416 -0.71675872802734 -5.0724458694458 0.00408840179443 10004
811381565706987 416 -2.13764953613281 4.47532415390015 0.01419043540955 20004
811413610190728 416 -0.98019409179688 -6.86592483520508 0.0070253610611 30004
811445654686577 416 -1.30838012695313 -4.70622634887695 0.00815773010254 40004
811477699170086 416 -4.10678100585938 0.36356768012047 0.02700448036194 50004
811509743642917 416 0.29669189453125 4.53693675994873 -0.00156116485596 60004
811541788132807 416 0.15869140625 -7.92532157897949 -0.00111436843872 70004
811573832610866 416 -0.5675048828125 -6.2529239654541 0.00286817550659 80004
811605877095306 416 1.0753173828125 -7.90257883071899 -0.00673151016235 90004
811317476738267 417 4.21937942504883 -3.02211213111877 -0.02695281244814 4
811349521222727 417 -0.83341217041016 -4.76705026626587 0.00611370801926 10004
811381565706987 417 -1.96980285644531 4.73692989349365 0.01306474208832 20004
811413610190728 417 -1.16558837890625 -6.57636451721191 0.00702559947968 30004
811445654686577 417 -1.52182006835938 -4.44843816757202 0.01017642021179 40004
811477699170086 417 -4.00656127929688 0.61276251077652 0.02588677406311 50004
811509743642917 417 0.1146240234375 4.73577499389648 -0.00156259536743 60004
811541788132807 417 0.10650634765625 -7.75285530090332 -0.0011134147644 70004
811573832610866 417 -0.7701416015625 -6.01714372634888 0.00488376617432 80004
811605877095306 417 1.1912841796875 -7.77155590057373 -0.00671625137329 90004
811317476738267 418 4.5516529083252 -2.77356266975403 -0.02919886820018 4
811349521222727 418 -1.06198883056641 -4.45619916915894 0.00611311197281 10004
811381565706987 418 -1.83975219726563 5.07624006271362 0.01193845272064 20004
811413610190728 418 -1.43612670898438 -6.28102111816406 0.00903034210205 30004
811445654686577 418 -1.78640747070313 -4.1662769317627 0.01222014427185 40004
811477699170086 418 -3.81430053710938 0.86483204364777 0.02476859092712 50004
811509743642917 418 -0.06390380859375 5.06160259246826 0.00051021575928 60004
811541788132807 418 0.015869140625 -7.50137138366699 -0.00111198425293 70004
811573832610866 418 -1.017333984375 -5.75742721557617 0.00696039199829 80004
811605877095306 418 1.43695068359375 -7.5668568611145 -0.00894451141357 90004
811317476738267 419 4.76082229614258 -2.38349962234497 -0.03032188303769 4
811349521222727 419 -1.26668548583984 -4.09917163848877 0.00819396972656 10004
811381565706987 419 -1.56111145019531 5.34565687179565 0.01081240177155 20004
811413610190728 419 -1.80380249023438 -6.06366729736328 0.0110787153244 30004
811445654686577 419 -2.0711669921875 -3.86837768554688 0.01221609115601 40004
811477699170086 419 -3.74203491210938 1.19517529010773 0.02477622032166 50004
811509743642917 419 -0.38299560546875 5.29621410369873 0.00250887870789 60004
811541788132807 419 -0.056396484375 -7.42873954772949 0.00090551376343 70004
811573832610866 419 -1.139404296875 -5.39473342895508 0.00695085525513 80004
811605877095306 419 1.6063232421875 -7.20825242996216 -0.01005887985229 90004
811317476738267 420 5.0714111328125 -2.07746505737305 -0.03256798535585 4
811349521222727 420 -1.33846282958984 -3.76581478118896 0.00819337368011 10004
811381565706988 420 -0.12286376953125 -9.04185104370117 -0.00000023841858 20004
811413610190728 420 -2.07662963867188 -5.74505615234375 0.01315069198608 30004
811445654686577 420 -2.2410888671875 -3.50111103057861 0.01427602767944 40004
811477699170086 420 -3.56988525390625 1.47941732406616 0.02365732192993 50004
811509743642918 420 0.12451171875 -9.03780555725098 -0.00000190734863 60004
811541788132807 420 -0.162353515625 -7.27753257751465 0.00090646743774 70004
811573832610866 420 -1.34979248046875 -5.1147632598877 0.00895690917969 80004
811605877095306 420 1.87664794921875 -6.92877244949341 -0.0111722946167 90004
811317476738267 421 5.33537244796753 -1.80014204978943 -0.03369104117155 4
811349521222727 421 -1.39087677001953 -3.53563976287842 0.00819301605225 10004
811381565706988 421 -0.30838012695313 -8.76424407958984 0.00206232070923 20004
811413610190728 421 -2.23538208007813 -5.41334629058838 0.01517558097839 30004
811445654686577 421 -2.36068725585938 -3.25006103515625 0.01427149772644 40004
811477699170086 421 -3.44076538085938 1.7377336025238 0.02253937721252 50004
811509743642918 421 0.2412109375 -8.71758460998535 -0.00112771987915 60004
811541788132807 421 -0.306640625 -7.08191108703613 0.00090885162354 70004
811573832610866 421 -1.51568603515625 -4.85255527496338 0.00894975662231 80004
811605877095306 421 2.11346435546875 -6.77987813949585 -0.01341104507446 90004
811317476738267 422 5.56829404830933 -1.42540633678436 -0.03481401130557 4
811349521222727 422 -1.48545074462891 -3.32701444625854 0.0102322101593 10004
811381565706988 422 -0.56724548339844 -8.48110198974609 0.00415205955505 20004
811413610190728 422 -2.35311889648438 -5.00556755065918 0.01517391204834 30004
811445654686577 422 -2.52523803710938 -3.08700466156006 0.01631617546082 40004
811477699170086 422 -3.35281372070313 2.06039309501648 0.02254509925842 50004
811509743642918 422 0.309814453125 -8.33844375610352 -0.00113034248352 60004
811541788132807 422 -0.5184326171875 -6.78804397583008 0.00292444229126 70004
811573832610866 422 -1.63653564453125 -4.48944568634033 0.01094579696655 80004
811605877095306 422 2.33563232421875 -6.70773077011108 -0.0145263671875 90004
811317476738267 423 5.7187614440918 -1.0091700553894 -0.03593695536256 4
811349521222727 423 -1.52011871337891 -2.91686582565308 0.01023197174072 10004
811381565706988 423 -0.70298767089844 -8.11791133880615 0.00415134429932 20004
811413610190728 423 -2.584228515625 -4.64652824401855 0.01721298694611 30004
811445654686577 423 -2.84359741210938 -2.82519435882568 0.0183584690094 40004
811477699170086 423 -3.1485595703125 2.32926821708679 0.02030515670776 50004
811509743642918 423 0.229736328125 -7.95296192169189 -0.00113153457642 60004
811541788132807 423 -0.6063232421875 -6.43298721313477 0.00293254852295 70004
811573832610866 423 -1.74884033203125 -4.12342548370361 0.0109429359436 80004
811605877095306 423 2.52703857421875 -6.54759740829468 -0.01564073562622 90004
811317476738267 424 5.71043395996094 -0.65455615520477 -0.03593687713146 4
811349521222727 424 -1.65361785888672 -2.55714106559753 0.01023137569427 10004
811381565706988 424 -0.69515991210938 -7.75841522216797 0.00415134429932 20004
811413610190728 424 -2.77859497070313 -4.29666948318481 0.01721298694611 30004
811445654686577 424 -3.02783203125 -2.49035620689392 0.02037119865417 40004
811477699170086 424 -3.06512451171875 2.63127994537354 0.02031087875366 50004
811509743642918 424 0.064208984375 -7.69646406173706 -0.00113272666931 60004
811541788132807 424 -0.59906005859375 -6.09230470657349 0.00409078598022 70004
811573832610866 424 -1.97076416015625 -3.84658694267273 0.01301336288452 80004
811605877095306 424 2.68267822265625 -6.27086639404297 -0.01675605773926 90004
811317476738267 425 5.618971824646 -0.35918670892715 -0.03593682870269 4
811349521222727 425 -1.85639190673828 -2.26991105079651 0.01228511333466 10004
811381565706988 425 -0.60234069824219 -7.44882535934448 0.0041491985321 20004
811413610190728 425 -2.99606323242188 -3.99670934677124 0.019247174263 30004
811445654686577 425 -3.17202758789063 -2.15982127189636 0.02037215232849 40004
811477699170086 425 -2.94448852539063 2.8934371471405 0.01919174194336 50004
811509743642918 425 -0.16351318359375 -7.48962020874023 0.00091314315796 60004
811541788132807 425 -0.6473388671875 -5.78362274169922 0.00410079956055 70004
811573832610866 425 -2.1318359375 -3.56202268600464 0.01301193237305 80004
811605877095306 425 2.89031982421875 -6.02677202224731 -0.01787233352661 90004
811317476738267 426 5.43089532852173 -0.08163271099329 -0.03593676909804 4
811349521222727 426 -2.1256103515625 -1.99837028980255 0.01436883211136 10004
811381565706988 426 -0.41529846191406 -7.15984010696411 0.00302493572235 20004
811413610190728 426 -3.27874755859375 -3.71505069732666 0.02129983901978 30004
811445654686577 426 -3.33242797851563 -1.81257510185242 0.02037334442139 40004
811477699170086 426 -2.75076293945313 3.14433598518372 0.01806831359863 50004
811509743642918 426 -0.45635986328125 -7.27190780639648 0.00291919708252 60004
811541788132807 426 -0.788330078125 -5.47500514984131 0.00410842895508 70004
811573832610866 426 -2.24078369140625 -3.22352409362793 0.01503276824951 80004
811605877095306 426 3.1656494140625 -5.79102182388306 -0.02011919021606 90004
811317476738267 427 5.0905704498291 0.15557324886322 -0.03388815745711 4
811349521222727 427 -2.28937530517578 -1.64899885654449 0.01436847448349 10004
811381565706988 427 -0.11930847167969 -6.94872522354126 0.0007758140564 20004
811413610190728 427 -3.61181640625 -3.49328565597534 0.02334547042847 30004
811445654686577 427 -3.61257934570313 -1.54626929759979 0.02240204811096 40004
811477699170086 427 -2.54751586914063 3.38761949539185 0.01694536209106 50004
811509743642918 427 -0.65045166015625 -6.95775318145752 0.00496482849121 60004
811541788132807 427 -1.03643798828125 -5.23761892318726 0.00613307952881 70004
811573832610866 427 -2.37353515625 -2.91522026062012 0.01502990722656 80004
811605877095306 427 3.317626953125 -5.49742364883423 -0.0212459564209 90004
811317476738267 428 4.8698091506958 0.46617618203163 -0.03184246644378 4
811349521222727 428 -2.44265747070313 -1.32315814495087 0.01639175415039 10004
811381565706988 428 0.05174255371094 -6.7080340385437 0.00077402591705 20004
811413610190728 428 -3.83120727539063 -3.19822478294373 0.02534890174866 30004
811445654686577 428 -3.7723388671875 -1.22922921180725 0.02444672584534 40004
811477699170086 428 -2.43502807617188 3.65741682052612 0.01582360267639 50004
811509743642918 428 -0.8013916015625 -6.64858627319336 0.00496363639832 60004
811541788132807 428 -1.1773681640625 -4.95578575134277 0.00815439224243 70004
811573832610866 428 -2.59613037109375 -2.67830657958984 0.01708745956421 80004
811605877095306 428 3.55084228515625 -5.2569785118103 -0.02237033843994 90004
811317476738267 429 4.73254060745239 0.81922781467438 -0.02979486063123 4
811349521222727 429 -2.64016723632813 -1.03143954277039 0.01639127731323 10004
811381565706988 429 0.24224853515625 -6.47527933120728 -0.00147366523743 20004
811413610190728 429 -4.0269775390625 -2.87998247146606 0.02534925937653 30004
811445654686577 429 -3.88253784179688 -0.88709890842438 0.02444458007813 40004
811477699170086 429 -2.30422973632813 3.91567754745483 0.01582980155945 50004
811509743642918 429 -0.98651123046875 -6.36708974838257 0.00705480575562 60004
811541788132807 429 -1.31982421875 -4.67193651199341 0.00815439224243 70004
811573832610866 429 -2.8038330078125 -2.42501282691956 0.01708507537842 80004
811605877095306 429 3.814453125 -5.03350925445557 -0.02348566055298 90004
811317476738267 430 4.69547986984253 1.23249053955078 -0.02979482151568 4
811349521222727 430 -2.93663787841797 -0.78459531068802 0.01845473051071 10004
811381565706988 430 0.53834533691406 -6.26416444778442 -0.0025988817215 20004
811413610190728 430 -4.2393798828125 -2.54062938690186 0.0274246931076 30004
811445654686577 430 -3.95852661132813 -0.50816535949707 0.02444219589233 40004
811477699170086 430 -2.08834838867188 4.14765787124634 0.01359105110168 50004
811509743642918 430 -1.26666259765625 -6.12724304199219 0.00705289840698 60004
811541788132807 430 -1.522705078125 -4.39562606811523 0.0102276802063 70004
811573832610866 430 -2.94573974609375 -2.09529781341553 0.01912021636963 80004
811605877095306 430 4.1092529296875 -4.80915498733521 -0.02572441101074 90004
811317476738267 431 4.53691577911377 1.50575232505798 -0.02979478612542 4
811349521222727 431 -3.13041687011719 -0.45093411207199 0.02052086591721 10004
811381565706988 431 0.717041015625 -5.94775676727295 -0.00372421741486 20004
811413610190728 431 -4.28836059570313 -2.14326548576355 0.02742564678192 30004
811445654686577 431 -3.86697387695313 -0.13271056115627 0.02556276321411 40004
811477699170086 431 -1.99078369140625 4.44920969009399 0.01359796524048 50004
811509743642918 431 -1.4713134765625 -5.82018375396729 0.00909900665283 60004
811541788132807 431 -1.8233642578125 -4.23084545135498 0.01229810714722 70004
811573832610866 431 -3.21331787109375 -1.85631656646729 0.02117729187012 80004
811605877095306 431 4.38055419921875 -4.55616903305054 -0.02796745300293 90004
811317476738267 432 4.25717496871948 1.75497627258301 -0.02779004536569 4
811349521222727 432 -3.28380584716797 -0.09829024970531 0.02052021026611 10004
811381565706988 432 0.97389221191406 -5.70154428482056 -0.00597333908081 20004
811413610190728 432 -4.2222900390625 -1.75687003135681 0.02742719650269 30004
811445654686577 432 -3.70431518554688 0.21359594166279 0.02443361282349 40004
811477699170086 432 -1.85726928710938 4.65859842300415 0.01248168945313 50004
811509743642918 432 -1.5750732421875 -5.48509120941162 0.00909805297852 60004
811541788132807 432 -2.13128662109375 -4.08087062835693 0.01440095901489 70004
811573832610866 432 -3.3887939453125 -1.66823887825012 0.02118062973022 80004
811605877095306 432 4.688720703125 -4.35328435897827 -0.02909421920776 90004
811317476738267 433 3.96571135520935 1.96520352363586 -0.02574452757835 4
811349521222727 433 -3.40766143798828 0.21189764142036 0.02254903316498 10004
811381565706988 433 1.23171997070313 -5.52020597457886 -0.00709807872772 20004
811413610190728 433 -4.14236450195313 -1.42288851737976 0.02742862701416 30004
811445654686577 433 -3.56246948242188 0.51146870851517 0.02330732345581 40004
811477699170086 433 -1.74365234375 4.80785179138184 0.01136445999146 50004
811509743642918 433 -1.6507568359375 -5.19093990325928 0.01110434532166 60004
811541788132807 433 -2.385498046875 -3.93561387062073 0.01440048217773 70004
811573832610866 433 -3.4818115234375 -1.55062127113342 0.02321243286133 80004
811605877095306 433 4.9609375 -4.18548011779785 -0.03133249282837 90004
811317476738267 434 3.6428074836731 2.22563815116882 -0.02362775802612 4
811349521222727 434 -3.58271026611328 0.5557034611702 0.02254831790924 10004
811381565706988 434 1.53323364257813 -5.31723070144653 -0.00934541225433 20004
811413610190728 434 -4.15472412109375 -1.02268505096436 0.02742922306061 30004
811445654686577 434 -3.51486206054688 0.89505767822266 0.02330303192139 40004
811477699170086 434 -1.67910766601563 5.00976133346558 0.01137137413025 50004
811509743642918 434 -1.85491943359375 -4.88388061523438 0.01109981536865 60004
811541788132807 434 -2.61895751953125 -3.68456983566284 0.01640605926514 70004
811573832610866 434 -3.5166015625 -1.50461959838867 0.02321577072144 80004
811605877095306 434 5.23834228515625 -3.93923902511597 -0.03356742858887 90004
811317476738267 435 3.45367884635925 2.55838298797607 -0.02161370031536 4
811349521222727 435 -3.84925079345703 0.79159325361252 0.02455818653107 10004
811381565706988 435 1.80326843261719 -5.25401544570923 -0.01159405708313 20004
811413610190728 435 -4.030029296875 -0.67499053478241 0.02630770206451 30004
811445654686577 435 -3.34454345703125 1.20849275588989 0.02217650413513 40004
811477699170086 435 -1.49838256835938 5.22226572036743 0.01025485992432 50004
811509743642918 435 -2.100341796875 -4.64418983459473 0.01318168640137 60004
811541788132807 435 -2.90423583984375 -3.54792881011963 0.01841878890991 70004
811573832610866 435 -3.541748046875 -1.39975214004517 0.02321910858154 80004
811605877095306 435 5.39324951171875 -3.63354825973511 -0.03468132019043 90004
811317476738267 436 3.22712206840515 2.86124324798584 -0.02161368727684 4
811349521222727 436 -4.08042907714844 1.0539299249649 0.02664619684219 10004
811381565706988 436 2.07733154296875 -5.14872407913208 -0.01271867752075 20004
811413610190728 436 -3.826416015625 -0.37209185957909 0.02518665790558 30004
811445654686577 436 -3.136474609375 1.5014500617981 0.02105569839478 40004
811477699170087 436 0.0296630859375 -9.14616394042969 0.00000095367432 50004
811509743642918 436 -2.343994140625 -4.40137481689453 0.0152895450592 60004
811541788132807 436 -3.12017822265625 -3.42894172668457 0.02046489715576 70004
811573832610866 436 -3.5609130859375 -1.21189260482788 0.02322196960449 80004
811605877095306 436 5.58282470703125 -3.35314607620239 -0.03579378128052 90004
811317476738267 437 2.90300250053406 3.12005496025085 -0.01956391148269 4
811349521222727 437 -4.24485015869141 1.39592349529266 0.02664548158646 10004
811381565706988 437 2.37103271484375 -4.93851947784424 -0.0149644613266 20004
811413610190728 437 -3.53677368164063 -0.0986535474658 0.02293753623962 30004
811445654686577 437 -2.897705078125 1.80187392234802 0.01881074905396 40004
811477699170087 437 0.11456298828125 -8.75269508361816 0.00000333786011 50004
811509743642918 437 -2.5955810546875 -4.13421821594238 0.01730298995972 60004
811541788132807 437 -3.23077392578125 -3.30624222755432 0.02046489715576 70004
811573832610866 437 -3.56976318359375 -0.91538679599762 0.0232253074646 80004
811605877095306 437 5.8502197265625 -3.10356712341309 -0.03690671920776 90004
811317476738267 438 2.5391538143158 3.37185835838318 -0.01746107265353 4
811349521222727 438 -4.29587554931641 1.80432975292206 0.02664452791214 10004
811381565706988 438 2.57098388671875 -4.60634326934814 -0.01608991622925 20004
811413610190728 438 -3.36767578125 0.29379162192345 0.02181017398834 30004
811445654686577 438 -2.789794921875 2.19968962669373 0.01880645751953 40004
811477699170087 438 0.36553955078125 -8.40125465393066 -0.00223994255066 50004
811509743642918 438 -2.9569091796875 -3.97815132141113 0.01940369606018 60004
811541788132807 438 -3.26397705078125 -3.21748566627502 0.02046537399292 70004
811573832610866 438 -3.50628662109375 -0.72733938694 0.02323246002197 80004
811605877095306 438 5.98712158203125 -2.78750419616699 -0.03802680969238 90004
811317476738267 439 2.30339646339417 3.7055971622467 -0.01541044469923 4
811349521222727 439 -4.24774932861328 2.05975747108459 0.02752721309662 10004
811381565706988 439 2.84979248046875 -4.38168001174927 -0.01833820343018 20004
811413610190728 439 -3.34597778320313 0.68753725290298 0.02180957794189 30004
811445654686577 439 -2.56997680664063 2.51047468185425 0.01655626296997 40004
811477699170087 439 0.6085205078125 -8.07751274108887 -0.00335741043091 50004
811509743642918 439 -3.1666259765625 -3.78901767730713 0.0194034576416 60004
811541788132807 439 -3.27020263671875 -3.20084381103516 0.02046537399292 70004
811573832610866 439 -3.51708984375 -0.47463768720627 0.0232367515564 80004
811605877095306 439 6.03271484375 -2.47424077987671 -0.03802680969238 90004
811317476738267 440 2.03252077102661 4.00677347183228 -0.01335267163813 4
811349521222727 440 -4.08687591552734 2.31096982955933 0.02640354633331 10004
811381565706988 440 3.16636657714844 -4.20664596557617 -0.01946103572845 20004
811413610190728 440 -3.27886962890625 1.07267343997955 0.02180886268616 30004
811445654686577 440 -2.4012451171875 2.79978322982788 0.01655244827271 40004
811477699170087 440 0.781005859375 -7.72135496139526 -0.004478931427 50004
811509743642918 440 -3.372802734375 -3.55118560791016 0.02141070365906 60004
811541788132807 440 -3.27020263671875 -3.20084381103516 0.02046537399292 70004
811573832610866 440 -3.53692626953125 -0.16227343678474 0.02324199676514 80004
811605877095306 440 6.02410888671875 -2.24700284004211 -0.03802871704102 90004
811317476738267 441 1.69038498401642 4.24131536483765 -0.01126896310598 4
811349521222727 441 -3.82945251464844 2.59795498847961 0.02527952194214 10004
811381565706988 441 3.48834228515625 -4.04650163650513 -0.02171003818512 20004
811413610190728 441 -3.10220336914063 1.42709338665009 0.02068531513214 30004
811445654686577 441 -2.30172729492188 3.0840048789978 0.01542472839355 40004
811477699170087 441 0.8916015625 -7.3364896774292 -0.00559878349304 50004
811509743642918 441 -3.60186767578125 -3.26342391967773 0.02348375320435 60004
811541788132807 441 -3.28656005859375 -3.18491125106812 0.02046585083008 70004
811573832610866 441 -3.5267333984375 0.19247603416443 0.02324438095093 80004
811605877095306 441 5.953369140625 -2.10968780517578 -0.03803062438965 90004
811317476738267 442 1.34162199497223 4.46592569351196 -0.00919543579221 4
811349521222727 442 -3.60539245605469 2.91205954551697 0.02415603399277 10004
811381565706988 442 3.73048400878906 -3.77557706832886 -0.02395832538605 20004
811413610190728 442 -2.80389404296875 1.69378364086151 0.01844000816345 30004
811445654686577 442 -2.05160522460938 3.37924814224243 0.0142936706543 40004
811477699170087 442 1.13894653320313 -7.01647710800171 -0.00671720504761 50004
811509743642918 442 -3.76666259765625 -2.93335485458374 0.02348136901855 60004
811541788132807 442 -3.40972900390625 -3.06541705131531 0.0224814414978 70004
811573832610866 442 -3.38482666015625 0.52142441272736 0.02212905883789 80004
811605877095306 442 5.726318359375 -1.88633942604065 -0.03803062438965 90004
811317476738267 443 1.06334161758423 4.73236656188965 -0.00712668709457 4
811349521222727 443 -3.39349365234375 3.20325088500977 0.02190977334976 10004
811381565706988 443 3.937744140625 -3.5072774887085 -0.0250825881958 20004
811413610190728 443 -2.51223754882813 1.92720544338226 0.01619374752045 30004
811445654686577 443 -1.927490234375 3.71179509162903 0.0131618976593 40004
811477699170087 443 1.25350952148438 -6.66292333602905 -0.00783133506775 50004
811509743642918 443 -4.01177978515625 -2.69912719726563 0.02553486824036 60004
811541788132807 443 -3.60028076171875 -2.85224223136902 0.02248668670654 70004
811573832610866 443 -3.3121337890625 0.84634518623352 0.02213478088379 80004
811605877095306 443 5.584716796875 -1.58602499961853 -0.03593301773071 90004
811317476738267 444 0.81301730871201 4.94536828994751 -0.00505116116256 4
811349521222727 444 -3.18807983398438 3.46672010421753 0.0207861661911 10004
811381565706988 444 4.08981323242188 -3.23771810531616 -0.02620732784271 20004
811413610190728 444 -2.28189086914063 2.15304160118103 0.01507174968719 30004
811445654686577 444 -1.80020141601563 4.01429796218872 0.01203370094299 40004
811477699170087 444 1.37271118164063 -6.3406810760498 -0.00782251358032 50004
811509743642918 444 -4.2808837890625 -2.53864097595215 0.02764844894409 60004
811541788132807 444 -3.7818603515625 -2.61818408966064 0.0245213508606 70004
811573832610866 444 -3.221435546875 1.13672602176666 0.02101802825928 80004
811605877095306 444 5.43511962890625 -1.3072761297226 -0.03592872619629 90004
811317476738267 445 0.51410102844238 5.06449794769287 -0.00301020941697 4
811349521222727 445 -2.93047332763672 3.75403475761414 0.01966196298599 10004
811381565706988 445 4.17308044433594 -2.88381314277649 -0.0262109041214 20004
811413610190728 445 -2.13006591796875 2.4473979473114 0.01394605636597 30004
811445654686577 445 -1.5516357421875 4.30954122543335 0.01091408729553 40004
811477699170087 445 1.6201171875 -6.02066850662231 -0.01005959510803 50004
811509743642918 445 -4.63934326171875 -2.45292830467224 0.02974390983582 60004
811541788132807 445 -3.9539794921875 -2.32119917869568 0.02452850341797 70004
811573832610866 445 -3.0166015625 1.43059241771698 0.01989603042603 80004
811605877095306 445 5.168701171875 -1.04633295536041 -0.0338306427002 90004
811317476738267 446 0.22877940535545 5.35435962677002 -0.00089731754269 4
811349521222727 446 -2.64168548583984 4.00974178314209 0.0174149274826 10004
811381565706988 446 4.30632019042969 -2.5457763671875 -0.02733731269836 20004
811413610190728 446 -2.10525512695313 2.84045481681824 0.01394438743591 30004
811445654686577 446 -1.31890869140625 4.61792898178101 0.00866627693176 40004
811477699170087 446 1.72039794921875 -5.63081455230713 -0.01005673408508 50004
811509743642918 446 -4.987548828125 -2.51372098922729 0.0318706035614 60004
811541788132807 446 -4.227783203125 -2.11760091781616 0.02660655975342 70004
811573832610866 446 -2.95672607421875 1.71122086048126 0.01988935470581 80004
811605877095306 446 5.02447509765625 -0.70507085323334 -0.03182125091553 90004
811317476738268 447 -0.00782174244523 -8.99394798278809 -0.00000000000728 4
811349521222727 447 -2.42082977294922 4.34624099731445 0.01629108190536 10004
811381565706988 447 4.53814697265625 -2.245934009552 -0.02846300601959 20004
811413610190728 447 -1.97674560546875 3.23797202110291 0.01281881332397 30004
811445654686577 447 -1.1734619140625 4.99381589889526 0.00866341590881 40004
811477699170087 447 1.92169189453125 -5.25953578948975 -0.0122983455658 50004
811509743642918 447 -5.3720703125 -2.52467155456543 0.03396034240723 60004
811541788132807 447 -4.54156494140625 -1.93106937408447 0.02865743637085 70004
811573832610866 447 -2.79962158203125 2.01900506019592 0.01876068115234 80004
811605877095306 447 4.79815673828125 -0.38727962970734 -0.03181457519531 90004
811317476738268 448 -0.07111949473619 -8.57094955444336 -0.00000000011642 4
811349521222727 448 -2.23873901367188 4.64894580841064 0.01516652107239 10004
811381565706988 448 4.79086303710938 -2.01974153518677 -0.03071093559265 20004
811413610190728 448 -1.8509521484375 3.58214163780212 0.01281654834747 30004
811445654686577 448 -1.14410400390625 5.34631013870239 0.00753879547119 40004
811477699170087 448 2.11102294921875 -4.94090270996094 -0.0134174823761 50004
811509743642918 448 -5.703369140625 -2.45927143096924 0.03601479530334 60004
811541788132807 448 -4.79046630859375 -1.7610912322998 0.03071928024292 70004
811573832610866 448 -2.64666748046875 2.3034827709198 0.01763296127319 80004
811605877095306 448 4.57647705078125 -0.12354394048452 -0.0297327041626 90004
811317476738268 449 -0.27914592623711 -8.15256690979004 0.00202612462454 4
811349521222727 449 -1.94767761230469 4.90239095687866 0.01291936635971 10004
811381565706988 449 5.07321166992188 -1.79057359695435 -0.03183674812317 20004
811413610190728 449 -1.83584594726563 3.98224854469299 0.01281428337097 30004
811445654686577 449 -1.23199462890625 5.7225775718689 0.0075376033783 40004
811477699170087 449 2.20074462890625 -4.54606008529663 -0.01341366767883 50004
811509743642918 449 -6.025634765625 -2.27984237670898 0.03808856010437 60004
811541788132807 449 -4.9659423828125 -1.52777481079102 0.03277492523193 70004
811573832610866 449 -2.58807373046875 2.63560819625854 0.01762533187866 80004
811605877095306 449 4.390869140625 0.19424611330032 -0.02765464782715 90004
811317476738268 450 -0.41675102710724 -7.73908424377441 0.0020261250902 4
811349521222727 450 -1.76908874511719 5.14388179779053 0.01179492473602 10004
811381565706988 450 5.22958374023438 -1.4919308423996 -0.03296184539795 20004
811413610190728 450 -1.67654418945313 4.31763887405396 0.01168859004974 30004
811445654686578 450 0.1094970703125 -8.96146583557129 -0.00000143051147 40004
811477699170087 450 2.4217529296875 -4.24239301681519 -0.01453423500061 50004
811509743642918 450 -6.2344970703125 -2.00882601737976 0.04016637802124 60004
811541788132807 450 -5.0386962890625 -1.22158420085907 0.03277349472046 70004
811573832610866 450 -2.4056396484375 2.91243410110474 0.01649951934814 80004
811605877095306 450 4.1131591796875 0.39935180544853 -0.02765655517578 90004
811317476738268 451 -0.59730166196823 -7.34553909301758 0.00405593775213 4
811349521222727 451 -1.55433654785156 5.39051151275635 0.01067018508911 10004
811381565706988 451 5.34953308105469 -1.17600905895233 -0.03408801555634 20004
811413610190728 451 -1.54733276367188 4.6655707359314 0.01056003570557 30004
811445654686578 451 0.26715087890625 -8.60894107818604 -0.0011248588562 40004
811477699170087 451 2.62728881835938 -3.92724323272705 -0.01677680015564 50004
811509743642918 451 -6.36480712890625 -1.71647202968597 0.04016637802124 60004
811541788132807 451 -5.048095703125 -0.93634152412415 0.0327730178833 70004
811573832610866 451 -2.26336669921875 3.21051168441772 0.01536798477173 80004
811605877095306 451 3.88201904296875 0.64842391014099 -0.02554559707642 90004
811317476738268 452 -0.82489305734634 -6.94322490692139 0.00615207618102 4
811349521222728 452 0.01765441894531 -9.25885200500488 -0.00000011920929 10004
811381565706988 452 5.42678833007813 -0.82483208179474 -0.03409063816071 20004
811413610190728 452 -1.45352172851563 5.05482816696167 0.00943374633789 30004
811445654686578 452 0.49456787109375 -8.26448822021484 -0.00224900245667 40004
811477699170087 452 2.83145141601563 -3.57989382743835 -0.01789498329163 50004
811509743642918 452 -6.4075927734375 -1.38485765457153 0.0421781539917 60004
811541788132807 452 -4.97796630859375 -0.66000545024872 0.03276824951172 70004
811573832610866 452 -2.15557861328125 3.55184245109558 0.01424407958984 80004
811605877095306 452 3.67767333984375 0.95536208152771 -0.02349042892456 90004
811317476738268 453 -0.94509202241898 -6.51529407501221 0.00615207385272 4
811349521222728 453 0.15006256103516 -8.90991878509521 -0.00000071525574 10004
811381565706988 453 5.36796569824219 -0.46610724925995 -0.03409218788147 20004
811413610190728 453 -1.35693359375 5.44344091415405 0.00943493843079 30004
811445654686578 453 0.82586669921875 -8.01190280914307 -0.00449848175049 40004
811477699170087 453 3.1075439453125 -3.28426790237427 -0.01901388168335 50004
811509743642918 453 -6.31787109375 -1.02691507339478 0.04105424880981 60004
811541788132807 453 -4.7806396484375 -0.38073652982712 0.03165245056152 70004
811573832610866 453 -1.9898681640625 3.87015986442566 0.01311540603638 80004
811605877095306 453 3.37127685546875 1.16757667064667 -0.02142763137817 90004
811317476738268 454 -1.01436507701874 -6.09675121307373 0.00615206919611 4
811349521222728 454 0.15644073486328 -8.56721687316895 -0.00112450122833 10004
811381565706988 454 5.22377014160156 -0.1629985421896 -0.03409349918365 20004
811413610190729 454 0.11447143554688 -9.06021881103516 -0.00000071525574 30004
811445654686578 454 1.033935546875 -7.69090461730957 -0.00562787055969 40004
811477699170087 454 3.22930908203125 -3.02172827720642 -0.02013158798218 50004
811509743642918 454 -6.15380859375 -0.77562779188156 0.03992795944214 60004
811541788132807 454 -4.6090087890625 -0.11188431829214 0.03054714202881 70004
811573832610866 454 -1.7962646484375 4.12039613723755 0.01198482513428 80004
811605877095306 454 3.1724853515625 1.44579434394836 -0.0214319229126 90004
811317476738268 455 -1.11874735355377 -5.71953439712524 0.0061520608142 4
811349521222728 455 0.09995269775391 -8.25280952453613 -0.00112509727478 10004
811381565706988 455 5.066650390625 0.06066033989191 -0.03208005428314 20004
811413610190729 455 0.2750244140625 -8.78747749328613 -0.00112330913544 30004
811445654686578 455 1.22976684570313 -7.39273881912231 -0.00787854194641 40004
811477699170087 455 3.3485107421875 -2.76899552345276 -0.02124977111816 50004
811509743642918 455 -5.99798583984375 -0.53713357448578 0.03880262374878 60004
811541788132807 455 -4.4610595703125 0.14503671228886 0.02943849563599 70004
811573832610866 455 -1.63909912109375 4.36515378952026 0.01085233688354 80004
811605877095306 455 2.97833251953125 1.69529151916504 -0.01941013336182 90004
811317476738268 456 -1.35456812381744 -5.352698802948 0.00825605448335 4
811349521222728 456 -0.04003143310547 -7.93391942977905 0.00087839365005 10004
811381565706988 456 4.89619445800781 0.18105213344097 -0.0308256149292 20004
811413610190729 456 0.5091552734375 -8.53493499755859 -0.00224435329437 30004
811445654686578 456 1.50994873046875 -7.12371397018433 -0.00900459289551 40004
811477699170087 456 3.57537841796875 -2.46693587303162 -0.02236795425415 50004
811509743642918 456 -5.87066650390625 -0.21699610352516 0.03880167007446 60004
811541788132807 456 -4.3243408203125 0.43430995941162 0.02832508087158 70004
811573832610866 456 -1.54852294921875 4.68753099441528 0.01084756851196 80004
811605877095306 456 2.6925048828125 1.8933584690094 -0.01731872558594 90004
811317476738268 457 -1.70430409908295 -5.10077428817749 0.01039198506624 4
811349521222728 457 -0.20780181884766 -7.62898874282837 0.00087767839432 10004
811381565706988 457 4.72743225097656 0.45065620541573 -0.03082680702209 20004
811413610190729 457 0.633056640625 -8.21791648864746 -0.00336515903473 30004
811445654686578 457 1.6705322265625 -6.77468919754028 -0.01013422012329 40004
811477699170087 457 3.67501831054688 -2.10689187049866 -0.02348732948303 50004
811509743642918 457 -5.63787841796875 0.03139244765043 0.03655433654785 60004
811541788132807 457 -4.09478759765625 0.6509467959404 0.02721309661865 70004
811573832610866 457 -1.3468017578125 4.95114278793335 0.00971269607544 80004
811605877095306 457 2.500732421875 2.17886257171631 -0.01524448394775 90004
811317476738268 458 -1.99922609329224 -4.83674812316895 0.01242781430483 4
811349521222728 458 -0.34989929199219 -7.33959484100342 0.00291556119919 10004
811381565706988 458 4.5321044921875 0.68876749277115 -0.02875673770905 20004
811413610190729 458 0.77725219726563 -7.94042873382568 -0.00448787212372 30004
811445654686578 458 1.85110473632813 -6.47154712677002 -0.01126074790955 40004
811477699170087 458 3.801513671875 -1.78775179386139 -0.02348780632019 50004
811509743642918 458 -5.4700927734375 0.22899042069912 0.03543043136597 60004
811541788132807 458 -3.9066162109375 0.87113332748413 0.02610015869141 70004
811573832610866 458 -1.183837890625 5.2097020149231 0.00857734680176 80004
811605877095306 458 2.29791259765625 2.42107391357422 -0.01524114608765 90004
811317476738268 459 -2.25188946723938 -4.44371795654297 0.014469278045 4
811349521222728 459 -0.48079681396484 -6.99012327194214 0.00291568040848 10004
811381565706988 459 4.23492431640625 0.89842236042023 -0.02748131752014 20004
811413610190729 459 1.02850341796875 -7.66984748840332 -0.00561463832855 30004
811445654686578 459 2.15185546875 -6.1833062171936 -0.01350665092468 40004
811477699170087 459 4.0438232421875 -1.46411824226379 -0.02572917938232 50004
811509743642918 459 -5.39593505859375 0.41647502779961 0.03542995452881 60004
811541788132807 459 -3.761962890625 1.18106937408447 0.02498817443848 70004
811573832610867 459 0 -9.30537986755371 0 80004
811605877095306 459 1.9912109375 2.63329029083252 -0.01319694519043 90004
811317476738268 460 -2.48511075973511 -4.03885507583618 0.01654715463519 4
811349521222728 460 -0.74706268310547 -6.7287073135376 0.00495362281799 10004
811381565706988 460 4.05435180664063 1.21387279033661 -0.02547883987427 20004
811413610190729 460 1.21353149414063 -7.35062170028687 -0.0067412853241 30004
811445654686578 460 2.26629638671875 -5.88859224319458 -0.01350617408752 40004
811477699170087 460 4.23379516601563 -1.1070876121521 -0.02684688568115 50004
811509743642918 460 -5.18902587890625 0.72190177440643 0.03430604934692 60004
811541788132807 460 -3.5001220703125 1.40020942687988 0.02275419235229 70004
811573832610867 460 -0.0384521484375 -8.98948001861572 -0.00000095367432 80004
811605877095306 460 1.8026123046875 2.95480132102966 -0.0111517906189 90004
811317476738268 461 -2.65961170196533 -3.60779428482056 0.01654714718461 4
811349521222728 461 -0.92302703857422 -6.40860652923584 0.00495362281799 10004
811381565706988 461 3.79609680175781 1.45881736278534 -0.02414405345917 20004
811413610190729 461 1.36245727539063 -7.01433944702148 -0.00786423683167 30004
811445654686578 461 2.50311279296875 -5.60016298294067 -0.01575756072998 40004
811477699170087 461 4.50067138671875 -0.81164526939392 -0.02796459197998 50004
811509743642918 461 -4.90887451171875 0.94988894462585 0.03206086158752 60004
811541788132807 461 -3.2413330078125 1.61901211738586 0.02164316177368 70004
811573832610867 461 -0.018310546875 -8.78334808349609 -0.00000333786011 80004
811605877095306 461 1.577392578125 3.17436218261719 -0.01114845275879 90004
811317476738268 462 -2.82019901275635 -3.24345684051514 0.01857021637261 4
811349521222728 462 -1.06346130371094 -6.1233344078064 0.00699907541275 10004
811381565706988 462 3.56179809570313 1.66169226169586 -0.02286863327026 20004
811413610190729 462 1.49765014648438 -6.72837400436401 -0.00898742675781 30004
811445654686578 462 2.73110961914063 -5.33232355117798 -0.01688289642334 40004
811477699170087 462 4.73794555664063 -0.5613454580307 -0.03020858764648 50004
811509743642918 462 -4.64569091796875 1.12844824790955 0.03094339370728 60004
811541788132807 462 -3.041748046875 1.82364583015442 0.02052211761475 70004
811573832610867 462 0.05804443359375 -8.6360330581665 -0.00000429153442 80004
811605877095306 462 1.36297607421875 3.33174014091492 -0.00910949707031 90004
811317476738268 463 -3.13940453529358 -2.90227580070496 0.02061348035932 4
811349521222728 463 -1.32964324951172 -5.86192226409912 0.00904858112335 10004
811381565706988 463 3.38119506835938 1.97714269161224 -0.02287042140961 20004
811413610190729 463 1.737060546875 -6.44791507720947 -0.01011049747467 30004
811445654686578 463 2.88079833984375 -4.94408273696899 -0.01800584793091 40004
811477699170087 463 4.90365600585938 -0.19200667738914 -0.03132486343384 50004
811509743642918 463 -4.3839111328125 1.3903534412384 0.02869248390198 60004
811541788132807 463 -2.90533447265625 2.11803436279297 0.01939916610718 70004
811573832610867 463 0.2750244140625 -8.40361785888672 -0.00112915039063 80004
811605877095306 463 1.09930419921875 3.55667734146118 -0.00703811645508 90004
811317476738268 464 -3.44660568237305 -2.59283351898193 0.02271391823888 4
811349521222728 464 -1.46145629882813 -5.56987571716309 0.00904780626297 10004
811381565706988 464 3.12568664550781 2.19529318809509 -0.02083492279053 20004
811413610190729 464 1.84771728515625 -6.12616348266602 -0.01123309135437 30004
811445654686578 464 3.01382446289063 -4.57909822463989 -0.01913046836853 40004
811477699170087 464 4.92172241210938 0.150684222579 -0.03132128715515 50004
811509743642918 464 -4.26580810546875 1.65297293663025 0.02756500244141 60004
811541788132807 464 -2.69891357421875 2.35682249069214 0.01827478408813 70004
811573832610867 464 0.358154296875 -8.20602607727051 -0.00225210189819 80004
811605877095306 464 0.94036865234375 3.85763359069824 -0.00702953338623 90004
811317476738268 465 -3.73196649551392 -2.30557298660278 0.02483751066029 4
811349521222728 465 -1.61441802978516 -5.31128549575806 0.01111155748367 10004
811381565706988 465 2.91502380371094 2.41993641853333 -0.01881551742554 20004
811413610190729 465 1.98001098632813 -5.84310579299927 -0.01235628128052 30004
811445654686578 465 3.15176391601563 -4.24625062942505 -0.02025866508484 40004
811477699170087 465 4.86029052734375 0.46779671311378 -0.03131818771362 50004
811509743642918 465 -4.1405029296875 1.87557947635651 0.02756023406982 60004
811541788132807 465 -2.5377197265625 2.59829616546631 0.01715183258057 70004
811573832610867 465 0.43243408203125 -8.03644943237305 -0.00225305557251 80004
811605877095306 465 0.810546875 4.07858657836914 -0.00497913360596 90004
811317476738268 466 -4.0587797164917 -1.97167992591858 0.02694222703576 4
811349521222728 466 -1.88066101074219 -5.04987335205078 0.01111149787903 10004
811381565706988 466 2.7459716796875 2.74163770675659 -0.0168149471283 20004
811413610190729 466 2.21987915039063 -5.56264686584473 -0.01348042488098 30004
811445654686578 466 3.33853149414063 -3.87414455413818 -0.02138876914978 40004
811477699170087 466 4.68405151367188 0.83224272727966 -0.02929997444153 50004
811509743642918 466 -3.92962646484375 2.08800220489502 0.02530908584595 60004
811541788132807 466 -2.43060302734375 2.92364454269409 0.016028881073 70004
811573832610867 466 0.546875 -7.86092567443848 -0.00337791442871 80004
811605877095306 466 0.66864013671875 4.19951486587524 -0.00497627258301 90004
811317476738268 467 -4.40087699890137 -1.73074817657471 0.02899209223688 4
811349521222728 467 -2.03016662597656 -4.70800828933716 0.01311838626862 10004
811381565706988 467 2.45680236816406 2.96173119544983 -0.01681768894196 20004
811413610190729 467 2.5457763671875 -5.38931894302368 -0.01572906970978 30004
811445654686578 467 3.55413818359375 -3.51781129837036 -0.02251744270325 40004
811477699170087 467 4.37002563476563 1.08802175521851 -0.02929997444153 50004
811509743642918 467 -3.80511474609375 2.43525171279907 0.02530384063721 60004
811541788132807 467 -2.3399658203125 3.25421071052551 0.01602792739868 70004
811573832610867 467 0.59173583984375 -7.54770803451538 -0.00337982177734 80004
811605877095306 467 0.54779052734375 4.46385908126831 -0.00294733047485 90004
811317476738268 468 -4.65306520462036 -1.40966057777405 0.0289921015501 4
811349521222728 468 -2.15019226074219 -4.3553991317749 0.01311755180359 10004
811381565706988 468 2.16798400878906 3.18238282203674 -0.01475715637207 20004
811413610190729 468 2.78945922851563 -5.15187549591064 -0.01685416698456 30004
811445654686578 468 3.74920654296875 -3.15009117126465 -0.02364468574524 40004
811477699170087 468 4.0244140625 1.29574739933014 -0.02513098716736 50004
811509743642918 468 -3.59027099609375 2.72560501098633 0.0241756439209 60004
811541788132807 468 -2.16204833984375 3.53871202468872 0.01490497589111 70004
811573832610867 468 0.64208984375 -7.23418045043945 -0.00338172912598 80004
811605877095306 468 0.383544921875 4.65815591812134 -0.00294876098633 90004
811317476738268 469 -4.80173683166504 -1.0446982383728 0.03099914640188 4
811349521222728 469 -2.28616333007813 -4.04207897186279 0.01515203714371 10004
811381565706988 469 1.93067932128906 3.41560554504395 -0.01264894008636 20004
811413610190729 469 2.9769287109375 -4.94461441040039 -0.01910471916199 30004
811445654686578 469 3.95932006835938 -2.83166790008545 -0.02477169036865 40004
811477699170087 469 3.7171630859375 1.50327014923096 -0.02310419082642 50004
811509743642918 469 -3.38006591796875 2.99143695831299 0.02192640304565 60004
811541788132807 469 -1.98504638671875 3.77737665176392 0.01378202438354 70004
811573832610867 469 0.67822265625 -6.94020462036133 -0.00338268280029 80004
811605877095306 469 0.2186279296875 4.85465860366821 -0.00089120864868 90004
811317476738268 470 -4.84120559692383 -0.57908296585083 0.03099915385246 4
811349521222728 470 -2.53278350830078 -3.76214981079102 0.0151509642601 10004
811381565706988 470 1.76246643066406 3.73778963088989 -0.01062524318695 20004
811413610190729 470 3.17147827148438 -4.84113836288452 -0.02022624015808 30004
811445654686578 470 4.28378295898438 -2.5711145401001 -0.02701807022095 40004
811477699170087 470 3.467529296875 1.82223308086395 -0.02310132980347 50004
811509743642918 470 -3.2418212890625 3.33354377746582 0.02191925048828 60004
811541788132807 470 -1.87628173828125 4.01869678497314 0.01266574859619 70004
811573832610867 470 0.68096923828125 -6.62200164794922 -0.00338554382324 80004
811605877095306 470 0.0648193359375 5.19336080551147 -0.00089454650879 90004
811317476738268 471 -4.7382607460022 -0.1570405960083 0.03099916502833 4
811349521222728 471 -2.84552764892578 -3.61394381523132 0.01912248134613 10004
811381565706988 471 1.52531433105469 3.9322350025177 -0.01062643527985 20004
811413610190729 471 3.50381469726563 -4.81736040115356 -0.0224711894989 30004
811445654686578 471 4.38568115234375 -2.38980865478516 -0.02814054489136 40004
811477699170087 471 3.13818359375 2.00270295143127 -0.02097058296204 50004
811509743642918 471 -2.99810791015625 3.57436561584473 0.01967191696167 60004
811541788132807 471 -1.76751708984375 4.3131890296936 0.01155376434326 70004
811573832610867 471 0.8001708984375 -6.35187196731567 -0.00451040267944 80004
811605877095306 471 -0.19110107421875 5.42554378509521 0.00119876861572 90004
811317476738268 472 -4.54091644287109 0.22028078138828 0.02987612783909 4
811349521222728 472 -3.06269836425781 -3.47888541221619 0.01912260055542 10004
811381565706988 472 1.33042907714844 4.15047216415405 -0.00854527950287 20004
811413610190729 472 3.82809448242188 -4.7273850440979 -0.02359592914581 30004
811445654686578 472 4.49462890625 -2.11856913566589 -0.02814483642578 40004
811477699170087 472 2.85342407226563 2.23727941513062 -0.01895666122437 50004
811509743642918 472 -2.839599609375 3.77158308029175 0.01855087280273 60004
811541788132807 472 -1.60028076171875 4.57616519927979 0.01044130325317 70004
811573832610867 472 0.978759765625 -6.12338876724243 -0.00563716888428 80004
811605877095307 472 0.0316162109375 -9.14274597167969 0 90004
811317476738268 473 -4.25931835174561 0.58881092071533 0.0276299752295 4
811349521222728 473 -3.18357086181641 -3.30987119674683 0.02114343643188 10004
811381565706988 473 1.15487670898438 4.41035270690918 -0.00662326812744 20004
811413610190729 473 4.14334106445313 -4.54080009460449 -0.02584278583527 30004
811445654686578 473 4.65509033203125 -1.73930025100708 -0.02927255630493 40004
811477699170087 473 2.6077880859375 2.55918622016907 -0.01689743995667 50004
811509743642918 473 -2.7432861328125 3.95337009429932 0.01855278015137 60004
811541788132807 473 -1.3743896484375 4.82907772064209 0.00931835174561 70004
811573832610867 473 1.209716796875 -5.90968418121338 -0.00676298141479 80004
811605877095307 473 0.1129150390625 -8.79907989501953 -0.00000095367432 90004
811317476738268 474 -4.10433530807495 1.02966690063477 0.02650689333677 4
811349521222728 474 -3.28885650634766 -2.9518620967865 0.02114260196686 10004
811381565706988 474 0.85597229003906 4.61735486984253 -0.00534152984619 20004
811413610190729 474 4.39193725585938 -4.26804447174072 -0.0280898809433 30004
811445654686578 474 4.94805908203125 -1.44324517250061 -0.03152251243591 40004
811477699170087 474 2.38900756835938 2.90021657943726 -0.01481819152832 50004
811509743642918 474 -2.47320556640625 4.20492553710938 0.01630806922913 60004
811541788132807 474 -1.25738525390625 5.15106439590454 0.00819540023804 70004
811573832610867 474 1.3470458984375 -5.62247323989868 -0.007887840271 80004
811605877095307 474 0.28228759765625 -8.48684215545654 -0.00113153457642 90004
811317476738268 475 -3.81191229820251 1.38509202003479 0.02538383379579 4
811349521222728 475 -3.5072021484375 -2.65631341934204 0.02321237325668 10004
811381565706988 475 0.64952087402344 4.90980529785156 -0.00331926345825 20004
811413610190729 475 4.529541015625 -3.93177342414856 -0.02809107303619 30004
811445654686578 475 5.14291381835938 -1.0798716545105 -0.03265166282654 40004
811477699170087 475 2.07168579101563 3.14191222190857 -0.01269364356995 50004
811509743642918 475 -2.263916015625 4.50650310516357 0.01518797874451 60004
811541788132807 475 -1.25335693359375 5.48895263671875 0.00819540023804 70004
811573832610867 475 1.53619384765625 -5.36749458312988 -0.00902032852173 80004
811605877095307 475 0.4984130859375 -8.20676231384277 -0.00226068496704 90004
811317476738268 476 -3.56530213356018 1.76899015903473 0.02313771471381 4
811349521222728 476 -3.68788909912109 -2.33993744850159 0.02321237325668 10004
811381565706988 476 0.44343566894531 5.15218591690063 -0.00201368331909 20004
811413610190729 476 4.62103271484375 -3.57500791549683 -0.02921462059021 30004
811445654686578 476 5.38076782226563 -0.7497860789299 -0.03378462791443 40004
811477699170087 476 1.7117919921875 3.3222279548645 -0.01057147979736 50004
811509743642918 476 -2.01983642578125 4.77359580993652 0.01406645774841 60004
811541788132808 476 0.0931396484375 -9.08855247497559 0.00000095367432 70004
811573832610867 476 1.77490234375 -5.16652631759644 -0.01127958297729 80004
811605877095307 476 0.73052978515625 -7.93974876403809 -0.00450134277344 90004
811317476738268 477 -3.36562585830688 2.21787977218628 0.02201463095844 4
811349521222728 477 -3.82849884033203 -1.97368621826172 0.02523648738861 10004
811381565706989 477 0.027099609375 -9.24727249145508 0 20004
811413610190729 477 4.72552490234375 -3.20159339904785 -0.03033816814423 30004
811445654686578 477 5.67483520507813 -0.46436035633087 -0.03603219985962 40004
811477699170087 477 1.32470703125 3.4995710849762 -0.00844621658325 50004
811509743642918 477 -1.72216796875 5.02266311645508 0.01182222366333 60004
811541788132808 477 0.2646484375 -8.63532733917236 -0.00111865997314 70004
811573832610867 477 2.0677490234375 -4.99748086929321 -0.01241779327393 80004
811605877095307 477 0.95867919921875 -7.6456413269043 -0.00561809539795 90004
811317476738268 478 -3.01705431938171 2.57421493530273 0.01976851560175 4
811349521222728 478 -4.09162139892578 -1.67509078979492 0.02523624897003 10004
811381565706989 478 0.171630859375 -8.9373664855957 0 20004
811413610190729 478 4.95697021484375 -2.88346672058105 -0.03145742416382 30004
811445654686578 478 5.79055786132813 -0.20307080447674 -0.03715181350708 40004
811477699170087 478 1.01904296875 3.80499863624573 -0.00635862350464 50004
811509743642918 478 -1.52545166015625 5.36468887329102 0.01069164276123 60004
811541788132808 478 0.2568359375 -8.36575031280518 -0.00111722946167 70004
811573832610867 478 2.329833984375 -4.78208017349243 -0.01467514038086 80004
811605877095307 478 1.07098388671875 -7.28470993041992 -0.00673246383667 90004
811317476738268 479 -2.85061764717102 3.00795197486877 0.01864543184638 4
811349521222728 479 -4.34534454345703 -1.40156698226929 0.0272930264473 10004
811381565706989 479 0.1806640625 -8.6187915802002 -0.00112307071686 20004
811413610190729 479 5.0372314453125 -2.52568221092224 -0.03145456314087 30004
811445654686578 479 5.79095458984375 0.20185573399067 -0.03714966773987 40004
811477699170087 479 0.8533935546875 4.1725869178772 -0.00635695457458 50004
811509743642919 479 0.013671875 -9.02079391479492 -0.0000011920929 60004
811541788132808 479 0.0435791015625 -7.92743682861328 -0.0011157989502 70004
811573832610867 479 2.54608154296875 -4.55048179626465 -0.01580047607422 80004
811605877095307 479 1.301025390625 -7.01830101013184 -0.00783634185791 90004
811317476738268 480 -2.59255433082581 3.38473272323608 0.01752238348126 4
811349521222728 480 -4.65453338623047 -1.20834875106812 0.02936398983002 10004
811381565706989 480 0.099365234375 -8.3162670135498 -0.00112307071686 20004
811413610190729 480 5.19625854492188 -2.20192098617554 -0.03257942199707 30004
811445654686578 480 5.70123291015625 0.54635244607925 -0.03714799880981 40004
811477699170087 480 0.69601440429688 4.4080491065979 -0.0043511390686 50004
811509743642919 480 -0.044189453125 -8.72711563110352 -0.00000214576721 60004
811541788132808 480 -0.05694580078125 -7.44353914260864 0.00095510482788 70004
811573832610867 480 2.68890380859375 -4.27514123916626 -0.0169243812561 80004
811605877095307 480 1.59368896484375 -6.83266639709473 -0.01006746292114 90004
811317476738268 481 -2.33225131034851 3.68849086761475 0.01527626812458 4
811349521222728 481 -4.94211578369141 -1.06926763057709 0.03136491775513 10004
811381565706989 481 -0.02243041992188 -8.06686592102051 0.00088453292847 20004
811413610190729 481 5.36492919921875 -1.93493735790253 -0.03370440006256 30004
811445654686578 481 5.55206298828125 0.79884612560272 -0.03509187698364 40004
811477699170087 481 0.5284423828125 4.52930593490601 -0.00434994697571 50004
811509743642919 481 -0.12744140625 -8.49760246276855 -0.00000286102295 60004
811541788132808 481 -0.088134765625 -7.00840950012207 0.00095510482788 70004
811573832610867 481 2.78729248046875 -4.02171325683594 -0.01692581176758 80004
811605877095307 481 1.87432861328125 -6.70946502685547 -0.01118230819702 90004
811317476738268 482 -2.17727065086365 4.12934541702271 0.01415322627872 4
811349521222728 482 -5.1964111328125 -0.79621469974518 0.03342628479004 10004
811381565706989 482 -0.19064331054688 -7.79389476776123 0.00088357925415 20004
811413610190729 482 5.43563842773438 -1.5728999376297 -0.03483021259308 30004
811445654686578 482 5.22894287109375 1.06129062175751 -0.0330114364624 40004
811477699170087 482 0.1416015625 4.64943313598633 -0.00013566017151 50004
811509743642919 482 -0.167724609375 -8.35028839111328 0.0020055770874 60004
811541788132808 482 -0.2364501953125 -6.52491092681885 0.00095653533936 70004
811573832610867 482 3.003173828125 -3.78799629211426 -0.01918458938599 80004
811605877095307 482 2.17828369140625 -6.52912044525146 -0.01342010498047 90004
811317476738268 483 -1.90662789344788 4.46250009536743 0.01303014997393 4
811349521222728 483 -5.33168029785156 -0.48130422830582 0.0334261059761 10004
811381565706989 483 -0.25126647949219 -7.50581169128418 0.0008819103241 20004
811413610190729 483 5.5118408203125 -1.23720395565033 -0.03483355045319 30004
811445654686578 483 4.9962158203125 1.15592622756958 -0.03301525115967 40004
811477699170087 483 -0.1556396484375 4.87312269210815 -0.00013399124146 50004
811509743642919 483 -0.29119873046875 -8.12949085235596 0.0019998550415 60004
811541788132808 483 -0.5150146484375 -6.1527853012085 0.00309658050537 70004
811573832610867 483 3.1175537109375 -3.51898980140686 -0.0191969871521 80004
811605877095307 483 2.441162109375 -6.34312772750854 -0.01565790176392 90004
811317476738268 484 -1.65889501571655 4.80988883972168 0.01078404672444 4
811349521222728 484 -5.38545989990234 -0.14486385881901 0.03542739152908 10004
811381565706989 484 -0.31227111816406 -7.215256690979 0.00290369987488 20004
811413610190729 484 5.59439086914063 -0.9029928445816 -0.03595960140228 30004
811445654686578 484 4.75088500976563 1.27789151668549 -0.03094100952148 40004
811477699170087 484 -0.46490478515625 5.0765266418457 0.001948595047 50004
811509743642919 484 -0.3963623046875 -7.87179517745972 0.00199389457703 60004
811541788132808 484 -0.7874755859375 -5.77333498001099 0.0051383972168 70004
811573832610867 484 3.247802734375 -3.25923252105713 -0.0203332901001 80004
811605877095307 484 2.66265869140625 -6.11661720275879 -0.01677322387695 90004
811317476738268 485 -1.48212730884552 5.27301502227783 0.00966101139784 4
811349521222728 485 -5.32903289794922 0.24243228137493 0.03542464971542 10004
811381565706989 485 -0.42764282226563 -6.89535188674927 0.00290286540985 20004
811413610190729 485 5.685302734375 -0.52239853143692 -0.03595888614655 30004
811445654686578 485 4.41043090820313 1.56205773353577 -0.02882480621338 40004
811477699170087 485 -0.871826171875 5.21480512619019 0.0062620639801 50004
811509743642919 485 -0.43890380859375 -7.55095386505127 0.00198674201965 60004
811541788132808 485 -1.0189208984375 -5.2888708114624 0.00716543197632 70004
811573832610867 485 3.4703369140625 -3.00530982017517 -0.02147150039673 80004
811605877095307 485 2.83251953125 -5.78146076202393 -0.01788711547852 90004
811317476738268 486 -1.13355588912964 5.62934589385986 0.00741490116343 4
811349521222728 486 -5.15952301025391 0.51328700780869 0.03430092334747 10004
811381565706989 486 -0.40591430664063 -6.55409669876099 0.00290167331696 20004
811413610190729 486 5.616455078125 -0.13496500253677 -0.03595852851868 30004
811445654686578 486 4.13375854492188 1.9095938205719 -0.02679443359375 40004
811477699170087 486 -1.191650390625 5.50522565841675 0.00835967063904 50004
811509743642919 486 -0.60760498046875 -7.27264881134033 0.0040385723114 60004
811541788132808 486 -1.42584228515625 -4.93433284759521 0.00930738449097 70004
811573832610867 486 3.5738525390625 -2.68201804161072 -0.02259969711304 80004
811605877095307 486 2.85498046875 -5.40354633331299 -0.01788234710693 90004
811317476738269 487 -0.02924304641783 -9.0838508605957 -0.0000000000291 4
811349521222728 487 -4.91790008544922 0.77658134698868 0.03205305337906 10004
811381565706989 487 -0.49522399902344 -6.25126075744629 0.00290095806122 20004
811413610190729 487 5.49075317382813 0.09848031401634 -0.03595781326294 30004
811445654686578 487 3.8138427734375 2.10830068588257 -0.02477216720581 40004
811477699170088 487 0.14208984375 -9.00094413757324 0.00000190734863 50004
811509743642919 487 -0.6656494140625 -6.97770881652832 0.00403738021851 60004
811541788132808 487 -1.6669921875 -4.49801254272461 0.01132583618164 70004
811573832610867 487 3.76611328125 -2.43443012237549 -0.02372169494629 80004
811605877095307 487 2.961181640625 -5.06813430786133 -0.01899862289429 90004
811317476738269 488 -0.14303117990494 -8.7882719039917 -0.00000000017462 4
811349521222728 488 -4.71958923339844 1.08229219913483 0.03092926740646 10004
811381565706989 488 -0.665771484375 -5.98883247375488 0.00493192672729 20004
811413610190729 488 5.27670288085938 0.28568729758263 -0.03393614292145 30004
811445654686578 488 3.51422119140625 2.34937620162964 -0.02275609970093 40004
811477699170088 488 0.27377319335938 -8.60554599761963 -0.00111865997314 50004
811509743642919 488 -0.75714111328125 -6.69411182403564 0.00403666496277 60004
811541788132808 488 -1.9229736328125 -4.06586122512817 0.01133251190186 70004
811573832610867 488 3.9266357421875 -2.16834282875061 -0.02484369277954 80004
811605877095307 488 3.13427734375 -4.7630443572998 -0.02012729644775 90004
811317476738269 489 -0.35810118913651 -8.48331451416016 0.00203743716702 4
811349521222728 489 -4.57590484619141 1.42235624790192 0.02980476617813 10004
811381565706989 489 -0.89427185058594 -5.76444530487061 0.00493133068085 20004
811413610190729 489 4.99057006835938 0.47453606128693 -0.0318911075592 30004
811445654686578 489 3.23983764648438 2.65650796890259 -0.02068948745728 40004
811477699170088 489 0.37518310546875 -8.20277786254883 -0.00223970413208 50004
811509743642919 489 -0.8988037109375 -6.42752933502197 0.00608992576599 60004
811541788132808 489 -2.20892333984375 -3.65554165840149 0.01346063613892 70004
811573832610867 489 4.03955078125 -1.87450623512268 -0.02596616744995 80004
811605877095307 489 3.3544921875 -4.48484039306641 -0.02125310897827 90004
811317476738269 490 -0.65769237279892 -8.25636672973633 0.00414914637804 4
811349521222728 490 -4.31388092041016 1.6879745721817 0.02868187427521 10004
811381565706989 490 -1.10078430175781 -5.51948595046997 0.00696623325348 20004
811413610190729 490 4.77853393554688 0.77653223276138 -0.03188955783844 30004
811445654686578 490 2.86721801757813 2.842209815979 -0.0186448097229 40004
811477699170088 490 0.62100219726563 -7.86244487762451 -0.00336027145386 50004
811509743642919 490 -0.9317626953125 -6.12408208847046 0.00608897209167 60004
811541788132808 490 -2.32427978515625 -3.16310596466064 0.01546621322632 70004
811573832610867 490 4.255615234375 -1.64079105854034 -0.02708911895752 80004
811605877095307 490 3.5531005859375 -4.19121360778809 -0.02237129211426 90004
811317476738269 491 -0.83468407392502 -7.98943519592285 0.00616775127128 4
811349521222728 491 -4.17791748046875 1.9754501581192 0.02755796909332 10004
811381565706989 491 -1.19796752929688 -5.26426792144775 0.00696444511414 20004
811413610190729 491 4.52313232421875 0.95972120761871 -0.02983319759369 30004
811445654686578 491 2.61978149414063 3.09655904769897 -0.01659822463989 40004
811477699170088 491 0.82427978515625 -7.56074714660645 -0.00448083877563 50004
811509743642919 491 -0.921875 -5.86054611206055 0.00608730316162 60004
811541788132808 491 -2.50970458984375 -2.76924204826355 0.01546621322632 70004
811573832610867 491 4.376953125 -1.39680552482605 -0.0270881652832 80004
811605877095307 491 3.74951171875 -3.95644402503967 -0.02348661422729 90004
811317476738269 492 -0.95801347494125 -7.72479152679443 0.0061677438207 4
811349521222728 492 -4.04213714599609 2.26292133331299 0.02643489837646 10004
811381565706989 492 -1.29513549804688 -5.00903081893921 0.00898146629333 20004
811413610190729 492 4.2679443359375 1.14291000366211 -0.02777802944183 30004
811445654686578 492 2.406494140625 3.33396029472351 -0.01660060882568 40004
811477699170088 492 1.04925537109375 -7.28314065933228 -0.00672435760498 50004
811509743642919 492 -0.91143798828125 -5.61173582077026 0.00608491897583 60004
811541788132808 492 -2.74749755859375 -2.40659403800964 0.01752424240112 70004
811573832610867 492 4.49908447265625 -1.15245521068573 -0.02822113037109 80004
811605877095307 492 3.968994140625 -3.74752283096313 -0.02460432052612 90004
811317476738269 493 -0.98916953802109 -7.50940656661987 0.00616773264483 4
811349521222728 493 -3.77999877929688 2.52854347229004 0.02531111240387 10004
811381565706989 493 -1.50181579589844 -4.76408672332764 0.00898051261902 20004
811413610190729 493 4.0562744140625 1.44490706920624 -0.02572739124298 30004
811445654686578 493 2.20382690429688 3.43492221832275 -0.0145583152771 40004
811477699170088 493 1.40585327148438 -7.06326389312744 -0.00896120071411 50004
811509743642919 493 -0.941650390625 -5.38191699981689 0.00608348846436 60004
811541788132808 493 -3.12469482421875 -2.07023787498474 0.01960945129395 70004
811573832610867 493 4.7138671875 -0.91691613197327 -0.02935552597046 80004
811605877095307 493 4.2821044921875 -3.58314633369446 -0.02684211730957 90004
811317476738269 494 -0.90654850006104 -7.192711353302 0.00616771820933 4
811349521222728 494 -3.64491271972656 2.84517812728882 0.02418702840805 10004
811381565706989 494 -1.67520141601563 -4.5204873085022 0.01102697849274 20004
811413610190729 494 3.88885498046875 1.56545221805573 -0.02572739124298 30004
811445654686578 494 1.99771118164063 3.67340040206909 -0.01250004768372 40004
811477699170088 494 1.63787841796875 -6.75358963012695 -0.01007676124573 50004
811509743642919 494 -1.0767822265625 -5.14523506164551 0.00608253479004 60004
811541788132808 494 -3.3359375 -1.65384936332703 0.02165222167969 70004
811573832610867 494 4.940185546875 -0.72494029998779 -0.03161287307739 80004
811605877095307 494 4.49359130859375 -3.33960032463074 -0.0279655456543 90004
811317476738269 495 -0.86664015054703 -6.87671518325806 0.00616770563647 4
811349521222728 495 -3.49068450927734 3.12119722366333 0.0230633020401 10004
811381565706989 495 -1.79029846191406 -4.27452039718628 0.01102638244629 20004
811413610190729 495 3.72564697265625 1.71963715553284 -0.02365612983704 30004
811445654686578 495 1.763427734375 3.90130639076233 -0.01250004768372 40004
811477699170088 495 1.86355590820313 -6.47124814987183 -0.01119637489319 50004
811509743642919 495 -1.17730712890625 -4.90697908401489 0.00808835029602 60004
811541788132808 495 -3.56939697265625 -1.2940366268158 0.02376794815063 70004
811573832610867 495 5.12451171875 -0.52577483654022 -0.03274536132813 80004
811605877095307 495 4.63079833984375 -3.07627654075623 -0.02909231185913 90004
811317476738269 496 -0.92045992612839 -6.50466108322144 0.00616769772023 4
811349521222728 496 -3.22857666015625 3.38681554794312 0.02081680297852 10004
811381565706989 496 -1.84408569335938 -3.95851993560791 0.01102554798126 20004
811413610190729 496 3.51373291015625 2.02163410186768 -0.02365803718567 30004
811445654686578 496 1.418701171875 4.13499307632446 -0.00834250450134 40004
811477699170088 496 2.17071533203125 -6.18493843078613 -0.01343894004822 50004
811509743642919 496 -1.2166748046875 -4.60429000854492 0.00808691978455 60004
811541788132808 496 -3.947509765625 -0.9576803445816 0.02587890625 70004
811573832610867 496 5.28125 -0.24941968917847 -0.03387451171875 80004
811605877095307 496 4.7054443359375 -2.72956347465515 -0.03021478652954 90004
811317476738269 497 -1.049919962883 -6.30705833435059 0.006167688407 4
811349521222728 497 -3.09490966796875 3.76177358627319 0.02081489562988 10004
811381565706989 497 -1.95686340332031 -3.63570213317871 0.01304507255554 20004
811413610190729 497 3.17291259765625 2.21809864044189 -0.02154922485352 30004
811445654686578 497 1.190185546875 4.51627206802368 -0.00834321975708 40004
811477699170088 497 2.33868408203125 -5.76970100402832 -0.01456022262573 50004
811509743642919 497 -1.3524169921875 -4.39132308959961 0.00808572769165 60004
811541788132808 497 -4.162353515625 -0.46229326725006 0.02588558197021 70004
811573832610867 497 5.3076171875 0.08885844051838 -0.03387308120728 80004
811605877095307 497 4.9339599609375 -2.42880511283875 -0.03132772445679 90004
811317476738269 498 -1.12533485889435 -5.96003770828247 0.00616767816246 4
811349521222728 498 -2.85179138183594 4.06800413131714 0.01856821775436 10004
811381565706989 498 -1.97242736816406 -3.29883861541748 0.01304364204407 20004
811413610190729 498 2.91815185546875 2.50881099700928 -0.019491314888 30004
811445654686578 498 0.857666015625 4.79914903640747 -0.00620985031128 40004
811477699170088 498 2.50625610351563 -5.35453796386719 -0.01567840576172 50004
811509743642919 498 -1.53228759765625 -4.14263343811035 0.0101044178009 60004
811541788132808 498 -4.51824951171875 -0.06936098635197 0.02792882919312 70004
811573832610867 498 5.22564697265625 0.41222009062767 -0.03387308120728 80004
811605877095307 498 5.0504150390625 -2.07624506950378 -0.03243923187256 90004
811317476738269 499 -1.21831583976746 -5.66347551345825 0.00819037575275 4
811349521222728 499 -2.66184997558594 4.35028076171875 0.01744449138641 10004
811381565706989 499 -1.92839050292969 -3.0048770904541 0.01304113864899 20004
811413610190729 499 2.74569702148438 2.71337413787842 -0.01748847961426 30004
811445654686578 499 0.56838989257813 5.00481367111206 -0.0041401386261 40004
811477699170088 499 2.69247436523438 -5.0143518447876 -0.01679825782776 50004
811509743642919 499 -1.65399169921875 -3.89282274246216 0.01009964942932 60004
811541788132808 499 -4.76666259765625 0.21967786550522 0.0300464630127 70004
811573832610867 499 5.12200927734375 0.61619740724564 -0.03387689590454 80004
811605877095307 499 5.058837890625 -1.7527334690094 -0.03243064880371 90004
811317476738269 500 -1.37548220157623 -5.38492965698242 0.00819036737084 4
811349521222728 500 -2.50993347167969 4.71377468109131 0.01632142066956 10004
811381565706989 500 -1.83065795898438 -2.67723512649536 0.01191508769989 20004
811413610190729 500 2.58309936523438 2.8579421043396 -0.01748919487 30004
811445654686578 500 0.29519653320313 5.24208307266235 -0.00203633308411 40004
811477699170088 500 2.97235107421875 -4.66601276397705 -0.01904010772705 50004
811509743642919 500 -1.708984375 -3.57333755493164 0.01112747192383 60004
811541788132808 500 -4.92755126953125 0.5203720331192 0.0320987701416 70004
811573832610867 500 4.97869873046875 0.7391716837883 -0.03185653686523 80004
811605877095307 500 4.957275390625 -1.39182472229004 -0.03242540359497 90004
811317476738269 501 -1.43288660049438 -4.98809194564819 0.00819036085159 4
811349521222728 501 -2.23025512695313 4.99711132049561 0.01519685983658 10004
811381565706989 501 -1.71371459960938 -2.3556981086731 0.01190900802612 20004
811413610190729 501 2.39315795898438 3.20250463485718 -0.01546490192413 30004
811445654686578 501 0.08865356445313 5.6352105140686 0.00003886222839 40004
811477699170088 501 3.29461669921875 -4.35481739044189 -0.02015829086304 50004
811509743642919 501 -1.68682861328125 -3.24834823608398 0.01111912727356 60004
811541788132808 501 -5.32989501953125 0.87915289402008 0.03413486480713 70004
811573832610867 501 4.67303466796875 0.88702553510666 -0.02976989746094 80004
811605877095307 501 4.725830078125 -1.09171676635742 -0.03032922744751 90004
811317476738269 502 -1.51509046554565 -4.66993474960327 0.01019426994026 4
811349521222728 502 -2.09504699707031 5.31374597549438 0.01407271623611 10004
811381565706989 502 -1.60478210449219 -2.07706260681152 0.01078391075134 20004
811413610190729 502 2.13116455078125 3.41957092285156 -0.01342213153839 30004
811445654686579 502 0.1259765625 -9.03488731384277 -0.00000095367432 40004
811477699170088 502 3.56561279296875 -4.07176399230957 -0.02239918708801 50004
811509743642919 502 -1.77264404296875 -2.98034763336182 0.01111340522766 60004
811541788132808 502 -5.60797119140625 1.2584742307663 0.0362024307251 70004
811573832610867 502 4.47369384765625 1.10285174846649 -0.02977466583252 80004
811605877095307 502 4.4510498046875 -0.9113781452179 -0.02825212478638 90004
811317476738269 503 -1.66420829296112 -4.34617042541504 0.01019427739084 4
811349521222728 503 -1.90581512451172 5.62517499923706 0.01294833421707 10004
811381565706989 503 -1.54983520507813 -1.78899216651917 0.0107843875885 20004
811413610190729 503 1.88037109375 3.68099880218506 -0.01142179965973 30004
811445654686579 503 0.211669921875 -8.68046951293945 -0.00112509727478 40004
811477699170088 503 3.78176879882813 -3.72304368019104 -0.02352142333984 50004
811509743642919 503 -1.91900634765625 -2.71640062332153 0.01314067840576 60004
811541788132808 503 -5.7978515625 1.71438920497894 0.03821277618408 70004
811573832610867 503 4.23333740234375 1.29910099506378 -0.02770233154297 80004
811605877095307 503 4.12640380859375 -0.77336251735687 -0.02622318267822 90004
811317476738269 504 -1.86299681663513 -4.0294713973999 0.0122077697888 4
811349521222729 504 0.017822265625 -9.26716804504395 0 10004
811381565706989 504 -1.57975769042969 -1.50935161113739 0.01078462600708 20004
811413610190729 504 1.66799926757813 3.97762155532837 -0.01142156124115 30004
811445654686579 504 0.236328125 -8.31229400634766 -0.00112581253052 40004
811477699170088 504 3.89999389648438 -3.32185482978821 -0.02464175224304 50004
811509743642919 504 -2.1002197265625 -2.47147989273071 0.01314091682434 60004
811541788132808 504 -5.85015869140625 2.21186566352844 0.03821134567261 70004
811573832610867 504 3.9581298828125 1.45212304592133 -0.02558374404907 80004
811605877095307 504 3.79095458984375 -0.66429603099823 -0.02415418624878 90004
811317476738269 505 -1.97375857830048 -3.67025756835938 0.01220776792616 4
811349521222729 505 0.1514892578125 -8.98060512542725 -0.00000071525574 10004
811381565706989 505 -1.69551086425781 -1.21033179759979 0.01078474521637 20004
811413610190729 505 1.35772705078125 4.17665529251099 -0.00940036773682 30004
811445654686579 505 0.3974609375 -7.97579383850098 -0.00225019454956 40004
811477699170088 505 3.92837524414063 -2.90298676490784 -0.02463674545288 50004
811509743642919 505 -2.2393798828125 -2.19962191581726 0.01518583297729 60004
811541788132808 505 -5.71282958984375 2.69852209091187 0.03708457946777 70004
811573832610867 505 3.7567138671875 1.69880402088165 -0.02351140975952 80004
811605877095307 505 3.51263427734375 -0.44242459535599 -0.02203893661499 90004
811317476738269 506 -2.18082690238953 -3.39401364326477 0.01423012372106 4
811349521222729 506 0.20122528076172 -8.69255924224854 -0.00112509727478 10004
811381565706989 506 -1.80322265625 -1.06916391849518 0.01078402996063 20004
811413610190729 506 1.15109252929688 4.44499588012695 -0.00731801986694 30004
811445654686579 506 0.43170166015625 -7.72332620620728 -0.00225138664246 40004
811477699170088 506 4.08242797851563 -2.54985332489014 -0.02575445175171 50004
811509743642919 506 -2.44378662109375 -2.00760817527771 0.01518702507019 60004
811541788132808 506 -5.4993896484375 3.11686539649963 0.03595685958862 70004
811573832610867 506 3.50628662109375 1.84978973865509 -0.02351140975952 80004
811605877095307 506 3.341552734375 -0.16469457745552 -0.02203989028931 90004
811317476738269 507 -2.38632416725159 -3.14248204231262 0.01423010975122 4
811349521222729 507 0.19211578369141 -8.42423820495605 -0.00112640857697 10004
811381565706989 507 -1.88847351074219 -0.99208724498749 0.01280283927917 20004
811413610190729 507 0.95947265625 4.67893886566162 -0.00731766223907 30004
811445654686579 507 0.4581298828125 -7.47548055648804 -0.00225138664246 40004
811477699170088 507 4.21139526367188 -2.21776986122131 -0.02687287330627 50004
811509743642919 507 -2.6253662109375 -1.82249641418457 0.01719856262207 60004
811541788132808 507 -5.24932861328125 3.44792914390564 0.03483104705811 70004
811573832610867 507 3.2806396484375 1.99873864650726 -0.02139902114868 80004
811605877095307 507 3.180908203125 0.07911068201065 -0.02003860473633 90004
811317476738269 508 -2.60314989089966 -2.80521416664124 0.01631129719317 4
811349521222729 508 0.080322265625 -8.10609245300293 -0.00112718343735 10004
811381565706989 508 -1.95243835449219 -0.9502180814743 0.01280093193054 20004
811413610190729 508 0.66659545898438 4.86678218841553 -0.00523865222931 30004
811445654686579 508 0.5572509765625 -7.09009695053101 -0.00337719917297 40004
811477699170088 508 4.24166870117188 -1.77097725868225 -0.02686643600464 50004
811509743642919 508 -2.7738037109375 -1.53251457214355 0.01719975471497 60004
811541788132808 508 -4.85809326171875 3.72159934043884 0.03146076202393 70004
811573832610867 508 3.0657958984375 2.26186490058899 -0.0193247795105 80004
811605877095307 508 2.91619873046875 0.29062229394913 -0.01794624328613 90004
811317476738269 509 -2.76632690429688 -2.46659803390503 0.0183385591954 4
811349521222729 509 -0.05561828613281 -7.82071399688721 0.000892162323 10004
811381565706989 509 -1.97189331054688 -0.91868871450424 0.01279962062836 20004
811413610190729 509 0.32373046875 5.00232315063477 -0.00320196151733 30004
811445654686579 509 0.79476928710938 -6.80194902420044 -0.00450420379639 40004
811477699170088 509 4.09060668945313 -1.37904036045074 -0.02686285972595 50004
811509743642919 509 -3.01458740234375 -1.34482073783875 0.01922106742859 60004
811541788132808 509 -4.6063232421875 4.15934324264526 0.03035259246826 70004
811573832610867 509 2.779052734375 2.40047788619995 -0.01732587814331 80004
811605877095307 509 2.7578125 0.60883450508118 -0.01794242858887 90004
811317476738269 510 -2.95513129234314 -2.15064311027527 0.01833853125572 4
811349521222729 510 -0.26343536376953 -7.59148502349854 0.00089138746262 10004
811381565706989 510 -1.98799133300781 -0.8947046995163 0.01279807090759 20004
811413610190729 510 0.04037475585938 5.22605514526367 -0.00114130973816 30004
811445654686579 510 0.95318603515625 -6.47006559371948 -0.00563335418701 40004
811477699170088 510 3.83853149414063 -1.05401921272278 -0.02481698989868 50004
811509743642919 510 -3.18756103515625 -1.10101628303528 0.02123212814331 60004
811541788132808 510 -4.26226806640625 4.51997756958008 0.02797508239746 70004
811573832610867 510 2.54833984375 2.61113619804382 -0.01732683181763 80004
811605877095307 510 2.65069580078125 0.94540286064148 -0.01793909072876 90004
811317476738269 511 -3.10063791275024 -1.87320196628571 0.02040741220117 4
811349521222729 511 -0.46357727050781 -7.40653133392334 0.00295329093933 10004
811381565706989 511 -2.02986145019531 -0.86304384469986 0.01401567459106 20004
8114136101907210 511 -0.02783203125 -9.21956062316895 -0.00000011920929 30004
811445654686579 511 1.083740234375 -6.18012666702271 -0.00676250457764 40004
811477699170088 511 3.60699462890625 -0.78125631809235 -0.02274012565613 50004
811509743642919 511 -3.3211669921875 -0.87442272901535 0.02122974395752 60004
811541788132808 511 -3.9072265625 4.76633882522583 0.02559375762939 70004
811573832610867 511 2.3731689453125 2.82496070861816 -0.01529693603516 80004
811605877095307 511 2.554443359375 1.22902500629425 -0.01591730117798 90004
811317476738269 512 -3.15619444847107 -1.50140631198883 0.02040738612413 4
811349521222729 512 -0.65139007568359 -7.15230464935303 0.00497657060623 10004
811381565706989 512 -2.19122314453125 -0.7721107006073 0.0140141248703 20004
8114136101907210 512 -0.16671752929688 -8.79046440124512 -0.00000238418579 30004
811445654686579 512 1.33975219726563 -5.90960264205933 -0.00788736343384 40004
811477699170088 512 3.45639038085938 -0.38931941986084 -0.02273726463318 50004
811509743642919 512 -3.52532958984375 -0.64765268564224 0.02329564094543 60004
811541788132808 512 -3.42840576171875 4.92454624176025 0.02208995819092 70004
811573832610867 512 2.172119140625 3.07181334495544 -0.01322031021118 80004
811605877095307 512 2.34478759765625 1.49464952945709 -0.01591396331787 90004
811317476738269 513 -3.32955574989319 -1.20109128952026 0.02040736936033 4
811349521222729 513 -0.80713653564453 -6.99612140655518 0.00497668981552 10004
811381565706989 513 -2.36195373535156 -0.55149275064468 0.01607418060303 20004
8114136101907210 513 -0.21823120117188 -8.37387275695801 0.0020158290863 30004
811445654686579 513 1.468505859375 -5.59053182601929 -0.00901389122009 40004
811477699170088 513 3.19448852539063 -0.10381089150906 -0.02066683769226 50004
811509743642919 513 -3.60235595703125 -0.45592623949051 0.02329301834106 60004
811541788132808 513 -3.071533203125 5.22273635864258 0.01985502243042 70004
811573832610867 513 1.9161376953125 3.21581482887268 -0.01322555541992 80004
811605877095307 513 2.07806396484375 1.65084421634674 -0.01384830474854 90004
811317476738269 514 -3.5334300994873 -0.95021539926529 0.02247518114746 4
811349521222729 514 -0.98300933837891 -6.85789966583252 0.00681632757187 10004
811381565706989 514 -2.54225158691406 -0.34258058667183 0.016073346138 20004
8114136101907210 514 -0.31588745117188 -8.00436305999756 0.00201523303986 30004
811445654686579 514 1.61734008789063 -5.31168985366821 -0.01014351844788 40004
811477699170088 514 2.98300170898438 0.18233492970467 -0.01859092712402 50004
811509743642919 514 -3.70361328125 -0.27267608046532 0.02329111099243 60004
811541788132808 514 -2.72265625 5.47921657562256 0.01760816574097 70004
811573832610867 514 1.69647216796875 3.37215757369995 -0.01115798950195 80004
811605877095307 514 1.84564208984375 1.82445764541626 -0.01179838180542 90004
811317476738269 515 -3.81312322616577 -0.69914144277573 0.02453971095383 4
811349521222729 515 -1.24943542480469 -6.68779802322388 0.00876092910767 10004
811381565706989 515 -2.78472900390625 -0.13302806019783 0.01814711093903 20004
8114136101907210 515 -0.5428466796875 -7.61459159851074 0.00404942035675 30004
811445654686579 515 1.8741455078125 -5.04116582870483 -0.01126980781555 40004
811477699170088 515 2.83193969726563 0.57427179813385 -0.0185854434967 50004
811509743642919 515 -3.90777587890625 -0.04590632021427 0.02531933784485 60004
811541788132808 515 -2.264892578125 5.69446563720703 0.01521587371826 70004
811573832610867 515 1.49627685546875 3.61901021003723 -0.00912523269653 80004
811605877095307 515 1.62603759765625 2.10374236106873 -0.00971794128418 90004
811317476738269 516 -3.96052145957947 -0.35336735844612 0.02453970722854 4
811349521222729 516 -1.41903686523438 -6.42101240158081 0.00876092910767 10004
811381565706989 516 -2.91587829589844 0.15941421687603 0.01814556121826 20004
8114136101907210 516 -0.58404541015625 -7.16536808013916 0.00404870510101 30004
811445654686579 516 1.99270629882813 -4.68741464614868 -0.01239275932312 40004
811477699170088 516 2.52935791015625 0.86583417654037 -0.01651549339294 50004
811509743642919 516 -4.188720703125 0.07324252277613 0.02743649482727 60004
811541788132808 516 -1.9407958984375 6.08293533325195 0.01296997070313 70004
811573832610867 516 1.2659912109375 3.8383469581604 -0.00913190841675 80004
811605877095307 516 1.54522705078125 2.44948983192444 -0.00971508026123 90004
811317476738269 517 -4.19612407684326 -0.07071227580309 0.02657645381987 4
811349521222729 517 -1.65320587158203 -6.21867704391479 0.0106748342514 10004
811381565706989 517 -3.12139892578125 0.39660662412643 0.02021133899689 20004
8114136101907210 517 -0.681396484375 -6.72676849365234 0.00404810905457 30004
811445654686579 517 2.1719970703125 -4.36375665664673 -0.01351571083069 40004
811477699170088 517 2.3280029296875 1.22431290149689 -0.01450252532959 50004
811509743642919 517 -4.37762451171875 0.21888595819473 0.02743411064148 60004
811541788132808 517 -1.52886962890625 6.35592460632324 0.01073312759399 70004
811573832610867 517 1.111572265625 4.10894012451172 -0.00711297988892 80004
811605877095307 517 1.377685546875 2.75552868843079 -0.00971031188965 90004
811317476738269 518 -4.40081071853638 0.13944181799889 0.02868739515543 4
811349521222729 518 -1.86472320556641 -6.05191421508789 0.01261937618256 10004
811381565706989 518 -3.30929565429688 0.59477496147156 0.02021014690399 20004
8114136101907210 518 -0.82443237304688 -6.36998081207275 0.00612449645996 30004
811445654686579 518 2.32366943359375 -4.08435869216919 -0.01464080810547 40004
811477699170088 518 2.16720581054688 1.5439168214798 -0.01450324058533 50004
811509743642919 518 -4.49029541015625 0.38319274783134 0.02944040298462 60004
811541788132809 518 0.02783203125 -9.23800563812256 0.00000095367432 70004
811573832610867 518 0.9879150390625 4.35028886795044 -0.00711345672607 80004
811605877095307 518 1.21295166015625 3.01310968399048 -0.007652759552 90004
811317476738269 519 -4.49805164337158 0.36756318807602 0.02868734672666 4
811349521222729 519 -2.045654296875 -5.76735067367554 0.01261866092682 10004
811381565706989 519 -3.44917297363281 0.90675616264343 0.02225530147552 20004
8114136101907210 519 -1.14132690429688 -6.00769138336182 0.00816547870636 30004
811445654686579 519 2.38742065429688 -3.69152116775513 -0.0146472454071 40004
811477699170088 519 1.84494018554688 1.85491764545441 -0.01249384880066 50004
811509743642919 519 -4.58502197265625 0.69455021619797 0.02943754196167 60004
811541788132809 519 0.17626953125 -8.87867641448975 -0.0011191368103 70004
811573832610867 519 0.7418212890625 4.58424425125122 -0.0050253868103 80004
811605877095307 519 1.08306884765625 3.36932992935181 -0.00764274597168 90004
811317476738269 520 -4.74269247055054 0.60361355543137 0.03077794238925 4
811349521222729 520 -2.12837219238281 -5.48506259918213 0.01261794567108 10004
811381565706989 520 -3.66806030273438 1.10785162448883 0.02435731887817 20004
8114136101907210 520 -1.39678955078125 -5.67321968078613 0.00816595554352 30004
811445654686579 520 2.57342529296875 -3.39950251579285 -0.01577544212341 40004
811477699170088 520 1.69427490234375 2.21403288841248 -0.01048493385315 50004
811509743642919 520 -4.5528564453125 0.97602754831314 0.02943277359009 60004
811541788132809 520 0.22442626953125 -8.54260444641113 -0.00111627578735 70004
811573832610867 520 0.52252197265625 4.78486394882202 -0.00292825698853 80004
811605877095307 520 0.85992431640625 3.61214685440063 -0.00555324554443 90004
811317476738269 521 -5.08573770523071 0.79240155220032 0.03277529403567 4
811349521222729 521 -2.2890625 -5.19753837585449 0.01465028524399 10004
811381565706989 521 -3.93943786621094 1.31528866291046 0.02563464641571 20004
8114136101907210 521 -1.58050537109375 -5.24066162109375 0.01017212867737 30004
811445654686579 521 2.6890869140625 -3.13926100730896 -0.01689910888672 40004
811477699170088 521 1.45974731445313 2.55533218383789 -0.01048421859741 50004
811509743642919 521 -4.43182373046875 1.27077877521515 0.02942728996277 60004
811541788132809 521 0.17779541015625 -8.16566467285156 -0.00111436843872 70004
811573832610867 521 0.3116455078125 5.04705190658569 -0.00292921066284 80004
811605877095307 521 0.6661376953125 3.92929530143738 -0.00351572036743 90004
811317476738269 522 -5.40986251831055 0.86948126554489 0.03477146849036 4
811349521222729 522 -2.50716400146484 -4.97148036956787 0.01675695180893 10004
811381565706989 522 -4.21682739257813 1.46373307704926 0.02687859535217 20004
8114136101907210 522 -1.7220458984375 -4.82125282287598 0.01016974449158 30004
811445654686579 522 2.76690673828125 -2.91491556167603 -0.01689910888672 40004
811477699170088 522 1.2183837890625 2.85344362258911 -0.0084536075592 50004
811509743642919 522 -4.2393798828125 1.5017637014389 0.02829885482788 60004
811541788132809 522 0.04638671875 -7.82724952697754 -0.00111246109009 70004
811573832610867 522 0.1170654296875 5.29139423370361 -0.00091981887817 80004
811605877095307 522 0.501953125 4.23711442947388 -0.00351285934448 90004
811317476738269 523 -5.65732192993164 0.83871012926102 0.03648231551051 4
811349521222729 523 -2.78227996826172 -4.77643346786499 0.01864033937454 10004
811381565706989 523 -4.55378723144531 1.52160179615021 0.02959072589874 20004
8114136101907210 523 -2.01202392578125 -4.43746376037598 0.01226484775543 30004
811445654686579 523 2.98965454101563 -2.58572626113892 -0.01914525032043 40004
811477699170088 523 1.0572509765625 3.27150774002075 -0.00645017623901 50004
811509743642919 523 -3.96258544921875 1.67445313930511 0.02604722976685 60004
811541788132809 523 -0.14892578125 -7.49082374572754 0.0009593963623 70004
811573832610868 523 0 -9.30537986755371 0 80004
811605877095307 523 0.22747802734375 4.49848985671997 -0.00140857696533 90004
811317476738269 524 -5.99582433700562 0.89695209264755 0.03833214193583 4
811349521222729 524 -2.94915008544922 -4.48340463638306 0.01863968372345 10004
811381565706989 524 -4.83638000488281 1.7139505147934 0.03209042549133 20004
8114136101907210 524 -2.11288452148438 -3.96697425842285 0.01426613330841 30004
811445654686579 524 3.19326782226563 -2.24379205703735 -0.02027440071106 40004
811477699170088 524 0.73468017578125 3.58250856399536 -0.00443720817566 50004
811509743642919 524 -3.78582763671875 1.94763505458832 0.02491855621338 60004
811541788132809 524 -0.30517578125 -7.13469123840332 0.00096035003662 70004
811573832610868 524 0.15234375 -8.97806358337402 -0.00000381469727 80004
811605877095307 524 0.09661865234375 4.83255815505981 -0.0014123916626 90004
811317476738269 525 -6.181236743927 0.98147177696228 0.04010383412242 4
811349521222729 525 -3.07905578613281 -4.19577074050903 0.02066951990128 10004
811381565706989 525 -5.13902282714844 1.79974281787872 0.03335976600647 20004
8114136101907210 525 -2.16354370117188 -3.51954627037048 0.01426482200623 30004
811445654686579 525 3.30123901367188 -1.89072477817535 -0.02028012275696 40004
811477699170088 525 0.5433349609375 3.94767785072327 -0.00443601608276 50004
811509743642919 525 -3.5516357421875 2.13465309143066 0.02378988265991 60004
811541788132809 525 -0.34844970703125 -6.85312747955322 0.00297689437866 70004
811573832610868 525 0.3797607421875 -8.73737812042236 -0.00225067138672 80004
811605877095307 525 -0.02001953125 4.99643182754517 0.00062417984009 90004
811317476738269 526 -6.32332038879395 1.1409991979599 0.04010381549597 4
811349521222729 526 -3.22873687744141 -3.94896650314331 0.02066868543625 10004
811381565706989 526 -5.43521118164063 1.84122121334076 0.03471803665161 20004
8114136101907210 526 -2.24700927734375 -3.11304616928101 0.01426327228546 30004
811445654686579 526 3.4228515625 -1.57250618934631 -0.02140831947327 40004
811477699170088 526 0.35220336914063 4.28002691268921 -0.00242590904236 50004
811509743642919 526 -3.31256103515625 2.28996157646179 0.02153921127319 60004
811541788132809 526 -0.35723876953125 -6.57418537139893 0.00298357009888 70004
811573832610868 526 0.5859375 -8.506911277771 -0.00337553024292 80004
811605877095307 526 -0.15277099609375 5.15422677993774 0.0006217956543 90004
811317476738269 527 -6.50221490859985 1.44792759418488 0.04212789982557 4
811349521222729 527 -3.46128845214844 -3.73484706878662 0.02273523807526 10004
811381565706989 527 -5.75424194335938 1.8731073141098 0.03745245933533 20004
8114136101907210 527 -2.43515014648438 -2.70306873321533 0.01630306243896 30004
811445654686579 527 3.64761352539063 -1.27464509010315 -0.02253651618958 40004
811477699170088 527 0.05007934570313 4.57158660888672 -0.00041699409485 50004
811509743642919 527 -3.0616455078125 2.46447682380676 0.02041387557983 60004
811541788132809 527 -0.37371826171875 -6.20993423461914 0.00299072265625 70004
811573832610868 527 0.73974609375 -8.20543098449707 -0.00450038909912 80004
811605877095308 527 0 -9.30537986755371 0 90004
811317476738269 528 -6.53881978988647 1.84724080562592 0.04212787002325 4
811349521222729 528 -3.74549102783203 -3.55337190628052 0.02460771799088 10004
811381565706989 528 -5.95918273925781 1.99476373195648 0.03874325752258 20004
8114136101907210 528 -2.75692749023438 -2.34549045562744 0.01830947399139 30004
811445654686579 528 3.883544921875 -0.95367628335953 -0.0247848033905 40004
811477699170088 528 -0.21279907226563 4.88430786132813 0.00167870521545 50004
811509743642919 528 -2.9327392578125 2.68613743782043 0.0192928314209 60004
811541788132809 528 -0.47625732421875 -5.83443832397461 0.00299835205078 70004
811573832610868 528 0.88232421875 -8.09443855285645 -0.00562524795532 80004
811605877095308 528 0.177734375 -8.92447471618652 -0.0011248588562 90004
811317476738269 529 -6.57269144058228 2.22163605690002 0.04212784022093 4
811349521222729 529 -3.94089508056641 -3.31236386299133 0.02460694313049 10004
811381565706989 529 -6.14303588867188 2.21934843063354 0.03874337673187 20004
8114136101907210 529 -2.93405151367188 -1.93974423408508 0.0183093547821 30004
811445654686579 529 3.99575805664063 -0.60509556531906 -0.02478814125061 40004
811477699170088 529 -0.37191772460938 5.25602054595947 0.00168299674988 50004
811509743642919 529 -2.76959228515625 2.92324137687683 0.01817154884338 60004
811541788132809 529 -0.6744384765625 -5.53600645065308 0.00508451461792 70004
811573832610868 529 1.03076171875 -7.84560489654541 -0.00562715530396 80004
811605877095308 529 0.4437255859375 -8.64351558685303 -0.00226020812988 90004
811317476738269 530 -6.55909824371338 2.53992938995361 0.04212781786919 4
811349521222729 530 -4.11368560791016 -3.10691738128662 0.02661430835724 10004
811381565706989 530 -6.26516723632813 2.46259903907776 0.04081594944 20004
8114136101907210 530 -3.09365844726563 -1.59151649475098 0.02034854888916 30004
811445654686579 530 4.0157470703125 -0.28891772031784 -0.02591323852539 40004
811477699170089 530 0.040771484375 -9.21194648742676 0.00000095367432 50004
811509743642919 530 -2.6473388671875 3.15187478065491 0.01817226409912 60004
811541788132809 530 -0.85345458984375 -5.27897644042969 0.00509071350098 70004
811573832610868 530 1.1943359375 -7.60922050476074 -0.00675392150879 80004
811605877095308 530 0.69854736328125 -8.41794776916504 -0.00337934494019 90004
811317476738269 531 -6.43228435516357 2.8910961151123 0.04212775826454 4
811349521222729 531 -4.38010406494141 -2.93678307533264 0.02846610546112 10004
811381565706989 531 -6.31689453125 2.77897095680237 0.04081606864929 20004
8114136101907210 531 -3.39532470703125 -1.25628685951233 0.02242040634155 30004
811445654686579 531 3.92694091796875 0.07343843579292 -0.0259153842926 40004
811477699170089 531 0.19366455078125 -8.86157131195068 -0.00111961364746 50004
811509743642919 531 -2.590576171875 3.45179581642151 0.01705169677734 60004
811541788132809 531 -0.995361328125 -4.94273471832275 0.00711107254028 70004
811573832610868 531 1.46209716796875 -7.40110969543457 -0.00900506973267 80004
811605877095308 531 0.977783203125 -8.14193058013916 -0.0056209564209 90004
811317476738269 532 -6.19402027130127 3.14547967910767 0.04100465774536 4
811349521222729 532 -4.63512420654297 -2.78847980499268 0.03032445907593 10004
811381565706989 532 -6.24516296386719 3.06752252578735 0.04081606864929 20004
8114136101907210 532 -3.58523559570313 -0.88174867630005 0.02241861820221 30004
811445654686579 532 3.71881103515625 0.3497057557106 -0.02391028404236 40004
811477699170089 532 0.31692504882813 -8.52690505981445 -0.00111675262451 50004
811509743642919 532 -2.43206787109375 3.68651366233826 0.01593208312988 60004
811541788132809 532 -1.11431884765625 -4.62375164031982 0.0071177482605 70004
811573832610868 532 1.6175537109375 -7.12758302688599 -0.01014137268066 80004
811605877095308 532 1.1146240234375 -7.80374145507813 -0.0067310333252 90004
811317476738269 533 -5.90555000305176 3.33027577400208 0.03875849768519 4
811349521222729 533 -4.90806579589844 -2.68857336044312 0.03228515386581 10004
811381565706989 533 -6.1103515625 3.32117319107056 0.03969275951385 20004
8114136101907210 533 -3.83148193359375 -0.54986357688904 0.02445185184479 30004
811445654686579 533 3.56842041015625 0.65455675125122 -0.02391147613525 40004
811477699170089 533 0.36221313476563 -8.18159008026123 -0.00223851203918 50004
811509743642919 533 -2.30731201171875 3.93826508522034 0.01593399047852 60004
811541788132809 533 -1.2945556640625 -4.34414911270142 0.00916814804077 70004
811573832610868 533 1.81707763671875 -6.89216041564941 -0.01127767562866 80004
811605877095308 533 1.30859375 -7.50273990631104 -0.00783634185791 90004
811317476738269 534 -5.56427812576294 3.47802400588989 0.03651233389974 4
811349521222729 534 -5.21212005615234 -2.61567640304565 0.03415566682816 10004
811381565706989 534 -5.89639282226563 3.54236245155334 0.038569688797 20004
8114136101907210 534 -4.142333984375 -0.23012287914753 0.02647376060486 30004
811445654686579 534 3.4603271484375 1.0073846578598 -0.02188849449158 40004
811477699170089 534 0.325439453125 -7.80123710632324 -0.00223708152771 50004
811509743642919 534 -2.203125 4.22134256362915 0.01481342315674 60004
811541788132809 534 -1.53912353515625 -4.07686710357666 0.00916814804077 70004
811573832610868 534 2.08294677734375 -6.70033836364746 -0.01241493225098 80004
811605877095308 534 1.57000732421875 -7.21432685852051 -0.01006937026978 90004
811317476738269 535 -5.29910612106323 3.74453496932983 0.03426617383957 4
811349521222729 535 -5.47029876708984 -2.43339705467224 0.03606277704239 10004
811381565706989 535 -5.604248046875 3.67424130439758 0.03632152080536 20004
8114136101907210 535 -4.31491088867188 0.18666625022888 0.02850961685181 30004
811445654686579 535 3.22686767578125 1.29828095436096 -0.02189064025879 40004
811477699170089 535 0.266845703125 -7.42352485656738 -0.00223541259766 50004
811509743642919 535 -1.99896240234375 4.44830751419067 0.01369285583496 60004
811541788132809 535 -1.68499755859375 -3.74246644973755 0.01116943359375 70004
811573832610868 535 2.3267822265625 -6.59337902069092 -0.01467084884644 80004
811605877095308 535 1.7069091796875 -6.84534072875977 -0.01006174087524 90004
811317476738269 536 -4.98722505569458 3.89278888702393 0.03314311802387 4
811349521222729 536 -5.63716125488281 -2.19573616981506 0.03606259822845 10004
811381565706989 536 -5.44401550292969 3.81877851486206 0.03519546985626 20004
8114136101907210 536 -4.59307861328125 0.49355158209801 0.02850794792175 30004
811445654686579 536 3.07980346679688 1.61100363731384 -0.01984167098999 40004
811477699170089 536 0.32662963867188 -7.07692575454712 -0.00223278999329 50004
811509743642919 536 -1.89300537109375 4.70782041549683 0.01257228851318 60004
811541788132809 536 -1.79736328125 -3.51065611839294 0.01116943359375 70004
811573832610868 536 2.44781494140625 -6.48818969726563 -0.01467132568359 80004
811605877095308 536 1.93939208984375 -6.56913089752197 -0.01230001449585 90004
811317476738269 537 -4.70472812652588 4.04154682159424 0.03089700825512 4
811349521222729 537 -5.73841094970703 -1.94711804389954 0.03606224060059 10004
811381565706989 537 -5.29380798339844 3.94560742378235 0.03519189357758 20004
8114136101907210 537 -4.8311767578125 0.76979982852936 0.03052258491516 30004
811445654686579 537 2.925537109375 1.8877454996109 -0.01984429359436 40004
811477699170089 537 0.3958740234375 -6.77561950683594 -0.0022304058075 50004
811509743642919 537 -1.7852783203125 4.94353342056274 0.01257371902466 60004
811541788132809 537 -1.9359130859375 -3.30863738059998 0.01318359375 70004
811573832610868 537 2.58526611328125 -6.38529777526855 -0.01579618453979 80004
811605877095308 537 2.175537109375 -6.32426643371582 -0.01341676712036 90004
811317476738269 538 -4.45723295211792 4.29028654098511 0.02977389842272 4
811349521222729 538 -5.76297760009766 -1.65307927131653 0.03606164455414 10004
811381565706989 538 -5.06016540527344 4.05113697052002 0.03294539451599 20004
8114136101907210 538 -4.9664306640625 1.09656798839569 0.03255474567413 30004
811445654686579 538 2.67263793945313 2.12742137908936 -0.01778316497803 40004
811477699170089 538 0.4334716796875 -6.49725532531738 -0.00222849845886 50004
811509743642919 538 -1.59307861328125 5.15536737442017 0.01031994819641 60004
811541788132809 538 -2.1820068359375 -3.07387232780457 0.01318359375 70004
811573832610868 538 2.8590087890625 -6.26514148712158 -0.01804637908936 80004
811605877095308 538 2.4156494140625 -6.04687690734863 -0.01453304290771 90004
811317476738269 539 -4.1159725189209 4.43803358078003 0.0275277979672 4
811349521222729 539 -5.67169189453125 -1.35392427444458 0.03694534301758 10004
811381565706989 539 -4.76509094238281 4.15964841842651 0.03069686889648 20004
8114136101907210 539 -4.99920654296875 1.53395700454712 0.03255391120911 30004
811445654686579 539 2.50274658203125 2.45601153373718 -0.01577401161194 40004
811477699170089 539 0.35354614257813 -6.18445920944214 -0.00222706794739 50004
811509743642919 539 -1.4346923828125 5.4163703918457 0.01031088829041 60004
811541788132809 539 -2.469482421875 -2.8504843711853 0.015221118927 70004
811573832610868 539 3.09271240234375 -6.02789115905762 -0.01918172836304 80004
811605877095308 539 2.76019287109375 -5.86854982376099 -0.01677083969116 90004
811317476738269 540 -3.79214453697205 4.65836334228516 0.02528167702258 4
811349521222729 540 -5.48627471923828 -1.08182179927826 0.03582227230072 10004
811381565706989 540 -4.48747253417969 4.34513902664185 0.02957022190094 20004
8114136101907210 540 -4.90017700195313 1.99353790283203 0.0325516462326 30004
811445654686579 540 2.276123046875 2.74675178527832 -0.01577687263489 40004
811477699170089 540 0.17440795898438 -5.85082149505615 -0.00222563743591 50004
8115097436429110 540 0.1087646484375 -9.07243537902832 -0.00000143051147 60004
811541788132809 540 -2.70806884765625 -2.55523490905762 0.01722145080566 70004
811573832610868 540 3.27813720703125 -5.72292518615723 -0.02031898498535 80004
811605877095308 540 3.06878662109375 -5.63072681427002 -0.01901483535767 90004
811317476738269 541 -3.50667285919189 4.89586400985718 0.02303557097912 4
811349521222729 541 -5.29782104492188 -0.85357105731964 0.0346987247467 10004
811381565706989 541 -4.23982238769531 4.53910732269287 0.02732241153717 20004
8114136101907210 541 -4.68148803710938 2.37865281105042 0.03030335903168 30004
811445654686579 541 2.04632568359375 2.99895238876343 -0.01371908187866 40004
811477699170089 541 -0.0771484375 -5.57259178161621 -0.00017952919006 50004
8115097436429110 541 0.24169921875 -8.67349052429199 -0.00112581253052 60004
811541788132809 541 -2.8553466796875 -2.27579760551453 0.01922702789307 70004
811573832610868 541 3.4442138671875 -5.43507194519043 -0.02145528793335 80004
811605877095308 541 3.31134033203125 -5.35243225097656 -0.02126455307007 90004
811317476738269 542 -3.14263319969177 5.06409931182861 0.02078944817185 4
811349521222729 542 -5.20248413085938 -0.59392791986465 0.03357654809952 10004
811381565706989 542 -3.91757202148438 4.6541051864624 0.02619516849518 20004
8114136101907210 542 -4.32415771484375 2.70080780982971 0.02805519104004 30004
811445654686579 542 1.88177490234375 3.36123037338257 -0.01170635223389 40004
811477699170089 542 -0.43252563476563 -5.37204551696777 0.00187182426453 50004
8115097436429110 542 0.24169921875 -8.21655082702637 -0.00112581253052 60004
811541788132809 542 -2.9422607421875 -2.10171389579773 0.01922655105591 70004
811573832610868 542 3.7137451171875 -5.19523429870605 -0.02370405197144 80004
811605877095308 542 3.58770751953125 -5.03681945800781 -0.02238655090332 90004
811317476738269 543 -2.88570713996887 5.33856248855591 0.01966639608145 4
811349521222729 543 -4.980224609375 -0.37329605221748 0.03245282173157 10004
811381565706989 543 -3.68980407714844 4.87940359115601 0.02394783496857 20004
8114136101907210 543 -4.20010375976563 2.99399471282959 0.02805304527283 30004
811445654686579 543 1.59841918945313 3.60381293296814 -0.0095956325531 40004
811477699170089 543 -0.65493774414063 -5.06100940704346 0.00392270088196 50004
8115097436429110 543 0.16571044921875 -7.79496479034424 -0.00112652778625 60004
811541788132809 543 -3.0740966796875 -1.99665355682373 0.01922655105591 70004
811573832610868 543 3.84832763671875 -4.88446998596191 -0.0237021446228 80004
811605877095308 543 3.79644775390625 -4.70408248901367 -0.02350091934204 90004
811317476738269 544 -2.54704165458679 5.5317177772522 0.0174203068018 4
811349521222729 544 -4.826171875 -0.08217525482178 0.03132927417755 10004
811381565706989 544 -3.39242553710938 5.03356409072876 0.02282178401947 20004
8114136101907210 544 -3.91302490234375 3.31320524215698 0.0258082151413 30004
811445654686579 544 1.39083862304688 3.93373990058899 -0.00959897041321 40004
811477699170089 544 -0.85549926757813 -4.70717620849609 0.00593400001526 50004
8115097436429110 544 -0.0408935546875 -7.39778804779053 0.00088739395142 60004
811541788132809 544 -3.2332763671875 -1.73125207424164 0.02129507064819 70004
811573832610868 544 4.06976318359375 -4.6061692237854 -0.02594804763794 80004
811605877095308 544 4.02447509765625 -4.3526406288147 -0.0257396697998 90004
811317476738269 545 -2.22977566719055 5.71718311309814 0.01517420820892 4
811349521222729 545 -4.67082977294922 0.18493641912937 0.0302060842514 10004
811381565706989 545 -3.12016296386719 5.18836975097656 0.02057445049286 20004
8114136101907210 545 -3.64077758789063 3.6605498790741 0.02355921268463 30004
811445654686579 545 1.2703857421875 4.24518013000488 -0.00755143165588 40004
811477699170089 545 -1.07916259765625 -4.40798759460449 0.00593519210815 50004
8115097436429110 545 -0.21917724609375 -7.01916885375977 0.00088405609131 60004
811541788132809 545 -3.431396484375 -1.43989372253418 0.02130079269409 70004
811573832610868 545 4.3123779296875 -4.36985015869141 -0.02707004547119 80004
811605877095308 545 4.19732666015625 -4.00452423095703 -0.02685403823853 90004
811317476738269 546 -1.948686003685 5.96352672576904 0.01292811892927 4
811349521222729 546 -4.45415496826172 0.41260907053947 0.02908235788345 10004
811381565706989 546 -2.88752746582031 5.40583562850952 0.01945090293884 20004
8114136101907210 546 -3.453125 4.06832695007324 0.02243161201477 30004
811445654686579 546 1.19436645507813 4.50982522964478 -0.0075523853302 40004
811477699170089 546 -1.37094116210938 -4.16470718383789 0.00802206993103 50004
8115097436429110 546 -0.3056640625 -6.60235691070557 0.00087690353394 60004
811541788132809 546 -3.681640625 -1.17705690860748 0.02338027954102 70004
811573832610868 546 4.5509033203125 -4.13096761703491 -0.02820253372192 80004
811605877095308 546 4.31536865234375 -3.6316921710968 -0.02684688568115 90004
811317476738269 547 -1.56696510314941 6.08648681640625 0.01068201102316 4
811349521222729 547 -4.33757781982422 0.72907680273056 0.02795946598053 10004
811381565706989 547 -2.56558227539063 5.52083349227905 0.0172027349472 20004
8114136101907210 547 -3.09567260742188 4.39047813415527 0.02018332481384 30004
811445654686579 547 1.01742553710938 4.72493600845337 -0.00755453109741 40004
811477699170089 547 -1.55538940429688 -3.80084609985352 0.01007080078125 50004
8115097436429110 547 -0.5693359375 -6.2290506362915 0.00290989875793 60004
811541788132809 547 -3.81640625 -0.81194323301315 0.02541399002075 70004
811573832610868 547 4.68280029296875 -3.79474782943726 -0.02933788299561 80004
811605877095308 547 4.59197998046875 -3.3156406879425 -0.02909660339355 90004
8113174767382610 548 0.12416686862707 -9.03910255432129 0.00000000040745 4
811349521222729 548 -4.15105438232422 0.95187473297119 0.0268360376358 10004
811381565706989 548 -2.38426208496094 5.66182613372803 0.01607811450958 20004
8114136101907210 548 -2.88812255859375 4.78314924240112 0.01906263828278 30004
811445654686579 548 0.71511840820313 4.89402675628662 -0.00554180145264 40004
811477699170089 548 -1.82180786132813 -3.5326452255249 0.01217889785767 50004
8115097436429110 548 -0.6795654296875 -5.82178688049316 0.00492644309998 60004
811541788132809 548 -4.0489501953125 -0.53775548934937 0.02541971206665 70004
811573832610868 548 4.7265625 -3.46151733398438 -0.02934741973877 80004
811605877095308 548 4.759765625 -2.9636812210083 -0.0302152633667 90004
8113174767382610 549 0.29800257086754 -8.71639537811279 -0.00112304487266 4
811349521222729 549 -3.99024963378906 1.1993020772934 0.02571225166321 10004
811381565706989 549 -2.16307067871094 5.79175806045532 0.01495492458344 20004
8114136101907210 549 -2.63775634765625 5.14560222625732 0.01793885231018 30004
811445654686579 549 0.42501831054688 5.11431407928467 -0.00351905822754 40004
811477699170089 549 -2.04962158203125 -3.23657655715942 0.01218271255493 50004
8115097436429110 549 -0.8226318359375 -5.42521142959595 0.0049250125885 60004
811541788132809 549 -4.30535888671875 -0.27801239490509 0.02746772766113 70004
811573832610868 549 4.816162109375 -3.14324879646301 -0.03048181533813 80004
811605877095308 549 4.82623291015625 -2.58496570587158 -0.03020668029785 90004
8113174767382610 550 0.52808946371078 -8.40729522705078 -0.00336913252249 4
811349521222729 550 -3.86813354492188 1.51344680786133 0.02571153640747 10004
811381565706989 550 -1.85585021972656 5.93025350570679 0.01270544528961 20004
8114136101907210 550 -2.264404296875 5.44294548034668 0.01569354534149 30004
8114456546865710 550 0.01455688476563 -9.23408889770508 0 40004
811477699170089 550 -2.20602416992188 -2.86080479621887 0.01421189308167 50004
8115097436429110 550 -1.060302734375 -5.03477239608765 0.00699424743652 60004
811541788132809 550 -4.5484619140625 0.01864165812731 0.02954435348511 70004
811573832610868 550 5.005859375 -2.83790755271912 -0.03161430358887 80004
811605877095308 550 4.76904296875 -2.17481756210327 -0.03020095825195 90004
8113174767382610 551 0.83300077915192 -8.20999526977539 -0.00449216365814 4
811349521222729 551 -3.73114013671875 1.79843807220459 0.02458775043488 10004
811381565706989 551 -1.62767028808594 6.15555191040039 0.01158094406128 20004
8114136101907210 551 -1.84909057617188 5.62092256546021 0.01217567920685 30004
8114456546865710 551 0.08734130859375 -8.87763404846191 -0.00000095367432 40004
811477699170089 551 -2.31076049804688 -2.49320268630981 0.0142126083374 50004
8115097436429110 551 -1.29638671875 -4.67720890045166 0.00908946990967 60004
811541788132809 551 -4.66656494140625 0.36357235908508 0.02954959869385 70004
811573832610868 551 5.2401123046875 -2.59395170211792 -0.03274869918823 80004
811605877095308 551 4.582275390625 -1.82877063751221 -0.03019666671753 90004
8113174767382610 552 1.04276132583618 -7.91404724121094 -0.00561520643532 4
811349521222729 552 -3.50092315673828 2.01012969017029 0.02346307039261 10004
8113815657069810 552 0.05038452148438 -8.92564868927002 -0.00000047683716 20004
8114136101907210 552 -1.53369140625 5.93626689910889 0.00992774963379 30004
8114456546865710 552 0.02365112304688 -8.52341079711914 -0.00000095367432 40004
811477699170089 552 -2.53897094726563 -2.19161558151245 0.0162353515625 50004
8115097436429110 552 -1.51092529296875 -4.30685710906982 0.00908875465393 60004
811541788132809 552 -4.87164306640625 0.66285479068756 0.031569480896 70004
811573832610868 552 5.5234375 -2.41384744644165 -0.03499317169189 80004
811605877095308 552 4.3524169921875 -1.50942933559418 -0.02810525894165 90004
8113174767382610 553 1.18107354640961 -7.55363464355469 -0.00673823803663 4
811349521222729 553 -3.33087921142578 2.22004508972168 0.02233928442001 10004
8113815657069810 553 0.07325744628906 -8.45600414276123 -0.00000095367432 20004
8114136101907211 553 0.01235961914063 -9.06993770599365 -0.00000047683716 30004
8114456546865710 553 -0.15155029296875 -8.18726634979248 -0.00000095367432 40004
811477699170089 553 -2.71502685546875 -1.83442962169647 0.01825451850891 50004
8115097436429110 553 -1.81878662109375 -3.98436808586121 0.01112389564514 60004
811541788132809 553 -5.16632080078125 0.90289610624313 0.03366279602051 70004
811573832610868 553 5.8116455078125 -2.2008068561554 -0.03723812103271 80004
811605877095308 553 4.0841064453125 -1.1854236125946 -0.02603626251221 90004
8113174767382610 554 1.28511548042297 -7.22057104110718 -0.00786127522588 4
811349521222729 554 -3.19731140136719 2.41575050354004 0.02121520042419 10004
8113815657069810 554 0.01654052734375 -8.02589225769043 -0.00000143051147 20004
8114136101907211 554 0.025390625 -8.67741203308105 -0.00000154972076 30004
8114456546865710 554 -0.34039306640625 -7.88389873504639 0.00201392173767 40004
811477699170089 554 -2.85513305664063 -1.48637843132019 0.01825428009033 50004
8115097436429110 554 -2.13140869140625 -3.70329189300537 0.01325535774231 60004
811541788132809 554 -5.4818115234375 1.08492207527161 0.03573226928711 70004
811573832610868 554 6.01995849609375 -1.99023163318634 -0.03836393356323 80004
811605877095308 554 3.86114501953125 -0.86850380897522 -0.0240216255188 90004
8113174767382610 555 1.45869171619415 -6.9580020904541 -0.00898430775851 4
811349521222729 555 -2.95269775390625 2.61616611480713 0.02009123563766 10004
8113815657069810 555 -0.1766357421875 -7.62841606140137 -0.00000154972076 20004
8114136101907211 555 0.01760864257813 -8.28455066680908 -0.00000250339508 30004
8114456546865710 555 -0.42520141601563 -7.53001880645752 0.00201106071472 40004
811477699170089 555 -3.10250854492188 -1.19494926929474 0.02028584480286 50004
8115097436429110 555 -2.3428955078125 -3.33097267150879 0.01530528068542 60004
811541788132809 555 -5.78118896484375 1.29244101047516 0.03778886795044 70004
811573832610868 555 6.09869384765625 -1.81279993057251 -0.03837442398071 80004
811605877095308 555 3.74761962890625 -0.49083268642426 -0.02401828765869 90004
8113174767382610 556 1.56495213508606 -6.58567762374878 -0.00898428447545 4
811349521222729 556 -2.79940795898438 2.91451549530029 0.01896649599075 10004
8113815657069810 556 -0.19635009765625 -7.15995693206787 0.00207734107971 20004
8114136101907211 556 0.17593383789063 -7.89897012710571 -0.00112736225128 30004
8114456546865710 556 -0.56207275390625 -7.16715955734253 0.00405335426331 40004
811477699170089 556 -3.18768310546875 -0.92733764648438 0.02028918266296 50004
8115097436429110 556 -2.5794677734375 -2.94021940231323 0.01736378669739 60004
811541788132809 556 -5.98516845703125 1.62104177474976 0.03778743743896 70004
811573832610868 556 6.1011962890625 -1.67430651187897 -0.03838062286377 80004
811605877095308 556 3.57525634765625 -0.28059694170952 -0.02401351928711 90004
8113174767382610 557 1.75370275974274 -6.27968788146973 -0.01123035512865 4
811349521222729 557 -2.67711639404297 3.20594143867493 0.0178410410881 10004
8113815657069810 557 -0.07853698730469 -6.74360656738281 0.00095272064209 20004
8114136101907211 557 0.426025390625 -7.60678577423096 -0.00224852561951 30004
8114456546865710 557 -0.75906372070313 -6.86611080169678 0.00404906272888 40004
811477699170089 557 -3.16845703125 -0.59342646598816 0.02029418945313 50004
8115097436429110 557 -2.89105224609375 -2.65989398956299 0.01940870285034 60004
811541788132809 557 -6.06976318359375 1.96798491477966 0.03980827331543 70004
811573832610868 557 6.01361083984375 -1.45490777492523 -0.03838539123535 80004
811605877095308 557 3.44482421875 0.0328698605299 -0.0220103263855 90004
8113174767382610 558 1.94876956939697 -5.95003986358643 -0.01235339418054 4
811349521222729 558 -2.50926971435547 3.48978638648987 0.01671636104584 10004
8113815657069810 558 0.03860473632813 -6.29779243469238 -0.00017189979553 20004
8114136101907211 558 0.75112915039063 -7.34291553497314 -0.00449240207672 30004
8114456546865710 558 -0.94796752929688 -6.53706550598145 0.00612616539001 40004
811477699170089 558 -3.03973388671875 -0.2165195941925 0.02029943466187 50004
8115097436429110 558 -3.21728515625 -2.35517311096191 0.02147150039673 60004
811541788132809 558 -6.04461669921875 2.34731483459473 0.03981494903564 70004
811573832610868 558 5.82403564453125 -1.19462358951569 -0.03839206695557 80004
811605877095308 558 3.2650146484375 0.40258252620697 -0.02201175689697 90004
8113174767382610 559 2.0528666973114 -5.60009860992432 -0.0123533802107 4
811349521222729 559 -2.28956604003906 3.70710396766663 0.01559227705002 10004
8113815657069810 559 0.01910400390625 -5.85879707336426 -0.0001722574234 20004
8114136101907211 559 1.0626220703125 -7.10663175582886 -0.00674211978912 30004
8114456546865710 559 -1.04660034179688 -6.1890697479248 0.0061252117157 40004
811477699170089 559 -2.83493041992188 0.08939348161221 0.01917862892151 50004
8115097436429110 559 -3.44866943359375 -1.99780166149139 0.02146911621094 60004
811541788132809 559 -5.91357421875 2.68498182296753 0.03869295120239 70004
811573832610868 559 5.57318115234375 -0.98043936491013 -0.03634595870972 80004
811605877095308 559 3.01312255859375 0.70293462276459 -0.01997518539429 90004
8113174767382610 560 2.30436897277832 -5.29975605010986 -0.01459945179522 4
811349521222729 560 -2.18605041503906 3.92044973373413 0.0144699215889 10004
8113815657069810 560 -0.18692016601563 -5.43481826782227 0.00189733505249 20004
8114136101907211 560 1.2681884765625 -6.74149656295776 -0.0078684091568 30004
8114456546865710 560 -1.29171752929688 -5.88833427429199 0.00817513465881 40004
811477699170089 560 -2.80075073242188 0.29034045338631 0.01805520057678 50004
8115097436429110 560 -3.82855224609375 -1.74444282054901 0.02360939979553 60004
811541788132809 560 -5.64013671875 2.96144819259644 0.03644418716431 70004
811573832610868 560 5.41302490234375 -0.65615290403366 -0.03430700302124 80004
811605877095308 560 2.8927001953125 1.10578382015228 -0.01793050765991 90004
8113174767382610 561 2.4272768497467 -4.95958471298218 -0.01459942571819 4
811349521222729 561 -1.97026062011719 4.11982727050781 0.0133467912674 10004
8113815657069810 561 -0.49998474121094 -5.13244533538818 0.00401496887207 20004
8114136101907211 561 1.55645751953125 -6.48227214813232 -0.00899112224579 30004
8114456546865710 561 -1.40908813476563 -5.54977512359619 0.00817441940308 40004
811477699170089 561 -2.62625122070313 0.57104855775833 0.01693153381348 50004
8115097436429110 561 -4.0777587890625 -1.40419244766235 0.02574992179871 60004
811541788132809 561 -5.322998046875 3.13265323638916 0.03531742095947 70004
811573832610868 561 5.17156982421875 -0.42530483007431 -0.03430795669556 80004
811605877095308 561 2.6597900390625 1.41718220710754 -0.01792669296265 90004
8113174767382610 562 2.59209609031677 -4.61129570007324 -0.01572248153389 4
811349521222729 562 -1.73728942871094 4.3167405128479 0.01222312450409 10004
8113815657069810 562 -0.78599548339844 -4.77187204360962 0.00401449203491 20004
8114136101907211 562 1.82012939453125 -6.16944026947021 -0.01123714447021 30004
8114456546865710 562 -1.515380859375 -5.17660999298096 0.01021099090576 40004
811477699170089 562 -2.48001098632813 0.93401557207108 0.01693105697632 50004
8115097436429110 562 -4.22021484375 -0.98723459243774 0.02777600288391 60004
811541788132809 562 -5.029541015625 3.34658336639404 0.03306770324707 70004
811573832610868 562 4.93768310546875 -0.15724049508572 -0.03225660324097 80004
811605877095308 562 2.4591064453125 1.77584946155548 -0.01584672927856 90004
8113174767382610 563 2.77721452713013 -4.30055475234985 -0.01684554293752 4
811349521222729 563 -1.56185913085938 4.5039234161377 0.01109927892685 10004
8113815657069810 563 -1.00927734375 -4.39812660217285 0.00608623027802 20004
8114136101907211 563 2.02740478515625 -5.84201192855835 -0.01236021518707 30004
8114456546865710 563 -1.65252685546875 -4.8453950881958 0.01021242141724 40004
811477699170089 563 -2.38973999023438 1.30116248130798 0.01581263542175 50004
8115097436429110 563 -4.228515625 -0.5733779668808 0.02777242660522 60004
811541788132809 563 -4.78973388671875 3.57795286178589 0.03194808959961 70004
811573832610868 563 4.74798583984375 0.10833018273115 -0.03026103973389 80004
811605877095308 563 2.31573486328125 2.13695240020752 -0.01584243774414 90004
8113174767382610 564 2.84543895721436 -3.93970465660095 -0.0179685447365 4
811349521222729 564 -1.451171875 4.75984621047974 0.00997585058212 10004
8113815657069810 564 -1.35235595703125 -4.11954164505005 0.00817859172821 20004
8114136101907211 564 2.33551025390625 -5.5973014831543 -0.01460742950439 30004
8114456546865710 564 -1.89871215820313 -4.57720279693604 0.01221871376038 40004
811477699170089 564 -2.19473266601563 1.62979567050934 0.01469588279724 50004
8115097436429110 564 -4.09002685546875 -0.16755080223083 0.0266444683075 60004
811541788132809 564 -4.45831298828125 3.72716236114502 0.02971839904785 70004
811573832610868 564 4.49908447265625 0.275923371315 -0.02824687957764 80004
811605877095308 564 2.052978515625 2.43178081512451 -0.01374435424805 90004
8113174767382610 565 3.05458807945251 -3.61325621604919 -0.01909156143665 4
811349521222729 565 -1.33209991455078 5.07001876831055 0.00885164737701 10004
8113815657069810 565 -1.57855224609375 -3.71138262748718 0.01019608974457 20004
8114136101907211 565 2.60031127929688 -5.27381229400635 -0.0157333612442 30004
8114456546865710 565 -2.03359985351563 -4.217604637146 0.01221489906311 40004
811477699170089 565 -2.13882446289063 1.9730829000473 0.01470255851746 50004
8115097436429110 565 -3.82049560546875 0.19771125912666 0.02551531791687 60004
811541788132809 565 -4.17962646484375 3.99321746826172 0.0274829864502 70004
811573832610868 565 4.19439697265625 0.45895081758499 -0.02619600296021 80004
811605877095308 565 1.9119873046875 2.82358598709106 -0.01171112060547 90004
8113174767382610 566 3.1812584400177 -3.27746295928955 -0.02021456509829 4
811349521222729 566 -1.30120086669922 5.3717622756958 0.00885033607483 10004
8113815657069810 566 -1.82789611816406 -3.41272664070129 0.01222229003906 20004
8114136101907211 566 2.72161865234375 -5.03408002853394 -0.01685798168182 30004
8114456546865710 566 -2.20584106445313 -3.93831491470337 0.01422452926636 40004
811477699170089 566 -2.009521484375 2.29860806465149 0.01358795166016 50004
8115097436429110 566 -3.62823486328125 0.5737778544426 0.02438712120056 60004
811541788132809 566 -3.8763427734375 4.1783013343811 0.02524709701538 70004
811573832610868 566 3.963134765625 0.69535797834396 -0.02619600296021 80004
811605877095308 566 1.70947265625 3.15155220031738 -0.01170682907104 90004
8113174767382610 567 3.28844618797302 -2.93331956863403 -0.02021451666951 4
8113495212227210 567 0.04266357421875 -9.21386528015137 0 10004
8113815657069810 567 -2.10588073730469 -3.14555788040161 0.01428723335266 20004
8114136101907211 567 2.79632568359375 -4.83677768707275 -0.01798403263092 30004
8114456546865710 567 -2.40948486328125 -3.68131375312805 0.01623678207397 40004
811477699170089 567 -1.85696411132813 2.64102745056152 0.01247191429138 50004
8115097436429110 567 -3.44525146484375 0.95231223106384 0.02325868606567 60004
811541788132809 567 -3.57391357421875 4.33335876464844 0.02413463592529 70004
811573832610868 567 3.74517822265625 0.94604247808456 -0.02417087554932 80004
811605877095308 567 1.487548828125 3.46847248077393 -0.00961494445801 90004
8113174767382610 568 3.50278735160828 -2.63510394096375 -0.02246056683362 4
8113495212227210 568 0.20269012451172 -8.87071704864502 -0.00112390518188 10004
8113815657069810 568 -2.35971069335938 -2.78378868103027 0.01428592205048 20004
8114136101907211 568 2.95977783203125 -4.62433242797852 -0.01798927783966 30004
8114456546865710 568 -2.58297729492188 -3.3615300655365 0.01623511314392 40004
811477699170089 568 -1.81988525390625 3.02135396003723 0.01247882843018 50004
8115097436429110 568 -3.146240234375 1.25936961174011 0.02100777626038 60004
811541788132809 568 -3.36883544921875 4.55005264282227 0.02190017700195 70004
811573832610868 568 3.45404052734375 1.11820101737976 -0.02205562591553 80004
811605877095308 568 1.3740234375 3.84614539146423 -0.00961112976074 90004
8113174767382610 569 3.58075594902039 -2.27842974662781 -0.02246055938303 4
8113495212227210 569 0.45865631103516 -8.59340381622314 -0.00224858522415 10004
8113815657069810 569 -2.55717468261719 -2.38878130912781 0.01633095741272 20004
8114136101907211 569 3.218017578125 -4.33958911895752 -0.02023410797119 30004
8114456546865710 569 -2.64111328125 -3.00386834144592 0.01623344421387 40004
811477699170089 569 -1.63626098632813 3.35343503952026 0.0113627910614 50004
8115097436429110 569 -2.9947509765625 1.6573988199234 0.01988625526428 60004
811541788132809 569 -3.25518798828125 4.60431289672852 0.02191209793091 70004
811573832610868 569 3.25604248046875 1.39030170440674 -0.02206182479858 80004
811605877095308 569 1.1220703125 4.14649677276611 -0.00751399993896 90004
8113174767382610 570 3.73631858825684 -1.95492386817932 -0.02358358539641 4
8113495212227210 570 0.63751220703125 -8.26950263977051 -0.00337243080139 10004
8113815657069810 570 -2.84048461914063 -2.06285405158997 0.01835131645203 20004
8114136101907211 570 3.3948974609375 -3.99871969223022 -0.02135574817657 30004
8114456546865710 570 -2.70803833007813 -2.64651155471802 0.01824879646301 40004
811477699170089 570 -1.536376953125 3.71308493614197 0.01024651527405 50004
8115097436429110 570 -2.75927734375 2.0034441947937 0.0187656879425 60004
811541788132809 570 -3.16619873046875 4.67109346389771 0.02080106735229 70004
811573832610868 570 3.02569580078125 1.63441383838654 -0.02003383636475 80004
811605877095308 570 0.9371337890625 4.48704290390015 -0.00549364089966 90004
8113174767382610 571 3.91896104812622 -1.64556646347046 -0.02470658160746 4
8113495212227210 571 0.81500244140625 -7.91602897644043 -0.00449502468109 10004
8113815657069810 571 -3.17210388183594 -1.73497974872589 0.02041494846344 20004
8114136101907211 571 3.46426391601563 -3.59398531913757 -0.02135455608368 30004
8114456546865710 571 -2.80389404296875 -2.27088475227356 0.01824712753296 40004
811477699170089 571 -1.44448852539063 4.10153484344482 0.01025414466858 50004
8115097436429110 571 -2.49371337890625 2.36260962486267 0.016521692276 60004
811541788132809 571 -3.06707763671875 4.74981689453125 0.02081346511841 70004
811573832610868 571 2.77423095703125 1.88960647583008 -0.01799917221069 80004
811605877095308 571 0.746337890625 4.85253047943115 -0.00549077987671 90004
8113174767382610 572 3.99656510353088 -1.37444305419922 -0.02470653876662 4
8113495212227210 572 1.07768249511719 -7.64342975616455 -0.00674211978912 10004
8113815657069810 572 -3.41172790527344 -1.36370086669922 0.02250361442566 20004
8114136101907211 572 3.41253662109375 -3.20443916320801 -0.02135384082794 30004
8114456546865710 572 -2.91925048828125 -1.92577338218689 0.01824522018433 40004
811477699170089 572 -1.2496337890625 4.43016624450684 0.00913286209106 50004
8115097436429110 572 -2.3536376953125 2.76458334922791 0.01540064811707 60004
811541788132809 572 -2.937255859375 4.80368995666504 0.01969146728516 70004
811573832610868 572 2.5836181640625 2.16965770721436 -0.01594400405884 80004
811605877095308 572 0.46807861328125 5.13273906707764 -0.00338649749756 90004
8113174767382610 573 4.25343656539917 -1.07867121696472 -0.02695262059569 4
8113495212227210 573 1.20859527587891 -7.26145458221436 -0.00674194097519 10004
8113815657069810 573 -3.78849792480469 -1.0803074836731 0.02458274364471 20004
8114136101907211 573 3.45989990234375 -2.78796195983887 -0.02135264873505 30004
8114456546865710 573 -3.18667602539063 -1.64408087730408 0.02028155326843 40004
811477699170089 573 -1.1788330078125 4.8316478729248 0.00801134109497 50004
8115097436429110 573 -2.0401611328125 3.08688712120056 0.01315665245056 60004
811541788132809 573 -2.805419921875 4.94729042053223 0.01856851577759 70004
811573832610868 573 2.2720947265625 2.35461711883545 -0.01394176483154 80004
811605877095308 573 0.32647705078125 5.52849864959717 -0.00138854980469 90004
8113174767382610 574 4.391761302948 -0.74581956863403 -0.02807560563087 4
8113495212227210 574 1.42211151123047 -6.95517683029175 -0.00898909568787 10004
8113815657069810 574 -4.03514099121094 -0.7234303355217 0.02666223049164 20004
8114136101907211 574 3.62213134765625 -2.43804693222046 -0.02247452735901 30004
8114456546865710 574 -3.4581298828125 -1.40229547023773 0.02237439155579 40004
811477699170089 574 -1.08056640625 5.04679393768311 0.00801229476929 50004
8115097436429110 574 -1.8785400390625 3.4073212146759 0.01315855979919 60004
811541788132809 574 -2.61468505859375 5.18882894515991 0.01744556427002 70004
811573832610868 574 2.05474853515625 2.60622787475586 -0.0139479637146 80004
811605877095309 574 0.13092041015625 -9.02531719207764 -0.0000057220459 90004
8113174767382610 575 4.49599885940552 -0.39370477199554 -0.02807555347681 4
8113495212227210 575 1.61066436767578 -6.6368556022644 -0.01011222600937 10004
8113815657069810 575 -4.16926574707031 -0.31281414628029 0.0266615152359 20004
8114136101907211 575 3.87661743164063 -2.15010213851929 -0.02472317218781 30004
8114456546865710 575 -3.68692016601563 -1.13023400306702 0.02442264556885 40004
811477699170089 575 -1.0146484375 5.14070129394531 0.00689029693604 50004
8115097436429110 575 -1.82763671875 3.77404570579529 0.01203775405884 60004
811541788132809 575 -2.3563232421875 5.42446422576904 0.01519966125488 70004
811573832610868 575 1.82403564453125 2.84361839294434 -0.01188707351685 80004
811605877095309 575 0.2735595703125 -8.63144302368164 -0.00113821029663 90004
8113174767382610 576 4.59198617935181 -0.02409053593874 -0.0291985552758 4
8113495212227210 576 1.73859405517578 -6.25819826126099 -0.01011317968369 10004
8113815657069810 576 -4.16923522949219 0.1538061350584 0.02666103839874 20004
8114136101907211 576 4.19784545898438 -1.92179203033447 -0.02696979045868 30004
8114456546865710 576 -3.86764526367188 -0.79141277074814 0.02441883087158 40004
811477699170089 576 -1.01947021484375 5.15864753723145 0.00689029693604 50004
8115097436429110 576 -1.8489990234375 4.22576236724854 0.01203942298889 60004
811541788132809 576 -2.025146484375 5.62027454376221 0.01407670974731 70004
811573832610868 576 1.52874755859375 3.04056739807129 -0.00980949401855 80004
811605877095309 576 0.390380859375 -8.20233154296875 -0.00226831436157 90004
8113174767382610 577 4.548903465271 0.2931612432003 -0.02919852919877 4
8113495212227210 577 1.98502349853516 -5.97076034545898 -0.0123598575592 10004
8113815657069810 577 -4.00398254394531 0.56377041339874 0.02665984630585 20004
8114136101907211 577 4.31594848632813 -1.7291522026062 -0.02697026729584 30004
8114456546865710 577 -4.14645385742188 -0.55773693323135 0.02644801139832 40004
811477699170089 577 -1.05563354492188 5.29324436187744 0.00689077377319 50004
8115097436429110 577 -1.7080078125 4.63028955459595 0.01204180717468 60004
811541788132809 577 -1.8048095703125 5.90960264205933 0.01183843612671 70004
811573832610868 577 1.3502197265625 3.30388879776001 -0.00981664657593 80004
811605877095309 577 0.6436767578125 -7.86680507659912 -0.00338983535767 90004
8113174767382610 578 4.38047981262207 0.63178390264511 -0.02919851802289 4
8113495212227210 578 2.12259674072266 -5.59725141525269 -0.01348406076431 10004
8113815657069810 578 -3.69114685058594 0.907246530056 0.02441143989563 20004
8114136101907211 578 4.37838745117188 -1.35223495960236 -0.02809703350067 30004
8114456546865710 578 -4.33551025390625 -0.22531309723854 0.02846717834473 40004
8114776991700810 578 0.0841064453125 -9.12496757507324 0.00000190734863 50004
8115097436429110 578 -1.4566650390625 4.93842124938965 0.0097861289978 60004
811541788132809 578 -1.4813232421875 6.11347055435181 0.00959873199463 70004
811573832610868 578 1.2677001953125 3.64621758460999 -0.00775575637817 80004
811605877095309 578 0.76959228515625 -7.442786693573 -0.00450754165649 90004
8113174767382610 579 4.13374137878418 0.89188075065613 -0.02718992345035 4
8113495212227210 579 2.30152130126953 -5.2737832069397 -0.01460802555084 10004
8113815657069810 579 -3.45240783691406 1.26669085025787 0.02328729629517 20004
8114136101907211 579 4.3326416015625 -0.97132837772369 -0.02809882164001 30004
8114456546865710 579 -4.55596923828125 0.05314639955759 0.02846360206604 40004
8114776991700810 579 0.207275390625 -8.90631675720215 -0.00111818313599 50004
8115097436429110 579 -1.261474609375 5.27652168273926 0.00865840911865 60004
8115417881328010 579 0.06298828125 -9.13387107849121 0.00000286102295 70004
811573832610868 579 1.14093017578125 3.95155143737793 -0.00775671005249 80004
811605877095309 579 0.9327392578125 -7.06301498413086 -0.0056266784668 90004
8113174767382610 580 3.84369325637817 1.14416098594666 -0.02516268379986 4
8113495212227210 580 2.52936553955078 -4.94764804840088 -0.0157316327095 10004
8113815657069810 580 -3.32575988769531 1.71239626407623 0.02216303348541 20004
8114136101907211 580 4.17086791992188 -0.58898031711578 -0.02601969242096 30004
8114456546865710 580 -4.83273315429688 0.32111832499504 0.03052401542664 40004
8114776991700810 580 0.3826904296875 -8.68195533752441 -0.00224018096924 50004
8115097436429111 580 0.037841796875 -9.22400093078613 -0.00000095367432 60004
8115417881328010 580 0.222412109375 -8.81222343444824 -0.00111627578735 70004
811573832610868 580 0.91094970703125 4.22183227539063 -0.0057520866394 80004
811605877095309 580 1.1324462890625 -6.67047500610352 -0.00673580169678 90004
8113174767382610 581 3.65986657142639 1.46072137355804 -0.02310171537101 4
8113495212227210 581 2.64437866210938 -4.58693885803223 -0.01685523986816 10004
8113815657069810 581 -3.34658813476563 2.15391278266907 0.02216267585754 20004
8114136101907211 581 3.93740844726563 -0.27284386754036 -0.02602005004883 30004
8114456546865710 581 -5.03253173828125 0.62498486042023 0.03258085250854 40004
8114776991700810 581 0.6024169921875 -8.52406978607178 -0.00336122512817 50004
8115097436429111 581 0.17974853515625 -8.91882991790771 -0.00112652778625 60004
8115417881328010 581 0.4659423828125 -8.57078170776367 -0.00223731994629 70004
811573832610868 581 0.61981201171875 4.3952317237854 -0.00367498397827 80004
811605877095309 581 1.19195556640625 -6.25363111495972 -0.00671720504761 90004
8113174767382610 582 3.4121687412262 1.64579474925995 -0.02310170419514 4
8113495212227210 582 2.90879821777344 -4.28458642959595 -0.01797968149185 10004
8113815657069810 582 -3.17999267578125 2.59232330322266 0.02103734016418 20004
8114136101907211 582 3.8350830078125 0.1314413100481 -0.02401769161224 30004
8114456546865710 582 -5.35577392578125 0.83607107400894 0.03463745117188 40004
8114776991700810 582 0.74935913085938 -8.27760982513428 -0.00448155403137 50004
8115097436429111 582 0.189208984375 -8.56175708770752 -0.00112652778625 60004
8115417881328010 582 0.60028076171875 -8.23310661315918 -0.00335454940796 70004
811573832610868 582 0.40997314453125 4.686842918396 -0.00367593765259 80004
811605877095309 582 1.426025390625 -5.87411451339722 -0.00894546508789 90004
8113174767382610 583 3.21074342727661 1.91215217113495 -0.02103299461305 4
8113495212227210 583 3.08882141113281 -3.95773029327393 -0.01910370588303 10004
8113815657069810 583 -2.90776062011719 2.92851734161377 0.01879024505615 20004
8114136101907211 583 3.6776123046875 0.42498031258583 -0.02401971817017 30004
8114456546865710 583 -5.68215942382813 0.99489837884903 0.0366747379303 40004
8114776991700810 583 0.93951416015625 -8.09370803833008 -0.00560116767883 50004
8115097436429111 583 0.1263427734375 -8.23406982421875 -0.00112724304199 60004
8115417881328010 583 0.802001953125 -7.9649510383606 -0.00447559356689 70004
811573832610868 583 0.20001220703125 4.95188808441162 -0.00161695480347 80004
811605877095309 583 1.54718017578125 -5.47936248779297 -0.00893783569336 90004
8113174767382610 584 2.99093151092529 2.1986083984375 -0.01902300491929 4
8113495212227210 584 3.27558898925781 -3.63751006126404 -0.02022796869278 10004
8113815657069810 584 -2.65492248535156 3.21695017814636 0.01766550540924 20004
8114136101907211 584 3.51190185546875 0.7163622379303 -0.02199757099152 30004
8114456546865710 584 -5.98648071289063 1.18040418624878 0.03868675231934 40004
8114776991700810 584 1.12939453125 -7.90980625152588 -0.00671625137329 50004
8115097436429111 584 0.0146484375 -7.91752147674561 -0.00112795829773 60004
8115417881328010 584 1.0460205078125 -7.7241530418396 -0.00671768188477 70004
811573832610868 584 0.0208740234375 5.23158645629883 0.00040817260742 80004
811605877095309 584 1.66815185546875 -5.08532333374023 -0.01005411148071 90004
