# framerate: 30 fps
# id frame x/m y/m z/m
851258156028400 0 0 -8 0 4
851298085800450 0 0 -8 0 10004
851338015561310 0 0 -8 0 20004
851377945350980 0 0 -8 0 30004
851417875120790 0 0 -8 0 40004
851457804890480 0 0 -8 0 50004
851497734665060 0 0 -8 0 60004
851537664442420 0 0 -8 0 70004
851577594242890 0 0 -8 0 80004
851617524019340 0 0 -8 0 90004
851258156028400 1 0 -8 0 4
851298085800450 1 0 -8 0 10004
851338015561310 1 0 -8 0 20004
851377945350980 1 0 -8 0 30004
851417875120790 1 0 -8 0 40004
851457804890480 1 0 -8 0 50004
851497734665060 1 0 -8 0 60004
851537664442420 1 0 -8 0 70004
851577594242890 1 0 -8 0 80004
851617524019340 1 0 -8 0 90004
851258156028400 2 -0.00113724789117 -7.96075248718262 0 4
851298085800450 2 0.00817108154297 -7.96520280838013 -0.00000011920929 10004
851338015561310 2 0.00041198730469 -7.99859237670898 0 20004
851377945350980 2 0 -8 0 30004
851417875120790 2 0.00384521484375 -7.99167585372925 -0.00000047683716 40004
851457804890480 2 0.00201416015625 -7.99576854705811 0.00000071525574 50004
851497734665060 2 0.00347900390625 -7.9593620300293 -0.00000023841858 60004
851537664442420 2 0.0062255859375 -7.98661470413208 0 70004
851577594242890 2 0.0142822265625 -7.96848440170288 -0.00000095367432 80004
851617524019340 2 0.0054931640625 -7.95392322540283 -0.00000095367432 90004
851258156028400 3 -0.00720256660134 -7.75143241882324 -0.00000000001455 4
851298085800450 3 0.05175018310547 -7.77961778640747 -0.00000047683716 10004
851338015561310 3 0.00260925292969 -7.99108505249023 -0.00000035762787 20004
851377945350980 3 0 -8 0 30004
851417875120790 3 0.02435302734375 -7.9472804069519 -0.00000095367432 40004
851457804890480 3 0.01275634765625 -7.97320079803467 0.00000214576721 50004
851497734665060 3 0.02203369140625 -7.74262619018555 -0.00000143051147 60004
851537664442420 3 0.0394287109375 -7.91522645950317 0.00000667572021 70004
851577594242890 3 0.0904541015625 -7.80040121078491 -0.00000381469727 80004
851617524019340 3 0.0347900390625 -7.70818042755127 -0.00000953674316 90004
851258156028400 4 0.14798958599567 -7.37781524658203 0.00000000069849 4
851298085800450 4 0.21245574951172 -7.56740999221802 -0.00112444162369 10004
851338015561310 4 0.05584716796875 -7.77707624435425 -0.00000131130219 20004
851377945350980 4 0 -8 0 30004
851417875120790 4 0.05538940429688 -7.91947174072266 -0.00000238418579 40004
851457804890480 4 0.013427734375 -7.9717903137207 0.00000214576721 50004
851497734665060 4 0.14862060546875 -7.34078216552734 -0.00000405311584 60004
851537664442420 4 0.2447509765625 -7.74046230316162 -0.00111627578735 70004
851577594242890 4 0.267333984375 -7.64223146438599 -0.00112676620483 80004
851617524019340 4 0.06317138671875 -7.37894582748413 -0.00001621246338 90004
851258156028400 5 0.41023987531662 -7.0704493522644 -0.00224608974531 4
851298085800450 5 0.33737945556641 -7.33481168746948 -0.00112557411194 10004
851338015561310 5 0.19120788574219 -7.41695356369019 -0.00112509727478 20004
851377945350980 5 0.05908203125 -7.90400218963623 -0.00000095367432 30004
851417875120790 5 0.0653076171875 -7.9111270904541 -0.00000286102295 40004
851457804890480 5 0.05606079101563 -7.95091962814331 0.000004529953 50004
851497734665060 5 0.2938232421875 -6.93055248260498 -0.00112891197205 60004
851537664442420 5 0.4964599609375 -7.63437938690186 -0.00223731994629 70004
851577594242890 5 0.3582763671875 -7.57252740859985 -0.00225591659546 80004
851617524019340 5 0.163330078125 -6.94639539718628 -0.00002574920654 90004
851258156028400 6 0.65131062269211 -6.86325931549072 -0.00336912833154 4
851298085800450 6 0.43269348144531 -7.10819911956787 -0.00225055217743 10004
851338015561310 6 0.36026000976563 -7.11304092407227 -0.00224900245667 20004
851377945350980 6 0.107421875 -7.82545852661133 -0.00000250339508 30004
851417875120790 6 0.0653076171875 -7.9111270904541 -0.00000286102295 40004
851457804890480 6 0.0909423828125 -7.9338436126709 0.00000548362732 50004
851497734665060 6 0.48565673828125 -6.54366302490234 -0.00225019454956 60004
851537664442420 6 0.67559814453125 -7.59909725189209 -0.00335741043091 70004
851577594242890 6 0.3857421875 -7.5557689666748 -0.00225687026978 80004
851617524019340 6 0.37860107421875 -6.51344299316406 -0.00227832794189 90004
851258156028400 7 0.7793300151825 -6.7629017829895 -0.00449216458946 4
851298085800450 7 0.50379180908203 -6.93423080444336 -0.00225293636322 10004
851338015561310 7 0.51712036132813 -6.98081398010254 -0.00225353240967 20004
851377945350980 7 0.1202392578125 -7.8216290473938 -0.00000405311584 30004
851417875120790 7 0.06777954101563 -7.91018867492676 -0.00000309944153 40004
851457804890480 7 0.0909423828125 -7.9338436126709 0.00000548362732 50004
851497734665060 7 0.73406982421875 -6.21852874755859 -0.0044903755188 60004
851537664442420 7 0.728759765625 -7.60850715637207 -0.00447750091553 70004
851577594242890 7 0.3857421875 -7.5557689666748 -0.00225687026978 80004
851617524019340 7 0.68060302734375 -6.18842840194702 -0.0034008026123 90004
851258156028400 8 0.7793300151825 -6.7629017829895 -0.00449215713888 4
851298085800450 8 0.52382659912109 -6.90763473510742 -0.00225555896759 10004
851338015561310 8 0.63038635253906 -6.94422340393066 -0.00337874889374 20004
851377945350980 8 0.1885986328125 -7.80120515823364 -0.00112783908844 30004
851417875120790 8 0.08096313476563 -7.90518379211426 -0.00000333786011 40004
851457804890480 8 0.0909423828125 -7.9338436126709 0.00000548362732 50004
851497734665060 8 0.99676513671875 -6.04097747802734 -0.00560569763184 60004
851537664442420 8 0.728759765625 -7.60850715637207 -0.00447750091553 70004
851577594242890 8 0.3857421875 -7.5557689666748 -0.00225687026978 80004
851617524019340 8 0.90423583984375 -6.0858359336853 -0.00564193725586 90004
851258156028400 9 0.7793300151825 -6.7629017829895 -0.0044921496883 4
851298085800450 9 0.52508544921875 -6.90597248077393 -0.00337868928909 10004
851338015561310 9 0.63722229003906 -6.94193649291992 -0.0033792257309 20004
851377945350980 9 0.19287109375 -7.79992866516113 -0.00112783908844 30004
851417875120790 9 0.1055908203125 -7.89640235900879 -0.00000476837158 40004
851457804890480 9 0.0909423828125 -7.9338436126709 0.00000548362732 50004
851497734665060 9 1.1578369140625 -6.00100564956665 -0.00672149658203 60004
851537664442420 9 0.728759765625 -7.60850715637207 -0.00447750091553 70004
851577594242890 9 0.3857421875 -7.5557689666748 -0.00225687026978 80004
851617524019340 9 0.91729736328125 -6.07942390441895 -0.00563955307007 90004
851258156028400 10 0.7793300151825 -6.7629017829895 -0.00449214223772 4
851298085800450 10 0.52508544921875 -6.90597248077393 -0.00337868928909 10004
851338015561310 10 0.63697814941406 -6.94193649291992 -0.00337958335876 20004
851377945350980 10 0.19287109375 -7.79992866516113 -0.00112783908844 30004
851417875120790 10 0.113525390625 -7.89357948303223 -0.00000786781311 40004
851457804890480 10 0.0909423828125 -7.9338436126709 0.00000548362732 50004
851497734665060 10 1.2384033203125 -5.99909639358521 -0.00784468650818 60004
851537664442420 10 0.728759765625 -7.60850715637207 -0.00447750091553 70004
851577594242890 10 0.3857421875 -7.5557689666748 -0.00225687026978 80004
851617524019340 10 0.91632080078125 -6.07942390441895 -0.00563669204712 90004
851258156028400 11 0.851094186306 -6.76567697525024 -0.0044921329245 4
851298085800450 11 0.52508544921875 -6.90597248077393 -0.00337868928909 10004
851338015561310 11 0.63674926757813 -6.94193649291992 -0.00338006019592 20004
851377945350980 11 0.19287109375 -7.79992866516113 -0.00112783908844 30004
851417875120790 11 0.113525390625 -7.89357948303223 -0.0000114440918 40004
851457804890480 11 0.0909423828125 -7.9338436126709 0.00000548362732 50004
851497734665060 11 1.24822998046875 -6.00120067596436 -0.00784945487976 60004
851537664442420 11 0.728759765625 -7.60850715637207 -0.00447750091553 70004
851577594242890 11 0.3857421875 -7.5557689666748 -0.00225687026978 80004
851617524019340 11 0.9154052734375 -6.07942390441895 -0.00563383102417 90004
851258156028400 12 1.06312906742096 -6.7950701713562 -0.00673822220415 4
851298085800450 12 0.52508544921875 -6.90597248077393 -0.00337868928909 10004
851338015561310 12 0.63650512695313 -6.94193649291992 -0.00338053703308 20004
851377945350980 12 0.19287109375 -7.79992866516113 -0.00112783908844 30004
851417875120790 12 0.113525390625 -7.89357948303223 -0.00001525878906 40004
851457804890480 12 0.0909423828125 -7.9338436126709 0.00000548362732 50004
851497734665060 12 1.24920654296875 -6.00120067596436 -0.00785303115845 60004
851537664442420 12 0.728759765625 -7.60850715637207 -0.00447750091553 70004
851577594242890 12 0.3800048828125 -7.5662088394165 -0.00225687026978 80004
851617524019340 12 0.9144287109375 -6.07942390441895 -0.00563097000122 90004
851258156028400 13 1.24141120910645 -6.96695947647095 -0.00705322949216 4
851298085800450 13 0.52508544921875 -6.90597248077393 -0.00337868928909 10004
851338015561310 13 0.63627624511719 -6.94193649291992 -0.00338101387024 20004
851377945350980 13 0.19287109375 -7.79992866516113 -0.00112783908844 30004
851417875120790 13 0.113525390625 -7.89357948303223 -0.00001883506775 40004
851457804890480 13 0.0909423828125 -7.9338436126709 0.00000548362732 50004
851497734665060 13 1.2501220703125 -6.00120067596436 -0.00785636901855 60004
851537664442420 13 0.728759765625 -7.60850715637207 -0.00447750091553 70004
851577594242890 13 0.33697509765625 -7.64450788497925 -0.00225687026978 80004
851617524019340 13 0.91351318359375 -6.07942390441895 -0.00562906265259 90004
851258156028400 14 1.2487416267395 -7.10538005828857 -0.00705321319401 4
851298085800450 14 0.53607940673828 -6.9398775100708 -0.00337868928909 10004
851338015561310 14 0.63606262207031 -6.94193649291992 -0.0033814907074 20004
851377945350980 14 0.19287109375 -7.79992866516113 -0.00112783908844 30004
851417875120790 14 0.113525390625 -7.89357948303223 -0.00002217292786 40004
851457804890480 14 0.0909423828125 -7.9338436126709 0.00000548362732 50004
851497734665060 14 1.2509765625 -6.00120067596436 -0.00785946846008 60004
851537664442420 14 0.59716796875 -7.6565113067627 -0.00447654724121 70004
851577594242890 14 0.328369140625 -7.6601676940918 -0.00225687026978 80004
851617524019340 14 0.91265869140625 -6.07942390441895 -0.00562620162964 90004
851258156028400 15 1.24903750419617 -7.20845508575439 -0.00710346084088 4
851298085800450 15 0.54507446289063 -6.96761798858643 -0.00337868928909 10004
851338015561310 15 0.6358642578125 -6.94193649291992 -0.00338172912598 20004
851377945350980 15 0.19287109375 -7.79992866516113 -0.00112783908844 30004
851417875120790 15 0.113525390625 -7.89357948303223 -0.00002527236938 40004
851457804890480 15 0.0909423828125 -7.9338436126709 0.00000548362732 50004
851497734665060 15 1.24908447265625 -6.00120067596436 -0.00710153579712 60004
851537664442420 15 0.489501953125 -7.69578742980957 -0.00244045257568 70004
851577594242890 15 0.328369140625 -7.6601676940918 -0.00225687026978 80004
851617524019340 15 0.886474609375 -6.11492156982422 -0.00562477111816 90004
851258156028400 16 1.24903750419617 -7.28024768829346 -0.0071034533903 4
851298085800450 16 0.54507446289063 -6.96761798858643 -0.00337868928909 10004
851338015561310 16 0.6356201171875 -6.94193649291992 -0.00338220596313 20004
851377945350980 16 0.19287109375 -7.79992866516113 -0.00112783908844 30004
851417875120790 16 0.113525390625 -7.89357948303223 -0.00002908706665 40004
851457804890480 16 0.0909423828125 -7.9338436126709 0.00000548362732 50004
851497734665060 16 1.24908447265625 -6.00120067596436 -0.00710153579712 60004
851537664442420 16 0.489501953125 -7.69578742980957 -0.00244045257568 70004
851577594242890 16 0.328369140625 -7.6601676940918 -0.00225687026978 80004
851617524019340 16 0.783935546875 -6.25691223144531 -0.00562143325806 90004
851258156028400 17 1.24903750419617 -7.28024768829346 -0.00710344593972 4
851298085800450 17 0.54507446289063 -6.96761798858643 -0.00337868928909 10004
851338015561310 17 0.6287841796875 -6.94555282592773 -0.003382563591 20004
851377945350980 17 0.19287109375 -7.79992866516113 -0.00112783908844 30004
851417875120790 17 0.113525390625 -7.89357948303223 -0.00003290176392 40004
851457804890480 17 0.0909423828125 -7.9338436126709 0.00000548362732 50004
851497734665060 17 1.24908447265625 -6.00120067596436 -0.00710153579712 60004
851537664442420 17 0.489501953125 -7.69578742980957 -0.00244045257568 70004
851577594242890 17 0.237548828125 -7.63827896118164 -0.00225687026978 80004
851617524019340 17 0.782958984375 -6.25691223144531 -0.00561809539795 90004
851258156028400 18 1.24903750419617 -7.28024768829346 -0.00710343848914 4
851298085800450 18 0.54507446289063 -6.96761798858643 -0.00337868928909 10004
851338015561310 18 0.62689208984375 -6.94645690917969 -0.00338315963745 20004
851377945350980 18 0.19287109375 -7.79992866516113 -0.00112783908844 30004
851417875120790 18 0.113525390625 -7.89357948303223 -0.00003671646118 40004
851457804890480 18 0.0909423828125 -7.9338436126709 0.00000548362732 50004
851497734665060 18 1.24908447265625 -6.00120067596436 -0.00710153579712 60004
851537664442420 18 0.489501953125 -7.69578742980957 -0.00244045257568 70004
851577594242890 18 0.21484375 -7.6328067779541 -0.00225687026978 80004
851617524019340 18 0.781982421875 -6.25691223144531 -0.00561475753784 90004
851258156028400 19 1.24903750419617 -7.28024768829346 -0.00710343103856 4
851298085800450 19 0.54507446289063 -6.96761798858643 -0.00337868928909 10004
851338015561310 19 0.57086181640625 -6.92506790161133 -0.0033837556839 20004
851377945350980 19 0.19287109375 -7.79992866516113 -0.00112783908844 30004
851417875120790 19 0.113525390625 -7.89357948303223 -0.00004053115845 40004
851457804890480 19 0.0909423828125 -7.9338436126709 0.00000548362732 50004
851497734665060 19 1.22174072265625 -5.99701976776123 -0.00707721710205 60004
851537664442420 19 0.489501953125 -7.69578742980957 -0.00244045257568 70004
851577594242890 19 0.19384765625 -7.59022331237793 -0.00225734710693 80004
851617524019340 19 0.781005859375 -6.25691223144531 -0.00561189651489 90004
851258156028400 20 1.24903750419617 -7.28024768829346 -0.00710342358798 4
851298085800450 20 0.54507446289063 -6.96761798858643 -0.00337868928909 10004
851338015561310 20 0.46705627441406 -6.87208557128906 -0.00219535827637 20004
851377945350980 20 0.19287109375 -7.79992866516113 -0.00112783908844 30004
851417875120790 20 0.113525390625 -7.89357948303223 -0.00004434585571 40004
851457804890480 20 0.0909423828125 -7.9338436126709 0.00000548362732 50004
851497734665060 20 1.18072509765625 -5.99074840545654 -0.0070743560791 60004
851537664442420 20 0.496337890625 -7.67008972167969 -0.00243854522705 70004
851577594242890 20 0.162353515625 -7.52634811401367 -0.0002555847168 80004
851617524019340 20 0.780029296875 -6.25691223144531 -0.0056095123291 90004
851258156028400 21 1.24903750419617 -7.28024768829346 -0.0071034161374 4
851298085800450 21 0.54507446289063 -6.96761798858643 -0.00337868928909 10004
851338015561310 21 0.38648986816406 -6.78849029541016 -0.00219750404358 20004
851377945350980 21 0.19287109375 -7.79992866516113 -0.00112783908844 30004
851417875120790 21 0.113525390625 -7.89357948303223 -0.00004816055298 40004
851457804890480 21 0.0909423828125 -7.9338436126709 0.00000548362732 50004
851497734665060 21 1.18072509765625 -5.99074840545654 -0.00707054138184 60004
851537664442420 21 0.523681640625 -7.56729888916016 -0.00243663787842 70004
851577594242890 21 0.162353515625 -7.52634811401367 -0.0002555847168 80004
851617524019340 21 0.779052734375 -6.25691223144531 -0.00560665130615 90004
851258156028400 22 1.24903750419617 -7.28024768829346 -0.00710340868682 4
851298085800450 22 0.54507446289063 -6.96761798858643 -0.00337868928909 10004
851338015561310 22 0.35279846191406 -6.68988037109375 -0.00219941139221 20004
851377945350980 22 0.19287109375 -7.79992866516113 -0.00112783908844 30004
851417875120790 22 0.113525390625 -7.89357948303223 -0.00005197525024 40004
851457804890480 22 0.1407470703125 -7.84350395202637 0.00000739097595 50004
851497734665060 22 1.18072509765625 -5.99074840545654 -0.00706672668457 60004
851537664442420 22 0.727783203125 -7.32455444335938 -0.00468063354492 70004
851577594242890 22 0.236572265625 -7.35732650756836 -0.00138139724731 80004
851617524019340 22 0.778076171875 -6.25691223144531 -0.00560331344604 90004
851258156028400 23 1.24903750419617 -7.28024768829346 -0.00710340123624 4
851298085800450 23 0.53546142578125 -6.95969295501709 -0.0033785700798 10004
851338015561310 23 0.37055969238281 -6.41889953613281 -0.00220251083374 20004
851377945350980 23 0.227294921875 -7.65433120727539 -0.00112783908844 30004
851417875120790 23 0.113525390625 -7.89357948303223 -0.00005578994751 40004
851457804890480 23 0.1531982421875 -7.82091903686523 0.00001120567322 50004
851497734665060 23 1.11187744140625 -5.86742115020752 -0.0070629119873 60004
851537664442420 23 0.851318359375 -7.23013687133789 -0.00467777252197 70004
851577594242890 23 0.337890625 -7.21582794189453 -0.00138330459595 80004
851617524019340 23 0.756591796875 -6.15863609313965 -0.00559949874878 90004
851258156028400 24 1.24903750419617 -7.28024768829346 -0.00710339378566 4
851298085800450 24 0.49986267089844 -6.89304256439209 -0.0033785700798 10004
851338015561310 24 0.49824523925781 -6.07150268554688 -0.0022064447403 20004
851377945350980 24 0.310302734375 -7.45069122314453 -0.00112521648407 30004
851417875120790 24 0.113525390625 -7.89357948303223 -0.00005960464478 40004
851457804890480 24 0.1531982421875 -7.82091903686523 0.00001621246338 50004
851497734665060 24 1.05767822265625 -5.67032718658447 -0.00705909729004 60004
851537664442420 24 0.899658203125 -7.20764923095703 -0.00467681884766 70004
851577594242890 24 0.39306640625 -7.14966583251953 -0.00250720977783 80004
851617524019340 24 0.741943359375 -6.09311866760254 -0.00559711456299 90004
851258156028400 25 1.2439296245575 -7.26516628265381 -0.00710338819772 4
851298085800450 25 0.45536804199219 -6.71935558319092 -0.00337839126587 10004
851338015561310 25 0.7109375 -5.74157524108887 -0.00445425510406 20004
851377945350980 25 0.4315185546875 -7.26852226257324 -0.00224602222443 30004
851417875120790 25 0.1295166015625 -7.86282920837402 -0.00006437301636 40004
851457804890480 25 0.1531982421875 -7.82091903686523 0.00002384185791 50004
851497734665060 25 1.08404541015625 -5.39640522003174 -0.00705432891846 60004
851537664442420 25 0.899658203125 -7.20764923095703 -0.00467681884766 70004
851577594242890 25 0.39306640625 -7.14966583251953 -0.00250720977783 80004
851617524019340 25 0.755126953125 -6.03296852111816 -0.0055947303772 90004
851258156028400 26 1.22350001335144 -7.20484638214111 -0.00710338540375 4
851298085800450 26 0.45280456542969 -6.39280986785889 -0.00337815284729 10004
851338015561310 26 0.902587890625 -5.52093315124512 -0.00558042526245 20004
851377945350980 26 0.5560302734375 -7.17929649353027 -0.00336647033691 30004
851417875120790 26 0.1934814453125 -7.73982810974121 -0.00119304656982 40004
851457804890480 26 0.1531982421875 -7.82091903686523 0.00003147125244 50004
851497734665060 26 1.23931884765625 -4.98997211456299 -0.00704908370972 60004
851537664442420 26 0.899658203125 -7.20764923095703 -0.00467681884766 70004
851577594242890 26 0.39306640625 -7.14966583251953 -0.00250720977783 80004
851617524019340 26 0.810791015625 -5.79236793518066 -0.00559234619141 90004
851258156028400 27 1.18973064422607 -6.93384265899658 -0.00710338214412 4
851298085800450 27 0.55950927734375 -6.02685832977295 -0.003378033638 10004
851338015561310 27 1.01416015625 -5.47116661071777 -0.00558066368103 20004
851377945350980 27 0.77609252929688 -7.13800621032715 -0.00448966026306 30004
851417875120790 27 0.3028564453125 -7.61879539489746 -0.0011944770813 40004
851457804890480 27 0.1531982421875 -7.82091903686523 0.00003910064697 50004
851497734665060 27 1.23931884765625 -4.68729114532471 -0.00703382492065 60004
851537664442420 27 0.899658203125 -7.20764923095703 -0.00467681884766 70004
851577594242890 27 0.39306640625 -7.14966583251953 -0.00250720977783 80004
851617524019340 27 1.113525390625 -5.41057777404785 -0.00670623779297 90004
851258156028400 28 1.24564445018768 -6.56716966629028 -0.00707879848778 4
851298085800450 28 0.56698608398438 -5.76925373077393 -0.00337809324265 10004
851338015561310 28 1.0653076171875 -5.45911407470703 -0.00670349597931 20004
851377945350980 28 1.0159912109375 -7.1184196472168 -0.0056164264679 30004
851417875120790 28 0.4210205078125 -7.55029106140137 -0.00231885910034 40004
851457804890480 28 0.1531982421875 -7.82091903686523 0.0000467300415 50004
851497734665060 28 1.23931884765625 -4.5582914352417 -0.00702714920044 60004
851537664442420 28 0.899658203125 -7.20764923095703 -0.00467681884766 70004
851577594242890 28 0.39306640625 -7.14966583251953 -0.00250720977783 80004
851617524019340 28 1.24017333984375 -5.18490791320801 -0.00704431533813 90004
851258156028400 29 1.22450757026672 -6.19826936721802 -0.00707878544927 4
851298085800450 29 0.45428466796875 -5.49620532989502 -0.00337797403336 10004
851338015561310 29 1.080810546875 -5.45937347412109 -0.00670349597931 20004
851377945350980 29 1.16769409179688 -7.12384414672852 -0.00674331188202 30004
851417875120790 29 0.4815673828125 -7.52479362487793 -0.00231981277466 40004
851457804890480 29 0.1531982421875 -7.82091903686523 0.00005435943604 50004
851497734665060 29 1.23931884765625 -4.52273845672607 -0.00702142715454 60004
851537664442420 29 0.899658203125 -7.20764923095703 -0.00467681884766 70004
851577594242890 29 0.39306640625 -7.14966583251953 -0.00250720977783 80004
851617524019340 29 1.246826171875 -5.08967018127441 -0.0070276260376 90004
851258156028400 30 1.20625352859497 -5.83999872207642 -0.0070787682198 4
851298085800450 30 0.27761077880859 -5.16130590438843 -0.00133979320526 10004
851338015561310 30 1.080810546875 -5.45937347412109 -0.00670349597931 20004
851377945350980 30 1.21054077148438 -7.14124488830566 -0.00674712657928 30004
851417875120790 30 0.4815673828125 -7.52479362487793 -0.00231981277466 40004
851457804890480 30 0.1531982421875 -7.82091903686523 0.00006198883057 50004
851497734665060 30 1.23931884765625 -4.52273845672607 -0.00701761245728 60004
851537664442420 30 0.899658203125 -7.20764923095703 -0.00467681884766 70004
851577594242890 30 0.39306640625 -7.14966583251953 -0.00250720977783 80004
851617524019340 30 1.25 -5.0773720741272 -0.00797700881958 90004
851258156028400 31 1.24904370307922 -5.39964771270752 -0.00710224360228 4
851298085800450 31 0.17023468017578 -4.79557371139526 -0.00134068727493 10004
851338015561310 31 1.080810546875 -5.45937347412109 -0.00670349597931 20004
851377945350980 31 1.21054077148438 -7.14124488830566 -0.00675094127655 30004
851417875120790 31 0.4815673828125 -7.52479362487793 -0.00231981277466 40004
851457804890480 31 0.1531982421875 -7.82091903686523 0.0000696182251 50004
851497734665060 31 1.23931884765625 -4.52273845672607 -0.00701379776001 60004
851537664442420 31 0.899658203125 -7.20764923095703 -0.00467681884766 70004
851577594242890 31 0.39306640625 -7.14966583251953 -0.00250720977783 80004
851617524019340 31 1.2490234375 -5.0773720741272 -0.0079665184021 90004
851258156028400 32 1.12923324108124 -5.02238798141479 -0.00710224034265 4
851298085800450 32 0.03450775146484 -4.43942975997925 0.00066596269608 10004
851338015561310 32 1.080810546875 -5.45937347412109 -0.00670349597931 20004
851377945350980 32 1.21054077148438 -7.14124488830566 -0.00675475597382 30004
851417875120790 32 0.4815673828125 -7.52479362487793 -0.00231981277466 40004
851457804890480 32 0.1531982421875 -7.82091903686523 0.00007724761963 50004
851497734665060 32 1.23931884765625 -4.52273845672607 -0.00700998306274 60004
851537664442420 32 0.899658203125 -7.20764923095703 -0.00467681884766 70004
851577594242890 32 0.39208984375 -7.15343475341797 -0.00250864028931 80004
851617524019340 32 1.248046875 -5.0773720741272 -0.00795650482178 90004
851258156028400 33 0.95017445087433 -4.6516637802124 -0.00710223568603 4
851298085800450 33 0.02117156982422 -4.0652289390564 0.00066488981247 10004
851338015561310 33 1.080810546875 -5.45937347412109 -0.00670349597931 20004
851377945350980 33 1.21054077148438 -7.14124488830566 -0.00675857067108 30004
851417875120790 33 0.4815673828125 -7.52479362487793 -0.00231981277466 40004
851457804890480 33 0.1531982421875 -7.82091903686523 0.00008487701416 50004
851497734665060 33 1.23931884765625 -4.52273845672607 -0.00700616836548 60004
851537664442420 33 0.899658203125 -7.20764923095703 -0.00467681884766 70004
851577594242890 33 0.391845703125 -7.15437698364258 -0.00250864028931 80004
851617524019340 33 1.2470703125 -5.0773720741272 -0.00794649124146 90004
851258156028400 34 0.68280780315399 -4.34237194061279 -0.00509655382484 4
851298085800450 34 -0.03298187255859 -3.69703054428101 0.00066411495209 10004
851338015561310 34 1.080810546875 -5.45937347412109 -0.00670349597931 20004
851377945350980 34 1.21054077148438 -7.14124488830566 -0.00676238536835 30004
851417875120790 34 0.4815673828125 -7.52479362487793 -0.00231981277466 40004
851457804890480 34 0.1531982421875 -7.82091903686523 0.00009250640869 50004
851497734665060 34 1.23931884765625 -4.52273845672607 -0.00700235366821 60004
851537664442420 34 0.899658203125 -7.20764923095703 -0.00467681884766 70004
851577594242890 34 0.391845703125 -7.15437698364258 -0.00250864028931 80004
851617524019340 34 1.24609375 -5.0773720741272 -0.00793552398682 90004
851258156028400 35 0.38116338849068 -4.06273365020752 -0.00304920179769 4
851298085800450 35 -0.12796783447266 -3.33485889434814 0.00066328048706 10004
851338015561310 35 1.080810546875 -5.45937347412109 -0.00670349597931 20004
851377945350980 35 1.21054077148438 -7.14124488830566 -0.00676620006561 30004
851417875120790 35 0.4815673828125 -7.52479362487793 -0.00231981277466 40004
851457804890480 35 0.1531982421875 -7.82091903686523 0.00010013580322 50004
851497734665060 35 1.23931884765625 -4.52273845672607 -0.00699853897095 60004
851537664442420 35 0.899658203125 -7.20764923095703 -0.00467681884766 70004
851577594242890 35 0.391845703125 -7.15437698364258 -0.00250864028931 80004
851617524019340 35 1.247802734375 -5.13918542861938 -0.00792503356934 90004
851258156028400 36 0.18235339224339 -3.69415879249573 -0.00103184347972 4
851298085800450 36 -0.10050201416016 -2.9546480178833 0.00066113471985 10004
851338015561310 36 1.080810546875 -5.45937347412109 -0.00670349597931 20004
851377945350980 36 1.21054077148438 -7.14124488830566 -0.00677001476288 30004
851417875120790 36 0.4815673828125 -7.52479362487793 -0.00231981277466 40004
851457804890480 36 0.1531982421875 -7.82091903686523 0.00010776519775 50004
851497734665060 36 1.23931884765625 -4.52273845672607 -0.00699472427368 60004
851537664442420 36 0.899658203125 -7.20764923095703 -0.00467681884766 70004
851577594242890 36 0.391845703125 -7.15437698364258 -0.00250864028931 80004
851617524019340 36 1.248291015625 -5.38643884658813 -0.00709295272827 90004
851258156028400 37 -0.14267107844353 -3.43015575408936 0.00107631471474 4
851298085800450 37 -0.23624420166016 -2.59849524497986 0.00066024065018 10004
851338015561310 37 1.080810546875 -5.45937347412109 -0.00670349597931 20004
851377945350980 37 1.21054077148438 -7.14124488830566 -0.00677382946014 30004
851417875120790 37 0.4815673828125 -7.52479362487793 -0.00231981277466 40004
851457804890480 37 0.1531982421875 -7.82091903686523 0.00011539459229 50004
851497734665060 37 1.23931884765625 -4.52273845672607 -0.00699090957642 60004
851537664442420 37 0.899658203125 -7.20764923095703 -0.00467681884766 70004
851577594242890 37 0.391845703125 -7.15437698364258 -0.00250864028931 80004
851617524019340 37 1.247314453125 -5.38643884658813 -0.00708246231079 90004
851258156028400 38 -0.36118230223656 -3.08166694641113 0.00312159443274 4
851298085800450 38 -0.39375305175781 -2.25164651870728 0.00268298387527 10004
851338015561310 38 1.080810546875 -5.45937347412109 -0.00670349597931 20004
851377945350980 38 1.21054077148438 -7.14124488830566 -0.00677764415741 30004
851417875120790 38 0.4815673828125 -7.52479362487793 -0.00231981277466 40004
851457804890480 38 0.1531982421875 -7.82091903686523 0.00012302398682 50004
851497734665060 38 1.23931884765625 -4.52273845672607 -0.00698709487915 60004
851537664442420 38 0.899658203125 -7.20764923095703 -0.00467681884766 70004
851577594242890 38 0.391845703125 -7.15437698364258 -0.00250864028931 80004
851617524019340 38 1.246337890625 -5.38643884658813 -0.00707244873047 90004
851258156028400 39 -0.58080857992172 -2.72770953178406 0.00312159163877 4
851298085800450 39 -0.62335205078125 -1.9588395357132 0.00472015142441 10004
851338015561310 39 1.023681640625 -5.40070343017578 -0.00670325756073 20004
851377945350980 39 1.21054077148438 -7.14124488830566 -0.00678145885468 30004
851417875120790 39 0.4815673828125 -7.52479362487793 -0.00231981277466 40004
851457804890480 39 0.1531982421875 -7.82091903686523 0.00013065338135 50004
851497734665060 39 1.23931884765625 -4.52273845672607 -0.00698328018188 60004
851537664442420 39 0.903076171875 -7.19912338256836 -0.00579881668091 70004
851577594242890 39 0.390869140625 -7.1486930847168 -0.00250864028931 80004
851617524019340 39 1.245361328125 -5.38643884658813 -0.0070629119873 90004
851258156028400 40 -0.7960205078125 -2.37715291976929 0.00519883120432 4
851298085800450 40 -0.88533020019531 -1.69148766994476 0.00471955537796 10004
851338015561310 40 0.91339111328125 -5.24276542663574 -0.00670301914215 20004
851377945350980 40 1.21054077148438 -7.14124488830566 -0.00678527355194 30004
851417875120790 40 0.4715576171875 -7.52393913269043 -0.00232005119324 40004
851457804890480 40 0.155029296875 -7.80469703674316 -0.00098633766174 50004
851497734665060 40 1.23931884765625 -4.52273845672607 -0.00697755813599 60004
851537664442420 40 0.908203125 -7.18633460998535 -0.0057954788208 70004
851577594242890 40 0.40283203125 -7.09301567077637 -0.00250959396362 80004
851617524019340 40 1.244384765625 -5.38643884658813 -0.00705289840698 90004
851258156028400 41 -0.88825672864914 -1.96863806247711 0.0051988279447 4
851298085800450 41 -1.04997253417969 -1.34774351119995 0.00677627325058 10004
851338015561310 41 0.81564331054688 -4.9626898765564 -0.00466501712799 20004
851377945350980 41 1.21054077148438 -7.14124488830566 -0.00678908824921 30004
851417875120790 41 0.4315185546875 -7.52052116394043 -0.0023205280304 40004
851457804890480 41 0.162353515625 -7.73980903625488 -0.00098490715027 50004
851497734665060 41 1.23931884765625 -4.52273845672607 -0.00696992874146 60004
851537664442420 41 0.908203125 -7.18633460998535 -0.00578784942627 70004
851577594242890 41 0.45654296875 -6.90440940856934 -0.00250959396362 80004
851617524019340 41 1.243408203125 -5.38643884658813 -0.0070424079895 90004
851258156028400 42 -1.14446306228638 -1.63740479946136 0.0072820102796 4
851298085800450 42 -1.32972717285156 -1.08892393112183 0.00883090496063 10004
851338015561310 42 0.86105346679688 -4.51121282577515 -0.00466883182526 20004
851377945350980 42 1.21054077148438 -7.14124488830566 -0.00679290294647 30004
851417875120790 42 0.4315185546875 -7.52052116394043 -0.0023205280304 40004
851457804890480 42 0.257568359375 -7.58417701721191 -0.00098299980164 50004
851497734665060 42 1.23931884765625 -4.52273845672607 -0.00696229934692 60004
851537664442420 42 0.908203125 -7.18633460998535 -0.00578022003174 70004
851577594242890 42 0.51123046875 -6.75285911560059 -0.00251245498657 80004
851617524019340 42 1.242431640625 -5.38643884658813 -0.00703191757202 90004
851258156028400 43 -1.25632774829865 -1.34283602237701 0.00728199910372 4
851298085800450 43 -1.53173828125 -0.77067893743515 0.00883114337921 10004
851338015561310 43 1.04653930664063 -4.10588979721069 -0.0057932138443 20004
851377945350980 43 1.15231323242188 -7.0034065246582 -0.00679564476013 30004
851417875120790 43 0.4315185546875 -7.52052116394043 -0.0023205280304 40004
851457804890480 43 0.322021484375 -7.51818084716797 -0.00098252296448 50004
851497734665060 43 1.22833251953125 -4.44503307342529 -0.00695657730103 60004
851537664442420 43 0.908203125 -7.18633460998535 -0.00577259063721 70004
851577594242890 43 0.638427734375 -6.60094261169434 -0.00363731384277 80004
851617524019340 43 1.241455078125 -5.38643884658813 -0.0070219039917 90004
851258156028400 44 -1.41630685329437 -1.03603613376617 0.00934226345271 4
851298085800450 44 -1.77096557617188 -0.48562681674957 0.01087856292725 10004
851338015561310 44 1.18577575683594 -3.68517923355103 -0.00691938400269 20004
851377945350980 44 1.12081909179688 -6.71218872070313 -0.00679755210876 30004
851417875120790 44 0.4315185546875 -7.52052116394043 -0.0023205280304 40004
851457804890480 44 0.34912109375 -7.5001220703125 -0.00210547447205 50004
851497734665060 44 1.21759033203125 -4.36435222625732 -0.00695395469666 60004
851537664442420 44 0.908203125 -7.18633460998535 -0.00576496124268 70004
851577594242890 44 0.725830078125 -6.51555061340332 -0.00363922119141 80004
851617524019340 44 1.240478515625 -5.38643884658813 -0.00701236724854 90004
851258156028400 45 -1.69142067432404 -0.72377705574036 0.01143517997116 4
851298085800450 45 -2.06052398681641 -0.23996204137802 0.01295638084412 10004
851338015561310 45 1.24903869628906 -3.24908304214478 -0.00710380077362 20004
851377945350980 45 1.10653686523438 -6.31672286987305 -0.0067994594574 30004
851417875120790 45 0.4315185546875 -7.52052116394043 -0.0023205280304 40004
851457804890480 45 0.34912109375 -7.5001220703125 -0.00210547447205 50004
851497734665060 45 1.19415283203125 -4.2545747756958 -0.00695180892944 60004
851537664442420 45 0.908203125 -7.18633460998535 -0.00575733184814 70004
851577594242890 45 0.743408203125 -6.50149154663086 -0.00476551055908 80004
851617524019340 45 1.24609375 -5.3249340057373 -0.00699949264526 90004
851258156028400 46 -2.02327513694763 -0.46840298175812 0.01343918312341 4
851298085800450 46 -2.31172180175781 0.04669419676065 0.01502162218094 10004
851338015561310 46 1.24928283691406 -2.85914087295532 -0.00710546970367 20004
851377945350980 46 1.00546264648438 -5.93081283569336 -0.00680100917816 30004
851417875120790 46 0.4315185546875 -7.52052116394043 -0.0023205280304 40004
851457804890480 46 0.34912109375 -7.5001220703125 -0.00210547447205 50004
851497734665060 46 1.12091064453125 -3.98872876167297 -0.00694894790649 60004
851537664442420 46 0.908203125 -7.18633460998535 -0.00574970245361 70004
851577594242890 46 0.743408203125 -6.50149154663086 -0.00477313995361 80004
851617524019340 46 1.24822998046875 -5.07891654968262 -0.0070915222168 90004
851258156028400 47 -2.34031081199646 -0.19485087692738 0.01550461445004 4
851298085800450 47 -2.36496734619141 0.22966751456261 0.01502048969269 10004
851338015561310 47 1.33132934570313 -2.41285943984985 -0.00822973251343 20004
851377945350980 47 0.8834228515625 -5.55097579956055 -0.00479590892792 30004
851417875120790 47 0.4534912109375 -7.4943675994873 -0.00232243537903 40004
851457804890480 47 0.34912109375 -7.5001220703125 -0.00210547447205 50004
851497734665060 47 1.16680908203125 -3.71454739570618 -0.00694417953491 60004
851537664442420 47 0.908203125 -7.18633460998535 -0.00574207305908 70004
851577594242890 47 0.762939453125 -6.50533676147461 -0.00477409362793 80004
851617524019340 47 1.21893310546875 -4.58469200134277 -0.00708150863647 90004
851258156028400 48 -2.48397517204285 0.01674913987517 0.01550461538136 4
851298085800450 48 -2.35190582275391 0.44625040888786 0.01501846313477 10004
851338015561310 48 1.50013732910156 -2.09222841262817 -0.00935351848602 20004
851377945350980 48 0.68914794921875 -5.20583152770996 -0.00479793548584 30004
851417875120790 48 0.4732666015625 -7.48116302490234 -0.00232291221619 40004
851457804890480 48 0.34912109375 -7.5001220703125 -0.00210547447205 50004
851497734665060 48 1.24005126953125 -3.37731766700745 -0.0069420337677 60004
851537664442420 48 0.908203125 -7.18633460998535 -0.00573444366455 70004
851577594242890 48 0.767822265625 -6.50629806518555 -0.00477409362793 80004
851617524019340 48 1.07537841796875 -4.11535263061523 -0.00707101821899 90004
851258156028400 49 -2.52690577507019 0.11221492290497 0.01550461631268 4
851298085800450 49 -2.22840118408203 0.71859210729599 0.01501643657684 10004
851338015561310 49 1.74549865722656 -1.77937746047974 -0.01047968864441 20004
851377945350980 49 0.55120849609375 -4.84164619445801 -0.00279068946838 30004
851417875120790 49 0.4827880859375 -7.47671890258789 -0.00232338905334 40004
851457804890480 49 0.34912109375 -7.5001220703125 -0.00210547447205 50004
851497734665060 49 1.33905029296875 -3.04131650924683 -0.00832152366638 60004
851537664442420 49 0.908203125 -7.18633460998535 -0.00572681427002 70004
851577594242890 49 0.767822265625 -6.50629806518555 -0.00477409362793 80004
851617524019340 49 0.99920654296875 -3.63782787322998 -0.00705528259277 90004
851258156028400 50 -2.52690958976746 0.11221492290497 0.01550462003797 4
851298085800450 50 -2.02960968017578 1.04281425476074 0.01389253139496 10004
851338015561310 50 2.05427551269531 -1.44901943206787 -0.01272857189178 20004
851377945350980 50 0.46051025390625 -4.45807838439941 -0.00278925895691 30004
851417875120790 50 0.4827880859375 -7.47671890258789 -0.00232338905334 40004
851457804890480 50 0.34912109375 -7.5001220703125 -0.00210547447205 50004
851497734665060 50 1.5308837890625 -2.70642518997192 -0.00945210456848 60004
851537664442420 50 0.908203125 -7.18633460998535 -0.00571918487549 70004
851577594242890 50 0.767822265625 -6.50629806518555 -0.00477409362793 80004
851617524019340 50 1.08001708984375 -3.15872287750244 -0.00703430175781 90004
851258156028400 51 -2.52691340446472 0.11221492290497 0.01550462376326 4
851298085800450 51 -1.8701171875 1.3890665769577 0.01276826858521 10004
851338015561310 51 2.41062927246094 -1.16845035552979 -0.01497483253479 20004
851377945350980 51 0.26910400390625 -4.10817909240723 -0.00278770923615 30004
851417875120790 51 0.4827880859375 -7.47671890258789 -0.00232338905334 40004
851457804890480 51 0.34912109375 -7.5001220703125 -0.00210547447205 50004
851497734665060 51 1.77886962890625 -2.34817934036255 -0.01058197021484 60004
851537664442420 51 0.908203125 -7.18633460998535 -0.00571155548096 70004
851577594242890 51 0.767822265625 -6.50629806518555 -0.00477409362793 80004
851617524019340 51 1.31536865234375 -2.72432422637939 -0.00813674926758 90004
851258156028400 52 -2.44994330406189 0.30702829360962 0.01550463121384 4
851298085800450 52 -1.770751953125 1.75708186626434 0.01164519786835 10004
851338015561310 52 2.75828552246094 -0.87696593999863 -0.01722288131714 20004
851377945350980 52 0.18951416015625 -3.71723651885986 -0.00075900554657 30004
851417875120790 52 0.4827880859375 -7.47671890258789 -0.00232338905334 40004
851457804890480 52 0.34912109375 -7.5001220703125 -0.00210547447205 50004
851497734665060 52 2.10211181640625 -2.0563817024231 -0.01283550262451 60004
851537664442420 52 0.861328125 -7.20272254943848 -0.00570964813232 70004
851577594242890 52 0.767822265625 -6.50629806518555 -0.00477409362793 80004
851617524019340 52 1.71270751953125 -2.43092823028564 -0.01037073135376 90004
851258156028400 53 -2.2502121925354 0.61284482479095 0.01550463028252 4
851298085800450 53 -1.56163024902344 2.06774139404297 0.01052141189575 10004
851338015561310 53 3.12950134277344 -0.72803467512131 -0.01946806907654 20004
851377945350980 53 -0.00836181640625 -3.37893772125244 -0.00075948238373 30004
851417875120790 53 0.4827880859375 -7.47671890258789 -0.00232338905334 40004
851457804890480 53 0.34912109375 -7.5001220703125 -0.00210547447205 50004
851497734665060 53 2.34918212890625 -1.70261013507843 -0.0150830745697 60004
851537664442420 53 0.849609375 -7.20681953430176 -0.00570917129517 70004
851577594242890 53 0.767822265625 -6.50629806518555 -0.00477409362793 80004
851617524019340 53 1.9884033203125 -2.03178024291992 -0.01260852813721 90004
851258156028400 54 -2.08954477310181 0.9897449016571 0.01438154093921 4
851298085800450 54 -1.38913726806641 2.39751601219177 0.00939691066742 10004
851338015561310 54 3.40086364746094 -0.69176548719406 -0.02171576023102 20004
851377945350980 54 -0.2689208984375 -3.07827281951904 0.00128293037415 30004
851417875120790 54 0.4827880859375 -7.47671890258789 -0.00232338905334 40004
851457804890480 54 0.34912109375 -7.5001220703125 -0.00210547447205 50004
851497734665060 54 2.48150634765625 -1.29887974262238 -0.0150830745697 60004
851537664442420 54 0.849609375 -7.20681953430176 -0.00570917129517 70004
851577594242890 54 0.767822265625 -6.50629806518555 -0.00477409362793 80004
851617524019340 54 2.3043212890625 -1.66788303852081 -0.01387023925781 90004
851258156028400 55 -1.96732676029205 1.38258755207062 0.01325845997781 4
851298085800450 55 -1.26673889160156 2.73446822166443 0.00827181339264 10004
851338015561310 55 3.52357482910156 -0.71342200040817 -0.02172029018402 20004
851377945350980 55 -0.5330810546875 -2.78240203857422 0.00335848331451 30004
851417875120790 55 0.4827880859375 -7.47671890258789 -0.00232338905334 40004
851457804890480 55 0.34912109375 -7.5001220703125 -0.00210547447205 50004
851497734665060 55 2.47760009765625 -0.87148362398148 -0.01508259773254 60004
851537664442420 55 0.849609375 -7.20681953430176 -0.00570917129517 70004
851577594242890 55 0.767822265625 -6.50629806518555 -0.00477409362793 80004
851617524019340 55 2.6744384765625 -1.34808647632599 -0.01610898971558 90004
851258156028400 56 -1.72050893306732 1.72098302841187 0.01213540323079 4
851298085800450 56 -1.07527160644531 2.97827315330505 0.00714790821075 10004
851338015561310 56 3.52381896972656 -0.71342200040817 -0.02172267436981 20004
851377945350980 56 -0.738525390625 -2.44065475463867 0.00536811351776 30004
851417875120790 56 0.4827880859375 -7.47671890258789 -0.00232338905334 40004
851457804890480 56 0.34912109375 -7.5001220703125 -0.00210547447205 50004
851497734665060 56 2.33306884765625 -0.46099269390106 -0.01508259773254 60004
851537664442420 56 0.849609375 -7.20681953430176 -0.00570917129517 70004
851577594242890 56 0.767822265625 -6.50629806518555 -0.00477409362793 80004
851617524019340 56 2.96624755859375 -0.94908249378204 -0.01835155487061 90004
851258156028400 57 -1.63983011245728 2.13197493553162 0.01101236231625 4
851298085800450 57 -0.98872375488281 3.34951424598694 0.0071462392807 10004
851338015561310 57 3.52406311035156 -0.71342200040817 -0.02172517776489 20004
851377945350980 57 -1.06930541992188 -2.21789932250977 0.00742959976196 30004
851417875120790 57 0.4827880859375 -7.47671890258789 -0.00232338905334 40004
851457804890480 57 0.34912109375 -7.5001220703125 -0.00210547447205 50004
851497734665060 57 2.02838134765625 -0.1499627828598 -0.01298141479492 60004
851537664442420 57 0.8232421875 -7.04384803771973 -0.00570726394653 70004
851577594242890 57 0.767822265625 -6.50629806518555 -0.00477409362793 80004
851617524019340 57 3.10003662109375 -0.47258770465851 -0.0194787979126 90004
851258156028400 58 -1.5184919834137 2.53210973739624 0.00988931767642 4
851298085800450 58 -0.85002136230469 3.70325589179993 0.00602048635483 10004
851338015561310 58 3.52430725097656 -0.71342200040817 -0.02172780036926 20004
851377945350980 58 -1.30624389648438 -1.90590000152588 0.00743067264557 30004
851417875120790 58 0.4827880859375 -7.47671890258789 -0.00232338905334 40004
851457804890480 58 0.34912109375 -7.5001220703125 -0.00210547447205 50004
851497734665060 58 1.84381103515625 0.23566243052483 -0.01298522949219 60004
851537664442420 58 0.862060546875 -6.84100532531738 -0.0057053565979 70004
851577594242890 58 0.767822265625 -6.50629806518555 -0.00477409362793 80004
851617524019340 58 3.07415771484375 0.01300178840756 -0.01948118209839 90004
851258156028400 59 -1.3061226606369 2.88156127929688 0.00876625068486 4
851298085800450 59 -0.77401733398438 4.00745725631714 0.00601840019226 10004
851338015561310 59 3.52455139160156 -0.71342200040817 -0.02173042297363 20004
851377945350980 59 -1.57455444335938 -1.62364959716797 0.00943839550018 30004
851417875120790 59 0.4466552734375 -7.47470474243164 -0.00232338905334 40004
851457804890480 59 0.34912109375 -7.5001220703125 -0.00210547447205 50004
851497734665060 59 1.62115478515625 0.59809046983719 -0.01093602180481 60004
851537664442420 59 0.960693359375 -6.59993553161621 -0.00570154190063 70004
851577594242890 59 0.748779296875 -6.41601943969727 -0.00477457046509 80004
851617524019340 59 2.93890380859375 0.48566246032715 -0.01948308944702 90004
851258156028400 60 -1.05654263496399 3.20299172401428 0.00764319766313 4
851298085800450 60 -0.73797607421875 4.2898211479187 0.0048936009407 10004
851338015561310 60 3.52479553222656 -0.71342200040817 -0.02173292636871 20004
851377945350980 60 -1.8741455078125 -1.37114763259888 0.01148104667664 30004
851417875120790 60 0.358642578125 -7.45354843139648 -0.00232338905334 40004
851457804890480 60 0.35791015625 -7.47220993041992 -0.00210499763489 50004
851497734665060 60 1.361328125 0.93687874078751 -0.00889539718628 60004
851537664442420 60 1.0997314453125 -6.37137031555176 -0.00681686401367 70004
851577594242890 60 0.738037109375 -6.20491981506348 -0.0047755241394 80004
851617524019340 60 2.7032470703125 0.91149139404297 -0.01744318008423 90004
851258156028400 61 -0.92774498462677 3.58159613609314 0.00652013719082 4
851298085800450 61 -0.58205413818359 4.63772821426392 0.00376909971237 10004
851338015561310 61 3.52503967285156 -0.71342200040817 -0.0217353105545 20004
851377945350980 61 -2.07958984375 -1.02940034866333 0.01350808143616 30004
851417875120790 61 0.223388671875 -7.38100814819336 -0.00232362747192 40004
851457804890480 61 0.39306640625 -7.36056137084961 -0.00210213661194 50004
851497734665060 61 1.2220458984375 1.34893488883972 -0.00889897346497 60004
851537664442420 61 1.24737548828125 -6.25512886047363 -0.00792598724365 70004
851577594242890 61 0.809326171875 -5.90219306945801 -0.00477838516235 80004
851617524019340 61 2.3360595703125 1.24470543861389 -0.0154333114624 90004
851258156028400 62 -0.86847847700119 3.99620962142944 0.00652012787759 4
851298085800450 62 -0.58779144287109 5.0188775062561 0.00376862287521 10004
851338015561310 62 3.52528381347656 -0.71342200040817 -0.02173781394958 20004
851377945350980 62 -2.1005859375 -0.83104944229126 0.01350665092468 30004
851417875120790 62 0.214599609375 -7.36906814575195 -0.00232362747192 40004
851457804890480 62 0.47021484375 -7.2764778137207 -0.00210022926331 50004
851497734665060 62 0.9212646484375 1.66330027580261 -0.00680446624756 60004
851537664442420 62 1.24920654296875 -6.25468635559082 -0.00792598724365 70004
851577594242890 62 0.905029296875 -5.5790958404541 -0.00478029251099 80004
851617524019340 62 2.1436767578125 1.70140480995178 -0.01340436935425 90004
851258156028400 63 -0.71939212083817 4.38385581970215 0.00539707019925 4
851298085800450 63 -0.47231292724609 5.37510442733765 0.00376743078232 10004
851338015561310 63 3.52552795410156 -0.71342200040817 -0.02174043655396 20004
851377945350980 63 -2.0626220703125 -0.65605020523071 0.01350450515747 30004
851417875120790 63 0.2091064453125 -7.35031318664551 -0.0023238658905 40004
851457804890480 63 0.49755859375 -7.25213813781738 -0.00209832191467 50004
851497734665060 63 0.6812744140625 2.02358794212341 -0.00474715232849 60004
851537664442420 63 1.24920654296875 -6.25468635559082 -0.00792598724365 70004
851577594242890 63 0.96484375 -5.26348876953125 -0.0059061050415 80004
851617524019340 63 1.8201904296875 2.06549000740051 -0.01137113571167 90004
851258156028400 64 -0.62876760959625 4.78258991241455 0.00427401671186 4
851298085800450 64 -0.39742279052734 5.73962831497192 0.00264465808868 10004
851338015561310 64 3.42744445800781 -0.65664595365524 -0.02174293994904 20004
851377945350980 64 -2.0145263671875 -0.42120805382729 0.01350140571594 30004
851417875120790 64 0.2069091796875 -7.33979988098145 -0.00232410430908 40004
851457804890480 64 0.5029296875 -7.24992561340332 -0.00321841239929 50004
851497734665060 64 0.5513916015625 2.42801070213318 -0.00273633003235 60004
851537664442420 64 1.24920654296875 -6.25468635559082 -0.00792598724365 70004
851577594242890 64 1.02685546875 -4.92649078369141 -0.00590705871582 80004
851617524019340 64 1.5504150390625 2.43769764900208 -0.00931835174561 90004
851258156028400 65 -0.6184344291687 5.20105075836182 0.00427401810884 4
851298085800451 65 0.01690673828125 7.58278608322144 0 10004
851338015561310 65 3.21505737304688 -0.47851890325546 -0.02049934864044 20004
851377945350980 65 -1.93154907226563 -0.11004142463207 0.01349794864655 30004
851417875120790 65 0.218017578125 -7.31806945800781 -0.00123763084412 40004
851457804890480 65 0.5029296875 -7.24992561340332 -0.00321459770203 50004
851497734665060 65 0.4664306640625 2.84684729576111 -0.00273370742798 60004
851537664442420 65 1.24920654296875 -6.25468635559082 -0.00792598724365 70004
851577594242890 65 1.139404296875 -4.5821475982666 -0.00703191757202 80004
851617524019340 65 1.4140625 2.86964440345764 -0.00931453704834 90004
851258156028400 66 -0.58377522230148 5.61844253540039 0.00427401904017 4
851298085800451 66 0.08453369140625 7.78403997421265 -0.00000035762787 10004
851338015561310 66 2.95492553710938 -0.10673156380653 -0.01840233802795 20004
851377945350980 66 -1.7186279296875 0.22721855342388 0.01124906539917 30004
851417875120790 66 0.262451171875 -7.23114776611328 -0.00123763084412 40004
851457804890480 66 0.5029296875 -7.24992561340332 -0.00321078300476 50004
851497734665060 66 0.2467041015625 3.22244238853455 -0.00273156166077 60004
851537664442420 66 1.24920654296875 -6.25468635559082 -0.00792598724365 70004
851577594242890 66 1.24908447265625 -4.26958799362183 -0.00710344314575 80004
851617524019340 66 1.384765625 3.36382699012756 -0.00931072235107 90004
851258156028400 67 -0.71736788749695 6.01535987854004 0.00427401904017 4
851298085800451 67 0.11444091796875 7.81546545028687 -0.00000166893005 10004
851338015561310 67 2.87606811523438 0.3401888012886 -0.01840138435364 20004
851377945350980 67 -1.50527954101563 0.56419366598129 0.01012516021729 30004
851417875120790 67 0.262451171875 -7.23114776611328 -0.00123763084412 40004
851457804890480 67 0.5029296875 -7.24992561340332 -0.0032069683075 50004
851497734665060 67 0.2125244140625 3.58711981773376 -0.00064778327942 60004
851537664442420 67 1.24920654296875 -6.25468635559082 -0.00792598724365 70004
851577594242890 67 1.24908447265625 -4.15336179733276 -0.00710344314575 80004
851617524019340 67 1.1494140625 3.79962944984436 -0.0072135925293 90004
851258156028401 68 0.0556630641222 7.68321371078491 0.00000000005821 4
851298085800451 68 0.12191772460938 7.82332181930542 -0.00000166893005 10004
851338015561310 68 2.66133117675781 0.73074346780777 -0.01630222797394 20004
851377945350980 68 -1.41348266601563 0.94516843557358 0.01012587547302 30004
851417875120790 68 0.262451171875 -7.23114776611328 -0.00123763084412 40004
851457804890480 68 0.5029296875 -7.24992561340332 -0.00320315361023 50004
851497734665060 68 0.3138427734375 3.98558020591736 -0.00177335739136 60004
851537664442420 68 1.24920654296875 -6.25468635559082 -0.00792598724365 70004
851577594242890 68 1.24908447265625 -4.08714628219604 -0.00710391998291 80004
851617524019340 68 0.8173828125 4.16107225418091 -0.00520086288452 90004
851258156028401 69 0.1088777706027 7.79966259002686 0.0000000007567 4
851298085800451 69 0.12191772460938 7.82332181930542 -0.00000166893005 10004
851338015561310 69 2.38798522949219 1.09234428405762 -0.01630473136902 20004
851377945350980 69 -1.28115844726563 1.3114767074585 0.0090035200119 30004
851417875120790 69 0.262451171875 -7.23114776611328 -0.00123763084412 40004
851457804890480 69 0.50244140625 -7.27653312683105 -0.00320076942444 50004
851497734665060 69 0.3670654296875 4.40706634521484 -0.00177478790283 60004
851537664442420 69 1.20867919921875 -6.29278755187988 -0.00706768035889 70004
851577594242890 69 1.24908447265625 -4.03051328659058 -0.00710391998291 80004
851617524019340 69 0.54150390625 4.55864000320435 -0.0031476020813 90004
851258156028401 70 0.13303454220295 7.82359504699707 0.00000000128057 4
851298085800451 70 0.12191772460938 7.82332181930542 -0.00000166893005 10004
851338015561310 70 2.15177917480469 1.43836450576782 -0.01420700550079 20004
851377945350980 70 -1.11151123046875 1.63839077949524 0.00788164138794 30004
851417875120790 70 0.262451171875 -7.23114776611328 -0.00123763084412 40004
851457804890480 70 0.501708984375 -7.31644439697266 -0.00319862365723 50004
851497734665060 70 0.29583740234375 4.80242824554443 -0.00177597999573 60004
851537664442420 70 1.147705078125 -6.34993934631348 -0.00706052780151 70004
851577594242890 70 1.24957275390625 -3.98270511627197 -0.00710391998291 80004
851617524019340 70 0.40594482421875 4.99520063400269 -0.00314998626709 90004
851258156028401 71 0.13303454220295 7.82359504699707 0.00000000128057 4
851298085800451 71 0.12191772460938 7.82332181930542 -0.00000166893005 10004
851338015561310 71 2.04023742675781 1.8781304359436 -0.0142080783844 20004
851377945350980 71 -1.06024169921875 2.03403210639954 0.00788235664368 30004
851417875120790 71 0.262451171875 -7.23114776611328 -0.00123763084412 40004
851457804890480 71 0.501708984375 -7.31644439697266 -0.00319480895996 50004
851497734665060 71 0.07611083984375 5.17802333831787 0.00027537345886 60004
851537664442420 71 1.146728515625 -6.34993934631348 -0.00705289840698 70004
851577594242890 71 1.24957275390625 -3.98270511627197 -0.00710391998291 80004
851617524019340 71 0.43035888671875 5.48960065841675 -0.0031566619873 90004
851258156028401 72 0.13303454220295 7.82359504699707 0.00000000128057 4
851298085800451 72 0.12191772460938 7.82332181930542 -0.00000166893005 10004
851338015561310 72 1.76425170898438 2.23505616188049 -0.01219809055328 20004
851377945350980 72 -0.85690307617188 2.37467384338379 0.00563728809357 30004
851417875120790 72 0.262451171875 -7.23114776611328 -0.00123763084412 40004
851457804890480 72 0.501708984375 -7.31644439697266 -0.0031909942627 50004
851497734665060 72 0.02484130859375 5.60767030715942 0.00027441978455 60004
851537664442420 72 1.145751953125 -6.34993934631348 -0.00704526901245 70004
851577594242890 72 1.24957275390625 -3.98270511627197 -0.00710391998291 80004
851617524019340 72 0.25701904296875 5.95032644271851 -0.00108957290649 90004
851258156028401 73 0.13303454220295 7.82359504699707 0.00000000128057 4
851298085800451 73 0.12191772460938 7.82332181930542 -0.00000166893005 10004
851338015561310 73 1.59786987304688 2.64724445343018 -0.01019012928009 20004
851377945350980 73 -0.75399780273438 2.75198197364807 0.00563204288483 30004
851417875120790 73 0.262451171875 -7.23114776611328 -0.00123763084412 40004
851457804890480 73 0.501708984375 -7.31644439697266 -0.00318717956543 50004
851497734665060 73 -0.13873291015625 6.00128269195557 0.00027418136597 60004
851537664442420 73 1.144775390625 -6.34993934631348 -0.00703716278076 70004
851577594242890 73 1.24957275390625 -3.98270511627197 -0.00710391998291 80004
851617524019341 73 0.06646728515625 7.67570638656616 -0.0000057220459 90004
851258156028401 74 0.13303454220295 7.82359504699707 0.00000000128057 4
851298085800451 74 0.10704040527344 7.76174974441528 -0.00000196695328 10004
851338015561310 74 1.42753601074219 3.02638220787048 -0.01019144058228 20004
851377945350980 74 -0.70721435546875 3.1231632232666 0.00562691688538 30004
851417875120790 74 0.262451171875 -7.23114776611328 -0.00123763084412 40004
851457804890480 74 0.501708984375 -7.31644439697266 -0.00318360328674 50004
851497734665061 74 0.03369140625 7.60448217391968 -0.00000095367432 60004
851537664442420 74 1.14385986328125 -6.34993934631348 -0.00703001022339 70004
851577594242890 74 1.24957275390625 -3.98270511627197 -0.00710391998291 80004
851617524019341 74 0.2120361328125 7.86937189102173 -0.001136302948 90004
851258156028401 75 0.13303454220295 7.82359504699707 0.00000000128057 4
851298085800451 75 0.05691528320313 7.59876203536987 -0.00000214576721 10004
851338015561310 75 1.16236877441406 3.38883280754089 -0.00813674926758 20004
851377945350980 75 -0.64108276367188 3.51248598098755 0.00450170040131 30004
851417875120790 75 0.262451171875 -7.23114776611328 -0.00123763084412 40004
851457804890480 75 0.501708984375 -7.31644439697266 -0.00317978858948 50004
851497734665061 75 0.1123046875 7.77251005172729 -0.00000381469727 60004
851537664442420 75 1.13897705078125 -6.32392406463623 -0.00702238082886 70004
851577594242890 75 1.24957275390625 -3.98270511627197 -0.00710391998291 80004
851617524019341 75 0.4381103515625 8.05138874053955 -0.00226497650146 90004
851258156028401 76 0.13303454220295 7.82359504699707 0.00000000128057 4
851298085800451 76 -0.06625366210938 7.44426679611206 -0.00000220537186 10004
851338015561310 76 1.05081176757813 3.82862019538879 -0.00609445571899 20004
851377945350980 76 -0.43206787109375 3.85258531570435 0.00337612628937 30004
851417875120790 76 0.262451171875 -7.23114776611328 -0.00123763084412 40004
851457804890480 76 0.501708984375 -7.31644439697266 -0.00317597389221 50004
851497734665061 76 0.1123046875 7.77251005172729 -0.00000762939453 60004
851537664442420 76 1.10675048828125 -6.11580181121826 -0.00701475143433 70004
851577594242890 76 1.24957275390625 -3.98270511627197 -0.00710391998291 80004
851617524019341 76 0.5433349609375 8.08002948760986 -0.00338745117188 90004
851258156028401 77 0.1231045499444 7.78721380233765 0.00000000174623 4
851298085800451 77 -0.1024169921875 7.41458415985107 -0.00000256299973 10004
851338015561310 77 0.80368041992188 4.16909742355347 -0.0060943365097 20004
851377945350980 77 -0.36911010742188 4.21713590621948 0.00337374210358 30004
851417875120790 77 0.262451171875 -7.23114776611328 -0.00123763084412 40004
851457804890480 77 0.49258422851563 -7.29988718032837 -0.00317430496216 50004
851497734665061 77 0.1123046875 7.77251005172729 -0.00001120567322 60004
851537664442420 77 0.95404052734375 -5.80169343948364 -0.00700998306274 70004
851577594242890 77 1.24957275390625 -3.98270511627197 -0.00710391998291 80004
851617524019341 77 0.55560302734375 8.08360958099365 -0.00338506698608 90004
851258156028401 78 0.06626662611961 7.68477153778076 0.00000000192085 4
851298085800451 78 -0.11351013183594 7.40899991989136 -0.00000315904617 10004
851338015561310 78 0.6151123046875 4.57024002075195 -0.00400280952454 20004
851377945350980 78 -0.3173828125 4.61266660690308 0.00224876403809 30004
851417875120790 78 0.262451171875 -7.23114776611328 -0.00123763084412 40004
851457804890480 78 0.4876708984375 -7.29097175598145 -0.00317430496216 50004
851497734665061 78 0.1123046875 7.77251005172729 -0.00001502037048 60004
851537664442420 78 0.8653564453125 -5.42135524749756 -0.00498008728027 70004
851577594242890 78 1.24957275390625 -3.98270511627197 -0.00710391998291 80004
851617524019341 78 0.55462646484375 8.08360958099365 -0.00338220596313 90004
851258156028401 79 -0.05455739423633 7.52561950683594 0.00000000200816 4
851298085800451 79 -0.11338806152344 7.40899991989136 -0.00000381469727 10004
851338015561310 79 0.44865417480469 4.98238134384155 -0.00400376319885 20004
851377945350980 79 -0.31460571289063 5.00346994400024 0.00224804878235 30004
851417875120790 79 0.262451171875 -7.23114776611328 -0.00123763084412 40004
851457804890480 79 0.4913330078125 -7.28119421005249 -0.003173828125 50004
851497734665061 79 0.1123046875 7.77251005172729 -0.00001883506775 60004
851537664442420 79 0.90557861328125 -5.02478504180908 -0.00497913360596 70004
851577594242890 79 1.24957275390625 -3.98270511627197 -0.00710391998291 80004
851617524019341 79 0.561279296875 8.07009601593018 -0.00337886810303 90004
851258156028401 80 -0.23160892724991 7.35069561004639 0.00203976011835 4
851298085800451 80 -0.11326599121094 7.40899991989136 -0.000004529953 10004
851338015561310 80 0.17253112792969 5.33930397033691 -0.00194728374481 20004
851377945350980 80 -0.421630859375 5.3737998008728 0.0022474527359 30004
851417875120790 80 0.262451171875 -7.23114776611328 -0.00123763084412 40004
851457804890480 80 0.5023193359375 -7.25186157226563 -0.00317239761353 50004
851497734665061 80 0.1123046875 7.77251005172729 -0.00002264976501 60004
851537664442420 80 1.0677490234375 -4.65200328826904 -0.00609827041626 70004
851577594242890 80 1.23809814453125 -3.98398017883301 -0.00702714920044 80004
851617524019341 80 0.58319091796875 8.02955532073975 -0.00337362289429 90004
851258156028401 81 -0.28559166193008 7.33104610443115 0.00203975872137 4
851298085800451 81 -0.11314392089844 7.40899991989136 -0.00000524520874 10004
851338015561310 81 0.06089782714844 5.77911186218262 0.00005638599396 20004
851377945350980 81 -0.398193359375 5.57188177108765 0.00224649906158 30004
851417875120790 81 0.262451171875 -7.23114776611328 -0.00123763084412 40004
851457804890480 81 0.5023193359375 -7.25186157226563 -0.00317239761353 50004
851497734665061 81 0.1123046875 7.77251005172729 -0.00002646446228 60004
851537664442420 81 1.2220458984375 -4.51047801971436 -0.00720691680908 70004
851577594242890 81 1.05450439453125 -4.00438117980957 -0.00702714920044 80004
851617524019341 81 0.58221435546875 8.02955532073975 -0.00337076187134 90004
851258156028401 82 -0.29571032524109 7.32736301422119 0.00203975848854 4
851298085800451 82 -0.11302185058594 7.40899991989136 -0.00000590085983 10004
851338015561311 82 0.17118835449219 7.89972305297852 -0.00000071525574 20004
851377945350980 82 -0.46917724609375 5.83767414093018 0.00224614143372 30004
851417875120790 82 0.262451171875 -7.23114776611328 -0.00123763084412 40004
851457804890480 82 0.5023193359375 -7.25186157226563 -0.00317239761353 50004
851497734665061 82 0.1138916015625 7.75543832778931 -0.00002813339233 60004
851537664442420 82 1.24029541015625 -4.48394203186035 -0.00704383850098 70004
851577594242890 82 1.02008056640625 -4.00820636749268 -0.00702714920044 80004
851617524019341 82 0.54473876953125 7.92849636077881 -0.00336885452271 90004
851258156028401 83 -0.29571080207825 7.32736301422119 0.00203975848854 4
851298085800451 83 -0.11289978027344 7.40899991989136 -0.00000649690628 10004
851338015561311 83 0.36311340332031 8.19614410400391 -0.00224769115448 20004
851377945350981 83 0.1087646484375 7.76571083068848 -0.00000071525574 30004
851417875120790 83 0.28524780273438 -7.15653944015503 -0.00123810768127 40004
851457804890480 83 0.5023193359375 -7.25186157226563 -0.00317239761353 50004
851497734665061 83 0.13177490234375 7.60986518859863 -0.00003027915955 60004
851537664442420 83 1.23931884765625 -4.48394203186035 -0.00703620910645 70004
851577594242890 83 0.94482421875 -3.93658685684204 -0.0070276260376 80004
851617524019341 83 0.542236328125 7.66111612319946 -0.00336503982544 90004
851258156028401 84 -0.29571124911308 7.32736301422119 0.00203975848854 4
851298085800451 84 -0.11278533935547 7.40899991989136 -0.00000715255737 10004
851338015561311 84 0.48536682128906 8.31674194335938 -0.00225102901459 20004
851377945350981 84 0.30810546875 8.10648059844971 -0.00112318992615 30004
851417875120790 84 0.3585205078125 -7.01487350463867 -0.00124049186707 40004
851457804890480 84 0.5023193359375 -7.25186157226563 -0.00317239761353 50004
851497734665061 84 0.15283203125 7.33155584335327 -0.0000331401825 60004
851537664442420 84 1.2384033203125 -4.48394203186035 -0.00702905654907 70004
851577594242890 84 0.83087158203125 -3.79301428794861 -0.00498247146606 80004
851617524019341 84 0.51806640625 7.27625894546509 -0.00336074829102 90004
851258156028401 85 -0.29571172595024 7.32736301422119 0.00203975848854 4
851298085800451 85 -0.11266326904297 7.40899991989136 -0.00000786781311 10004
851338015561311 85 0.48561096191406 8.31674194335938 -0.00225305557251 20004
851377945350981 85 0.57373046875 8.32927417755127 -0.00336694717407 30004
851417875120790 85 0.5401611328125 -6.81296157836914 -0.00236344337463 40004
851457804890480 85 0.5023193359375 -7.25186157226563 -0.00317239761353 50004
851497734665061 85 0.15380859375 6.88506841659546 -0.0000364780426 60004
851537664442420 85 1.2374267578125 -4.48394203186035 -0.00702142715454 70004
851577594242890 85 0.74298095703125 -3.56886267662048 -0.00498342514038 80004
851617524019341 85 0.3363037109375 6.77798318862915 -0.00129652023315 90004
851258156028401 86 -0.2957122027874 7.32736301422119 0.00203975848854 4
851298085800451 86 -0.11254119873047 7.40899991989136 -0.0000085234642 10004
851338015561311 86 0.48585510253906 8.31674194335938 -0.00225520133972 20004
851377945350981 86 0.6875 8.35977649688721 -0.00336456298828 30004
851417875120790 86 0.6627197265625 -6.76098251342773 -0.00348782539368 40004
851457804890480 86 0.5023193359375 -7.25186157226563 -0.00317239761353 50004
851497734665061 86 0.11279296875 6.4404501914978 -0.00003814697266 60004
851537664442420 86 1.2364501953125 -4.48394203186035 -0.00701379776001 70004
851577594242890 86 0.76641845703125 -3.20069098472595 -0.00498533248901 80004
851617524019341 86 0.1488037109375 6.37920236587524 -0.00130081176758 90004
851258156028401 87 -0.29571267962456 7.32736301422119 0.00203975848854 4
851298085800451 87 -0.11241912841797 7.40899991989136 -0.0000091791153 10004
851338015561311 87 0.48609924316406 8.31674194335938 -0.00225734710693 20004
851377945350981 87 0.71646118164063 8.36740207672119 -0.0044891834259 30004
851417875120790 87 0.82138061523438 -6.73497009277344 -0.00461578369141 40004
851457804890480 87 0.5023193359375 -7.25186157226563 -0.00317239761353 50004
851497734665061 87 0.21533203125 6.01411962509155 -0.00116372108459 60004
851537664442420 87 1.2354736328125 -4.48394203186035 -0.00700616836548 70004
851577594242890 87 0.90484619140625 -2.86583304405212 -0.00498723983765 80004
851617524019341 87 -0.2034912109375 6.02471590042114 0.00077533721924 90004
851258156028401 88 -0.29571315646172 7.32736301422119 0.00203975848854 4
851298085800451 88 -0.11229705810547 7.40899991989136 -0.00000983476639 10004
851338015561311 88 0.48634338378906 8.31674194335938 -0.00225937366486 20004
851377945350981 88 0.71694946289063 8.36740207672119 -0.00449109077454 30004
851417875120790 88 1.0244140625 -6.67587280273438 -0.00574660301208 40004
851457804890480 88 0.5023193359375 -7.25186157226563 -0.00317239761353 50004
851497734665061 88 0.27001953125 5.58169317245483 -0.00116467475891 60004
851537664442420 88 1.2344970703125 -4.48394203186035 -0.00699853897095 70004
851577594242890 88 1.14166259765625 -2.59462332725525 -0.00723505020142 80004
851617524019341 88 -0.5206298828125 5.61487627029419 0.00290966033936 90004
851258156028401 89 -0.29571363329887 7.32736301422119 0.00203975848854 4
851298085800451 89 -0.11217498779297 7.40899991989136 -0.00001049041748 10004
851338015561311 89 0.48719787597656 8.31349563598633 -0.00226151943207 20004
851377945350981 89 0.71743774414063 8.36740207672119 -0.00449275970459 30004
851417875120790 89 1.22964477539063 -6.60116767883301 -0.00687313079834 40004
851457804890480 89 0.5023193359375 -7.25186157226563 -0.00317239761353 50004
851497734665061 89 0.27685546875 5.14317083358765 -0.00116682052612 60004
851537664442420 89 1.2335205078125 -4.48394203186035 -0.00699090957642 70004
851577594242890 89 1.4306640625 -2.3656690120697 -0.00836515426636 80004
851617524019341 89 -0.6910400390625 5.12234592437744 0.0049352645874 90004
851258156028401 90 -0.29571411013603 7.32736301422119 0.00203975848854 4
851298085800451 90 -0.11205291748047 7.40899991989136 -0.00001120567322 10004
851338015561311 90 0.48988342285156 8.30051040649414 -0.00226366519928 20004
851377945350981 90 0.71792602539063 8.36740207672119 -0.00449454784393 30004
851417875120790 90 1.24368286132813 -6.60162925720215 -0.00799703598022 40004
851457804890480 90 0.5023193359375 -7.25186157226563 -0.00317239761353 50004
851497734665061 90 0.42724609375 4.72293615341187 -0.00228762626648 60004
851537664442420 90 1.2325439453125 -4.48394203186035 -0.00698328018188 70004
851577594242890 90 1.6939697265625 -2.10584998130798 -0.01062631607056 80004
851617524019341 90 -0.6929931640625 4.59209537506104 0.00493764877319 90004
851258156028401 91 -0.24851243197918 7.32736301422119 0.00203975662589 4
851298085800451 91 -0.11193084716797 7.40899991989136 -0.00001186132431 10004
851338015561311 91 0.42518615722656 8.04605484008789 -0.0022656917572 20004
851377945350981 91 0.71841430664063 8.36740207672119 -0.00449621677399 30004
851417875120790 91 1.24319458007813 -6.60162925720215 -0.00799751281738 40004
851457804890480 91 0.4617919921875 -7.27056121826172 -0.00317096710205 50004
851497734665061 91 0.38623046875 4.27831792831421 -0.00228476524353 60004
851537664442420 91 1.2315673828125 -4.48394203186035 -0.00697612762451 70004
851577594242890 91 1.9019775390625 -1.80101239681244 -0.01176452636719 80004
851617524019341 91 -0.9195556640625 4.11213779449463 0.00493955612183 90004
851258156028401 92 -0.23671682178974 7.32736301422119 0.00203975662589 4
851298085800451 92 -0.11528778076172 7.35271215438843 -0.00001275539398 10004
851338015561311 92 0.17222595214844 7.69302845001221 -0.00226747989655 20004
851377945350981 92 0.71890258789063 8.36740207672119 -0.00449800491333 30004
851417875120790 92 1.24270629882813 -6.60162925720215 -0.00799798965454 40004
851457804890480 92 0.45166015625 -7.27523612976074 -0.00316762924194 50004
851497734665061 92 0.48876953125 3.85198879241943 -0.00228071212769 60004
851537664442420 92 1.2305908203125 -4.48394203186035 -0.00696849822998 70004
851577594242890 92 2.1883544921875 -1.57831275463104 -0.01402473449707 80004
851617524019341 92 -1.28228759765625 3.73735785484314 0.00903701782227 90004
851258156028401 93 -0.21465161442757 7.30106782913208 0.0020397559274 4
851298085800451 93 -0.09947967529297 7.19444799423218 -0.00001376867294 10004
851338015561311 93 -0.13841247558594 7.42657566070557 0.00109589099884 20004
851377945350981 93 0.71939086914063 8.36740207672119 -0.00449967384338 30004
851417875120790 93 1.24490356445313 -6.61321830749512 -0.00799822807312 40004
851457804890480 93 0.45166015625 -7.27523612976074 -0.00316381454468 50004
851497734665061 93 0.62060546875 3.42594432830811 -0.00339841842651 60004
851537664442420 93 1.2296142578125 -4.48394203186035 -0.00696086883545 70004
851577594242890 93 2.443603515625 -1.32600867748261 -0.01515245437622 80004
851617524019341 93 -1.59954833984375 3.32752013206482 0.01106214523315 90004
851258156028401 94 -0.1815594881773 7.26163148880005 0.00203975383192 4
851298085800451 94 -0.0965576171875 6.93238973617554 -0.00001388788223 10004
851338015561311 94 -0.38948059082031 7.31505680084229 0.00244569778442 20004
851377945350981 94 0.71585083007813 8.36547565460205 -0.00450146198273 30004
851417875120790 94 1.24844360351563 -6.63060188293457 -0.0079984664917 40004
851457804890480 94 0.45166015625 -7.27523612976074 -0.00315999984741 50004
851497734665061 94 0.77685546875 3.01618003845215 -0.00451755523682 60004
851537664442420 94 1.2286376953125 -4.48394203186035 -0.00695323944092 70004
851577594242890 94 2.60546875 -1.00271737575531 -0.0162787437439 80004
851617524019341 94 -1.87152099609375 2.88262438774109 0.01107120513916 90004
851258156028401 95 -0.1815594881773 7.26163148880005 0.00203975383192 4
851298085800451 95 -0.19264984130859 6.60859775543213 0.00198990106583 10004
851338015561311 95 -0.47880554199219 7.30983066558838 0.00363004207611 20004
851377945350981 95 0.70022583007813 8.35776996612549 -0.00450325012207 30004
851417875120790 95 1.24795532226563 -6.63060188293457 -0.00799894332886 40004
851457804890480 95 0.45166015625 -7.27523612976074 -0.00315618515015 50004
851497734665061 95 1.06201171875 2.67269706726074 -0.00675821304321 60004
851537664442420 95 1.2276611328125 -4.48394203186035 -0.00694561004639 70004
851577594242890 95 2.6552734375 -0.63741719722748 -0.01628017425537 80004
851617524019341 95 -2.27972412109375 2.54290270805359 0.01529598236084 90004
851258156028401 96 -0.21708258986473 7.06014680862427 0.00203975220211 4
851298085800451 96 -0.39955902099609 6.34162092208862 0.00198954343796 10004
851338015561311 96 -0.47880554199219 7.30983066558838 0.00363004207611 20004
851377945350981 96 0.70071411132813 8.35776996612549 -0.00450491905212 30004
851417875120790 96 1.24746704101563 -6.63060188293457 -0.00799942016602 40004
851457804890480 96 0.45166015625 -7.27523612976074 -0.00315237045288 50004
851497734665061 96 1.17529296875 2.2408390045166 -0.00675249099731 60004
851537664442420 96 1.2266845703125 -4.48394203186035 -0.00693845748901 70004
851577594242890 96 2.546875 -0.28455579280853 -0.01628017425537 80004
851617524019341 96 -2.5062255859375 2.06294894218445 0.01530504226685 90004
851258156028401 97 -0.40196311473846 6.75841045379639 0.00203975010663 4
851298085800451 97 -0.59757995605469 6.06807661056519 0.00400578975677 10004
851338015561311 97 -0.47880554199219 7.30983066558838 0.00363004207611 20004
851377945350981 97 0.70120239257813 8.35776996612549 -0.00450670719147 30004
851417875120790 97 1.24697875976563 -6.63060188293457 -0.00799989700317 40004
851457804890480 97 0.4622802734375 -7.21711730957031 -0.00314998626709 50004
851497734665061 97 1.41876220703125 1.87526226043701 -0.00900149345398 60004
851537664442420 97 1.2257080078125 -4.48394203186035 -0.00693082809448 70004
851577594242890 97 2.333740234375 0.00938552245498 -0.01418828964233 80004
851617524019341 97 -2.7750244140625 1.60676455497742 0.01735067367554 90004
851258156028401 98 -0.69643265008926 6.48855829238892 0.00409816671163 4
851298085800451 98 -0.83669281005859 5.83811140060425 0.00587600469589 10004
851338015561311 98 -0.47880554199219 7.30983066558838 0.00363004207611 20004
851377945350981 98 0.70169067382813 8.35776996612549 -0.00450849533081 30004
851417875120790 98 1.24649047851563 -6.63060188293457 -0.00800013542175 40004
851457804890480 98 0.4993896484375 -7.10242080688477 -0.00314807891846 50004
851497734665061 98 1.619140625 1.48759269714355 -0.0101318359375 60004
851537664442420 98 1.2242431640625 -4.47908973693848 -0.00691938400269 70004
851577594242890 98 2.15618896484375 0.32296678423882 -0.01419353485107 80004
851617524019341 98 -2.9503173828125 1.11964964866638 0.01938056945801 90004
851258156028401 99 -1.01294362545013 6.32944297790527 0.00614097993821 4
851298085800451 99 -1.04173278808594 5.69849538803101 0.00758582353592 10004
851338015561311 99 -0.47880554199219 7.30983066558838 0.00363004207611 20004
851377945350981 99 0.70217895507813 8.35776996612549 -0.00451028347015 30004
851417875120790 99 1.24600219726563 -6.63060188293457 -0.00800085067749 40004
851457804890480 99 0.55224609375 -6.97991752624512 -0.00314474105835 50004
851497734665061 99 1.77581787109375 1.07783031463623 -0.01126217842102 60004
851537664442420 99 1.2445068359375 -4.42147827148438 -0.00690507888794 70004
851577594242890 99 2.01385498046875 0.65618818998337 -0.01212739944458 80004
851617524019341 99 -2.9617919921875 0.60305500030518 0.01937389373779 90004
851258156028401 100 -1.03834164142609 6.3265962600708 0.00614098040387 4
851298085800451 100 -1.04173278808594 5.69849538803101 0.00758582353592 10004
851338015561311 100 -0.47880554199219 7.30983066558838 0.00363004207611 20004
851377945350981 100 0.70266723632813 8.35776996612549 -0.0045120716095 30004
851417875120790 100 1.24551391601563 -6.63060188293457 -0.00800132751465 40004
851457804890480 100 0.58349609375 -6.94560813903809 -0.00314235687256 50004
851497734665061 100 2.06097412109375 0.73434847593307 -0.01239275932312 60004
851537664442420 100 1.242431640625 -4.22014617919922 -0.00688886642456 70004
851577594242890 100 1.76678466796875 0.93048971891403 -0.01213455200195 80004
851617524019341 100 -2.8055419921875 0.11458199471235 0.01824140548706 90004
851258156028401 101 -1.03834164142609 6.3265962600708 0.00614098040387 4
851298085800451 101 -1.04173278808594 5.69849538803101 0.00758582353592 10004
851338015561311 101 -0.47880554199219 7.30983066558838 0.00363004207611 20004
851377945350981 101 0.70315551757813 8.35776996612549 -0.00451374053955 30004
851417875120790 101 1.24502563476563 -6.63060188293457 -0.00800180435181 40004
851457804890480 101 0.646484375 -6.91924095153809 -0.00313997268677 50004
851497734665061 101 2.36663818359375 0.40861067175865 -0.01464366912842 60004
851537664442420 101 1.24810791015625 -3.79579210281372 -0.00709533691406 70004
851577594242890 101 1.67620849609375 1.2295469045639 -0.01011085510254 80004
851617524019341 101 -2.4765625 -0.30151563882828 0.01599454879761 90004
851258156028401 102 -1.03834164142609 6.3265962600708 0.00614098040387 4
851298085800451 102 -1.04173278808594 5.69849538803101 0.00758582353592 10004
851338015561311 102 -0.47880554199219 7.30983066558838 0.00363004207611 20004
851377945350981 102 0.70364379882813 8.35776996612549 -0.00451552867889 30004
851417875120790 102 1.24453735351563 -6.63060188293457 -0.00800228118896 40004
851457804890480 102 0.6622314453125 -6.91264915466309 -0.00425910949707 50004
851497734665061 102 2.49652099609375 0.16469845175743 -0.01576614379883 60004
851537664442420 102 1.20611572265625 -3.38242387771606 -0.00708770751953 70004
851577594242890 102 1.46820068359375 1.51003730297089 -0.01011800765991 80004
851617524019341 102 -2.3046875 -0.79255419969559 0.01488971710205 90004
851258156028401 103 -1.03834164142609 6.3265962600708 0.00614098040387 4
851298085800451 103 -1.04173278808594 5.69849538803101 0.00758582353592 10004
851338015561311 103 -0.47880554199219 7.30983066558838 0.00363004207611 20004
851377945350981 103 0.70413208007813 8.35776996612549 -0.00451719760895 30004
851417875120790 103 1.23526000976563 -6.56181144714355 -0.00800228118896 40004
851457804890480 103 0.6622314453125 -6.91264915466309 -0.0042552947998 50004
851497734665061 103 2.52972412109375 0.03736867010593 -0.01576542854309 60004
851537664442420 103 1.07965087890625 -2.98759698867798 -0.00707960128784 70004
851577594242890 103 1.29095458984375 1.82361876964569 -0.00811672210693 80004
851617524019341 103 -2.23486328125 -1.26498305797577 0.01490449905396 90004
851258156028401 104 -1.03819537162781 6.33618831634521 0.00614098040387 4
851298085800451 104 -1.04173278808594 5.69849538803101 0.00758582353592 10004
851338015561311 104 -0.47880554199219 7.30983066558838 0.00363004207611 20004
851377945350981 104 0.70462036132813 8.35776996612549 -0.00451898574829 30004
851417875120790 104 1.22293090820313 -6.45445251464844 -0.00800228118896 40004
851457804890480 104 0.6622314453125 -6.91264915466309 -0.00425148010254 50004
851497734665061 104 2.49163818359375 -0.04668916761875 -0.01576519012451 60004
851537664442420 104 0.9271240234375 -2.60327482223511 -0.00506114959717 70004
851577594242890 104 1.18695068359375 2.17748427391052 -0.00811672210693 80004
851617524019341 104 -2.225830078125 -1.69681060314178 0.0149188041687 90004
851258156028401 105 -1.03761041164398 6.37455654144287 0.00614098086953 4
851298085800451 105 -1.04173278808594 5.69849538803101 0.00758582353592 10004
851338015561311 105 -0.47880554199219 7.30983066558838 0.00363004207611 20004
851377945350981 105 0.70510864257813 8.35776996612549 -0.00452077388763 30004
851417875120790 105 1.22781372070313 -6.43775939941406 -0.00800275802612 40004
851457804890480 105 0.6622314453125 -6.91264915466309 -0.00424766540527 50004
851497734665061 105 2.35394287109375 -0.26885357499123 -0.01576495170593 60004
851537664442420 105 0.9066162109375 -2.18284940719604 -0.00506019592285 70004
851577594242890 105 1.09320068359375 2.5343644618988 -0.00811767578125 80004
851617524019341 105 -2.245361328125 -2.1376051902771 0.01492881774902 90004
851258156028401 106 -1.03761041164398 6.37455654144287 0.00614098832011 4
851298085800451 106 -1.04173278808594 5.69849538803101 0.00758582353592 10004
851338015561311 106 -0.29226684570313 7.1441125869751 0.0025041103363 20004
851377945350981 106 0.75979614257813 8.34797382354736 -0.00452435016632 30004
851417875120790 106 1.22732543945313 -6.43775939941406 -0.00800323486328 40004
851457804890480 106 0.6622314453125 -6.91264915466309 -0.00424385070801 50004
851497734665061 106 2.18402099609375 -0.68189948797226 -0.01374077796936 60004
851537664442420 106 1.0654296875 -1.79306745529175 -0.00617837905884 70004
851577594242890 106 0.93109130859375 2.86591506004334 -0.00609874725342 80004
851617524019341 106 -2.327392578125 -2.29394292831421 0.01493787765503 90004
851258156028401 107 -1.03761041164398 6.37455654144287 0.00614099577069 4
851298085800451 107 -1.04173278808594 5.69849538803101 0.00758582353592 10004
851338015561311 107 -0.21336364746094 7.02882862091064 0.00137591362 20004
851377945350981 107 0.77383422851563 8.34552478790283 -0.00452673435211 30004
851417875120790 107 1.22683715820313 -6.43775939941406 -0.00800371170044 40004
851457804890480 107 0.6435546875 -6.99846267700195 -0.0042417049408 50004
851497734665061 107 1.91815185546875 -1.03442466259003 -0.01165151596069 60004
851537664442420 107 1.30621337890625 -1.50735521316528 -0.00840902328491 70004
851577594242890 107 0.88543701171875 3.22544932365417 -0.00610017776489 80004
851617524019341 107 -2.3486328125 -2.33302736282349 0.01494693756104 90004
851258156028401 108 -1.02890944480896 6.37674617767334 0.00614100042731 4
851298085800451 108 -1.04173278808594 5.69849538803101 0.00758582353592 10004
851338015561311 108 -0.19725036621094 6.80135822296143 0.0013724565506 20004
851377945350981 108 0.77432250976563 8.34552478790283 -0.00452864170074 30004
851417875120790 108 1.22634887695313 -6.43775939941406 -0.00800395011902 40004
851457804890480 108 0.631103515625 -7.05567169189453 -0.0042417049408 50004
851497734665061 108 1.65301513671875 -1.39114844799042 -0.01165509223938 60004
851537664442420 108 1.6416015625 -1.31744050979614 -0.00953197479248 70004
851577594242890 108 0.80096435546875 3.57565569877625 -0.00610065460205 80004
851617524019341 108 -2.349609375 -2.33302736282349 0.01495599746704 90004
851258156028401 109 -1.01586318016052 6.38003063201904 0.00614100135863 4
851298085800451 109 -1.04173278808594 5.69849538803101 0.00758582353592 10004
851338015561311 109 -0.21232604980469 6.4253625869751 0.00137042999268 20004
851377945350981 109 0.77481079101563 8.34552478790283 -0.00453054904938 30004
851417875120790 109 1.23403930664063 -6.44211769104004 -0.00800466537476 40004
851457804890480 109 0.631103515625 -7.05567169189453 -0.0042417049408 50004
851497734665061 109 1.4666748046875 -1.78789699077606 -0.00961351394653 60004
851537664442420 109 2.02935791015625 -1.16543865203857 -0.01289653778076 70004
851577594242890 109 0.64788818359375 3.91101622581482 -0.00408697128296 80004
851617524019341 109 -2.3505859375 -2.33302736282349 0.01496505737305 90004
851258156028401 110 -1.01586318016052 6.38003063201904 0.00614100135863 4
851298085800451 110 -1.04173278808594 5.69849538803101 0.00758582353592 10004
851338015561311 110 -0.24186706542969 5.99078464508057 0.00136852264404 20004
851377945350981 110 0.77529907226563 8.34552478790283 -0.00453245639801 30004
851417875120790 110 1.24777221679688 -6.45955085754395 -0.00709795951843 40004
851457804890480 110 0.631103515625 -7.05567169189453 -0.0042417049408 50004
851497734665061 110 1.4168701171875 -2.23160362243652 -0.00961685180664 60004
851537664442420 110 2.38482666015625 -0.94385212659836 -0.01513862609863 70004
851577594242890 110 0.52191162109375 4.25780916213989 -0.00408697128296 80004
851617524019341 110 -2.3515625 -2.33302736282349 0.01497411727905 90004
851258156028401 111 -1.01586318016052 6.38003063201904 0.00614100135863 4
851298085800451 111 -1.04173278808594 5.69849538803101 0.00758582353592 10004
851338015561311 111 -0.48268127441406 5.55414915084839 0.00337195396423 20004
851377945350981 111 0.76309204101563 8.31190967559814 -0.00453436374664 30004
851417875120790 111 1.24728393554688 -6.45955085754395 -0.00709867477417 40004
851457804890480 111 0.631103515625 -7.05567169189453 -0.0042417049408 50004
851497734665061 111 1.19671630859375 -2.61976051330566 -0.00756335258484 60004
851537664442420 111 2.52545166015625 -0.78272789716721 -0.01624393463135 70004
851577594242890 111 0.36956787109375 4.59377717971802 -0.00205183029175 80004
851617524019341 111 -2.3525390625 -2.33302736282349 0.01498317718506 90004
851258156028401 112 -1.01586318016052 6.38003063201904 0.00614100135863 4
851298085800451 112 -1.04173278808594 5.69849538803101 0.00758582353592 10004
851338015561311 112 -0.8265380859375 5.20115995407104 0.00550401210785 20004
851377945350981 112 0.61923217773438 8.16401386260986 -0.00453627109528 30004
851417875120790 112 1.24679565429688 -6.45955085754395 -0.00709939002991 40004
851457804890480 112 0.631103515625 -7.05567169189453 -0.0042417049408 50004
851497734665061 112 1.11541748046875 -3.05058097839355 -0.00756692886353 60004
851537664442420 112 2.62872314453125 -0.51008242368698 -0.01622581481934 70004
851577594242890 112 0.33441162109375 4.9544415473938 -0.00205326080322 80004
851617524019341 112 -2.364501953125 -2.32130002975464 0.01499176025391 90004
851258156028401 113 -1.01586318016052 6.38003063201904 0.00614100135863 4
851298085800451 113 -1.04154968261719 5.69528722763062 0.00758576393127 10004
851338015561311 113 -1.04476928710938 5.0049090385437 0.00767505168915 20004
851377945350981 113 0.47518920898438 8.04521656036377 -0.00251531600952 30004
851417875120790 113 1.24630737304688 -6.45955085754395 -0.00709986686707 40004
851457804890480 113 0.631103515625 -7.05567169189453 -0.0042417049408 50004
851497734665061 113 1.03533935546875 -3.38387298583984 -0.00757026672363 60004
851537664442420 113 2.64276123046875 -0.14696687459946 -0.01621103286743 70004
851577594242890 113 0.26019287109375 5.30687379837036 -0.00205373764038 80004
851617524019341 113 -2.376708984375 -2.30148077011108 0.01500082015991 90004
851258156028401 114 -1.00908470153809 6.32932758331299 0.00614100368693 4
851298085800451 114 -1.04478454589844 5.649817943573 0.00767141580582 10004
851338015561311 114 -1.04476928710938 4.95433759689331 0.00767505168915 20004
851377945350981 114 0.40011596679688 8.00651264190674 -0.00251340866089 30004
851417875120790 114 1.24581909179688 -6.45955085754395 -0.00710082054138 40004
851457804890480 114 0.629150390625 -7.05412101745605 -0.00424122810364 50004
851497734665061 114 0.93206787109375 -3.66129016876221 -0.00552201271057 60004
851537664442420 114 2.53778076171875 0.25319081544876 -0.01620244979858 70004
851577594242890 114 0.11614990234375 5.63320207595825 0.00000190734863 80004
851617524019341 114 -2.380615234375 -2.24610948562622 0.01500940322876 90004
851258156028401 115 -0.98197066783905 6.12651968002319 0.00614100974053 4
851298085800451 115 -1.04478454589844 5.48718976974487 0.00767141580582 10004
851338015561311 115 -1.04476928710938 4.95433759689331 0.00767505168915 20004
851377945350981 115 0.40011596679688 8.00651264190674 -0.00251150131226 30004
851417875120790 115 1.24533081054688 -6.45955085754395 -0.00710153579712 40004
851457804890480 115 0.621337890625 -7.04791831970215 -0.00423979759216 50004
851497734665061 115 0.89593505859375 -4.10633277893066 -0.00551819801331 60004
851537664442420 115 2.30535888671875 0.60458451509476 -0.01418542861938 70004
851577594242891 115 0 7.53247022628784 0 80004
851617524019341 115 -2.369873046875 -2.09663057327271 0.01501893997192 90004
851258156028401 116 -0.97090464830399 5.78483724594116 0.00614101113752 4
851298085800451 116 -1.04476928710938 5.34614515304565 0.00767123699188 10004
851338015561311 116 -1.04476928710938 4.95433759689331 0.00767505168915 20004
851377945350981 116 0.40011596679688 8.00651264190674 -0.00250959396362 30004
851417875120790 116 1.24484252929688 -6.45955085754395 -0.00710225105286 40004
851457804890480 116 0.619873046875 -7.04459190368652 -0.00423836708069 50004
851497734665061 116 0.67523193359375 -4.49448585510254 -0.00349521636963 60004
851537664442420 116 2.24285888671875 1.02099680900574 -0.01418447494507 70004
851577594242891 116 0.16015625 7.87668561935425 -0.00000286102295 80004
851617524019341 116 -2.166748046875 -1.73570537567139 0.01503610610962 90004
851258156028401 117 -0.96196347475052 5.39258337020874 0.0061410125345 4
851298085800451 117 -1.02325439453125 5.07749319076538 0.00767076015472 10004
851338015561311 117 -1.04475402832031 5.01492834091187 0.00767481327057 20004
851377945350981 117 0.40011596679688 8.00651264190674 -0.00250768661499 30004
851417875120790 117 1.24435424804688 -6.45955085754395 -0.00710296630859 40004
851457804890480 117 0.6187744140625 -7.02011108398438 -0.00423669815063 50004
851497734665061 117 0.59295654296875 -4.92530822753906 -0.00349164009094 60004
851537664442420 117 2.05291748046875 1.38864588737488 -0.01418304443359 70004
851577594242891 117 0.309326171875 8.05428981781006 -0.00112819671631 80004
851617524019341 117 -1.79296875 -1.4150857925415 0.01168441772461 90004
851258156028401 118 -1.01405453681946 4.99132061004639 0.00614101439714 4
851298085800451 118 -1.04373168945313 4.76245498657227 0.0076652765274 10004
851338015561311 118 -1.04475402832031 5.05532217025757 0.00767481327057 20004
851377945350981 118 0.40011596679688 8.00651264190674 -0.00250577926636 30004
851417875120790 118 1.24386596679688 -6.45955085754395 -0.00710368156433 40004
851457804890480 118 0.6475830078125 -6.93609237670898 -0.00423502922058 50004
851497734665061 118 0.54364013671875 -5.36888885498047 -0.00348830223083 60004
851537664442420 118 1.85662841796875 1.75370573997498 -0.01209163665771 70004
851577594242891 118 0.382080078125 8.11532497406006 -0.00225305557251 80004
851617524019341 118 -1.31732177734375 -1.21231651306152 0.00945281982422 90004
851258156028401 119 -1.04214787483215 4.59716749191284 0.00765271345153 4
851298085800451 119 -1.04373168945313 4.45880126953125 0.0076652765274 10004
851338015561311 119 -1.04475402832031 5.05532217025757 0.00767481327057 20004
851377945350981 119 0.40353393554688 8.03196811676025 -0.0025041103363 30004
851417875120790 119 1.23605346679688 -6.45153427124023 -0.00710439682007 40004
851457804890480 119 0.6973876953125 -6.82846641540527 -0.00423169136047 50004
851497734665061 119 0.52923583984375 -5.80723762512207 -0.00348448753357 60004
851537664442420 119 1.65826416015625 2.10838460922241 -0.0099892616272 70004
851577594242891 119 0.396728515625 8.11273860931396 -0.00225305557251 80004
851617524019341 119 -0.82611083984375 -1.1645131111145 0.00594329833984 90004
851258156028401 120 -1.04214787483215 4.20085859298706 0.00765270600095 4
851298085800451 120 -1.04373168945313 4.20091247558594 0.0076652765274 10004
851338015561311 120 -1.04475402832031 5.05532217025757 0.00767481327057 20004
851377945350981 120 0.41720581054688 8.13379001617432 -0.00250267982483 30004
851417875120790 120 1.20626831054688 -6.41946792602539 -0.00710487365723 40004
851457804890480 120 0.7208251953125 -6.8074779510498 -0.00422883033752 50004
851497734665061 120 0.65911865234375 -6.23428535461426 -0.00347876548767 60004
851537664442420 120 1.34490966796875 2.39092397689819 -0.00797033309937 70004
851577594242891 120 0.455322265625 8.10239315032959 -0.00225496292114 80004
851617524019341 120 -0.42083740234375 -1.26836252212524 0.00355434417725 90004
851258156028401 121 -1.30193686485291 3.8847804069519 0.00765269808471 4
851298085800451 121 -1.13251495361328 3.87496995925903 0.00766515731812 10004
851338015561311 121 -1.01521301269531 5.08559560775757 0.00654923915863 20004
851377945350981 121 0.42745971679688 8.14999485015869 -0.00250124931335 30004
851417875120790 121 1.20578002929688 -6.41946792602539 -0.00710558891296 40004
851457804890480 121 0.7208251953125 -6.8074779510498 -0.00422883033752 50004
851497734665061 121 0.95794677734375 -6.56624031066895 -0.00571846961975 60004
851537664442420 121 1.18182373046875 2.77885580062866 -0.00797033309937 70004
851577594242891 121 0.455322265625 8.10239315032959 -0.00225496292114 80004
851617524019341 121 -0.0125732421875 -1.60429048538208 0.00019073486328 90004
851258156028401 122 -1.44326889514923 3.50854897499084 0.00974549446255 4
851298085800451 122 -1.318359375 3.6001238822937 0.00766485929489 10004
851338015561311 122 -1.00782775878906 5.09316396713257 0.00654494762421 20004
851377945350981 122 0.43002319335938 8.15404605865479 -0.00249946117401 30004
851417875120790 122 1.20529174804688 -6.41946792602539 -0.0071063041687 40004
851457804890480 122 0.7208251953125 -6.8074779510498 -0.00422883033752 50004
851497734665062 122 0.12451171875 -7.73239707946777 -0.00000190734863 60004
851537664442420 122 1.15277099609375 3.19131517410278 -0.00796747207642 70004
851577594242891 122 0.455322265625 8.10239315032959 -0.00225496292114 80004
851617524019341 122 0.1954345703125 -1.90720224380493 -0.00094079971313 90004
851258156028401 123 -1.6240930557251 3.1523745059967 0.00974547304213 4
851298085800451 123 -1.49394989013672 3.31592440605164 0.00969654321671 10004
851338015561311 123 -1.00782775878906 5.09316396713257 0.00654113292694 20004
851377945350981 123 0.43002319335938 8.15404605865479 -0.00249755382538 30004
851417875120790 123 1.20480346679688 -6.41946792602539 -0.00710678100586 40004
851457804890480 123 0.7208251953125 -6.8074779510498 -0.00422883033752 50004
851497734665062 123 0.36181640625 -7.42464256286621 -0.00225305557251 60004
851537664442420 123 1.07904052734375 3.59559869766235 -0.00796556472778 70004
851577594242891 123 0.455322265625 8.10239315032959 -0.00225496292114 80004
851617524019341 123 0.2662353515625 -2.09247374534607 -0.00094556808472 90004
851258156028401 124 -1.88551473617554 2.85362935066223 0.01182038057595 4
851298085800451 124 -1.65618896484375 3.02631545066834 0.00969612598419 10004
851338015561311 124 -1.00782775878906 5.09316396713257 0.00653731822968 20004
851377945350981 124 0.43002319335938 8.15404605865479 -0.00249564647675 30004
851417875120790 124 1.20431518554688 -6.41946792602539 -0.0071074962616 40004
851457804890480 124 0.7208251953125 -6.8074779510498 -0.00422883033752 50004
851497734665062 124 0.641845703125 -7.21759223937988 -0.00336980819702 60004
851537664442420 124 0.935791015625 3.98969316482544 -0.00593996047974 70004
851577594242891 124 0.4521484375 8.06961727142334 -0.0022554397583 80004
851617524019341 124 0.2698974609375 -2.23734164237976 -0.00094938278198 90004
851258156028401 125 -2.15188407897949 2.60686945915222 0.01383651513606 4
851298085800451 125 -1.90641021728516 2.79948592185974 0.0117095708847 10004
851338015561311 125 -1.00782775878906 5.09316396713257 0.00653350353241 20004
851377945350981 125 0.43002319335938 8.15404605865479 -0.00249373912811 30004
851417875120790 125 1.20382690429688 -6.41946792602539 -0.00710821151733 40004
851457804890480 125 0.7208251953125 -6.8074779510498 -0.00422883033752 50004
851497734665062 125 0.836181640625 -7.16550636291504 -0.00448656082153 60004
851537664442420 125 0.852783203125 4.40227556228638 -0.00593852996826 70004
851577594242891 125 0.439453125 7.93851757049561 -0.00225639343262 80004
851617524019341 125 0.2816162109375 -2.58090472221375 -0.00095367431641 90004
851258156028401 126 -2.33630847930908 2.24166536331177 0.01584092900157 4
851298085800451 126 -2.03733825683594 2.4881317615509 0.013747215271 10004
851338015561311 126 -0.84788513183594 4.90190267562866 0.00652873516083 20004
851377945350981 126 0.43002319335938 8.15404605865479 -0.00249183177948 30004
851417875120790 126 1.20333862304688 -6.41946792602539 -0.00710892677307 40004
851457804890480 126 0.7208251953125 -6.8074779510498 -0.00422883033752 50004
851497734665062 126 0.836181640625 -7.16550636291504 -0.00448274612427 60004
851537664442420 126 0.602783203125 4.74094438552856 -0.00384330749512 70004
851577594242891 126 0.275390625 7.6619291305542 -0.00225639343262 80004
851617524019341 126 0.0745849609375 -3.0689685344696 -0.00095701217651 90004
851258156028401 127 -2.49539017677307 1.91995191574097 0.01584093272686 4
851298085800451 127 -2.16026306152344 2.17354440689087 0.01374667882919 10004
851338015561311 127 -0.75271606445313 4.64480352401733 0.00540792942047 20004
851377945350981 127 0.43002319335938 8.15404605865479 -0.00248992443085 30004
851417875120790 127 1.20285034179688 -6.41946792602539 -0.00710964202881 40004
851457804890480 127 0.7138671875 -6.82823753356934 -0.00422716140747 50004
851497734665062 127 0.836181640625 -7.16550636291504 -0.004478931427 60004
851537664442420 127 0.50732421875 4.98841524124146 -0.0038423538208 70004
851577594242891 127 0.153076171875 7.53708934783936 -0.00021886825562 80004
851617524019341 127 0.0367431640625 -3.58843493461609 -0.00096464157104 90004
851258156028401 128 -2.57282209396362 1.6576087474823 0.01584093086421 4
851298085800451 128 -2.34156036376953 1.89811182022095 0.01582771539688 10004
851338015561311 128 -0.75479125976563 4.28671026229858 0.00540804862976 20004
851377945350981 128 0.43002319335938 8.15404605865479 -0.00248801708221 30004
851417875120790 128 1.20236206054688 -6.41946792602539 -0.00711011886597 40004
851457804890480 128 0.709228515625 -6.84207725524902 -0.00422668457031 50004
851497734665062 128 0.836181640625 -7.16550636291504 -0.00447511672974 60004
851537664442420 128 0.36328125 5.26237535476685 -0.00179052352905 70004
851577594242891 128 0.098876953125 7.49996089935303 -0.00021886825562 80004
851617524019341 128 0.1529541015625 -4.06357002258301 -0.00097417831421 90004
851258156028401 129 -2.58217310905457 1.39236807823181 0.01584093272686 4
851298085800451 129 -2.58589935302734 1.69995403289795 0.01582717895508 10004
851338015561311 129 -0.88491821289063 3.85682725906372 0.00540947914124 20004
851377945350981 129 0.40878295898438 8.10095310211182 -0.00248610973358 30004
851417875120790 129 1.20187377929688 -6.41946792602539 -0.0071108341217 40004
851457804890480 129 0.709228515625 -6.84207725524902 -0.00422668457031 50004
851497734665062 129 0.838623046875 -7.19216918945313 -0.00447177886963 60004
851537664442420 129 0.107177734375 5.58629846572876 -0.00178861618042 70004
851577594242891 129 0.098876953125 7.49996089935303 -0.00021886825562 80004
851617524019341 129 0.3258056640625 -4.42896842956543 -0.00097894668579 90004
851258156028401 130 -2.60682773590088 0.98393034934998 0.01584093086421 4
851298085800451 130 -2.83615875244141 1.61304426193237 0.01769691705704 10004
851338015561311 130 -1.17155456542969 3.44876956939697 0.00744867324829 20004
851377945350981 130 0.32382202148438 7.88858127593994 -0.00248467922211 30004
851417875120790 130 1.20138549804688 -6.41946792602539 -0.00711154937744 40004
851457804890480 130 0.709228515625 -6.84207725524902 -0.00422668457031 50004
851497734665062 130 0.848388671875 -7.29882049560547 -0.00446796417236 60004
851537664442421 130 0 7.53247022628784 0 70004
851577594242891 130 0.098876953125 7.49996089935303 -0.00021886825562 80004
851617524019341 130 0.3756103515625 -4.62956047058105 -0.00211238861084 90004
851258156028401 131 -2.45654821395874 0.60331284999847 0.01684165745974 4
851298085800451 131 -2.92240142822266 1.57067883014679 0.01945221424103 10004
851338015561311 131 -1.38406372070313 3.04485893249512 0.00951397418976 20004
851377945350981 131 -0.00088500976563 7.56630802154541 -0.00035977363586 30004
851417875120790 131 1.20089721679688 -6.41946792602539 -0.00711226463318 40004
851457804890480 131 0.709228515625 -6.84207725524902 -0.00422668457031 50004
851497734665062 131 0.848388671875 -7.29882049560547 -0.0044641494751 60004
851537664442421 131 0.0859375 7.7161021232605 0.00000190734863 70004
851577594242891 131 0.098876953125 7.49996089935303 -0.00021886825562 80004
851617524019341 131 0.2994384765625 -5.01423454284668 -0.00211620330811 90004
851258156028401 132 -2.19618082046509 0.29706752300262 0.01459556538612 4
851298085800451 132 -2.94397735595703 1.56008303165436 0.01945215463638 10004
851338015561311 132 -1.7347412109375 2.71745443344116 0.0116354227066 20004
851377945350981 132 -0.405029296875 7.36961650848389 0.00164389610291 30004
851417875120790 132 1.20040893554688 -6.41946792602539 -0.00711297988892 40004
851457804890480 132 0.709228515625 -6.84207725524902 -0.00422668457031 50004
851497734665062 132 0.848388671875 -7.29882049560547 -0.00445699691772 60004
851537664442421 132 0.107421875 7.76201009750366 0.00000286102295 70004
851577594242891 132 0.098876953125 7.49996089935303 -0.00021886825562 80004
851617524019341 132 0.3756103515625 -5.49655532836914 -0.00212287902832 90004
851258156028401 133 -1.9725102186203 -0.03396620601416 0.01347249560058 4
851298085800451 133 -2.94397735595703 1.56008303165436 0.01945215463638 10004
851338015561311 133 -2.11550903320313 2.39646029472351 0.01368582248688 20004
851377945350981 133 -0.734375 7.30260753631592 0.00372350215912 30004
851417875120790 133 1.19992065429688 -6.41946792602539 -0.00711345672607 40004
851457804890480 133 0.709228515625 -6.84207725524902 -0.00422668457031 50004
851497734665062 133 0.848388671875 -7.29882049560547 -0.00444936752319 60004
851537664442421 133 0.107421875 7.76201009750366 0.00000286102295 70004
851577594242891 133 0.098876953125 7.49996089935303 -0.00021886825562 80004
851617524019341 133 0.3878173828125 -6.01409912109375 -0.0021276473999 90004
851258156028401 134 -1.85008978843689 -0.42126506567001 0.0123494239524 4
851298085800451 134 -2.94397735595703 1.56008303165436 0.01945215463638 10004
851338015561311 134 -2.4696044921875 2.04621386528015 0.01574122905731 20004
851377945350981 134 -0.90921020507813 7.32071971893311 0.00576138496399 30004
851417875120790 134 1.18881225585938 -6.42490196228027 -0.00711417198181 40004
851457804890480 134 0.7032470703125 -6.81341934204102 -0.00422620773315 50004
851497734665062 134 0.848388671875 -7.29882049560547 -0.00444173812866 60004
851537664442421 134 0.107421875 7.76201009750366 0.00000286102295 70004
851577594242891 134 0.098876953125 7.49996089935303 -0.00021886825562 80004
851617524019342 134 0.03662109375 -7.92163848876953 -0.00000286102295 90004
851258156028401 135 -1.81124758720398 -0.82861393690109 0.0123493950814 4
851298085800451 135 -2.94397735595703 1.56008303165436 0.01945215463638 10004
851338015561311 135 -2.79161071777344 1.66545855998993 0.01775395870209 20004
851377945350981 135 -0.92581176757813 7.33072948455811 0.0057590007782 30004
851417875120790 135 1.14584350585938 -6.4466381072998 -0.00711464881897 40004
851457804890480 135 0.6793212890625 -6.69878768920898 -0.00422501564026 50004
851497734665062 135 0.848388671875 -7.29882049560547 -0.00443410873413 60004
851537664442421 135 0.107421875 7.76201009750366 0.00000286102295 70004
851577594242891 135 0.098876953125 7.49996089935303 -0.00021886825562 80004
851617524019342 135 0.18310546875 -7.60819244384766 -0.00113344192505 90004
851258156028401 136 -1.60388433933258 -1.18139517307281 0.01122632808983 4
851298085800451 136 -2.94397735595703 1.56008303165436 0.01945215463638 10004
851338015561311 136 -3.16148376464844 1.37574374675751 0.01981365680695 20004
851377945350981 136 -0.92532348632813 7.33072948455811 0.00575649738312 30004
851417875120790 136 1.14535522460938 -6.4466381072998 -0.00711512565613 40004
851457804890480 136 0.7017822265625 -6.49836349487305 -0.00422310829163 50004
851497734665062 136 0.848388671875 -7.29882049560547 -0.0044264793396 60004
851537664442421 136 0.107421875 7.76201009750366 0.00000286102295 70004
851577594242891 136 0.177978515625 7.56503200531006 -0.00022172927856 80004
851617524019342 136 0.46533203125 -7.37113189697266 -0.00226402282715 90004
851258156028401 137 -1.52610802650452 -1.54160046577454 0.01010328438133 4
851298085800451 137 -2.94397735595703 1.56008303165436 0.01945215463638 10004
851338015561311 137 -3.41317749023438 1.259232878685 0.02189826965332 20004
851377945350981 137 -0.92483520507813 7.33072948455811 0.00575411319733 30004
851417875120790 137 1.14486694335938 -6.4466381072998 -0.00711584091187 40004
851457804890480 137 0.7403564453125 -6.27576637268066 -0.00422096252441 50004
851497734665062 137 0.848388671875 -7.29882049560547 -0.00441884994507 60004
851537664442421 137 0.107421875 7.76201009750366 0.00000286102295 70004
851577594242891 137 0.221923828125 7.58751964569092 -0.00134754180908 80004
851617524019342 137 0.6673583984375 -7.27606964111328 -0.00338268280029 90004
851258156028401 138 -1.4051376581192 -1.89932954311371 0.01010328903794 4
851298085800451 138 -2.94043731689453 1.56782782077789 0.01945209503174 10004
851338015561311 138 -3.60871887207031 1.24484002590179 0.02318048477173 20004
851377945350981 138 -0.92434692382813 7.33072948455811 0.00575172901154 30004
851417875120790 138 1.14437866210938 -6.4466381072998 -0.00711631774902 40004
851457804890480 138 0.8123779296875 -6.05489921569824 -0.00421619415283 50004
851497734665062 138 0.830810546875 -7.19972991943359 -0.00441288948059 60004
851537664442421 138 0.11083984375 7.72495794296265 0.00000333786011 70004
851577594242891 138 0.238037109375 7.59166622161865 -0.00134944915771 80004
851617524019342 138 0.8338623046875 -7.26623153686523 -0.00450038909912 90004
851258156028401 139 -1.24024879932404 -2.26213145256042 0.00898022018373 4
851298085800451 139 -2.92362213134766 1.58929789066315 0.01945209503174 10004
851338015561311 139 -3.74295043945313 1.2673476934433 0.02439868450165 20004
851377945350981 139 -0.92385864257813 7.33072948455811 0.00574934482574 30004
851417875120790 139 1.13363647460938 -6.41351890563965 -0.0071165561676 40004
851457804890480 139 0.91339111328125 -5.8740119934082 -0.00533533096313 50004
851497734665062 139 0.814453125 -7.01365852355957 -0.00440955162048 60004
851537664442421 139 0.0908203125 7.60061597824097 0.00000524520874 70004
851577594242891 139 0.238037109375 7.59166622161865 -0.00134944915771 80004
851617524019342 139 0.9573974609375 -7.2897777557373 -0.00562000274658 90004
851258156028401 140 -1.20278871059418 -2.65498447418213 0.00785715132952 4
851298085800451 140 -2.87760162353516 1.62870943546295 0.01945185661316 10004
851338015561311 140 -3.74319458007813 1.2673476934433 0.02439796924591 20004
851377945350981 140 -0.92337036132813 7.33072948455811 0.00574684143066 30004
851417875120790 140 1.092529296875 -6.28104209899902 -0.00711894035339 40004
851457804890480 140 1.01956176757813 -5.78570175170898 -0.00645542144775 50004
851497734665062 140 0.8544921875 -6.86391639709473 -0.00440430641174 60004
851537664442421 140 -0.009765625 7.32556104660034 0.00000619888306 70004
851577594242891 140 0.238037109375 7.59166622161865 -0.00134944915771 80004
851617524019342 140 0.9798583984375 -7.29980278015137 -0.00561189651489 90004
851258156028401 141 -0.99542331695557 -3.00776886940002 0.00673408480361 4
851298085800451 141 -2.79727935791016 1.6511447429657 0.01832783222198 10004
851338015561311 141 -3.77127075195313 1.31471860408783 0.02439725399017 20004
851377945350981 141 -0.88967895507813 7.34574413299561 0.00574195384979 30004
851417875120790 141 1.111572265625 -6.14018058776855 -0.00712561607361 40004
851457804890480 141 1.18313598632813 -5.74239730834961 -0.00757598876953 50004
851497734665062 141 1.0830078125 -6.59100532531738 -0.0066454410553 60004
851537664442421 141 -0.18072509765625 6.9236216545105 0.00203800201416 70004
851577594242891 141 0.299560546875 7.48278713226318 -0.00135231018066 80004
851617524019342 141 0.9788818359375 -7.29980278015137 -0.00560903549194 90004
851258156028401 142 -0.85808277130127 -3.39071416854858 0.00561102619395 4
851298085800451 142 -2.59056091308594 1.62586414813995 0.01720398664474 10004
851338015561311 142 -3.77847290039063 1.32656133174896 0.02439653873444 20004
851377945350981 142 -0.88088989257813 7.34949779510498 0.00573861598969 30004
851417875120790 142 1.18231201171875 -6.00177383422852 -0.00712752342224 40004
851457804890480 142 1.24948120117188 -5.73630523681641 -0.00756573677063 50004
851497734665062 142 1.24615478515625 -6.47364234924316 -0.00776672363281 60004
851537664442421 142 -0.21270751953125 6.49585294723511 0.00204563140869 70004
851577594242891 142 0.33251953125 7.22096347808838 -0.0013542175293 80004
851617524019342 142 0.9779052734375 -7.29980278015137 -0.00560665130615 90004
851258156028401 143 -0.72132462263107 -3.77563667297363 0.00561101734638 4
851298085800451 143 -2.33219146728516 1.51360762119293 0.01608026027679 10004
851338015561311 143 -3.77871704101563 1.32656133174896 0.0243958234787 20004
851377945350981 143 -0.78884887695313 7.306471824646 0.00573468208313 30004
851417875120790 143 1.23635864257813 -5.92632293701172 -0.00712847709656 40004
851457804890480 143 1.24899291992188 -5.73630523681641 -0.00756072998047 50004
851497734665062 143 1.246337890625 -6.44088554382324 -0.00708031654358 60004
851537664442421 143 -0.20294189453125 6.05935621261597 0.00205326080322 70004
851577594242891 143 0.30517578125 6.87867450714111 -0.0013575553894 80004
851617524019342 143 0.9769287109375 -7.29980278015137 -0.0056037902832 90004
851258156028401 144 -0.56875228881836 -4.15512084960938 0.00448796525598 4
851298085800451 144 -2.08835601806641 1.30340301990509 0.01383304595947 10004
851338015561311 144 -3.77896118164063 1.32656133174896 0.02439534664154 20004
851377945350981 144 -0.64874267578125 7.23921489715576 0.00460886955261 30004
851417875120790 144 1.248779296875 -5.91633796691895 -0.00710153579712 40004
851457804890480 144 1.24850463867188 -5.73630523681641 -0.00755548477173 50004
851497734665062 144 1.246337890625 -6.44088554382324 -0.00707650184631 60004
851537664442421 144 -0.24444580078125 5.63239431381226 0.00206089019775 70004
851577594242891 144 0.189697265625 6.52381610870361 -0.0013575553894 80004
851617524019342 144 0.9759521484375 -7.29980278015137 -0.00560092926025 90004
851258156028401 145 -0.43700659275055 -4.54253959655762 0.00336491595954 4
851298085800451 145 -1.91636657714844 1.01261913776398 0.01270896196365 10004
851338015561311 145 -3.77920532226563 1.32656133174896 0.02439475059509 20004
851377945350981 145 -0.63897705078125 7.22834300994873 0.00460886955261 30004
851417875120790 145 1.248291015625 -5.91633796691895 -0.00710248947144 40004
851457804890480 145 1.24801635742188 -5.73630523681641 -0.00755023956299 50004
851497734665062 145 1.246337890625 -6.44088554382324 -0.00707268714905 60004
851537664442421 145 -0.42510986328125 5.23439168930054 0.00206851959229 70004
851577594242891 145 -0.037841796875 6.21970081329346 0.00072765350342 80004
851617524019342 145 0.9749755859375 -7.29980278015137 -0.00559854507446 90004
851258156028401 146 -0.46766850352287 -4.95057487487793 0.00336491479538 4
851298085800451 146 -1.88340759277344 0.67641055583954 0.01270818710327 10004
851338015561311 146 -3.54591369628906 1.41377103328705 0.02327072620392 20004
851377945350981 146 -0.57843017578125 7.00329113006592 0.00460743904114 30004
851417875120790 146 1.247802734375 -5.91633796691895 -0.00710344314575 40004
851457804890480 146 1.24752807617188 -5.73630523681641 -0.00754499435425 50004
851497734665062 146 1.246337890625 -6.44088554382324 -0.00706887245178 60004
851537664442421 146 -0.67315673828125 4.87446737289429 0.00408506393433 70004
851577594242891 146 -0.205810546875 5.87894153594971 0.0007266998291 80004
851617524019342 146 0.9739990234375 -7.29980278015137 -0.00559616088867 90004
851258156028401 147 -0.3668384552002 -5.3396692276001 0.00336491223425 4
851298085800451 147 -1.74617004394531 0.37427294254303 0.01158398389816 10004
851338015561311 147 -3.2474365234375 1.41655194759369 0.0210235118866 20004
851377945350981 147 -0.5892333984375 6.6284704208374 0.00460588932037 30004
851417875120790 147 1.247314453125 -5.91633796691895 -0.00710415840149 40004
851457804890480 147 1.24594116210938 -5.73948097229004 -0.00754046440125 50004
851497734665062 147 1.246337890625 -6.44088554382324 -0.00706505775452 60004
851537664442421 147 -0.89337158203125 4.49748563766479 0.00610446929932 70004
851577594242891 147 -0.295654296875 5.51287937164307 0.00274229049683 80004
851617524019342 147 0.9730224609375 -7.29980278015137 -0.00559377670288 90004
851258156028401 148 -0.27383288741112 -5.73461389541626 0.00224186200649 4
851298085800451 148 -1.64369201660156 0.06078162789345 0.01158314943314 10004
851338015561311 148 -2.84208679199219 1.35952699184418 0.01877534389496 20004
851377945350981 148 -0.5889892578125 6.18798732757568 0.00460505485535 30004
851417875120790 148 1.246826171875 -5.91633796691895 -0.00710463523865 40004
851457804890480 148 1.20150756835938 -5.78438758850098 -0.00753474235535 50004
851497734665062 148 1.243408203125 -6.45781898498535 -0.00706124305725 60004
851537664442421 148 -1.11407470703125 4.12032651901245 0.00611209869385 70004
851577594242891 148 -0.278564453125 5.14256381988525 0.00273895263672 80004
851617524019342 148 0.9285888671875 -7.28651237487793 -0.00559139251709 90004
851258156028401 149 -0.19044104218483 -6.12781476974487 0.00224186200649 4
851298085800451 149 -1.57594299316406 -0.2640782892704 0.01045888662338 10004
851338015561311 149 -2.37208557128906 1.22106301784515 0.01540410518646 20004
851377945350981 149 -0.5631103515625 5.73144435882568 0.004603266716 30004
851417875120790 149 1.246337890625 -5.91633796691895 -0.00710535049438 40004
851457804890480 149 1.12362670898438 -5.85306167602539 -0.00752949714661 50004
851497734665062 149 1.234130859375 -6.49001884460449 -0.0070595741272 60004
851537664442421 149 -1.29986572265625 3.73316597938538 0.00812530517578 70004
851577594242891 149 -0.166748046875 4.78112888336182 0.00161075592041 80004
851617524019342 149 0.8624267578125 -7.26657676696777 -0.0055890083313 90004
851258156028402 150 0 -8 0 4
851298085800451 150 -1.40394592285156 -0.55486214160919 0.00933456420898 10004
851338015561311 150 -1.96498107910156 0.93327105045319 0.01301050186157 20004
851377945350981 150 -0.5650634765625 5.27394008636475 0.00460147857666 30004
851417875120790 150 1.245849609375 -5.91633796691895 -0.0071063041687 40004
851457804890480 150 1.07284545898438 -5.87102127075195 -0.00752425193787 50004
851497734665062 150 1.214599609375 -6.5172176361084 -0.00705695152283 60004
851537664442421 150 -1.35162353515625 3.2994692325592 0.00813341140747 70004
851577594242891 150 -0.01458740234375 4.43379306793213 0.00048351287842 80004
851617524019342 150 0.8614501953125 -7.26657676696777 -0.00558567047119 90004
851258156028402 151 0.10858491063118 -7.76713895797729 0 4
851298085800451 151 -1.32447814941406 -0.88320672512054 0.0093320608139 10004
851338015561311 151 -1.7171630859375 0.50030386447906 0.011883020401 20004
851377945350981 151 -0.76104736328125 4.86058712005615 0.00460088253021 30004
851417875120790 151 1.245361328125 -5.91633796691895 -0.00710701942444 40004
851457804890480 151 1.00350952148438 -5.86467361450195 -0.00751852989197 50004
851497734665062 151 1.067138671875 -6.60225486755371 -0.00705456733704 60004
851537664442421 151 -1.56683349609375 2.93740105628967 0.01016807556152 70004
851577594242891 151 0.12603759765625 4.08084201812744 -0.00064325332642 80004
851617524019342 151 0.8604736328125 -7.26657676696777 -0.00558280944824 90004
851258156028402 152 0.32112810015678 -7.55335998535156 -0.00112304510549 4
851298085800451 152 -1.14643096923828 -1.1632981300354 0.00820749998093 10004
851338015561311 152 -1.62461853027344 0.01930403523147 0.01075911521912 20004
851377945350981 152 -1.03045654296875 4.53843212127686 0.00757777690887 30004
851417875120790 152 1.244873046875 -5.91633796691895 -0.00710773468018 40004
851457804890480 152 0.97662353515625 -5.85757064819336 -0.00549101829529 50004
851497734665062 152 1.0302734375 -6.62351417541504 -0.00705075263977 60004
851537664442421 152 -1.891357421875 2.66218209266663 0.01225328445435 70004
851577594242891 152 0.32086181640625 3.7569363117218 -0.00176858901978 80004
851617524019342 152 0.8646240234375 -7.12836074829102 -0.00557994842529 90004
851258156028402 153 0.50312846899033 -7.42730760574341 -0.00224608648568 4
851298085800451 153 -1.00128936767578 -1.45947539806366 0.00708329677582 10004
851338015561311 153 -1.64744567871094 -0.47481444478035 0.01075971126556 20004
851377945350981 153 -1.042724609375 4.18587398529053 0.00765872001648 30004
851417875120790 153 1.244384765625 -5.91633796691895 -0.00710844993591 40004
851457804890480 153 0.94244384765625 -5.81437683105469 -0.00548982620239 50004
851497734665062 153 1.0302734375 -6.62351417541504 -0.0070469379425 60004
851537664442421 153 -2.1995849609375 2.36196136474609 0.01428461074829 70004
851577594242891 153 0.54595947265625 3.45136952400208 -0.00289535522461 80004
851617524019342 153 0.9305419921875 -6.91104125976563 -0.00557565689087 90004
851258156028402 154 0.59075123071671 -7.39379119873047 -0.00336912740022 4
851298085800451 154 -0.92691802978516 -1.7888787984848 0.00708138942719 10004
851338015561311 154 -1.71263122558594 -0.96790987253189 0.01075875759125 20004
851377945350981 154 -1.1251220703125 3.7965681552887 0.00765883922577 30004
851417875120790 154 1.243896484375 -5.91633796691895 -0.00710892677307 40004
851457804890480 154 0.89190673828125 -5.70255851745605 -0.0054886341095 50004
851497734665062 154 1.0302734375 -6.62351417541504 -0.00704312324524 60004
851537664442421 154 -2.4293212890625 1.99395167827606 0.01634407043457 70004
851577594242891 154 0.79083251953125 3.16128373146057 -0.00401926040649 80004
851617524019342 154 1.0709228515625 -6.68699645996094 -0.00669240951538 90004
851258156028402 155 0.59075123071671 -7.39379119873047 -0.00336912367493 4
851298085800451 155 -0.86759948730469 -2.12150120735168 0.00595533847809 10004
851338015561311 155 -1.71458435058594 -1.46663391590118 0.01075756549835 20004
851377945350981 155 -1.4547119140625 3.47942185401917 0.0097804069519 30004
851417875120790 155 1.243408203125 -5.91633796691895 -0.00710988044739 40004
851457804890480 155 0.85528564453125 -5.49238395690918 -0.00548720359802 50004
851497734665062 155 1.0302734375 -6.62351417541504 -0.00703930854797 60004
851537664442421 155 -2.5806884765625 1.58442676067352 0.01634407043457 70004
851577594242891 155 1.05841064453125 2.89166855812073 -0.00626707077026 80004
851617524019342 155 1.2427978515625 -6.5418701171875 -0.00706195831299 90004
851258156028402 156 0.59075123071671 -7.39379119873047 -0.00336911994964 4
851298085800451 156 -0.85134887695313 -2.45894122123718 0.00595355033875 10004
851338015561311 156 -1.54014587402344 -1.84496438503265 0.01075756549835 20004
851377945350981 156 -1.72647094726563 3.11160492897034 0.01184225082397 30004
851417875120790 156 1.242919921875 -5.91633796691895 -0.00711059570313 40004
851457804890480 156 0.87872314453125 -5.2595043182373 -0.00548458099365 50004
851497734665062 156 1.0302734375 -6.62351417541504 -0.00703549385071 60004
851537664442421 156 -2.5738525390625 1.14784038066864 0.01634407043457 70004
851577594242891 156 1.18731689453125 2.53426575660706 -0.00739192962646 80004
851617524019342 156 1.24169921875 -6.5418701171875 -0.00705051422119 90004
851258156028402 157 0.59075123071671 -7.39379119873047 -0.00336911622435 4
851298085800451 157 -0.72943115234375 -2.76758503913879 0.00482892990112 10004
851338015561311 157 -1.41279602050781 -2.2438793182373 0.00963318347931 20004
851377945350981 157 -1.86294555664063 2.68339467048645 0.01184093952179 30004
851417875120790 157 1.242431640625 -5.91633796691895 -0.00711131095886 40004
851457804890480 157 0.97430419921875 -5.05067443847656 -0.0054817199707 50004
851497734665062 157 1.0302734375 -6.62351417541504 -0.00703167915344 60004
851537664442421 157 -2.5003662109375 0.8914549946785 0.01634454727173 70004
851577594242891 157 1.4208984375 2.24270367622375 -0.00852203369141 80004
851617524019342 157 1.2406005859375 -6.5418701171875 -0.00704002380371 90004
851258156028402 158 0.59075123071671 -7.39379119873047 -0.00336911249906 4
851298085800451 158 -0.64278411865234 -3.08583784103394 0.00482785701752 10004
851338015561311 158 -1.19538879394531 -2.6367015838623 0.00850784778595 20004
851377945350981 158 -2.00088500976563 2.24992871284485 0.01183986663818 30004
851417875120790 158 1.238525390625 -5.87623405456543 -0.00711178779602 40004
851457804890480 158 1.13095092773438 -4.88470840454102 -0.00660181045532 50004
851497734665062 158 1.0107421875 -6.56556129455566 -0.00702786445618 60004
851537664442421 158 -2.3587646484375 0.68320065736771 0.01522064208984 70004
851577594242891 158 1.62078857421875 1.929194688797 -0.00966024398804 80004
851617524019342 158 1.2396240234375 -6.5418701171875 -0.00702953338623 90004
851258156028402 159 0.59075123071671 -7.39379119873047 -0.00336910877377 4
851298085800451 159 -0.61861419677734 -3.42250108718872 0.00482666492462 10004
851338015561311 159 -0.91963195800781 -3.04181098937988 0.0062563419342 20004
851377945350981 159 -2.204833984375 1.8424084186554 0.01390182971954 30004
851417875120790 159 1.246826171875 -5.76460456848145 -0.00708699226379 40004
851457804890480 159 1.24591064453125 -4.77736854553223 -0.00703501701355 50004
851497734665062 159 0.955322265625 -6.42783164978027 -0.00702524185181 60004
851537664442421 159 -2.2042236328125 0.46745797991753 0.01522064208984 70004
851577594242891 159 1.78515625 1.59373927116394 -0.01079845428467 80004
851617524019342 159 1.2386474609375 -6.5418701171875 -0.00701904296875 90004
851258156028402 160 0.59075123071671 -7.39379119873047 -0.00336910504848 4
851298085800451 160 -0.57019805908203 -3.75684523582459 0.003702044487 10004
851338015561311 160 -0.78759765625 -3.52265739440918 0.00513100624084 20004
851377945350981 160 -2.468017578125 1.46809887886047 0.01599061489105 30004
851417875120790 160 1.246337890625 -5.5587100982666 -0.00708770751953 40004
851457804890480 160 1.24493408203125 -4.74136543273926 -0.00702476501465 50004
851497734665062 160 0.850830078125 -6.22463035583496 -0.00499844551086 60004
851537664442421 160 -2.1485595703125 0.26505729556084 0.01409769058228 70004
851577594242891 160 2.052734375 1.32412600517273 -0.01305866241455 80004
851617524019342 160 1.2376708984375 -6.5418701171875 -0.00700950622559 90004
851258156028402 161 0.59075123071671 -7.39379119873047 -0.00336910132319 4
851298085800451 161 -0.65840911865234 -4.08288478851318 0.00370043516159 10004
851338015561311 161 -0.47706604003906 -3.91269493103027 0.00400805473328 20004
851377945350981 161 -2.818115234375 1.1735622882843 0.01810538768768 30004
851417875120790 161 1.2481689453125 -5.31543159484863 -0.00708818435669 40004
851457804890480 161 1.24444580078125 -4.74136543273926 -0.00701999664307 50004
851497734665062 161 0.835205078125 -5.82246208190918 -0.00499582290649 60004
851537664442421 161 -1.9114990234375 -0.09141083806753 0.01297616958618 70004
851577594242891 161 2.353759765625 1.09289240837097 -0.01419162750244 80004
851617524019342 161 1.2425537109375 -6.68061828613281 -0.00698947906494 90004
851258156028402 162 0.59075123071671 -7.39379119873047 -0.0033690975979 4
851298085800451 162 -0.63716888427734 -4.41404247283936 0.00369834899902 10004
851338015561311 162 -0.34571838378906 -4.23308944702148 0.00288331508636 20004
851377945350981 162 -3.0987548828125 1.04798054695129 0.02017426490784 30004
851417875120790 162 1.24871826171875 -5.17599678039551 -0.00710201263428 40004
851457804890480 162 1.24395751953125 -4.74136543273926 -0.00701498985291 50004
851497734665062 162 0.69287109375 -5.45350456237793 -0.00499296188354 60004
851537664442421 162 -1.8050537109375 -0.504270195961 0.01186513900757 70004
851577594242891 162 2.4931640625 0.90874552726746 -0.01531553268433 80004
851617524019342 162 1.2423095703125 -6.71530532836914 -0.00696754455566 90004
851258156028402 163 0.59075123071671 -7.39379119873047 -0.00336909387261 4
851298085800451 163 -0.51168060302734 -4.71912670135498 0.00369626283646 10004
851338015561311 163 -0.15455627441406 -4.57669830322266 0.00175774097443 20004
851377945350981 163 -3.2459716796875 1.01658654212952 0.02017426490784 30004
851417875120790 163 1.24822998046875 -5.12358665466309 -0.00710272789001 40004
851457804890480 163 1.24346923828125 -4.74136543273926 -0.00700998306274 50004
851497734665062 163 0.5927734375 -5.07347679138184 -0.00292444229126 60004
851537664442421 163 -1.8353271484375 -0.92961275577545 0.01187467575073 70004
851577594242891 163 2.53515625 0.82451987266541 -0.01531791687012 80004
851617524019342 163 1.2403564453125 -6.71530532836914 -0.00694704055786 90004
851258156028402 164 0.59075123071671 -7.39379119873047 -0.00336909014732 4
851298085800451 164 -0.33782958984375 -5.00635862350464 0.00257223844528 10004
851338015561311 164 0.10749816894531 -4.99043846130371 -0.00048995018005 20004
851377945350981 164 -3.2738037109375 1.02144312858582 0.02017426490784 30004
851417875120790 164 1.24774169921875 -5.12358665466309 -0.00710368156433 40004
851457804890480 164 1.24295043945313 -4.74136543273926 -0.007004737854 50004
851497734665062 164 0.534912109375 -4.6823787689209 -0.00292205810547 60004
851537664442421 164 -1.9908447265625 -1.31490850448608 0.01187944412231 70004
851577594242891 164 2.5335693359375 0.82451987266541 -0.01532030105591 80004
851617524019342 164 1.2384033203125 -6.71530532836914 -0.00692749023438 90004
851258156028402 165 0.59075123071671 -7.39379119873047 -0.00336908642203 4
851298085800451 165 -0.22154998779297 -5.32345390319824 0.00144952535629 10004
851338015561311 165 0.22444152832031 -5.47528648376465 -0.00049114227295 20004
851377945350981 165 -3.2738037109375 1.02144312858582 0.02017426490784 30004
851417875120790 165 1.24725341796875 -5.12358665466309 -0.00710439682007 40004
851457804890480 165 1.24197387695313 -4.74136543273926 -0.00699472427368 50004
851497734665062 165 0.350341796875 -4.32449150085449 -0.00291967391968 60004
851537664442421 165 -2.2408447265625 -1.59900426864624 0.01396465301514 70004
851577594242891 165 2.5325927734375 0.82451987266541 -0.01532077789307 80004
851617524019342 165 1.2364501953125 -6.71530532836914 -0.00690746307373 90004
851258156028402 166 0.59075123071671 -7.39379119873047 -0.00336908269674 4
851298085800451 166 -0.14978790283203 -5.65359783172607 0.00144869089127 10004
851338015561311 166 0.12532043457031 -5.96408653259277 -0.00049161911011 20004
851377945350981 166 -3.2738037109375 1.02144312858582 0.02017426490784 30004
851417875120790 166 1.24676513671875 -5.12358665466309 -0.00710511207581 40004
851457804890480 166 1.24099731445313 -4.74136543273926 -0.00698518753052 50004
851497734665062 166 0.035888671875 -4.0738582611084 -0.00080871582031 60004
851537664442421 166 -2.3873291015625 -1.66324186325073 0.01602268218994 70004
851577594242891 166 2.5316162109375 0.82451987266541 -0.01532220840454 80004
851617524019342 166 1.2344970703125 -6.71530532836914 -0.00688743591309 90004
851258156028402 167 0.58826339244843 -7.38507652282715 -0.00336907943711 4
851298085800451 167 0.01551818847656 -5.94214725494385 0.0003245472908 10004
851338015561311 167 0.18824768066406 -6.44992256164551 -0.00049221515656 20004
851377945350981 167 -3.2738037109375 1.02144312858582 0.02017426490784 30004
851417875120790 167 1.24627685546875 -5.12358665466309 -0.00710582733154 40004
851457804890480 167 1.19491577148438 -4.79145622253418 -0.00697731971741 50004
851497734665062 167 -0.17742919921875 -3.74102210998535 0.00121641159058 60004
851537664442421 167 -2.4239501953125 -1.67930126190186 0.01602268218994 70004
851577594242891 167 2.5186767578125 0.79675221443176 -0.01532363891602 80004
851617524019342 167 1.2325439453125 -6.71530532836914 -0.00686740875244 90004
851258156028402 168 0.60313332080841 -7.27570676803589 -0.00336907384917 4
851298085800451 168 0.14483642578125 -6.24551200866699 -0.00079900026321 10004
851338015561312 168 0.06689453125 -7.85645294189453 -0.00000047683716 20004
851377945350981 168 -3.2738037109375 1.02144312858582 0.02017426490784 30004
851417875120790 168 1.24578857421875 -5.12358665466309 -0.00710654258728 40004
851457804890480 168 1.16415405273438 -4.82485008239746 -0.00697255134583 50004
851497734665062 168 -0.4237060546875 -3.43558692932129 0.00329041481018 60004
851537664442421 168 -2.4239501953125 -1.67930126190186 0.01602268218994 70004
851577594242891 168 2.4674072265625 0.67138838768005 -0.01532411575317 80004
851617524019342 168 1.2115478515625 -6.68611145019531 -0.00684785842896 90004
851258156028402 169 0.66456305980682 -7.06619215011597 -0.00336906686425 4
851298085800452 169 0.0147705078125 -7.96833610534668 0 10004
851338015561312 169 0.19305419921875 -7.61946678161621 -0.00112473964691 20004
851377945350981 169 -3.2496337890625 1.04570364952087 0.02017450332642 30004
851417875120790 169 1.24530029296875 -5.12358665466309 -0.00710725784302 40004
851457804890480 169 1.16366577148438 -4.82485008239746 -0.00696754455566 50004
851497734665062 169 -0.7044677734375 -3.15755271911621 0.0053346157074 60004
851537664442421 169 -2.4581298828125 -1.6366868019104 0.01602268218994 70004
851577594242891 169 2.3524169921875 0.43055641651154 -0.01532506942749 80004
851617524019342 169 1.1807861328125 -6.63397979736328 -0.00683784484863 90004
851258156028402 170 0.81112080812454 -6.84946632385254 -0.00449210219085 4
851298085800452 170 0.0738525390625 -7.8416862487793 0 10004
851338015561312 170 0.29632568359375 -7.53280448913574 -0.00112533569336 20004
851377945350981 170 -3.1529541015625 1.14274573326111 0.02017426490784 30004
851417875120790 170 1.24481201171875 -5.12358665466309 -0.00710797309875 40004
851457804890480 170 1.16317749023438 -4.82485008239746 -0.00696229934692 50004
851497734665062 170 -0.8841552734375 -2.79731559753418 0.0053334236145 60004
851537664442421 170 -2.5948486328125 -1.46622896194458 0.01602268218994 70004
851577594242891 170 2.1507568359375 0.10834082216024 -0.01331663131714 80004
851617524019342 170 1.1749267578125 -6.60061645507813 -0.00682735443115 90004
851258156028402 171 1.03892946243286 -6.71295356750488 -0.0056151393801 4
851298085800452 171 0.0738525390625 -7.8416862487793 0 10004
851338015561312 171 0.29632568359375 -7.53280448913574 -0.00112533569336 20004
851377945350981 171 -3.1529541015625 1.14274573326111 0.02017426490784 30004
851417875120790 171 1.24432373046875 -5.12358665466309 -0.00710868835449 40004
851457804890480 171 1.05868530273438 -4.77154350280762 -0.00695705413818 50004
851497734665062 171 -1.1986083984375 -2.54668235778809 0.00739526748657 60004
851537664442421 171 -2.6807861328125 -1.11265230178833 0.01803493499756 70004
851577594242891 171 2.0130615234375 -0.24555890262127 -0.01332378387451 80004
851617524019342 171 1.2364501953125 -6.39205932617188 -0.00792980194092 90004
851258156028402 172 1.14609026908875 -6.66997957229614 -0.00673817377537 4
851298085800452 172 0.0738525390625 -7.8416862487793 0 10004
851338015561312 172 0.29632568359375 -7.53280448913574 -0.00112533569336 20004
851377945350981 172 -2.9822998046875 1.12801432609558 0.02017641067505 30004
851417875120790 172 1.24383544921875 -5.12358665466309 -0.00710964202881 40004
851457804890480 172 1.03073120117188 -4.75612258911133 -0.00695133209229 50004
851497734665062 172 -1.45977783203125 -2.2440357208252 0.00946187973022 60004
851537664442421 172 -2.6553955078125 -0.78876811265945 0.01803493499756 70004
851577594242891 172 1.7786865234375 -0.53683722019196 -0.01126766204834 80004
851617524019342 172 1.24755859375 -6.32114601135254 -0.00707769393921 90004
851258156028402 173 1.17954409122467 -6.66408586502075 -0.00673816585913 4
851298085800452 173 0.0738525390625 -7.8416862487793 0 10004
851338015561312 173 0.29632568359375 -7.53280448913574 -0.00112533569336 20004
851377945350981 173 -2.67013549804688 1.00407195091248 0.01793038845062 30004
851417875120790 173 1.24334716796875 -5.12358665466309 -0.00711011886597 40004
851457804890480 173 0.99923706054688 -4.702392578125 -0.00694608688354 50004
851497734665062 173 -1.626708984375 -1.88786828517914 0.00946068763733 60004
851537664442421 173 -2.4947509765625 -0.45589143037796 0.01691198348999 70004
851577594242891 173 1.46746826171875 -0.73821842670441 -0.00922679901123 80004
851617524019342 173 1.24609375 -6.30862998962402 -0.00706243515015 90004
851258156028402 174 1.17954218387604 -6.66408586502075 -0.0067381602712 4
851298085800452 174 0.0738525390625 -7.8416862487793 0 10004
851338015561312 174 0.29632568359375 -7.53280448913574 -0.00112533569336 20004
851377945350981 174 -2.26254272460938 0.80248165130615 0.01568496227264 30004
851417875120790 174 1.24285888671875 -5.12358665466309 -0.0071108341217 40004
851457804890480 174 0.94894409179688 -4.56649971008301 -0.00694108009338 50004
851497734665062 174 -1.7550048828125 -1.51418483257294 0.01148629188538 60004
851537664442421 174 -2.2049560546875 -0.13969592750072 0.01466608047485 70004
851577594242891 174 1.13262939453125 -0.90425026416779 -0.00721836090088 80004
851617524019342 174 1.2451171875 -6.30862998962402 -0.00705242156982 90004
851258156028402 175 1.1795402765274 -6.66408586502075 -0.0067381542176 4
851298085800452 175 0.0738525390625 -7.8416862487793 0 10004
851338015561312 175 0.29632568359375 -7.53280448913574 -0.00112533569336 20004
851377945350981 175 -1.821044921875 0.68085193634033 0.01216638088226 30004
851417875120790 175 1.24237060546875 -5.12358665466309 -0.00711154937744 40004
851457804890480 175 0.92941284179688 -4.3369312286377 -0.00693488121033 50004
851497734665062 175 -2.00128173828125 -1.19650447368622 0.01353359222412 60004
851537664442421 175 -1.82275390625 0.06978654116392 0.0124249458313 70004
851577594242891 175 0.86212158203125 -1.17130541801453 -0.00515460968018 80004
851617524019342 175 1.244140625 -6.30862998962402 -0.0070424079895 90004
851258156028402 176 1.17953836917877 -6.66408586502075 -0.00673814862967 4
851298085800452 176 0.0738525390625 -7.8416862487793 0 10004
851338015561312 176 0.29632568359375 -7.53280448913574 -0.00112533569336 20004
851377945350981 176 -1.47299194335938 0.38422223925591 0.0099184513092 30004
851417875120790 176 1.24188232421875 -5.12358665466309 -0.00711226463318 40004
851457804890480 176 1.00949096679688 -4.1172046661377 -0.0059027671814 50004
851497734665062 176 -2.28741455078125 -0.91298282146454 0.01555895805359 60004
851537664442421 176 -1.3883056640625 0.09773134440184 0.00906419754028 70004
851577594242891 176 0.68927001953125 -1.50926280021667 -0.00515508651733 80004
851617524019342 176 1.2431640625 -6.30862998962402 -0.00703191757202 90004
851258156028402 177 1.17953503131866 -6.67580461502075 -0.00673814211041 4
851298085800452 177 0.0738525390625 -7.8416862487793 0 10004
851338015561312 177 0.29632568359375 -7.53280448913574 -0.00112533569336 20004
851377945350981 177 -1.24313354492188 -0.00196935608983 0.0087958574295 30004
851417875120790 177 1.14874267578125 -5.07663154602051 -0.00711274147034 40004
851457804890480 177 1.11959838867188 -3.91199111938477 -0.00702214241028 50004
851497734665062 177 -2.44683837890625 -0.60417687892914 0.01555991172791 60004
851537664442421 177 -0.954833984375 0.13998965919018 0.0066819190979 70004
851577594242891 177 0.56549072265625 -1.86707711219788 -0.00313282012939 80004
851617524019342 177 1.2421875 -6.30862998962402 -0.0070219039917 90004
851258156028402 178 1.17953217029572 -6.68361711502075 -0.00673813605681 4
851298085800452 178 0.0738525390625 -7.8416862487793 0 10004
851338015561312 178 0.29632568359375 -7.53280448913574 -0.00112533569336 20004
851377945350981 178 -1.14962768554688 -0.43874284625053 0.00767302513123 30004
851417875120790 178 1.02658081054688 -4.96854972839355 -0.00711584091187 40004
851457804890480 178 1.23654174804688 -3.70982360839844 -0.00701069831848 50004
851497734665062 178 -2.49273681640625 -0.29523679614067 0.01556181907654 60004
851537664442421 178 -0.544677734375 0.09717680513859 0.00430345535278 70004
851577594242891 178 0.54010009765625 -2.23703598976135 -0.00313472747803 80004
851617524019342 178 1.2412109375 -6.30862998962402 -0.00701189041138 90004
851258156028402 179 1.17741441726685 -6.6853928565979 -0.00673812814057 4
851298085800452 179 0.0738525390625 -7.8416862487793 0 10004
851338015561312 179 0.29632568359375 -7.53280448913574 -0.00112533569336 20004
851377945350981 179 -1.10458374023438 -0.88588017225266 0.00767338275909 30004
851417875120790 179 0.93002319335938 -4.82694625854492 -0.00508737564087 40004
851457804890480 179 1.24853515625 -3.50334930419922 -0.00699973106384 50004
851497734665062 179 -2.42828369140625 0.00958544574678 0.01556420326233 60004
851537664442421 179 -0.175537109375 -0.07789305597544 0.00207233428955 70004
851577594242891 179 0.55572509765625 -2.60975766181946 -0.00313663482666 80004
851617524019342 179 1.240234375 -6.30862998962402 -0.00700187683105 90004
851258156028402 180 1.16895174980164 -6.69248867034912 -0.00673812162131 4
851298085800452 180 0.0738525390625 -7.8416862487793 0 10004
851338015561312 180 0.29632568359375 -7.53280448913574 -0.00112533569336 20004
851377945350981 180 -0.91415405273438 -1.30192601680756 0.00655031204224 30004
851417875120790 180 0.90560913085938 -4.7212028503418 -0.00509119033813 40004
851457804890480 180 1.24755859375 -3.28933334350586 -0.0069899559021 50004
851497734665062 180 -2.24664306640625 0.32693549990654 0.01556658744812 60004
851537664442421 180 0.13970947265625 -0.380206823349 -0.00017023086548 70004
851577594242891 180 0.44830322265625 -2.97419095039368 -0.00313854217529 80004
851617524019342 180 1.2392578125 -6.30862998962402 -0.00699138641357 90004
851258156028402 181 1.16895174980164 -6.69248867034912 -0.00673812162131 4
851298085800452 181 0.0738525390625 -7.8416862487793 0 10004
851338015561312 181 0.29632568359375 -7.53280448913574 -0.00112533569336 20004
851377945350981 181 -0.91757202148438 -1.75942647457123 0.00655055046082 30004
851417875120790 181 0.95736694335938 -4.47917556762695 -0.00509929656982 40004
851457804890480 181 1.25637817382813 -3.12698554992676 -0.00703811645508 50004
851497734665062 181 -2.21343994140625 0.72800707817078 0.01444554328918 60004
851537664442421 181 0.24127197265625 -0.64210176467896 -0.0012903213501 70004
851577594242891 181 0.50494384765625 -3.34967541694641 -0.00314044952393 80004
851617524019342 181 1.23828125 -6.30862998962402 -0.00698089599609 90004
851258156028402 182 1.16895174980164 -6.69248867034912 -0.00673812162131 4
851298085800452 182 0.0738525390625 -7.8416862487793 0 10004
851338015561312 182 0.29632568359375 -7.53280448913574 -0.00112533569336 20004
851377945350981 182 -0.7752685546875 -2.18583607673645 0.00542593002319 30004
851417875120790 182 1.0423583984375 -4.22359275817871 -0.00622987747192 40004
851457804890480 182 1.32852172851563 -2.92586040496826 -0.00815081596375 50004
851497734665062 182 -2.07183837890625 1.099200963974 0.01444745063782 60004
851537664442421 182 0.25567626953125 -0.87158370018005 -0.00128841400146 70004
851577594242891 182 0.48980712890625 -3.69533944129944 -0.00314044952393 80004
851617524019342 182 1.2373046875 -6.30862998962402 -0.00697135925293 90004
851258156028402 183 1.16895174980164 -6.69248867034912 -0.00673812162131 4
851298085800452 183 0.0738525390625 -7.8416862487793 0 10004
851338015561312 183 0.29632568359375 -7.53280448913574 -0.00112533569336 20004
851377945350981 183 -0.66592407226563 -2.62222981452942 0.00429749488831 30004
851417875120790 183 1.0936279296875 -3.95488929748535 -0.00623607635498 40004
851457804890480 183 1.46343994140625 -2.74193668365479 -0.00926470756531 50004
851497734665062 183 -1.82623291015625 1.40601325035095 0.01220321655273 60004
851537664442421 183 0.30303955078125 -1.12254130840302 -0.00128746032715 70004
851577594242891 183 0.52935791015625 -4.04207611083984 -0.00314426422119 80004
851617524019342 183 1.236083984375 -6.30862998962402 -0.00695896148682 90004
851258156028402 184 1.14959824085236 -6.65895366668701 -0.006738119293 4
851298085800452 184 0.0738525390625 -7.8416862487793 0 10004
851338015561312 184 0.288330078125 -7.49732780456543 -0.00112533569336 20004
851377945350981 184 -0.62820434570313 -3.07775521278381 0.00429701805115 30004
851417875120790 184 1.085693359375 -3.67873954772949 -0.00623989105225 40004
851457804890480 184 1.64910888671875 -2.60190010070801 -0.01038289070129 50004
851497734665062 184 -1.545654296875 1.68521618843079 0.01107406616211 60004
851537664442421 184 0.37921142578125 -1.42365205287933 -0.0024094581604 70004
851577594242891 184 0.60699462890625 -4.40469551086426 -0.00314712524414 80004
851617524019342 184 1.21258544921875 -6.29981994628906 -0.0069408416748 90004
851258156028402 185 1.07219219207764 -6.52482652664185 -0.00673811323941 4
851298085800452 185 0.0738525390625 -7.8416862487793 0 10004
851338015561312 185 0.25634765625 -7.35542106628418 -0.00112533569336 20004
851377945350981 185 -0.55575561523438 -3.52963280677795 0.00429594516754 30004
851417875120790 185 1.034912109375 -3.40605735778809 -0.00624370574951 40004
851457804890480 185 1.86151123046875 -2.50324821472168 -0.01150226593018 50004
851497734665062 185 -1.36700439453125 2.04485821723938 0.00881791114807 60004
851537664442421 185 0.35577392578125 -1.77838265895844 -0.00240802764893 70004
851577594242891 185 0.56304931640625 -4.78192329406738 -0.00314855575562 80004
851617524019342 185 1.12469482421875 -6.26457977294922 -0.00692987442017 90004
851258156028402 186 1.04153347015381 -6.17365121841431 -0.00673810811713 4
851298085800452 186 0.0738525390625 -7.8416862487793 0 10004
851338015561312 186 0.266845703125 -7.30755424499512 -0.00112581253052 20004
851377945350981 186 -0.2996826171875 -3.90891289710999 0.00204825401306 30004
851417875120790 186 1.104248046875 -3.13746070861816 -0.00625133514404 40004
851457804890480 186 2.01239013671875 -2.32409858703613 -0.01262092590332 50004
851497734665062 186 -1.35919189453125 2.44724774360657 0.00881671905518 60004
851537664442421 186 0.26104736328125 -2.20463681221008 -0.00240516662598 70004
851577594242891 186 0.59332275390625 -5.16052436828613 -0.00315141677856 80004
851617524019342 186 1.12371826171875 -6.26457977294922 -0.00691986083984 90004
851258156028402 187 1.04405105113983 -5.79142427444458 -0.00673810206354 4
851298085800452 187 0.0738525390625 -7.8416862487793 0 10004
851338015561312 187 0.26947021484375 -7.29558753967285 -0.00112593173981 20004
851377945350981 187 -0.181884765625 -4.34263801574707 0.00204610824585 30004
851417875120790 187 1.2530517578125 -2.9096794128418 -0.00737690925598 40004
851457804890480 187 2.10540771484375 -2.11264228820801 -0.01261711120605 50004
851497734665062 187 -1.29058837890625 2.68330883979797 0.00881624221802 60004
851537664442421 187 0.30841064453125 -2.63095116615295 -0.00240230560303 70004
851577594242891 187 0.50128173828125 -5.52206802368164 -0.00315380096436 80004
851617524019342 187 1.08026123046875 -6.13304138183594 -0.00690889358521 90004
851258156028402 188 1.14051032066345 -5.41899824142456 -0.00673809228465 4
851298085800452 188 0.078125 -7.81388854980469 -0.00000023841858 10004
851338015561312 188 0.26947021484375 -7.29558753967285 -0.00112593173981 20004
851377945350981 188 -0.09939575195313 -4.79261589050293 0.00091874599457 30004
851417875120791 188 0.1005859375 7.74806547164917 -0.00000095367432 40004
851457804890481 188 0.03369140625 7.72095823287964 0.00000095367432 50004
851497734665062 188 -1.08831787109375 2.89981198310852 0.00769138336182 60004
851537664442421 188 0.30841064453125 -3.05724549293518 -0.00239753723145 70004
851577594242891 188 0.45001220703125 -5.88929748535156 -0.00315523147583 80004
851617524019342 188 1.07049560546875 -5.88115692138672 -0.00689315795898 90004
851258156028402 189 1.24138951301575 -5.12437629699707 -0.00705299712718 4
851298085800452 189 0.10617065429688 -7.7097282409668 -0.00000041723251 10004
851338015561312 189 0.28680419921875 -7.28162002563477 -0.00112617015839 20004
851377945350981 189 0.03817749023438 -5.22043991088867 -0.00020670890808 30004
851417875120791 189 0.3197021484375 8.12869262695313 -0.0011248588562 40004
851457804890481 189 0.11181640625 8.04284858703613 0.00000381469727 50004
851497734665062 189 -0.80877685546875 3.17941117286682 0.00544309616089 60004
851537664442421 189 0.26104736328125 -3.48351979255676 -0.00239658355713 70004
851577594242891 189 0.50518798828125 -6.26249504089355 -0.00315713882446 80004
851617524019342 189 1.11688232421875 -5.5905876159668 -0.00687217712402 90004
851258156028402 190 1.24138951301575 -5.00264930725098 -0.00705298222601 4
851298085800452 190 0.19277191162109 -7.45986747741699 -0.00112456083298 10004
851338015561312 190 0.35618591308594 -7.22574996948242 -0.00225055217743 20004
851377945350981 190 0.31112670898438 -5.58749008178711 -0.00132966041565 30004
851417875120791 190 0.5926513671875 8.35763549804688 -0.00337195396423 40004
851457804890481 190 0.22216796875 8.1994800567627 -0.00111627578735 50004
851497734665062 190 -0.63104248046875 3.54064393043518 0.00431776046753 60004
851537664442421 190 0.35577392578125 -3.90985417366028 -0.00239086151123 70004
851577594242892 190 0 -8 0 80004
851617524019342 190 1.18817138671875 -5.4134635925293 -0.00685119628906 90004
851258156028402 191 1.24138951301575 -5.00264930725098 -0.00705296732485 4
851298085800452 191 0.24232482910156 -7.40899085998535 -0.00112652778625 10004
851338015561312 191 0.35643005371094 -7.22574996948242 -0.00225234031677 20004
851377945350981 191 0.40341186523438 -6.03557205200195 -0.00245046615601 30004
851417875120791 191 0.70700073242188 8.38824462890625 -0.00449752807617 40004
851457804890481 191 0.24560546875 8.21292304992676 -0.00111389160156 50004
851497734665062 191 -0.62322998046875 3.94303345680237 0.00431656837463 60004
851537664442421 191 0.26104736328125 -4.33610820770264 -0.00238800048828 70004
851577594242892 191 0.0849609375 -7.81855010986328 -0.00000286102295 80004
851617524019342 191 1.19305419921875 -5.40851211547852 -0.00684070587158 90004
851258156028402 192 1.24138951301575 -5.00264930725098 -0.00705295242369 4
851298085800452 192 0.25477600097656 -7.39628601074219 -0.00112783908844 10004
851338015561312 192 0.35667419433594 -7.22574996948242 -0.00225412845612 20004
851377945350981 192 0.63119506835938 -6.42288017272949 -0.00357139110565 30004
851417875120791 192 0.73617553710938 8.39589691162109 -0.00450205802917 40004
851457804890481 192 0.25146484375 8.21628379821777 -0.00111389160156 50004
851497734665062 192 -0.48797607421875 4.31455850601196 0.0031909942627 60004
851537664442421 192 0.30841064453125 -4.76242542266846 -0.00238513946533 70004
851577594242892 192 0.106201171875 -7.7731876373291 -0.00000286102295 80004
851617524019342 192 1.19354248046875 -5.40727424621582 -0.00683116912842 90004
851258156028402 193 1.24138951301575 -5.00264930725098 -0.00705293752253 4
851298085800452 193 0.25489807128906 -7.39628601074219 -0.00112891197205 10004
851338015561312 193 0.35691833496094 -7.22574996948242 -0.00225603580475 20004
851377945350982 193 0.05615234375 -7.87963104248047 -0.00000047683716 30004
851417875120791 193 0.73666381835938 8.39589691162109 -0.00450563430786 40004
851457804890481 193 0.25146484375 8.21628379821777 -0.00111389160156 50004
851497734665062 193 -0.39520263671875 4.69637155532837 0.00318956375122 60004
851537664442421 193 0.30841064453125 -5.18872165679932 -0.00238037109375 70004
851577594242892 193 0.106201171875 -7.7731876373291 -0.00000286102295 80004
851617524019342 193 1.19256591796875 -5.40727424621582 -0.0068211555481 90004
851258156028402 194 1.24138951301575 -5.00264930725098 -0.00705292262137 4
851298085800452 194 0.25502014160156 -7.39628601074219 -0.00112998485565 10004
851338015561312 194 0.35716247558594 -7.22574996948242 -0.00225782394409 20004
851377945350982 194 0.2138671875 -7.63740539550781 -0.00112414360046 30004
851417875120791 194 0.74411010742188 8.3840217590332 -0.00451016426086 40004
851457804890481 194 0.2578125 8.20989418029785 -0.00111293792725 50004
851497734665062 194 -0.43011474609375 5.09020090103149 0.00318813323975 60004
851537664442421 194 0.26104736328125 -5.61499691009521 -0.00237941741943 70004
851577594242892 194 0.106201171875 -7.7731876373291 -0.00000286102295 80004
851617524019342 194 1.19158935546875 -5.40727424621582 -0.00681114196777 90004
851258156028402 195 1.24138951301575 -5.00264930725098 -0.00705290772021 4
851298085800452 195 0.25514221191406 -7.39628601074219 -0.00113105773926 10004
851338015561312 195 0.35740661621094 -7.22574996948242 -0.00225961208344 20004
851377945350982 195 0.5078125 -7.39071655273438 -0.00224506855011 30004
851417875120791 195 0.77243041992188 8.33652114868164 -0.00451755523682 40004
851457804890481 195 0.283203125 8.18433570861816 -0.00111055374146 50004
851497734665062 195 -0.59320068359375 5.45834970474243 0.00318694114685 60004
851537664442421 195 0.35577392578125 -6.041335105896 -0.00237369537354 70004
851577594242892 195 0.106201171875 -7.7731876373291 -0.00000286102295 80004
851617524019342 195 1.19061279296875 -5.40727424621582 -0.00680065155029 90004
851258156028402 196 1.24138951301575 -5.00264930725098 -0.00705289281905 4
851298085800452 196 0.25526428222656 -7.39628601074219 -0.00113213062286 10004
851338015561312 196 0.35765075683594 -7.22574996948242 -0.00226140022278 20004
851377945350982 196 0.6904296875 -7.33141326904297 -0.00336575508118 30004
851417875120791 196 0.77291870117188 8.33652114868164 -0.00452136993408 40004
851457804890481 196 0.283203125 8.18433570861816 -0.00111055374146 50004
851497734665062 196 -0.58929443359375 5.65954446792603 0.00318622589111 60004
851537664442421 196 0.62139892578125 -6.38786220550537 -0.00349283218384 70004
851577594242892 196 0.106201171875 -7.7731876373291 -0.00000286102295 80004
851617524019342 196 1.18963623046875 -5.40727424621582 -0.00679016113281 90004
851258156028402 197 1.23174786567688 -5.05890846252441 -0.00705288350582 4
851298085800452 197 0.25538635253906 -7.39628601074219 -0.00113320350647 10004
851338015561312 197 0.35789489746094 -7.22574996948242 -0.00226318836212 20004
851377945350982 197 0.73666381835938 -7.31658744812012 -0.00449097156525 30004
851417875120791 197 0.73825073242188 8.23944091796875 -0.00452518463135 40004
851457804890481 197 0.2703857421875 8.04130744934082 -0.00110936164856 50004
851497734665062 197 -0.68646240234375 5.93137788772583 0.00520539283752 60004
851537664442422 197 0.103271484375 -7.77914619445801 0.00000286102295 70004
851577594242892 197 0.106201171875 -7.7731876373291 -0.00000286102295 80004
851617524019342 197 1.18865966796875 -5.40727424621582 -0.00678062438965 90004
851258156028402 198 1.22531890869141 -5.09641456604004 -0.00705287372693 4
851298085800452 198 0.25550842285156 -7.39628601074219 -0.00113427639008 10004
851338015561312 198 0.35813903808594 -7.22574996948242 -0.00226497650146 20004
851377945350982 198 0.73715209960938 -7.31658744812012 -0.00449275970459 30004
851417875120791 198 0.62408447265625 8.08360290527344 -0.00452899932861 40004
851457804890481 198 0.3079833984375 7.76015901565552 -0.00110793113708 50004
851497734665063 198 0.05615234375 7.65302991867065 -0.00000095367432 60004
851537664442422 198 0.195556640625 -7.47115135192871 -0.00111818313599 70004
851577594242892 198 0.114501953125 -7.80628776550293 -0.00000333786011 80004
851617524019342 198 1.18768310546875 -5.40727424621582 -0.00677108764648 90004
851258156028402 199 1.22531700134277 -5.09641456604004 -0.00705286348239 4
851298085800452 199 0.25563049316406 -7.39628601074219 -0.00113528966904 10004
851338015561312 199 0.35838317871094 -7.22574996948242 -0.00226676464081 20004
851377945350982 199 0.73764038085938 -7.31658744812012 -0.00449454784393 30004
851417875120791 199 0.48284912109375 7.94523048400879 -0.00249099731445 40004
851457804890481 199 0.35888671875 7.38749933242798 -0.0022280216217 50004
851497734665063 199 0.156005859375 7.84688901901245 -0.00000286102295 60004
851537664442422 199 0.275390625 -7.1621150970459 -0.0011134147644 70004
851577594242892 199 0.126953125 -7.85593795776367 -0.00000953674316 80004
851617524019342 199 1.18670654296875 -5.40727424621582 -0.006760597229 90004
851258156028402 200 1.22531509399414 -5.09641456604004 -0.00705285323784 4
851298085800452 200 0.25575256347656 -7.39628601074219 -0.00113642215729 10004
851338015561312 200 0.35862731933594 -7.22574996948242 -0.00226867198944 20004
851377945350982 200 0.73812866210938 -7.31658744812012 -0.00449633598328 30004
851417875120791 200 0.46429443359375 7.93844795227051 -0.00249218940735 40004
851457804890481 200 0.28564453125 7.01165246963501 -0.00222659111023 50004
851497734665063 200 0.218505859375 7.89896726608276 -0.00112915039063 60004
851537664442422 200 0.4541015625 -6.89052391052246 -0.00223255157471 70004
851577594242892 200 0.126953125 -7.85593795776367 -0.00000953674316 80004
851617524019342 200 1.18572998046875 -5.40727424621582 -0.00675010681152 90004
851258156028402 201 1.08919680118561 -5.10898208618164 -0.00705284625292 4
851298085800452 201 0.25587463378906 -7.39628601074219 -0.00113749504089 10004
851338015561312 201 0.35887145996094 -7.22574996948242 -0.00227046012878 20004
851377945350982 201 0.73861694335938 -7.31658744812012 -0.00449812412262 30004
851417875120791 201 0.46429443359375 7.93844795227051 -0.00249218940735 40004
851457804890481 201 0.060546875 6.70199060440063 -0.00017213821411 50004
851497734665063 201 0.218505859375 7.89896726608276 -0.00112915039063 60004
851537664442422 201 0.7265625 -6.71420860290527 -0.00447845458984 70004
851577594242892 201 0.126953125 -7.85593795776367 -0.00000953674316 80004
851617524019342 201 1.18475341796875 -5.40727424621582 -0.00673961639404 90004
851258156028402 202 1.0368572473526 -5.10555410385132 -0.00705283833668 4
851298085800452 202 0.25599670410156 -7.39628601074219 -0.0011385679245 10004
851338015561312 202 0.35911560058594 -7.22574996948242 -0.00227236747742 20004
851377945350982 202 0.73910522460938 -7.31658744812012 -0.00450003147125 30004
851417875120791 202 0.46429443359375 7.93844795227051 -0.00249218940735 40004
851457804890481 202 -0.048095703125 6.4368577003479 -0.00017046928406 50004
851497734665063 202 0.241943359375 7.89484739303589 -0.0011305809021 60004
851537664442422 202 0.914794921875 -6.6495418548584 -0.00559854507446 70004
851577594242892 202 0.126953125 -7.85593795776367 -0.00000953674316 80004
851617524019342 202 1.18377685546875 -5.40727424621582 -0.00673007965088 90004
851258156028402 203 1.02464532852173 -5.10117483139038 -0.00705282995477 4
851298085800452 203 0.25611877441406 -7.39628601074219 -0.00113964080811 10004
851338015561312 203 0.35447692871094 -7.21845245361328 -0.00227415561676 20004
851377945350982 203 0.73959350585938 -7.31658744812012 -0.0045018196106 30004
851417875120791 203 0.46429443359375 7.93844795227051 -0.00249218940735 40004
851457804890481 203 -0.0537109375 6.13409280776978 -0.00016665458679 50004
851497734665063 203 0.257568359375 7.89210081100464 -0.00113439559937 60004
851537664442422 203 0.994873046875 -6.63581657409668 -0.00559759140015 70004
851577594242892 203 0.126953125 -7.85593795776367 -0.00000953674316 80004
851617524019342 203 1.18280029296875 -5.40727424621582 -0.00672054290771 90004
851258156028402 204 1.02464532852173 -5.10117483139038 -0.00705282250419 4
851298085800452 204 0.25624084472656 -7.39628601074219 -0.00114065408707 10004
851338015561312 204 0.34739685058594 -7.20750617980957 -0.0022759437561 20004
851377945350982 204 0.74008178710938 -7.31658744812012 -0.00450372695923 30004
851417875120791 204 0.46429443359375 7.93844795227051 -0.00249218940735 40004
851457804890481 204 0.0443115234375 5.78865480422974 -0.00016379356384 50004
851497734665063 204 0.267822265625 7.87437772750854 -0.00113821029663 60004
851537664442422 204 0.994873046875 -6.63581657409668 -0.00559759140015 70004
851577594242892 204 0.126953125 -7.85593795776367 -0.00000953674316 80004
851617524019342 204 1.18182373046875 -5.40727424621582 -0.00671005249023 90004
851258156028402 205 1.02464532852173 -5.10117483139038 -0.00705281505361 4
851298085800452 205 0.25636291503906 -7.39628601074219 -0.00114172697067 10004
851338015561312 205 0.34764099121094 -7.20750617980957 -0.00227773189545 20004
851377945350982 205 0.74057006835938 -7.31658744812012 -0.00450551509857 30004
851417875120791 205 0.46429443359375 7.93844795227051 -0.00249218940735 40004
851457804890481 205 0.2606201171875 5.47262239456177 -0.00128436088562 50004
851497734665063 205 0.308837890625 7.80348539352417 -0.00114107131958 60004
851537664442422 205 0.994873046875 -6.63581657409668 -0.00559759140015 70004
851577594242892 205 0.126953125 -7.85593795776367 -0.00000953674316 80004
851617524019342 205 1.18084716796875 -5.40727424621582 -0.00669956207275 90004
851258156028402 206 1.00235605239868 -4.9048171043396 -0.00705280620605 4
851298085800452 206 0.25648498535156 -7.39628601074219 -0.00114279985428 10004
851338015561312 206 0.36677551269531 -7.02652168273926 -0.00228011608124 20004
851377945350982 206 0.74105834960938 -7.31658744812012 -0.0045074224472 30004
851417875120791 206 0.46429443359375 7.93844795227051 -0.00249218940735 40004
851457804890481 206 0.3231201171875 5.0948224067688 -0.00128245353699 50004
851497734665063 206 0.317626953125 7.70026731491089 -0.00114226341248 60004
851537664442422 206 0.994873046875 -6.63581657409668 -0.00559759140015 70004
851577594242892 206 0.126953125 -7.85593795776367 -0.00000953674316 80004
851617524019342 206 1.14862060546875 -5.37078285217285 -0.00668859481812 90004
851258156028402 207 1.09097540378571 -4.5746054649353 -0.00705279223621 4
851298085800452 207 0.27555847167969 -7.2413215637207 -0.00114470720291 10004
851338015561312 207 0.48359680175781 -6.73228073120117 -0.00228333473206 20004
851377945350982 207 0.74154663085938 -7.31658744812012 -0.00450921058655 30004
851417875120791 207 0.46429443359375 7.93844795227051 -0.00249218940735 40004
851457804890481 207 0.5009765625 4.76334810256958 -0.00240254402161 50004
851497734665063 207 0.301513671875 7.45877027511597 -0.00114417076111 60004
851537664442422 207 0.994873046875 -6.63581657409668 -0.00559759140015 70004
851577594242892 207 0.070556640625 -7.69348335266113 -0.00000953674316 80004
851617524019342 207 1.09222412109375 -5.19383811950684 -0.00667858123779 90004
851258156028402 208 1.15882527828217 -4.21649837493896 -0.00705278106034 4
851298085800452 208 0.35275268554688 -6.94012451171875 -0.00226902961731 10004
851338015561312 208 0.55953979492188 -6.47531509399414 -0.00340926647186 20004
851377945350982 208 0.74203491210938 -7.31658744812012 -0.00451111793518 30004
851417875120791 208 0.46429443359375 7.93844795227051 -0.00249218940735 40004
851457804890481 208 0.6962890625 4.51854372024536 -0.00352311134338 50004
851497734665063 208 0.197021484375 7.15455961227417 -0.00114512443542 60004
851537664442422 208 0.994873046875 -6.63581657409668 -0.00559759140015 70004
851577594242892 208 0.041259765625 -7.50200080871582 -0.00001096725464 80004
851617524019342 208 1.08831787109375 -4.89986228942871 -0.00666332244873 90004
851258156028402 209 1.2108108997345 -3.87216281890869 -0.00705277081579 4
851298085800452 209 0.49673461914063 -6.55047988891602 -0.00227105617523 10004
851338015561312 209 0.56674194335938 -6.24803924560547 -0.00341105461121 20004
851377945350982 209 0.74252319335938 -7.31658744812012 -0.00451290607452 30004
851417875120791 209 0.46429443359375 7.93844795227051 -0.00249218940735 40004
851457804890481 209 0.86068725585938 4.29847383499146 -0.00464940071106 50004
851497734665063 209 -0.01708984375 6.86072301864624 0.00093054771423 60004
851537664442422 209 0.994873046875 -6.63581657409668 -0.00559759140015 70004
851577594242892 209 0.1044921875 -7.29207420349121 -0.00001096725464 80004
851617524019342 209 1.12982177734375 -4.53452301025391 -0.00664567947388 90004
851258156028402 210 1.24410855770111 -3.51903486251831 -0.00705274101347 4
851298085800452 210 0.68537902832031 -6.17927265167236 -0.00339579582214 10004
851338015561312 210 0.58750915527344 -5.88475036621094 -0.00341165065765 20004
851377945350982 210 0.74301147460938 -7.31658744812012 -0.00451481342316 30004
851417875120791 210 0.46429443359375 7.93844795227051 -0.00249218940735 40004
851457804890481 210 0.9918212890625 3.9389226436615 -0.00576901435852 50004
851497734665063 210 -0.3193359375 6.6478705406189 0.00092649459839 60004
851537664442422 210 0.994873046875 -6.63581657409668 -0.00559759140015 70004
851577594242892 210 0.3076171875 -6.95144462585449 -0.00113582611084 80004
851617524019342 210 1.12591552734375 -4.16573333740234 -0.00663566589355 90004
851258156028402 211 1.24905002117157 -3.11399722099304 -0.00710348272696 4
851298085800452 211 0.82761383056641 -6.02742099761963 -0.00451916456223 10004
851338015561312 211 0.76005554199219 -5.56444549560547 -0.00453758239746 20004
851377945350982 211 0.73031616210938 -7.20491600036621 -0.00451672077179 30004
851417875120791 211 0.46429443359375 7.93844795227051 -0.00249218940735 40004
851457804890481 211 1.24966430664063 3.65664267539978 -0.00800681114197 50004
851497734665063 211 -0.4833984375 6.5630087852478 0.00299882888794 60004
851537664442422 211 0.994873046875 -6.63581657409668 -0.00559759140015 70004
851577594242892 211 0.3642578125 -6.79422569274902 -0.00226163864136 80004
851617524019342 211 1.21966552734375 -3.80949401855469 -0.00773906707764 90004
851258156028402 212 1.42475867271423 -2.77949714660645 -0.00822651945055 4
851298085800452 212 0.86318206787109 -5.98946475982666 -0.00451928377151 10004
851338015561312 212 1.01127624511719 -5.32953071594238 -0.00566291809082 20004
851377945350982 212 0.69967651367188 -6.950439453125 -0.00451862812042 30004
851417875120791 212 0.46429443359375 7.93844795227051 -0.00249218940735 40004
851457804890481 212 1.37747192382813 3.38330340385437 -0.00799632072449 50004
851497734665063 212 -0.5244140625 6.54179334640503 0.00299882888794 60004
851537664442422 212 0.994873046875 -6.63581657409668 -0.00559759140015 70004
851577594242892 212 0.37841796875 -6.75492095947266 -0.00226259231567 80004
851617524019342 212 1.2464599609375 -3.44880294799805 -0.00708198547363 90004
851258156028402 213 1.69972705841064 -2.50132536888123 -0.010472596623 4
851298085800452 213 0.86318206787109 -5.98946475982666 -0.00451928377151 10004
851338015561312 213 1.23054504394531 -5.20974922180176 -0.00791239738464 20004
851377945350982 213 0.647705078125 -6.61050033569336 -0.00452041625977 30004
851417875120791 213 0.46429443359375 7.93844795227051 -0.00249218940735 40004
851457804890481 213 1.49563598632813 3.07258296012878 -0.00910925865173 50004
851497734665063 213 -0.5244140625 6.54179334640503 0.00299882888794 60004
851537664442422 213 0.994873046875 -6.63581657409668 -0.00559759140015 70004
851577594242892 213 0.37841796875 -6.75492095947266 -0.00226259231567 80004
851617524019342 213 1.265869140625 -3.10695838928223 -0.0070652961731 90004
851258156028402 214 1.98284208774567 -2.23560285568237 -0.01271866541356 4
851298085800452 214 0.86318206787109 -5.98946475982666 -0.00451928377151 10004
851338015561312 214 1.24057006835938 -5.20767974853516 -0.00791454315186 20004
851377945350982 214 0.621826171875 -6.23442077636719 -0.00452196598053 30004
851417875120791 214 0.46417236328125 7.89438056945801 -0.00249218940735 40004
851457804890481 214 1.68145751953125 2.74587512016296 -0.01022529602051 50004
851497734665063 214 -0.5244140625 6.54179334640503 0.00299882888794 60004
851537664442422 214 0.994873046875 -6.63581657409668 -0.00559759140015 70004
851577594242892 214 0.37841796875 -6.75492095947266 -0.00226259231567 80004
851617524019342 214 1.312744140625 -2.77527904510498 -0.00816631317139 90004
851258156028402 215 2.16835618019104 -1.88655173778534 -0.01384171750396 4
851298085800452 215 0.86318206787109 -5.98946475982666 -0.00451928377151 10004
851338015561312 215 1.24057006835938 -5.20767974853516 -0.00791645050049 20004
851377945350982 215 0.720947265625 -5.86350250244141 -0.00452470779419 30004
851417875120791 215 0.46368408203125 7.71811103820801 -0.00249290466309 40004
851457804890481 215 1.96856689453125 2.49228930473328 -0.01246738433838 50004
851497734665063 215 -0.5244140625 6.54179334640503 0.00299882888794 60004
851537664442422 215 0.994873046875 -6.63581657409668 -0.00559759140015 70004
851577594242892 215 0.37841796875 -6.75492095947266 -0.00226259231567 80004
851617524019342 215 1.380126953125 -2.41310405731201 -0.00814580917358 90004
851258156028402 216 2.45640444755554 -1.61583065986633 -0.01496473886073 4
851298085800452 216 0.86318206787109 -5.98946475982666 -0.00451928377151 10004
851338015561312 216 1.24057006835938 -5.20767974853516 -0.00791835784912 20004
851377945350982 216 0.96768188476563 -5.56897735595703 -0.00565147399902 30004
851417875120791 216 0.46368408203125 7.71811103820801 -0.00249290466309 40004
851457804890481 216 2.15802001953125 2.15963244438171 -0.01358604431152 50004
851497734665063 216 -0.5244140625 6.54179334640503 0.00299882888794 60004
851537664442422 216 0.971435546875 -6.5261058807373 -0.00559568405151 70004
851577594242892 216 0.37841796875 -6.75492095947266 -0.00226259231567 80004
851617524019342 216 1.53570556640625 -2.07898235321045 -0.00925588607788 90004
851258156028402 217 2.63839793205261 -1.27284681797028 -0.01608778722584 4
851298085800452 217 0.86318206787109 -5.98946475982666 -0.00451928377151 10004
851338015561312 217 1.24057006835938 -5.20767974853516 -0.00792026519775 20004
851377945350982 217 1.15975952148438 -5.43424034118652 -0.00677824020386 30004
851417875120791 217 0.46368408203125 7.71811103820801 -0.00249290466309 40004
851457804890481 217 2.3985595703125 1.86428904533386 -0.01470613479614 50004
851497734665063 217 -0.5361328125 6.5755877494812 0.0029981136322 60004
851537664442422 217 0.88720703125 -6.30820846557617 -0.0055947303772 70004
851577594242892 217 0.37841796875 -6.75492095947266 -0.00226259231567 80004
851617524019342 217 1.76849365234375 -1.79904699325562 -0.01036930084229 90004
851258156028402 218 2.70616412162781 -0.9906507730484 -0.01721084676683 4
851298085800452 218 0.86318206787109 -5.98946475982666 -0.00451928377151 10004
851338015561312 218 1.24057006835938 -5.20767974853516 -0.00792217254639 20004
851377945350982 218 1.24667358398438 -5.39350318908691 -0.00790286064148 30004
851417875120791 218 0.41729736328125 7.60856437683105 -0.00249314308167 40004
851457804890481 218 2.58383178710938 1.54010653495789 -0.01582527160645 50004
851497734665063 218 -0.5439453125 6.59811735153198 0.00299763679504 60004
851537664442422 218 0.8408203125 -6.04833984375 -0.00559282302856 70004
851577594242892 218 0.37841796875 -6.75492095947266 -0.00226259231567 80004
851617524019342 218 2.0693359375 -1.60431623458862 -0.01260662078857 90004
851258156028402 219 2.65817523002625 -0.76878052949905 -0.01721085235476 4
851298085800452 219 0.86318206787109 -5.98946475982666 -0.00451928377151 10004
851338015561312 219 1.24057006835938 -5.20767974853516 -0.00792407989502 20004
851377945350982 219 1.24667358398438 -5.39350318908691 -0.00790286064148 30004
851417875120791 219 0.26434326171875 7.36032104492188 -0.00249409675598 40004
851457804890481 219 2.66024780273438 1.20300793647766 -0.01694440841675 50004
851497734665063 219 -0.5439453125 6.59811735153198 0.00299763679504 60004
851537664442422 219 0.818603515625 -5.77390098571777 -0.00559186935425 70004
851577594242892 219 0.37841796875 -6.75492095947266 -0.00226259231567 80004
851617524019342 219 2.3916015625 -1.44315719604492 -0.01484441757202 90004
851258156028402 220 2.49957036972046 -0.47327598929405 -0.01721085421741 4
851298085800452 220 0.86318206787109 -5.98946475982666 -0.00451928377151 10004
851338015561312 220 1.24057006835938 -5.20767974853516 -0.00792598724365 20004
851377945350982 220 1.24667358398438 -5.39350318908691 -0.00790286064148 30004
851417875120791 220 -0.06915283203125 7.02462768554688 -0.00049090385437 40004
851457804890481 220 2.62606811523438 0.95099210739136 -0.01694226264954 50004
851497734665063 220 -0.5439453125 6.59811735153198 0.00299763679504 60004
851537664442422 220 0.694580078125 -5.47347831726074 -0.00358057022095 70004
851577594242892 220 0.37841796875 -6.75492095947266 -0.00226259231567 80004
851617524019342 220 2.6494140625 -1.1812858581543 -0.01595878601074 90004
851258156028402 221 2.2998685836792 -0.13220912218094 -0.0151553787291 4
851298085800452 221 0.85669708251953 -5.99289035797119 -0.00451993942261 10004
851338015561312 221 1.10475158691406 -5.32855224609375 -0.00792706012726 20004
851377945350982 221 1.24667358398438 -5.39350318908691 -0.00790286064148 30004
851417875120791 221 -0.4791259765625 6.86502075195313 0.00369763374329 40004
851457804890481 221 2.4190673828125 0.62850904464722 -0.01488661766052 50004
851497734665063 221 -0.5439453125 6.59811735153198 0.00299763679504 60004
851537664442422 221 0.709228515625 -5.14890098571777 -0.00357961654663 70004
851577594242892 221 0.37841796875 -6.75492095947266 -0.00226259231567 80004
851617524019342 221 2.87738037109375 -0.89278638362885 -0.0181999206543 90004
851258156028402 222 2.05632257461548 0.17746669054031 -0.01313196588308 4
851298085800452 222 0.85495758056641 -5.99374675750732 -0.00452035665512 10004
851338015561312 222 0.89779663085938 -5.41057395935059 -0.00586116313934 20004
851377945350982 222 1.24667358398438 -5.39350318908691 -0.00790286064148 30004
851417875120791 222 -0.8038330078125 6.83957290649414 0.00576162338257 40004
851457804890481 222 2.32894897460938 0.26324111223221 -0.01488518714905 50004
851497734665063 222 -0.5439453125 6.59811735153198 0.00299763679504 60004
851537664442422 222 0.619873046875 -4.84243965148926 -0.003577709198 70004
851577594242892 222 0.37841796875 -6.75492095947266 -0.00226259231567 80004
851617524019342 222 3.10028076171875 -0.59917271137238 -0.01932716369629 90004
851258156028402 223 1.87347197532654 0.51722204685211 -0.01313195936382 4
851298085800452 223 0.85483551025391 -5.99374675750732 -0.0045205950737 10004
851338015561312 223 0.60189819335938 -5.42267417907715 -0.00322544574738 20004
851377945350982 223 1.24667358398438 -5.39350318908691 -0.00790286064148 30004
851417875120791 223 -0.9779052734375 6.8634147644043 0.00576019287109 40004
851457804890481 223 2.20028686523438 -0.08776516467333 -0.01488614082336 50004
851497734665063 223 -0.5439453125 6.59811735153198 0.00299763679504 60004
851537664442422 223 0.527099609375 -4.53273963928223 -0.00357675552368 70004
851577594242892 223 0.37841796875 -6.75492095947266 -0.00226259231567 80004
851617524019342 223 3.29168701171875 -0.40794146060944 -0.02045488357544 90004
851258156028402 224 1.72827816009521 0.87729090452194 -0.0111229121685 4
851298085800452 224 0.85471343994141 -5.99374675750732 -0.00452083349228 10004
851338015561312 224 0.29257202148438 -5.36484909057617 -0.00191712379456 20004
851377945350982 224 1.24667358398438 -5.39350318908691 -0.00790286064148 30004
851417875120791 224 -1.0167236328125 6.88472366333008 0.00575947761536 40004
851457804890481 224 2.00033569335938 -0.37110871076584 -0.01281142234802 50004
851497734665063 224 -0.53662109375 6.59175443649292 0.00299668312073 60004
851537664442422 224 0.433349609375 -4.2277660369873 -0.00357484817505 70004
851577594242892 224 0.37841796875 -6.75492095947266 -0.00226259231567 80004
851617524019342 224 3.41326904296875 -0.34258353710175 -0.02157974243164 90004
851258156028402 225 1.47012209892273 1.17650270462036 -0.00904505234212 4
851298085800452 225 0.85459136962891 -5.99374675750732 -0.00452107191086 10004
851338015561312 225 0.13851928710938 -5.26820039749146 -0.00069415569305 20004
851377945350982 225 1.24667358398438 -5.39350318908691 -0.00790286064148 30004
851417875120791 225 -1.0167236328125 6.88472366333008 0.00575947761536 40004
851457804890481 225 1.82015991210938 -0.53703433275223 -0.01280903816223 50004
851497734665063 225 -0.50732421875 6.56630277633667 0.00299477577209 60004
851537664442422 225 0.242919921875 -3.96480369567871 -0.001540184021 70004
851577594242892 225 0.37841796875 -6.75492095947266 -0.00226259231567 80004
851617524019342 225 3.41326904296875 -0.34258353710175 -0.02157974243164 90004
851258156028402 226 1.36258041858673 1.55683422088623 -0.00904505513608 4
851298085800452 226 0.85446929931641 -5.99374675750732 -0.00452125072479 10004
851338015561312 226 0.00131225585938 -5.05631256103516 -0.00069439411163 20004
851377945350982 226 1.24667358398438 -5.39350318908691 -0.00790286064148 30004
851417875120791 226 -1.0167236328125 6.88472366333008 0.00575947761536 40004
851457804890481 226 1.56967163085938 -0.82675963640213 -0.01077771186829 50004
851497734665063 226 -0.50732421875 6.56630277633667 0.00299477577209 60004
851537664442422 226 0.081787109375 -3.68241310119629 -0.001540184021 70004
851577594242892 226 0.37841796875 -6.75492095947266 -0.00226259231567 80004
851617524019342 226 3.41326904296875 -0.34258353710175 -0.02157974243164 90004
851258156028402 227 1.14207768440247 1.87632739543915 -0.00703599862754 4
851298085800452 227 0.87268829345703 -5.83870792388916 -0.0045217871666 10004
851338015561312 227 -0.04031372070313 -4.95098495483398 -0.00069439411163 20004
851377945350982 227 1.24667358398438 -5.39350318908691 -0.00790286064148 30004
851417875120791 227 -1.0167236328125 6.88472366333008 0.00575947761536 40004
851457804890481 227 1.42831420898438 -1.17548561096191 -0.00875926017761 50004
851497734665063 227 -0.510986328125 6.42757749557495 0.00299382209778 60004
851537664442422 227 -0.154052734375 -3.46677875518799 0.0004825592041 70004
851577594242892 227 0.37841796875 -6.75492095947266 -0.00226259231567 80004
851617524019342 227 3.41326904296875 -0.34258353710175 -0.02157974243164 90004
851258156028402 228 0.96059852838516 2.2112250328064 -0.00703599210829 4
851298085800452 228 0.81961822509766 -5.53770065307617 -0.00564557313919 10004
851338015561312 228 -0.00831604003906 -4.79539823532104 0.00037348270416 20004
851377945350982 228 1.24667358398438 -5.39350318908691 -0.00790286064148 30004
851417875120791 228 -1.0167236328125 6.88472366333008 0.00575947761536 40004
851457804890481 228 1.37167358398438 -1.55110168457031 -0.00875473022461 50004
851497734665063 228 -0.535400390625 6.19455289840698 0.00299263000488 60004
851537664442422 228 -0.4154052734375 -3.28430080413818 0.00256967544556 70004
851577594242892 228 0.37841796875 -6.75492095947266 -0.00226259231567 80004
851617524019342 228 3.41326904296875 -0.34258353710175 -0.02157974243164 90004
851258156028402 229 0.83774036169052 2.54049229621887 -0.00503279780969 4
851298085800452 229 0.65850067138672 -5.15853834152222 -0.00360327959061 10004
851338015561312 229 0.10478210449219 -4.5442214012146 0.00037205219269 20004
851377945350982 229 1.24667358398438 -5.39350318908691 -0.00790286064148 30004
851417875120791 229 -1.0167236328125 6.88472366333008 0.00575947761536 40004
851457804890481 229 1.34420776367188 -1.88118839263916 -0.00875043869019 50004
851497734665063 229 -0.619873046875 5.90686559677124 0.00299167633057 60004
851537664442422 229 -0.6546630859375 -3.0864839553833 0.00467395782471 70004
851577594242892 229 0.3701171875 -6.69818878173828 -0.00226259231567 80004
851617524019342 229 3.41326904296875 -0.34258353710175 -0.02157974243164 90004
851258156028402 230 0.66065901517868 2.74572491645813 -0.00503279222175 4
851298085800452 230 0.40586853027344 -4.82774591445923 -0.00360387563705 10004
851338015561312 230 0.33645629882813 -4.26353597640991 -0.00187528133392 20004
851377945350982 230 1.24667358398438 -5.39350318908691 -0.00790286064148 30004
851417875120791 230 -1.0167236328125 6.88472366333008 0.00575947761536 40004
851457804890481 230 1.25924682617188 -2.05301761627197 -0.00874495506287 50004
851497734665063 230 -0.825927734375 5.59936285018921 0.0050163269043 60004
851537664442422 230 -0.8265380859375 -2.80993747711182 0.00468158721924 70004
851577594242892 230 0.3369140625 -6.47126007080078 -0.00226497650146 80004
851617524019342 230 3.41326904296875 -0.34258353710175 -0.02157974243164 90004
851258156028402 231 0.55313044786453 3.12605452537537 -0.00300906645134 4
851298085800452 231 0.1417236328125 -4.50605630874634 -0.00156551599503 10004
851338015561312 231 0.54934692382813 -3.96838521957397 -0.00300061702728 20004
851377945350982 231 1.13778686523438 -5.23546028137207 -0.00790286064148 30004
851417875120791 231 -1.0167236328125 6.88472366333008 0.00575947761536 40004
851457804890481 231 1.25094604492188 -2.43585681915283 -0.0087411403656 50004
851497734665063 231 -0.984130859375 5.50351476669312 0.00702524185181 60004
851537664442422 231 -1.0989990234375 -2.63138294219971 0.00671005249023 70004
851577594242892 231 0.46875 -6.03180694580078 -0.0022668838501 80004
851617524019342 231 3.41326904296875 -0.34258353710175 -0.02157974243164 90004
851258156028402 232 0.55168980360031 3.51650023460388 -0.00300906319171 4
851298085800452 232 -0.00197601318359 -4.12321329116821 0.00045502185822 10004
851338015561312 232 0.69187927246094 -3.63676500320435 -0.00412428379059 20004
851377945350982 232 1.06588745117188 -4.93111038208008 -0.0079026222229 30004
851417875120791 232 -1.0167236328125 6.88472366333008 0.00575947761536 40004
851457804890481 232 1.12179565429688 -2.78931045532227 -0.00668907165527 50004
851497734665063 232 -1.023681640625 5.47955274581909 0.00702524185181 60004
851537664442422 232 -1.31781005859375 -2.39473819732666 0.00878286361694 70004
851577594242892 232 0.620361328125 -5.59905433654785 -0.00339269638062 80004
851617524019342 232 3.36199951171875 -0.37941956520081 -0.02158117294312 90004
851258156028402 233 0.51289170980453 3.86597990989685 -0.00300906039774 4
851298085800452 233 -0.18589019775391 -3.76076745986938 0.00045454502106 10004
851338015561312 233 0.75535583496094 -3.28296899795532 -0.00412499904633 20004
851377945350982 233 0.99044799804688 -4.56817626953125 -0.00589990615845 30004
851417875120791 233 -1.0167236328125 6.88472366333008 0.00575947761536 40004
851457804890481 233 1.03292846679688 -3.15255928039551 -0.00668525695801 50004
851497734665063 233 -1.023681640625 5.47955274581909 0.00702524185181 60004
851537664442422 233 -1.50823974609375 -2.13099956512451 0.0087833404541 70004
851577594242892 233 0.691650390625 -5.15457725524902 -0.00339555740356 80004
851617524019342 233 3.26531982421875 -0.41576552391052 -0.02158451080322 90004
851258156028402 234 0.43323361873627 4.19356822967529 -0.00300905830227 4
851298085800452 234 -0.40985870361328 -3.41869449615479 0.0024585723877 10004
851338015561312 234 0.80155944824219 -2.9285454750061 -0.00412547588348 20004
851377945350982 234 0.94064331054688 -4.19450759887695 -0.00590193271637 30004
851417875120791 234 -1.009033203125 6.86892318725586 0.00575947761536 40004
851457804890481 234 0.98434448242188 -3.52560329437256 -0.00667810440063 50004
851497734665063 234 -1.023681640625 5.47955274581909 0.00702524185181 60004
851537664442422 234 -1.67388916015625 -1.85249042510986 0.01080083847046 70004
851577594242892 234 0.648681640625 -4.70044326782227 -0.0033974647522 80004
851617524019342 234 3.09613037109375 -0.41416788101196 -0.01958560943604 90004
851258156028402 235 0.44915691018105 4.58851909637451 -0.00300905620679 4
851298085800452 235 -0.5133056640625 -3.01548290252686 0.00245809555054 10004
851338015561312 235 0.962646484375 -2.60229730606079 -0.00525188446045 20004
851377945350982 235 1.01535034179688 -3.81808090209961 -0.00590527057648 30004
851417875120791 235 -0.978271484375 6.80572128295898 0.00575757026672 40004
851457804890481 235 0.815185546875 -3.86926174163818 -0.00464701652527 50004
851497734665063 235 -1.023681640625 5.47955274581909 0.00702524185181 60004
851537664442422 235 -1.79986572265625 -1.55286121368408 0.01080083847046 70004
851577594242892 235 0.523681640625 -4.25921249389648 -0.00339937210083 80004
851617524019342 235 2.79412841796875 -0.33704566955566 -0.01753997802734 90004
851258156028402 236 0.29670026898384 4.95313549041748 -0.00300905434415 4
851298085800452 236 -0.77742004394531 -2.69379472732544 0.00446045398712 10004
851338015561312 236 1.080322265625 -2.25797891616821 -0.00637602806091 20004
851377945350982 236 1.13302612304688 -3.45282363891602 -0.00703048706055 30004
851417875120791 236 -0.973388671875 6.52883529663086 0.00575613975525 40004
851457804890481 236 0.807861328125 -4.25210332870483 -0.0046489238739 50004
851497734665063 236 -1.023681640625 5.47955274581909 0.00702524185181 60004
851537664442422 236 -2.02288818359375 -1.31588459014893 0.01280546188354 70004
851577594242892 236 0.223876953125 -3.91232562065125 -0.00134468078613 80004
851617524019342 236 2.50506591796875 -0.10702814161777 -0.01542472839355 90004
851258156028402 237 0.24164018034935 5.34026384353638 -0.00096826086519 4
851298085800452 237 -0.92105102539063 -2.31096053123474 0.00649899244308 10004
851338015561312 237 1.29901123046875 -1.97519254684448 -0.00750088691711 20004
851377945350982 237 1.25796508789063 -3.14009070396423 -0.00703144073486 30004
851417875120791 237 -0.8157958984375 6.13884735107422 0.00575017929077 40004
851457804890481 237 0.815185546875 -4.63487768173218 -0.00465059280396 50004
851497734665063 237 -1.023681640625 5.47955274581909 0.00702524185181 60004
851537664442422 237 -2.12542724609375 -1.11323881149292 0.01280546188354 70004
851577594242892 237 -0.017333984375 -3.52429747581482 0.00069665908813 80004
851617524019342 237 2.32220458984375 0.17126052081585 -0.01542186737061 90004
851258156028402 238 0.13671542704105 5.71160364151001 -0.00096825917717 4
851298085800452 238 -1.04946899414063 -1.91585040092468 0.0064982175827 10004
851338015561312 238 1.51075744628906 -1.71278047561646 -0.00862443447113 20004
851377945350982 238 1.33267211914063 -2.80486273765564 -0.00815463066101 30004
851417875120791 238 -0.6072998046875 5.71097183227539 0.00461935997009 40004
851457804890481 238 0.745849609375 -5.00212621688843 -0.00465226173401 50004
851497734665063 238 -1.023681640625 5.47955274581909 0.00702524185181 60004
851537664442422 238 -2.15277099609375 -0.98583364486694 0.01480674743652 70004
851577594242892 238 -0.179443359375 -3.09986472129822 0.00069522857666 80004
851617524019342 238 2.24407958984375 0.47035107016563 -0.01541757583618 90004
851258156028403 239 0.01563248410821 7.56599378585815 0.00000000000728 4
851298085800452 239 -1.22572326660156 -1.54146301746368 0.00854104757309 10004
851338015561312 239 1.7171630859375 -1.46798133850098 -0.01087379455566 20004
851377945350982 239 1.4698486328125 -2.44854617118835 -0.00927603244781 30004
851417875120791 239 -0.37130737304688 5.30198669433594 0.00348734855652 40004
851457804890481 239 0.63531494140625 -5.36162328720093 -0.00465369224548 50004
851497734665063 239 -1.023681640625 5.47955274581909 0.00702524185181 60004
851537664442422 239 -2.11712646484375 -0.8900146484375 0.01368379592896 70004
851577594242892 239 -0.32708740234375 -2.67403769493103 0.00270652770996 80004
851617524019342 239 2.19622802734375 0.78077799081802 -0.01340055465698 90004
851258156028403 240 0.07815780490637 7.70007991790771 0.00000000040745 4
851298085800452 240 -1.47064208984375 -1.20488333702087 0.00854128599167 10004
851338015561312 240 2.02670288085938 -1.27643013000488 -0.0119993686676 20004
851377945350982 240 1.6666259765625 -2.11905169487 -0.01039886474609 30004
851417875120791 240 -0.05194091796875 4.95023345947266 0.00123882293701 40004
851457804890481 240 0.64703369140625 -5.74437475204468 -0.00465536117554 50004
851497734665063 240 -1.023681640625 5.47955274581909 0.00702524185181 60004
851537664442422 240 -1.99798583984375 -0.69756317138672 0.01368379592896 70004
851577594242892 240 -0.61029052734375 -2.3121030330658 0.00475835800171 80004
851617524019342 240 2.03118896484375 1.11107802391052 -0.01339673995972 90004
851258156028403 241 0.07815780490637 7.70007991790771 0.00000000133878 4
851298085800452 241 -1.83479309082031 -1.00332903862 0.01246631145477 10004
851338015561312 241 2.22576904296875 -0.97206115722656 -0.01424551010132 20004
851377945350982 241 1.9840087890625 -1.90358328819275 -0.01264500617981 30004
851417875120791 241 0.08944702148438 4.49605560302734 0.00011420249939 40004
851457804890481 241 0.53570556640625 -6.11070013046265 -0.00264167785645 50004
851497734665063 241 -1.023681640625 5.47955274581909 0.00702524185181 60004
851537664442422 241 -1.96185302734375 -0.39904117584229 0.01368379592896 70004
851577594242892 241 -1.01873779296875 -2.10317969322205 0.00684309005737 80004
851617524019342 241 1.75384521484375 1.35477805137634 -0.01135587692261 90004
851258156028403 242 0.07815780490637 7.70007991790771 0.0000000022701 4
851298085800452 242 -2.13164520263672 -0.7181995511055 0.0145605802536 10004
851338015561312 242 2.325439453125 -0.62762141227722 -0.01424837112427 20004
851377945350982 242 2.25790405273438 -1.63731551170349 -0.01376926898956 30004
851417875120791 242 0.36508178710938 4.11869621276855 -0.00213265419006 40004
851457804890481 242 0.54669189453125 -6.47482824325562 -0.00263977050781 50004
851497734665063 242 -1.023681640625 5.47955274581909 0.00702524185181 60004
851537664442422 242 -1.82598876953125 -0.11737501621246 0.01256990432739 70004
851577594242892 242 -1.332275390625 -1.77949786186218 0.00883865356445 80004
851617524019342 242 1.57330322265625 1.66909384727478 -0.0093092918396 90004
851258156028403 243 0.07815780490637 7.70007991790771 0.00000000320142 4
851298085800452 243 -2.30521392822266 -0.43715506792068 0.0145611166954 10004
851338015561312 243 2.3131103515625 -0.27255335450172 -0.01425063610077 20004
851377945350982 243 2.44512939453125 -1.31265234947205 -0.01489496231079 30004
851417875120791 243 0.59603881835938 3.71573138237 -0.00325608253479 40004
851457804890482 243 0.0419921875 -7.90992736816406 0.00000143051147 50004
851497734665063 243 -1.023681640625 5.47955274581909 0.00702524185181 60004
851537664442422 243 -1.72296142578125 0.18195247650146 0.01145935058594 70004
851577594242892 243 -1.585693359375 -1.39842581748962 0.01088190078735 80004
851617524019342 243 1.50396728515625 2.02237010002136 -0.00930595397949 90004
851258156028403 244 0.07815780490637 7.70007991790771 0.00000000413274 4
851298085800452 244 -2.35376739501953 -0.21236443519592 0.01456129550934 10004
851338015561312 244 2.18695068359375 0.06191550195217 -0.01425158977509 20004
851377945350982 244 2.51925659179688 -0.94294714927673 -0.01602029800415 30004
851417875120791 244 0.7139892578125 3.25669932365417 -0.0043830871582 40004
851457804890482 244 0.1099853515625 -7.76902770996094 0.00000429153442 50004
851497734665063 244 -0.996337890625 5.44223737716675 0.00702428817749 60004
851537664442422 244 -1.65289306640625 0.49292004108429 0.01147222518921 70004
851577594242892 244 -1.84716796875 -1.03127408027649 0.01087999343872 80004
851617524019342 244 1.47930908203125 2.38563132286072 -0.00930213928223 90004
851258156028403 245 0.07815780490637 7.70007991790771 0.00000000506407 4
851298085800452 245 -2.33032989501953 -0.06038379669189 0.01456099748611 10004
851338015561312 245 1.95573425292969 0.34270623326302 -0.01221215724945 20004
851377945350982 245 2.46896362304688 -0.56250166893005 -0.01602125167847 30004
851417875120791 245 0.7603759765625 2.78310465812683 -0.00439071655273 40004
851457804890482 245 0.1300048828125 -7.74586486816406 0.00000667572021 50004
851497734665063 245 -0.886962890625 5.29297590255737 0.00589895248413 60004
851537664442422 245 -1.4825439453125 0.76896774768829 0.01035261154175 70004
851577594242892 245 -2.21923828125 -0.76329630613327 0.01508474349976 80004
851617524019342 245 1.35369873046875 2.73258185386658 -0.00929737091064 90004
851258156028403 246 0.07815780490637 7.70007991790771 0.00000000599539 4
851298085800452 246 -2.16140747070313 0.19262151420116 0.01456207036972 10004
851338015561312 246 1.86466979980469 0.69504523277283 -0.01221323013306 20004
851377945350982 246 2.26254272460938 -0.23902678489685 -0.01396119594574 30004
851417875120791 246 1.00204467773438 2.3730628490448 -0.00552129745483 40004
851457804890482 246 0.1300048828125 -7.74586486816406 0.00000667572021 50004
851497734665063 246 -0.834228515625 5.02783155441284 0.00589609146118 60004
851537664442422 246 -1.4434814453125 1.09157478809357 0.01035165786743 70004
851577594242892 246 -2.35693359375 -0.51751345396042 0.01508235931396 80004
851617524019342 246 1.09295654296875 2.99417471885681 -0.00724506378174 90004
851258156028403 247 0.07815780490637 7.70007991790771 0.00000000692671 4
851298085800452 247 -2.071533203125 0.56444829702377 0.01343899965286 10004
851338015561312 247 1.66845703125 0.9936990737915 -0.01017582416534 20004
851377945350982 247 2.17367553710938 0.12717570364475 -0.01396238803864 30004
851417875120791 247 1.35589599609375 2.06830954551697 -0.00777077674866 40004
851457804890482 247 0.1300048828125 -7.74586486816406 0.00000667572021 50004
851497734665063 247 -0.72509765625 4.71038198471069 0.00476598739624 60004
851537664442422 247 -1.34161376953125 1.39772379398346 0.00922870635986 70004
851577594242892 247 -2.394287109375 -0.41690963506699 0.01507997512817 80004
851617524019342 247 0.93328857421875 3.31978583335876 -0.00522041320801 90004
851258156028403 248 0.03586222603917 7.5838737487793 0.00000000747968 4
851298085800452 248 -1.92414855957031 0.94323188066483 0.01343834400177 10004
851338015561312 248 1.5072021484375 1.31027209758759 -0.01017689704895 20004
851377945350982 248 2.04547119140625 0.47913566231728 -0.01396358013153 30004
851417875120791 248 1.64315795898438 1.77817797660828 -0.01017022132874 40004
851457804890482 248 0.1300048828125 -7.74586486816406 0.00000667572021 50004
851497734665063 248 -0.67431640625 4.35839986801147 0.0047652721405 60004
851537664442422 248 -1.2041015625 1.69134390354156 0.00811100006104 70004
851577594242892 248 -2.346435546875 -0.25908178091049 0.01507520675659 80004
851617524019342 248 0.80975341796875 3.66766905784607 -0.00521802902222 90004
851258156028403 249 -0.10398410260677 7.31235027313232 0.00000000727596 4
851298085800452 249 -1.73484802246094 1.30567836761475 0.01119112968445 10004
851338015561312 249 1.38105773925781 1.64468157291412 -0.00813829898834 20004
851377945350982 249 1.87799072265625 0.81685292720795 -0.01189851760864 30004
851417875120791 249 1.87814331054688 1.47780919075012 -0.01129770278931 40004
851457804890482 249 0.1300048828125 -7.74586486816406 0.00000667572021 50004
851497734665063 249 -0.739013671875 4.00078535079956 0.00476336479187 60004
851537664442422 249 -1.086669921875 1.98738539218903 0.00700330734253 70004
851577594242892 249 -2.256103515625 0.05210971087217 0.01507043838501 80004
851617524019342 249 0.68353271484375 4.01453924179077 -0.00521469116211 90004
851258156028403 250 -0.40960845351219 6.92344236373901 0.00210418575443 4
851298085800452 250 -1.67137145996094 1.71714115142822 0.01119112968445 10004
851338015561312 250 1.14961242675781 1.92550301551819 -0.00813937187195 20004
851377945350982 250 1.82769775390625 1.19729793071747 -0.01189827919006 30004
851417875120791 250 2.27056884765625 1.20815205574036 -0.01369190216064 40004
851457804890482 250 0.1300048828125 -7.74586486816406 0.00000667572021 50004
851497734665063 250 -0.918701171875 3.67756605148315 0.00678682327271 60004
851537664442422 250 -1.0701904296875 2.31182146072388 0.00701236724854 70004
851577594242892 250 -2.193603515625 0.50654035806656 0.01506376266479 80004
851617524019342 250 0.54193115234375 4.35557317733765 -0.00317335128784 90004
851258156028403 251 -0.58928298950195 6.70069742202759 0.00415918976068 4
851298085800452 251 -1.78771209716797 2.11681032180786 0.01119101047516 10004
851338015561312 251 1.10420227050781 2.10161304473877 -0.00814044475555 20004
851377945350982 251 1.62115478515625 1.52077281475067 -0.00983083248138 30004
851417875120791 251 2.6793212890625 0.96426719427109 -0.01721334457397 40004
851457804890482 251 0.1300048828125 -7.74586486816406 0.00000667572021 50004
851497734665063 251 -1.218505859375 3.46077299118042 0.00678563117981 60004
851537664442422 251 -0.9188232421875 2.59839677810669 0.0070276260376 70004
851577594242892 251 -1.944580078125 0.89196783304214 0.01281213760376 80004
851617524019342 251 0.270263671875 4.60532140731812 -0.00112724304199 90004
851258156028403 252 -0.66034960746765 6.63219690322876 0.00415918603539 4
851298085800452 252 -1.79299163818359 2.37103319168091 0.0111910700798 10004
851338015561312 252 0.91928100585938 2.35629081726074 -0.00613188743591 20004
851377945350982 252 1.39266967773438 1.82379710674286 -0.00983059406281 30004
851417875120791 252 2.88113403320313 0.75566810369492 -0.01833820343018 40004
851457804890482 252 0.1300048828125 -7.74586486816406 0.00000667572021 50004
851497734665063 252 -1.4478759765625 3.17628812789917 0.00878882408142 60004
851537664442422 252 -0.8685302734375 2.9133677482605 0.00591468811035 70004
851577594242892 252 -1.83544921875 1.3291482925415 0.01280736923218 80004
851617524019342 252 0.1005859375 4.91418409347534 -0.00113153457642 90004
851258156028403 253 -0.67777091264725 6.62365961074829 0.00415918137878 4
851298085800452 253 -1.66139984130859 2.64697694778442 0.01119011640549 10004
851338015561312 253 0.75802612304688 2.67281913757324 -0.0041229724884 20004
851377945350982 253 1.22991943359375 2.15846633911133 -0.00774264335632 30004
851417875120791 253 2.95486450195313 0.6143826842308 -0.01834297180176 40004
851457804890482 253 0.1300048828125 -7.74586486816406 0.00000667572021 50004
851497734665063 253 -1.70904541015625 2.92726469039917 0.01084446907043 60004
851537664442422 253 -0.8406982421875 3.23665952682495 0.00592994689941 70004
851577594242892 253 -1.68798828125 1.73626136779785 0.01167964935303 80004
851617524019342 253 0.0224609375 5.26257658004761 -0.00113487243652 90004
851258156028403 254 -0.67776995897293 6.62365961074829 0.00415917625651 4
851298085800452 254 -1.47209930419922 3.00942254066467 0.01006674766541 10004
851338015561312 254 0.66372680664063 3.02433490753174 -0.00412321090698 20004
851377945350982 254 1.13165283203125 2.52915573120117 -0.00774252414703 30004
851417875120791 254 2.94290161132813 0.47198385000229 -0.01834630966187 40004
851457804890482 254 0.1300048828125 -7.74586486816406 0.00000667572021 50004
851497734665063 254 -1.99810791015625 2.70725393295288 0.01296806335449 60004
851537664442422 254 -0.7830810546875 3.52247762680054 0.00594520568848 70004
851577594242892 254 -1.49652099609375 2.11971473693848 0.01054096221924 80004
851617524019342 254 -0.015380859375 5.62818288803101 0.00087022781372 90004
851258156028403 255 -0.67776900529861 6.62365961074829 0.00415917113423 4
851298085800452 255 -1.40862274169922 3.42086815834045 0.01006615161896 10004
851338015561312 255 0.56047058105469 3.37334752082825 -0.00412344932556 20004
851377945350982 255 1.00811767578125 2.89252090454102 -0.005699634552 30004
851417875120791 255 2.85403442382813 0.15958867967129 -0.01835012435913 40004
851457804890482 255 0.1300048828125 -7.74586486816406 0.00000667572021 50004
851497734665063 255 -2.20416259765625 2.40020513534546 0.01497197151184 60004
851537664442422 255 -0.6727294921875 3.69930791854858 0.00483751296997 70004
851577594242892 255 -1.43206787109375 2.57414436340332 0.00940036773682 80004
851617524019343 255 0 7.53247022628784 0 90004
851258156028403 256 -0.6777680516243 6.62365961074829 0.00415916601196 4
851298085800452 256 -1.28191375732422 3.61040711402893 0.0089413523674 10004
851338015561312 256 0.61418151855469 3.73322987556458 -0.00412356853485 20004
851377945350982 256 0.81378173828125 3.22331619262695 -0.00570130348206 30004
851417875120791 256 2.54290771484375 -0.20035344362259 -0.01631212234497 40004
851457804890482 256 0.1300048828125 -7.74586486816406 0.00000667572021 50004
851497734665063 256 -2.38580322265625 2.07801198959351 0.01497340202332 60004
851537664442422 256 -0.6326904296875 4.02145576477051 0.00485277175903 70004
851577594242892 256 -1.181884765625 2.95957374572754 0.00826025009155 80004
851617524019343 256 0.16796875 7.89170789718628 -0.00000858306885 90004
851258156028403 257 -0.67776709794998 6.62365961074829 0.00415916135535 4
851298085800452 257 -1.20265960693359 3.96637082099915 0.00781625509262 10004
851338015561312 257 0.55018615722656 4.08493614196777 -0.00412404537201 20004
851377945350982 257 0.73187255859375 3.59190845489502 -0.0057030916214 30004
851417875120791 257 2.29684448242188 -0.60491919517517 -0.01430201530457 40004
851457804890482 257 0.1300048828125 -7.74586486816406 0.00000667572021 50004
851497734665063 257 -2.45245361328125 1.72077262401581 0.01497459411621 60004
851537664442422 257 -0.5296630859375 4.32649230957031 0.00374460220337 70004
851577594242892 257 -1.07269287109375 3.39675331115723 0.00711917877197 80004
851617524019343 257 0.332275390625 8.0842981338501 -0.001136302948 90004
851258156028403 258 -0.67776614427567 6.62365961074829 0.00415915623307 4
851298085800452 258 -0.99576568603516 4.27019309997559 0.00701433420181 10004
851338015561312 258 0.50318908691406 4.44132804870605 -0.00412571430206 20004
851377945350982 258 0.63165283203125 3.95767498016357 -0.0037008523941 30004
851417875120791 258 2.12429809570313 -1.04473674297333 -0.01430463790894 40004
851457804890482 258 0.1300048828125 -7.74586486816406 0.00000667572021 50004
851497734665063 258 -2.42120361328125 1.35699164867401 0.014976978302 60004
851537664442422 258 -0.4739990234375 4.63850402832031 0.00375604629517 70004
851577594242892 258 -0.91693115234375 3.81668281555176 0.00597715377808 80004
851617524019343 258 0.437255859375 8.15906620025635 -0.00226593017578 90004
851258156028403 259 -0.67776519060135 6.62365961074829 0.0041591511108 4
851298085800452 259 -0.77169799804688 4.60105895996094 0.00589048862457 10004
851338015561312 259 0.47358703613281 4.79753112792969 -0.0041276216507 20004
851377945350982 259 0.51605224609375 4.31636333465576 -0.00370252132416 30004
851417875120791 259 1.95791625976563 -1.48139894008636 -0.01230144500732 40004
851457804890482 259 0.1300048828125 -7.74586486816406 0.00000667572021 50004
851497734665063 259 -2.29449462890625 1.01638209819794 0.01498079299927 60004
851537664442422 259 -0.4830322265625 4.96324729919434 0.0037636756897 70004
851577594242892 259 -0.71502685546875 4.21936225891113 0.00483989715576 80004
851617524019343 259 0.4765625 8.16769123077393 -0.00227355957031 90004
851258156028403 260 -0.67776423692703 6.62365961074829 0.00415914598852 4
851298085800452 260 -0.70822143554688 5.01251220703125 0.00476706027985 10004
851338015561312 260 0.32809448242188 5.13101196289063 -0.0021094083786 20004
851377945350982 260 0.52239990234375 4.70009136199951 -0.00370419025421 30004
851417875120791 260 1.65420532226563 -1.84746110439301 -0.01020121574402 40004
851457804890482 260 0.1300048828125 -7.74586486816406 0.00000667572021 50004
851497734665063 260 -2.06011962890625 0.72986686229706 0.01386022567749 60004
851537664442422 260 -0.4810791015625 5.28814506530762 0.00377130508423 70004
851577594242892 260 -0.65447998046875 4.67379188537598 0.00483560562134 80004
851617524019343 260 0.49261474609375 8.16470050811768 -0.00227642059326 90004
851258156028403 261 -0.67776328325272 6.62365961074829 0.00415914086625 4
851298085800452 261 -0.75643920898438 5.42601013183594 0.00476658344269 10004
851338015561312 261 0.16383361816406 5.4555926322937 -0.00211095809937 20004
851377945350982 261 0.365966796875 5.05043315887451 -0.00166654586792 30004
851417875120791 261 1.53359985351563 -2.30765533447266 -0.01020479202271 40004
851457804890482 261 0.1300048828125 -7.74586486816406 0.00000667572021 50004
851497734665063 261 -1.96929931640625 0.37122696638107 0.01273965835571 60004
851537664442422 261 -0.6168212890625 5.58389091491699 0.00377893447876 70004
851577594242892 261 -0.776123046875 5.11625862121582 0.00483179092407 80004
851617524019343 261 0.49163818359375 8.16470050811768 -0.00227451324463 90004
851258156028403 262 -0.6777623295784 6.62365961074829 0.00415913620964 4
851298085800452 262 -0.670166015625 5.82575225830078 0.00476568937302 10004
851338015561312 262 -0.05062866210938 5.74749755859375 -0.00004661083221 20004
851377945350982 262 0.3311767578125 5.42581462860107 -0.00166535377502 30004
851417875120791 262 1.27545166015625 -2.69725036621094 -0.00812911987305 40004
851457804890482 262 0.1680908203125 -7.62551307678223 0.00000810623169 50004
851497734665063 262 -1.7705078125 0.06668049097061 0.0116171836853 60004
851537664442422 262 -0.6500244140625 5.82654190063477 0.00378656387329 70004
851577594242892 262 -0.74853515625 5.56598663330078 0.00481748580933 80004
851617524019343 262 0.49066162109375 8.16470050811768 -0.00227212905884 90004
851258156028403 263 -0.67776137590408 6.62365961074829 0.00415913108736 4
851298085800453 263 0.0919189453125 7.729576587677 0 10004
851338015561313 263 0.0736083984375 7.69043684005737 -0.00000047683716 20004
851377945350982 263 0.2557373046875 5.79284954071045 -0.00166416168213 30004
851417875120791 263 1.05331420898438 -3.10760116577148 -0.00612449645996 40004
851457804890482 263 0.1978759765625 -7.52435493469238 -0.00111222267151 50004
851497734665063 263 -1.60595703125 -0.25589722394943 0.01048517227173 60004
851537664442423 263 0.0654296875 7.67289686203003 0.00000286102295 70004
851577594242892 263 -0.7677001953125 6.01247024536133 0.00480842590332 80004
851617524019343 263 0.498291015625 8.06598377227783 -0.00226926803589 90004
851258156028403 264 -0.67584615945816 6.62252283096313 0.00415912596509 4
851298085800453 264 0.27158355712891 8.0601692199707 -0.00112450122833 10004
851338015561313 264 0.2325439453125 7.96811628341675 -0.00112426280975 20004
851377945350983 264 0.01806640625 7.57127332687378 0 30004
851417875120791 264 0.92721557617188 -3.56565570831299 -0.00612831115723 40004
851457804890482 264 0.2044677734375 -7.49296951293945 -0.0011100769043 50004
851497734665063 264 -1.477294921875 -0.59650611877441 0.01047468185425 60004
851537664442423 264 0.1884765625 7.90446805953979 -0.00111627578735 70004
851577594242893 264 0.028564453125 7.59352827072144 0 80004
851617524019343 264 0.475830078125 7.82479000091553 -0.00226593017578 90004
851258156028403 265 -0.6681901216507 6.61797571182251 0.00415912177414 4
851298085800453 265 0.43820953369141 8.19997787475586 -0.00224900245667 10004
851338015561313 265 0.42683410644531 8.13103485107422 -0.00224936008453 20004
851377945350983 265 0.09033203125 7.72648572921753 0 30004
851417875120791 265 0.84323120117188 -4.03395557403564 -0.00613164901733 40004
851457804890482 265 0.2044677734375 -7.49296951293945 -0.00110626220703 50004
851497734665063 265 -1.24127197265625 -0.88302135467529 0.00822424888611 60004
851537664442423 265 0.2880859375 7.98819303512573 -0.00111436843872 70004
851577594242893 265 0.142822265625 7.83776044845581 -0.00000381469727 80004
851617524019343 265 0.340087890625 7.45231533050537 -0.00226926803589 90004
851258156028403 266 -0.6681901216507 6.61797571182251 0.00415912177414 4
851298085800453 266 0.43820953369141 8.19997787475586 -0.00224995613098 10004
851338015561313 266 0.50373840332031 8.15152740478516 -0.00225353240967 20004
851377945350983 266 0.09033203125 7.72648572921753 0 30004
851417875120791 266 0.96530151367188 -4.49385547637939 -0.00613880157471 40004
851457804890482 266 0.2044677734375 -7.49296951293945 -0.00110244750977 50004
851497734665063 266 -1.15045166015625 -1.24166166782379 0.00822138786316 60004
851537664442423 266 0.2880859375 7.98819303512573 -0.00111436843872 70004
851577594242893 266 0.317626953125 7.98435926437378 -0.00112867355347 80004
851617524019343 266 0.059814453125 7.17203426361084 -0.00023412704468 90004
851258156028403 267 -0.6357456445694 6.43531084060669 0.00415911711752 4
851298085800453 267 0.43820953369141 8.19997787475586 -0.0022509098053 10004
851338015561313 267 0.52333068847656 8.15665054321289 -0.00225794315338 20004
851377945350983 267 0.09033203125 7.72648572921753 0 30004
851417875120791 267 0.94454956054688 -4.89523601531982 -0.00614333152771 40004
851457804890482 267 0.2044677734375 -7.49296951293945 -0.0010986328125 50004
851497734665063 267 -0.95196533203125 -1.54620897769928 0.00709533691406 60004
851537664442423 267 0.2880859375 7.98819303512573 -0.00111436843872 70004
851577594242893 267 0.39208984375 8.02916717529297 -0.0022554397583 80004
851617524019343 267 -0.15020751953125 7.05112361907959 0.00183486938477 90004
851258156028403 268 -0.65813112258911 6.14844274520874 0.00415911199525 4
851298085800453 268 0.43820953369141 8.19997787475586 -0.00225186347961 10004
851338015561313 268 0.52381896972656 8.15665054321289 -0.00226235389709 20004
851377945350983 268 0.09033203125 7.72648572921753 0 30004
851417875120791 268 0.93820190429688 -5.24868297576904 -0.00614905357361 40004
851457804890482 268 0.2044677734375 -7.49296951293945 -0.00109481811523 50004
851497734665063 268 -0.80548095703125 -1.7974659204483 0.00596904754639 60004
851537664442423 268 0.2880859375 7.98819303512573 -0.00111436843872 70004
851577594242893 268 0.41259765625 8.03460693359375 -0.00226020812988 80004
851617524019343 268 -0.24444580078125 7.01723003387451 0.00183820724487 90004
851258156028403 269 -0.71029019355774 5.82277154922485 0.00415910966694 4
851298085800453 269 0.43820953369141 8.19997787475586 -0.00225281715393 10004
851338015561313 269 0.52430725097656 8.15665054321289 -0.00226664543152 20004
851377945350983 269 0.09033203125 7.72648572921753 0 30004
851417875120791 269 0.96786499023438 -5.53687381744385 -0.00615525245667 40004
851457804890482 269 0.2044677734375 -7.49296951293945 -0.00109100341797 50004
851497734665063 269 -0.70831298828125 -2.03507471084595 0.00484323501587 60004
851537664442423 269 0.310546875 7.94930028915405 -0.0011134147644 70004
851577594242893 269 0.41259765625 8.03460693359375 -0.00226783752441 80004
851617524019343 269 -0.24542236328125 7.01723003387451 0.00184059143066 90004
851258156028403 270 -0.65484464168549 5.5106086730957 0.00415910454467 4
851298085800453 270 0.43820953369141 8.19997787475586 -0.00225377082825 10004
851338015561313 270 0.52479553222656 8.15665054321289 -0.00227105617523 20004
851377945350983 270 0.09033203125 7.72648572921753 0 30004
851417875120791 270 0.91952514648438 -5.71457767486572 -0.00615882873535 40004
851457804890482 270 0.2044677734375 -7.49296951293945 -0.0010871887207 50004
851497734665063 270 -0.49542236328125 -2.33751535415649 0.00371742248535 60004
851537664442423 270 0.400390625 7.79372930526733 -0.00223445892334 70004
851577594242893 270 0.41259765625 8.03460693359375 -0.00227546691895 80004
851617524019343 270 -0.24639892578125 7.01723003387451 0.00184297561646 90004
851258156028403 271 -0.70789128541946 5.01877975463867 0.0041590994224 4
851298085800453 271 0.43820953369141 8.19997787475586 -0.00225472450256 10004
851338015561313 271 0.52528381347656 8.15665054321289 -0.00227534770966 20004
851377945350983 271 0.09033203125 7.72648572921753 0 30004
851417875120791 271 0.99081420898438 -6.13062381744385 -0.00616598129272 40004
851457804890482 271 0.2044677734375 -7.49296951293945 -0.00108337402344 50004
851497734665063 271 -0.43194580078125 -2.68876886367798 0.00371503829956 60004
851537664442423 271 0.400390625 7.79372930526733 -0.00223445892334 70004
851577594242893 271 0.41259765625 8.03460693359375 -0.00228309631348 80004
851617524019343 271 -0.26104736328125 7.03715801239014 0.0018458366394 90004
851258156028403 272 -0.91307455301285 4.57834911346436 0.00620523234829 4
851298085800453 272 0.43271636962891 8.18495178222656 -0.00225573778152 10004
851338015561313 272 0.52577209472656 8.15665054321289 -0.00227975845337 20004
851377945350983 272 0.093994140625 7.68415975570679 -0.00000071525574 30004
851417875120791 272 0.92587280273438 -6.53798389434814 -0.00617051124573 40004
851457804890482 272 0.2044677734375 -7.49296951293945 -0.00107955932617 50004
851497734665063 272 -0.27471923828125 -3.01534605026245 0.00259017944336 60004
851537664442423 272 0.360107421875 7.66506910324097 -0.00223255157471 70004
851577594242893 272 0.41259765625 8.03460693359375 -0.00229072570801 80004
851617524019343 272 -0.26544189453125 7.04214000701904 0.0018482208252 90004
851258156028403 273 -1.0410213470459 4.22894430160522 0.00764593295753 4
851298085800453 273 0.34464263916016 8.09053039550781 -0.00225669145584 10004
851338015561313 273 0.52626037597656 8.15665054321289 -0.00228404998779 20004
851377945350983 273 0.068115234375 7.52439260482788 -0.00000143051147 30004
851417875120792 273 0.0341796875 -7.92684936523438 0 40004
851457804890482 273 0.2044677734375 -7.49296951293945 -0.00107574462891 50004
851497734665063 273 -0.16162109375 -3.35864400863647 0.00146055221558 60004
851537664442423 273 0.248291015625 7.48564100265503 -0.00223064422607 70004
851577594242893 273 0.41259765625 8.03460693359375 -0.00229835510254 80004
851617524019343 273 -0.26641845703125 7.04214000701904 0.00185108184814 90004
851258156028403 274 -1.10500514507294 3.91647601127625 0.00764593062922 4
851298085800453 274 0.21426391601563 7.96031188964844 -0.00225806236267 10004
851338015561313 274 0.52674865722656 8.15665054321289 -0.0022885799408 20004
851377945350983 274 -0.0126953125 7.22797918319702 -0.00000190734863 30004
851417875120792 274 0.08544921875 -7.81712341308594 -0.00000095367432 40004
851457804890482 274 0.2044677734375 -7.49296951293945 -0.00107192993164 50004
851497734665063 274 -0.12060546875 -3.7262978553772 0.00146055221558 60004
851537664442423 274 0.095703125 7.33226346969604 -0.00017690658569 70004
851577594242893 274 0.38671875 7.99589490890503 -0.00230407714844 80004
851617524019343 274 -0.26739501953125 7.04214000701904 0.00185394287109 90004
851258156028403 275 -1.36091220378876 3.49318814277649 0.00764592457563 4
851298085800453 275 0.19900512695313 7.94579315185547 -0.00225925445557 10004
851338015561313 275 0.52723693847656 8.15665054321289 -0.00229275226593 20004
851377945350983 275 -0.16574096679688 6.83162450790405 -0.00000429153442 30004
851417875120792 275 0.08544921875 -7.81712341308594 -0.00000095367432 40004
851457804890482 275 0.2044677734375 -7.49296951293945 -0.00106811523438 50004
851497734665063 275 -0.06494140625 -4.09218072891235 0.00146007537842 60004
851537664442423 275 -0.0048828125 7.28068113327026 -0.00017595291138 70004
851577594242893 275 0.283203125 7.84104108810425 -0.0023045539856 80004
851617524019343 275 -0.26837158203125 7.04214000701904 0.00185680389404 90004
851258156028403 276 -1.77169740200043 3.21771502494812 0.01185666024685 4
851298085800453 276 0.19912719726563 7.94579315185547 -0.00226056575775 10004
851338015561313 276 0.42742919921875 8.01396560668945 -0.0022953748703 20004
851377945350983 276 -0.13937377929688 6.43774175643921 0.00200927257538 30004
851417875120792 276 0.08544921875 -7.81712341308594 -0.00000095367432 40004
851457804890482 276 0.2044677734375 -7.49296951293945 -0.00106430053711 50004
851497734665063 276 -0.16943359375 -4.44716882705688 0.00145888328552 60004
851537664442423 276 -0.1103515625 7.21488523483276 -0.00017595291138 70004
851577594242893 276 0.283203125 7.84104108810425 -0.0023045539856 80004
851617524019343 276 -0.26934814453125 7.04214000701904 0.00185918807983 90004
851258156028403 277 -2.06631970405579 2.83137989044189 0.01394124608487 4
851298085800453 277 0.19924926757813 7.94579315185547 -0.00226199626923 10004
851338015561313 277 0.40264892578125 7.97829580307007 -0.00229728221893 20004
851377945350983 277 -0.01043701171875 6.04473447799683 0.00088274478912 30004
851417875120792 277 0.2447509765625 -7.7593994140625 -0.0011248588562 40004
851457804890482 277 0.2044677734375 -7.49296951293945 -0.00106048583984 50004
851497734665063 277 -0.15283203125 -4.81032800674438 0.0014488697052 60004
851537664442423 277 -0.16815185546875 7.16691923141479 0.00184440612793 70004
851577594242893 277 0.283203125 7.84104108810425 -0.0023045539856 80004
851617524019343 277 -0.27032470703125 7.04214000701904 0.00186157226563 90004
851258156028403 278 -2.39966320991516 2.48199462890625 0.01606637611985 4
851298085800453 278 0.19937133789063 7.94579315185547 -0.0022634267807 10004
851338015561313 278 0.40289306640625 7.97829580307007 -0.00229918956757 20004
851377945350983 278 0.10626220703125 5.63885068893433 -0.00024175643921 30004
851417875120792 278 0.4844970703125 -7.73275756835938 -0.0022497177124 40004
851457804890482 278 0.2044677734375 -7.49296951293945 -0.00105667114258 50004
851497734665063 278 -0.033203125 -5.15379190444946 0.00032210350037 60004
851537664442423 278 -0.18963623046875 7.14590787887573 0.0018515586853 70004
851577594242893 278 0.283203125 7.84104108810425 -0.0023045539856 80004
851617524019343 278 -0.27130126953125 7.04214000701904 0.00186443328857 90004
851258156028403 279 -2.77173066139221 2.16956496238709 0.01821581274271 4
851298085800453 279 0.19949340820313 7.94579315185547 -0.00226479768753 10004
851338015561313 279 0.40313720703125 7.97829580307007 -0.0023010969162 20004
851377945350983 279 0.21978759765625 5.23711729049683 -0.00136566162109 30004
851417875120792 279 0.68701171875 -7.75178337097168 -0.00337409973145 40004
851457804890482 279 0.2044677734375 -7.49296951293945 -0.00105285644531 50004
851497734665063 279 0.139404296875 -5.48020219802856 -0.00080370903015 60004
851537664442423 279 -0.19061279296875 7.14590787887573 0.00185918807983 70004
851577594242893 279 0.283203125 7.84104108810425 -0.0023045539856 80004
851617524019343 279 -0.27227783203125 7.04214000701904 0.00186729431152 90004
851258156028403 280 -3.02762770652771 1.74627232551575 0.02023580670357 4
851298085800453 280 0.19961547851563 7.94579315185547 -0.00226610898972 10004
851338015561313 280 0.40338134765625 7.97829580307007 -0.00230300426483 20004
851377945350983 280 0.46148681640625 4.88734006881714 -0.00248634815216 30004
851417875120792 280 0.69580078125 -7.7568416595459 -0.00337648391724 40004
851457804890482 280 0.2044677734375 -7.49296951293945 -0.00104904174805 50004
851497734665063 280 0.279052734375 -5.82270860671997 -0.00080561637878 60004
851537664442423 280 -0.19158935546875 7.14590787887573 0.00186681747437 70004
851577594242893 280 0.283203125 7.84104108810425 -0.0023045539856 80004
851617524019343 280 -0.27325439453125 7.04214000701904 0.00187015533447 90004
851258156028403 281 -3.08067560195923 1.25443303585052 0.02023579180241 4
851298085800453 281 0.19973754882813 7.94579315185547 -0.0022674202919 10004
851338015561313 281 0.40362548828125 7.97829580307007 -0.00230491161346 20004
851377945350983 281 0.53228759765625 4.4682879447937 -0.00248420238495 30004
851417875120792 281 0.69580078125 -7.7568416595459 -0.00337648391724 40004
851457804890482 281 0.2044677734375 -7.49296951293945 -0.00104522705078 50004
851497734665063 281 0.261474609375 -6.19232225418091 -0.000807762146 60004
851537664442423 281 -0.19256591796875 7.14590787887573 0.0018744468689 70004
851577594242893 281 0.283203125 7.84104108810425 -0.0023045539856 80004
851617524019343 281 -0.22344970703125 6.85070323944092 0.00187397003174 90004
851258156028403 282 -2.9740993976593 0.78033185005188 0.02023578248918 4
851298085800453 282 0.19985961914063 7.94579315185547 -0.00226879119873 10004
851338015561313 282 0.40386962890625 7.97829580307007 -0.0023068189621 20004
851377945350983 282 0.73126220703125 4.10119199752808 -0.00360512733459 30004
851417875120792 282 0.69580078125 -7.7568416595459 -0.00337648391724 40004
851457804890482 282 0.2044677734375 -7.49296951293945 -0.00104141235352 50004
851497734665063 282 0.343505859375 -6.49628686904907 -0.00193285942078 60004
851537664442423 282 -0.19354248046875 7.14590787887573 0.00188207626343 70004
851577594242893 282 0.283203125 7.84104108810425 -0.0023045539856 80004
851617524019343 282 -0.0323486328125 6.56577396392822 0.00075435638428 90004
851258156028403 283 -2.72285389900208 0.36782705783844 0.01798967272043 4
851298085800453 283 0.19998168945313 7.94579315185547 -0.00227016210556 10004
851338015561313 283 0.40411376953125 7.97829580307007 -0.00230872631073 20004
851377945350983 283 0.97314453125 3.75113821029663 -0.00585496425629 30004
851417875120792 283 0.69580078125 -7.7568416595459 -0.00337648391724 40004
851457804890482 283 0.2044677734375 -7.49296951293945 -0.00103759765625 50004
851497734665064 283 0.0185546875 -7.9598503112793 -0.00000143051147 60004
851537664442423 283 -0.19451904296875 7.14590787887573 0.00188970565796 70004
851577594242893 283 0.283203125 7.84104108810425 -0.0023045539856 80004
851617524019343 283 0.1287841796875 6.21395206451416 -0.00037527084351 90004
851258156028403 284 -2.41065573692322 -0.01046629995108 0.01574356667697 4
851298085800453 284 0.20010375976563 7.94579315185547 -0.00227153301239 10004
851338015561313 284 0.40435791015625 7.97829580307007 -0.00231063365936 20004
851377945350983 284 1.171142578125 3.38358640670776 -0.00697982311249 30004
851417875120792 284 0.69580078125 -7.7568416595459 -0.00337648391724 40004
851457804890482 284 0.212890625 -7.45176124572754 -0.0010347366333 50004
851497734665064 284 0.04638671875 -7.89962577819824 -0.00000286102295 60004
851537664442423 284 -0.19549560546875 7.14590787887573 0.00189733505249 70004
851577594242893 284 0.283203125 7.84104108810425 -0.0023045539856 80004
851617524019343 284 0.2166748046875 5.82756900787354 -0.00038385391235 90004
851258156028403 285 -2.18993759155273 -0.4532156586647 0.0146205117926 4
851298085800453 285 0.20022583007813 7.94579315185547 -0.00227290391922 10004
851338015561313 285 0.40460205078125 7.97829580307007 -0.002312541008 20004
851377945350983 285 1.240966796875 2.9643702507019 -0.00697982311249 30004
851417875120792 285 0.69580078125 -7.7568416595459 -0.00337648391724 40004
851457804890482 285 0.24658203125 -7.28692817687988 -0.00103187561035 50004
851497734665064 285 0.04638671875 -7.89962577819824 -0.00000286102295 60004
851537664442423 285 -0.19647216796875 7.14590787887573 0.00190496444702 70004
851577594242893 285 0.283203125 7.84104108810425 -0.0023045539856 80004
851617524019343 285 0.3192138671875 5.44468784332275 -0.00151348114014 90004
851258156028403 286 -1.80277788639069 -0.76121163368225 0.01237441692501 4
851298085800453 286 0.20034790039063 7.94579315185547 -0.00227421522141 10004
851338015561313 286 0.40484619140625 7.97829580307007 -0.00231444835663 20004
851377945350983 286 1.48153686523438 2.6140398979187 -0.00922501087189 30004
851417875120792 286 0.69580078125 -7.7568416595459 -0.00337648391724 40004
851457804890482 286 0.24462890625 -7.1588077545166 -0.00103044509888 50004
851497734665064 286 0.04638671875 -7.89962577819824 -0.00000286102295 60004
851537664442423 286 -0.19744873046875 7.14590787887573 0.00191211700439 70004
851577594242893 286 0.283203125 7.84104108810425 -0.0023045539856 80004
851617524019343 286 0.3729248046875 5.05198001861572 -0.00151920318604 90004
851258156028403 287 -1.54045283794403 -1.17027020454407 0.01012831088156 4
851298085800453 287 0.20046997070313 7.94579315185547 -0.00227552652359 10004
851338015561313 287 0.40509033203125 7.97829580307007 -0.00231635570526 20004
851377945350983 287 1.68344116210938 2.2410101890564 -0.01034808158875 30004
851417875120792 287 0.69580078125 -7.7568416595459 -0.00337648391724 40004
851457804890482 287 0.2144775390625 -6.90645599365234 -0.00102925300598 50004
851497734665064 287 0.04638671875 -7.89962577819824 -0.00000286102295 60004
851537664442423 287 -0.19842529296875 7.14590787887573 0.00191974639893 70004
851577594242893 287 0.283203125 7.84104108810425 -0.0023045539856 80004
851617524019343 287 0.546875 4.7039213180542 -0.00264549255371 90004
851258156028403 288 -1.28729009628296 -1.5936233997345 0.00900525227189 4
851298085800453 288 0.20059204101563 7.94579315185547 -0.00227689743042 10004
851338015561313 288 0.40533447265625 7.97829580307007 -0.00231826305389 20004
851377945350983 288 1.94418334960938 1.91822445392609 -0.01147139072418 30004
851417875120792 288 0.69580078125 -7.7568416595459 -0.00337648391724 40004
851457804890482 288 0.2449951171875 -6.59897994995117 -0.00102710723877 50004
851497734665064 288 0.04638671875 -7.89962577819824 -0.00000286102295 60004
851537664442423 288 -0.19940185546875 7.14590787887573 0.00192737579346 70004
851577594242893 288 0.283203125 7.84104108810425 -0.0023045539856 80004
851617524019343 288 0.796875 4.40198040008545 -0.00488662719727 90004
851258156028403 289 -1.05105757713318 -2.01828193664551 0.00788219086826 4
851298085800453 289 0.20071411132813 7.94579315185547 -0.00227826833725 10004
851338015561313 289 0.40557861328125 7.97829580307007 -0.00232017040253 20004
851377945350983 289 2.24127197265625 1.62434446811676 -0.01371836662292 30004
851417875120792 289 0.69580078125 -7.7568416595459 -0.00337648391724 40004
851457804890482 289 0.365478515625 -6.28704071044922 -0.00214719772339 50004
851497734665064 289 0.04638671875 -7.89962577819824 -0.00000286102295 60004
851537664442423 289 -0.20037841796875 7.14590787887573 0.00193500518799 70004
851577594242893 289 0.283203125 7.84104108810425 -0.0023045539856 80004
851617524019343 289 1.048828125 4.10702419281006 -0.00600481033325 90004
851258156028403 290 -0.96293121576309 -2.50507688522339 0.00675912667066 4
851298085800453 290 0.20083618164063 7.94579315185547 -0.00227963924408 10004
851338015561313 290 0.40582275390625 7.97829580307007 -0.00232207775116 20004
851377945350983 290 2.43060302734375 1.24374830722809 -0.01484394073486 30004
851417875120792 290 0.69580078125 -7.7568416595459 -0.00337648391724 40004
851457804890482 290 0.545654296875 -6.00285339355469 -0.00326776504517 50004
851497734665064 290 0.04638671875 -7.89962577819824 -0.00000286102295 60004
851537664442423 290 -0.20135498046875 7.14590787887573 0.00194215774536 70004
851577594242893 290 0.283203125 7.84104108810425 -0.0023045539856 80004
851617524019343 290 1.1953125 3.73931789398193 -0.00711345672607 90004
851258156028403 291 -0.69753551483154 -2.92257618904114 0.00451302574947 4
851298085800453 291 0.20095825195313 7.94579315185547 -0.00228101015091 10004
851338015561313 291 0.40606689453125 7.97829580307007 -0.00232398509979 20004
851377945350983 291 2.4385986328125 0.93250143527985 -0.01484549045563 30004
851417875120792 291 0.69580078125 -7.7568416595459 -0.00337648391724 40004
851457804890482 291 0.667724609375 -5.6893310546875 -0.00326538085938 50004
851497734665064 291 0.04638671875 -7.89962577819824 -0.00000286102295 60004
851537664442423 291 -0.20233154296875 7.14590787887573 0.00194978713989 70004
851577594242893 291 0.283203125 7.84104108810425 -0.0023045539856 80004
851617524019343 291 1.48260498046875 3.46860790252686 -0.00933933258057 90004
851258156028403 292 -0.58987772464752 -3.34312534332275 0.00451302248985 4
851298085800453 292 0.19366455078125 7.83071708679199 -0.00228232145309 10004
851338015561313 292 0.40631103515625 7.97829580307007 -0.00232589244843 20004
851377945350983 292 2.31317138671875 0.56250417232513 -0.01484680175781 30004
851417875120792 292 0.73013305664063 -7.5664176940918 -0.00450444221497 40004
851457804890482 292 0.7374267578125 -5.44844436645508 -0.00438642501831 50004
851497734665064 292 0.04638671875 -7.89962577819824 -0.00000286102295 60004
851537664442423 292 -0.20330810546875 7.14590787887573 0.00195741653442 70004
851577594242893 292 0.283203125 7.84104108810425 -0.0023045539856 80004
851617524019343 292 1.6656494140625 3.12515068054199 -0.01045274734497 90004
851258156028403 293 -0.42964208126068 -3.76265478134155 0.00338996993378 4
851298085800453 293 0.0997314453125 7.59114837646484 -0.0002812743187 10004
851338015561313 293 0.40655517578125 7.97829580307007 -0.00232779979706 20004
851377945350983 293 2.15325927734375 0.1699982881546 -0.01484763622284 30004
851417875120792 293 0.77676391601563 -7.28801345825195 -0.00451159477234 40004
851457804890482 293 0.7301025390625 -5.1751823425293 -0.00438404083252 50004
851497734665064 293 0.04638671875 -7.89962577819824 -0.00000286102295 60004
851537664442423 293 -0.20428466796875 7.14590787887573 0.00196504592896 70004
851577594242893 293 0.283203125 7.84104108810425 -0.0023045539856 80004
851617524019343 293 1.85565185546875 2.78195571899414 -0.01156616210938 90004
851258156028403 294 -0.22258280217648 -4.13709831237793 0.00226692017168 4
851298085800453 294 -0.0712890625 7.31041145324707 -0.00028139352798 10004
851338015561313 294 0.38818359375 7.93888807296753 -0.00232970714569 20004
851377945350983 294 2.04864501953125 -0.23254373669624 -0.01280248165131 30004
851417875120792 294 0.82974243164063 -7.03500556945801 -0.00451946258545 40004
851457804890482 294 0.69970703125 -4.84601593017578 -0.00438261032104 50004
851497734665064 294 0.04638671875 -7.89962577819824 -0.00000286102295 60004
851537664442423 294 -0.20526123046875 7.14590787887573 0.00197267532349 70004
851577594242893 294 0.283203125 7.84104108810425 -0.0023045539856 80004
851617524019343 294 2.04998779296875 2.44583415985107 -0.01268339157104 90004
851258156028403 295 -0.19054037332535 -4.38236045837402 0.00226691830903 4
851298085800453 295 -0.22101593017578 7.16438484191895 0.00176298618317 10004
851338015561313 295 0.31385803222656 7.78128004074097 -0.00233161449432 20004
851377945350983 295 2.07989501953125 -0.65641921758652 -0.01279842853546 30004
851417875120792 295 0.89923095703125 -6.93170356750488 -0.00565028190613 40004
851457804890482 295 0.77880859375 -4.51889801025391 -0.00437927246094 50004
851497734665064 295 0.04638671875 -7.89962577819824 -0.00000286102295 60004
851537664442423 295 -0.20623779296875 7.14590787887573 0.00197982788086 70004
851577594242893 295 0.283203125 7.84104108810425 -0.0023045539856 80004
851617524019343 295 2.12713623046875 2.05739879608154 -0.01267576217651 90004
851258156028403 296 -0.1150823533535 -4.7630467414856 0.00114387110807 4
851298085800453 296 -0.22101593017578 7.16438484191895 0.00176203250885 10004
851338015561313 296 0.14199829101563 7.49107789993286 -0.00031769275665 20004
851377945350983 296 1.92901611328125 -1.05381643772125 -0.01279640197754 30004
851417875120792 296 0.89923095703125 -6.93170356750488 -0.00565409660339 40004
851457804890482 296 0.89068603515625 -4.36940765380859 -0.0054976940155 50004
851497734665064 296 0.04638671875 -7.89962577819824 -0.00000286102295 60004
851537664442423 296 -0.18463134765625 6.99791288375854 0.00199365615845 70004
851577594242893 296 0.2568359375 7.69787549972534 -0.00230503082275 80004
851617524019343 296 2.36053466796875 1.73871684074402 -0.01490688323975 90004
851258156028403 297 -0.16188038885593 -5.22337436676025 0.0011438713409 4
851298085800453 297 -0.35816192626953 7.08756065368652 0.00176161527634 10004
851338015561313 297 -0.116943359375 7.27094316482544 0.00099909305573 20004
851377945350983 297 1.66461181640625 -1.37744295597076 -0.01075124740601 30004
851417875120792 297 0.89923095703125 -6.93170356750488 -0.00565791130066 40004
851457804890482 297 0.96649169921875 -4.1012020111084 -0.00549721717834 50004
851497734665064 297 0.04638671875 -7.89962577819824 -0.00000286102295 60004
851537664442423 297 -0.248779296875 6.72360944747925 0.00200271606445 70004
851577594242893 297 0.10595703125 7.45956373214722 -0.0002818107605 80004
851617524019343 297 2.45916748046875 1.45377373695374 -0.01489925384521 90004
851258156028403 298 -0.1424422711134 -5.70595645904541 0.00114387099165 4
851298085800453 298 -0.44964599609375 7.03633069992065 0.00361752510071 10004
851338015561313 298 -0.32125854492188 7.10991334915161 0.00227284431458 20004
851377945350983 298 1.43975830078125 -1.72629415988922 -0.00874543190002 30004
851417875120792 298 0.89923095703125 -6.93170356750488 -0.00566172599792 40004
851457804890482 298 1.06906127929688 -3.79452323913574 -0.0066180229187 50004
851497734665064 298 0.0224609375 -7.86539649963379 -0.00000357627869 60004
851537664442423 298 -0.317138671875 6.38705015182495 0.00201034545898 70004
851577594242893 298 -0.05322265625 7.28814268112183 -0.00028276443481 80004
851617524019343 298 2.43890380859375 1.12422394752502 -0.01489019393921 90004
851258156028403 299 0.03155106306076 -6.15967893600464 0.00002082430001 4
851298085800453 299 -0.44964599609375 7.03633069992065 0.00361657142639 10004
851338015561313 299 -0.43109130859375 6.960777759552 0.00227081775665 20004
851377945350983 299 1.33843994140625 -2.13119196891785 -0.0087479352951 30004
851417875120792 299 0.89923095703125 -6.93170356750488 -0.00566554069519 40004
851457804890482 299 1.23812866210938 -3.5109920501709 -0.007737159729 50004
851497734665064 299 -0.013427734375 -7.81405258178711 -0.00000405311584 60004
851537664442423 299 -0.397705078125 6.04321432113647 0.00201845169067 70004
851577594242893 299 -0.14813232421875 7.23353147506714 0.00173997879028 80004
851617524019343 299 2.30975341796875 0.75534349679947 -0.01488637924194 90004
851258156028404 300 0 -8 0 4
851298085800453 300 -0.44964599609375 7.03633069992065 0.00361561775208 10004
851338015561313 300 -0.50726318359375 6.74002885818481 0.00226891040802 20004
851377945350983 300 1.37457275390625 -2.55478358268738 -0.00875353813171 30004
851417875120792 300 0.89923095703125 -6.93170356750488 -0.00566935539246 40004
851457804890482 300 1.237548828125 -3.29360771179199 -0.00702571868896 50004
851497734665064 300 -0.013427734375 -7.81405258178711 -0.00000405311584 60004
851537664442423 300 -0.588134765625 5.73800802230835 0.00404500961304 70004
851577594242893 300 -0.14910888671875 7.23353147506714 0.00173711776733 80004
851617524019343 300 2.07440185546875 0.43603140115738 -0.01279640197754 90004
851258156028404 301 0.15480998158455 -7.66800832748413 0.00000000023283 4
851298085800453 301 -0.44964599609375 7.03633069992065 0.00361466407776 10004
851338015561313 301 -0.50115966796875 6.68103075027466 0.00226700305939 20004
851377945350983 301 1.30133056640625 -2.75411677360535 -0.00875651836395 30004
851417875120792 301 0.89923095703125 -6.93170356750488 -0.00567317008972 40004
851457804890482 301 1.28057861328125 -2.97658705711365 -0.00813698768616 50004
851497734665064 301 -0.008544921875 -7.79510879516602 -0.00000524520874 60004
851537664442423 301 -0.621337890625 5.47068166732788 0.00405263900757 70004
851577594242893 301 -0.15008544921875 7.23353147506714 0.00173425674438 80004
851617524019343 301 1.82049560546875 0.25709825754166 -0.01279163360596 90004
851258156028404 302 0.33926147222519 -7.43681669235229 -0.00112304510549 4
851298085800453 302 -0.44964599609375 7.03633069992065 0.00361371040344 10004
851338015561313 302 -0.43424987792969 6.54812574386597 0.00329494476318 20004
851377945350983 302 1.26580810546875 -3.12223315238953 -0.00875926017761 30004
851417875120792 302 0.89520263671875 -6.99227142333984 -0.00567674636841 40004
851457804890482 302 1.48178100585938 -2.73410296440125 -0.00924944877625 50004
851497734665064 302 -0.00732421875 -7.79037284851074 -0.00000548362732 60004
851537664442423 302 -0.60986328125 5.13520574569702 0.004065990448 70004
851577594242893 302 -0.15106201171875 7.23353147506714 0.00173139572144 80004
851617524019343 302 1.60906982421875 -0.0457261800766 -0.01077842712402 90004
851258156028404 303 0.47350949048996 -7.30913352966309 -0.00224608555436 4
851298085800453 303 -0.44964599609375 7.03633069992065 0.00361275672913 10004
851338015561313 303 -0.35197448730469 6.29941511154175 0.00329327583313 20004
851377945350983 303 1.12460327148438 -3.51312398910522 -0.00718069076538 30004
851417875120792 303 0.89251708984375 -7.03264999389648 -0.00568056106567 40004
851457804890482 303 1.71371459960938 -2.49275279045105 -0.01036882400513 50004
851497734665064 303 0.041015625 -7.69377708435059 -0.00000643730164 60004
851537664442423 303 -0.66015625 4.78790426254272 0.00407791137695 70004
851577594242893 303 -0.15203857421875 7.23353147506714 0.00172901153564 80004
851617524019343 303 1.3487548828125 -0.33216056227684 -0.00865364074707 90004
851258156028404 304 0.52911615371704 -7.26581954956055 -0.0033691264689 4
851298085800453 304 -0.44964599609375 7.03633069992065 0.00361180305481 10004
851338015561313 304 -0.240234375 5.97566366195679 0.00216627120972 20004
851377945350983 304 0.96823120117188 -3.90021944046021 -0.0071804523468 30004
851417875120792 304 0.89251708984375 -7.03264999389648 -0.00568437576294 40004
851457804890482 304 1.93917846679688 -2.24738955497742 -0.01148700714111 50004
851497734665064 304 0.13916015625 -7.52228927612305 -0.00000882148743 60004
851537664442423 304 -0.81982421875 4.47269773483276 0.00611925125122 70004
851577594242893 304 -0.15301513671875 7.23353147506714 0.00172662734985 80004
851617524019343 304 1.05657958984375 -0.58975130319595 -0.00656700134277 90004
851258156028404 305 0.52911615371704 -7.26581954956055 -0.00336911901832 4
851298085800453 305 -0.44964599609375 7.03633069992065 0.00361084938049 10004
851338015561313 305 -0.02656555175781 5.70032644271851 0.00104117393494 20004
851377945350983 305 0.94491577148438 -4.32459688186646 -0.00518023967743 30004
851417875120792 305 0.89251708984375 -7.03264999389648 -0.00568819046021 40004
851457804890482 305 2.21994018554688 -2.06188464164734 -0.01372528076172 50004
851497734665064 305 0.24169921875 -7.41591262817383 -0.00113463401794 60004
851537664442423 305 -1.0570068359375 4.21485471725464 0.00767517089844 70004
851577594242893 305 -0.15399169921875 7.23353147506714 0.00172424316406 80004
851617524019343 305 0.85931396484375 -0.93387228250504 -0.00655698776245 90004
851258156028404 306 0.52911615371704 -7.26581954956055 -0.00336911156774 4
851298085800453 306 -0.33856201171875 7.11196565628052 0.00248652696609 10004
851338015561313 306 0.05056762695313 5.36043691635132 -0.00008320808411 20004
851377945350983 306 0.74435424804688 -4.69926118850708 -0.00518202781677 30004
851417875120792 306 0.89251708984375 -7.03264999389648 -0.00569200515747 40004
851457804890482 306 2.39584350585938 -1.77510106563568 -0.0148458480835 50004
851497734665064 306 0.24169921875 -7.41591262817383 -0.00113463401794 60004
851537664442423 306 -1.1839599609375 3.8784441947937 0.00768280029297 70004
851577594242893 306 -0.0794677734375 7.36600828170776 0.00059652328491 80004
851617524019343 306 0.82513427734375 -1.32888436317444 -0.0045485496521 90004
851258156028404 307 0.52911615371704 -7.26581954956055 -0.00336910411716 4
851298085800453 307 -0.310791015625 7.13087940216064 0.00248557329178 10004
851338015561313 307 0.23031616210938 5.06896162033081 -0.00120735168457 20004
851377945350983 307 0.67660522460938 -5.11121034622192 -0.00518357753754 30004
851417875120792 307 0.89251708984375 -7.03264999389648 -0.00569581985474 40004
851457804890482 307 2.46868896484375 -1.45266377925873 -0.01484203338623 50004
851497734665064 307 0.24169921875 -7.41591262817383 -0.00113463401794 60004
851537664442423 307 -1.40887451171875 3.60564851760864 0.00970602035522 70004
851577594242893 307 -0.0604248046875 7.39912748336792 0.0005955696106 80004
851617524019343 307 0.68548583984375 -1.69477391242981 -0.00454568862915 90004
851258156028404 308 0.52911615371704 -7.26581954956055 -0.00336909666657 4
851298085800453 308 -0.310791015625 7.13087940216064 0.00248461961746 10004
851338015561313 308 0.37602233886719 4.76134824752808 -0.0023318529129 20004
851377945350983 308 0.72128295898438 -5.5282940864563 -0.00518548488617 30004
851417875120792 308 0.89251708984375 -7.03264999389648 -0.005699634552 40004
851457804890482 308 2.43429565429688 -1.12589490413666 -0.01596164703369 50004
851497734665064 308 0.24169921875 -7.41591262817383 -0.00113463401794 60004
851537664442423 308 -1.60064697265625 3.31164789199829 0.00970602035522 70004
851577594242893 308 -0.0604248046875 7.39912748336792 0.0005955696106 80004
851617524019343 308 0.59417724609375 -2.07102131843567 -0.0045428276062 90004
851258156028404 309 0.52911615371704 -7.26581954956055 -0.00336908921599 4
851298085800453 309 -0.310791015625 7.13087940216064 0.00248366594315 10004
851338015561313 309 0.46842956542969 4.42614698410034 -0.00233554840088 20004
851377945350983 309 0.78817749023438 -5.9404034614563 -0.00518834590912 30004
851417875120792 309 0.89251708984375 -7.03264999389648 -0.00570344924927 40004
851457804890482 309 2.29620361328125 -0.82541060447693 -0.01393914222717 50004
851497734665064 309 0.24169921875 -7.41591262817383 -0.00113463401794 60004
851537664442423 309 -1.76031494140625 2.99644231796265 0.01171398162842 70004
851577594242893 309 -0.0604248046875 7.39912748336792 0.0005955696106 80004
851617524019343 309 0.54461669921875 -2.45730137825012 -0.00453948974609 90004
851258156028404 310 0.52911615371704 -7.26581954956055 -0.00336908176541 4
851298085800453 310 -0.310791015625 7.13087940216064 0.00248271226883 10004
851338015561313 310 0.60403442382813 4.10501050949097 -0.00346171855927 20004
851377945350984 310 0 -8 0 30004
851417875120792 310 0.89251708984375 -7.03264999389648 -0.00570726394653 40004
851457804890482 310 2.0645751953125 -0.58111929893494 -0.01393699645996 50004
851497734665064 310 0.24169921875 -7.41591262817383 -0.00113463401794 60004
851537664442423 310 -2.017822265625 2.74485158920288 0.01373100280762 70004
851577594242893 310 -0.0604248046875 7.39912748336792 0.0005955696106 80004
851617524019343 310 0.3704833984375 -2.81348347663879 -0.00249719619751 90004
851258156028404 311 0.52911615371704 -7.26581954956055 -0.00336907431483 4
851298085800453 311 -0.310791015625 7.13087940216064 0.00248175859451 10004
851338015561313 311 0.67459106445313 3.76373243331909 -0.00346267223358 20004
851377945350984 311 0.203125 -7.56443786621094 -0.00112390518188 30004
851417875120792 311 0.84710693359375 -6.87479019165039 -0.0057110786438 40004
851457804890482 311 1.95782470703125 -0.26190447807312 -0.01192283630371 50004
851497734665064 311 0.24169921875 -7.41591262817383 -0.00113463401794 60004
851537664442423 311 -2.356689453125 2.62522268295288 0.01584672927856 70004
851577594242893 311 -0.0301513671875 7.37350797653198 0.00059366226196 80004
851617524019343 311 0.3636474609375 -3.20979619026184 -0.00250005722046 90004
851258156028404 312 0.52911615371704 -7.26581954956055 -0.00336906686425 4
851298085800453 312 -0.310791015625 7.13087940216064 0.0024808049202 10004
851338015561313 312 0.84857177734375 3.46894884109497 -0.00458872318268 20004
851377945350984 312 0.25390625 -7.0951042175293 -0.00112175941467 30004
851417875120792 312 0.84747314453125 -6.76076698303223 -0.00571465492249 40004
851457804890482 312 1.75762939453125 0.00111754611135 -0.0119206905365 50004
851497734665064 312 0.24169921875 -7.41591262817383 -0.00113463401794 60004
851537664442423 312 -2.634033203125 2.40662240982056 0.01584672927856 70004
851577594242893 312 -0.0225830078125 7.367103099823 0.00059366226196 80004
851617524019343 312 0.3392333984375 -3.60526490211487 -0.00250387191772 90004
851258156028404 313 0.52911615371704 -7.26581954956055 -0.00336905941367 4
851298085800453 313 -0.310791015625 7.13087940216064 0.00247985124588 10004
851338015561313 313 1.06648254394531 3.19711351394653 -0.0068347454071 20004
851377945350984 313 0.35546875 -6.63702774047852 -0.00224268436432 30004
851417875120792 313 0.85528564453125 -6.71106147766113 -0.00571823120117 40004
851457804890482 313 1.58697509765625 0.2822927236557 -0.0099093914032 50004
851497734665064 313 0.24169921875 -7.41591262817383 -0.00113463401794 60004
851537664442423 313 -2.825439453125 2.11262178421021 0.017906665802 70004
851577594242893 313 -0.0225830078125 7.367103099823 0.00059366226196 80004
851617524019343 313 0.2269287109375 -3.97545647621155 -0.00250577926636 90004
851258156028404 314 0.52911615371704 -7.26581954956055 -0.00336905196309 4
851298085800453 314 -0.310791015625 7.13087940216064 0.00247889757156 10004
851338015561313 314 1.2608642578125 2.91491746902466 -0.00796103477478 20004
851377945350984 314 0.5330810546875 -6.25558280944824 -0.00336360931396 30004
851417875120792 314 0.85528564453125 -6.71106147766113 -0.00572204589844 40004
851457804890482 314 1.44610595703125 0.58128875494003 -0.00990700721741 50004
851497734665064 314 0.225341796875 -7.4276180267334 -0.00113463401794 60004
851537664442423 314 -2.941650390625 1.77317237854004 0.017906665802 70004
851577594242893 314 -0.0386962890625 7.32346868515015 0.0005931854248 80004
851617524019343 314 0.0736083984375 -4.33314752578735 -0.00044631958008 90004
851258156028404 315 0.52911615371704 -7.26581954956055 -0.00336904451251 4
851298085800453 315 -0.310791015625 7.13087940216064 0.00247794389725 10004
851338015561313 315 1.35482788085938 2.57928895950317 -0.00796222686768 20004
851377945350984 315 0.6341552734375 -6.03648948669434 -0.00336098670959 30004
851417875120792 315 0.85528564453125 -6.71106147766113 -0.0057258605957 40004
851457804890482 315 1.21188354492188 0.82309478521347 -0.00789642333984 50004
851497734665064 315 0.159912109375 -7.47443962097168 -0.00113606452942 60004
851537664442423 315 -3.028564453125 1.42460632324219 0.01992273330688 70004
851577594242893 315 -0.1031494140625 7.14893102645874 0.00059223175049 80004
851617524019343 315 0.0433349609375 -4.72833490371704 -0.00045013427734 90004
851258156028404 316 0.52911615371704 -7.26581954956055 -0.00336903706193 4
851298085800453 316 -0.310791015625 7.13087940216064 0.00247699022293 10004
851338015561313 316 1.58169555664063 2.3149037361145 -0.00908529758453 20004
851377945350984 316 0.6790771484375 -5.99843406677246 -0.00335907936096 30004
851417875120792 316 0.85528564453125 -6.71106147766113 -0.00572967529297 40004
851457804890482 316 1.10153198242188 1.14115417003632 -0.0078911781311 50004
851497734665064 316 0.159912109375 -7.47443962097168 -0.00113987922668 60004
851537664442423 316 -3.038330078125 1.19784164428711 0.01992273330688 70004
851577594242893 316 -0.1812744140625 6.82428503036499 0.00059080123901 80004
851617524019343 316 0.1400146484375 -5.11278772354126 -0.00045776367188 90004
851258156028404 317 0.52911615371704 -7.26581954956055 -0.00336902961135 4
851298085800453 317 -0.310791015625 7.13087940216064 0.00247603654861 10004
851338015561313 317 1.70918273925781 1.99708592891693 -0.01021146774292 20004
851377945350984 317 0.6903076171875 -5.98892021179199 -0.0033586025238 30004
851417875120792 317 0.88751220703125 -6.72213363647461 -0.00573635101318 40004
851457804890482 317 0.99227905273438 1.38871562480927 -0.00588512420654 50004
851497734665064 317 0.159912109375 -7.47443962097168 -0.00114369392395 60004
851537664442423 317 -2.936767578125 0.8924857378006 0.01992177963257 70004
851577594242893 317 -0.29559326171875 6.48051023483276 0.00259017944336 80004
851617524019343 317 0.3377685546875 -5.45033121109009 -0.00158929824829 90004
851258156028404 318 0.52911615371704 -7.26581954956055 -0.00336902216077 4
851298085800453 318 -0.310791015625 7.13087940216064 0.0024750828743 10004
851338015561313 318 1.86994934082031 1.69707810878754 -0.0113377571106 20004
851377945350984 318 0.6903076171875 -5.98892021179199 -0.0033586025238 30004
851417875120792 318 0.95782470703125 -6.77646636962891 -0.00574350357056 40004
851457804890482 318 0.93515014648438 1.66898715496063 -0.00588393211365 50004
851497734665064 318 0.159912109375 -7.47443962097168 -0.00114750862122 60004
851537664442423 318 -2.734619140625 0.60570585727692 0.01767587661743 70004
851577594242893 318 -0.49041748046875 6.17334318161011 0.00258779525757 80004
851617524019343 318 0.4898681640625 -5.80602884292603 -0.00271844863892 90004
851258156028404 319 0.52911615371704 -7.26581954956055 -0.00336901471019 4
851298085800453 319 -0.310791015625 7.13087940216064 0.00247412919998 10004
851338015561313 319 2.06394958496094 1.4148815870285 -0.01246249675751 20004
851377945350984 319 0.6903076171875 -5.98892021179199 -0.0033586025238 30004
851417875120792 319 1.03106689453125 -6.84689331054688 -0.00575017929077 40004
851457804890482 319 0.89437866210938 1.99706697463989 -0.00588250160217 50004
851497734665064 319 0.159912109375 -7.47443962097168 -0.00115132331848 60004
851537664442423 319 -2.500732421875 0.34131276607513 0.01655292510986 70004
851577594242893 319 -0.71917724609375 5.88766813278198 0.00462865829468 80004
851617524019343 319 0.6007080078125 -6.17862176895142 -0.00383567810059 90004
851258156028404 320 0.52911615371704 -7.26581954956055 -0.00336900725961 4
851298085800453 320 -0.310791015625 7.13087940216064 0.00247317552567 10004
851338015561313 320 2.15792846679688 1.07925117015839 -0.01358473300934 20004
851377945350984 320 0.6903076171875 -5.98892021179199 -0.0033586025238 30004
851417875120792 320 1.03106689453125 -6.84689331054688 -0.00575399398804 40004
851457804890482 320 0.74774169921875 2.29994249343872 -0.00588297843933 50004
851497734665064 320 0.159912109375 -7.47443962097168 -0.00115513801575 60004
851537664442423 320 -2.362060546875 0.00975944474339 0.01542997360229 70004
851577594242893 320 -0.84521484375 5.53751707077026 0.00462055206299 80004
851617524019344 320 0 -8 0 90004
851258156028404 321 0.52911615371704 -7.26581954956055 -0.00336899980903 4
851298085800453 321 -0.310791015625 7.13087940216064 0.00247222185135 10004
851338015561313 321 2.38496398925781 0.81486594676971 -0.01470899581909 20004
851377945350984 321 0.73361206054688 -6.06157493591309 -0.00448429584503 30004
851417875120792 321 1.03106689453125 -6.84689331054688 -0.0057578086853 40004
851457804890482 321 0.74285888671875 2.63642549514771 -0.00387191772461 50004
851497734665064 321 0.158935546875 -7.38698387145996 -0.00115585327148 60004
851537664442423 321 -2.197998046875 -0.14009273052216 0.01430702209473 70004
851577594242893 321 -0.81103515625 5.16701078414917 0.00460433959961 80004
851617524019344 321 0.11328125 -7.7569580078125 -0.00000762939453 90004
851258156028404 322 0.52911615371704 -7.26581954956055 -0.00336899235845 4
851298085800453 322 -0.310791015625 7.13087940216064 0.00247126817703 10004
851338015561313 322 2.47712707519531 0.62290823459625 -0.01583456993103 20004
851377945350984 322 0.74923706054688 -6.12604141235352 -0.00448668003082 30004
851417875120792 322 1.03106689453125 -6.84689331054688 -0.00576162338257 40004
851457804890482 322 0.63177490234375 2.94770288467407 -0.00387096405029 50004
851497734665064 322 0.15869140625 -7.36511993408203 -0.00115919113159 60004
851537664442423 322 -2.08740234375 -0.34417703747749 0.01430606842041 70004
851577594242893 322 -0.87060546875 4.8037543296814 0.00459384918213 80004
851617524019344 322 0.28076171875 -7.47488594055176 -0.00113821029663 90004
851258156028404 323 0.52911615371704 -7.26581954956055 -0.00336898490787 4
851298085800453 323 -0.310791015625 7.13087940216064 0.00247031450272 10004
851338015561313 323 2.47248840332031 0.36700928211212 -0.01583576202393 20004
851377945350984 323 0.74386596679688 -6.18138885498047 -0.00448858737946 30004
851417875120792 323 1.03106689453125 -6.84689331054688 -0.00576543807983 40004
851457804890482 323 0.55609130859375 3.26738214492798 -0.00386905670166 50004
851497734665064 323 0.15869140625 -7.36511993408203 -0.00116300582886 60004
851537664442423 323 -1.908447265625 -0.57626110315323 0.01318502426147 70004
851577594242893 323 -1.01318359375 4.46472692489624 0.00661468505859 80004
851617524019344 323 0.41064453125 -7.18189811706543 -0.00226974487305 90004
851258156028404 324 0.52911615371704 -7.26581954956055 -0.00336897745728 4
851298085800453 324 -0.310791015625 7.13087940216064 0.0024693608284 10004
851338015561313 324 2.38105773925781 0.03708109259605 -0.01583683490753 20004
851377945350984 324 0.73117065429688 -6.21810722351074 -0.0044903755188 30004
851417875120792 324 1.03106689453125 -6.84689331054688 -0.0057692527771 40004
851457804890482 324 0.51580810546875 3.59546327590942 -0.00386786460876 50004
851497734665064 324 0.15869140625 -7.36511993408203 -0.00116682052612 60004
851537664442423 324 -1.65606689453125 -0.82903605699539 0.01094913482666 70004
851577594242893 324 -1.0947265625 4.15610265731812 0.00783824920654 80004
851617524019344 324 0.5009765625 -6.92099189758301 -0.0022759437561 90004
851258156028404 325 0.52911615371704 -7.26581954956055 -0.0033689700067 4
851298085800453 325 -0.310791015625 7.13087940216064 0.00246840715408 10004
851338015561313 325 2.18429565429688 -0.25074037909508 -0.01375865936279 20004
851377945350984 325 0.73165893554688 -6.21810722351074 -0.00449228286743 30004
851417875120792 325 1.03106689453125 -6.84689331054688 -0.00577306747437 40004
851457804890482 325 0.36917114257813 3.89833879470825 -0.0018470287323 50004
851497734665064 325 0.15869140625 -7.36511993408203 -0.00117063522339 60004
851537664442423 325 -1.43731689453125 -1.11411738395691 0.00982618331909 70004
851577594242893 325 -1.2861328125 3.84981489181519 0.0078296661377 80004
851617524019344 325 0.638671875 -6.75004768371582 -0.00339412689209 90004
851258156028404 326 0.52911615371704 -7.26581954956055 -0.00336896255612 4
851298085800453 326 -0.310791015625 7.13087940216064 0.00246745347977 10004
851338015561313 326 1.95347595214844 -0.51195329427719 -0.01173102855682 20004
851377945350984 326 0.69210815429688 -6.2329158782959 -0.00449419021606 30004
851417875120792 326 1.03106689453125 -6.84689331054688 -0.00577688217163 40004
851457804890482 326 0.27102661132813 4.22025346755981 -0.0018458366394 50004
851497734665064 326 0.15869140625 -7.36511993408203 -0.00117444992065 60004
851537664442423 326 -1.35919189453125 -1.46489214897156 0.00982618331909 70004
851577594242893 326 -1.417724609375 3.5019907951355 0.00986003875732 80004
851617524019344 326 0.775390625 -6.64754676818848 -0.00451135635376 90004
851258156028404 327 0.52911615371704 -7.26581954956055 -0.00336895510554 4
851298085800453 327 -0.310791015625 7.13087940216064 0.00246649980545 10004
851338015561313 327 1.82203674316406 -0.82801574468613 -0.01173222064972 20004
851377945350984 327 0.662353515625 -6.23495864868164 -0.00449562072754 30004
851417875120792 327 1.03106689453125 -6.84689331054688 -0.0057806968689 40004
851457804890482 327 0.21572875976563 4.5512261390686 -0.00184440612793 50004
851497734665064 327 0.15869140625 -7.36511993408203 -0.00117826461792 60004
851537664442423 327 -1.1767578125 -1.76639723777771 0.00758075714111 70004
851577594242893 327 -1.64984130859375 3.22047662734985 0.00985193252563 80004
851617524019344 327 0.808837890625 -6.62192153930664 -0.00450801849365 90004
851258156028404 328 0.52911615371704 -7.26581954956055 -0.00336894765496 4
851298085800453 328 -0.310791015625 7.13087940216064 0.00246554613113 10004
851338015561313 328 1.79859924316406 -1.16753900051117 -0.01173412799835 20004
851377945350984 328 0.64892578125 -6.23385238647461 -0.00449645519257 30004
851417875120792 328 0.97442626953125 -6.73111343383789 -0.00578451156616 40004
851457804890482 328 0.21401977539063 4.88542413711548 -0.00184202194214 50004
851497734665064 328 0.15869140625 -7.36511993408203 -0.00118207931519 60004
851537664442423 328 -1.00146484375 -2.07531428337097 0.00647258758545 70004
851577594242893 328 -1.84906005859375 2.91685914993286 0.01188850402832 80004
851617524019344 328 0.807861328125 -6.62192153930664 -0.00450563430786 90004
851258156028404 329 0.52911615371704 -7.26581954956055 -0.00336894020438 4
851298085800453 329 -0.310791015625 7.13087940216064 0.00246459245682 10004
851338015561313 329 1.82521057128906 -1.46786725521088 -0.0117359161377 20004
851377945350984 329 0.64892578125 -6.23385238647461 -0.00449645519257 30004
851417875120792 329 0.88702392578125 -6.42853164672852 -0.00578832626343 40004
851457804890482 329 0.21536254882813 5.21597146987915 -0.00183939933777 50004
851497734665064 329 0.15869140625 -7.36511993408203 -0.00118589401245 60004
851537664442423 329 -0.904541015625 -2.3868625164032 0.00648593902588 70004
851577594242893 329 -2.01458740234375 2.59113836288452 0.01188707351685 80004
851617524019344 329 0.806884765625 -6.62192153930664 -0.00450325012207 90004
851258156028404 330 0.52911615371704 -7.26581954956055 -0.0033689327538 4
851298085800453 330 -0.310791015625 7.13087940216064 0.0024636387825 10004
851338015561313 330 1.77589416503906 -1.63500833511353 -0.01173686981201 20004
851377945350984 330 0.64892578125 -6.23385238647461 -0.00449645519257 30004
851417875120792 330 0.87725830078125 -5.91288375854492 -0.00579142570496 40004
851457804890482 330 0.10794067382813 5.53494882583618 0.00020432472229 50004
851497734665064 330 0.15869140625 -7.36511993408203 -0.00118970870972 60004
851537664442423 330 -0.918212890625 -2.6347987651825 0.00649356842041 70004
851577594242893 330 -2.28118896484375 2.33172750473022 0.01391363143921 80004
851617524019344 330 0.805908203125 -6.62192153930664 -0.00450038909912 90004
851258156028404 331 0.52911615371704 -7.26581954956055 -0.00336892530322 4
851298085800453 331 -0.310791015625 7.13087940216064 0.00246268510818 10004
851338015561313 331 1.55471801757813 -1.90437006950378 -0.00969421863556 20004
851377945350984 331 0.61279296875 -6.03464889526367 -0.00449645519257 30004
851417875120792 331 0.86505126953125 -5.39728164672852 -0.00579476356506 40004
851457804890482 331 -0.12399291992188 5.77873086929321 0.00020575523376 50004
851497734665064 331 0.15869140625 -7.36511993408203 -0.00119352340698 60004
851537664442423 331 -0.784423828125 -2.9675509929657 0.0053858757019 70004
851577594242893 331 -2.41302490234375 1.98390352725983 0.01595067977905 80004
851617524019344 331 0.804931640625 -6.62192153930664 -0.00449752807617 90004
851258156028404 332 0.52911615371704 -7.26581954956055 -0.00336891785264 4
851298085800453 332 -0.310791015625 7.13087940216064 0.00246173143387 10004
851338015561313 332 1.43441772460938 -2.22494864463806 -0.00969552993774 20004
851377945350984 332 0.68414306640625 -5.6795711517334 -0.00449860095978 30004
851417875120792 332 0.84222412109375 -4.8820915222168 -0.00579857826233 40004
851457804890483 332 0.1259765625 7.80258512496948 0.00000238418579 50004
851497734665064 332 0.15869140625 -7.36511993408203 -0.00119733810425 60004
851537664442423 332 -0.739990234375 -3.31992697715759 0.00539541244507 70004
851577594242893 332 -2.55291748046875 1.6390939950943 0.01594829559326 80004
851617524019344 332 0.803955078125 -6.62192153930664 -0.00449466705322 90004
851258156028404 333 0.52911615371704 -7.26581954956055 -0.00336891040206 4
851298085800453 333 -0.310791015625 7.13087940216064 0.00246077775955 10004
851338015561313 333 1.36825561523438 -2.56652998924255 -0.00969684123993 20004
851377945350984 333 0.89212036132813 -5.29129219055176 -0.00562584400177 30004
851417875120792 333 0.91864013671875 -4.38274765014648 -0.00580430030823 40004
851457804890483 333 0.362060546875 8.11037826538086 -0.00224161148071 50004
851497734665064 333 0.1572265625 -7.36654663085938 -0.00119996070862 60004
851537664442423 333 -0.650634765625 -3.65865683555603 0.00428342819214 70004
851577594242893 333 -2.61590576171875 1.28134310245514 0.01594686508179 80004
851617524019344 333 0.802978515625 -6.62192153930664 -0.00449275970459 90004
851258156028404 334 0.52911615371704 -7.26581954956055 -0.00336890295148 4
851298085800453 334 -0.310791015625 7.13087940216064 0.00245982408524 10004
851338015561313 334 1.29302978515625 -2.90258479118347 -0.0076858997345 20004
851377945350984 334 1.17041015625 -4.97779846191406 -0.00675272941589 30004
851417875120792 334 1.04254150390625 -3.89151573181152 -0.00581121444702 40004
851457804890483 334 0.63818359375 8.3148078918457 -0.00336265563965 50004
851497734665064 334 0.155029296875 -7.36868667602539 -0.00120186805725 60004
851537664442423 334 -0.499267578125 -3.98265242576599 0.0042986869812 70004
851577594242893 334 -2.56048583984375 0.92008626461029 0.01594257354736 80004
851617524019344 334 0.802001953125 -6.62192153930664 -0.0044903755188 90004
851258156028404 335 0.52911615371704 -7.26581954956055 -0.0033688955009 4
851298085800453 335 -0.310791015625 7.13087940216064 0.00245887041092 10004
851338015561313 335 1.12896728515625 -3.21009564399719 -0.00768685340881 20004
851377945350984 335 1.2421875 -4.83238983154297 -0.00705862045288 30004
851417875120792 335 1.00054931640625 -3.37749290466309 -0.00581502914429 40004
851457804890483 335 0.830078125 8.36623001098633 -0.00448226928711 50004
851497734665064 335 0.155029296875 -7.36868667602539 -0.00120568275452 60004
851537664442423 335 -0.385986328125 -4.32300758361816 0.0031909942627 70004
851577594242893 335 -2.38861083984375 0.5901483297348 0.0159387588501 80004
851617524019344 335 0.801025390625 -6.62192153930664 -0.00448751449585 90004
851258156028404 336 0.52911615371704 -7.26581954956055 -0.00336888805032 4
851298085800453 336 -0.33056640625 7.04206323623657 0.00245845317841 10004
851338015561313 336 1.11016845703125 -3.55816769599915 -0.00768828392029 20004
851377945350984 336 1.2421875 -4.83238983154297 -0.00705862045288 30004
851417875120792 336 1.179443359375 -2.89385795593262 -0.00694441795349 40004
851457804890483 336 0.830078125 8.36623001098633 -0.00447845458984 50004
851497734665064 336 0.155029296875 -7.36868667602539 -0.00120949745178 60004
851537664442423 336 -0.427001953125 -4.68009376525879 0.00319862365723 70004
851577594242893 336 -2.09368896484375 0.36379438638687 0.01368713378906 80004
851617524019344 336 0.800048828125 -6.62192153930664 -0.0044846534729 90004
851258156028404 337 0.52911615371704 -7.26581954956055 -0.00336888059974 4
851298085800453 337 -0.28561401367188 6.79394245147705 0.00245761871338 10004
851338015561313 337 0.98243713378906 -3.87578320503235 -0.00564897060394 20004
851377945350984 337 1.2421875 -4.83238983154297 -0.00705862045288 30004
851417875120792 337 1.49850463867188 -2.50098609924316 -0.009192943573 40004
851457804890483 337 0.830078125 8.36623001098633 -0.00447463989258 50004
851497734665064 337 0.155029296875 -7.36868667602539 -0.00121331214905 60004
851537664442423 337 -0.3955078125 -4.89700126647949 0.00321197509766 70004
851577594242893 337 -1.85369873046875 0.08313422650099 0.01255750656128 80004
851617524019344 337 0.799072265625 -6.62192153930664 -0.00448179244995 90004
851258156028404 338 0.52911615371704 -7.26581954956055 -0.00336887314916 4
851298085800453 338 -0.29959106445313 6.43106937408447 0.00245690345764 10004
851338015561313 338 0.89100646972656 -4.20358991622925 -0.00564885139465 20004
851377945350984 338 1.2421875 -4.83238983154297 -0.00705862045288 30004
851417875120792 338 1.92477416992188 -2.23285102844238 -0.0115909576416 40004
851457804890483 338 0.830078125 8.36623001098633 -0.00447082519531 50004
851497734665064 338 0.155029296875 -7.36868667602539 -0.00121712684631 60004
851537664442423 338 -0.248046875 -5.10864067077637 0.00210428237915 70004
851577594242893 338 -1.70574951171875 -0.24848771095276 0.01142883300781 80004
851617524019344 338 0.798095703125 -6.62192153930664 -0.00447988510132 90004
851258156028404 339 0.52911615371704 -7.26581954956055 -0.00336886569858 4
851298085800453 339 -0.34701538085938 6.00650310516357 0.00245642662048 10004
851338015561313 339 0.83589172363281 -4.54152917861938 -0.00564873218536 20004
851377945350984 339 1.2421875 -4.83238983154297 -0.00705862045288 30004
851417875120792 339 2.38119506835938 -2.0119571685791 -0.01496338844299 40004
851457804890483 339 0.830078125 8.36623001098633 -0.00446701049805 50004
851497734665064 339 0.155029296875 -7.36868667602539 -0.00122094154358 60004
851537664442423 339 -0.04962158203125 -5.35264778137207 0.00098848342896 70004
851577594242893 339 -1.5946044921875 -0.59653973579407 0.01030158996582 80004
851617524019344 339 0.797119140625 -6.62192153930664 -0.00447750091553 90004
851258156028404 340 0.52911615371704 -7.26581954956055 -0.003368858248 4
851298085800453 340 -0.25326538085938 5.58179807662964 0.00245535373688 10004
851338015561313 340 0.67178344726563 -4.84898233413696 -0.0036484003067 20004
851377945350984 340 1.2421875 -4.83238983154297 -0.00705862045288 30004
851417875120792 340 2.74761962890625 -1.64933967590332 -0.0172119140625 40004
851457804890483 340 0.830078125 8.36623001098633 -0.00446319580078 50004
851497734665064 340 0.155029296875 -7.36868667602539 -0.00122475624084 60004
851537664442423 340 0.02362060546875 -5.56938362121582 -0.00013160705566 70004
851577594242893 340 -1.37115478515625 -0.89530205726624 0.00916051864624 80004
851617524019344 340 0.796142578125 -6.62192153930664 -0.00447463989258 90004
851258156028404 341 0.56094092130661 -7.16116905212402 -0.00336885312572 4
851298085800453 341 -0.34774780273438 5.15727519989014 0.00245481729507 10004
851338015561313 341 0.65274047851563 -5.19706583023071 -0.00364863872528 20004
851377945350984 341 1.2421875 -4.83238983154297 -0.00705862045288 30004
851417875120792 341 2.92086791992188 -1.17981147766113 -0.0183367729187 40004
851457804890483 341 0.830078125 8.36623001098633 -0.00445938110352 50004
851497734665064 341 0.194091796875 -7.25265884399414 -0.00122618675232 60004
851537664442423 341 0.06756591796875 -5.92595863342285 -0.0001277923584 70004
851577594242893 341 -1.29498291015625 -1.25978326797485 0.00914287567139 80004
851617524019344 341 0.744384765625 -6.47457504272461 -0.00447225570679 90004
851258156028404 342 0.58680057525635 -7.11506414413452 -0.00336884800345 4
851298085800453 342 -0.56870269775391 4.79155254364014 0.00449919700623 10004
851338015561313 342 0.69357299804688 -5.54145288467407 -0.00364947319031 20004
851377945350984 342 1.2421875 -4.83238983154297 -0.00705862045288 30004
851417875120792 342 2.93283081054688 -0.67691087722778 -0.01834082603455 40004
851457804890483 342 0.769287109375 8.27972412109375 -0.00445771217346 50004
851497734665064 342 0.18994140625 -7.09753227233887 -0.00122857093811 60004
851537664442423 342 0.22137451171875 -6.24354934692383 -0.00124788284302 70004
851577594242893 342 -1.127685546875 -1.55009365081787 0.00800323486328 80004
851617524019344 342 0.74755859375 -6.26736450195313 -0.00446701049805 90004
851258156028404 343 0.59873431921005 -7.10176992416382 -0.00336884357966 4
851298085800453 343 -0.74647521972656 4.40596675872803 0.00449877977371 10004
851338015561313 343 0.75938415527344 -5.88118600845337 -0.0047744512558 20004
851377945350984 343 1.2421875 -4.83238983154297 -0.00705862045288 30004
851417875120792 343 2.78414916992188 -0.19585093855858 -0.0183436870575 40004
851457804890483 343 0.62808227539063 8.08517456054688 -0.00445604324341 50004
851497734665064 343 0.22021484375 -6.89559364318848 -0.00123023986816 60004
851537664442424 343 0.09423828125 -7.79766082763672 0.00000095367432 70004
851577594242893 343 -0.991943359375 -1.86512756347656 0.00686407089233 80004
851617524019344 343 0.7227783203125 -6.02439498901367 -0.00446271896362 90004
851258156028404 344 0.59873431921005 -7.10176992416382 -0.00336883985437 4
851298085800453 344 -0.8814697265625 4.00068950653076 0.0065136551857 10004
851338015561313 344 0.79612731933594 -6.21898889541626 -0.00477778911591 20004
851377945350984 344 1.24169921875 -4.83268356323242 -0.00705873966217 30004
851417875120792 344 2.4991455078125 0.22911550104618 -0.01627039909363 40004
851457804890483 344 0.42617797851563 7.82107353210449 -0.0024528503418 50004
851497734665064 344 0.267333984375 -6.61140251159668 -0.00123262405396 60004
851537664442424 344 0.265869140625 -7.38591575622559 -0.00111961364746 70004
851577594242893 344 -0.880859375 -2.21317982673645 0.00572204589844 80004
851617524019344 344 0.6854248046875 -5.7327766418457 -0.00445890426636 90004
851258156028404 345 0.59873431921005 -7.10176992416382 -0.00336883612908 4
851298085800453 345 -1.14470672607422 3.65453243255615 0.00651299953461 10004
851338015561314 345 0 -8 0 20004
851377945350984 345 1.23974609375 -4.83385848999023 -0.00705873966217 30004
851417875120792 345 2.125732421875 0.58469545841217 -0.01425218582153 40004
851457804890483 345 0.22305297851563 7.5859432220459 -0.00245118141174 50004
851497734665064 345 0.218505859375 -6.18179130554199 -0.00123381614685 60004
851537664442424 345 0.386962890625 -6.95297050476074 -0.00223970413208 70004
851577594242893 345 -0.6597900390625 -2.51194310188293 0.00458574295044 80004
851617524019344 345 0.7498779296875 -5.34262466430664 -0.00445461273193 90004
851258156028404 346 0.59873431921005 -7.10176992416382 -0.00336883240379 4
851298085800453 346 -1.25291442871094 3.23328685760498 0.00853300094604 10004
851338015561314 346 0.06396484375 -7.8629150390625 0 20004
851377945350984 346 0.99853515625 -4.85927963256836 -0.00705873966217 30004
851417875120792 346 1.937255859375 1.06483614444733 -0.01221632957458 40004
851457804890483 346 0.08584594726563 7.52050590515137 -0.00043749809265 50004
851497734665064 346 0.354248046875 -5.77898216247559 -0.0012366771698 60004
851537664442424 346 0.546142578125 -6.76767539978027 -0.0033597946167 70004
851577594242893 346 -0.5875244140625 -2.87642598152161 0.00457382202148 80004
851617524019344 346 0.6444091796875 -4.96084213256836 -0.00445365905762 90004
851258156028404 347 0.59873431921005 -7.10176992416382 -0.0033688286785 4
851298085800453 347 -1.48700714111328 2.87596321105957 0.00853317975998 10004
851338015561314 347 0.0799560546875 -7.82864379882813 -0.00000214576721 20004
851377945350984 347 0.87738037109375 -4.84457206726074 -0.0050356388092 30004
851417875120792 347 1.6099853515625 1.45155584812164 -0.01017928123474 40004
851457804890483 347 0.05154418945313 7.50414657592773 -0.00043416023254 50004
851497734665064 347 0.37060546875 -5.52268028259277 -0.00235724449158 60004
851537664442424 347 0.59912109375 -6.71535491943359 -0.00335788726807 70004
851577594242893 347 -0.5615234375 -3.24645638465881 0.00457048416138 80004
851617524019344 347 0.4256591796875 -4.63899230957031 -0.00241899490356 90004
851258156028404 348 0.59873431921005 -7.10176992416382 -0.00336882495321 4
851298085800453 348 -1.77315521240234 2.54886054992676 0.01062965393066 10004
851338015561314 348 0.0799560546875 -7.82864379882813 -0.00000405311584 20004
851377945350984 348 0.80239868164063 -4.79734992980957 -0.00503754615784 30004
851417875120792 348 1.30703735351563 1.85969698429108 -0.00813031196594 40004
851457804890483 348 0.05154418945313 7.50414657592773 -0.00043034553528 50004
851497734665064 348 0.4267578125 -5.21754264831543 -0.00235390663147 60004
851537664442424 348 0.61328125 -6.70814514160156 -0.00335741043091 70004
851577594242893 348 -0.4736328125 -3.59848999977112 0.00344133377075 80004
851617524019344 348 0.2454833984375 -4.29716491699219 -0.0024209022522 90004
851258156028404 349 0.59873431921005 -7.10176992416382 -0.00336882122792 4
851298085800453 349 -2.02900695800781 2.20682525634766 0.01271939277649 10004
851338015561314 349 0.0799560546875 -7.82864379882813 -0.00000596046448 20004
851377945350984 349 0.72061157226563 -4.6692008972168 -0.0050390958786 30004
851417875120792 349 1.12869262695313 2.33410096168518 -0.00813031196594 40004
851457804890483 349 0.05154418945313 7.50414657592773 -0.00042653083801 50004
851497734665064 349 0.57763671875 -4.81908226013184 -0.00347113609314 60004
851537664442424 349 0.621337890625 -6.70332717895508 -0.00335597991943 70004
851577594242893 349 -0.3388671875 -3.94001984596252 0.0023136138916 80004
851617524019344 349 0.1031494140625 -3.93535995483398 -0.00038766860962 90004
851258156028404 350 0.59873431921005 -7.10176992416382 -0.00336881750263 4
851298085800453 350 -2.16316223144531 1.79317343235016 0.01476591825485 10004
851338015561314 350 0.0799560546875 -7.82864379882813 -0.00000786781311 20004
851377945350984 350 0.60000610351563 -4.35568618774414 -0.00301861763 30004
851417875120792 350 1.11294555664063 2.84961152076721 -0.00813293457031 40004
851457804890483 350 0.05154418945313 7.50414657592773 -0.00042271614075 50004
851497734665064 350 0.77392578125 -4.43366813659668 -0.00458931922913 60004
851537664442424 350 0.621337890625 -6.70332717895508 -0.00335597991943 70004
851577594242893 350 -0.2978515625 -4.30957317352295 0.00230884552002 80004
851617524019344 350 -0.15289306640625 -3.63348770141602 0.00161695480347 90004
851258156028404 351 0.59873431921005 -7.10176992416382 -0.00336881377734 4
851298085800453 351 -2.45961761474609 1.47501623630524 0.01476520299911 10004
851338015561314 351 0.0799560546875 -7.82864379882813 -0.00000977516174 20004
851377945350984 351 0.61270141601563 -4.1734504699707 -0.00301742553711 30004
851417875120792 351 0.88101196289063 3.31031250953674 -0.00613474845886 40004
851457804890483 351 0.05154418945313 7.50414657592773 -0.00041890144348 50004
851497734665064 351 0.83642578125 -4.00581932067871 -0.00458550453186 60004
851537664442424 351 0.621337890625 -6.70332717895508 -0.00335597991943 70004
851577594242893 351 -0.10369873046875 -4.62629985809326 0.00117588043213 80004
851617524019344 351 -0.25836181640625 -3.25170516967773 0.00161695480347 90004
851258156028404 352 0.59873431921005 -7.10176992416382 -0.00336881005205 4
851298085800453 352 -2.62641143798828 1.26124012470245 0.01678377389908 10004
851338015561314 352 0.0799560546875 -7.82864379882813 -0.00001168251038 20004
851377945350984 352 0.71270751953125 -3.95413017272949 -0.00414204597473 30004
851417875120792 352 0.81130981445313 3.81212067604065 -0.00613808631897 40004
851457804890483 352 0.05154418945313 7.50414657592773 -0.00041508674622 50004
851497734665064 352 0.8740234375 -3.66703224182129 -0.0045804977417 60004
851537664442424 352 0.621337890625 -6.70332717895508 -0.00335597991943 70004
851577594242893 352 -0.02703857421875 -4.94607639312744 0.0011568069458 80004
851617524019344 352 -0.47735595703125 -2.92985534667969 0.00370645523071 90004
851258156028404 353 0.59873431921005 -7.10176992416382 -0.00336880632676 4
851298085800453 353 -2.79843139648438 0.98437178134918 0.01878792047501 10004
851338015561314 353 0.0799560546875 -7.82864379882813 -0.00001358985901 20004
851377945350984 353 0.95956420898438 -3.68132781982422 -0.00526916980743 30004
851417875120792 353 0.687744140625 4.30022668838501 -0.00414061546326 40004
851457804890483 353 0.05154418945313 7.50414657592773 -0.00041127204895 50004
851497734665064 353 0.98828125 -3.34229850769043 -0.00569868087769 60004
851537664442424 353 0.621337890625 -6.70332717895508 -0.00335597991943 70004
851577594242893 353 0.08917236328125 -5.26483631134033 0.00002384185791 80004
851617524019344 353 -0.73809814453125 -2.6311149597168 0.00370979309082 90004
851258156028404 354 0.59873431921005 -7.10176992416382 -0.00336880260147 4
851298085800453 354 -2.9742431640625 0.59503138065338 0.01878732442856 10004
851338015561314 354 0.0799560546875 -7.82864379882813 -0.00001549720764 20004
851377945350984 354 1.24481201171875 -3.33631038665771 -0.00707483291626 30004
851417875120792 354 0.5101318359375 4.77463006973267 -0.00414443016052 40004
851457804890483 354 0.05154418945313 7.50414657592773 -0.00040745735168 50004
851497734665064 354 1.22216796875 -3.01946926116943 -0.00681686401367 60004
851537664442424 354 0.621337890625 -6.70332717895508 -0.00335597991943 70004
851577594242893 354 0.24639892578125 -5.59476947784424 -0.00110149383545 80004
851617524019344 354 -0.98785400390625 -2.34098529815674 0.00580501556396 90004
851258156028404 355 0.59873431921005 -7.10176992416382 -0.00336879887618 4
851298085800453 355 -3.0157470703125 0.16210144758224 0.01878678798676 10004
851338015561314 355 0.0799560546875 -7.82864379882813 -0.00001740455627 20004
851377945350984 355 1.24481201171875 -2.89800930023193 -0.00707483291626 30004
851417875120792 355 0.4945068359375 5.2901406288147 -0.00414752960205 40004
851457804890483 355 0.05154418945313 7.50414657592773 -0.00040364265442 50004
851497734665064 355 1.56195068359375 -2.74925136566162 -0.0090696811676 60004
851537664442424 355 0.621337890625 -6.70332717895508 -0.00335597991943 70004
851577594242893 355 0.28936767578125 -5.96432209014893 -0.00110340118408 80004
851617524019344 355 -1.19293212890625 -2.06729221343994 0.00788307189941 90004
851258156028404 356 0.59873431921005 -7.10176992416382 -0.00336879515089 4
851298085800453 356 -3.12593841552734 -0.02526616677642 0.02080821990967 10004
851338015561314 356 0.0799560546875 -7.82864379882813 -0.00001931190491 20004
851377945350984 356 1.58401489257813 -2.55758953094482 -0.00932025909424 30004
851417875120792 356 0.2625732421875 5.75084161758423 -0.00205636024475 40004
851457804890483 356 0.05154418945313 7.50414657592773 -0.00039982795715 50004
851497734665064 356 1.7540283203125 -2.36173152923584 -0.0102002620697 60004
851537664442424 356 0.621337890625 -6.70332717895508 -0.00335597991943 70004
851577594242893 356 0.48468017578125 -6.28104877471924 -0.00222826004028 80004
851617524019344 356 -1.488525390625 -1.80344486236572 0.00993490219116 90004
851258156028404 357 0.58927202224731 -7.08908987045288 -0.00336879165843 4
851298085800453 357 -3.15349578857422 -0.07212140411139 0.02080726623535 10004
851338015561314 357 0.0799560546875 -7.82864379882813 -0.00002121925354 20004
851377945350984 357 1.92593383789063 -2.21980476379395 -0.01156640052795 30004
851417875120793 357 0.1153564453125 7.78008604049683 0 40004
851457804890483 357 0.05154418945313 7.50414657592773 -0.00039601325989 50004
851497734665064 357 2.05535888671875 -2.06218814849854 -0.01245379447937 60004
851537664442424 357 0.58837890625 -6.72627830505371 -0.00335550308228 70004
851577594242894 357 0.106201171875 -7.77270317077637 -0.00000190734863 80004
851617524019344 357 -1.6798095703125 -1.4646201133728 0.00993824005127 90004
851258156028404 358 0.58296489715576 -7.08063697814941 -0.00336878630333 4
851298085800453 358 -3.15349578857422 -0.07212140411139 0.02080631256104 10004
851338015561314 358 0.0799560546875 -7.82864379882813 -0.00002312660217 20004
851377945350984 358 2.1817626953125 -1.82625961303711 -0.01381313800812 30004
851417875120793 358 0.2620849609375 8.00370311737061 -0.00112342834473 40004
851457804890483 358 0.08816528320313 7.47336959838867 -0.00039315223694 50004
851497734665064 358 2.32586669921875 -1.73632299900055 -0.01470565795898 60004
851537664442424 358 0.513671875 -6.75088310241699 -0.00335454940796 70004
851577594242894 358 0.228759765625 -7.46214866638184 -0.00112867355347 80004
851617524019344 358 -1.9063720703125 -1.15078783035278 0.01195764541626 90004
851258156028404 359 0.58189463615417 -7.0764217376709 -0.0033687800169 4
851298085800453 359 -3.15349578857422 -0.07212140411139 0.02080535888672 10004
851338015561314 359 0.0799560546875 -7.82864379882813 -0.00002503395081 20004
851377945350984 359 2.2996826171875 -1.36884546279907 -0.0138156414032 30004
851417875120793 359 0.397705078125 8.09979152679443 -0.00224733352661 40004
851457804890483 359 0.14309692382813 7.42720413208008 -0.00038981437683 50004
851497734665064 359 2.48406982421875 -1.34226047992706 -0.01582813262939 60004
851537664442424 359 0.4345703125 -6.76483917236328 -0.00334978103638 70004
851577594242894 359 0.346435546875 -7.17715454101563 -0.0011305809021 80004
851617524019344 359 -2.1671142578125 -0.8629441857338 0.01405715942383 90004
851258156028404 360 0.57761347293854 -7.05956077575684 -0.00336877629161 4
851298085800453 360 -3.15349578857422 -0.07212140411139 0.0208044052124 10004
851338015561314 360 0.0799560546875 -7.82864379882813 -0.00002694129944 20004
851377945350984 360 2.26263427734375 -0.88974046707153 -0.01381707191467 30004
851417875120793 360 0.521240234375 8.13290309906006 -0.00224876403809 40004
851457804890483 360 0.14309692382813 7.42720413208008 -0.00038599967957 50004
851497734665064 360 2.50750732421875 -0.91055119037628 -0.01582813262939 60004
851537664442424 360 0.4345703125 -6.76483917236328 -0.00334215164185 70004
851577594242894 360 0.506591796875 -6.99131774902344 -0.00225639343262 80004
851617524019344 360 -2.3223876953125 -0.50311237573624 0.01406574249268 90004
851258156028404 361 0.61503314971924 -6.86251783370972 -0.0033687655814 4
851298085800453 361 -3.15349578857422 -0.07212140411139 0.02080345153809 10004
851338015561314 361 0.0799560546875 -7.82864379882813 -0.00002884864807 20004
851377945350984 361 2.026123046875 -0.47149038314819 -0.01381802558899 30004
851417875120793 361 0.521240234375 8.13290309906006 -0.00224876403809 40004
851457804890483 361 0.14309692382813 7.42720413208008 -0.0003821849823 50004
851497734665064 361 2.34637451171875 -0.50954163074493 -0.01582765579224 60004
851537664442424 361 0.4345703125 -6.76483917236328 -0.00333452224731 70004
851577594242894 361 0.577880859375 -6.95921325683594 -0.00338220596313 80004
851617524019344 361 -2.3165283203125 -0.27181440591812 0.01407527923584 90004
851258156028404 362 0.74398165941238 -6.64715051651001 -0.00449180416763 4
851298085800453 362 -3.15349578857422 -0.07212140411139 0.02080249786377 10004
851338015561314 362 0.0799560546875 -7.82864379882813 -0.0000307559967 20004
851377945350984 362 1.9017333984375 -0.19644916057587 -0.01172530651093 30004
851417875120793 362 0.521240234375 8.13290309906006 -0.00224876403809 40004
851457804890483 362 0.10134887695313 7.28417015075684 -0.00038051605225 50004
851497734665064 362 2.06951904296875 -0.18791395425797 -0.0137825012207 60004
851537664442424 362 0.4345703125 -6.76483917236328 -0.00332689285278 70004
851577594242894 362 0.595703125 -6.95118713378906 -0.00338220596313 80004
851617524019344 362 -2.1824951171875 0.05096901208162 0.01409006118774 90004
851258156028404 363 0.86043679714203 -6.51062345504761 -0.00449179112911 4
851298085800453 363 -3.15349578857422 -0.07212140411139 0.02080154418945 10004
851338015561314 363 0.10546875 -7.73333740234375 -0.00003218650818 20004
851377945350984 363 1.6856689453125 0.08431787788868 -0.01172494888306 30004
851417875120793 363 0.521240234375 8.13290309906006 -0.00224876403809 40004
851457804890483 363 -0.00851440429688 7.00785255432129 -0.00038051605225 50004
851497734665064 363 1.83123779296875 0.16017438471317 -0.01175332069397 60004
851537664442424 363 0.4345703125 -6.65244674682617 -0.00331926345825 70004
851577594242894 363 0.595703125 -6.95118713378906 -0.00338220596313 80004
851617524019344 363 -2.0882568359375 0.42541539669037 0.01410436630249 90004
851258156028404 364 0.91555380821228 -6.47192430496216 -0.0056148362346 4
851298085800453 364 -3.13689422607422 -0.03724420443177 0.02080035209656 10004
851338015561314 364 0.1265869140625 -7.49320793151855 -0.00003325939178 20004
851377945350984 364 1.38226318359375 0.44657239317894 -0.00963640213013 30004
851417875120793 364 0.521240234375 8.13290309906006 -0.00224876403809 40004
851457804890483 364 -0.13064575195313 6.6370677947998 0.00165963172913 50004
851497734665064 364 1.66986083984375 0.53362721204758 -0.01175665855408 60004
851537664442424 364 0.475341796875 -6.37915420532227 -0.00331258773804 70004
851577594242894 364 0.595703125 -6.95118713378906 -0.00338220596313 80004
851617524019344 364 -2.0404052734375 0.80026054382324 0.01411533355713 90004
851258156028404 365 0.91555380821228 -6.47192430496216 -0.0056148362346 4
851298085800453 365 -3.07048797607422 0.10226459801197 0.02079808712006 10004
851338015561314 365 0.0579833984375 -7.10452842712402 -0.00003373622894 20004
851377945350984 365 1.20419311523438 0.89290338754654 -0.00760197639465 30004
851417875120793 365 0.521240234375 8.13290309906006 -0.00224876403809 40004
851457804890483 365 -0.12673950195313 6.23969841003418 0.00166392326355 50004
851497734665064 365 1.50823974609375 0.82441014051437 -0.00975012779236 60004
851537664442424 365 0.638427734375 -5.9603385925293 -0.00330781936646 70004
851577594242894 365 0.595703125 -6.95118713378906 -0.00338220596313 80004
851617524019344 365 -1.8841552734375 1.11279737949371 0.0130090713501 90004
851258156028404 366 0.91555380821228 -6.47192430496216 -0.0056148362346 4
851298085800453 366 -2.89379119873047 0.24810598790646 0.0196750164032 10004
851338015561314 366 0.1600341796875 -6.72330284118652 -0.00003468990326 20004
851377945350984 366 1.23153686523438 1.37273108959198 -0.00760197639465 30004
851417875120793 366 0.521240234375 8.13290309906006 -0.00224876403809 40004
851457804890483 366 -0.29129028320313 5.87777519226074 0.00166821479797 50004
851497734665064 366 1.47698974609375 1.25562119483948 -0.00975346565247 60004
851537664442424 366 0.806396484375 -5.5432014465332 -0.00442886352539 70004
851577594242894 366 0.595703125 -6.95118713378906 -0.00338220596313 80004
851617524019344 366 -1.87255859375 1.50841200351715 0.01301908493042 90004
851258156028404 367 0.91555380821228 -6.47192430496216 -0.0056148362346 4
851298085800453 367 -2.53382110595703 0.36638763546944 0.0174281001091 10004
851338015561314 367 0.37492370605469 -6.4003849029541 -0.00228214263916 20004
851377945350984 367 1.10470581054688 1.82743632793427 -0.00760185718536 30004
851417875120793 367 0.5113525390625 8.12116146087646 -0.00225019454956 40004
851457804890483 367 -0.32949829101563 5.48926734924316 0.00167322158813 50004
851497734665064 367 1.31182861328125 1.6467010974884 -0.00767469406128 60004
851537664442424 367 0.830078125 -5.10223770141602 -0.0044264793396 70004
851577594242894 367 0.595703125 -6.95118713378906 -0.00338220596313 80004
851617524019344 367 -1.779052734375 1.78930103778839 0.01191377639771 90004
851258156028404 368 0.94651240110397 -6.51161956787109 -0.00561483716592 4
851298085800453 368 -2.10943603515625 0.38139522075653 0.01376461982727 10004
851338015561314 368 0.6068115234375 -6.19886589050293 -0.00340867042542 20004
851377945350984 368 1.02630615234375 2.23415732383728 -0.00560009479523 30004
851417875120793 368 0.4781494140625 8.01554775238037 -0.00225162506104 40004
851457804890483 368 -0.40933227539063 5.11062049865723 0.00167775154114 50004
851497734665064 368 1.19561767578125 2.00262188911438 -0.00767827033997 60004
851537664442424 368 0.71240234375 -4.67938232421875 -0.00442600250244 70004
851577594242894 368 0.595703125 -6.95118713378906 -0.00338220596313 80004
851617524019344 368 -1.712646484375 2.10843181610107 0.01192712783813 90004
851258156028404 369 0.99294233322144 -6.57115364074707 -0.00561483483762 4
851298085800453 369 -1.68472290039063 0.29011762142181 0.01137113571167 10004
851338015561314 369 0.79472351074219 -6.11615562438965 -0.00453436374664 20004
851377945350984 369 0.9979248046875 2.62107348442078 -0.00560390949249 30004
851417875120793 369 0.4537353515625 7.77913522720337 -0.00225234031677 40004
851457804890483 369 -0.56729125976563 4.74774932861328 0.00371479988098 50004
851497734665064 369 1.12579345703125 2.34765267372131 -0.00768160820007 60004
851537664442424 369 0.535400390625 -4.27095413208008 -0.00442409515381 70004
851577594242894 369 0.595703125 -6.95118713378906 -0.00338220596313 80004
851617524019344 369 -1.6597900390625 2.49346256256104 0.01081562042236 90004
851258156028404 370 0.99294137954712 -6.57115364074707 -0.00561483064666 4
851298085800453 370 -1.26905059814453 0.16225524246693 0.00912350416183 10004
851338015561314 370 0.91435241699219 -6.08398246765137 -0.00565993785858 20004
851377945350984 370 0.8197021484375 3.0674045085907 -0.00560581684113 30004
851417875120793 370 0.5157470703125 7.42017984390259 -0.00225377082825 40004
851457804890483 370 -0.70816040039063 4.37603759765625 0.00371766090393 50004
851497734665064 370 0.91632080078125 2.72535347938538 -0.00563359260559 60004
851537664442424 370 0.460205078125 -3.82765746116638 -0.00241327285767 70004
851577594242894 370 0.595703125 -6.95118713378906 -0.00338220596313 80004
851617524019344 370 -1.48272705078125 2.84674167633057 0.00970935821533 90004
851258156028404 371 0.9929404258728 -6.57115364074707 -0.00561482645571 4
851298085800453 371 -0.94628143310547 -0.12933051586151 0.00687623023987 10004
851338015561314 371 0.91435241699219 -6.08398246765137 -0.00565993785858 20004
851377945350984 371 0.5872802734375 3.4880359172821 -0.00358736515045 30004
851417875120793 371 0.4205322265625 7.06860971450806 -0.00225472450256 40004
851457804890483 371 -0.97817993164063 4.08465576171875 0.00572156906128 50004
851497734665064 371 0.88507080078125 3.15656304359436 -0.00563097000122 60004
851537664442424 371 0.234619140625 -3.43889403343201 -0.00241136550903 70004
851577594242894 371 0.595703125 -6.95118713378906 -0.00338220596313 80004
851617524019344 371 -1.31298828125 3.20409107208252 0.0085916519165 90004
851258156028404 372 0.99293947219849 -6.57115364074707 -0.00561482273042 4
851298085800453 372 -0.77278900146484 -0.42168295383453 0.00575268268585 10004
851338015561314 372 0.91435241699219 -6.08398246765137 -0.00565993785858 20004
851377945350984 372 0.506103515625 3.92910361289978 -0.00358593463898 30004
851417875120793 372 0.4432373046875 6.71150064468384 -0.0022554397583 40004
851457804890483 372 -1.13287353515625 3.74071407318115 0.00772452354431 50004
851497734665064 372 0.76446533203125 3.46682286262512 -0.00562787055969 60004
851537664442424 372 0.038330078125 -3.03487277030945 -0.00038576126099 70004
851577594242894 372 0.595703125 -6.95118713378906 -0.00338220596313 80004
851617524019344 372 -1.26953125 3.59027671813965 0.00859498977661 90004
851258156028404 373 0.99293851852417 -6.57115364074707 -0.00561481947079 4
851298085800453 373 -0.71889495849609 -0.7852977514267 0.00462913513184 10004
851338015561314 373 0.91435241699219 -6.08398246765137 -0.00565993785858 20004
851377945350984 373 0.37451171875 4.36335802078247 -0.00156283378601 30004
851417875120793 373 0.5550537109375 6.36876153945923 -0.00337982177734 40004
851457804890483 373 -1.32598876953125 3.41429042816162 0.00772523880005 50004
851497734665064 373 0.67364501953125 3.81739926338196 -0.00361633300781 60004
851537664442424 373 -0.225830078125 -2.68431544303894 0.001708984375 70004
851577594242894 373 0.595703125 -6.95118713378906 -0.00338220596313 80004
851617524019344 373 -1.21429443359375 3.90419387817383 0.00859832763672 90004
851258156028404 374 0.99293756484985 -6.57115364074707 -0.00561481621116 4
851298085800453 374 -0.68846893310547 -1.2114394903183 0.0046284198761 10004
851338015561314 374 0.91703796386719 -6.1146240234375 -0.00565993785858 20004
851377945350984 374 0.1256103515625 4.77301645278931 -0.00156140327454 30004
851417875120793 374 0.6783447265625 6.0328221321106 -0.00338268280029 40004
851457804890483 374 -1.55929565429688 3.10118103027344 0.00981163978577 50004
851497734665064 374 0.59771728515625 4.23523283004761 -0.00361371040344 60004
851537664442424 374 -0.5291748046875 -2.36303305625916 0.00377559661865 70004
851577594242894 374 0.595703125 -6.95118713378906 -0.00338220596313 80004
851617524019344 374 -1.08837890625 4.1667914390564 0.00748014450073 90004
851258156028404 375 0.99293661117554 -6.57115364074707 -0.00561481202021 4
851298085800453 375 -0.51911926269531 -1.61208879947662 0.00350391864777 10004
851338015561314 375 0.92778015136719 -6.23719024658203 -0.00565993785858 20004
851377945350984 375 -0.17257690429688 5.14975595474243 0.00049245357513 30004
851417875120793 375 0.6866455078125 5.66863298416138 -0.00338268280029 40004
851457804890483 375 -1.68136596679688 2.722900390625 0.00981569290161 50004
851497734665064 375 0.38775634765625 4.61293363571167 -0.00361061096191 60004
851537664442424 375 -0.7166748046875 -1.95392560958862 0.00378370285034 70004
851577594242894 375 0.595703125 -6.95118713378906 -0.00338220596313 80004
851617524019344 375 -0.91357421875 4.52107763290405 0.00636291503906 90004
851258156028404 376 0.99293565750122 -6.57115364074707 -0.00561480782926 4
851298085800453 376 -0.41682434082031 -2.03486895561218 0.00350189208984 10004
851338015561314 376 0.92778015136719 -6.23719024658203 -0.00565993785858 20004
851377945350984 376 -0.26449584960938 5.53698587417603 0.0024973154068 30004
851417875120793 376 0.6734619140625 5.30458116531372 -0.00338459014893 40004
851457804890483 376 -1.95187377929688 2.43151473999023 0.01188373565674 50004
851497734665064 376 0.34771728515625 5.04343748092651 -0.00155591964722 60004
851537664442424 376 -1.0594482421875 -1.66191816329956 0.00584030151367 70004
851577594242894 376 0.595703125 -6.95118713378906 -0.00338220596313 80004
851617524019344 376 -0.90478515625 4.91675329208374 0.00636529922485 90004
851258156028404 377 0.99180799722672 -6.5699405670166 -0.0056148073636 4
851298085800453 377 -0.44529724121094 -2.40774321556091 0.00350075960159 10004
851338015561314 377 0.92778015136719 -6.23719024658203 -0.00565993785858 20004
851377945350984 377 -0.51132202148438 5.91634798049927 0.00249683856964 30004
851417875120793 377 0.77725219726563 4.96194696426392 -0.00451278686523 40004
851457804890483 377 -2.11068725585938 2.07495784759521 0.01395153999329 50004
851497734665064 377 0.17437744140625 5.43112325668335 -0.00155687332153 60004
851537664442424 377 -1.3502197265625 -1.32090997695923 0.00791120529175 70004
851577594242894 377 0.595703125 -6.95118713378906 -0.00338220596313 80004
851617524019344 377 -0.849853515625 5.29483938217163 0.00636911392212 90004
851258156028404 378 0.99105650186539 -6.56913185119629 -0.00561480876058 4
851298085800453 378 -0.43015289306641 -2.79725027084351 0.00349915027618 10004
851338015561314 378 0.92778015136719 -6.23719024658203 -0.00565993785858 20004
851377945350985 378 0.05859375 7.65800046920776 -0.00000071525574 30004
851417875120793 378 0.84756469726563 4.61206293106079 -0.00451850891113 40004
851457804890483 378 -2.306396484375 1.74012625217438 0.0139524936676 50004
851497734665064 378 -0.10003662109375 5.75682592391968 0.00051999092102 60004
851537664442424 378 -1.68597412109375 -1.03795289993286 0.00996923446655 70004
851577594242894 378 0.595703125 -6.95118713378906 -0.00338220596313 80004
851617524019344 378 -0.863525390625 5.67290639877319 0.00524997711182 90004
851258156028404 379 0.99105650186539 -6.56913185119629 -0.00561480876058 4
851298085800453 379 -0.28571319580078 -3.1993408203125 0.0023747086525 10004
851338015561314 379 0.87901306152344 -6.24180793762207 -0.00565993785858 20004
851377945350985 379 0.1605224609375 7.85809659957886 -0.00000238418579 30004
851417875120793 379 0.8836669921875 4.25598955154419 -0.00564622879028 40004
851457804890483 379 -2.53271484375 1.47798979282379 0.01601696014404 50004
851497734665065 379 0.020263671875 7.57580900192261 -0.00000095367432 60004
851537664442424 379 -2.05352783203125 -0.79218757152557 0.01212453842163 70004
851577594242894 379 0.572021484375 -6.91678619384766 -0.00338220596313 80004
851617524019345 379 0.024658203125 7.58526372909546 -0.00000190734863 90004
851258156028404 380 0.99105650186539 -6.56913185119629 -0.00561480876058 4
851298085800453 380 -0.01438140869141 -3.53935623168945 0.00012695789337 10004
851338015561314 380 0.68376159667969 -6.26027870178223 -0.00440526008606 20004
851377945350985 380 0.2166748046875 7.9052996635437 -0.00112462043762 30004
851417875120793 380 1.03460693359375 3.92451429367065 -0.00565385818481 40004
851457804890483 380 -2.6279296875 1.30359518527985 0.01602077484131 50004
851497734665065 380 0.101318359375 7.74916410446167 -0.00000333786011 60004
851537664442424 380 -2.32598876953125 -0.43484571576118 0.01416778564453 70004
851577594242894 380 0.477294921875 -6.77918243408203 -0.00338220596313 80004
851617524019345 380 0.123291015625 7.79643774032593 -0.00000953674316 90004
851258156028404 381 1.04036617279053 -6.44635915756226 -0.00561479711905 4
851298085800453 381 0.08779144287109 -3.96214056015015 0.0001266002655 10004
851338015561314 381 0.68351745605469 -6.26027870178223 -0.00440549850464 20004
851377945350985 381 0.2166748046875 7.9052996635437 -0.00112462043762 30004
851417875120793 381 1.25918579101563 3.6380763053894 -0.00790238380432 40004
851457804890483 381 -2.6533203125 0.90700566768646 0.01602482795715 50004
851497734665065 381 0.101318359375 7.74916410446167 -0.00000333786011 60004
851537664442424 381 -2.39239501953125 -0.13129308819771 0.01618957519531 70004
851577594242894 381 0.432373046875 -6.51549530029297 -0.00338315963745 80004
851617524019345 381 0.365478515625 7.99971532821655 -0.00226306915283 90004
851258156028404 382 1.09584426879883 -6.28371858596802 -0.00673782872036 4
851298085800453 382 0.04869842529297 -4.38756895065308 0.0001266002655 10004
851338015561314 382 0.60226440429688 -6.18042945861816 -0.00440561771393 20004
851377945350985 382 0.2166748046875 7.9052996635437 -0.00112462043762 30004
851417875120793 382 1.37673950195313 3.30042314529419 -0.00790405273438 40004
851457804890483 382 -2.5963134765625 0.64557087421417 0.01690721511841 50004
851497734665065 382 0.101318359375 7.74916410446167 -0.00000333786011 60004
851537664442424 382 -2.33502197265625 0.273597240448 0.01506662368774 70004
851577594242894 382 0.4453125 -6.24574279785156 -0.00338506698608 80004
851617524019345 382 0.53662109375 8.08032417297363 -0.00338935852051 90004
851258156028404 383 1.12527620792389 -6.19504594802856 -0.00673781801015 4
851298085800453 383 0.05674743652344 -4.81211185455322 0.00012570619583 10004
851338015561314 383 0.49848937988281 -5.99336528778076 -0.00238800048828 20004
851377945350985 383 0.2401123046875 7.88894605636597 -0.00112318992615 30004
851417875120793 383 1.525390625 2.98633623123169 -0.009033203125 40004
851457804890483 383 -2.4102783203125 0.40027153491974 0.01578545570374 50004
851497734665065 383 0.101318359375 7.74916410446167 -0.00000333786011 60004
851537664442424 383 -2.14849853515625 0.67092633247375 0.01394367218018 70004
851577594242894 383 0.40869140625 -5.95111846923828 -0.00338506698608 80004
851617524019345 383 0.609375 8.10018348693848 -0.00338506698608 90004
851258156028404 384 1.12627756595612 -6.19397592544556 -0.00673780729994 4
851298085800453 384 0.11183166503906 -5.23576641082764 0.00012403726578 10004
851338015561314 384 0.35374450683594 -5.72327518463135 -0.00238990783691 20004
851377945350985 384 0.2752685546875 7.86441564559937 -0.00112104415894 30004
851417875120793 384 1.707275390625 2.69256830215454 -0.01016330718994 40004
851457804890483 384 -2.1435546875 0.10939830541611 0.01466965675354 50004
851497734665065 384 0.101318359375 7.74916410446167 -0.00000333786011 60004
851537664442424 384 -1.91876220703125 1.04643929004669 0.01282358169556 70004
851577594242894 384 0.326904296875 -5.62945747375488 -0.00135183334351 80004
851617524019345 384 0.6083984375 8.10018348693848 -0.00338268280029 90004
851258156028404 385 1.12627756595612 -6.19397592544556 -0.00673779984936 4
851298085800453 385 0.02567291259766 -5.6620774269104 0.0001232624054 10004
851338015561314 385 0.07275390625 -5.44625949859619 -0.00031805038452 20004
851377945350985 385 0.2752685546875 7.86441564559937 -0.0011191368103 30004
851417875120793 385 1.790283203125 2.33784341812134 -0.01129055023193 40004
851457804890483 385 -1.93988037109375 -0.23144751787186 0.01355481147766 50004
851497734665065 385 0.101318359375 7.74916410446167 -0.00000333786011 60004
851537664442424 385 -1.82305908203125 1.48052513599396 0.01283550262451 70004
851577594242894 385 0.316162109375 -5.29523658752441 -0.00135278701782 80004
851617524019345 385 0.607421875 8.10018348693848 -0.00337982177734 90004
851258156028404 386 1.12627756595612 -6.19397592544556 -0.00673779239878 4
851298085800453 386 0.11893463134766 -6.04805612564087 0.00012266635895 10004
851338015561314 386 0.00225830078125 -5.256911277771 -0.0003182888031 20004
851377945350985 386 0.2752685546875 7.86441564559937 -0.00111722946167 30004
851417875120793 386 2.015380859375 2.05140542984009 -0.01241302490234 40004
851457804890483 386 -1.85043334960938 -0.61838430166245 0.01243948936462 50004
851497734665065 386 0.101318359375 7.74916410446167 -0.00000333786011 60004
851537664442424 386 -1.5499267578125 1.83651459217072 0.01059341430664 70004
851577594242894 386 0.165771484375 -4.99677467346191 -0.0013542175293 80004
851617524019345 386 0.669921875 7.9887638092041 -0.00337505340576 90004
851258156028404 387 1.12627756595612 -6.19397592544556 -0.0067377849482 4
851298085800453 387 0.34562683105469 -6.39956712722778 -0.00212413072586 10004
851338015561314 387 -0.16583251953125 -4.97240734100342 0.00168764591217 20004
851377945350985 387 0.244140625 7.71491003036499 -0.00111591815948 30004
851417875120793 387 2.15625 1.7200620174408 -0.01353597640991 40004
851457804890483 387 -1.64462280273438 -0.94943279027939 0.01132416725159 50004
851497734665065 387 0.101318359375 7.74916410446167 -0.00000333786011 60004
851537664442424 387 -1.4073486328125 2.25451493263245 0.00947046279907 70004
851577594242894 387 0.079833984375 -4.67609405517578 -0.0013542175293 80004
851617524019345 387 0.68408203125 7.96090888977051 -0.00336980819702 90004
851258156028404 388 1.12627756595612 -6.19397592544556 -0.00673777749762 4
851298085800454 388 0.050048828125 -7.89270401000977 0 10004
851338015561314 388 -0.29158020019531 -4.61855602264404 0.00168573856354 20004
851377945350985 388 0.1015625 7.4520468711853 -0.00111472606659 30004
851417875120793 388 2.337158203125 1.41385817527771 -0.01466035842896 40004
851457804890483 388 -1.47763061523438 -1.29911065101624 0.01020860671997 50004
851497734665065 388 0.063720703125 7.63469648361206 -0.00000333786011 60004
851537664442424 388 -1.22186279296875 2.65224099159241 0.0083475112915 70004
851577594242894 388 -0.051025390625 -4.37703323364258 0.0007152557373 80004
851617524019345 388 0.65460205078125 7.88441276550293 -0.00336647033691 90004
851258156028404 389 1.12627756595612 -6.19397592544556 -0.00673777004704 4
851298085800454 389 0.16079711914063 -7.69214153289795 -0.00000131130219 10004
851338015561314 389 -0.38252258300781 -4.2417573928833 0.00168371200562 20004
851377945350985 389 -0.1658935546875 7.15100812911987 0.00097358226776 30004
851417875120793 389 2.5384521484375 1.17099738121033 -0.01578950881958 40004
851457804890483 389 -1.34918212890625 -1.6674177646637 0.00909066200256 50004
851497734665065 389 -0.000732421875 7.37055158615112 -0.00000500679016 60004
851537664442424 389 -1.0047607421875 2.98275303840637 0.00723457336426 70004
851577594242894 389 -0.215087890625 -4.09248542785645 0.00071477890015 80004
851617524019345 389 0.60650634765625 7.68844223022461 -0.00336313247681 90004
851258156028404 390 1.12627756595612 -6.19397592544556 -0.00673776259646 4
851298085800454 390 0.30367279052734 -7.53353786468506 -0.00112599134445 10004
851338015561314 390 -0.59393310546875 -3.90855050086975 0.00374627113342 20004
851377945350985 390 -0.5050048828125 6.92600965499878 0.00310158729553 30004
851417875120793 390 2.5950927734375 0.99784249067307 -0.01579523086548 40004
851457804890483 390 -1.10357666015625 -1.97983765602112 0.00796866416931 50004
851497734665065 390 -0.032958984375 7.00077772140503 -0.00000643730164 60004
851537664442424 390 -0.9510498046875 3.23445820808411 0.00612592697144 70004
851577594242894 390 -0.27960205078125 -3.7643985748291 0.00271654129028 80004
851617524019345 390 0.58404541015625 7.3635368347168 -0.00336217880249 90004
851258156028404 391 1.12627756595612 -6.19397592544556 -0.00673775514588 4
851298085800454 391 0.35947418212891 -7.50853061676025 -0.00224995613098 10004
851338015561314 391 -0.78610229492188 -3.5639214515686 0.00577330589294 20004
851377945350985 391 -0.6114501953125 6.75234174728394 0.00310111045837 30004
851417875120793 391 2.5726318359375 0.8142563700676 -0.01579856872559 40004
851457804890483 391 -1.03326416015625 -2.28009247779846 0.00684666633606 50004
851497734665065 391 0.133056640625 6.54802656173706 -0.00000882148743 60004
851537664442424 391 -0.7967529296875 3.65599370002747 0.00614023208618 70004
851577594242894 391 -0.47784423828125 -3.49436378479004 0.00271415710449 80004
851617524019345 391 0.50494384765625 7.22084426879883 -0.00335931777954 90004
851258156028404 392 1.10439705848694 -6.24244737625122 -0.00673774816096 4
851298085800454 392 0.37345123291016 -7.50226879119873 -0.00225114822388 10004
851338015561314 392 -1.04476928710938 -3.28137421607971 0.00767207145691 20004
851377945350985 392 -0.6380615234375 6.70892477035522 0.00310111045837 30004
851417875120793 392 2.464111328125 0.60342472791672 -0.01580095291138 40004
851457804890483 392 -0.83148193359375 -2.58947110176086 0.00572466850281 50004
851497734665065 392 0.430908203125 6.17958402633667 -0.00225734710693 60004
851537664442424 392 -0.7860107421875 4.09743928909302 0.00502681732178 70004
851577594242894 392 -0.67901611328125 -3.22632312774658 0.00474500656128 80004
851617524019345 392 0.46905517578125 6.94149208068848 -0.00336122512817 90004
851258156028404 393 1.08981120586395 -6.27475786209106 -0.00673774490133 4
851298085800454 393 0.38907623291016 -7.50914287567139 -0.00225257873535 10004
851338015561314 393 -1.13339233398438 -2.98264718055725 0.00767159461975 20004
851377945350985 393 -0.6380615234375 6.70892477035522 0.00310111045837 30004
851417875120793 393 2.37353515625 0.3126520216465 -0.01580357551575 40004
851457804890483 393 -0.68563842773438 -2.84241604804993 0.00460314750671 50004
851497734665065 393 0.643310546875 5.89622831344604 -0.00337362289429 60004
851537664442424 393 -0.7401123046875 4.49804735183716 0.00503826141357 70004
851577594242894 393 -0.91357421875 -2.99207019805908 0.00473833084106 80004
851617524019345 393 0.37969970703125 6.63634300231934 -0.00336408615112 90004
851258156028404 394 1.08981120586395 -6.27475786209106 -0.00673774490133 4
851298085800454 394 0.41251373291016 -7.51945400238037 -0.00225436687469 10004
851338015561314 394 -1.34370422363281 -2.65699696540833 0.00767040252686 20004
851377945350985 394 -0.6380615234375 6.70892477035522 0.00310111045837 30004
851417875120793 394 2.2923583984375 -0.03586931154132 -0.01580667495728 40004
851457804890483 394 -0.60543823242188 -3.07586979866028 0.00460696220398 50004
851497734665065 394 0.69580078125 5.61236906051636 -0.00449180603027 60004
851537664442424 394 -0.6527099609375 4.87491846084595 0.00505113601685 70004
851577594242894 394 -1.150390625 -2.77313327789307 0.00681734085083 80004
851617524019345 394 0.25640869140625 6.34107208251953 -0.00131607055664 90004
851258156028404 395 1.08981120586395 -6.27475786209106 -0.00673774490133 4
851298085800454 395 0.41251373291016 -7.51945400238037 -0.00225532054901 10004
851338015561314 395 -1.65327453613281 -2.41227269172668 0.00972044467926 20004
851377945350985 395 -0.6380615234375 6.70892477035522 0.00310111045837 30004
851417875120793 395 2.09994506835938 -0.34505847096443 -0.01374626159668 40004
851457804890483 395 -0.4244384765625 -3.42927479743958 0.00349164009094 50004
851497734665065 395 0.65673828125 5.15604734420776 -0.0044891834259 60004
851537664442424 395 -0.6898193359375 5.32300043106079 0.00505828857422 70004
851577594242894 395 -1.2945556640625 -2.50077533721924 0.00881147384644 80004
851617524019345 395 0.23492431640625 6.01616668701172 -0.00131988525391 90004
851258156028404 396 1.08981120586395 -6.27475786209106 -0.00673774490133 4
851298085800454 396 0.41251373291016 -7.51945400238037 -0.00225627422333 10004
851338015561314 396 -1.83026123046875 -2.0596010684967 0.01173198223114 20004
851377945350985 396 -0.6380615234375 6.70892477035522 0.00310111045837 30004
851417875120793 396 2.0390625 -0.70420932769775 -0.01374840736389 40004
851457804890483 396 -0.3218994140625 -3.81298756599426 0.0023775100708 50004
851497734665065 396 0.82275390625 4.70329618453979 -0.00448393821716 60004
851537664442424 396 -0.6947021484375 5.77254724502563 0.00506591796875 70004
851577594242894 396 -1.4908447265625 -2.22977924346924 0.00880241394043 80004
851617524019345 396 0.28082275390625 5.69381713867188 -0.00132751464844 90004
851258156028404 397 1.08981120586395 -6.27475786209106 -0.00673774490133 4
851298085800454 397 0.41251373291016 -7.51945400238037 -0.00225722789764 10004
851338015561314 397 -2.05220031738281 -1.73480105400085 0.01377761363983 20004
851377945350985 397 -0.6380615234375 6.70892477035522 0.00310111045837 30004
851417875120793 397 1.9498291015625 -0.95181751251221 -0.01173377037048 40004
851457804890483 397 -0.347900390625 -4.20249700546265 0.00238275527954 50004
851497734665065 397 1.06494140625 4.28948926925659 -0.00672554969788 60004
851537664442425 397 0.069580078125 7.68135786056519 0.00000190734863 70004
851577594242894 397 -1.6680908203125 -1.9466667175293 0.01085758209229 80004
851617524019345 397 0.40582275390625 5.39712524414063 -0.00245714187622 90004
851258156028404 398 1.0430634021759 -6.19604063034058 -0.00673774350435 4
851298085800454 398 0.41251373291016 -7.51945400238037 -0.00225818157196 10004
851338015561314 398 -2.24568176269531 -1.39448428153992 0.01377618312836 20004
851377945350985 398 -0.6380615234375 6.70892477035522 0.00310111045837 30004
851417875120793 398 1.8323974609375 -1.19599652290344 -0.0117335319519 40004
851457804890483 398 -0.3310546875 -4.59007406234741 0.0023889541626 50004
851497734665065 398 1.23577880859375 3.85083866119385 -0.00784587860107 60004
851537664442425 398 0.115966796875 7.78061628341675 0.00000381469727 70004
851577594242894 398 -1.8746337890625 -1.68763446807861 0.01291799545288 80004
851617524019345 398 0.53570556640625 5.09981536865234 -0.00246000289917 90004
851258156028404 399 0.96384692192078 -5.98686170578003 -0.00673773977906 4
851298085800454 399 0.41251373291016 -7.51945400238037 -0.00225913524628 10004
851338015561314 399 -2.35505676269531 -1.05581200122833 0.01582777500153 20004
851377945350985 399 -0.6380615234375 6.70892477035522 0.00310111045837 30004
851417875120793 399 1.728515625 -1.49550080299377 -0.01173305511475 40004
851457804890483 399 -0.2562255859375 -4.9771876335144 0.00239658355713 50004
851497734665065 399 1.33953857421875 3.38242530822754 -0.00785326957703 60004
851537664442425 399 0.115966796875 7.78061628341675 0.00000381469727 70004
851577594242894 399 -2.0897216796875 -1.43781089782715 0.01291608810425 80004
851617524019345 399 0.65313720703125 4.79723167419434 -0.00357389450073 90004
851258156028404 400 0.92743742465973 -5.622398853302 -0.00673773419112 4
851298085800454 400 0.41251373291016 -7.51945400238037 -0.00226008892059 10004
851338015561314 400 -2.34284973144531 -0.79633247852325 0.01582765579224 20004
851377945350985 400 -0.6380615234375 6.70892477035522 0.00310111045837 30004
851417875120793 400 1.7216796875 -1.85972428321838 -0.01173281669617 40004
851457804890483 400 -0.2645263671875 -5.37450361251831 0.00240039825439 50004
851497734665065 400 1.52899169921875 2.93819618225098 -0.00898385047913 60004
851537664442425 400 0.115966796875 7.78061628341675 0.00000381469727 70004
851577594242894 400 -2.2235107421875 -1.13125610351563 0.0149393081665 80004
851617524019345 400 0.79766845703125 4.50633811950684 -0.00468158721924 90004
851258156028404 401 0.81577670574188 -5.27357625961304 -0.00471554649994 4
851298085800454 401 0.41251373291016 -7.51945400238037 -0.00226104259491 10004
851338015561314 401 -2.1932373046875 -0.51064217090607 0.0147043466568 20004
851377945350985 401 -0.65008544921875 6.50571584701538 0.00510025024414 30004
851417875120793 401 1.57373046875 -2.1615993976593 -0.00973057746887 40004
851457804890483 401 -0.1043701171875 -5.73785352706909 0.00128650665283 50004
851497734665065 401 1.88690185546875 2.6147289276123 -0.01123738288879 60004
851537664442425 401 0.115966796875 7.78061628341675 0.00000381469727 70004
851577594242894 401 -2.2147216796875 -0.79697418212891 0.01493692398071 80004
851617524019345 401 1.05157470703125 4.30453300476074 -0.00579977035522 90004
851258156028404 402 0.82251763343811 -4.91383790969849 -0.00471554137766 4
851298085800454 402 0.41251373291016 -7.51945400238037 -0.00226199626923 10004
851338015561314 402 -2.14239501953125 -0.14601059257984 0.01470410823822 20004
851377945350985 402 -0.54074096679688 6.17089414596558 0.00397419929504 30004
851417875120793 402 1.5316162109375 -2.51023602485657 -0.00973391532898 40004
851457804890483 402 0.05111694335938 -6.10327482223511 0.00016975402832 50004
851497734665065 402 2.11688232421875 2.20069026947021 -0.0134904384613 60004
851537664442425 402 0.115966796875 7.78061628341675 0.00000381469727 70004
851577594242894 402 -2.1004638671875 -0.48887705802917 0.01380825042725 80004
851617524019345 402 1.26007080078125 4.05866813659668 -0.00802612304688 90004
851258156028404 403 0.94335252046585 -4.57725048065186 -0.00583858322352 4
851298085800454 403 0.41251373291016 -7.51945400238037 -0.00226294994354 10004
851338015561314 403 -2.04180908203125 0.22420756518841 0.01357984542847 20004
851377945350985 403 -0.4776611328125 5.7783350944519 0.00397300720215 30004
851417875120793 403 1.4632568359375 -2.82512593269348 -0.00973749160767 40004
851457804890483 403 0.25375366210938 -6.39988279342651 -0.0009503364563 50004
851497734665065 403 2.38934326171875 1.81684195995331 -0.01461791992188 60004
851537664442425 403 0.115966796875 7.78061628341675 0.00000381469727 70004
851577594242894 403 -2.0213623046875 -0.17205190658569 0.01380395889282 80004
851617524019345 403 1.4444580078125 3.79162287712097 -0.00913143157959 90004
851258156028404 404 1.10078394412994 -4.25965404510498 -0.00696162087843 4
851298085800454 404 0.40558624267578 -7.50161266326904 -0.0022639632225 10004
851338015561314 404 -1.899658203125 0.58488672971725 0.01245367527008 20004
851377945350985 404 -0.5440673828125 5.38401746749878 0.00397217273712 30004
851417875120793 404 1.3280029296875 -3.10131311416626 -0.00770688056946 40004
851457804890484 404 0.0157470703125 -7.96633148193359 0.00000095367432 50004
851497734665065 404 2.6815185546875 1.51871287822723 -0.01686763763428 60004
851537664442425 404 0.120849609375 7.72380399703979 0.00000381469727 70004
851577594242894 404 -1.9930419921875 0.15936625003815 0.01380014419556 80004
851617524019345 404 1.61773681640625 3.51621985435486 -0.01024532318115 90004
851258156028404 405 1.1441468000412 -3.9186851978302 -0.0069616031833 4
851298085800454 405 0.37787628173828 -7.43024730682373 -0.00226491689682 10004
851338015561314 405 -1.881103515625 0.9791299700737 0.01245129108429 20004
851377945350985 405 -0.7379150390625 5.02602338790894 0.00397169589996 30004
851417875120793 405 1.08737182617188 -3.30367517471313 -0.00770807266235 40004
851457804890484 405 0.0787353515625 -7.83165740966797 0.00000333786011 50004
851497734665065 405 2.7772216796875 1.29659831523895 -0.01687979698181 60004
851537664442425 405 0.140380859375 7.49655485153198 0.00000381469727 70004
851577594242894 405 -1.9061279296875 0.48219454288483 0.01267242431641 80004
851617524019345 405 1.7803955078125 3.23521780967712 -0.01136112213135 90004
851258156028404 406 1.21790742874146 -3.55989074707031 -0.00696158455685 4
851298085800454 406 0.37787628173828 -7.43024730682373 -0.00226587057114 10004
851338015561314 406 -1.69773864746094 1.32862102985382 0.01132500171661 20004
851377945350985 406 -1.04461669921875 4.78353834152222 0.00766813755035 30004
851417875120793 406 0.95407104492188 -3.64264154434204 -0.00568699836731 40004
851457804890484 406 0.1065673828125 -7.80829620361328 0.00000333786011 50004
851497734665065 406 2.7672119140625 0.98768794536591 -0.01689028739929 60004
851537664442425 406 0.014404296875 7.06210660934448 0.00000429153442 70004
851577594242894 406 -1.8309326171875 0.80810987949371 0.01266670227051 80004
851617524019345 406 2.0177001953125 3.0138738155365 -0.01247596740723 90004
851258156028404 407 1.24778032302856 -3.23221111297607 -0.00696156173944 4
851298085800454 407 0.39371490478516 -7.28242969512939 -0.00226753950119 10004
851338015561314 407 -1.58866882324219 1.70519602298737 0.01132500171661 20004
851377945350985 407 -1.04461669921875 4.45442152023315 0.00766825675964 30004
851417875120793 407 0.93759155273438 -4.00008726119995 -0.00569367408752 40004
851457804890484 407 0.113525390625 -7.80245590209961 0.00000333786011 50004
851497734665065 407 2.7220458984375 0.82559812068939 -0.01689648628235 60004
851537664442425 407 -0.068359375 6.611487865448 0.0000057220459 70004
851577594242894 407 -1.6839599609375 1.10517537593842 0.01153898239136 80004
851617524019345 407 2.1217041015625 2.84546160697937 -0.01359128952026 90004
851258156028404 408 1.26364684104919 -2.89109706878662 -0.00808459240943 4
851298085800454 408 0.49131011962891 -7.01982402801514 -0.00226980447769 10004
851338015561314 408 -1.42739868164063 2.0549533367157 0.01020288467407 20004
851377945350985 408 -1.08709716796875 4.08188962936401 0.00766849517822 30004
851417875120793 408 0.89462280273438 -4.31975889205933 -0.00569868087769 40004
851457804890484 408 0.113525390625 -7.80245590209961 0.00000333786011 50004
851497734665065 408 2.5980224609375 0.6120799779892 -0.01690220832825 60004
851537664442425 408 -0.037109375 6.16246366500854 0.00000953674316 70004
851577594242894 408 -1.58074951171875 1.41526067256927 0.01040363311768 80004
851617524019345 408 2.2701416015625 2.65940546989441 -0.01358318328857 90004
851258156028404 409 1.33319878578186 -2.5380711555481 -0.00808459147811 4
851298085800454 409 0.68668365478516 -6.72488689422607 -0.00339442491531 10004
851338015561314 409 -1.22694396972656 2.3867871761322 0.00795435905457 20004
851377945350985 409 -1.22955322265625 3.72704434394836 0.00766897201538 30004
851417875120793 409 0.81893920898438 -4.61746025085449 -0.00570249557495 40004
851457804890484 409 0.113525390625 -7.80245590209961 0.00000333786011 50004
851497734665065 409 2.3851318359375 0.27812540531158 -0.0148651599884 60004
851537664442425 409 0.0751953125 5.71652936935425 0.0000114440918 70004
851577594242894 409 -1.51116943359375 1.73666417598724 0.01038599014282 80004
851617524019345 409 2.4705810546875 2.43735480308533 -0.01582193374634 90004
851258156028404 410 1.51618933677673 -2.22074174880981 -0.00920762773603 4
851298085800454 410 0.94526672363281 -6.52950572967529 -0.00564116239548 10004
851338015561314 410 -1.14271545410156 2.77238821983337 0.00795197486877 20004
851377945350985 410 -1.54449462890625 3.46888089179993 0.00974893569946 30004
851417875120793 410 0.84140014648438 -4.9810619354248 -0.00570964813232 40004
851457804890484 410 0.113525390625 -7.80245590209961 0.00000333786011 50004
851497734665065 410 2.1077880859375 -0.1160331517458 -0.01285600662231 60004
851537664442425 410 0.1318359375 5.25891065597534 0.00001430511475 70004
851577594242894 410 -1.3385009765625 2.02411317825317 0.00924491882324 80004
851617524019345 410 2.5604248046875 2.21318411827087 -0.01581287384033 90004
851258156028404 411 1.77304673194885 -1.95957124233246 -0.0103306658566 4
851298085800454 411 1.068359375 -6.50318813323975 -0.00676530599594 10004
851338015561314 411 -0.90324401855469 3.08629965782166 0.00682508945465 20004
851377945350985 411 -1.72042846679688 3.10184216499329 0.01180958747864 30004
851417875120793 411 0.70809936523438 -5.32002830505371 -0.00367140769958 40004
851457804890484 411 0.113525390625 -7.80245590209961 0.00000333786011 50004
851497734665065 411 1.8568115234375 -0.52771908044815 -0.01285934448242 60004
851537664442425 411 0.3759765625 4.86790418624878 -0.00222969055176 70004
851577594242894 411 -1.3033447265625 2.35683488845825 0.00922679901123 80004
851617524019345 411 2.7977294921875 1.99184012413025 -0.01692771911621 90004
851258156028404 412 2.04098296165466 -1.70993220806122 -0.01257675047964 4
851298085800454 412 1.09902954101563 -6.49660205841064 -0.00676494836807 10004
851338015561314 412 -0.78070068359375 3.4539783000946 0.00570297241211 20004
851377945350985 412 -1.90548706054688 2.73921227455139 0.01180815696716 30004
851417875120793 412 0.68319702148438 -5.5411205291748 -0.00367140769958 40004
851457804890484 412 0.113525390625 -7.80245590209961 0.00000333786011 50004
851497734665065 412 1.7537841796875 -0.98998576402664 -0.01081681251526 60004
851537664442425 412 0.563720703125 4.44843053817749 -0.00334978103638 70004
851577594242894 412 -1.16595458984375 2.655601978302 0.00808572769165 80004
851617524019345 412 2.9478759765625 1.71035313606262 -0.01804304122925 90004
851258156028404 413 2.30985116958618 -1.46117961406708 -0.01482282578945 4
851298085800454 413 1.09890747070313 -6.49660205841064 -0.00676476955414 10004
851338015561314 413 -0.77508544921875 3.84077715873718 0.00570392608643 20004
851377945350985 413 -2.08810424804688 2.37549424171448 0.01381957530975 30004
851417875120793 413 0.65634155273438 -5.81123924255371 -0.00367307662964 40004
851457804890484 413 0.113525390625 -7.80245590209961 0.00000333786011 50004
851497734665065 413 1.6014404296875 -1.43539261817932 -0.01082038879395 60004
851537664442425 413 0.697509765625 4.00870275497437 -0.004469871521 70004
851577594242894 413 -1.06390380859375 2.96568727493286 0.00694370269775 80004
851617524019345 413 3.00115966796875 1.39697480201721 -0.01916790008545 90004
851258156028404 414 2.54314756393433 -1.18722677230835 -0.01594582945108 4
851298085800454 414 1.09878540039063 -6.49660205841064 -0.00676465034485 10004
851338015561314 414 -0.80828857421875 4.21457958221436 0.00570440292358 20004
851377945350985 414 -2.30035400390625 2.03658604621887 0.01381826400757 30004
851417875120793 414 0.63082885742188 -6.16815185546875 -0.00367426872253 40004
851457804890484 414 0.113525390625 -7.80245590209961 0.00000333786011 50004
851497734665065 414 1.400390625 -1.86393904685974 -0.0087673664093 60004
851537664442425 414 0.84130859375 3.57913541793823 -0.00446796417236 70004
851577594242894 414 -0.99627685546875 3.28709077835083 0.00692844390869 80004
851617524019345 414 2.95135498046875 1.08106637001038 -0.01917028427124 90004
851258156028404 415 2.6779477596283 -0.84662842750549 -0.01706884801388 4
851298085800454 415 1.09866333007813 -6.49660205841064 -0.00676447153091 10004
851338015561314 415 -0.72357177734375 4.54579448699951 0.00570607185364 20004
851377945350985 415 -2.61627197265625 1.779780626297 0.01588654518127 30004
851417875120794 415 0 -8 0 40004
851457804890484 415 0.113525390625 -7.80245590209961 0.00000333786011 50004
851497734665065 415 1.34765625 -2.3430655002594 -0.00877046585083 60004
851537664442425 415 1.1199951171875 3.21233320236206 -0.00670623779297 70004
851577594242894 415 -0.82537841796875 3.57453966140747 0.00578737258911 80004
851617524019345 415 2.7989501953125 0.79309797286987 -0.01714563369751 90004
851258156028404 416 2.66043019294739 -0.55242902040482 -0.01706883497536 4
851298085800454 416 1.09854125976563 -6.49660205841064 -0.00676429271698 10004
851338015561314 416 -0.47285461425781 4.85058116912842 0.00345826148987 20004
851377945350985 416 -2.79400634765625 1.41350483894348 0.01793527603149 30004
851417875120794 416 0.1416015625 -7.69667053222656 -0.00000143051147 40004
851457804890484 416 0.113525390625 -7.80245590209961 0.00000333786011 50004
851497734665065 416 1.09698486328125 -2.75475144386292 -0.00672793388367 60004
851537664442425 416 1.21673583984375 2.76184415817261 -0.00781393051147 70004
851577594242894 416 -0.79217529296875 3.90726137161255 0.00576639175415 80004
851617524019345 416 2.6846923828125 0.48768281936646 -0.01714134216309 90004
851258156028404 417 2.52537727355957 -0.23728232085705 -0.0170688200742 4
851298085800454 417 1.09841918945313 -6.49660205841064 -0.00676411390305 10004
851338015561314 417 -0.33625793457031 5.21342945098877 0.00233292579651 20004
851377945350985 417 -2.84100341796875 1.14748787879944 0.01793527603149 30004
851417875120794 417 0.4000244140625 -7.4007511138916 -0.0022497177124 40004
851457804890484 417 0.113525390625 -7.80245590209961 0.00000333786011 50004
851497734665065 417 0.99395751953125 -3.21701741218567 -0.00672507286072 60004
851537664442425 417 1.45086669921875 2.37412023544312 -0.00893497467041 70004
851577594242894 417 -0.65655517578125 4.20602560043335 0.00463247299194 80004
851617524019345 417 2.4818115234375 0.23951709270477 -0.01513528823853 90004
851258156028404 418 2.37226581573486 0.09461785107851 -0.01504097040743 4
851298085800454 418 1.09829711914063 -6.49660205841064 -0.00676393508911 10004
851338015561314 418 -0.32283020019531 5.59853076934814 0.00232934951782 20004
851377945350985 418 -2.79730224609375 0.92951548099518 0.01793527603149 30004
851417875120794 418 0.6424560546875 -7.20784187316895 -0.00337409973145 40004
851457804890484 418 0.113525390625 -7.80245590209961 0.00000333786011 50004
851497734665065 418 0.88116455078125 -3.6817467212677 -0.00672221183777 60004
851537664442425 418 1.72705078125 2.00564336776733 -0.01005601882935 70004
851577594242894 418 -0.55645751953125 4.51610708236694 0.00462675094604 80004
851617524019345 418 2.2728271484375 -0.00902478583157 -0.01513147354126 90004
851258156028404 419 2.207270860672 0.41429573297501 -0.01504095643759 4
851298085800454 419 1.09817504882813 -6.49660205841064 -0.00676387548447 10004
851338015561315 419 0.04705810546875 7.63343191146851 -0.00000023841858 20004
851377945350985 419 -2.65228271484375 0.71036303043365 0.01793384552002 30004
851417875120794 419 0.78366088867188 -7.13856506347656 -0.00450158119202 40004
851457804890484 419 0.113525390625 -7.80245590209961 0.00000333786011 50004
851497734665065 419 0.73590087890625 -4.13889980316162 -0.00466108322144 60004
851537664442425 419 1.97247314453125 1.62048482894897 -0.01229524612427 70004
851577594242894 419 -0.50860595703125 4.84545278549194 0.00349807739258 80004
851617524019345 419 2.1197509765625 -0.29028820991516 -0.01309490203857 90004
851258156028404 420 1.9432852268219 0.66812056303024 -0.01295425090939 4
851298085800454 420 1.09805297851563 -6.49660205841064 -0.00676369667053 10004
851338015561315 420 0.23529052734375 8.037278175354 -0.00112450122833 20004
851377945350985 420 -2.34466552734375 0.44379484653473 0.01568853855133 30004
851417875120794 420 0.78414916992188 -7.13856506347656 -0.00450539588928 40004
851457804890484 420 0.113525390625 -7.80245590209961 0.00000333786011 50004
851497734665065 420 0.67047119140625 -4.61651515960693 -0.00465798377991 60004
851537664442425 420 2.13653564453125 1.19030523300171 -0.01341724395752 70004
851577594242894 420 -0.41094970703125 5.16468191146851 0.00349283218384 80004
851617524019345 420 2.0640869140625 -0.61133855581284 -0.0130934715271 90004
851258156028404 421 1.81129908561707 1.00975000858307 -0.01093519106507 4
851298085800454 421 1.09793090820313 -6.49660205841064 -0.0067635178566 10004
851338015561315 421 0.40611267089844 8.18048191070557 -0.00224936008453 20004
851377945350985 421 -2.17764282226563 0.07213270664215 0.01456499099731 30004
851417875120794 421 0.78463745117188 -7.13856506347656 -0.00450897216797 40004
851457804890484 421 0.113525390625 -7.80245590209961 0.00000333786011 50004
851497734665065 421 0.69976806640625 -5.09772396087646 -0.00465226173401 60004
851537664442425 421 2.46661376953125 0.87053823471069 -0.01565933227539 70004
851577594242894 421 -0.45684814453125 5.49607229232788 0.00348997116089 80004
851617524019345 421 1.9097900390625 -0.83330816030502 -0.01308965682983 90004
851258156028404 422 1.7968590259552 1.36925828456879 -0.0109351798892 4
851298085800454 422 1.09780883789063 -6.49660205841064 -0.00676333904266 10004
851338015561315 422 0.44908142089844 8.21628284454346 -0.0022519826889 20004
851377945350985 422 -1.9215087890625 -0.2060299962759 0.01343858242035 30004
851417875120794 422 0.78512573242188 -7.13856506347656 -0.00451278686523 40004
851457804890484 422 0.113525390625 -7.80245590209961 0.00000333786011 50004
851497734665065 422 0.57452392578125 -5.55435085296631 -0.00464916229248 60004
851537664442425 422 2.67218017578125 0.46796184778214 -0.01676464080811 70004
851577594242894 422 -0.60455322265625 5.79000616073608 0.00348806381226 80004
851617524019345 422 1.7525634765625 -1.10280215740204 -0.01104307174683 90004
851258156028404 423 1.74322903156281 1.72281551361084 -0.01093516591936 4
851298085800454 423 1.09768676757813 -6.49660205841064 -0.00676321983337 10004
851338015561315 423 0.44932556152344 8.21628284454346 -0.00225389003754 20004
851377945350985 423 -1.69564819335938 -0.51535946130753 0.01118969917297 30004
851417875120794 423 0.78561401367188 -7.13856506347656 -0.0045166015625 40004
851457804890484 423 0.1396484375 -7.73602676391602 0.00000476837158 50004
851497734665065 423 0.50079345703125 -6.01917171478271 -0.00261211395264 60004
851537664442425 423 2.74560546875 0.13787668943405 -0.01674699783325 70004
851577594242895 423 0.056640625 7.65372037887573 -0.00000190734863 80004
851617524019345 423 1.6622314453125 -1.40792071819305 -0.0110387802124 90004
851258156028404 424 1.57823491096497 2.04249548912048 -0.01093515940011 4
851298085800454 424 1.07901000976563 -6.45067119598389 -0.00676298141479 10004
851338015561315 424 0.44956970214844 8.21628284454346 -0.00225591659546 20004
851377945350985 424 -1.49395751953125 -0.86075812578201 0.01006507873535 30004
851417875120794 424 0.78610229492188 -7.13856506347656 -0.00452041625977 40004
851457804890484 424 0.2412109375 -7.56419944763184 -0.00111603736877 50004
851497734665066 424 0.030517578125 -7.93450927734375 0 60004
851537664442425 424 2.72314453125 -0.06198811158538 -0.0167384147644 70004
851577594242895 424 0.1787109375 7.86672163009644 -0.00112867355347 80004
851617524019345 424 1.6058349609375 -1.72293078899384 -0.01103258132935 90004
851258156028404 425 1.31424927711487 2.29632043838501 -0.00890304055065 4
851298085800454 425 1.00470733642578 -6.26694774627686 -0.00676280260086 10004
851338015561315 425 0.44981384277344 8.21628284454346 -0.00225794315338 20004
851377945350985 425 -1.18634033203125 -1.12736594676971 0.00781965255737 30004
851417875120794 425 0.78659057617188 -7.13856506347656 -0.00452399253845 40004
851457804890484 425 0.49072265625 -7.27546501159668 -0.00223660469055 50004
851497734665066 425 0.152587890625 -7.67254638671875 -0.00000381469727 60004
851537664442425 425 2.68310546875 -0.17147374153137 -0.0167293548584 70004
851577594242895 425 0.3271484375 7.9912257194519 -0.00113248825073 80004
851617524019345 425 1.4482421875 -2.00826621055603 -0.0090160369873 90004
851258156028404 426 1.18452894687653 2.63208484649658 -0.00689488044009 4
851298085800454 426 1.01361846923828 -6.09717082977295 -0.00676321983337 10004
851338015561315 426 0.45005798339844 8.21628284454346 -0.0022599697113 20004
851377945350985 426 -1.02032470703125 -1.49904906749725 0.00669729709625 30004
851417875120794 426 0.67080688476563 -7.31219482421875 -0.00452733039856 40004
851457804890484 426 0.62109375 -7.21698570251465 -0.00335717201233 50004
851497734665066 426 0.190673828125 -7.407470703125 -0.00112962722778 60004
851537664442425 426 2.59521484375 -0.2589211165905 -0.01671981811523 70004
851577594242895 426 0.33984375 7.99462842941284 -0.00113439559937 80004
851617524019345 426 1.416015625 -2.33233237266541 -0.0090126991272 90004
851258156028404 427 1.10473501682281 2.98663306236267 -0.00689486693591 4
851298085800454 427 1.03588104248047 -5.99141788482666 -0.00676339864731 10004
851338015561315 427 0.45249938964844 8.19198703765869 -0.00226187705994 20004
851377945350985 427 -0.98358154296875 -1.89730250835419 0.00669801235199 30004
851417875120794 427 0.54177856445313 -7.41622161865234 -0.00453042984009 40004
851457804890484 427 0.6536865234375 -7.20236587524414 -0.00335621833801 50004
851497734665066 427 0.369384765625 -7.08320045471191 -0.00225377082825 60004
851537664442425 427 2.3681640625 -0.4502212703228 -0.01463937759399 70004
851577594242895 427 0.343017578125 7.99547910690308 -0.00113439559937 80004
851617524019345 427 1.28302001953125 -2.6235625743866 -0.0090069770813 90004
851258156028404 428 0.96832859516144 3.31715846061707 -0.00689485529438 4
851298085800454 428 1.04912567138672 -5.94921207427979 -0.00676298141479 10004
851338015561315 428 0.44175720214844 8.13463687896729 -0.00226378440857 20004
851377945350985 428 -0.90374755859375 -2.28670048713684 0.00669884681702 30004
851417875120794 428 0.47512817382813 -7.45663452148438 -0.00249361991882 40004
851457804890484 428 0.6536865234375 -7.20236587524414 -0.00335621833801 50004
851497734665066 428 0.507080078125 -6.79758262634277 -0.00224757194519 60004
851537664442425 428 2.13232421875 -0.77157759666443 -0.01463842391968 70004
851577594242895 428 0.343017578125 7.99547910690308 -0.00113439559937 80004
851617524019345 428 1.18292236328125 -2.92573809623718 -0.00697994232178 90004
851258156028404 429 0.79529464244843 3.63256335258484 -0.00487177586183 4
851298085800454 429 1.04900360107422 -5.94921207427979 -0.00676280260086 10004
851338015561315 429 0.41209411621094 8.03058338165283 -0.00226593017578 20004
851377945350985 429 -0.78018188476563 -2.66724228858948 0.00557219982147 30004
851417875120794 429 0.47512817382813 -7.45663452148438 -0.00249361991882 40004
851457804890484 429 0.6536865234375 -7.20236587524414 -0.00335621833801 50004
851497734665066 429 0.54541015625 -6.59702491760254 -0.00336623191833 60004
851537664442425 429 1.96044921875 -1.19712662696838 -0.01263046264648 70004
851577594242895 429 0.343017578125 7.99547910690308 -0.00113439559937 80004
851617524019345 429 1.11627197265625 -3.23885893821716 -0.00696849822998 90004
851258156028404 430 0.73215305805206 3.99335551261902 -0.00487176701427 4
851298085800454 430 1.04888153076172 -5.94921207427979 -0.00676256418228 10004
851338015561315 430 0.36741638183594 7.86128044128418 -0.00226771831512 20004
851377945350985 430 -0.78604125976563 -3.07435441017151 0.00556945800781 30004
851417875120794 430 0.47512817382813 -7.45663452148438 -0.00249361991882 40004
851457804890484 430 0.6536865234375 -7.20236587524414 -0.00335621833801 50004
851497734665066 430 0.54931640625 -6.47649574279785 -0.00336360931396 60004
851537664442425 430 1.86767578125 -1.64893937110901 -0.01262855529785 70004
851577594242895 430 0.343017578125 7.99547910690308 -0.00113439559937 80004
851617524019345 430 0.94927978515625 -3.51914381980896 -0.00696086883545 90004
851258156028404 431 0.52249103784561 4.29361963272095 -0.00284433620982 4
851298085800454 431 1.04875946044922 -5.94921207427979 -0.00676226615906 10004
851338015561315 431 0.34886169433594 7.6876277923584 -0.00226962566376 20004
851377945350985 431 -0.6192626953125 -3.44603943824768 0.0044424533844 30004
851417875120794 431 0.47512817382813 -7.45663452148438 -0.00249361991882 40004
851457804890484 431 0.6561279296875 -7.21222305297852 -0.00335478782654 50004
851497734665066 431 0.55908203125 -6.15033149719238 -0.00336170196533 60004
851537664442425 431 1.69775390625 -1.87717461585999 -0.01060676574707 70004
851577594242895 431 0.350830078125 7.90227079391479 -0.00113725662231 80004
851617524019345 431 0.91607666015625 -3.84320998191834 -0.00695323944092 90004
851258156028404 432 0.42271202802658 4.63928604125977 -0.0028443376068 4
851298085800454 432 1.04863739013672 -5.94921207427979 -0.00676196813583 10004
851338015561315 432 0.44090270996094 7.36211776733398 -0.00227284431458 20004
851377945350985 432 -0.5819091796875 -3.84429478645325 0.00444138050079 30004
851417875120794 432 0.44033813476563 -7.36723899841309 -0.0024938583374 40004
851457804890484 432 0.65673828125 -7.21468734741211 -0.00335478782654 50004
851497734665066 432 0.4765625 -5.77217102050781 -0.0033597946167 60004
851537664442425 432 1.35089111328125 -2.09927439689636 -0.00857305526733 70004
851577594242895 432 0.30517578125 7.74768209457397 -0.0022611618042 80004
851617524019345 432 0.79278564453125 -4.1398720741272 -0.00494241714478 90004
851258156028404 433 0.39724799990654 5.00272369384766 -0.00284433900379 4
851298085800454 433 1.04851531982422 -5.94921207427979 -0.00676167011261 10004
851338015561315 433 0.49356079101563 7.06317138671875 -0.00227630138397 20004
851377945350985 433 -0.50143432617188 -4.23369121551514 0.00331699848175 30004
851417875120794 433 0.42764282226563 -7.14761161804199 -0.00249457359314 40004
851457804890484 433 0.65673828125 -7.21468734741211 -0.00335478782654 50004
851497734665066 433 0.28515625 -5.41915130615234 -0.00132870674133 60004
851537664442425 433 1.010498046875 -2.39463305473328 -0.0064492225647 70004
851577594242895 433 0.18408203125 7.5033278465271 -0.00226163864136 80004
851617524019345 433 0.70733642578125 -4.44622278213501 -0.00493907928467 90004
851258156028404 434 0.37050053477287 5.36151599884033 -0.00284434016794 4
851298085800454 434 1.04839324951172 -5.94921207427979 -0.00676149129868 10004
851338015561315 434 0.51193237304688 6.79142761230469 -0.00227892398834 20004
851377945350985 434 -0.37850952148438 -4.61081409454346 0.00331580638885 30004
851417875120794 434 0.43911743164063 -6.80324745178223 -0.00249624252319 40004
851457804890484 434 0.65673828125 -7.21468734741211 -0.00335478782654 50004
851497734665066 434 0.0546875 -5.08736801147461 -0.00133013725281 60004
851537664442425 434 0.78173828125 -2.78558325767517 -0.00435066223145 70004
851577594242895 434 0.038818359375 7.18426847457886 -0.000244140625 80004
851617524019345 434 0.66583251953125 -4.75721025466919 -0.00493621826172 90004
851258156028404 435 0.22688570618629 5.69842052459717 -0.00080762035213 4
851298085800454 435 1.04827117919922 -5.94921207427979 -0.0067612528801 10004
851338015561315 435 0.65568542480469 6.36974334716797 -0.00340366363525 20004
851377945350985 435 -0.38485717773438 -5.00426197052002 0.00331485271454 30004
851417875120794 435 0.42202758789063 -6.38597297668457 -0.00249671936035 40004
851457804890484 435 0.65673828125 -7.21468734741211 -0.00335478782654 50004
851497734665066 435 -0.05859375 -4.69187545776367 0.00067973136902 60004
851537664442425 435 0.68994140625 -3.2373960018158 -0.00434732437134 70004
851577594242895 435 -0.006103515625 6.84900999069214 -0.00024557113647 80004
851617524019345 435 0.55255126953125 -5.02564287185669 -0.00288915634155 90004
851258156028404 436 -0.04564014077187 5.94303560256958 -0.00080762046855 4
851298085800454 436 1.1734619140625 -6.00551223754883 -0.00676095485687 10004
851338015561315 436 0.60783386230469 5.92671203613281 -0.00340414047241 20004
851377945350985 436 -0.21884155273438 -5.37594318389893 0.00219035148621 30004
851417875120794 436 0.37661743164063 -5.97080421447754 -0.00249791145325 40004
851457804890484 436 0.65673828125 -7.21468734741211 -0.00335478782654 50004
851497734665066 436 0.005859375 -4.28554916381836 0.00067687034607 60004
851537664442425 436 0.74072265625 -3.69567465782166 -0.00434446334839 70004
851577594242895 436 0.026123046875 6.48936033248901 -0.00024843215942 80004
851617524019345 436 0.56427001953125 -5.35100603103638 -0.0028862953186 90004
851258156028405 437 0.09233662486076 7.73048734664917 0.00000000017462 4
851298085800454 437 1.2376708984375 -6.05766487121582 -0.0078843832016 10004
851338015561315 437 0.55928039550781 5.48374938964844 -0.00340497493744 20004
851377945350985 437 -0.0389404296875 -5.74120426177979 0.00106358528137 30004
851417875120794 437 0.36270141601563 -5.55380439758301 -0.00249862670898 40004
851457804890484 437 0.65673828125 -7.21468734741211 -0.00335478782654 50004
851497734665066 437 -0.00439453125 -3.87652897834778 0.00067496299744 60004
851537664442425 437 0.642822265625 -4.13777017593384 -0.00434255599976 70004
851577594242895 437 0.169677734375 6.16514730453491 -0.00024843215942 80004
851617524019345 437 0.49835205078125 -5.66684198379517 -0.00288343429565 90004
851258156028405 438 0.1916141808033 7.89414358139038 -0.00112304568756 4
851298085800454 438 1.24866485595703 -6.08305931091309 -0.00710040330887 10004
851338015561315 438 0.60649108886719 5.05130386352539 -0.00340676307678 20004
851377945350985 438 0.2132568359375 -6.0483980178833 -0.00118362903595 30004
851417875120794 438 0.27114868164063 -5.15650749206543 -0.00249910354614 40004
851457804890484 438 0.65673828125 -7.21468734741211 -0.00335478782654 50004
851497734665066 438 -0.12451171875 -3.49319767951965 0.00067377090454 60004
851537664442425 438 0.594482421875 -4.58525705337524 -0.00434160232544 70004
851577594242895 438 0.298095703125 5.83251333236694 -0.00137329101563 80004
851617524019345 438 0.47772216796875 -5.98407220840454 -0.00288677215576 90004
851258156028405 439 0.24821563065052 7.94163799285889 -0.00112304231152 4
851298085800454 439 1.24866485595703 -6.08305931091309 -0.00710135698318 10004
851338015561315 439 0.70353698730469 4.6239013671875 -0.0045313835144 20004
851377945350985 439 0.47802734375 -6.2852144241333 -0.00230443477631 30004
851417875120794 439 0.12124633789063 -4.77047348022461 -0.00044250488281 40004
851457804890484 439 0.6412353515625 -7.18955230712891 -0.00335431098938 50004
851497734665066 439 -0.36199951171875 -3.16645550727844 0.00273108482361 60004
851537664442425 439 0.60205078125 -5.01877450942993 -0.00433778762817 70004
851577594242895 439 0.34521484375 5.47815656661987 -0.00137567520142 80004
851617524019345 439 0.55853271484375 -6.29308176040649 -0.00288248062134 90004
851258156028405 440 0.24821563065052 7.94163799285889 -0.00112304044887 4
851298085800454 440 1.24866485595703 -6.08305931091309 -0.0071023106575 10004
851338015561315 440 0.66300964355469 4.18015098571777 -0.00453317165375 20004
851377945350986 440 0 -8 0 30004
851417875120794 440 0.06069946289063 -4.3572883605957 -0.00044345855713 40004
851457804890484 440 0.5792236328125 -7.08901214599609 -0.00335288047791 50004
851497734665066 440 -0.69891357421875 -2.92972683906555 0.00476503372192 60004
851537664442425 440 0.47998046875 -5.3780198097229 -0.00229644775391 70004
851577594242895 440 0.30517578125 5.11933088302612 -0.00137710571289 80004
851617524019346 440 0 -8 0 90004
851258156028405 441 0.24821563065052 7.94163799285889 -0.00112303858623 4
851298085800454 441 1.24866485595703 -6.08305931091309 -0.00710326433182 10004
851338015561315 441 0.81388854980469 3.76087808609009 -0.00453674793243 20004
851377945350986 441 0.09912109375 -7.78733062744141 -0.0000011920929 30004
851417875120794 441 -0.1689453125 -4.00848007202148 0.00156736373901 40004
851457804890484 441 0.5416259765625 -6.77064514160156 -0.00335121154785 50004
851497734665066 441 -0.90399169921875 -2.57298016548157 0.00476408004761 60004
851537664442425 441 0.53076171875 -5.83629465103149 -0.00341749191284 70004
851577594242895 441 0.42041015625 4.77710676193237 -0.00250291824341 80004
851617524019346 441 0.0517578125 -7.88803863525391 -0.00000667572021 90004
851258156028405 442 0.24821563065052 7.94163799285889 -0.00112303672358 4
851298085800454 442 1.24866485595703 -6.08305931091309 -0.00710421800613 10004
851338015561315 442 0.86643981933594 3.32219552993774 -0.00454080104828 20004
851377945350986 442 0.2447509765625 -7.57172012329102 -0.00112390518188 30004
851417875120794 442 -0.2769775390625 -3.6121072769165 0.00156617164612 40004
851457804890484 442 0.6212158203125 -6.42094993591309 -0.00334930419922 50004
851497734665066 442 -1.15301513671875 -2.24677205085754 0.00676298141479 60004
851537664442425 442 0.722900390625 -6.24634981155396 -0.00453948974609 70004
851577594242895 442 0.496826171875 4.42501783370972 -0.00250482559204 80004
851617524019346 442 0.25146484375 -7.70306968688965 -0.00113582611084 90004
851258156028405 443 0.24821563065052 7.94163799285889 -0.00112303486094 4
851298085800454 443 1.24866485595703 -6.08305931091309 -0.00710517168045 10004
851338015561315 443 0.97935485839844 2.90204668045044 -0.00566613674164 20004
851377945350986 443 0.3519287109375 -7.44903945922852 -0.00224483013153 30004
851417875120794 443 -0.42819213867188 -3.23333072662354 0.00360512733459 40004
851457804890484 443 0.6524658203125 -6.00378227233887 -0.00334692001343 50004
851497734665066 443 -1.33740234375 -1.88988995552063 0.00879192352295 60004
851537664442426 443 0.06640625 -7.85764694213867 0.00000190734863 70004
851577594242895 443 0.632568359375 4.09979581832886 -0.00363063812256 80004
851617524019346 443 0.4404296875 -7.5294017791748 -0.00226831436157 90004
851258156028405 444 0.24821563065052 7.94163799285889 -0.00112303299829 4
851298085800454 444 1.24866485595703 -6.08305931091309 -0.00710612535477 10004
851338015561315 444 1.1917724609375 2.51032304763794 -0.00679135322571 20004
851377945350986 444 0.391845703125 -7.42746162414551 -0.00224220752716 30004
851417875120794 444 -0.69406127929688 -2.92090892791748 0.00360035896301 40004
851457804890484 444 0.61181640625 -5.52876281738281 -0.00334596633911 50004
851497734665066 444 -1.482421875 -1.51258158683777 0.00879049301147 60004
851537664442426 444 0.2255859375 -7.55764579772949 -0.00111818313599 70004
851577594242895 444 0.8271484375 3.79684591293335 -0.00475645065308 80004
851617524019346 444 0.5360107421875 -7.42587852478027 -0.00339126586914 90004
851258156028405 445 0.24821563065052 7.94163799285889 -0.00112303113565 4
851298085800454 445 1.24866485595703 -6.08305931091309 -0.00710707902908 10004
851338015561315 445 1.421875 2.12885332107544 -0.00903904438019 20004
851377945350986 445 0.391845703125 -7.42746162414551 -0.00224030017853 30004
851417875120794 445 -1.052978515625 -2.70719814300537 0.00570011138916 40004
851457804890484 445 0.61767578125 -5.05127716064453 -0.00334453582764 50004
851497734665066 445 -1.74530029296875 -1.1965548992157 0.01080513000488 60004
851537664442426 445 0.4638671875 -7.21175956726074 -0.00223827362061 70004
851577594242895 445 0.9814453125 3.4702467918396 -0.00588321685791 80004
851617524019346 445 0.5350341796875 -7.42587852478027 -0.00338888168335 90004
851258156028405 446 0.24821563065052 7.94163799285889 -0.001123029273 4
851298085800454 446 1.09510040283203 -5.95783424377441 -0.00710755586624 10004
851338015561315 446 1.76222229003906 1.84153413772583 -0.01128721237183 20004
851377945350986 446 0.391845703125 -7.42746162414551 -0.0022383928299 30004
851417875120794 446 -1.287841796875 -2.36187267303467 0.0077223777771 40004
851457804890484 446 0.42138671875 -4.61602783203125 -0.00334310531616 50004
851497734665066 446 -2.1170654296875 -1.02145457267761 0.01293039321899 60004
851537664442426 446 0.533203125 -6.79765129089355 -0.00335836410522 70004
851577594242895 446 1.0849609375 3.12424993515015 -0.00588607788086 80004
851617524019346 446 0.5340576171875 -7.42587852478027 -0.00338649749756 90004
851258156028405 447 0.29463976621628 7.77207517623901 -0.00112302787602 4
851298085800454 447 1.05048370361328 -5.9137134552002 -0.00710797309875 10004
851338015561315 447 2.10845947265625 1.56106424331665 -0.01353573799133 20004
851377945350986 447 0.391845703125 -7.42746162414551 -0.00223648548126 30004
851417875120794 447 -1.582763671875 -2.0698938369751 0.00974082946777 40004
851457804890484 447 0.376708984375 -4.14910125732422 -0.00334167480469 50004
851497734665066 447 -2.3089599609375 -0.85916930437088 0.01502728462219 60004
851537664442426 447 0.493408203125 -6.38440132141113 -0.00335693359375 70004
851577594242895 447 1.291015625 2.83529901504517 -0.00813388824463 80004
851617524019346 447 0.5330810546875 -7.42587852478027 -0.00338363647461 90004
851258156028405 448 0.28614217042923 7.42798519134521 -0.00112302717753 4
851298085800454 448 1.04035186767578 -5.79671287536621 -0.0071085691452 10004
851338015561315 448 2.35322570800781 1.27888250350952 -0.01465952396393 20004
851377945350986 448 0.391845703125 -7.42746162414551 -0.00223457813263 30004
851417875120794 448 -1.82528686523438 -1.74197864532471 0.01177144050598 40004
851457804890484 448 0.483154296875 -3.69523239135742 -0.0033392906189 50004
851497734665066 448 -2.4085693359375 -0.65359956026077 0.01502847671509 60004
851537664442426 448 0.505615234375 -5.98415565490723 -0.00335454940796 70004
851577594242895 448 1.48248291015625 2.53421640396118 -0.00926399230957 80004
851617524019346 448 0.5321044921875 -7.42587852478027 -0.0033802986145 90004
851258156028405 449 0.1762775182724 6.97575569152832 -0.00112302566413 4
851298085800454 449 1.01531982421875 -5.5362548828125 -0.00710910558701 10004
851338015561315 449 2.46107482910156 1.0024561882019 -0.015784740448 20004
851377945350986 449 0.391845703125 -7.42746162414551 -0.002232670784 30004
851417875120794 449 -1.99343872070313 -1.3597617149353 0.01177191734314 40004
851457804890484 449 0.7205810546875 -3.28588199615479 -0.00445890426636 50004
851497734665066 449 -2.4407958984375 -0.36252650618553 0.01503014564514 60004
851537664442426 449 0.56201171875 -5.59026908874512 -0.00335264205933 70004
851577594242895 449 1.654296875 2.22131872177124 -0.0104022026062 80004
851617524019346 449 0.5357666015625 -7.44327926635742 -0.00337743759155 90004
851258156028405 450 -0.0264823064208 6.55315256118774 0.00095003895694 4
851298085800454 450 0.95111083984375 -5.1451416015625 -0.00711017847061 10004
851338015561315 450 2.46693420410156 0.75528001785278 -0.0157858133316 20004
851377945350986 450 0.391845703125 -7.42746162414551 -0.00223076343536 30004
851417875120794 450 -2.15719604492188 -0.97579538822174 0.01377654075623 40004
851457804890484 450 1.04873657226563 -2.93923664093018 -0.00670146942139 50004
851497734665066 450 -2.3675537109375 0.04238691180944 0.01503300666809 60004
851537664442426 450 0.48583984375 -5.17730522155762 -0.00335073471069 70004
851577594242895 450 1.9102783203125 1.96641719341278 -0.01154041290283 80004
851617524019346 450 0.5533447265625 -7.51288223266602 -0.00337505340576 90004
851258156028405 451 -0.03165807202458 6.08439493179321 0.00095003849128 4
851298085800454 451 1.02745819091797 -4.87366437911987 -0.00604420900345 10004
851338015561315 451 2.28831481933594 0.34712201356888 -0.01578676700592 20004
851377945350986 451 0.391845703125 -7.42746162414551 -0.00222885608673 30004
851417875120794 451 -2.14401245117188 -0.55838358402252 0.01377105712891 40004
851457804890484 451 1.19912719726563 -2.48626804351807 -0.00669097900391 50004
851497734665066 451 -2.1302490234375 0.37860429286957 0.01391196250916 60004
851537664442426 451 0.24267578125 -4.83519554138184 -0.001305103302 70004
851577594242895 451 2.0343017578125 1.62731921672821 -0.01267862319946 80004
851617524019346 451 0.5133056640625 -7.73134994506836 -0.00337219238281 90004
851258156028405 452 -0.14872039854527 5.63523387908936 0.00095003773458 4
851298085800454 452 1.08586883544922 -4.51111555099487 -0.00604432821274 10004
851338015561315 452 1.9964599609375 0.02007507532835 -0.01372277736664 20004
851377945350986 452 0.391845703125 -7.42746162414551 -0.0022269487381 30004
851417875120794 452 -2.05026245117188 -0.27601534128189 0.01376247406006 40004
851457804890484 452 1.48245239257813 -2.11304187774658 -0.00892758369446 50004
851497734665066 452 -2.0159912109375 0.76634341478348 0.0139148235321 60004
851537664442426 452 0.0244140625 -4.5211009979248 0.00070095062256 70004
851577594242895 452 2.257080078125 1.3513697385788 -0.01381587982178 80004
851617524019346 452 0.4937744140625 -7.79813766479492 -0.00336933135986 90004
851258156028405 453 -0.3752983212471 5.2333779335022 0.00299897184595 4
851298085800454 453 1.06902313232422 -4.12120008468628 -0.00604432821274 10004
851338015561315 453 1.74603271484375 -0.33549463748932 -0.01165127754211 20004
851377945350986 453 0.391845703125 -7.42746162414551 -0.00222504138947 30004
851417875120794 453 -1.982666015625 0.05136719346046 0.01375150680542 40004
851457804890484 453 1.86871337890625 -1.85203552246094 -0.011314868927 50004
851497734665066 453 -1.9344482421875 1.16950643062592 0.01279401779175 60004
851537664442426 453 -0.115234375 -4.16166496276855 0.00070190429688 70004
851577594242895 453 2.445068359375 1.05437076091766 -0.01494026184082 80004
851617524019346 453 0.4869384765625 -7.80625152587891 -0.00336647033691 90004
851258156028405 454 -0.62898182868958 4.84915113449097 0.00299897114746 4
851298085800454 454 1.00707244873047 -3.7319483757019 -0.00604456663132 10004
851338015561315 454 1.62181091308594 -0.75511384010315 -0.00961267948151 20004
851377945350986 454 0.391845703125 -7.42746162414551 -0.00222313404083 30004
851417875120794 454 -1.94906616210938 0.41135573387146 0.01261711120605 40004
851457804890484 454 2.28411865234375 -1.63384866714478 -0.01467990875244 50004
851497734665066 454 -1.8043212890625 1.55199706554413 0.01167297363281 60004
851537664442426 454 -0.204345703125 -3.75284147262573 0.00070381164551 70004
851577594242895 454 2.532470703125 0.75433051586151 -0.01606607437134 80004
851617524019346 454 0.4859619140625 -7.80625152587891 -0.00336360931396 90004
851258156028405 455 -0.74720859527588 4.39552974700928 0.00504123605788 4
851298085800454 455 1.01769256591797 -3.33569288253784 -0.00604522228241 10004
851338015561315 455 1.63987731933594 -1.20033812522888 -0.00961542129517 20004
851377945350986 455 0.391845703125 -7.42746162414551 -0.0022212266922 30004
851417875120794 455 -1.85775756835938 0.59907531738281 0.01260662078857 40004
851457804890484 455 2.61215209960938 -1.28720331192017 -0.01579999923706 50004
851497734665066 455 -1.55267333984375 1.87772071361542 0.01054835319519 60004
851537664442426 455 -0.353271484375 -3.3598895072937 0.00274038314819 70004
851577594242895 455 2.515869140625 0.57146346569061 -0.01607036590576 80004
851617524019346 455 0.4849853515625 -7.80625152587891 -0.00336122512817 90004
851258156028405 456 -1.04603207111359 4.03442001342773 0.00707816099748 4
851298085800454 456 1.19469451904297 -2.98098754882813 -0.00716888904572 10004
851338015561315 456 1.46800231933594 -1.61149573326111 -0.00961709022522 20004
851377945350986 456 0.383056640625 -7.42105293273926 -0.00221991539001 30004
851417875120794 456 -1.8519287109375 0.93405342102051 0.01260137557983 40004
851457804890484 456 2.95394897460938 -0.95474863052368 -0.01804137229919 50004
851497734665066 456 -1.46087646484375 2.27913379669189 0.00941705703735 60004
851537664442426 456 -0.654052734375 -3.066321849823 0.00479316711426 70004
851577594242895 456 2.479736328125 0.51117789745331 -0.01607036590576 80004
851617524019346 456 0.4840087890625 -7.80625152587891 -0.00335836410522 90004
851258156028405 457 -1.22374844551086 3.60800790786743 0.00707814842463 4
851298085800454 457 1.47177124023438 -2.70731353759766 -0.00941723585129 10004
851338015561315 457 1.43862915039063 -2.04819416999817 -0.00961875915527 20004
851377945350986 457 0.330322265625 -7.3249340057373 -0.00221884250641 30004
851417875120794 457 -1.7506103515625 1.224534034729 0.01147532463074 40004
851457804890484 457 3.1673583984375 -0.53700470924377 -0.02028203010559 50004
851497734665066 457 -1.24853515625 2.62377834320068 0.00829100608826 60004
851537664442426 457 -0.9013671875 -2.72875452041626 0.00480079650879 70004
851577594242895 457 2.37548828125 0.33415615558624 -0.01607084274292 80004
851617524019346 457 0.45465087890625 -7.77646255493164 -0.00335884094238 90004
851258156028405 458 -1.33868765830994 3.15413951873779 0.00910059921443 4
851298085800454 458 1.71555328369141 -2.40661287307739 -0.01054173707962 10004
851338015561315 458 1.41458129882813 -2.37716031074524 -0.00962030887604 20004
851377945350986 458 0.293701171875 -7.20707893371582 -0.00221717357635 30004
851417875120794 458 -1.6495361328125 1.56823539733887 0.01147985458374 40004
851457804890484 458 3.2354736328125 -0.0757745206356 -0.02027797698975 50004
851497734665066 458 -1.07806396484375 2.98734569549561 0.0071656703949 60004
851537664442426 458 -1.0986328125 -2.35927057266235 0.0068473815918 70004
851577594242895 458 2.202880859375 0.08233574032784 -0.0140528678894 80004
851617524019346 458 0.43511962890625 -7.7566032409668 -0.00336647033691 90004
851258156028405 459 -1.45829141139984 2.74138069152832 0.00910060573369 4
851298085800454 459 1.85508728027344 -2.04172301292419 -0.01166480779648 10004
851338015561315 459 1.29010009765625 -2.61912298202515 -0.00760698318481 20004
851377945350986 459 0.292724609375 -7.06393814086914 -0.00221574306488 30004
851417875120794 459 -1.538818359375 1.96297168731689 0.01036095619202 40004
851457804890484 459 3.1517333984375 0.38572824001312 -0.0202751159668 50004
851497734665066 459 -0.96063232421875 3.37829113006592 0.00716328620911 60004
851537664442426 459 -1.26129150390625 -1.9717104434967 0.00887823104858 70004
851577594242895 459 1.959716796875 -0.17558094859123 -0.01193761825562 80004
851617524019346 459 0.43804931640625 -7.72354888916016 -0.00337314605713 90004
851258156028405 460 -1.65901279449463 2.46899127960205 0.01114260498434 4
851298085800454 460 1.88218688964844 -1.64626336097717 -0.01166367530823 10004
851338015561315 460 0.99055480957031 -2.94888067245483 -0.00555741786957 20004
851377945350986 460 0.306396484375 -6.82043838500977 -0.0022144317627 30004
851417875120794 460 -1.30197143554688 2.30665302276611 0.00923919677734 40004
851457804890484 460 2.919189453125 0.80287957191467 -0.01823258399963 50004
851497734665066 460 -0.76043701171875 3.73783397674561 0.00491738319397 60004
851537664442426 460 -1.41729736328125 -1.58167099952698 0.00887870788574 70004
851577594242895 460 1.6405029296875 -0.34412655234337 -0.00988054275513 80004
851617524019346 460 0.44976806640625 -7.59133148193359 -0.00337696075439 90004
851258156028405 461 -2.03931570053101 2.19502925872803 0.01315826643258 4
851298085800454 461 2.07395172119141 -1.29938387870789 -0.01278656721115 10004
851338015561315 461 0.85847473144531 -3.37441778182983 -0.00555908679962 20004
851377945350986 461 0.504638671875 -6.45166397094727 -0.0022120475769 30004
851417875120794 461 -1.23214721679688 2.71840763092041 0.00811338424683 40004
851457804890484 461 2.531982421875 1.08272767066956 -0.01614308357239 50004
851497734665066 461 -0.73114013671875 4.14819383621216 0.00491547584534 60004
851537664442426 461 -1.723388671875 -1.29391884803772 0.01093435287476 70004
851577594242895 461 1.42279052734375 -0.63183385133743 -0.00988817214966 80004
851617524019346 461 0.48577880859375 -7.25849151611328 -0.00338363647461 90004
851258156028405 462 -2.3060610294342 1.81975984573364 0.01524163689464 4
851298085800454 462 2.36215209960938 -1.03769159317017 -0.01503330469131 10004
851338015561315 462 0.87049865722656 -3.81194758415222 -0.00556075572968 20004
851377945350986 462 0.6259765625 -6.21990394592285 -0.00333297252655 30004
851417875120794 462 -1.03671264648438 3.0791072845459 0.00698709487915 40004
851457804890484 462 2.26083374023438 1.46555256843567 -0.01408505439758 50004
851497734665066 462 -0.61834716796875 4.54076051712036 0.00491261482239 60004
851537664442426 462 -1.999267578125 -0.97817730903625 0.01296329498291 70004
851577594242895 462 1.31121826171875 -0.96847826242447 -0.00787162780762 80004
851617524019346 462 0.3968505859375 -6.88824653625488 -0.00338459014893 90004
851258156028405 463 -2.43781971931458 1.38148522377014 0.01524162851274 4
851298085800454 463 2.61819458007813 -0.74759769439697 -0.01615691184998 10004
851338015561315 463 0.83448791503906 -4.24547863006592 -0.00556075572968 20004
851377945350986 463 0.72763061523438 -6.08551979064941 -0.00445556640625 30004
851417875120794 463 -0.88314819335938 3.45682525634766 0.00586175918579 40004
851457804890484 463 1.95138549804688 1.81405186653137 -0.01193618774414 50004
851497734665066 463 -0.56610107421875 4.93899202346802 0.00378823280334 60004
851537664442426 463 -2.157958984375 -0.71390318870544 0.01296424865723 70004
851577594242895 463 1.24871826171875 -1.3238297700882 -0.00787258148193 80004
851617524019346 463 0.3250732421875 -6.49492454528809 -0.00135469436646 90004
851258156028405 464 -2.42221093177795 0.9212646484375 0.0152416229248 4
851298085800454 464 2.76889801025391 -0.38857054710388 -0.01728105545044 10004
851338015561315 464 0.75044250488281 -4.67496967315674 -0.00556075572968 20004
851377945350986 464 0.80868530273438 -6.02350997924805 -0.00445890426636 30004
851417875120794 464 -0.77145385742188 3.85156154632568 0.005859375 40004
851457804890484 464 1.60324096679688 2.1282262802124 -0.00991201400757 50004
851497734665066 464 -0.55804443359375 5.34302186965942 0.00378727912903 60004
851537664442426 464 -2.181396484375 -0.47975659370422 0.01496601104736 70004
851577594242895 464 1.23870849609375 -1.67836630344391 -0.00787401199341 80004
851617524019346 464 0.2760009765625 -6.0986499786377 -0.00135946273804 90004
851258156028405 465 -2.2559826374054 0.48290580511093 0.01524160429835 4
851298085800454 465 2.79624176025391 0.00688242912292 -0.01728284358978 10004
851338015561315 465 0.81050109863281 -5.11652851104736 -0.00556075572968 20004
851377945350986 465 0.80917358398438 -6.02350997924805 -0.00446093082428 30004
851417875120794 465 -0.53341674804688 4.1952428817749 0.00360512733459 40004
851457804890484 465 1.37081909179688 2.54537868499756 -0.00990986824036 50004
851497734665066 465 -0.41741943359375 5.72965669631958 0.00378441810608 60004
851537664442426 465 -2.119873046875 -0.1536008566618 0.01384305953979 70004
851577594242895 465 1.34515380859375 -2.02327394485474 -0.00787591934204 80004
851617524019346 465 0.1207275390625 -5.72534370422363 -0.0013632774353 90004
851258156028405 466 -1.92007005214691 0.15587103366852 0.01299548801035 4
851298085800454 466 2.65390777587891 0.37679755687714 -0.01728361845016 10004
851338015561315 466 0.67840576171875 -5.54200553894043 -0.00353288650513 20004
851377945350986 466 0.80966186523438 -6.02350997924805 -0.0044629573822 30004
851417875120794 466 -0.46359252929688 4.60699367523193 0.00359606742859 40004
851457804890484 466 1.28390502929688 3.01501750946045 -0.00788044929504 50004
851497734665066 466 -0.45355224609375 6.13948488235474 0.0037784576416 60004
851537664442426 466 -1.8753662109375 0.18729144334793 0.01272344589233 70004
851577594242895 466 1.31488037109375 -2.24736070632935 -0.00787782669067 80004
851617524019346 466 0.1383056640625 -5.3215503692627 -0.00136613845825 90004
851258156028405 467 -1.54834723472595 -0.12797938287258 0.01074938289821 4
851298085800454 467 2.40428924560547 0.67556869983673 -0.01523101329803 10004
851338015561315 467 0.69000244140625 -5.97953605651855 -0.00353395938873 20004
851377945350986 467 0.81015014648438 -6.02350997924805 -0.00446498394012 30004
851417875120794 467 -0.52926635742188 5.01193523406982 0.00359058380127 40004
851457804890484 467 1.05416870117188 3.42426300048828 -0.00787496566772 50004
851497734665067 467 0.10546875 7.75824499130249 -0.00000190734863 60004
851537664442426 467 -1.7574462890625 0.58194798231125 0.01161241531372 70004
851577594242895 467 1.16229248046875 -2.52825593948364 -0.00787878036499 80004
851617524019346 467 0.0262451171875 -4.94062232971191 0.00064706802368 90004
851258156028405 468 -1.21496331691742 -0.44954127073288 0.00850327499211 4
851298085800454 468 2.17343902587891 0.99057078361511 -0.01319682598114 10004
851338015561315 468 0.83573913574219 -6.39053153991699 -0.00465929508209 20004
851377945350986 468 0.81063842773438 -6.02350997924805 -0.00446701049805 30004
851417875120794 468 -0.56466674804688 5.33203792572021 0.00358462333679 40004
851457804890484 468 0.88473510742188 3.78464126586914 -0.00584530830383 50004
851497734665067 468 0.20654296875 7.93457174301147 -0.00112724304199 60004
851537664442426 468 -1.59747314453125 0.95868271589279 0.01049947738647 70004
851577594242895 468 1.04119873046875 -2.85704469680786 -0.00586175918579 80004
851617524019346 468 -0.0426025390625 -4.55207252502441 0.0006422996521 90004
851258156028405 469 -0.97795820236206 -0.84436810016632 0.00738022103906 4
851298085800454 469 2.03000640869141 1.35527038574219 -0.01319772005081 10004
851338015561316 469 0.03057861328125 -7.93444442749023 0 20004
851377945350986 469 0.81112670898438 -6.02350997924805 -0.00446903705597 30004
851417875120794 469 -0.52902221679688 5.6144437789917 0.00357699394226 40004
851457804890484 469 0.76947021484375 4.13065147399902 -0.00584554672241 50004
851497734665067 469 0.252685546875 7.9732871055603 -0.00113010406494 60004
851537664442426 469 -1.39410400390625 1.3174968957901 0.00937652587891 70004
851577594242895 469 0.95574951171875 -3.20124197006226 -0.00586271286011 80004
851617524019346 469 -0.0682373046875 -4.1559009552002 0.00063896179199 90004
851258156028405 470 -0.87928968667984 -1.30266928672791 0.0062571587041 4
851298085800454 470 1.98496246337891 1.74908447265625 -0.01319855451584 10004
851338015561316 470 0.15289306640625 -7.67222213745117 0 20004
851377945350986 470 0.81161499023438 -6.02350997924805 -0.0044709444046 30004
851417875120795 470 0 7.53247022628784 0 40004
851457804890484 470 0.49261474609375 4.51976585388184 -0.00378942489624 50004
851497734665067 470 0.252685546875 7.9732871055603 -0.00113391876221 60004
851537664442426 470 -1.31597900390625 1.73007547855377 0.00937652587891 70004
851577594242895 470 0.76043701171875 -3.5047926902771 -0.00586366653442 80004
851617524019346 470 -0.2235107421875 -3.78259468078613 0.00063610076904 90004
851258156028405 471 -0.59617376327515 -1.67634010314941 0.00401105964556 4
851298085800454 471 1.77768707275391 2.08694458007813 -0.01117408275604 10004
851338015561316 471 0.15289306640625 -7.47629165649414 0 20004
851377945350986 471 0.81210327148438 -6.02350997924805 -0.00447297096252 30004
851417875120795 471 0.14794921875 7.84936475753784 -0.00000143051147 40004
851457804890484 471 0.40603637695313 4.98940086364746 -0.00177669525146 50004
851497734665067 471 0.252685546875 7.9732871055603 -0.00113773345947 60004
851537664442426 471 -1.41949462890625 2.13702869415283 0.00937652587891 70004
851577594242895 471 0.63836669921875 -3.84470891952515 -0.00385665893555 80004
851617524019346 471 -0.50164794921875 -3.48825263977051 0.00271892547607 90004
851258156028405 472 -0.45139253139496 -2.11347985267639 0.00401104800403 4
851298085800454 472 1.66718292236328 2.46282386779785 -0.01117515563965 10004
851338015561316 472 0.15380859375 -7.37025451660156 -0.00000095367432 20004
851377945350986 472 0.81259155273438 -6.02350997924805 -0.00447499752045 30004
851417875120795 472 0.2852783203125 8.01286888122559 -0.00112533569336 40004
851457804890484 472 0.35659790039063 5.46386528015137 -0.00177526473999 50004
851497734665067 472 0.252685546875 7.9732871055603 -0.00114154815674 60004
851537664442426 472 -1.41607666015625 2.39348220825195 0.00937652587891 70004
851577594242895 472 0.63275146484375 -4.19934511184692 -0.00385665893555 80004
851617524019346 472 -0.66717529296875 -3.12680244445801 0.00472402572632 90004
851258156028405 473 -0.33632701635361 -2.56762862205505 0.00288800033741 4
851298085800454 473 1.51045989990234 2.81661772727966 -0.00916409492493 10004
851338015561316 473 0.1544189453125 -7.33221817016602 -0.00000238418579 20004
851377945350986 473 0.81307983398438 -6.02350997924805 -0.00447702407837 30004
851417875120795 473 0.3521728515625 8.06905937194824 -0.00224924087524 40004
851457804890484 473 0.22061157226563 5.90978050231934 -0.00177359580994 50004
851497734665067 473 0.252685546875 7.9732871055603 -0.001145362854 60004
851537664442426 473 -1.2740478515625 2.66707229614258 0.00825357437134 70004
851577594242895 473 0.59222412109375 -4.55044984817505 -0.00385713577271 80004
851617524019346 473 -0.75555419921875 -2.73421478271484 0.00472545623779 90004
851258156028405 474 -0.20838582515717 -3.01858949661255 0.00176495232154 4
851298085800454 474 1.29322814941406 3.1452362537384 -0.00916391611099 10004
851338015561316 474 0.1856689453125 -7.2979564666748 -0.00112760066986 20004
851377945350986 474 0.81356811523438 -6.02350997924805 -0.00447905063629 30004
851417875120795 474 0.3521728515625 8.06905937194824 -0.00224924087524 40004
851457804890485 474 0.029052734375 7.59470891952515 0.00000095367432 50004
851497734665067 474 0.252685546875 7.9732871055603 -0.00114917755127 60004
851537664442426 474 -1.07257080078125 3.02588653564453 0.00713539123535 70004
851577594242895 474 0.51702880859375 -4.89711618423462 -0.00385856628418 80004
851617524019346 474 -0.84564208984375 -2.3472900390625 0.00472831726074 90004
851258156028405 475 -0.09100691229105 -3.47245311737061 0.00064190477133 4
851298085800454 475 1.12991333007813 3.50262665748596 -0.00712335109711 10004
851338015561316 475 0.3106689453125 -7.16090965270996 -0.00112855434418 20004
851377945350986 475 0.81405639648438 -6.02350997924805 -0.00448107719421 30004
851417875120795 475 0.3521728515625 8.06905937194824 -0.00224924087524 40004
851457804890485 475 0.145263671875 7.84366369247437 0.00000333786011 50004
851497734665067 475 0.252685546875 7.9732871055603 -0.00115299224854 60004
851537664442426 475 -0.99639892578125 3.4384651184082 0.00715065002441 70004
851577594242895 475 0.55902099609375 -5.25578165054321 -0.00386047363281 80004
851617524019346 475 -1.05950927734375 -2.00365829467773 0.00673532485962 90004
851258156028405 476 -0.17643131315708 -3.93337202072144 0.00064190418925 4
851298085800454 476 0.99505615234375 3.87533783912659 -0.00712394714355 10004
851338015561316 476 0.3106689453125 -7.16090965270996 -0.00112855434418 20004
851377945350986 476 0.81454467773438 -6.02350997924805 -0.00448310375214 30004
851417875120795 476 0.3521728515625 8.06905937194824 -0.00224924087524 40004
851457804890485 476 0.221435546875 7.90758275985718 -0.00111722946167 50004
851497734665067 476 0.166748046875 7.73662328720093 -0.00115394592285 60004
851537664442426 476 -0.82843017578125 3.82253265380859 0.00604248046875 70004
851577594242895 476 0.44476318359375 -5.59844827651978 -0.00386095046997 80004
851617524019346 476 -1.398193359375 -1.78213691711426 0.00885677337646 90004
851258156028405 477 -0.10974758118391 -4.38901853561401 0.00064190267585 4
851298085800454 477 0.81968688964844 4.22981119155884 -0.00509744882584 10004
851338015561316 477 0.3106689453125 -7.16090965270996 -0.00112855434418 20004
851377945350986 477 0.75827026367188 -5.93500137329102 -0.00448501110077 30004
851417875120795 477 0.3521728515625 8.06905937194824 -0.00224924087524 40004
851457804890485 477 0.240478515625 7.92356252670288 -0.00111675262451 50004
851497734665067 477 0.03759765625 7.31537199020386 -0.00115489959717 60004
851537664442426 477 -0.74615478515625 4.23075008392334 0.00493431091309 70004
851577594242895 477 0.43377685546875 -5.95436143875122 -0.00183248519897 80004
851617524019346 477 -1.643310546875 -1.46903133392334 0.01092624664307 90004
851258156028405 478 -0.08704815804958 -4.81015634536743 0.00064190244302 4
851298085800454 478 0.56596374511719 4.5219202041626 -0.00308698415756 10004
851338015561316 478 0.3106689453125 -7.16090965270996 -0.00112855434418 20004
851377945350986 478 0.71627807617188 -5.84146118164063 -0.0044869184494 30004
851417875120795 478 0.3699951171875 7.98346424102783 -0.0022497177124 40004
851457804890485 478 0.240478515625 7.92356252670288 -0.00111675262451 50004
851497734665067 478 -0.05908203125 6.82337141036987 0.00087237358093 60004
851537664442426 478 -0.62310791015625 4.62506771087646 0.00494956970215 70004
851577594242895 478 0.53240966796875 -6.29289674758911 -0.00295734405518 80004
851617524019346 478 -1.919677734375 -1.18645477294922 0.01303291320801 90004
851258156028405 479 -0.11168909817934 -5.21492290496826 0.00064190191915 4
851298085800454 479 0.30342864990234 4.74233675003052 -0.00104951858521 10004
851338015561316 479 0.3106689453125 -7.16090965270996 -0.00112855434418 20004
851377945350986 479 0.70370483398438 -5.75787353515625 -0.00448858737946 30004
851417875120795 479 0.4000244140625 7.76771640777588 -0.0022509098053 40004
851457804890485 479 0.2489013671875 7.91768026351929 -0.00111627578735 50004
851497734665067 479 -0.127197265625 6.32534551620483 0.00087118148804 60004
851537664442426 479 -0.47442626953125 5.00922107696533 0.00383996963501 70004
851577594242896 479 0.013427734375 -7.97132682800293 0 80004
851617524019346 479 -2.20068359375 -0.97736102342606 0.01507186889648 90004
851258156028405 480 0.00569255370647 -5.66879653930664 0.00064190168632 4
851298085800454 480 0.20904541015625 4.91654062271118 -0.00105035305023 10004
851338015561316 480 0.3106689453125 -7.16090965270996 -0.00112855434418 20004
851377945350986 480 0.67977905273438 -5.63072967529297 -0.00449025630951 30004
851417875120795 480 0.4132080078125 7.41831302642822 -0.00225138664246 40004
851457804890485 480 0.2825927734375 7.89415121078491 -0.00111389160156 50004
851497734665067 480 -0.2496337890625 5.83690404891968 0.00086641311646 60004
851537664442426 480 -0.457275390625 5.42873096466064 0.00385093688965 70004
851577594242896 480 0.067138671875 -7.85663414001465 0 80004
851617524019346 480 -2.30810546875 -0.80554419755936 0.01508140563965 90004
851258156028405 481 0.30389621853828 -6.03054285049438 -0.00160419079475 4
851298085800454 481 0.18511962890625 5.31219339370728 -0.00105136632919 10004
851338015561316 481 0.3106689453125 -7.16090965270996 -0.00112855434418 20004
851377945350986 481 0.76376342773438 -5.30236053466797 -0.00449395179749 30004
851417875120795 481 0.3214111328125 7.08096408843994 -0.00225138664246 40004
851457804890485 481 0.2825927734375 7.89415121078491 -0.00111389160156 50004
851497734665067 481 -0.51605224609375 5.40957403182983 0.0028703212738 60004
851537664442426 481 -0.618408203125 5.81676197052002 0.00385856628418 70004
851577594242896 481 0.129638671875 -7.80421257019043 -0.00000286102295 80004
851617524019346 481 -2.30908203125 -0.80554419755936 0.0150899887085 90004
851258156028405 482 0.47426581382751 -6.37305164337158 -0.00272723427042 4
851298085800454 482 0.03742980957031 5.67238664627075 -0.00105220079422 10004
851338015561316 482 0.3106689453125 -7.16090965270996 -0.00112855434418 20004
851377945350986 482 0.79611206054688 -5.11137771606445 -0.00449633598328 30004
851417875120795 482 0.3427734375 6.73818492889404 -0.00225281715393 40004
851457804890485 482 0.28515625 7.86288022994995 -0.00111293792725 50004
851497734665067 482 -0.62884521484375 4.92775297164917 0.0048930644989 60004
851537664442427 482 0.119384765625 7.78876066207886 0.00000381469727 70004
851577594242896 482 0.145263671875 -7.79110717773438 -0.00000286102295 80004
851617524019346 482 -2.27197265625 -0.6791427731514 0.01510715484619 90004
851258156028406 483 0.03312867879868 -7.92895555496216 0.0000000000291 4
851298085800455 483 0.09098815917969 7.7275710105896 -0.00000035762787 10004
851338015561316 483 0.3106689453125 -7.16090965270996 -0.00112855434418 20004
851377945350986 483 0.86495971679688 -4.87184906005859 -0.00449955463409 30004
851417875120795 483 0.34228515625 6.39367198944092 -0.00225377082825 40004
851457804890485 483 0.2451171875 7.72706937789917 -0.00111198425293 50004
851497734665067 483 -0.77239990234375 4.45246458053589 0.00489163398743 60004
851537664442427 483 0.271240234375 8.0202112197876 -0.00111055374146 70004
851577594242896 483 0.145263671875 -7.79110717773438 -0.00000286102295 80004
851617524019346 483 -2.25390625 -0.40575248003006 0.0151195526123 90004
851258156028406 484 0.11165721714497 -7.7981972694397 0.00000000064028 4
851298085800455 484 0.26548004150391 8.05203056335449 -0.00112509727478 10004
851338015561316 484 0.3106689453125 -7.16090965270996 -0.00112855434418 20004
851377945350986 484 0.94708251953125 -4.51718521118164 -0.00562596321106 30004
851417875120795 484 0.3199462890625 6.05094623565674 -0.00225424766541 40004
851457804890485 484 0.1180419921875 7.47628736495972 -0.00110983848572 50004
851497734665067 484 -1.01458740234375 4.05221700668335 0.00691437721252 60004
851537664442427 484 0.379638671875 8.11110019683838 -0.00222015380859 70004
851577594242896 484 0.145263671875 -7.79110717773438 -0.00000286102295 80004
851617524019346 484 -2.224853515625 -0.02916017174721 0.01513004302979 90004
851258156028406 485 0.22701674699783 -7.7013988494873 -0.00112304405775 4
851298085800455 485 0.41716003417969 8.1793155670166 -0.00224959850311 10004
851338015561316 485 0.3106689453125 -7.16090965270996 -0.00112855434418 20004
851377945350986 485 0.91046142578125 -4.10013961791992 -0.0056277513504 30004
851417875120795 485 0.4107666015625 5.71335315704346 -0.00225424766541 40004
851457804890485 485 -0.14004516601563 7.16294050216675 0.00091147422791 50004
851497734665067 485 -1.306396484375 3.80300283432007 0.00900459289551 60004
851537664442427 485 0.379638671875 8.11110019683838 -0.00221252441406 70004
851577594242896 485 0.145263671875 -7.79110717773438 -0.00000286102295 80004
851617524019346 485 -2.067626953125 0.34247261285782 0.01402425765991 90004
851258156028406 486 0.22701674699783 -7.7013988494873 -0.00112304405775 4
851298085800455 486 0.62069702148438 8.23384475708008 -0.00337386131287 10004
851338015561316 486 0.3106689453125 -7.16090965270996 -0.00112855434418 20004
851377945350986 486 1.0537109375 -3.70666885375977 -0.0067549943924 30004
851417875120795 486 0.5753173828125 5.40475177764893 -0.00337910652161 40004
851457804890485 486 -0.47695922851563 6.93592023849487 0.00293183326721 50004
851497734665067 486 -1.5152587890625 3.34485006332397 0.00900340080261 60004
851537664442427 486 0.379638671875 8.11110019683838 -0.00220489501953 70004
851577594242896 486 0.145263671875 -7.79110717773438 -0.00000286102295 80004
851617524019346 486 -2.081298828125 0.73171097040176 0.01403284072876 90004
851258156028406 487 0.22701674699783 -7.7013988494873 -0.00112304405775 4
851298085800455 487 0.67144775390625 8.24747467041016 -0.00337332487106 10004
851338015561316 487 0.3106689453125 -7.16090965270996 -0.00112855434418 20004
851377945350986 487 1.09130859375 -3.29431819915771 -0.00675737857819 30004
851417875120795 487 0.6746826171875 5.07190608978271 -0.00338053703308 40004
851457804890485 487 -0.76602172851563 6.65884351730347 0.00499677658081 50004
851497734665067 487 -1.5633544921875 2.85254526138306 0.01103115081787 60004
851537664442427 487 0.432373046875 8.07397556304932 -0.00220203399658 70004
851577594242896 487 0.145263671875 -7.79110717773438 -0.00000286102295 80004
851617524019346 487 -1.99462890625 1.04349088668823 0.0129246711731 90004
851258156028406 488 0.22701674699783 -7.7013988494873 -0.00112304405775 4
851298085800455 488 0.67132568359375 8.24747467041016 -0.00337278842926 10004
851338015561316 488 0.3106689453125 -7.16090965270996 -0.00112855434418 20004
851377945350986 488 1.1787109375 -2.90312099456787 -0.00676023960114 30004
851417875120795 488 0.79837036132813 4.7482213973999 -0.00450825691223 40004
851457804890485 488 -0.97335815429688 6.40466642379761 0.00704073905945 50004
851497734665067 488 -1.6644287109375 2.37162446975708 0.0110228061676 60004
851537664442427 488 0.467529296875 8.04922580718994 -0.00220012664795 70004
851577594242896 488 0.145263671875 -7.79110717773438 -0.00000286102295 80004
851617524019346 488 -1.9306640625 1.38850259780884 0.01293849945068 90004
851258156028406 489 0.22701674699783 -7.7013988494873 -0.00112304405775 4
851298085800455 489 0.67120361328125 8.24747467041016 -0.00337225198746 10004
851338015561316 489 0.3106689453125 -7.16090965270996 -0.00112855434418 20004
851377945350986 489 1.30859375 -2.53733825683594 -0.0078843832016 30004
851417875120795 489 0.9957275390625 4.4667444229126 -0.00563883781433 40004
851457804890485 489 -1.04391479492188 6.20115613937378 0.00766682624817 50004
851497734665067 489 -1.91619873046875 1.9463175535202 0.01312851905823 60004
851537664442427 489 0.467529296875 8.04922580718994 -0.00220012664795 70004
851577594242896 489 0.145263671875 -7.79110717773438 -0.00000286102295 80004
851617524019346 489 -1.880615234375 1.78212308883667 0.01294946670532 90004
851258156028406 490 0.22701674699783 -7.7013988494873 -0.00112304405775 4
851298085800455 490 0.67108154296875 8.24747467041016 -0.00337171554565 10004
851338015561316 490 0.3106689453125 -7.16090965270996 -0.00112855434418 20004
851377945350986 490 1.31103515625 -2.16545867919922 -0.00788450241089 30004
851417875120795 490 1.2435302734375 4.25855541229248 -0.0070595741272 40004
851457804890485 490 -1.04391479492188 6.03089094161987 0.00766682624817 50004
851497734665067 490 -2.29998779296875 1.61954867839813 0.0151379108429 60004
851537664442427 490 0.467529296875 8.04922580718994 -0.00220012664795 70004
851577594242896 490 0.145263671875 -7.79110717773438 -0.00000286102295 80004
851617524019346 490 -1.703857421875 2.14441752433777 0.01184463500977 90004
851258156028406 491 0.22701674699783 -7.7013988494873 -0.00112304405775 4
851298085800455 491 0.67095947265625 8.24747467041016 -0.00337117910385 10004
851338015561316 491 0.3106689453125 -7.16090965270996 -0.00112855434418 20004
851377945350986 491 1.49026489257813 -1.7870979309082 -0.00900781154633 30004
851417875120795 491 1.3258056640625 3.93197965621948 -0.00818395614624 40004
851457804890485 491 -1.01608276367188 5.64685773849487 0.00766682624817 50004
851497734665067 491 -2.65350341796875 1.31080615520477 0.01717853546143 60004
851537664442427 491 0.459716796875 8.02784824371338 -0.00219869613647 70004
851577594242896 491 0.111083984375 -7.81772613525391 -0.00000381469727 80004
851617524019346 491 -1.564208984375 2.52281641960144 0.01073884963989 90004
851258156028406 492 0.22701674699783 -7.7013988494873 -0.00112304405775 4
851298085800455 492 0.63783264160156 8.15667724609375 -0.00337088108063 10004
851338015561316 492 0.27459716796875 -7.02659034729004 -0.00112879276276 20004
851377945350986 492 1.77676391601563 -1.49212312698364 -0.01125347614288 30004
851417875120795 492 1.3614501953125 3.58833456039429 -0.00818586349487 40004
851457804890485 492 -0.86080932617188 5.28511190414429 0.00654649734497 50004
851497734665067 492 -2.80780029296875 1.08454120159149 0.0171799659729 60004
851537664442427 492 0.362548828125 7.89604663848877 -0.002197265625 70004
851577594242896 492 0.1025390625 -7.82438087463379 -0.00000429153442 80004
851617524019346 492 -1.35455322265625 2.86503481864929 0.0096321105957 90004
851258156028406 493 0.22701674699783 -7.7013988494873 -0.00112304405775 4
851298085800455 493 0.63154602050781 7.9161548614502 -0.00337117910385 10004
851338015561316 493 0.24200439453125 -6.75180625915527 -0.00112915039063 20004
851377945350986 493 2.11566162109375 -1.24805688858032 -0.01349985599518 30004
851417875120795 493 1.45635986328125 3.26066732406616 -0.00931024551392 40004
851457804890485 493 -0.63845825195313 4.94717931747437 0.00430226325989 50004
851497734665067 493 -2.84686279296875 0.75061166286469 0.01920366287231 60004
851537664442427 493 0.267822265625 7.66507434844971 -0.00219535827637 70004
851577594242896 493 -0.0166015625 -7.7981128692627 -0.00000476837158 80004
851617524019346 493 -1.199951171875 3.20551180839539 0.00851488113403 90004
851258156028406 494 0.22701674699783 -7.7013988494873 -0.00112304405775 4
851298085800455 494 0.63580322265625 7.593017578125 -0.00337141752243 10004
851338015561316 494 0.2066650390625 -6.38401031494141 -0.00112950801849 20004
851377945350986 494 2.44024658203125 -0.99470895528793 -0.01462554931641 30004
851417875120795 494 1.58843994140625 2.94361066818237 -0.00931763648987 40004
851457804890485 494 -0.37393188476563 4.64331197738647 0.00318789482117 50004
851497734665067 494 -2.78411865234375 0.28576147556305 0.01808142662048 60004
851537664442427 494 0.17236328125 7.36431980133057 -0.00219392776489 70004
851577594242896 494 -0.2327880859375 -7.7303524017334 0.00200796127319 80004
851617524019346 494 -1.07977294921875 3.54848456382751 0.00739717483521 90004
851258156028406 495 0.22701674699783 -7.7013988494873 -0.00112304405775 4
851298085800455 495 0.55841064453125 7.38041353225708 -0.00337147712708 10004
851338015561316 495 0.1165771484375 -6.02427291870117 -0.00112974643707 20004
851377945350986 495 2.66928100585938 -0.64417546987534 -0.01687443256378 30004
851417875120795 495 1.61138916015625 2.59472227096558 -0.0093252658844 40004
851457804890485 495 -0.05606079101563 4.3924880027771 0.0009503364563 50004
851497734665067 495 -2.56243896484375 -0.16637986898422 0.01696038246155 60004
851537664442427 495 -0.02197265625 7.0413064956665 -0.00016593933105 70004
851577594242896 495 -0.3822021484375 -7.61691856384277 0.0020055770874 80004
851617524019346 495 -0.83465576171875 3.8679883480072 0.00627994537354 90004
851258156028406 496 0.22701674699783 -7.7013988494873 -0.00112304405775 4
851298085800455 496 0.59844970703125 6.92336130142212 -0.00337159633636 10004
851338015561316 496 0.1417236328125 -5.67126083374023 -0.00113022327423 20004
851377945350986 496 2.85662841796875 -0.26960176229477 -0.01800215244293 30004
851417875120795 496 1.77984619140625 2.28827619552612 -0.01045536994934 40004
851457804890485 496 0.1265869140625 4.0304274559021 -0.00016641616821 50004
851497734665067 496 -2.16986083984375 -0.48233699798584 0.01471614837646 60004
851537664442427 496 -0.06201171875 6.66635990142822 -0.00016403198242 70004
851577594242896 496 -0.3831787109375 -7.61691856384277 0.00200319290161 80004
851617524019346 496 -0.74774169921875 4.26216745376587 0.00516223907471 90004
851258156028406 497 0.22701674699783 -7.7013988494873 -0.00112304405775 4
851298085800455 497 0.48915100097656 6.48136234283447 -0.00337159633636 10004
851338015561316 497 0.04875183105469 -5.32326173782349 -0.00113034248352 20004
851377945350986 497 2.90936279296875 0.04915150254965 -0.01800417900085 30004
851417875120795 497 2.03363037109375 2.05673170089722 -0.01270198822021 40004
851457804890485 497 0.32763671875 3.67819738388062 -0.00128817558289 50004
851497734665067 497 -1.90545654296875 -0.90043187141418 0.01247262954712 60004
851537664442427 497 -0.2144775390625 6.33609104156494 0.00186634063721 70004
851577594242896 497 -0.3841552734375 -7.61691856384277 0.00200128555298 80004
851617524019346 497 -0.70184326171875 4.66277360916138 0.00516843795776 90004
851258156028406 498 0.22701674699783 -7.7013988494873 -0.00112304405775 4
851298085800455 498 0.25456237792969 6.08956527709961 -0.00132089853287 10004
851338015561316 498 -0.00454711914063 -4.96512222290039 0.00089406967163 20004
851377945350986 498 2.8306884765625 0.39153075218201 -0.01800632476807 30004
851417875120795 498 2.25955200195313 1.80021953582764 -0.01382780075073 40004
851457804890485 498 0.5986328125 3.38930082321167 -0.00353050231934 50004
851497734665067 498 -1.6375732421875 -1.32401871681213 0.01134705543518 60004
851537664442427 498 -0.3302001953125 5.99092960357666 0.00187397003174 70004
851577594242896 498 -0.3392333984375 -7.50407981872559 0.00199747085571 80004
851617524019346 498 -0.68914794921875 5.06620836257935 0.00517272949219 90004
851258156028406 499 0.22701674699783 -7.7013988494873 -0.00112304405775 4
851298085800455 499 -0.01146697998047 5.71832895278931 0.00079971551895 10004
851338015561316 499 -0.01834106445313 -4.60107612609863 0.00089240074158 20004
851377945350986 499 2.62890625 0.74966335296631 -0.01801037788391 30004
851417875120795 499 2.3919677734375 1.48316287994385 -0.01495623588562 40004
851457804890485 499 0.90191650390625 3.13043260574341 -0.00577735900879 50004
851497734665067 499 -1.3726806640625 -1.74281764030457 0.00909280776978 60004
851537664442427 499 -0.4066162109375 5.62716388702393 0.00188207626343 70004
851577594242896 499 -0.2076416015625 -7.23085784912109 0.00199222564697 80004
851617524019346 499 -0.65350341796875 5.46149492263794 0.00517511367798 90004
851258156028406 500 0.22701674699783 -7.7013988494873 -0.00112304405775 4
851298085800455 500 -0.14588928222656 5.27315473556519 0.00079888105392 10004
851338015561316 500 -0.15115356445313 -4.25467109680176 0.00089168548584 20004
851377945350986 500 2.31640625 1.02835750579834 -0.01598942279816 30004
851417875120795 500 2.4149169921875 1.13427448272705 -0.01496291160583 40004
851457804890485 500 1.10806274414063 2.7814793586731 -0.00689578056335 50004
851497734665067 500 -1.25457763671875 -2.232914686203 0.00909042358398 60004
851537664442427 500 -0.5892333984375 5.29694080352783 0.00393342971802 70004
851577594242896 500 0.04766845703125 -6.81500244140625 -0.00025510787964 80004
851617524019347 500 0 7.53247022628784 0 90004
851258156028406 501 0.22701674699783 -7.7013988494873 -0.00112304405775 4
851298085800455 501 -0.45589447021484 4.92654228210449 0.00288027524948 10004
851338015561316 501 -0.24668884277344 -3.8963463306427 0.00089013576508 20004
851377945350986 501 2.23095703125 1.21926593780518 -0.01397716999054 30004
851417875120795 501 2.2884521484375 0.80831944942474 -0.01496505737305 40004
851457804890485 501 1.33462524414063 2.4455189704895 -0.00800919532776 50004
851497734665067 501 -0.9420166015625 -2.62794947624207 0.00684237480164 60004
851537664442427 501 -0.6458740234375 4.92409229278564 0.00394153594971 70004
851577594242896 501 0.30841064453125 -6.40213012695313 -0.00137996673584 80004
851617524019347 501 0.0390625 7.9987940788269 -0.00001430511475 90004
851258156028406 502 0.22701674699783 -7.7013988494873 -0.00112304405775 4
851298085800455 502 -0.63417816162109 4.50602626800537 0.00491869449615 10004
851338015561316 502 -0.44902038574219 -3.59344720840454 0.00297164916992 20004
851377945350986 502 1.97201538085938 1.4720983505249 -0.01188576221466 30004
851417875120795 502 2.2740478515625 0.4651643037796 -0.01496958732605 40004
851457804890485 502 1.46267700195313 2.06592512130737 -0.00912261009216 50004
851497734665067 502 -0.8199462890625 -2.91049456596375 0.00571656227112 60004
851537664442427 502 -0.7728271484375 4.57133388519287 0.0039496421814 70004
851577594242896 502 0.56549072265625 -6.17579650878906 -0.00362968444824 80004
851617524019347 502 0.22314453125 8.42008495330811 -0.00114583969116 90004
851258156028406 503 0.27243694663048 -7.61072778701782 -0.00112304277718 4
851298085800455 503 -0.80782318115234 4.07665157318115 0.00491887331009 10004
851338015561316 503 -0.61582946777344 -3.27209973335266 0.00297141075134 20004
851377945350986 503 1.73666381835938 1.77968597412109 -0.01188576221466 30004
851417875120795 503 2.2222900390625 0.12774254381657 -0.01497387886047 40004
851457804890485 503 1.59991455078125 1.68707799911499 -0.01023602485657 50004
851497734665067 503 -0.6343994140625 -3.23053622245789 0.00459218025208 60004
851537664442427 503 -0.8714599609375 4.21118068695068 0.0059871673584 70004
851577594242896 503 0.76080322265625 -6.02287673950195 -0.00475931167603 80004
851617524019347 503 0.43505859375 8.69075298309326 -0.00227546691895 90004
851258156028406 504 0.38965901732445 -7.38600206375122 -0.00224608741701 4
851298085800455 504 -1.05918884277344 3.69525504112244 0.00700086355209 10004
851338015561316 504 -0.7232666015625 -2.91780209541321 0.00498521327972 20004
851377945350986 504 1.54208374023438 2.10433006286621 -0.00987064838409 30004
851417875120795 504 2.0712890625 -0.18367037177086 -0.01296234130859 40004
851457804890485 504 1.81427001953125 1.35105037689209 -0.01135325431824 50004
851497734665067 504 -0.3709716796875 -3.64933657646179 0.00346636772156 60004
851537664442427 504 -0.9569091796875 3.85055160522461 0.00599479675293 70004
851577594242896 504 0.86187744140625 -5.91661262512207 -0.00476408004761 80004
851617524019347 504 0.61669921875 8.79920482635498 -0.00339651107788 90004
851258156028406 505 0.58604282140732 -7.03108882904053 -0.00336912833154 4
851298085800455 505 -1.42659759521484 3.41032433509827 0.00909423828125 10004
851338015561316 505 -0.86647033691406 -2.57573461532593 0.0049843788147 20004
851377945350986 505 1.22525024414063 2.3778018951416 -0.00784158706665 30004
851417875120795 505 1.8466796875 -0.45145687460899 -0.01296234130859 40004
851457804890485 505 2.13116455078125 1.09760761260986 -0.01359152793884 50004
851497734665067 505 -0.2547607421875 -4.13943338394165 0.00234079360962 60004
851537664442427 505 -1.1580810546875 3.53076934814453 0.00807857513428 70004
851577594242896 505 0.86187744140625 -5.91661262512207 -0.00477170944214 80004
851617524019347 505 0.77294921875 8.82784557342529 -0.00451564788818 90004
851258156028406 506 0.91402816772461 -6.79241704940796 -0.0056152115576 4
851298085800455 506 -1.63924407958984 2.99677681922913 0.01115739345551 10004
851338015561316 506 -1.14064025878906 -2.32623314857483 0.00707221031189 20004
851377945350986 506 1.05337524414063 2.75961875915527 -0.00784122943878 30004
851417875120795 506 1.755859375 -0.7891691327095 -0.0109543800354 40004
851457804890485 506 2.45278930664063 0.85076105594635 -0.01471185684204 50004
851497734665067 506 -0.15301513671875 -4.63280344009399 0.00121331214905 60004
851537664442427 506 -1.3680419921875 3.21703720092773 0.00808620452881 70004
851577594242896 506 0.86187744140625 -5.91661262512207 -0.00477933883667 80004
851617524019347 506 0.77197265625 8.82784557342529 -0.00451278686523 90004
851258156028406 507 1.14122700691223 -6.68736410140991 -0.0067382492125 4
851298085800455 507 -1.78762054443359 2.55786275863647 0.01115727424622 10004
851338015561316 507 -1.375 -2.04058194160461 0.00908529758453 20004
851377945350986 507 1.01480102539063 3.16903305053711 -0.00577449798584 30004
851417875120795 507 1.7100830078125 -1.13480293750763 -0.01095795631409 40004
851457804890485 507 2.67291259765625 0.51922786235809 -0.01695346832275 50004
851497734665067 507 -0.21441650390625 -5.12367868423462 0.0012092590332 60004
851537664442427 507 -1.4630126953125 2.85906219482422 0.01009082794189 70004
851577594242896 507 0.86187744140625 -5.91661262512207 -0.0047869682312 80004
851617524019347 507 0.80029296875 8.80308055877686 -0.00450897216797 90004
851258156028406 508 1.23801982402802 -6.65711069107056 -0.00786129012704 4
851298085800455 508 -1.86772155761719 2.10225200653076 0.01115739345551 10004
851338015561316 508 -1.59735107421875 -1.74386036396027 0.01113998889923 20004
851377945350986 508 0.93179321289063 3.56924819946289 -0.00577640533447 30004
851417875120795 508 1.6070556640625 -1.4602118730545 -0.01096153259277 40004
851457804890485 508 2.774658203125 0.13890278339386 -0.01694989204407 50004
851497734665067 508 -0.22857666015625 -5.61697626113892 0.00119853019714 60004
851537664442427 508 -1.5382080078125 2.49003982543945 0.01009082794189 70004
851577594242896 508 0.86187744140625 -5.91661262512207 -0.00479459762573 80004
851617524019347 508 0.81884765625 8.78657054901123 -0.00450468063354 90004
851258156028406 509 1.23801982402802 -6.65711069107056 -0.00786129012704 4
851298085800455 509 -1.94915008544922 1.65275514125824 0.01322257518768 10004
851338015561316 509 -1.80198669433594 -1.43694567680359 0.01113939285278 20004
851377945350986 509 0.80435180664063 3.96026420593262 -0.00577807426453 30004
851417875120795 509 1.4678955078125 -1.7741881608963 -0.0089156627655 40004
851457804890485 509 2.74822998046875 -0.25546959042549 -0.01694536209106 50004
851497734665067 509 -0.09210205078125 -6.09296464920044 0.00118923187256 60004
851537664442427 509 -1.6212158203125 2.12264919281006 0.01009082794189 70004
851577594242896 509 0.86187744140625 -5.91661262512207 -0.00480222702026 80004
851617524019347 509 0.81787109375 8.78657054901123 -0.00450229644775 90004
851258156028406 510 1.23801982402802 -6.65711069107056 -0.00786129012704 4
851298085800455 510 -2.17526245117188 1.24636960029602 0.0132223367691 10004
851338015561316 510 -1.94943237304688 -1.09672570228577 0.01314127445221 20004
851377945350986 510 0.81021118164063 4.3788743019104 -0.00577974319458 30004
851417875120795 510 1.4371337890625 -2.12246251106262 -0.00891947746277 40004
851457804890485 510 2.59246826171875 -0.63029569387436 -0.01694440841675 50004
851497734665068 510 0 -8 0 60004
851537664442427 510 -1.6719970703125 1.74905431270599 0.01009130477905 70004
851577594242896 510 0.86187744140625 -5.91661262512207 -0.00480985641479 80004
851617524019347 510 0.81689453125 8.78657054901123 -0.00449991226196 90004
851258156028406 511 1.23801982402802 -6.65711069107056 -0.00786129012704 4
851298085800455 511 -2.20846557617188 0.78250813484192 0.0132223367691 10004
851338015561316 511 -2.22567749023438 -0.8494838476181 0.01516556739807 20004
851377945350986 511 0.63858032226563 4.76068735122681 -0.00372314453125 30004
851417875120795 511 1.3145751953125 -2.45001530647278 -0.00892281532288 40004
851457804890485 511 2.29324340820313 -0.90444654226303 -0.0149097442627 50004
851497734665068 511 0.130859375 -7.71965026855469 -0.00000238418579 60004
851537664442427 511 -1.87701416015625 1.43197858333588 0.01212787628174 70004
851577594242896 511 0.86187744140625 -5.91661262512207 -0.00481748580933 80004
851617524019347 511 0.71826171875 8.57409191131592 -0.00449705123901 90004
851258156028406 512 1.23801982402802 -6.65711069107056 -0.00786129012704 4
851298085800455 512 -2.09226226806641 0.3407199382782 0.01432240009308 10004
851338015561316 512 -2.40451049804688 -0.53197050094604 0.01516568660736 20004
851377945350986 512 0.38873291015625 5.09198045730591 -0.00167238712311 30004
851417875120795 512 1.304443359375 -2.79332661628723 -0.00892877578735 40004
851457804890485 512 2.07827758789063 -1.14224231243134 -0.01289296150208 50004
851497734665068 512 0.197998046875 -7.36001014709473 -0.00112819671631 60004
851537664442427 512 -2.13555908203125 1.16008126735687 0.01414012908936 70004
851577594242896 512 0.86187744140625 -5.91661262512207 -0.00482511520386 80004
851617524019347 512 0.609375 8.28826808929443 -0.00449371337891 90004
851258156028406 513 1.23801982402802 -6.65711069107056 -0.00786129012704 4
851298085800455 513 -1.84225463867188 -0.03826930373907 0.01207572221756 10004
851338015561316 513 -2.47166442871094 -0.17620661854744 0.01516509056091 20004
851377945350986 513 0.19171142578125 5.45010423660278 -0.00167095661163 30004
851417875120795 513 1.2568359375 -3.13138508796692 -0.00893425941467 40004
851457804890485 513 1.80142211914063 -1.34195411205292 -0.01080656051636 50004
851497734665068 513 0.310302734375 -6.9942684173584 -0.00112915039063 60004
851537664442427 513 -2.31329345703125 0.93464756011963 0.01414012908936 70004
851577594242896 513 0.86187744140625 -5.91661262512207 -0.00483274459839 80004
851617524019347 513 0.49462890625 7.90648555755615 -0.00247764587402 90004
851258156028406 514 1.21902561187744 -6.67773628234863 -0.00786129012704 4
851298085800455 514 -1.55027770996094 -0.38954022526741 0.01095199584961 10004
851338015561316 514 -2.42649841308594 0.17377468943596 0.01516377925873 20004
851377945350986 514 0.05120849609375 5.84216356277466 0.00036025047302 30004
851417875120795 514 1.13748168945313 -3.46016526222229 -0.00690603256226 40004
851457804890485 514 1.46160888671875 -1.55035960674286 -0.00878286361694 50004
851497734665068 514 0.4482421875 -6.63810157775879 -0.00224924087524 60004
851537664442427 514 -2.37164306640625 0.76790833473206 0.01615858078003 70004
851577594242896 514 0.86187744140625 -5.91661262512207 -0.00484037399292 80004
851617524019347 514 0.36859130859375 7.45617198944092 -0.00248050689697 90004
851258156028406 515 1.14306271076202 -6.76022148132324 -0.00786128826439 4
851298085800455 515 -1.38446044921875 -0.82396245002747 0.00982844829559 10004
851338015561316 515 -2.28144836425781 0.46157994866371 0.01516401767731 20004
851377945350987 515 0 7.53247022628784 0 30004
851417875120795 515 1.029052734375 -3.79262757301331 -0.00690960884094 40004
851457804890485 515 1.20233154296875 -1.86274325847626 -0.00877737998962 50004
851497734665068 515 0.4638671875 -6.24967384338379 -0.00224637985229 60004
851537664442427 515 -2.36773681640625 0.68304085731506 0.01615858078003 70004
851577594242896 515 0.86187744140625 -5.91661262512207 -0.00484800338745 80004
851617524019347 515 0.21331787109375 7.01479625701904 -0.00248336791992 90004
851258156028406 516 1.14306271076202 -6.76022148132324 -0.00786128826439 4
851298085800455 516 -1.22357177734375 -1.26031041145325 0.0087051987648 10004
851338015561316 516 -2.18281555175781 0.81893885135651 0.0151641368866 20004
851377945350987 516 0.09033203125 7.72654676437378 0 30004
851417875120795 516 0.82855224609375 -4.07894325256348 -0.00487852096558 40004
851457804890485 516 1.09930419921875 -2.25522971153259 -0.00675415992737 50004
851497734665068 516 0.3134765625 -5.89101600646973 -0.00224375724792 60004
851537664442427 516 -2.23980712890625 0.44140923023224 0.01503562927246 70004
851577594242896 516 0.86187744140625 -5.91661262512207 -0.00485563278198 80004
851617524019347 516 0.18402099609375 6.54777812957764 -0.00043535232544 90004
851258156028406 517 1.14306271076202 -6.76022148132324 -0.00786128826439 4
851298085800455 517 -1.21245574951172 -1.71698641777039 0.00870603322983 10004
851338015561316 517 -1.97732543945313 1.11975252628326 0.01291501522064 20004
851377945350987 517 0.292724609375 7.9258131980896 -0.00112247467041 30004
851417875120795 517 0.73269653320313 -4.40875244140625 -0.00488233566284 40004
851457804890485 517 1.10357666015625 -2.6560332775116 -0.00674510002136 50004
851497734665068 517 0.28759765625 -5.51003074645996 -0.0022406578064 60004
851537664442427 517 -1.99395751953125 0.21962411701679 0.01391267776489 70004
851577594242896 517 0.86187744140625 -5.91661262512207 -0.00486326217651 80004
851617524019347 517 0.30487060546875 6.10435199737549 -0.00156545639038 90004
851258156028406 518 1.14306271076202 -6.76022148132324 -0.00786128826439 4
851298085800455 518 -1.15139007568359 -2.16688656806946 0.00758326053619 10004
851338015561316 518 -1.78599548339844 1.43215525150299 0.01178967952728 20004
851377945350987 518 0.46484375 8.04030990600586 -0.00224232673645 30004
851417875120795 518 0.74734497070313 -4.74979782104492 -0.00488758087158 40004
851457804890485 518 1.05670166015625 -3.04937243461609 -0.00673770904541 50004
851497734665068 518 0.22021484375 -5.13648796081543 -0.00223731994629 60004
851537664442427 518 -1.72894287109375 -0.02980656176805 0.01167726516724 70004
851577594242896 518 0.82916259765625 -5.80694770812988 -0.00486707687378 80004
851617524019347 518 0.46014404296875 5.66321659088135 -0.00269603729248 90004
851258156028406 519 1.14306271076202 -6.76022148132324 -0.00786128826439 4
851298085800455 519 -0.94824981689453 -2.57601571083069 0.00645959377289 10004
851338015561316 519 -1.6114501953125 1.75202333927155 0.01066434383392 20004
851377945350987 519 0.543212890625 8.06130981445313 -0.00336337089539 30004
851417875120795 519 0.80020141601563 -5.08921241760254 -0.00489401817322 40004
851457804890485 519 0.96636962890625 -3.43759322166443 -0.0067310333252 50004
851497734665068 519 0.037109375 -4.80047988891602 -0.00023436546326 60004
851537664442427 519 -1.5172119140625 -0.33309391140938 0.01055812835693 70004
851577594242896 519 0.78497314453125 -5.60924339294434 -0.0048680305481 80004
851617524019347 519 0.55487060546875 5.21152400970459 -0.00269365310669 90004
851258156028406 520 1.14306271076202 -6.76022148132324 -0.00786128826439 4
851298085800455 520 -0.61807250976563 -2.90348076820374 0.00421297550201 10004
851338015561316 520 -1.33869934082031 2.00297498703003 0.00954103469849 20004
851377945350987 520 0.543212890625 8.06130981445313 -0.00336146354675 30004
851417875120795 520 0.73922729492188 -5.43351936340332 -0.00489783287048 40004
851457804890485 520 1.00640869140625 -3.84116911888123 -0.00672030448914 50004
851497734665068 520 -0.24383544921875 -4.53242111206055 0.00183320045471 60004
851537664442427 520 -1.4117431640625 -0.69516801834106 0.00943517684937 70004
851577594242896 520 0.80450439453125 -5.47641563415527 -0.0048680305481 80004
851617524019347 520 0.51971435546875 4.74487972259521 -0.0026912689209 90004
851258156028406 521 1.14306271076202 -6.76022148132324 -0.00786128826439 4
851298085800455 521 -0.45719909667969 -3.3398265838623 0.00308883190155 10004
851338015561316 521 -1.19734191894531 2.34581708908081 0.00841557979584 20004
851377945350987 521 0.543212890625 8.06130981445313 -0.00335955619812 30004
851417875120795 521 0.78414916992188 -5.78025245666504 -0.00490498542786 40004
851457804890485 521 0.87261962890625 -4.22427177429199 -0.0067150592804 50004
851497734665068 521 -0.38446044921875 -4.17049026489258 0.00182580947876 60004
851537664442427 521 -1.16473388671875 -0.97885942459106 0.0083122253418 70004
851577594242896 521 0.88848876953125 -5.10735893249512 -0.00487089157104 80004
851617524019347 521 0.68377685546875 4.30734920501709 -0.0038104057312 90004
851258156028406 522 1.15936672687531 -6.67461967468262 -0.00786128919572 4
851298085800455 522 -0.41152954101563 -3.79767036437988 0.00308799743652 10004
851338015561316 522 -1.17445373535156 2.70939302444458 0.00841403007507 20004
851377945350987 522 0.543212890625 8.06130981445313 -0.00335764884949 30004
851417875120795 522 0.71627807617188 -6.11690330505371 -0.00490951538086 40004
851457804890485 522 0.8338623046875 -4.55325508117676 -0.00467848777771 50004
851497734665068 522 -0.4697265625 -3.79290175437927 0.00383138656616 60004
851537664442427 522 -1.025390625 -1.32133769989014 0.00720119476318 70004
851577594242896 522 0.83184814453125 -4.65717506408691 -0.00487279891968 80004
851617524019347 522 0.97454833984375 3.95314884185791 -0.00605058670044 90004
851258156028406 523 1.17023527622223 -6.61755180358887 -0.00786128826439 4
851298085800455 523 -0.30618286132813 -4.23932218551636 0.00308692455292 10004
851338015561316 523 -1.11199951171875 3.06605768203735 0.00728869438171 20004
851377945350987 523 0.543212890625 8.06130981445313 -0.00335574150085 30004
851417875120795 523 0.68600463867188 -6.4569149017334 -0.00491428375244 40004
851457804890485 523 0.7713623046875 -4.82758903503418 -0.00468063354492 50004
851497734665068 523 -0.61474609375 -3.44232535362244 0.00383043289185 60004
851537664442427 523 -0.87353515625 -1.66152000427246 0.00609302520752 70004
851577594242896 523 0.79864501953125 -4.17511558532715 -0.00487518310547 80004
851617524019347 523 1.33831787109375 3.66530895233154 -0.00827932357788 90004
851258156028406 524 1.17023527622223 -6.61755180358887 -0.00786128826439 4
851298085800455 524 -0.15188598632813 -4.66931390762329 0.00196272134781 10004
851338015561316 524 -0.93730163574219 3.38592672348022 0.00616037845612 20004
851377945350987 524 0.5338134765625 8.0356330871582 -0.00335383415222 30004
851417875120796 524 0.012939453125 -7.97218894958496 -0.00000047683716 40004
851457804890485 524 0.68035888671875 -5.10726547241211 -0.00468277931213 50004
851497734665068 524 -0.837158203125 -3.12364935874939 0.00588655471802 60004
851537664442427 524 -0.711669921875 -1.99371099472046 0.00498533248901 70004
851577594242896 524 0.81451416015625 -3.6884605884552 -0.00487899780273 80004
851617524019347 524 1.697998046875 3.38005065917969 -0.01051187515259 90004
851258156028406 525 1.17023527622223 -6.61755180358887 -0.00786128826439 4
851298085800455 525 -0.14443969726563 -5.13431024551392 0.00196129083633 10004
851338015561316 525 -0.66453552246094 3.63687658309937 0.00503480434418 20004
851377945350987 525 0.4962158203125 7.93292093276978 -0.00335252285004 30004
851417875120796 525 0.064697265625 -7.8609447479248 -0.00000190734863 40004
851457804890485 525 0.67010498046875 -5.51279830932617 -0.00468444824219 50004
851497734665068 525 -1.058837890625 -2.80397772789001 0.0058856010437 60004
851537664442427 525 -0.664794921875 -2.36760473251343 0.00500059127808 70004
851577594242896 525 0.76666259765625 -3.20252537727356 -0.00488042831421 80004
851617524019347 525 1.949951171875 2.98678588867188 -0.01162672042847 90004
851258156028406 526 1.17023527622223 -6.61755180358887 -0.00786128826439 4
851298085800455 526 0.01155090332031 -5.57245779037476 0.00083673000336 10004
851338015561316 526 -0.58763122558594 3.82302618026733 0.00390982627869 20004
851377945350987 526 0.5225830078125 7.62022256851196 -0.00334870815277 30004
851417875120796 526 0.187255859375 -7.67763328552246 -0.00112628936768 40004
851457804890485 526 0.48944091796875 -5.87604904174805 -0.00264573097229 50004
851497734665068 526 -1.294189453125 -2.49425482749939 0.00795006752014 60004
851537664442427 526 -0.464599609375 -2.68589544296265 0.00389289855957 70004
851577594242896 526 0.92877197265625 -2.74189686775208 -0.00488233566284 80004
851617524019347 526 2.018310546875 2.52411270141602 -0.01274108886719 90004
851258156028406 527 1.17023527622223 -6.61755180358887 -0.00786128826439 4
851298085800455 527 0.01768493652344 -6.02922201156616 -0.0002868771553 10004
851338015561316 527 -0.58085632324219 4.14742755889893 0.00390934944153 20004
851377945350987 527 0.42333984375 7.25406312942505 -0.00334680080414 30004
851417875120796 527 0.2178955078125 -7.63180541992188 -0.00112628936768 40004
851457804890485 527 0.43658447265625 -6.27101135253906 -0.00264453887939 50004
851497734665068 527 -1.490966796875 -2.16016459465027 0.00995135307312 60004
851537664442427 527 -0.37939453125 -3.04588842391968 0.00278520584106 70004
851577594242896 527 1.22564697265625 -2.36498475074768 -0.00713109970093 80004
851617524019347 527 2.22802734375 2.11611366271973 -0.01385545730591 90004
851258156028406 528 1.17023527622223 -6.61755180358887 -0.00786128826439 4
851298085800455 528 0.07377624511719 -6.47979497909546 -0.00028699636459 10004
851338015561316 528 -0.51847839355469 4.50409030914307 0.00390791893005 20004
851377945350987 528 0.353271484375 6.85756349563599 -0.00132870674133 30004
851417875120796 528 0.2178955078125 -7.63180541992188 -0.00112628936768 40004
851457804890486 528 0.033447265625 -7.92807388305664 0 50004
851497734665068 528 -1.6527099609375 -1.80779802799225 0.00994682312012 60004
851537664442427 528 -0.26904296875 -3.39966535568237 0.00280046463013 70004
851577594242896 528 1.540283203125 -1.99179100990295 -0.00938892364502 80004
851617524019347 528 2.45361328125 1.70892906188965 -0.014967918396 90004
851258156028406 529 1.17023527622223 -6.61755180358887 -0.00786128826439 4
851298085800456 529 0.03567504882813 -7.9234676361084 0 10004
851338015561316 529 -0.41661071777344 4.85384273529053 0.0027836561203 20004
851377945350987 529 0.3533935546875 6.44854593276978 -0.00132727622986 30004
851417875120796 529 0.2642822265625 -7.59920692443848 -0.00112676620483 40004
851457804890486 529 0.15234375 -7.76248931884766 0.00000286102295 50004
851497734665068 529 -1.8282470703125 -1.46859800815582 0.01198363304138 60004
851537664442427 529 -0.13262939453125 -3.74406290054321 0.00167989730835 70004
851577594242896 529 1.85400390625 -1.62340950965881 -0.01164960861206 80004
851617524019347 529 2.598876953125 1.27350187301636 -0.01608753204346 90004
851258156028406 530 1.17023527622223 -6.61755180358887 -0.00786128826439 4
851298085800456 530 0.17838287353516 -7.61737251281738 -0.00112390518188 10004
851338015561316 530 -0.43321228027344 5.22432613372803 0.00278294086456 20004
851377945350987 530 0.3509521484375 6.03953409194946 -0.00132632255554 30004
851417875120796 530 0.4498291015625 -7.46881294250488 -0.00225067138672 40004
851457804890486 530 0.42724609375 -7.53170776367188 -0.00224041938782 50004
851497734665068 530 -2.1085205078125 -1.19935858249664 0.01407074928284 60004
851537664442427 530 -0.11407470703125 -4.12067270278931 0.00168323516846 70004
851577594242896 530 2.2532958984375 -1.34202599525452 -0.01390981674194 80004
851617524019347 530 2.596923828125 0.80557775497437 -0.01608324050903 90004
851258156028406 531 1.17023527622223 -6.61755180358887 -0.00786128826439 4
851298085800456 531 0.17850494384766 -7.2922306060791 -0.00112479925156 10004
851338015561316 531 -0.54879760742188 5.57668590545654 0.0027824640274 20004
851377945350987 531 0.5179443359375 5.66622018814087 -0.00244688987732 30004
851417875120796 531 0.6529541015625 -7.30151557922363 -0.00337481498718 40004
851457804890486 531 0.52294921875 -7.47342681884766 -0.00336098670959 50004
851497734665068 531 -2.1983642578125 -0.96765959262848 0.01407194137573 60004
851537664442427 531 -0.05059814453125 -4.49225473403931 0.00056219100952 70004
851577594242896 531 2.7191162109375 -1.20191025733948 -0.01728105545044 80004
851617524019347 531 2.396728515625 0.38200601935387 -0.0160756111145 90004
851258156028406 532 1.16995060443878 -6.61803245544434 -0.00786129012704 4
851298085800456 532 0.29496002197266 -6.90204095840454 -0.00112640857697 10004
851338015561316 532 -0.71577453613281 5.90626811981201 0.00481128692627 20004
851377945350987 532 0.554931640625 5.26616144180298 -0.00356841087341 30004
851417875120796 532 0.73086547851563 -7.25289344787598 -0.00450277328491 40004
851457804890486 532 0.546875 -7.4588565826416 -0.00335717201233 50004
851497734665068 532 -2.2054443359375 -0.68063843250275 0.0140745639801 60004
851537664442427 532 -0.09918212890625 -4.86043214797974 0.00056457519531 70004
851577594242896 532 3.19805908203125 -1.21990036964417 -0.01953840255737 80004
851617524019347 532 2.34521484375 -0.07482972741127 -0.01607036590576 90004
851258156028406 533 1.16976082324982 -6.61835289001465 -0.00786129012704 4
851298085800456 533 0.35569000244141 -6.47673559188843 -0.00225013494492 10004
851338015561317 533 0.05908203125 7.65924406051636 0 20004
851377945350987 533 0.63525390625 4.87501764297485 -0.0035662651062 30004
851417875120796 533 0.74917602539063 -7.24836158752441 -0.00450825691223 40004
851457804890486 533 0.546875 -7.4588565826416 -0.00335335731506 50004
851497734665068 533 -2.1014404296875 -0.35763677954674 0.01407694816589 60004
851537664442427 533 -0.10357666015625 -5.22851228713989 0.0005669593811 70004
851577594242896 533 3.54180908203125 -1.32230973243713 -0.02194404602051 80004
851617524019347 533 2.3623046875 -0.5419949889183 -0.01499652862549 90004
851258156028406 534 1.16976082324982 -6.61835289001465 -0.00786129012704 4
851298085800456 534 0.36838531494141 -6.04437398910522 -0.00225102901459 10004
851338015561317 534 0.2232666015625 7.91278791427612 -0.00112307071686 20004
851377945350987 534 0.78704833984375 4.49618577957153 -0.00468969345093 30004
851417875120796 534 0.74966430664063 -7.24836158752441 -0.00451183319092 40004
851457804890486 534 0.546875 -7.4588565826416 -0.0033495426178 50004
851497734665068 534 -1.9312744140625 -0.00966717116535 0.01295685768127 60004
851537664442427 534 0.01068115234375 -5.58085870742798 0.00057172775269 70004
851577594242896 534 3.69488525390625 -1.42290472984314 -0.02307033538818 80004
851617524019347 534 2.348388671875 -1.00145649909973 -0.01498985290527 90004
851258156028406 535 1.16976082324982 -6.61835289001465 -0.00786129012704 4
851298085800456 535 0.51987457275391 -5.63120746612549 -0.00225293636322 10004
851338015561317 535 0.52578735351563 8.16632556915283 -0.00337207317352 20004
851377945350987 535 0.89251708984375 4.10080003738403 -0.00469362735748 30004
851417875120796 535 0.75015258789063 -7.24836158752441 -0.00451564788818 40004
851457804890486 535 0.546875 -7.4588565826416 -0.00334572792053 50004
851497734665068 535 -1.8131103515625 0.3605871796608 0.01183772087097 60004
851537664442427 535 0.23626708984375 -5.8828911781311 -0.00054931640625 70004
851577594242896 535 3.69488525390625 -1.42290472984314 -0.02307033538818 80004
851617524019347 535 2.184326171875 -1.44008183479309 -0.01498460769653 90004
851258156028406 536 1.16976082324982 -6.61835289001465 -0.00786129012704 4
851298085800456 536 0.48252105712891 -5.19275379180908 -0.00225478410721 10004
851338015561317 536 0.89183044433594 8.26443958282471 -0.0056209564209 20004
851377945350987 536 1.15478515625 3.7867157459259 -0.00694239139557 30004
851417875120796 536 0.75064086914063 -7.24836158752441 -0.00451946258545 40004
851457804890486 536 0.546875 -7.4588565826416 -0.00334191322327 50004
851497734665068 536 -1.7349853515625 0.74137407541275 0.01183915138245 60004
851537664442427 536 0.27825927734375 -6.08244562149048 -0.00166940689087 70004
851577594242896 536 3.69488525390625 -1.42290472984314 -0.02307033538818 80004
851617524019347 536 1.850341796875 -1.76873517036438 -0.01285362243652 90004
851258156028406 537 1.16976082324982 -6.61835289001465 -0.00786129012704 4
851298085800456 537 0.30884552001953 -4.79696416854858 -0.00225585699081 10004
851338015561317 537 1.24266052246094 8.24324893951416 -0.00786757469177 20004
851377945350987 537 1.3726806640625 3.44196820259094 -0.00806570053101 30004
851417875120796 537 0.75112915039063 -7.24836158752441 -0.00452327728271 40004
851457804890486 537 0.546875 -7.4588565826416 -0.003338098526 50004
851497734665068 537 -1.54083251953125 1.07060384750366 0.01071333885193 60004
851537664442427 537 0.45794677734375 -6.35885858535767 -0.0027904510498 70004
851577594242896 537 3.69488525390625 -1.42290472984314 -0.02307033538818 80004
851617524019347 537 1.643798828125 -2.17986750602722 -0.01083660125732 90004
851258156028406 538 1.13048005104065 -6.53101778030396 -0.00786128919572 4
851298085800456 538 0.01944732666016 -4.47959041595459 -0.00019645690918 10004
851338015561317 538 1.24278259277344 8.15761661529541 -0.00706243515015 20004
851377945350987 538 1.60470581054688 3.10720372200012 -0.01031076908112 30004
851417875120796 538 0.75161743164063 -7.24836158752441 -0.0045268535614 40004
851457804890486 538 0.546875 -7.4588565826416 -0.00333428382874 50004
851497734665068 538 -1.36700439453125 1.41268587112427 0.00957989692688 60004
851537664442428 538 0.03759765625 -7.91938018798828 0.00000381469727 70004
851577594242896 538 3.69488525390625 -1.42290472984314 -0.02307033538818 80004
851617524019347 538 1.579833984375 -2.63238406181335 -0.01083087921143 90004
851258156028406 539 1.07291042804718 -6.30143737792969 -0.00786128826439 4
851298085800456 539 -0.29656982421875 -4.20922994613647 0.00168657302856 10004
851338015561317 539 1.24794006347656 8.01243686676025 -0.00706458091736 20004
851377945350987 539 1.85519409179688 2.7847855091095 -0.01143383979797 30004
851417875120796 539 0.75210571289063 -7.24836158752441 -0.00453042984009 40004
851457804890486 539 0.546875 -7.4588565826416 -0.00333046913147 50004
851497734665068 539 -1.2933349609375 1.7721643447876 0.00845146179199 60004
851537664442428 539 0.100830078125 -7.77787971496582 0.00000381469727 70004
851577594242896 539 3.69488525390625 -1.42290472984314 -0.02307033538818 80004
851617524019347 539 1.57928466796875 -3.03755140304565 -0.00927114486694 90004
851258156028406 540 1.07830107212067 -5.90708923339844 -0.00786128919572 4
851298085800456 540 -0.48145294189453 -3.88739919662476 0.00374573469162 10004
851338015561317 540 1.24842834472656 7.94551181793213 -0.00706803798676 20004
851377945350987 540 2.07345581054688 2.43879246711731 -0.01255750656128 30004
851417875120796 540 0.75259399414063 -7.24836158752441 -0.00453424453735 40004
851457804890486 540 0.546875 -7.4588565826416 -0.0033266544342 50004
851497734665068 540 -1.3392333984375 2.09371900558472 0.00844955444336 60004
851537664442428 540 0.128173828125 -7.69559669494629 0.0000057220459 70004
851577594242896 540 3.69488525390625 -1.42290472984314 -0.02307033538818 80004
851617524019347 540 1.46990966796875 -3.03755140304565 -0.00926637649536 90004
851258156028406 541 0.9119513630867 -5.53720951080322 -0.0058010336943 4
851298085800456 541 -0.68401336669922 -3.49678778648376 0.00374537706375 10004
851338015561317 541 1.24867248535156 7.94551181793213 -0.0070698261261 20004
851377945350987 541 2.31100463867188 2.28639531135559 -0.01480543613434 30004
851417875120796 541 0.71939086914063 -7.2602710723877 -0.00453782081604 40004
851457804890486 541 0.546875 -7.4588565826416 -0.00332283973694 50004
851497734665068 541 -1.2796630859375 2.28967237472534 0.00844764709473 60004
851537664442428 541 0.128173828125 -7.69559669494629 0.0000057220459 70004
851577594242896 541 3.69488525390625 -1.42290472984314 -0.02307033538818 80004
851617524019347 541 1.19842529296875 -3.07403516769409 -0.00851488113403 90004
851258156028406 542 0.87451905012131 -5.14056968688965 -0.00580103276297 4
851298085800456 542 -0.80599212646484 -3.07690978050232 0.00575113296509 10004
851338015561317 542 1.24891662597656 7.94551181793213 -0.00707161426544 20004
851377945350987 542 2.51553344726563 2.01837563514709 -0.01593101024628 30004
851417875120796 542 0.71145629882813 -7.26324844360352 -0.00454163551331 40004
851457804890486 542 0.546875 -7.4588565826416 -0.00331902503967 50004
851497734665068 542 -1.14208984375 2.60344266891479 0.00844478607178 60004
851537664442428 542 0.158203125 -7.57741928100586 0.00000762939453 70004
851577594242896 542 3.66558837890625 -1.40703749656677 -0.02306938171387 80004
851617524019347 542 1.112060546875 -3.43364572525024 -0.00643920898438 90004
851258156028406 543 0.93649166822433 -4.7438063621521 -0.00580103322864 4
851298085800456 543 -0.98735046386719 -2.68750357627869 0.00575077533722 10004
851338015561317 543 1.17091369628906 7.86726093292236 -0.00707340240479 20004
851377945350987 543 2.69668579101563 1.67883801460266 -0.01705622673035 30004
851417875120796 543 0.71194458007813 -7.26324844360352 -0.00454545021057 40004
851457804890486 543 0.546875 -7.4588565826416 -0.00331521034241 50004
851497734665068 543 -1.04144287109375 2.97339200973511 0.00731921195984 60004
851537664442428 543 0.22705078125 -7.32443618774414 -0.00111293792725 70004
851577594242896 543 3.51226806640625 -1.34199786186218 -0.02306938171387 80004
851617524019347 543 0.989990234375 -3.87403726577759 -0.00642824172974 90004
851258156028406 544 1.01742625236511 -4.35174942016602 -0.00580102903768 4
851298085800456 544 -1.27208709716797 -2.35461616516113 0.0078399181366 10004
851338015561317 544 1.01580810546875 7.6459436416626 -0.00707471370697 20004
851377945350987 544 2.82244873046875 1.29720091819763 -0.01818239688873 30004
851417875120796 544 0.71243286132813 -7.26324844360352 -0.00454902648926 40004
851457804890486 544 0.546875 -7.4588565826416 -0.00331139564514 50004
851497734665068 544 -0.96331787109375 3.34714555740356 0.00731587409973 60004
851537664442428 544 0.3037109375 -6.98279762268066 -0.00110912322998 70004
851577594242896 544 3.18975830078125 -1.26634764671326 -0.02103567123413 80004
851617524019347 544 0.819091796875 -4.30096578598022 -0.00437164306641 90004
851258156028406 545 0.98597180843353 -3.94737458229065 -0.00580102624372 4
851298085800456 545 -1.60808563232422 -2.07059669494629 0.00994634628296 10004
851338015561317 545 0.86445617675781 7.23006677627563 -0.00505197048187 20004
851377945350987 545 2.81854248046875 0.88820213079453 -0.01818645000458 30004
851417875120796 545 0.71292114257813 -7.26324844360352 -0.00455260276794 40004
851457804890486 545 0.546875 -7.4588565826416 -0.00330758094788 50004
851497734665068 545 -0.76507568359375 3.68159151077271 0.00506711006165 60004
851537664442428 545 0.3173828125 -6.66143226623535 -0.00110816955566 70004
851577594242896 545 2.70233154296875 -1.29051566123962 -0.01685523986816 80004
851617524019347 545 0.794677734375 -4.76828145980835 -0.00436925888062 90004
851258156028406 546 1.12836611270905 -3.56757855415344 -0.00692406250164 4
851298085800456 546 -2.03262329101563 -1.95518684387207 0.01403349637985 10004
851338015561317 546 0.62153625488281 6.86011743545532 -0.00505363941193 20004
851377945350987 546 2.68182373046875 0.60242980718613 -0.01819038391113 30004
851417875120796 546 0.71340942382813 -7.26324844360352 -0.00455617904663 40004
851457804890486 546 0.4990234375 -7.33841896057129 -0.00330638885498 50004
851497734665068 546 -0.72698974609375 4.06844758987427 0.0050642490387 60004
851537664442428 546 0.1650390625 -6.29363441467285 -0.00110673904419 70004
851577594242896 546 2.249267578125 -1.10631346702576 -0.01482057571411 80004
851617524019347 546 0.574951171875 -5.18174886703491 -0.00436639785767 90004
851258156028406 547 1.23635458946228 -3.25960755348206 -0.00692404620349 4
851298085800456 547 -2.39073181152344 -1.71332001686096 0.0160693526268 10004
851338015561317 547 0.51304626464844 6.43912649154663 -0.00296449661255 20004
851377945350987 547 2.55972290039063 0.31096261739731 -0.01616489887238 30004
851417875120796 547 0.73440551757813 -7.09428787231445 -0.00456285476685 40004
851457804890486 547 0.503173828125 -7.0263557434082 -0.00330352783203 50004
851497734665068 547 -0.58123779296875 4.42311716079712 0.00393891334534 60004
851537664442428 547 0.137939453125 -5.93999290466309 -0.00110530853271 70004
851577594242896 547 1.77734375 -0.98793625831604 -0.01069784164429 80004
851617524019347 547 0.468994140625 -5.63243818283081 -0.0023512840271 90004
851258156028406 548 1.31529784202576 -2.93077993392944 -0.00804708432406 4
851298085800456 548 -2.65096282958984 -1.37159597873688 0.01606911420822 10004
851338015561317 548 0.35972595214844 6.03515386581421 -0.00296628475189 20004
851377945350987 548 2.36660766601563 0.01034003868699 -0.0161657333374 30004
851417875120796 548 0.73782348632813 -6.82099533081055 -0.00456857681274 40004
851457804890486 548 0.447021484375 -6.60068130493164 -0.00330090522766 50004
851497734665068 548 -0.48114013671875 4.78922891616821 0.00393676757813 60004
851537664442428 548 0.197998046875 -5.57356834411621 -0.0011043548584 70004
851577594242896 548 1.2943115234375 -0.94376444816589 -0.00857353210449 80004
851617524019347 548 0.498046875 -6.07383298873901 -0.002357006073 90004
851258156028406 549 1.50896620750427 -2.58258605003357 -0.00917012244463 4
851298085800456 549 -2.78897094726563 -0.96198689937592 0.01808965206146 10004
851338015561317 549 0.1072998046875 5.67217683792114 -0.00088560581207 20004
851377945350987 549 2.13662719726563 -0.31877836585045 -0.01408350467682 30004
851417875120796 549 0.71109008789063 -6.46711349487305 -0.00457215309143 40004
851457804890486 549 0.3665771484375 -6.12227821350098 -0.00128936767578 50004
851497734665068 549 -0.48504638671875 5.17596101760864 0.00393509864807 60004
851537664442428 549 0.306884765625 -5.19062614440918 -0.0010986328125 70004
851577594242896 549 0.816650390625 -0.90008449554443 -0.00641202926636 80004
851617524019348 549 0.037841796875 -7.91879653930664 -0.00000190734863 90004
851258156028406 550 1.80996823310852 -2.31068420410156 -0.01141619216651 4
851298085800456 550 -2.78738403320313 -0.52194726467133 0.01808893680573 10004
851338015561317 550 -0.17369079589844 5.33020067214966 0.00115537643433 20004
851377945350987 550 2.02285766601563 -0.71161299943924 -0.01408410072327 30004
851417875120796 550 0.66683959960938 -6.01549911499023 -0.0045759677887 40004
851457804890486 550 0.4461669921875 -5.63489723205566 -0.00240993499756 50004
851497734665068 550 -0.55633544921875 5.55804109573364 0.0039336681366 60004
851537664442428 550 0.426025390625 -4.81063652038574 -0.00221872329712 70004
851577594242896 550 0.370361328125 -0.70108890533447 -0.00216245651245 80004
851617524019348 550 0.189208984375 -7.5939826965332 -0.00113248825073 90004
851258156028406 551 2.01230955123901 -1.95913290977478 -0.01253923494369 4
851298085800456 551 -2.60488891601563 -0.13393379747868 0.01696503162384 10004
851338015561317 551 -0.2838134765625 4.90152645111084 0.00115346908569 20004
851377945350987 551 1.85195922851563 -1.08324658870697 -0.01201677322388 30004
851417875120796 551 0.81802368164063 -5.58736038208008 -0.00458288192749 40004
851457804890486 551 0.3123779296875 -5.15948677062988 -0.00240850448608 50004
851497734665068 551 -0.56024169921875 5.94675874710083 0.00393223762512 60004
851537664442428 551 0.694580078125 -4.51666831970215 -0.00446081161499 70004
851577594242896 551 0.210205078125 -0.51669120788574 -0.00216341018677 80004
851617524019348 551 0.247802734375 -7.19448471069336 -0.00114011764526 90004
851258156028406 552 2.23571109771729 -1.62088203430176 -0.01366227120161 4
851298085800456 552 -2.55819702148438 0.29310372471809 0.01696521043777 10004
851338015561317 552 -0.31884765625 4.46249485015869 0.00115156173706 20004
851377945350987 552 1.81106567382813 -1.48291671276093 -0.0120165348053 30004
851417875120796 552 0.82290649414063 -5.14161491394043 -0.00458765029907 40004
851457804890486 552 0.3089599609375 -4.67147636413574 -0.00240468978882 50004
851497734665069 552 0.107666015625 7.76327466964722 -0.00000143051147 60004
851537664442428 552 0.87744140625 -4.16778564453125 -0.00557994842529 70004
851577594242896 552 0.06982421875 -0.11847676336765 -0.00015497207642 80004
851617524019348 552 0.367919921875 -6.81068229675293 -0.00227022171021 90004
851258156028406 553 2.38479399681091 -1.25401854515076 -0.01478527486324 4
851298085800456 553 -2.51062774658203 0.61265802383423 0.01696538925171 10004
851338015561317 553 -0.40058898925781 4.0336799621582 0.00315141677856 20004
851377945350987 553 1.76956176757813 -1.78033339977264 -0.01201605796814 30004
851417875120796 553 0.81948852539063 -4.68963050842285 -0.00459361076355 40004
851457804890486 553 0.4512939453125 -4.2108325958252 -0.00239944458008 50004
851497734665069 553 0.271728515625 7.99470090866089 -0.00112676620483 60004
851537664442428 553 0.94677734375 -3.78520178794861 -0.0055775642395 70004
851577594242896 553 0.02197265625 0.2368179410696 -0.00015687942505 80004
851617524019348 553 0.422119140625 -6.4201488494873 -0.00227546691895 90004
851258156028406 554 2.40870547294617 -0.85632348060608 -0.01478522829711 4
851298085800456 554 -2.35578155517578 0.83238768577576 0.0158417224884 10004
851338015561317 554 -0.59437561035156 3.6444833278656 0.00315093994141 20004
851377945350987 554 1.69827270507813 -1.98872363567352 -0.01000654697418 30004
851417875120796 554 0.88772583007813 -4.24424362182617 -0.00460124015808 40004
851457804890486 554 0.6951904296875 -3.78138184547424 -0.00351977348328 50004
851497734665069 554 0.4658203125 8.1259765625 -0.00224661827087 60004
851537664442428 554 0.958251953125 -3.38990473747253 -0.00557565689087 70004
851577594242896 554 0.01708984375 0.53501671552658 -0.00015926361084 80004
851617524019348 554 0.38525390625 -6.01812362670898 -0.00227880477905 90004
851258156028406 555 2.30110478401184 -0.46527051925659 -0.01478520501405 4
851298085800456 555 -2.01773834228516 1.11404192447662 0.01359444856644 10004
851338015561317 555 -0.90904235839844 3.33313155174255 0.00527739524841 20004
851377945350987 555 1.66946411132813 -2.26483154296875 -0.01000654697418 30004
851417875120796 555 1.04840087890625 -3.81975936889648 -0.00573182106018 40004
851457804890486 555 0.937255859375 -3.35080552101135 -0.00576543807983 50004
851497734665069 555 0.6884765625 8.18576049804688 -0.00336527824402 60004
851537664442428 555 1.0506591796875 -3.00265574455261 -0.00669288635254 70004
851577594242896 555 -0.11669921875 1.00450384616852 -0.000159740448 80004
851617524019348 555 0.33447265625 -5.61751174926758 -0.00228214263916 90004
851258156028406 556 2.03836917877197 -0.15637119114399 -0.01271415036172 4
851298085800456 556 -1.83046722412109 1.5121978521347 0.01247078180313 10004
851338015561317 556 -1.09030151367188 2.92948889732361 0.00730669498444 20004
851377945350987 556 1.45950317382813 -2.61574935913086 -0.01000618934631 30004
851417875120796 556 1.01422119140625 -3.36722183227539 -0.00573682785034 40004
851457804890486 556 1.28890991210938 -3.00501847267151 -0.00800371170044 50004
851497734665069 556 0.85546875 8.15634155273438 -0.00448250770569 60004
851537664442428 556 1.29742431640625 -2.69102549552917 -0.00780487060547 70004
851577594242896 556 -0.06689453125 1.3169447183609 0.00084352493286 80004
851617524019348 556 0.15673828125 -5.25487899780273 -0.00028276443481 90004
851258156028406 557 1.88883912563324 0.21325041353703 -0.01271414849907 4
851298085800456 557 -1.70436859130859 1.9321254491806 0.01134687662125 10004
851338015561317 557 -1.32304382324219 2.55473899841309 0.00936269760132 20004
851377945350987 557 1.37567138671875 -3.00861263275146 -0.00800180435181 30004
851417875120796 557 1.07025146484375 -2.91986274719238 -0.00686645507813 40004
851457804890486 557 1.6541748046875 -2.67369389533997 -0.01023840904236 50004
851497734665069 557 0.897216796875 8.14898681640625 -0.00560069084167 60004
851537664442428 557 1.42901611328125 -2.32268118858337 -0.00892496109009 70004
851577594242896 557 -0.15478515625 1.7471696138382 0.00084161758423 80004
851617524019348 557 0.073486328125 -4.86384201049805 -0.00028705596924 90004
851258156028406 558 1.69992887973785 0.56121164560318 -0.01064817979932 4
851298085800456 558 -1.54730224609375 2.33944916725159 0.0102231502533 10004
851338015561317 558 -1.51115417480469 2.16004133224487 0.009361743927 20004
851377945350987 558 1.1851806640625 -3.30197072029114 -0.00786221027374 30004
851417875120796 558 1.22601318359375 -2.50049209594727 -0.00687098503113 40004
851457804890486 558 1.9864501953125 -2.31195759773254 -0.01248097419739 50004
851497734665069 558 0.897216796875 8.14898681640625 -0.00559687614441 60004
851537664442428 558 1.5831298828125 -1.96155905723572 -0.01004505157471 70004
851577594242896 558 -0.18310546875 2.22301506996155 0.0008397102356 80004
851617524019348 558 -0.060302734375 -4.49300003051758 -0.0002908706665 90004
851258156028406 559 1.47246420383453 0.88821464776993 -0.00863042473793 4
851298085800456 559 -1.384521484375 2.7398796081543 0.00909900665283 10004
851338015561317 559 -1.67921447753906 1.7591427564621 0.01140260696411 20004
851377945350987 559 1.0172119140625 -3.66687035560608 -0.00584614276886 30004
851417875120796 559 1.48806762695313 -2.14054775238037 -0.00911951065063 40004
851457804890486 559 2.2406005859375 -1.89545750617981 -0.01360011100769 50004
851497734665069 559 0.897216796875 8.14898681640625 -0.00559306144714 60004
851537664442428 559 1.79473876953125 -1.62480807304382 -0.01116514205933 70004
851577594242896 559 -0.15869140625 2.70203995704651 0.0008373260498 80004
851617524019348 559 -0.23577880859375 -4.13698959350586 0.00176429748535 90004
851258156028406 560 1.36067187786102 1.27809202671051 -0.00863041635603 4
851298085800456 560 -1.3592529296875 3.17919921875 0.0090970993042 10004
851338015561317 560 -1.97286987304688 1.42806243896484 0.01341211795807 20004
851377945350987 560 0.9752197265625 -4.0737156867981 -0.00584805011749 30004
851417875120796 560 1.85964965820313 -1.88009452819824 -0.01137042045593 40004
851457804890486 560 2.37506103515625 -1.42036366462708 -0.01472115516663 50004
851497734665069 560 0.897216796875 8.14898681640625 -0.00558924674988 60004
851537664442428 560 1.99688720703125 -1.28278994560242 -0.01228523254395 70004
851577594242896 560 -0.29248046875 3.17152619361877 0.00083684921265 80004
851617524019348 560 -0.28851318359375 -3.73648190498352 0.00176763534546 90004
851258156028406 561 1.36026561260223 1.68369162082672 -0.00863040797412 4
851298085800456 561 -1.15064239501953 3.56667280197144 0.00797247886658 10004
851338015561317 561 -2.36923217773438 1.23092269897461 0.01619982719421 20004
851377945350987 561 0.7774658203125 -4.4040150642395 -0.00584971904755 30004
851417875120796 561 2.08621215820313 -1.48698806762695 -0.0124933719635 40004
851457804890486 561 2.29623413085938 -0.93279767036438 -0.01472091674805 50004
851497734665069 561 0.846435546875 8.00991821289063 -0.00558638572693 60004
851537664442428 561 2.32110595703125 -1.05357050895691 -0.01452875137329 70004
851577594242896 561 -0.21722412109375 3.65373063087463 0.00195980072021 80004
851617524019348 561 -0.50531005859375 -3.39530301094055 0.00384902954102 90004
851258156028406 562 1.23134398460388 2.06062650680542 -0.0086303986609 4
851298085800456 562 -1.07953643798828 3.99302053451538 0.00797212123871 10004
851338015561317 562 -2.67312622070313 0.92451727390289 0.01619875431061 20004
851377945350987 562 0.69692993164063 -4.79172372817993 -0.0038275718689 30004
851417875120796 562 2.30953979492188 -1.09144973754883 -0.01474499702454 40004
851457804890486 562 2.06857299804688 -0.50439977645874 -0.01271414756775 50004
851497734665069 562 0.839599609375 7.73689794540405 -0.00558376312256 60004
851537664442428 562 2.54132080078125 -0.75079053640366 -0.01563930511475 70004
851577594242896 562 -0.17352294921875 4.1395525932312 0.0019588470459 80004
851617524019348 562 -0.79315185546875 -3.11682915687561 0.00592470169067 90004
851258156028406 563 1.11594355106354 2.44494891166687 -0.0065729515627 4
851298085800456 563 -0.96256256103516 4.40647268295288 0.00699079036713 10004
851338015561317 563 -2.83509826660156 0.6475242972374 0.01826643943787 20004
851377945350987 563 0.74356079101563 -5.18841409683228 -0.00383067131042 30004
851417875120796 563 2.43707275390625 -0.66696500778198 -0.01475119590759 40004
851457804890486 563 1.89059448242188 -0.05627896636724 -0.01271152496338 50004
851497734665069 563 0.775634765625 7.42247533798218 -0.00558090209961 60004
851537664442428 563 2.64093017578125 -0.49832293391228 -0.01674747467041 70004
851577594242896 563 -0.24432373046875 4.61116361618042 0.00195455551147 80004
851617524019348 563 -1.05828857421875 -2.81801438331604 0.00592613220215 90004
851258156028406 564 1.02768421173096 2.83726930618286 -0.00657294970006 4
851298085800456 564 -0.79970550537109 4.80691003799438 0.00586688518524 10004
851338015561317 564 -2.86549377441406 0.4511427283287 0.01826417446136 20004
851377945350987 564 0.833984375 -5.58002710342407 -0.00495707988739 30004
851417875120796 564 2.422119140625 -0.22148016095161 -0.01475715637207 40004
851457804890486 564 1.76229858398438 0.41156440973282 -0.01063060760498 50004
851497734665069 564 0.614501953125 7.1284384727478 -0.00356030464172 60004
851537664442428 564 2.61846923828125 -0.2765106856823 -0.01673889160156 70004
851577594242896 564 -0.36712646484375 5.07506513595581 0.00195217132568 80004
851617524019348 564 -1.28143310546875 -2.48084759712219 0.00793647766113 90004
851258156028406 565 0.85187405347824 3.2027153968811 -0.00657294644043 4
851298085800456 565 -0.77443695068359 5.24622583389282 0.00586688518524 10004
851338015561317 565 -2.83473205566406 0.29894667863846 0.01826083660126 20004
851377945350987 565 0.792236328125 -5.98687219619751 -0.00495898723602 30004
851417875120796 565 2.26052856445313 0.20259761810303 -0.01476001739502 40004
851457804890486 565 1.48495483398438 0.82023972272873 -0.01062822341919 50004
851497734665069 565 0.377197265625 6.88580846786499 -0.0035572052002 60004
851537664442428 565 2.48760986328125 0.07783418893814 -0.01672983169556 70004
851577594242896 565 -0.33392333984375 5.56209516525269 0.00194311141968 80004
851617524019348 565 -1.51727294921875 -2.15235257148743 0.0099573135376 90004
851258156028406 566 0.53811448812485 3.45961427688599 -0.00454371701926 4
851298085800456 566 -0.56581878662109 5.6336989402771 0.00474256277084 10004
851338015561317 566 -2.74879455566406 0.17555823922157 0.01825726032257 20004
851377945350987 566 0.9268798828125 -6.37340784072876 -0.00496292114258 30004
851417875120796 566 1.93484497070313 0.51866722106934 -0.01269841194153 40004
851457804890486 566 1.40585327148438 1.30780565738678 -0.00861573219299 50004
851497734665069 566 0.298095703125 6.66097021102905 -0.00148820877075 60004
851537664442428 566 2.20440673828125 0.35878521203995 -0.01462173461914 70004
851577594242896 566 -0.50872802734375 6.01828718185425 0.00400686264038 80004
851617524019348 566 -1.810791015625 -1.8747570514679 0.01201486587524 90004
851258156028406 567 0.34753775596619 3.75693678855896 -0.0025229731109 4
851298085800456 567 -0.49843597412109 5.99126291275024 0.00361716747284 10004
851338015561317 567 -2.48634338378906 0.00468298699707 0.01713228225708 20004
851377945350988 567 0.1219482421875 -7.73875999450684 0 30004
851417875120796 567 1.73220825195313 0.91574311256409 -0.01067042350769 40004
851457804890486 567 1.17770385742188 1.73620426654816 -0.00861024856567 50004
851497734665069 567 0.30322265625 6.35130834579468 -0.0014910697937 60004
851537664442428 567 2.01568603515625 0.70377713441849 -0.01260900497437 70004
851577594242897 567 0.09814453125 7.74231481552124 -0.00000190734863 80004
851617524019348 567 -1.996337890625 -1.52371048927307 0.01202392578125 90004
851258156028406 568 0.27033960819244 4.11510181427002 -0.00252297194675 4
851298085800457 568 0.0577392578125 7.65623044967651 -0.00000011920929 10004
851338015561317 568 -2.12205505371094 -0.17466096580029 0.01376235485077 20004
851377945350988 568 0.2572021484375 -7.39845848083496 -0.00112128257751 30004
851417875120796 568 1.48855590820313 1.28581738471985 -0.01067423820496 40004
851457804890486 568 0.98825073242188 2.18230056762695 -0.00652980804443 50004
851497734665069 568 0.3603515625 6.01751470565796 -0.00149250030518 60004
851537664442428 568 1.78814697265625 1.01993358135223 -0.01260709762573 70004
851577594242897 568 0.212890625 7.92372274398804 -0.00112771987915 80004
851617524019348 568 -2.06341552734375 -1.19605851173401 0.01404762268066 90004
851258156028406 569 0.22813151776791 4.51305198669434 -0.00252297101542 4
851298085800457 569 0.15570831298828 7.85144281387329 -0.00000154972076 10004
851338015561317 569 -1.71366882324219 -0.34528011083603 0.01151359081268 20004
851377945350988 569 0.3369140625 -7.05317115783691 -0.00111937522888 30004
851417875120796 569 1.20339965820313 1.62888956069946 -0.00864410400391 40004
851457804890486 569 0.91665649414063 2.66832256317139 -0.00652861595154 50004
851497734665069 569 0.42138671875 5.68538808822632 -0.00261616706848 60004
851537664442428 569 1.52545166015625 1.31099879741669 -0.01057195663452 70004
851577594242897 569 0.31982421875 7.99480962753296 -0.0011305809021 80004
851617524019348 569 -2.05322265625 -0.91161042451859 0.01405668258667 90004
851258156028406 570 0.07397618144751 4.88818740844727 -0.00046469346853 4
851298085800457 570 0.20169830322266 7.88989114761353 -0.00112599134445 10004
851338015561317 570 -1.30369567871094 -0.5118054151535 0.00926721096039 20004
851377945350988 570 0.33203125 -6.66887092590332 -0.00111699104309 30004
851417875120796 570 1.04156494140625 2.05296730995178 -0.00661468505859 40004
851457804890486 570 0.93368530273438 3.16186046600342 -0.00652670860291 50004
851497734665069 570 0.42236328125 5.34583425521851 -0.00261306762695 60004
851537664442428 570 1.368896484375 1.67733752727509 -0.00856399536133 70004
851577594242897 570 0.45166015625 8.0300874710083 -0.0022554397583 80004
851617524019348 570 -2.05908203125 -0.61313897371292 0.01406526565552 90004
851258156028406 571 0.09279229491949 5.29335403442383 -0.00046469343943 4
851298085800457 571 0.20182037353516 7.88989114761353 -0.00112694501877 10004
851338015561317 571 -1.00228881835938 -0.8360413312912 0.00701785087585 20004
851377945350988 571 0.3291015625 -6.28455543518066 -0.00111484527588 30004
851417875120796 571 0.71609497070313 2.36903786659241 -0.00458741188049 40004
851457804890486 571 0.7410888671875 3.61667919158936 -0.00444936752319 50004
851497734665069 571 0.56689453125 5.03850698471069 -0.00260543823242 60004
851537664442428 571 1.09503173828125 1.96695697307587 -0.00654983520508 70004
851577594242897 571 0.45166015625 8.0300874710083 -0.0022554397583 80004
851617524019348 571 -1.89599609375 -0.24457567930222 0.0129599571228 90004
851258156028406 572 -0.01812355779111 5.67598152160645 -0.00046469358495 4
851298085800457 572 0.20194244384766 7.88989114761353 -0.00112789869308 10004
851338015561317 572 -0.82518005371094 -1.23299300670624 0.00589466094971 20004
851377945350988 572 0.2694091796875 -5.90632820129395 -0.00111365318298 30004
851417875120796 572 0.48672485351563 2.75460267066956 -0.00258946418762 40004
851457804890486 572 0.52276611328125 4.05952167510986 -0.00444746017456 50004
851497734665069 572 0.603759765625 4.70700979232788 -0.00372457504272 60004
851537664442428 572 0.9327392578125 2.3228805065155 -0.00654697418213 70004
851577594242897 572 0.45166015625 8.0300874710083 -0.0022554397583 80004
851617524019348 572 -1.861083984375 0.15039293467999 0.01297664642334 90004
851258156028407 573 0.08119700103998 7.70659780502319 0.00000000011642 4
851298085800457 573 0.20206451416016 7.88989114761353 -0.00112891197205 10004
851338015561317 573 -0.75828552246094 -1.66489493846893 0.00589609146118 20004
851377945350988 573 0.2581787109375 -5.52813529968262 -0.00111174583435 30004
851417875120796 573 0.38516235351563 3.18585228919983 -0.00258994102478 40004
851457804890486 573 0.39947509765625 4.52567768096924 -0.00242400169373 50004
851497734665069 573 0.676513671875 4.38356924057007 -0.00371932983398 60004
851537664442428 573 0.8931884765625 2.70969080924988 -0.00550937652588 70004
851577594242897 573 0.45166015625 8.0300874710083 -0.0022554397583 80004
851617524019348 573 -1.783447265625 0.53655976057053 0.01187181472778 90004
851258156028407 574 0.23018635809422 7.99060010910034 -0.00112304510549 4
851298085800457 574 0.20218658447266 7.88989114761353 -0.00112986564636 10004
851338015561317 574 -0.71896362304688 -2.08470010757446 0.00477337837219 20004
851377945350988 574 0.2728271484375 -5.15090751647949 -0.00110983848572 30004
851417875120796 574 0.36441040039063 3.63845467567444 -0.00259041786194 40004
851457804890486 574 0.32781982421875 5.00548648834229 -0.00242233276367 50004
851497734665069 574 0.8359375 4.08522367477417 -0.00483512878418 60004
851537664442428 574 0.8963623046875 3.10089373588562 -0.00550651550293 70004
851577594242897 574 0.45166015625 8.0300874710083 -0.0022554397583 80004
851617524019348 574 -1.654052734375 0.91366022825241 0.01076793670654 90004
851258156028407 575 0.33896052837372 8.08187294006348 -0.00112304510549 4
851298085800457 575 0.20230865478516 7.88989114761353 -0.00113081932068 10004
851338015561317 575 -0.55636596679688 -2.43607950210571 0.00364649295807 20004
851377945350988 575 0.1629638671875 -4.78256034851074 -0.00110900402069 30004
851417875120796 575 0.29898071289063 4.08755588531494 -0.0025908946991 40004
851457804890486 575 0.10125732421875 5.44433689117432 -0.00034713745117 50004
851497734665069 575 1.0400390625 3.81382322311401 -0.00595331192017 60004
851537664442428 575 0.7713623046875 3.47891879081726 -0.00550556182861 70004
851577594242897 575 0.45166015625 8.0300874710083 -0.0022554397583 80004
851617524019348 575 -1.625732421875 1.31637036800385 0.01078414916992 90004
851258156028407 576 0.44800782203674 8.11109256744385 -0.00224608602002 4
851298085800457 576 0.20243072509766 7.88989114761353 -0.001131772995 10004
851338015561317 576 -0.55758666992188 -2.87869119644165 0.00364589691162 20004
851377945350988 576 0.0228271484375 -4.42475700378418 -0.00110745429993 30004
851417875120796 576 0.41030883789063 4.52752780914307 -0.00259184837341 40004
851457804890486 576 -0.16250610351563 5.86178684234619 0.0016713142395 50004
851497734665069 576 1.1103515625 3.48161268234253 -0.00707149505615 60004
851537664442428 576 0.8172607421875 3.87451434135437 -0.00550270080566 70004
851577594242897 576 0.51806640625 7.86342430114746 -0.00225830078125 80004
851617524019348 576 -1.42974853515625 1.6687206029892 0.00967502593994 90004
851258156028407 577 0.4752616584301 8.11839389801025 -0.00224608182907 4
851298085800457 577 0.14547729492188 7.73311853408813 -0.00113260746002 10004
851338015561317 577 -0.41836547851563 -3.29058408737183 0.00364422798157 20004
851377945350988 577 0.0057373046875 -4.0476245880127 0.00090730190277 30004
851417875120796 577 0.37442016601563 4.97183132171631 -0.00259208679199 40004
851457804890487 577 0.10400390625 7.75589895248413 0.00000286102295 50004
851497734665069 577 1.28106689453125 3.19500970840454 -0.00818943977356 60004
851537664442428 577 0.7349853515625 4.25693464279175 -0.00549983978271 70004
851577594242897 577 0.520751953125 7.57112693786621 -0.00338172912598 80004
851617524019348 577 -1.35772705078125 2.05884075164795 0.00968074798584 90004
851258156028407 578 0.47526118159294 8.11839389801025 -0.00224607950076 4
851298085800457 578 0.12686157226563 7.40695810317993 -0.00113385915756 10004
851338015561317 578 -0.32566833496094 -3.71271657943726 0.00251805782318 20004
851377945350988 578 -0.0523681640625 -3.67693519592285 0.00090610980988 30004
851417875120796 578 0.27017211914063 5.41303539276123 -0.00259232521057 40004
851457804890487 578 0.236328125 7.9576735496521 -0.00111818313599 50004
851497734665069 578 1.42022705078125 2.89320421218872 -0.00819683074951 60004
851537664442428 578 0.6431884765625 4.64289808273315 -0.00348806381226 70004
851577594242897 578 0.447021484375 7.28341102600098 -0.00338268280029 80004
851617524019348 578 -1.2447509765625 2.43636989593506 0.00856304168701 90004
851258156028407 579 0.48273658752441 8.10544681549072 -0.00224607624114 4
851298085800457 579 0.117919921875 6.96996355056763 -0.00113528966904 10004
851338015561317 579 -0.27976989746094 -4.14508962631226 0.00251507759094 20004
851377945350988 579 -0.22665405273438 -3.34233665466309 0.00090289115906 30004
851417875120796 579 0.12393188476563 5.84051036834717 -0.00054955482483 40004
851457804890487 579 0.3731689453125 8.04826831817627 -0.00223875045776 50004
851497734665069 579 1.51177978515625 2.56757688522339 -0.00932741165161 60004
851537664442428 579 0.5841064453125 5.03674077987671 -0.00348663330078 70004
851577594242897 579 0.336669921875 7.03988647460938 -0.00136613845825 80004
851617524019348 579 -1.09063720703125 2.80130863189697 0.00744247436523 90004
851258156028407 580 0.51263797283173 8.0536584854126 -0.00224607181735 4
851298085800457 580 -0.03428649902344 6.55186223983765 0.00091809034348 10004
851338015561317 580 -0.09381103515625 -4.54674673080444 0.00138902664185 20004
851377945350988 580 -0.50482177734375 -3.07735252380371 0.00296080112457 30004
851417875120797 580 0 7.53247022628784 0 40004
851457804890487 580 0.5426025390625 8.09372425079346 -0.00335884094238 50004
851497734665069 580 1.66064453125 2.26169919967651 -0.01045703887939 60004
851537664442428 580 0.5235595703125 5.43041753768921 -0.00348472595215 70004
851577594242897 580 0.281982421875 6.78955841064453 -0.00136709213257 80004
851617524019348 580 -1.06231689453125 3.20401859283447 0.00744915008545 90004
851258156028407 581 0.51263988018036 8.0536584854126 -0.00224607414566 4
851298085800457 581 0.00453186035156 6.10857915878296 0.00091701745987 10004
851338015561317 581 -0.09527587890625 -4.96594381332397 0.00138807296753 20004
851377945350988 581 -0.6448974609375 -2.71954917907715 0.0049831867218 30004
851417875120797 581 0.0947265625 7.73544263839722 -0.00000095367432 40004
851457804890487 581 0.5919189453125 8.08499622344971 -0.00335597991943 50004
851497734665069 581 1.92340087890625 2.046790599823 -0.01158761978149 60004
851537664442428 581 0.3214111328125 5.73306798934937 -0.0014533996582 70004
851577594242897 581 0.064208984375 6.50425720214844 -0.00136804580688 80004
851617524019348 581 -0.94122314453125 3.58861255645752 0.0063304901123 90004
851258156028407 582 0.45049953460693 7.88292741775513 -0.00224607135169 4
851298085800457 582 0.18113708496094 5.70872449874878 -0.00020676851273 10004
851338015561317 582 0.0438232421875 -5.371985912323 0.00026214122772 20004
851377945350988 582 -0.8883056640625 -2.43136024475098 0.00498056411743 30004
851417875120797 582 0.118408203125 7.78618574142456 -0.00000524520874 40004
851457804890487 582 0.6778564453125 8.03118991851807 -0.0033540725708 50004
851497734665069 582 2.09967041015625 1.76365673542023 -0.01271820068359 60004
851537664442428 582 0.1441650390625 6.07909727096558 -0.00145149230957 70004
851577594242897 582 -0.048095703125 6.16986656188965 0.00070285797119 80004
851617524019348 582 -0.94976806640625 3.98520278930664 0.00633478164673 90004
851258156028407 583 0.39569357037544 7.52723026275635 -0.00224606692791 4
851298085800457 583 0.31187438964844 5.29438591003418 -0.00133109092712 10004
851338015561317 583 0.15869140625 -5.79303693771362 -0.00086343288422 20004
851377945350988 583 -1.1309814453125 -2.13704299926758 0.00699973106384 30004
851417875120797 583 0.118408203125 7.78618574142456 -0.00000905990601 40004
851457804890487 583 0.7271728515625 7.99622011184692 -0.00447511672974 50004
851497734665069 583 2.30474853515625 1.50326550006866 -0.01384377479553 60004
851537664442429 583 0.044921875 7.62916135787964 0.00000095367432 70004
851577594242897 583 -0.195556640625 5.85183906555176 0.00070142745972 80004
851617524019348 583 -0.91510009765625 4.3777961730957 0.00633907318115 90004
851258156028407 584 0.31996256113052 7.0568380355835 -0.00224606296979 4
851298085800457 584 0.39662170410156 4.8655800819397 -0.00245505571365 10004
851338015561317 584 0.2479248046875 -6.2185378074646 -0.00086414813995 20004
851377945350988 584 -1.3385009765625 -1.81363272666931 0.00905966758728 30004
851417875120797 584 0.118408203125 7.78618574142456 -0.00001287460327 40004
851457804890487 584 0.7286376953125 7.98220872879028 -0.00447344779968 50004
851497734665069 584 2.52178955078125 1.30056965351105 -0.01608920097351 60004
851537664442429 584 0.11767578125 7.77877187728882 0.00000333786011 70004
851577594242897 584 -0.3787841796875 5.55017471313477 0.00272655487061 80004
851617524019348 584 -0.77398681640625 4.7535343170166 0.00522089004517 90004
851258156028407 585 0.09733874350786 6.6265697479248 -0.00022187805735 4
851298085800457 585 0.61921691894531 4.4801926612854 -0.00358009338379 10004
851338015561318 585 0 -8 0 20004
851377945350988 585 -1.5474853515625 -1.49094557762146 0.00906050205231 30004
851417875120797 585 0.118408203125 7.78618574142456 -0.00001668930054 40004
851457804890487 585 0.7330322265625 7.92948198318481 -0.00447225570679 50004
851497734665069 585 2.60186767578125 1.13450634479523 -0.01608872413635 60004
851537664442429 585 0.13916015625 7.79706716537476 0.00000476837158 70004
851577594242897 585 -0.4569091796875 5.19942092895508 0.00272369384766 80004
851617524019348 585 -0.57281494140625 5.10269355773926 0.00410270690918 90004
851258156028407 586 0.07739825546741 6.14247703552246 -0.00022187791183 4
851298085800457 586 0.98383331298828 4.2249436378479 -0.00582784414291 10004
851338015561318 586 0.139892578125 -7.69992828369141 -0.00000095367432 20004
851377945350988 586 -1.6002197265625 -1.11026358604431 0.01107788085938 30004
851417875120797 586 0.118408203125 7.78618574142456 -0.0000205039978 40004
851457804890487 586 0.7330322265625 7.92948198318481 -0.00447225570679 50004
851497734665069 586 2.60479736328125 0.91943752765656 -0.01608848571777 60004
851537664442429 586 0.13916015625 7.79706716537476 0.00000476837158 70004
851577594242897 586 -0.6756591796875 4.91411972045898 0.00476408004761 80004
851617524019348 586 -0.53863525390625 5.5048770904541 0.00410842895508 90004
851258156028407 587 0.194271042943 5.67910718917847 -0.00022187840659 4
851298085800457 587 1.24187469482422 3.87210321426392 -0.00695204734802 10004
851338015561318 587 0.17486572265625 -7.4588508605957 -0.00112426280975 20004
851377945350988 587 -1.7701416015625 -0.77307844161987 0.01107656955719 30004
851417875120797 587 0.118408203125 7.78618574142456 -0.00002431869507 40004
851457804890487 587 0.6865234375 7.81529855728149 -0.00447106361389 50004
851497734665069 587 2.50079345703125 0.63350117206573 -0.01608824729919 60004
851537664442429 587 0.13916015625 7.79706716537476 0.00000476837158 70004
851577594242897 587 -0.78814697265625 4.5797290802002 0.00475597381592 80004
851617524019348 587 -0.63336181640625 5.89030647277832 0.00411081314087 90004
851258156028407 588 0.30517622828484 5.21043968200684 -0.00134492386132 4
851298085800457 588 1.50045776367188 3.51271724700928 -0.00919884443283 10004
851338015561318 588 0.17437744140625 -7.17489242553711 -0.00112438201904 20004
851377945350988 588 -1.9520263671875 -0.43587160110474 0.01307761669159 30004
851417875120797 588 0.12841796875 7.67169904708862 -0.00002646446228 40004
851457804890487 588 0.58538818359375 7.59036493301392 -0.00446939468384 50004
851497734665069 588 2.32012939453125 0.35028201341629 -0.01608777046204 60004
851537664442429 588 0.13916015625 7.79706716537476 0.00000476837158 70004
851577594242897 588 -0.90679931640625 4.24370765686035 0.00474739074707 80004
851617524019349 588 0.04541015625 7.62934446334839 -0.00000286102295 90004
851258156028407 589 0.41392317414284 4.7471079826355 -0.00246796803549 4
851298085800457 589 1.77268981933594 3.16392517089844 -0.01032245159149 10004
851338015561318 589 0.19537353515625 -6.8311595916748 -0.00112497806549 20004
851377945350988 589 -2.0660400390625 -0.07601545006037 0.0130763053894 30004
851417875120797 589 0.1419677734375 7.3850531578064 -0.00002765655518 40004
851457804890487 589 0.48031616210938 7.28497362136841 -0.00243210792542 50004
851497734665069 589 2.08160400390625 0.11305129528046 -0.01399898529053 60004
851537664442429 589 0.13916015625 7.79706716537476 0.00000476837158 70004
851577594242897 589 -1.07672119140625 3.9280309677124 0.00677299499512 80004
851617524019349 589 0.120361328125 7.78048467636108 -0.00000953674316 90004
851258156028407 590 0.67092704772949 4.33635425567627 -0.00359101267532 4
851298085800457 590 1.97735595703125 2.76884579658508 -0.01256936788559 10004
851338015561318 590 0.28228759765625 -6.49574089050293 -0.00112569332123 20004
851377945350988 590 -2.0577392578125 0.30822667479515 0.01307439804077 30004
851417875120797 590 0.1361083984375 6.92538976669312 -0.00002861022949 40004
851457804890487 590 0.47982788085938 6.95627641677856 -0.00243091583252 50004
851497734665069 590 1.79254150390625 -0.06523406505585 -0.01200103759766 60004
851537664442429 590 0.13916015625 7.79706716537476 0.00000476837158 70004
851577594242897 590 -1.27569580078125 3.62919139862061 0.0088357925415 80004
851617524019349 590 0.147705078125 7.80380010604858 -0.00001907348633 90004
851258156028407 591 1.04103446006775 4.0236349105835 -0.00583709497005 4
851298085800457 591 2.04205322265625 2.32858729362488 -0.01256972551346 10004
851338015561318 591 0.31646728515625 -6.15093803405762 -0.00112640857697 20004
851377945350988 591 -1.8878173828125 0.65298253297806 0.01307153701782 30004
851417875120797 591 -0.0416259765625 6.50143194198608 -0.00002932548523 40004
851457804890487 591 0.34017944335938 6.6586537361145 -0.00242972373962 50004
851497734665069 591 1.606201171875 -0.34894627332687 -0.01000308990479 60004
851537664442429 591 0.13916015625 7.79706716537476 0.00000476837158 70004
851577594242897 591 -1.3370361328125 3.27534770965576 0.0088267326355 80004
851617524019349 591 0.147705078125 7.80380010604858 -0.00002670288086 90004
851258156028407 592 1.2860107421875 3.61558747291565 -0.00808318052441 4
851298085800457 592 2.24168395996094 1.93976891040802 -0.0136935710907 10004
851338015561318 592 0.37168884277344 -5.80904197692871 -0.00225174427032 20004
851377945350988 592 -1.62582397460938 0.92635899782181 0.01082217693329 30004
851417875120797 592 -0.072509765625 6.0509352684021 -0.00002932548523 40004
851457804890487 592 0.30490112304688 6.3377251625061 -0.00242781639099 50004
851497734665069 592 1.52294921875 -0.6718562245369 -0.01000690460205 60004
851537664442429 592 0.091552734375 7.66675329208374 0.0000057220459 70004
851577594242897 592 -1.5062255859375 2.96582412719727 0.00881814956665 80004
851617524019349 592 0.147705078125 7.80380010604858 -0.00003433227539 90004
851258156028407 593 1.55325508117676 3.21885442733765 -0.00920621771365 4
851298085800457 593 2.46788024902344 1.55713427066803 -0.01481711864471 10004
851338015561318 593 0.39891052246094 -5.46537590026855 -0.00225460529327 20004
851377945350988 593 -1.4024658203125 1.22112667560577 0.00970053672791 30004
851417875120797 593 0.041748046875 5.61693716049194 -0.00002980232239 40004
851457804890487 593 0.37374877929688 6.02428674697876 -0.0024254322052 50004
851497734665069 593 1.4150390625 -0.98769837617874 -0.01001000404358 60004
851537664442429 593 -0.042236328125 7.42553091049194 0.00000715255737 70004
851577594242897 593 -1.7166748046875 2.67490196228027 0.01088857650757 80004
851617524019349 593 0.147705078125 7.80380010604858 -0.00004196166992 90004
851258156028407 594 1.83935546875 2.83850288391113 -0.01145230792463 4
851298085800457 594 2.62899017333984 1.15081858634949 -0.01594054698944 10004
851338015561318 594 0.38426208496094 -5.11938095092773 -0.00225651264191 20004
851377945350988 594 -1.2557373046875 1.56715786457062 0.00857794284821 30004
851417875120797 594 0.2574462890625 5.21111631393433 -0.00115370750427 40004
851457804890487 594 0.53683471679688 5.74388551712036 -0.00242304801941 50004
851497734665069 594 1.28399658203125 -1.29411482810974 -0.00797247886658 60004
851537664442429 594 -0.2091064453125 7.1025538444519 0.00203895568848 70004
851577594242897 594 -1.9078369140625 2.37469959259033 0.01295137405396 80004
851617524019349 594 0.147705078125 7.80380010604858 -0.00004959106445 90004
851258156028407 595 1.99008667469025 2.37802910804749 -0.01257534231991 4
851298085800457 595 2.65084075927734 0.70637583732605 -0.01706421375275 10004
851338015561318 595 0.34983825683594 -4.77461624145508 -0.00225830078125 20004
851377945350988 595 -1.1331787109375 1.93142521381378 0.00745570659637 30004
851417875120797 595 0.4888916015625 4.81379270553589 -0.00227761268616 40004
851457804890487 595 0.77484130859375 5.5168194770813 -0.00466680526733 50004
851497734665069 595 1.25860595703125 -1.63265204429626 -0.00797605514526 60004
851537664442429 595 -0.2637939453125 6.73672437667847 0.00204658508301 70004
851577594242897 595 -2.0250244140625 2.03517246246338 0.01294898986816 80004
851617524019349 595 0.147705078125 7.80380010604858 -0.00005722045898 90004
851258156028407 596 2.11190319061279 1.90907859802246 -0.01257534325123 4
851298085800457 596 2.48269653320313 0.29441154003143 -0.0170646905899 10004
851338015561318 596 0.46458435058594 -4.44750595092773 -0.00226211547852 20004
851377945350988 596 -1.0399169921875 2.30427360534668 0.00745618343353 30004
851417875120797 596 0.6011962890625 4.36799955368042 -0.00340104103088 40004
851457804890487 596 0.83538818359375 5.36370515823364 -0.00467109680176 50004
851497734665069 596 1.10821533203125 -1.93674254417419 -0.00797963142395 60004
851537664442429 596 -0.3067626953125 6.369300365448 0.00205421447754 70004
851577594242897 596 -1.9879150390625 1.67800056934357 0.01294422149658 80004
851617524019349 596 0.161376953125 7.64825963973999 -0.00006341934204 90004
851258156028407 597 2.37380695343018 1.511678814888 -0.0148214045912 4
851298085800457 597 2.19583129882813 -0.03534898906946 -0.01504683494568 10004
851338015561318 597 0.5859375 -4.1229305267334 -0.00338840484619 20004
851377945350988 597 -1.042236328125 2.68460655212402 0.00745689868927 30004
851417875120797 597 0.84725952148438 3.98909711837769 -0.0045280456543 40004
851457804890487 597 0.83502197265625 5.07941293716431 -0.00467276573181 50004
851497734665069 597 1.06402587890625 -2.26735329627991 -0.00595116615295 60004
851537664442429 597 -0.4632568359375 6.04100942611694 0.00206232070923 70004
851577594242897 597 -1.9925537109375 1.31972849369049 0.01294088363647 80004
851617524019349 597 0.076171875 7.36539793014526 -0.00006818771362 90004
851258156028407 598 2.58901405334473 1.09043097496033 -0.01594442129135 4
851298085800457 598 1.93020629882813 -0.38396772742271 -0.0129377245903 10004
851338015561318 598 0.69583129882813 -3.79474878311157 -0.00338935852051 20004
851377945350988 598 -0.993896484375 3.05667304992676 0.00745761394501 30004
851417875120797 598 1.14739990234375 3.64117383956909 -0.00678133964539 40004
851457804890487 598 0.881103515625 4.76098108291626 -0.00467348098755 50004
851497734665069 598 0.98394775390625 -2.58912301063538 -0.00594854354858 60004
851537664442429 598 -0.5819091796875 5.69967412948608 0.00408935546875 70004
851577594242897 598 -2.0863037109375 0.98184365034103 0.01293849945068 80004
851617524019349 598 0.02197265625 7.01276731491089 -0.00007200241089 90004
851258156028407 599 2.66681957244873 0.66513961553574 -0.01706743426621 4
851298085800457 599 1.73944854736328 -0.78502517938614 -0.01091146469116 10004
851338015561318 599 0.77914428710938 -3.45927953720093 -0.00451612472534 20004
851377945350988 599 -0.904296875 3.42335891723633 0.00633525848389 30004
851417875120797 599 1.46578979492188 3.31121015548706 -0.00903034210205 40004
851457804890487 599 0.95755004882813 4.44748163223267 -0.00579357147217 50004
851497734665069 599 0.86822509765625 -2.90205216407776 -0.00594592094421 60004
851537664442429 599 -0.6578369140625 5.34247541427612 0.00409698486328 70004
851577594242897 599 -2.2176513671875 0.65433615446091 0.01498937606812 80004
851617524019349 599 0.065673828125 6.6400580406189 -0.00007486343384 90004
851258156028407 600 2.61259698867798 0.37082347273827 -0.01706742309034 4
851298085800457 600 1.59125518798828 -1.20453572273254 -0.01091253757477 10004
851338015561318 600 0.82089233398438 -3.11530447006226 -0.00452041625977 20004
851377945350988 600 -0.9384765625 3.80618667602539 0.00633561611176 30004
851417875120797 600 1.81246948242188 3.00907850265503 -0.01128268241882 40004
851457804890487 600 0.92874145507813 4.12002038955688 -0.00579214096069 50004
851497734665069 600 0.85943603515625 -3.2415030002594 -0.00594258308411 60004
851537664442429 600 -0.8326416015625 5.01595258712769 0.00616455078125 70004
851577594242897 600 -2.2362060546875 0.29569673538208 0.01498651504517 80004
851617524019349 600 0.211181640625 6.28909826278687 -0.00120544433594 90004
851258156028407 601 2.33171415328979 -0.02387342602015 -0.01497915852815 4
851298085800457 601 1.49654388427734 -1.6392787694931 -0.00888615846634 10004
851338015561318 601 1.00424194335938 -2.82121419906616 -0.00564503669739 20004
851377945350988 601 -0.80758666992188 4.1674919128418 0.00521326065063 30004
851417875120797 601 1.99899291992188 2.58882856369019 -0.01240563392639 40004
851457804890487 601 1.04006958007813 3.81117486953735 -0.00579071044922 50004
851497734665069 601 0.81353759765625 -3.57789444923401 -0.00593876838684 60004
851537664442429 601 -0.8531494140625 4.646644115448 0.00617218017578 70004
851577594242897 601 -2.1014404296875 -0.03724834322929 0.01385879516602 80004
851617524019349 601 0.195556640625 5.90936040878296 -0.00120878219604 90004
851258156028407 602 2.11464214324951 -0.45488202571869 -0.01291284710169 4
851298085800457 602 1.28797149658203 -2.025794506073 -0.00888609886169 10004
851338015561318 602 1.22531127929688 -2.55580568313599 -0.00676810741425 20004
851377945350988 602 -0.67172241210938 4.52729797363281 0.00520801544189 30004
851417875120797 602 2.11044311523438 2.14514112472534 -0.01352858543396 40004
851457804890487 602 1.19793701171875 3.52495145797729 -0.00690460205078 50004
851497734665069 602 0.66949462890625 -3.87957882881165 -0.00386643409729 60004
851537664442429 602 -0.9893798828125 4.30942487716675 0.00617980957031 70004
851577594242897 602 -1.8707275390625 -0.30413118004799 0.01273202896118 80004
851617524019349 602 0.30078125 5.55120611190796 -0.00121545791626 90004
851258156028407 603 1.90305745601654 -0.89034986495972 -0.01291284523904 4
851298085800457 603 1.13128662109375 -2.43097186088562 -0.00685608386993 10004
851338015561318 603 1.39382934570313 -2.26256418228149 -0.007892370224 20004
851377945350988 603 -0.59039306640625 4.89868545532227 0.00408256053925 30004
851417875120797 603 2.28817749023438 1.7330584526062 -0.01465153694153 40004
851457804890487 603 1.32830810546875 3.22728490829468 -0.00801682472229 50004
851497734665069 603 0.56256103515625 -4.19338750839233 -0.00386381149292 60004
851537664442429 603 -1.1817626953125 4.00724744796753 0.00821542739868 70004
851577594242897 603 -1.6719970703125 -0.59303468465805 0.01160526275635 80004
851617524019349 603 0.36572265625 5.18585729598999 -0.00234317779541 90004
851258156028407 604 1.6646363735199 -1.31147766113281 -0.01085610873997 4
851298085800457 604 1.01947784423828 -2.85351467132568 -0.006855905056 10004
851338015561318 604 1.49949645996094 -1.94294691085815 -0.00901532173157 20004
851377945350988 604 -0.56134033203125 5.28188705444336 0.00408113002777 30004
851417875120797 604 2.51187133789063 1.34068441390991 -0.015780210495 40004
851457804890487 604 1.43023681640625 2.91625261306763 -0.00913047790527 50004
851497734665069 604 0.50714111328125 -4.49290800094604 -0.00386047363281 60004
851537664442429 604 -1.3914794921875 3.72244691848755 0.00821590423584 70004
851577594242897 604 -1.55450439453125 -0.9312259554863 0.01046705245972 80004
851617524019349 604 0.390380859375 4.81331396102905 -0.00234842300415 90004
851258156028407 605 1.39295423030853 -1.71256530284882 -0.00879393704236 4
851298085800457 605 0.77303314208984 -3.22394633293152 -0.00482982397079 10004
851338015561318 605 1.61245727539063 -1.65638303756714 -0.01013946533203 20004
851377945350988 605 -0.52239990234375 5.66428756713867 0.00408005714417 30004
851417875120797 605 2.59829711914063 0.88918447494507 -0.01578688621521 40004
851457804890487 605 1.57574462890625 2.62207460403442 -0.00911998748779 50004
851497734665069 605 0.39678955078125 -4.67848539352417 -0.0018355846405 60004
851537664442429 605 -1.5997314453125 3.41674089431763 0.01024055480957 70004
851577594242897 605 -1.49200439453125 -1.28515720367432 0.01044940948486 80004
851617524019349 605 0.53515625 4.46235418319702 -0.00235033035278 90004
851258156028407 606 1.3162157535553 -2.19093823432922 -0.00879392959177 4
851298085800457 606 0.68343353271484 -3.65978693962097 -0.00483053922653 10004
851338015561318 606 1.86416625976563 -1.41820287704468 -0.01126563549042 20004
851377945350988 606 -0.64932250976563 6.02712631225586 0.00407946109772 30004
851417875120797 606 2.48599243164063 0.4434552192688 -0.01578974723816 40004
851457804890487 606 1.83303833007813 2.41743516921997 -0.01136136054993 50004
851497734665069 606 0.36260986328125 -5.01633024215698 -0.00183701515198 60004
851537664442429 606 -1.75323486328125 3.08012056350708 0.01024103164673 70004
851577594242897 606 -1.3778076171875 -1.62623119354248 0.00930881500244 80004
851617524019349 606 0.7607421875 4.15794134140015 -0.00459146499634 90004
851258156028407 607 1.11556470394135 -2.62529897689819 -0.00672888336703 4
851298085800457 607 0.53347015380859 -4.07708549499512 -0.00276720523834 10004
851338015561318 607 2.13285827636719 -1.19996976852417 -0.01351368427277 20004
851377945350989 607 0.0966796875 7.73983716964722 -0.00000095367432 30004
851417875120797 607 2.33816528320313 0.00865367613733 -0.01579213142395 40004
851457804890487 607 2.05007934570313 2.17281293869019 -0.01248049736023 50004
851497734665069 607 0.43389892578125 -5.34261655807495 -0.00183963775635 60004
851537664442429 607 -2.00323486328125 2.81568956375122 0.01230049133301 70004
851577594242897 607 -1.16400146484375 -1.90770149230957 0.00816917419434 80004
851617524019349 607 0.87353515625 3.80278182029724 -0.00458717346191 90004
851258156028407 608 0.97360754013062 -3.07648706436157 -0.00672888476402 4
851298085800457 608 0.45815277099609 -4.50493049621582 -0.00276815891266 10004
851338015561318 608 2.34939575195313 -0.94031381607056 -0.01463770866394 20004
851377945350989 608 0.198974609375 7.90977048873901 -0.00112414360046 30004
851417875120797 608 2.17758178710938 -0.31190556287766 -0.01373243331909 40004
851457804890487 608 2.18972778320313 1.88389730453491 -0.01359963417053 50004
851497734665069 608 0.57940673828125 -5.64633131027222 -0.00295877456665 60004
851537664442429 608 -2.24835205078125 2.5429482460022 0.01440954208374 70004
851577594242897 608 -0.98480224609375 -2.20904088020325 0.00702714920044 80004
851617524019349 608 1.02392578125 3.46453833580017 -0.00570392608643 90004
851258156028407 609 0.88166666030884 -3.54340744018555 -0.00672888336703 4
851298085800457 609 0.43025970458984 -4.94112205505371 -0.00276964902878 10004
851338015561318 609 2.47238159179688 -0.62296628952026 -0.01576256752014 20004
851377945350989 609 0.2557373046875 7.95730352401733 -0.00112175941467 30004
851417875120797 609 1.98068237304688 -0.5559755563736 -0.01373481750488 40004
851457804890487 609 2.29739379882813 1.57949924468994 -0.01471877098083 50004
851497734665069 609 0.72369384765625 -5.90211629867554 -0.00407743453979 60004
851537664442429 609 -2.42022705078125 2.22290182113647 0.01643228530884 70004
851577594242897 609 -0.87518310546875 -2.55095601081848 0.00588703155518 80004
851617524019349 609 1.254150390625 3.16385817527771 -0.00793170928955 90004
851258156028407 610 0.63969928026199 -3.96311259269714 -0.00463826255873 4
851298085800457 610 0.26007080078125 -5.35223007202148 -0.00277054309845 10004
851338015561318 610 2.48678588867188 -0.27675929665565 -0.01576364040375 20004
851377945350989 610 0.2557373046875 7.95730352401733 -0.00111985206604 30004
851417875120797 610 1.67843627929688 -0.90237677097321 -0.01169157028198 40004
851457804890487 610 2.5006103515625 1.32155132293701 -0.01583981513977 50004
851497734665069 610 0.74713134765625 -6.07026815414429 -0.00407266616821 60004
851537664442429 610 -2.48077392578125 1.85806119441986 0.01643228530884 70004
851577594242897 610 -0.77362060546875 -2.89538884162903 0.00586986541748 80004
851617524019349 610 1.49908447265625 2.87437605857849 -0.00903844833374 90004
851258156028407 611 0.59776324033737 -4.4457859992981 -0.0046382592991 4
851298085800457 611 0.27961730957031 -5.79677963256836 -0.00073313713074 10004
851338015561318 611 2.35348510742188 0.04301556199789 -0.01576459407806 20004
851377945350989 611 0.2557373046875 7.95730352401733 -0.00111794471741 30004
851417875120797 611 1.43966674804688 -1.29514563083649 -0.00967788696289 40004
851457804890487 611 2.7091064453125 1.06835842132568 -0.01696276664734 50004
851497734665069 611 0.67974853515625 -6.40316915512085 -0.00406980514526 60004
851537664442429 611 -2.68975830078125 1.55294835567474 0.01643228530884 70004
851577594242897 611 -0.82733154296875 -3.25052189826965 0.00586223602295 80004
851617524019349 611 1.5992431640625 2.50792479515076 -0.01015377044678 90004
851258156028407 612 0.49688655138016 -4.91839027404785 -0.00259692734107 4
851298085800457 612 0.39400482177734 -6.22311544418335 -0.00185650587082 10004
851338015561318 612 2.19413757324219 0.3503138422966 -0.01372897624969 20004
851377945350989 612 0.30224609375 7.92461347579956 -0.00111603736877 30004
851417875120797 612 1.275390625 -1.72192919254303 -0.00766515731812 40004
851457804890487 612 2.82275390625 0.76651740074158 -0.01808309555054 50004
8514977346650610 612 0.13037109375 -7.67874145507813 -0.00000143051147 60004
851537664442429 612 -2.78741455078125 1.20304048061371 0.01843404769897 70004
851577594242897 612 -0.76458740234375 -3.59762978553772 0.00584697723389 80004
851617524019349 612 1.8074951171875 2.19920039176941 -0.01127052307129 90004
851258156028407 613 0.47026279568672 -5.39292812347412 -0.00259692268446 4
851298085800458 613 0.0606689453125 -7.86983489990234 -0.00000023841858 10004
851338015561318 613 1.9783935546875 0.61436706781387 -0.01372873783112 20004
851377945350989 613 0.346923828125 7.87903928756714 -0.00111436843872 30004
851417875120797 613 1.07919311523438 -2.13305997848511 -0.00766587257385 40004
851457804890487 613 2.833984375 0.44582772254944 -0.01807999610901 50004
8514977346650610 613 0.33544921875 -7.32947158813477 -0.00112533569336 60004
851537664442429 613 -2.76788330078125 0.8425201177597 0.01843404769897 70004
851577594242897 613 -0.68145751953125 -3.94625306129456 0.00471544265747 80004
851617524019349 613 1.9788818359375 1.87123441696167 -0.01238489151001 90004
851258156028407 614 0.51954752206802 -5.87390804290771 -0.00259691802785 4
851298085800458 614 0.15167236328125 -7.56593799591064 -0.00000071525574 10004
851338015561318 614 1.74507141113281 0.8619264960289 -0.01169395446777 20004
851377945350989 614 0.37158203125 7.79545736312866 -0.00223517417908 30004
851417875120797 614 0.87326049804688 -2.53488111495972 -0.00560426712036 40004
851457804890487 614 2.77392578125 0.16519899666309 -0.01807737350464 50004
8514977346650610 614 0.5419921875 -7.11392021179199 -0.00336480140686 60004
851537664442429 614 -2.63311767578125 0.50516521930695 0.01731014251709 70004
851577594242897 614 -0.58038330078125 -4.28372049331665 0.00471019744873 80004
851617524019349 614 2.1138916015625 1.52402687072754 -0.01349925994873 90004
851258156028408 615 0 -8 0 4
851298085800458 615 0.15167236328125 -7.13121509552002 -0.00000071525574 10004
851338015561318 615 1.60145568847656 1.17715930938721 -0.00966107845306 20004
851377945350989 615 0.38818359375 7.60381460189819 -0.0022337436676 30004
851417875120797 615 0.80685424804688 -2.98974561691284 -0.00560808181763 40004
851457804890487 615 2.71240234375 0.01265122834593 -0.01807498931885 50004
8514977346650610 615 0.6591796875 -7.06229972839355 -0.00335907936096 60004
851537664442429 615 -2.39288330078125 0.22434917092323 0.01618719100952 70004
851577594242897 615 -0.37237548828125 -4.57514810562134 0.0024585723877 80004
851617524019349 615 2.3580322265625 1.23454475402832 -0.01461362838745 90004
851258156028408 616 0.17487844824791 -7.62497091293335 -0.00112304592039 4
851298085800458 616 0.33553314208984 -6.73720073699951 -0.00112527608871 10004
851338015561318 616 1.37684631347656 1.44085669517517 -0.00966227054596 20004
851377945350989 616 0.44140625 7.26416158676147 -0.00223112106323 30004
851417875120797 616 0.55441284179688 -3.37388563156128 -0.00354313850403 40004
851457804890487 616 2.47216796875 -0.21216630935669 -0.01604127883911 50004
8514977346650610 616 0.6591796875 -7.06229972839355 -0.0033552646637 60004
851537664442429 616 -2.22296142578125 -0.10411724448204 0.01506328582764 70004
851577594242897 616 -0.30694580078125 -4.92796182632446 0.00245332717896 80004
851617524019349 616 2.5025634765625 0.88399696350098 -0.01573657989502 90004
851258156028408 617 0.21859969198704 -7.22087478637695 -0.00112304324284 4
851298085800458 617 0.53857421875 -6.35299777984619 -0.00337326526642 10004
851338015561318 617 1.25154113769531 1.75727522373199 -0.00765442848206 20004
851377945350989 617 0.513671875 6.87522459030151 -0.00222873687744 30004
851417875120797 617 0.44149780273438 -3.81106901168823 -0.00354361534119 40004
851457804890487 617 2.19650268554688 -0.38768503069878 -0.01401305198669 50004
8514977346650610 617 0.6591796875 -7.06229972839355 -0.00335144996643 60004
851537664442429 617 -1.96075439453125 -0.35564538836479 0.01281595230103 70004
851577594242897 617 -0.34039306640625 -5.28103876113892 0.00245046615601 80004
851617524019349 617 2.5269775390625 0.51152086257935 -0.01573371887207 90004
851258156028408 618 0.30603876709938 -6.82647037506104 -0.00112304021604 4
851298085800458 618 0.7841796875 -5.99706697463989 -0.00449621677399 10004
851338015561318 618 1.14912414550781 2.08813786506653 -0.00765585899353 20004
851377945350989 618 0.5029296875 6.47220945358276 -0.00334966182709 30004
851417875120797 618 0.47421264648438 -4.25867795944214 -0.00354433059692 40004
851457804890487 618 1.95602416992188 -0.60009902715683 -0.01196599006653 50004
8514977346650610 618 0.6591796875 -7.06229972839355 -0.00334763526917 60004
851537664442429 618 -1.67352294921875 -0.58652436733246 0.01170635223389 70004
851577594242897 618 -0.37847900390625 -5.63713312149048 0.00244855880737 80004
851617524019349 618 2.4317626953125 0.15269947052002 -0.01572895050049 90004
851258156028408 619 0.46909555792809 -6.50447559356689 -0.00224608136341 4
851298085800458 619 1.03876495361328 -5.64914703369141 -0.00562036037445 10004
851338015561318 619 1.07386779785156 2.42002606391907 -0.00765693187714 20004
851377945350989 619 0.447509765625 6.07036924362183 -0.00334894657135 30004
851417875120797 619 0.55648803710938 -4.70265913009644 -0.00354480743408 40004
851457804890487 619 1.74984741210938 -0.85433381795883 -0.01196336746216 50004
8514977346650610 619 0.6591796875 -7.06229972839355 -0.0033438205719 60004
851537664442429 619 -1.3704833984375 -0.78678286075592 0.00946187973022 70004
851577594242897 619 -0.35015869140625 -5.98864221572876 0.00244474411011 80004
851617524019349 619 2.2764892578125 -0.19264878332615 -0.01572465896606 90004
851258156028408 620 0.59669137001038 -6.34158229827881 -0.00336912297644 4
851298085800458 620 1.21129608154297 -5.25019931793213 -0.00674331188202 10004
851338015561318 620 1.11048889160156 2.76462292671204 -0.00765931606293 20004
851377945350989 620 0.526123046875 5.66500425338745 -0.00334632396698 30004
851417875120797 620 0.49008178710938 -5.15752363204956 -0.00354528427124 40004
851457804890487 620 1.50521850585938 -1.07404637336731 -0.00993037223816 50004
8514977346650610 620 0.6591796875 -7.06229972839355 -0.00334000587463 60004
851537664442429 620 -1.014404296875 -0.8801885843277 0.00721979141235 70004
851577594242898 620 0 -8 0 80004
851617524019349 620 2.1798095703125 -0.56046956777573 -0.01371574401855 90004
851258156028408 621 0.83230817317963 -6.1902813911438 -0.00449215946719 4
851298085800458 621 1.24503326416016 -4.95608234405518 -0.00707715749741 10004
851338015561318 621 0.99795532226563 3.09228920936584 -0.00562036037445 20004
851377945350989 621 0.508544921875 5.25245237350464 -0.00334489345551 30004
851417875120797 621 0.28109741210938 -5.56685590744019 -0.00154066085815 40004
851457804890487 621 1.37631225585938 -1.37649464607239 -0.00992798805237 50004
8514977346650610 621 0.6591796875 -7.06229972839355 -0.00333619117737 60004
851537664442429 621 -0.699951171875 -1.07189810276031 0.00498867034912 70004
851577594242898 621 0.0703125 -7.84942626953125 -0.00000190734863 80004
851617524019349 621 1.9366455078125 -0.85335820913315 -0.01162815093994 90004
851258156028408 622 0.94449120759964 -6.13936471939087 -0.00561520317569 4
851298085800458 622 1.24845886230469 -4.75256633758545 -0.00707745552063 10004
851338015561318 622 0.88851928710938 3.42106461524963 -0.00562036037445 20004
851377945350989 622 0.577392578125 4.84838628768921 -0.00334239006042 30004
851417875120797 622 0.21676635742188 -5.99848699569702 -0.00154161453247 40004
851457804890487 622 1.16415405273438 -1.62129187583923 -0.00791597366333 50004
8514977346650610 622 0.556640625 -7.20218086242676 -0.00333333015442 60004
851537664442429 622 -0.46826171875 -1.35037386417389 0.00388097763062 70004
851577594242898 622 0.29443359375 -7.63865089416504 -0.00112581253052 80004
851617524019349 622 1.61737060546875 -1.04888582229614 -0.00961208343506 90004
851258156028408 623 1.03276824951172 -6.14108228683472 -0.00561519805342 4
851298085800458 623 1.24845886230469 -4.66590785980225 -0.00707745552063 10004
851338015561318 623 0.77389526367188 3.74792814254761 -0.00562012195587 20004
851377945350989 623 0.75534057617188 4.48657369613647 -0.00446403026581 30004
851417875120797 623 0.29830932617188 -6.4297080039978 -0.00154185295105 40004
851457804890487 623 0.94442749023438 -1.86475157737732 -0.00587892532349 50004
8514977346650610 623 0.43212890625 -7.32637977600098 -0.00333070755005 60004
851537664442429 623 -0.3388671875 -1.68681490421295 0.00277280807495 70004
851577594242898 623 0.609375 -7.4465160369873 -0.00337553024292 80004
851617524019349 623 1.32366943359375 -1.27686738967896 -0.00960826873779 90004
851258156028408 624 1.1125944852829 -6.15721988677979 -0.00673823151737 4
851298085800458 624 1.21928405761719 -4.62006092071533 -0.00707763433456 10004
851338015561318 624 0.68995666503906 4.0777530670166 -0.0036039352417 20004
851377945350989 624 0.990234375 4.15010976791382 -0.00559091567993 30004
851417875120798 624 0.0291748046875 -7.9373664855957 0 40004
851457804890487 624 0.7772216796875 -2.14103293418884 -0.00587868690491 50004
8514977346650610 624 0.31787109375 -7.37478828430176 -0.00129842758179 60004
851537664442429 624 -0.312255859375 -2.05230259895325 0.00278615951538 70004
851577594242898 624 0.938720703125 -7.32464599609375 -0.00562286376953 80004
851617524019349 624 1.11712646484375 -1.58848905563354 -0.00757312774658 90004
851258156028408 625 1.11514616012573 -6.15908908843994 -0.00673822499812 4
851298085800458 625 1.10258483886719 -4.4367036819458 -0.0070783495903 10004
851338015561318 625 0.71705627441406 4.42315864562988 -0.00360488891602 20004
851377945350989 625 1.15499877929688 3.77141714096069 -0.00671768188477 30004
851417875120798 625 0.1458740234375 -7.68683242797852 0 40004
851457804890487 625 0.7069091796875 -2.46214270591736 -0.00386428833008 50004
8514977346650610 625 0.19775390625 -7.38275337219238 -0.00130009651184 60004
851537664442429 625 -0.369873046875 -2.41780018806458 0.00279378890991 70004
851577594242898 625 1.192626953125 -7.29744720458984 -0.00674676895142 80004
851617524019349 625 1.02044677734375 -1.95630979537964 -0.00756216049194 90004
851258156028408 626 1.11514616012573 -6.15908908843994 -0.00673821754754 4
851298085800458 626 1.04606628417969 -4.00568103790283 -0.00707882642746 10004
851338015561318 626 0.595703125 4.74785041809082 -0.00360536575317 20004
851377945350989 626 1.46405029296875 3.49779272079468 -0.00896489620209 30004
851417875120798 626 0.1458740234375 -7.3203010559082 0 40004
851457804890487 626 0.6048583984375 -2.77455878257751 -0.00386309623718 50004
8514977346650610 626 0.02978515625 -7.31761360168457 -0.00130105018616 60004
851537664442429 626 -0.386474609375 -2.78727650642395 0.00280141830444 70004
851577594242898 626 1.24755859375 -7.31755065917969 -0.00709295272827 80004
851617524019349 626 0.93743896484375 -2.32734274864197 -0.00552701950073 90004
851258156028408 627 1.11514616012573 -6.15908908843994 -0.00673821009696 4
851298085800458 627 0.99027252197266 -3.57458209991455 -0.00707966089249 10004
851338015561318 627 0.585693359375 5.08807754516602 -0.0036062002182 20004
851377945350989 627 1.73651123046875 3.18888902664185 -0.01008796691895 30004
851417875120798 627 0.2052001953125 -6.96020698547363 -0.00112390518188 40004
851457804890487 627 0.6082763671875 -3.09750628471375 -0.00386118888855 50004
8514977346650610 627 -0.01220703125 -7.30132865905762 0.00075078010559 60004
851537664442429 627 -0.285888671875 -3.1357901096344 0.00281476974487 70004
851577594242898 627 1.24908447265625 -7.32556343078613 -0.00709295272827 80004
851617524019349 627 0.85589599609375 -2.69883322715759 -0.0055251121521 90004
851258156028408 628 1.11514616012573 -6.15908908843994 -0.00673820264637 4
851298085800458 628 1.02846527099609 -3.15185594558716 -0.00708109140396 10004
851338015561318 628 0.53863525390625 5.42312622070313 -0.00360703468323 20004
851377945350989 628 2.00677490234375 2.87686777114868 -0.01233410835266 30004
851417875120798 628 0.3079833984375 -6.60925483703613 -0.00112438201904 40004
851457804890487 628 0.5760498046875 -3.41677165031433 -0.00385856628418 50004
8514977346650610 628 -0.01220703125 -7.30132865905762 0.00075078010559 60004
851537664442429 628 -0.22320556640625 -3.49129128456116 0.00169563293457 70004
851577594242898 628 1.24908447265625 -7.32755470275879 -0.00709295272827 80004
851617524019349 628 0.85687255859375 -3.06989645957947 -0.00552177429199 90004
851258156028408 629 1.09610259532928 -6.17735528945923 -0.00673819566146 4
851298085800458 629 1.19523620605469 -2.75629925727844 -0.00708216428757 10004
851338015561318 629 0.38627624511719 5.72734022140503 -0.00360882282257 20004
851377945350989 629 2.24905395507813 2.55099630355835 -0.01345944404602 30004
851417875120798 629 0.4410400390625 -6.26799201965332 -0.00224828720093 40004
851457804890487 629 0.5084228515625 -3.73244071006775 -0.00385642051697 50004
8514977346650610 629 -0.01220703125 -7.30132865905762 0.00075078010559 60004
851537664442429 629 -0.20074462890625 -3.85431981086731 0.0016975402832 70004
851577594242898 629 1.24688720703125 -7.36125373840332 -0.00709342956543 80004
851617524019349 629 0.89886474609375 -3.44066977500916 -0.00551605224609 90004
851258156028408 630 1.01994526386261 -6.25040292739868 -0.00673818960786 4
851298085800458 630 1.46722412109375 -2.41707468032837 -0.00933021306992 10004
851338015561319 630 0 7.53247022628784 0 20004
851377945350989 630 2.37481689453125 2.15764760971069 -0.01458477973938 30004
851417875120798 630 0.5938720703125 -5.9348087310791 -0.0033745765686 40004
851457804890487 630 0.5469970703125 -4.05889797210693 -0.0038526058197 50004
8514977346650610 630 -0.01220703125 -7.30132865905762 0.00075078010559 60004
851537664442429 630 -0.06402587890625 -4.19800710678101 0.00057744979858 70004
851577594242898 630 1.23809814453125 -7.49604988098145 -0.00709438323975 80004
851617524019349 630 0.81781005859375 -3.81231284141541 -0.00551319122314 90004
851258156028408 631 1.01994526386261 -6.25040292739868 -0.00673818960786 4
851298085800458 631 1.57408905029297 -1.99567842483521 -0.00933116674423 10004
851338015561319 631 0.179931640625 7.91832685470581 -0.00112402439117 20004
851377945350989 631 2.65530395507813 1.8542685508728 -0.01683342456818 30004
851417875120798 631 0.5914306640625 -5.56828498840332 -0.00337529182434 40004
851457804890487 631 0.44384765625 -4.37097072601318 -0.00385093688965 50004
8514977346650610 631 0.03466796875 -7.07501029968262 0.00074791908264 60004
851537664442429 631 0.18304443359375 -4.4734206199646 -0.00054359436035 70004
851577594242898 631 1.23809814453125 -7.49604988098145 -0.00709438323975 80004
851617524019349 631 0.76116943359375 -4.18825101852417 -0.0055103302002 90004
851258156028408 632 1.01994526386261 -6.25040292739868 -0.00673818960786 4
851298085800458 632 1.80695343017578 -1.63776874542236 -0.01157826185226 10004
851338015561319 632 0.40739440917969 8.16779899597168 -0.00224804878235 20004
851377945350989 632 2.8197021484375 1.48341226577759 -0.01796054840088 30004
851417875120798 632 0.546875 -5.20529747009277 -0.00337624549866 40004
851457804890487 632 0.44696044921875 -4.69382953643799 -0.00182938575745 50004
8514977346650610 632 -0.03271484375 -6.68083572387695 0.00074553489685 60004
851537664442429 632 0.29901123046875 -4.72077322006226 -0.00165748596191 70004
851577594242898 632 1.23809814453125 -7.49604988098145 -0.00709438323975 80004
851617524019349 632 0.58880615234375 -4.52002668380737 -0.0034441947937 90004
851258156028408 633 1.01994526386261 -6.25040292739868 -0.00673818960786 4
851298085800458 633 2.14006805419922 -1.37488341331482 -0.01270121335983 10004
851338015561319 633 0.57952880859375 8.2833309173584 -0.0033745765686 20004
851377945350989 633 2.8875732421875 1.08031415939331 -0.0179671049118 30004
851417875120798 633 0.541015625 -4.84264183044434 -0.00337648391724 40004
851457804890487 633 0.43817138671875 -5.01900577545166 -0.00295042991638 50004
8514977346650610 633 -0.0380859375 -6.22945022583008 0.00074362754822 60004
851537664442429 633 0.30877685546875 -5.02281713485718 -0.00165367126465 70004
851577594242898 633 1.20294189453125 -7.50292015075684 -0.00709533691406 80004
851617524019349 633 0.45068359375 -4.86575651168823 -0.00344371795654 90004
851258156028408 634 0.99345117807388 -6.2108359336853 -0.00673818821087 4
851298085800458 634 2.50234222412109 -1.14894366264343 -0.01607060432434 10004
851338015561319 634 0.69216918945313 8.2970142364502 -0.00337541103363 20004
851377945350989 634 2.852783203125 0.67621374130249 -0.01797008514404 30004
851417875120798 634 0.5811767578125 -4.47851943969727 -0.00337791442871 40004
851457804890487 634 0.41754150390625 -5.341233253479 -0.00294852256775 50004
8514977346650610 634 0.006591796875 -5.77743530273438 0.00074124336243 60004
851537664442429 634 0.29608154296875 -5.38586187362671 -0.00165271759033 70004
851577594242898 634 1.15020751953125 -7.51322555541992 -0.00709629058838 80004
851617524019349 634 0.36865234375 -5.23572111129761 -0.00344705581665 90004
851258156028408 635 0.88748854398727 -6.05258846282959 -0.00673818215728 4
851298085800458 635 2.77719879150391 -0.81217670440674 -0.01719427108765 10004
851338015561319 635 0.84207153320313 8.27058601379395 -0.00450229644775 20004
851377945350989 635 2.686767578125 0.2983546257019 -0.01797425746918 30004
851417875120798 635 0.6011962890625 -4.1125373840332 -0.00337886810303 40004
851457804890487 635 0.50347900390625 -5.65844821929932 -0.00294661521912 50004
8514977346650610 635 -0.098876953125 -5.32730865478516 0.00074005126953 60004
851537664442429 635 0.40350341796875 -5.73977422714233 -0.00164890289307 70004
851577594242898 635 1.15020751953125 -7.51322555541992 -0.00709629058838 80004
851617524019349 635 0.23681640625 -5.59236478805542 -0.00143671035767 90004
851258156028408 636 0.82665741443634 -5.65985059738159 -0.00472406111658 4
851298085800458 636 2.88095855712891 -0.40329402685165 -0.01831901073456 10004
851338015561319 636 0.84207153320313 8.27058601379395 -0.00450420379639 20004
851377945350989 636 2.44766235351563 0.01931667141616 -0.01588177680969 30004
851417875120798 636 0.6588134765625 -3.75057315826416 -0.0033802986145 40004
851457804890487 636 0.44732666015625 -5.982346534729 -0.00294542312622 50004
8514977346650610 636 -0.38458251953125 -4.96404266357422 0.00284218788147 60004
851537664442429 636 0.35076904296875 -6.10586309432983 -0.00164890289307 70004
851577594242898 636 1.15020751953125 -7.51322555541992 -0.00709629058838 80004
851617524019349 636 0.23291015625 -5.97242307662964 -0.00144052505493 90004
851258156028408 637 0.65735507011414 -5.29232931137085 -0.00472405692562 4
851298085800458 637 2.84592437744141 0.01921636238694 -0.01831895112991 10004
851338015561319 637 0.84207153320313 8.27058601379395 -0.00450611114502 20004
851377945350989 637 2.25540161132813 -0.33036613464355 -0.01386713981628 30004
851417875120798 637 0.81515502929688 -3.4243221282959 -0.00450873374939 40004
851457804890487 637 0.49774169921875 -6.30123233795166 -0.00294280052185 50004
8514977346650610 637 -0.49566650390625 -4.70442581176758 0.00284194946289 60004
851537664442429 637 0.41815185546875 -6.46281957626343 -0.00164842605591 70004
851577594242898 637 1.10845947265625 -7.42769241333008 -0.00709629058838 80004
851617524019349 637 0.34912109375 -6.32716131210327 -0.00144624710083 90004
851258156028408 638 0.44926777482033 -4.93475532531738 -0.002712079091 4
851298085800458 638 2.67832183837891 0.40906742215157 -0.01831942796707 10004
851338015561319 638 0.84207153320313 8.27058601379395 -0.00450801849365 20004
851377945350989 638 2.00839233398438 -0.6487774848938 -0.01386797428131 30004
851417875120798 638 1.06170654296875 -3.1645336151123 -0.00676250457764 40004
851457804890488 638 0.080322265625 -7.82799911499023 0.00000143051147 50004
8514977346650610 638 -0.54937744140625 -4.36230850219727 0.00284051895142 60004
8515376644424210 638 0.0390625 -7.91670227050781 0 70004
851577594242898 638 1.07769775390625 -7.23179626464844 -0.00709676742554 80004
8516175240193410 638 0.0341796875 -7.89965057373047 -0.00000476837158 90004
851258156028408 639 0.25350672006607 -4.57143259048462 -0.00271207652986 4
851298085800458 639 2.43825531005859 0.77036017179489 -0.01630687713623 10004
851338015561319 639 0.83590698242188 8.25366401672363 -0.00450992584229 20004
851377945350989 639 1.72579956054688 -0.93977904319763 -0.01186418533325 30004
851417875120798 639 1.3358154296875 -2.9320240020752 -0.00788831710815 40004
851457804890488 639 0.22900390625 -7.53181266784668 -0.00111961364746 50004
8514977346650610 639 -0.60528564453125 -3.90328979492188 0.0028395652771 60004
8515376644424210 639 0.09765625 -7.75354957580566 0.00000381469727 70004
851577594242898 639 1.11236572265625 -6.93525314331055 -0.00709772109985 80004
8516175240193410 639 0.142333984375 -7.68717956542969 -0.00000858306885 90004
851258156028408 640 0.10266770422459 -4.18614912033081 -0.00069001602242 4
851298085800458 640 2.24051666259766 1.1574455499649 -0.01428365707397 10004
851338015561319 640 0.81124877929688 8.18597602844238 -0.0045120716095 20004
851377945350989 640 1.54904174804688 -1.31300950050354 -0.00981664657593 30004
851417875120798 640 1.52395629882813 -2.61767768859863 -0.00901651382446 40004
851457804890488 640 0.341796875 -7.37907218933105 -0.00111722946167 50004
8514977346650610 640 -0.66485595703125 -3.44471740722656 0.00483894348145 60004
8515376644424210 640 0.09765625 -7.6007251739502 0.00000381469727 70004
851577594242898 640 1.24908447265625 -6.58232498168945 -0.00710105895996 80004
8516175240193410 640 0.369873046875 -7.43939208984375 -0.00226163864136 90004
851258156028408 641 -0.00628015212715 -3.78700613975525 -0.00069001573138 4
851298085800458 641 1.89775848388672 1.42465531826019 -0.01224571466446 10004
851338015561319 641 0.78829956054688 7.9019947052002 -0.00451397895813 20004
851377945350989 641 1.54660034179688 -1.72594285011292 -0.00981652736664 30004
851417875120798 641 1.64553833007813 -2.3176326751709 -0.0101466178894 40004
851457804890488 641 0.4169921875 -7.00700187683105 -0.00223684310913 50004
8514977346650610 641 -0.91192626953125 -3.05413818359375 0.00483775138855 60004
8515376644424210 641 0.2353515625 -7.27869606018066 -0.00111627578735 70004
851577594242898 641 1.24908447265625 -6.38811874389648 -0.00710105895996 80004
8516175240193410 641 0.456787109375 -7.29537963867188 -0.00226926803589 90004
851258156028408 642 -0.23406580090523 -3.45045351982117 0.00137361336965 4
851298085800458 642 1.71207427978516 1.6871680021286 -0.0102447271347 10004
851338015561319 642 0.62472534179688 7.55343723297119 -0.00451576709747 20004
851377945350989 642 1.41342163085938 -2.10909867286682 -0.00981616973877 30004
851417875120798 642 1.79568481445313 -1.9950944185257 -0.01127505302429 40004
851457804890488 642 0.3687744140625 -6.63728332519531 -0.00223541259766 50004
8514977346650610 642 -1.16192626953125 -2.66515254974365 0.00691294670105 60004
8515376644424210 642 0.4140625 -6.93998146057129 -0.00223541259766 70004
851577594242898 642 1.24908447265625 -6.31826400756836 -0.00710105895996 80004
8516175240193410 642 0.49932861328125 -7.05116271972656 -0.00226974487305 90004
851258156028408 643 -0.44788488745689 -3.10189652442932 0.00337575399317 4
851298085800458 643 1.62723541259766 2.01506567001343 -0.01024514436722 10004
851338015561319 643 0.50260925292969 7.15624809265137 -0.00248944759369 20004
851377945350989 643 1.32394409179688 -2.50218033790588 -0.00780546665192 30004
851417875120798 643 1.99807739257813 -1.69390785694122 -0.01239800453186 40004
851457804890488 643 0.2701416015625 -6.27089309692383 -0.00223350524902 50004
8514977346650610 643 -1.35198974609375 -2.24909687042236 0.00892949104309 60004
8515376644424210 643 0.53173828125 -6.57172584533691 -0.00335550308228 70004
851577594242898 643 1.24908447265625 -6.30406188964844 -0.00710105895996 80004
8516175240193410 643 0.4580078125 -6.75331497192383 -0.00226640701294 90004
851258156028408 644 -0.64047884941101 -2.74195289611816 0.00337575329468 4
851298085800458 644 1.54517364501953 2.40501546859741 -0.01024568080902 10004
851338015561319 644 0.42460632324219 6.74544906616211 -0.00249147415161 20004
851377945350989 644 1.27792358398438 -2.9051878452301 -0.00780546665192 30004
851417875120798 644 2.25820922851563 -1.44471085071564 -0.01352095603943 40004
851457804890488 644 0.163330078125 -5.90671539306641 -0.00019264221191 50004
8514977346650610 644 -1.52581787109375 -1.82959318161011 0.00892853736877 60004
8515376644424210 644 0.547119140625 -6.18035316467285 -0.00335264205933 70004
851577594242898 644 1.24908447265625 -6.30406188964844 -0.00710105895996 80004
8516175240193410 644 0.3779296875 -6.43071365356445 -0.00227022171021 90004
851258156028408 645 -0.9300474524498 -2.44648408889771 0.00541710061952 4
851298085800458 645 1.32607269287109 2.78044462203979 -0.00821536779404 10004
851338015561319 645 0.21415710449219 6.37540626525879 -0.00249314308167 20004
851377945350989 645 1.10116577148438 -3.27841782569885 -0.00780522823334 30004
851417875120798 645 2.5635986328125 -1.26493942737579 -0.01577281951904 40004
851457804890488 645 0.059814453125 -5.54154205322266 -0.00019145011902 50004
8514977346650610 645 -1.83062744140625 -1.48254919052124 0.01101088523865 60004
8515376644424210 645 0.479736328125 -5.79156684875488 -0.00335168838501 70004
851577594242898 645 1.24908447265625 -6.30406188964844 -0.00710105895996 80004
8516175240193410 645 0.3857421875 -6.09453964233398 -0.00227499008179 90004
851258156028408 646 -1.1655980348587 -2.10636901855469 0.00750110903755 4
851298085800458 646 1.02712249755859 3.09593915939331 -0.00615400075912 10004
851338015561319 646 0.17999267578125 5.9510440826416 -0.00043725967407 20004
851377945350989 646 1.09872436523438 -3.69135117530823 -0.00780498981476 30004
851417875120798 646 2.77032470703125 -0.96290504932404 -0.01689696311951 40004
851457804890488 646 0.120361328125 -5.16682434082031 -0.00018858909607 50004
8514977346650610 646 -1.96014404296875 -1.03889226913452 0.01304411888123 60004
8515376644424210 646 0.583251953125 -5.41084480285645 -0.00334882736206 70004
851577594242898 646 1.24908447265625 -6.11502838134766 -0.00710105895996 80004
8516175240193410 646 0.2509765625 -5.78660202026367 -0.00227832794189 90004
851258156028408 647 -1.4680233001709 -1.82910907268524 0.00961259379983 4
851298085800458 647 0.84911346435547 3.48405408859253 -0.00615441799164 10004
851338015561319 647 0.01361083984375 5.56737804412842 -0.00043749809265 20004
851377945350989 647 0.96554565429688 -4.07450723648071 -0.005774974823 30004
851417875120798 647 2.84393310546875 -0.75183475017548 -0.01801919937134 40004
851457804890488 647 0.057861328125 -4.79926490783691 -0.00018787384033 50004
8514977346650610 647 -2.22186279296875 -0.66769415140152 0.01512861251831 60004
8515376644424210 647 0.55859375 -5.02407455444336 -0.00334692001343 70004
851577594242898 647 1.18170166015625 -5.78615951538086 -0.00710201263428 80004
8516175240193410 647 0.22314453125 -5.45748710632324 -0.002281665802 90004
851258156028408 648 -1.72337210178375 -1.5161737203598 0.01166736427695 4
851298085800458 648 0.80509948730469 3.90615344047546 -0.00413858890533 10004
851338015561319 648 -0.23225402832031 5.22262096405029 0.00164484977722 20004
851377945350989 648 0.85324096679688 -4.46620035171509 -0.00577664375305 30004
851417875120798 648 2.80950927734375 -0.48484981060028 -0.01801896095276 40004
851457804890488 648 -0.0517578125 -4.43592643737793 -0.0001859664917 50004
8514977346650610 648 -2.43963623046875 -0.27234277129173 0.01512932777405 60004
8515376644424210 648 0.57666015625 -4.63932037353516 -0.00334453582764 70004
851577594242898 648 1.05084228515625 -5.42562103271484 -0.00710248947144 80004
8516175240193410 648 0.15966796875 -5.13543128967285 -0.0002498626709 90004
851258156028408 649 -1.94405281543732 -1.17492175102234 0.01166735216975 4
851298085800458 649 0.80784606933594 4.3331618309021 -0.00526255369186 10004
851338015561319 649 -0.47314453125 4.88091373443604 0.00368320941925 20004
851377945350989 649 0.77853393554688 -4.869469165802 -0.00577831268311 30004
851417875120798 649 2.68072509765625 -0.14664417505264 -0.01801872253418 40004
851457804890488 649 -0.203125 -4.09511375427246 0.00183606147766 50004
8514977346650610 649 -2.51971435546875 0.17468479275703 0.01717805862427 60004
8515376644424210 649 0.652099609375 -4.25517082214355 -0.00334310531616 70004
851577594242898 649 0.91949462890625 -5.06996154785156 -0.00506496429443 80004
8516175240193410 649 0.034423828125 -4.82397842407227 -0.00025367736816 90004
851258156028408 650 -2.26877570152283 -0.91860949993134 0.01372427586466 4
851298085800458 650 0.67012023925781 4.7454776763916 -0.00526314973831 10004
851338015561319 650 -0.593017578125 4.47242069244385 0.00368237495422 20004
851377945350989 650 0.62359619140625 -5.25207567214966 -0.00376033782959 30004
851417875120798 650 2.46038818359375 0.14651554822922 -0.0159695148468 40004
851457804890488 650 -0.46142578125 -3.81637382507324 0.00184059143066 50004
8514977346650610 650 -2.45037841796875 0.63182127475739 0.01605653762817 60004
8515376644424210 650 0.643310546875 -3.86073875427246 -0.00334215164185 70004
851577594242898 650 0.90972900390625 -4.68411254882813 -0.00506639480591 80004
8516175240193410 650 -0.062255859375 -4.50197982788086 -0.00025653839111 90004
851258156028408 651 -2.45477080345154 -0.54903250932693 0.01577882841229 4
851298085800458 651 0.37110900878906 5.06098365783691 -0.00325274467468 10004
851338015561319 651 -0.75537109375 4.07889366149902 0.00574195384979 20004
851377945350989 651 0.6455078125 -5.66448259353638 -0.00376391410828 30004
851417875120798 651 2.38470458984375 0.5051891207695 -0.01597213745117 40004
851457804890488 651 -0.57754516601563 -3.45487022399902 0.00391864776611 50004
8514977346650610 651 -2.19451904296875 1.01677668094635 0.01493358612061 60004
8515376644424210 651 0.801513671875 -3.4994945526123 -0.00446224212646 70004
851577594242898 651 0.96051025390625 -4.30152893066406 -0.00506830215454 80004
8516175240193410 651 -0.086669921875 -4.1666145324707 -0.00025987625122 90004
851258156028408 652 -2.51056241989136 -0.14644928276539 0.01577880233526 4
851298085800458 652 0.19316864013672 5.44911003112793 -0.00120747089386 10004
851338015561319 652 -0.96534729003906 3.70974969863892 0.00574231147766 20004
851377945350989 652 0.5347900390625 -6.0545392036438 -0.00376582145691 30004
851417875120798 652 2.22097778320313 0.82839864492416 -0.01390600204468 40004
851457804890488 652 -0.67306518554688 -3.08763599395752 0.00392246246338 50004
8514977346650610 652 -1.87274169921875 1.34510433673859 0.01269102096558 60004
8515376644424210 652 0.97802734375 -3.14678764343262 -0.00558233261108 70004
851577594242898 652 1.12921142578125 -3.9619927406311 -0.00619411468506 80004
8516175240193410 652 -0.21630859375 -3.86259460449219 0.00180435180664 90004
851258156028408 653 -2.4473671913147 0.25527310371399 0.01577877625823 4
851298085800458 653 -0.02515411376953 5.81301689147949 0.00086373090744 10004
851338015561319 653 -1.2242431640625 3.37443661689758 0.00779461860657 20004
851377945350989 653 0.4683837890625 -6.45204591751099 -0.00376796722412 30004
851417875120798 653 2.10275268554688 1.16605651378632 -0.01390910148621 40004
851457804890488 653 -0.80880737304688 -2.73681926727295 0.00593066215515 50004
8514977346650610 653 -1.6090087890625 1.71265804767609 0.01043701171875 60004
8515376644424210 653 1.22479248046875 -2.85184860229492 -0.0078182220459 70004
851577594242898 653 1.24908447265625 -3.60810899734497 -0.00710105895996 80004
8516175240193410 653 -0.3896484375 -3.57404518127441 0.00180721282959 90004
851258156028408 654 -2.27065420150757 0.62131410837173 0.01465568784624 4
851298085800459 654 0.02590942382813 7.58803510665894 -0.00000023841858 10004
851338015561319 654 -1.47688293457031 3.04118275642395 0.00988519191742 20004
8513779453509810 654 0.017822265625 -7.96167373657227 -0.00000023841858 30004
851417875120798 654 2.02182006835938 1.51684939861298 -0.013911485672 40004
851457804890488 654 -1.00534057617188 -2.41328620910645 0.00593137741089 50004
8514977346650610 654 -1.3856201171875 2.10926246643066 0.0093047618866 60004
8515376644424210 654 1.50555419921875 -2.58437061309814 -0.00893926620483 70004
851577594242898 654 1.24908447265625 -3.23987531661987 -0.00710105895996 80004
8516175240193410 654 -0.582275390625 -3.29889488220215 0.00381803512573 90004
851258156028408 655 -1.9801230430603 0.91598570346832 0.01353262457997 4
851298085800459 655 0.12954711914063 7.81026601791382 -0.00000083446503 10004
851338015561319 655 -1.61091613769531 2.63705730438232 0.00988578796387 20004
8513779453509810 655 0.089111328125 -7.80836868286133 -0.00000166893005 30004
851417875120798 655 1.82846069335938 1.82823741436005 -0.0118453502655 40004
851457804890488 655 -1.24215698242188 -2.11662101745605 0.00798964500427 50004
8514977346650610 655 -1.0411376953125 2.41871452331543 0.00705671310425 60004
8515376644424210 655 1.68701171875 -2.23450946807861 -0.01005744934082 70004
851577594242898 655 1.24908447265625 -2.91469144821167 -0.00710105895996 80004
8516175240193410 655 -0.807861328125 -3.04887580871582 0.00587272644043 90004
851258156028408 656 -1.84134757518768 1.30581521987915 0.01240955945104 4
851298085800459 656 0.17214965820313 7.84603261947632 -0.00000178813934 10004
851338015561319 656 -1.84738159179688 2.28311538696289 0.01188683509827 20004
8513779453509810 656 0.126220703125 -7.39709854125977 -0.00000333786011 30004
851417875120798 656 1.75961303710938 2.18826174736023 -0.01184511184692 40004
851457804890488 656 -1.41354370117188 -1.77790009975433 0.00799036026001 50004
8514977346650610 656 -0.8604736328125 2.84436988830566 0.00592613220215 60004
8515376644424210 656 1.70458984375 -1.84035968780518 -0.01005554199219 70004
851577594242898 656 1.5721435546875 -2.70075178146362 -0.009361743927 80004
8516175240193410 656 -1.118408203125 -2.91731452941895 0.00789451599121 90004
851258156028408 657 -1.5887565612793 1.62427222728729 0.0112865101546 4
851298085800459 657 0.18296813964844 7.85498571395874 -0.00112587213516 10004
851338015561319 657 -1.95503234863281 1.87907063961029 0.01188385486603 20004
8513779453509810 657 0.3193359375 -6.97806930541992 -0.00112509727478 30004
851417875120798 657 1.58163452148438 2.5011899471283 -0.00976300239563 40004
851457804890488 657 -1.68063354492188 -1.51727283000946 0.01005101203918 50004
8514977346650610 657 -0.8277587890625 3.29735660552979 0.0059220790863 60004
8515376644424210 657 1.84478759765625 -1.47942495346069 -0.01117849349976 70004
851577594242898 657 1.80364990234375 -2.40002012252808 -0.01049947738647 80004
8516175240193410 657 -1.365234375 -2.69690990447998 0.00789737701416 90004
851258156028408 658 -1.34483647346497 1.9534740447998 0.0090404022485 4
851298085800459 658 0.18309020996094 7.85498571395874 -0.00112676620483 10004
851338015561319 658 -2.10565185546875 1.49171650409698 0.01393163204193 20004
8513779453509810 658 0.4638671875 -6.52445602416992 -0.00224578380585 30004
851417875120798 658 1.45736694335938 2.73981070518494 -0.00976657867432 40004
851457804890488 658 -1.97213745117188 -1.27379214763641 0.01212954521179 50004
8514977346650610 658 -0.7476806640625 3.74195957183838 0.00592064857483 60004
8515376644424210 658 2.09088134765625 -1.18448495864868 -0.01342248916626 70004
851577594242898 658 1.97998046875 -2.05759572982788 -0.01163768768311 80004
8516175240193410 658 -1.5684814453125 -2.43043804168701 0.00991773605347 90004
851258156028408 659 -1.19058477878571 2.32952642440796 0.00791734363884 4
851298085800459 659 0.18321228027344 7.85498571395874 -0.00112766027451 10004
851338015561319 659 -2.29925537109375 1.12108218669891 0.01393043994904 20004
8513779453509810 659 0.5069580078125 -6.03878021240234 -0.00224363803864 30004
851417875120798 659 1.37814331054688 2.94912695884705 -0.00976943969727 40004
851457804890488 659 -2.222412109375 -0.99738299846649 0.01421642303467 50004
8514977346650610 659 -0.5299072265625 4.14034938812256 0.00367188453674 60004
8515376644424210 659 2.36968994140625 -0.91700649261475 -0.01454067230225 70004
851577594242898 659 2.159912109375 -1.72117161750793 -0.01389837265015 80004
8516175240193410 659 -1.7239990234375 -2.1362419128418 0.01192617416382 90004
851258156028408 660 -1.1654886007309 2.74254751205444 0.00791734643281 4
851298085800459 660 0.18333435058594 7.85498571395874 -0.00112861394882 10004
851338015561319 660 -2.36393737792969 0.70031023025513 0.01593279838562 20004
8513779453509810 660 0.5474853515625 -5.55290985107422 -0.00336456298828 30004
851417875120798 660 1.16336059570313 3.24635672569275 -0.00776076316833 40004
851457804890488 660 -2.372802734375 -0.64884173870087 0.01421737670898 50004
8514977346650610 660 -0.18890380859375 4.45258235931396 0.00142216682434 60004
8515376644424210 660 2.55035400390625 -0.56714344024658 -0.01565313339233 70004
851577594242898 660 2.4241943359375 -1.4410297870636 -0.01502799987793 80004
8516175240193410 660 -1.7991943359375 -1.80823016166687 0.01193523406982 90004
851258156028408 661 -1.16560113430023 3.15632772445679 0.00791735760868 4
851298085800459 661 0.23216247558594 7.77081823348999 -0.00113064050674 10004
851338015561319 661 -2.50994873046875 0.30038118362427 0.01593160629272 20004
8513779453509810 661 0.75088500976563 -5.10962677001953 -0.0044869184494 30004
851417875120798 661 1.12094116210938 3.46625876426697 -0.00776147842407 40004
851457804890488 661 -2.361572265625 -0.26943606138229 0.01623058319092 50004
8514977346650610 661 -0.02764892578125 4.8409948348999 0.00029635429382 60004
8515376644424210 661 2.5667724609375 -0.17299330234528 -0.01564264297485 70004
851577594242898 661 2.5443115234375 -1.0749294757843 -0.01615333557129 80004
8516175240193410 661 -2.0062255859375 -1.542240858078 0.01194429397583 90004
851258156028408 662 -1.0360062122345 3.5417492389679 0.00679431576282 4
851298085800459 662 0.24446105957031 7.74977970123291 -0.00113195180893 10004
851338015561319 662 -2.51898193359375 -0.11771828681231 0.01592898368835 20004
8513779453509810 662 0.79971313476563 -4.63313293457031 -0.00448930263519 30004
851417875120798 662 0.94967651367188 3.7441565990448 -0.00569295883179 40004
851457804890488 662 -2.2877197265625 -0.03349083662033 0.01511526107788 50004
8514977346650610 662 -0.00201416015625 5.28456211090088 0.00029516220093 60004
8515376644424210 662 2.45733642578125 0.19897925853729 -0.01563310623169 70004
851577594242898 662 2.5406494140625 -0.69581073522568 -0.01615476608276 80004
8516175240193410 662 -2.1766357421875 -1.25298857688904 0.01395416259766 90004
851258156028408 663 -0.83996790647507 3.90521025657654 0.00567126413807 4
851298085800459 663 0.24452209472656 7.65500736236572 -0.00113350152969 10004
851338015561319 663 -2.46429443359375 -0.53954756259918 0.01592659950256 20004
8513779453509810 663 0.86294555664063 -4.17002487182617 -0.00449240207672 30004
851417875120798 663 0.79806518554688 4.07058715820313 -0.00569581985474 40004
851457804890488 663 -2.1798095703125 0.24042040109634 0.0151219367981 50004
8514977346650610 663 -0.11822509765625 5.72065448760986 0.00029301643372 60004
8515376644424210 663 2.23565673828125 0.51461589336395 -0.01357412338257 70004
851577594242898 663 2.4307861328125 -0.33173316717148 -0.01615571975708 80004
8516175240193410 663 -2.2650146484375 -0.93657779693604 0.01396226882935 90004
851258156028408 664 -0.66293931007385 4.27109813690186 0.0045482092537 4
851298085800459 664 0.25236511230469 7.41839694976807 -0.00113546848297 10004
851338015561319 664 -2.3489990234375 -0.94150722026825 0.01592469215393 20004
8513779453509810 664 0.9410400390625 -3.7205286026001 -0.0056186914444 30004
851417875120798 664 0.72103881835938 4.42835426330566 -0.005699634552 40004
851457804890488 664 -2.0233154296875 0.57888728380203 0.01400351524353 50004
8514977346650611 664 0.041015625 7.62030744552612 0 60004
8515376644424210 664 1.97589111328125 0.80454623699188 -0.01357173919678 70004
851577594242898 664 2.223876953125 -0.01345734205097 -0.01415157318115 80004
8516175240193410 664 -2.2757568359375 -0.60071659088135 0.01397037506104 90004
851258156028408 665 -0.61255478858948 4.68180370330811 0.00454820785671 4
851298085800459 665 0.28370666503906 7.04058933258057 -0.0011373758316 10004
851338015561319 665 -2.10617065429688 -1.2909163236618 0.01367807388306 20004
8513779453509810 665 0.8677978515625 -3.23849964141846 -0.00562047958374 30004
851417875120798 665 0.67953491210938 4.79253578186035 -0.00368523597717 40004
851457804890488 665 -1.762451171875 0.85366278886795 0.01176524162292 50004
8514977346650611 665 0.205078125 7.97165632247925 -0.00112724304199 60004
8515376644424210 665 1.81280517578125 1.16418826580048 -0.01151895523071 70004
851577594242898 665 1.921142578125 0.22555555403233 -0.01204252243042 80004
8516175240193410 665 -2.2630615234375 -0.26471555233002 0.01397895812988 90004
851258156028408 666 -0.56071043014526 5.09232616424561 0.00454820273444 4
851298085800459 666 0.15233612060547 6.68506813049316 -0.00113832950592 10004
851338015561319 666 -1.86007690429688 -1.63834941387177 0.01255190372467 20004
8513779453509810 666 0.8043212890625 -2.75509738922119 -0.00562238693237 30004
851417875120798 666 0.48812866210938 5.10508918762207 -0.00368618965149 40004
851457804890488 666 -1.642333984375 1.21336007118225 0.01064968109131 50004
8514977346650611 666 0.353515625 8.09625816345215 -0.00225186347961 60004
8515376644424210 666 1.72198486328125 1.54844272136688 -0.01151657104492 70004
851577594242898 666 1.57061767578125 0.38671511411667 -0.01002216339111 80004
8516175240193410 666 -2.1107177734375 0.03418243676424 0.01399755477905 90004
851258156028408 667 -0.44521501660347 5.48787975311279 0.00342514738441 4
851298085800459 667 0.11022186279297 6.31203460693359 -0.00113916397095 10004
851338015561319 667 -1.60418701171875 -1.9786571264267 0.01142716407776 20004
8513779453509810 667 0.8983154296875 -2.28547668457031 -0.0056254863739 30004
851417875120798 667 0.40908813476563 5.45636367797852 -0.00368642807007 40004
851457804890488 667 -1.5592041015625 1.58283638954163 0.01065731048584 50004
8514977346650611 667 0.390625 8.12740898132324 -0.00225043296814 60004
8515376644424210 667 1.5166015625 1.87733495235443 -0.00950908660889 70004
851577594242898 667 1.29547119140625 0.64771288633347 -0.00800561904907 80004
8516175240193410 667 -2.0250244140625 0.35625419020653 0.01401519775391 90004
851258156028408 668 -0.3974387049675 5.88901948928833 0.00342514179647 4
851298085800459 668 0.03472137451172 5.94621753692627 -0.00113999843597 10004
851338015561319 668 -1.38018798828125 -2.33821725845337 0.00918090343475 20004
8513779453509810 668 1.13644409179688 -1.87320637702942 -0.00675249099731 30004
851417875120798 668 0.2926025390625 5.79473114013672 -0.0016758441925 40004
851457804890488 668 -1.41268920898438 1.92296242713928 0.00954031944275 50004
8514977346650611 668 0.390625 8.12740898132324 -0.00225043296814 60004
8515376644424210 668 1.34918212890625 2.22468113899231 -0.00950717926025 70004
851577594242898 668 1.11968994140625 0.98097771406174 -0.00800800323486 80004
8516175240193410 668 -1.8946533203125 0.6567314863205 0.01290941238403 90004
851258156028409 669 0.01891139149666 7.57302618026733 0.00000000001455 4
851298085800459 669 -0.09743499755859 5.591139793396 0.00088608264923 10004
851338015561319 669 -1.1612548828125 -2.69794034957886 0.00805521011353 20004
8513779453509810 669 1.43023681640625 -1.4909656047821 -0.00899922847748 30004
851417875120799 669 0.0440673828125 7.62701177597046 -0.00000047683716 40004
851457804890488 669 -1.22775268554688 2.24678206443787 0.00841808319092 50004
8514977346650611 669 0.390625 8.12740898132324 -0.00225043296814 60004
8515376644424210 669 1.24859619140625 2.60606026649475 -0.00748682022095 70004
851577594242898 669 1.02008056640625 1.35379672050476 -0.00598382949829 80004
8516175240193410 669 -1.7108154296875 0.93587672710419 0.01180458068848 90004
851258156028409 670 0.09455139189959 7.73523664474487 -0.00000000005821 4
851298085800459 670 -0.21010589599609 5.22921657562256 0.00088500976563 10004
851338015561319 670 -0.85446166992188 -2.99327039718628 0.00580656528473 20004
8513779453509810 670 1.61676025390625 -1.04054522514343 -0.01012229919434 30004
851417875120799 670 0.2203369140625 8.00517749786377 -0.00112509727478 40004
851457804890488 670 -1.15597534179688 2.61951613426209 0.00841903686523 50004
8514977346650611 670 0.390625 8.12740898132324 -0.00225043296814 60004
8515376644424210 670 1.11871337890625 2.9788134098053 -0.00747871398926 70004
851577594242898 670 0.92633056640625 1.72831797599792 -0.00598478317261 80004
8516175240193410 670 -1.5672607421875 1.23898303508759 0.01069927215576 90004
851258156028409 671 0.20643290877342 7.8291163444519 -0.00112304533832 4
851298085800459 671 -0.30239105224609 4.86157703399658 0.0008841753006 10004
851338015561319 671 -0.70179748535156 -3.3905291557312 0.00468468666077 20004
8513779453509810 671 1.93072509765625 -0.66748309135437 -0.01236796379089 30004
851417875120799 671 0.3800048828125 8.13928699493408 -0.00224947929382 40004
851457804890488 671 -0.94308471679688 2.93360304832459 0.00617456436157 50004
8514977346650611 671 0.390625 8.12740898132324 -0.00225043296814 60004
8515376644424210 671 0.9346923828125 3.32791543006897 -0.005446434021 70004
851577594242898 671 0.95269775390625 2.11341691017151 -0.00598478317261 80004
8516175240193410 671 -1.47918701171875 1.56309688091278 0.00959157943726 90004
851258156028409 672 0.2344086766243 7.85259103775024 -0.00112304347567 4
851298085800459 672 -0.50476837158203 4.54900312423706 0.00289046764374 10004
851338015561319 672 -0.68531799316406 -3.80840444564819 0.00468349456787 20004
8513779453509810 672 2.27044677734375 -0.31799963116646 -0.0146152973175 30004
851417875120799 672 0.419921875 8.17281436920166 -0.00224995613098 40004
851457804890488 672 -0.84445190429688 3.29317164421082 0.00617599487305 50004
8514977346650611 672 0.398681640625 8.03631401062012 -0.00224804878235 60004
8515376644424210 672 0.8243408203125 3.70395112037659 -0.00544548034668 70004
851577594242898 672 0.85455322265625 2.47966027259827 -0.00598669052124 80004
8516175240193410 672 -1.39300537109375 1.88818776607513 0.00959634780884 90004
851258156028409 673 0.23440843820572 7.85259103775024 -0.00112304161303 4
851298085800459 673 -0.67044067382813 4.21808195114136 0.00496286153793 10004
851338015561319 673 -0.62330627441406 -4.21940946578979 0.00468242168427 20004
8513779453509810 673 2.52993774414063 0.08113228529692 -0.01574194431305 30004
851417875120799 673 0.419921875 8.17281436920166 -0.00224995613098 40004
851457804890488 673 -0.72677612304688 3.64899325370789 0.00505399703979 50004
8514977346650611 673 0.374755859375 7.82047271728516 -0.00224566459656 60004
8515376644424210 673 0.7164306640625 4.08278179168701 -0.00544309616089 70004
851577594242898 673 0.79791259765625 2.85218834877014 -0.00495147705078 80004
8516175240193410 673 -1.297119140625 2.11567735671997 0.00847721099854 90004
851258156028409 674 0.2344082146883 7.85259103775024 -0.0011230398668 4
851298085800459 674 -0.77346038818359 3.87976050376892 0.00496292114258 10004
851338015561319 674 -0.47389221191406 -4.58929109573364 0.0035582780838 20004
8513779453509810 674 2.65097045898438 0.51475405693054 -0.01686596870422 30004
851417875120799 674 0.419921875 8.17281436920166 -0.00224995613098 40004
851457804890488 674 -0.59304809570313 3.97278380393982 0.00393462181091 50004
8514977346650611 674 0.288330078125 7.52880144119263 -0.00224304199219 60004
8515376644424210 674 0.6175537109375 4.43622970581055 -0.00340890884399 70004
851577594242898 674 0.79150390625 3.20850372314453 -0.00495338439941 80004
8516175240193410 674 -1.20245361328125 2.27386474609375 0.00848245620728 90004
851258156028409 675 0.23440797626972 7.85259103775024 -0.00112303800415 4
851298085800459 675 -0.95317840576172 3.54607152938843 0.00700896978378 10004
851338015561319 675 -0.28909301757813 -4.97294282913208 0.0024322271347 20004
8513779453509810 675 2.61288452148438 1.00084280967712 -0.01686692237854 30004
851417875120799 675 0.419921875 8.17281436920166 -0.00224995613098 40004
851457804890488 675 -0.57742309570313 4.35201072692871 0.00393915176392 50004
8514977346650611 675 0.061767578125 7.21412706375122 -0.0001859664917 60004
8515376644424210 675 0.6097412109375 4.83068466186523 -0.00340747833252 70004
851577594242898 675 0.65185546875 3.56846237182617 -0.00495481491089 80004
8516175240193410 675 -1.11859130859375 2.59928131103516 0.00736236572266 90004
851258156028409 676 0.23440773785114 7.85259103775024 -0.00112303602509 4
851298085800459 676 -1.16217041015625 3.22998332977295 0.00700801610947 10004
851338015561319 676 -0.27249145507813 -5.39602661132813 0.00242972373962 20004
8513779453509810 676 2.38577270507813 1.42914700508118 -0.01480901241302 30004
851417875120799 676 0.419921875 8.17281436920166 -0.00224995613098 40004
851457804890488 676 -0.41314697265625 4.69156932830811 0.00282406806946 50004
8514977346650611 676 -0.0091552734375 6.95336151123047 -0.00018715858459 60004
8515376644424210 676 0.4462890625 5.18729543685913 -0.00340604782104 70004
851577594242898 676 0.6678466796875 3.951988697052 -0.00495481491089 80004
8516175240193410 676 -1.1317138671875 2.93436455726624 0.00736618041992 90004
851258156028409 677 0.24296841025352 7.75474166870117 -0.00112303392962 4
851298085800459 677 -1.45098876953125 2.99665904045105 0.00898170471191 10004
851338015561319 677 -0.14387512207031 -5.79282236099243 0.00130343437195 20004
8513779453509810 677 2.03793334960938 1.75654280185699 -0.01266241073608 30004
851417875120799 677 0.419921875 8.17281436920166 -0.00224995613098 40004
851457804890488 677 -0.34808349609375 5.05757331848145 0.00283026695251 50004
8514977346650611 677 -0.15765380859375 6.64016056060791 0.00188159942627 60004
8515376644424210 677 0.3865966796875 5.56913566589355 -0.00340414047241 70004
851577594242898 677 0.580078125 4.31980133056641 -0.00290727615356 80004
8516175240193410 677 -1.05322265625 3.25398421287537 0.0073709487915 90004
851258156028409 678 0.19346036016941 7.51941728591919 -0.00112303241622 4
851298085800459 678 -1.73728179931641 2.75701904296875 0.01094025373459 10004
851338015561319 678 0.00495910644531 -6.18929481506348 0.00017929077148 20004
8513779453509810 678 1.70974731445313 2.10158562660217 -0.01064789295197 30004
851417875120799 678 0.419921875 8.17281436920166 -0.00224995613098 40004
851457804890488 678 -0.29067993164063 5.4294900894165 0.00283741950989 50004
8514977346650611 678 -0.275146484375 6.28048992156982 0.0018744468689 60004
8515376644424210 678 0.33392333984375 5.88958692550659 -0.00138568878174 70004
851577594242898 678 0.48614501953125 4.6904239654541 -0.00290822982788 80004
8516175240193410 678 -0.914794921875 3.55897545814514 0.00625228881836 90004
851258156028409 679 0.09618938714266 7.14335203170776 -0.00112303160131 4
851298085800459 679 -1.95936584472656 2.45216584205627 0.01299148797989 10004
8513380155613110 679 0.013916015625 -7.97015810012817 -0.00000023841858 20004
8513779453509810 679 1.5078125 2.53759574890137 -0.01064765453339 30004
851417875120799 679 0.419921875 8.17281436920166 -0.00224995613098 40004
851457804890488 679 -0.20974731445313 5.79319715499878 0.00172257423401 50004
8514977346650611 679 -0.289306640625 5.89403438568115 0.00186562538147 60004
8515376644424211 679 0.0032958984375 7.53939247131348 0 70004
851577594242898 679 0.421142578125 5.06520509719849 -0.00290966033936 80004
8516175240193410 679 -0.75640869140625 3.8544602394104 0.00513362884521 90004
851258156028409 680 0.13712340593338 6.67547559738159 -0.00112303020433 4
851298085800459 680 -2.11470794677734 2.10647034645081 0.01299047470093 10004
8513380155613110 680 0.088134765625 -7.81100130081177 -0.0000011920929 20004
8513779453509810 680 1.4697265625 3.02368354797363 -0.00864541530609 30004
851417875120799 680 0.419921875 8.17281436920166 -0.00224995613098 40004
851457804890488 680 -0.26052856445313 6.16205549240112 0.00172710418701 50004
8514977346650611 680 -0.246337890625 5.50852108001709 0.00185036659241 60004
8515376644424211 680 0.0208740234375 7.5763111114502 0.00000143051147 70004
851577594242898 680 0.226806640625 5.39857149124146 -0.00090932846069 80004
8516175240193410 680 -0.59722900390625 4.14945840835571 0.00401592254639 90004
851258156028409 681 0.3598438501358 6.26490211486816 -0.00224607554264 4
851298085800459 681 -2.38457489013672 1.84283924102783 0.01507067680359 10004
8513380155613110 681 0.0927734375 -7.40191984176636 -0.0000011920929 20004
8513779453509810 681 1.242919921875 3.45198941230774 -0.00864744186401 30004
851417875120799 681 0.445556640625 7.97889423370361 -0.00225138664246 40004
851457804890489 681 0.06912231445313 7.68061399459839 0.00000381469727 50004
8514977346650611 681 -0.36083984375 5.14066743850708 0.00184226036072 60004
8515376644424211 681 0.02197265625 7.57861852645874 0.00000143051147 70004
851577594242898 681 0.18170166015625 5.77972412109375 -0.00091075897217 80004
8516175240193410 681 -0.5689697265625 4.48249387741089 0.00402116775513 90004
851258156028409 682 0.46137377619743 5.81613254547119 -0.00224606995471 4
851298085800459 682 -2.59943389892578 1.53526556491852 0.01708382368088 10004
8513380155613110 682 0.23812866210938 -6.95715761184692 -0.00112497806549 20004
8513779453509810 682 1.1419677734375 3.91881656646729 -0.00658226013184 30004
851417875120799 682 0.429931640625 7.62841653823853 -0.00225210189819 40004
851457804890489 682 0.09518432617188 7.7325758934021 0.00000476837158 50004
8514977346650611 682 -0.51507568359375 4.78573513031006 0.0038537979126 60004
8515376644424211 682 0.02197265625 7.57861852645874 0.00000143051147 70004
851577594242899 682 0.09600830078125 7.74254608154297 -0.00000095367432 80004
8516175240193410 682 -0.453369140625 4.79017114639282 0.00402641296387 90004
851258156028409 683 0.58713984489441 5.37500524520874 -0.00336911017075 4
851298085800459 683 -2.71721649169922 1.18429136276245 0.01708382368088 10004
8513380155613110 683 0.44956970214844 -6.50365018844604 -0.00225019454956 20004
8513779453509810 683 1.02847290039063 4.35494995117188 -0.00658416748047 30004
851417875120799 683 0.47296142578125 7.22317361831665 -0.00225281715393 40004
851457804890489 683 0.09765625 7.73468732833862 0.00000524520874 50004
8514977346650611 683 -0.6783447265625 4.43411493301392 0.0038526058197 60004
8515376644424211 683 0.02197265625 7.57861852645874 0.00000143051147 70004
851577594242899 683 0.27325439453125 7.9983868598938 -0.00112581253052 80004
8516175240193410 683 -0.35528564453125 5.1029200553894 0.00290870666504 90004
851258156028409 684 0.81097811460495 4.962890625 -0.00449214875698 4
851298085800459 684 -2.71617126464844 0.81066125631332 0.01708346605301 10004
8513380155613110 684 0.62083435058594 -6.04126930236816 -0.0033757686615 20004
8513779453509810 684 0.8463134765625 4.74784517288208 -0.00458014011383 30004
851417875120799 684 0.5830078125 6.82694864273071 -0.00337719917297 40004
851457804890489 684 0.09765625 7.73468732833862 0.00000524520874 50004
8514977346650611 684 -0.8406982421875 4.0824146270752 0.00588011741638 60004
8515376644424211 684 0.02197265625 7.57861852645874 0.00000143051147 70004
851577594242899 684 0.47979736328125 8.16068840026855 -0.00225067138672 80004
8516175240193410 684 -0.3621826171875 5.43430852890015 0.00291299819946 90004
851258156028409 685 0.98715996742249 4.52752017974854 -0.00561519339681 4
851298085800459 685 -2.58332824707031 0.45563793182373 0.01708394289017 10004
8513380155613110 685 0.62010192871094 -5.54099464416504 -0.00337624549866 20004
8513779453509810 685 0.7867431640625 5.23170900344849 -0.00458216667175 30004
851417875120799 685 0.5478515625 6.41118478775024 -0.00337767601013 40004
851457804890489 685 0.09765625 7.73468732833862 0.00000524520874 50004
8514977346650611 685 -1.0252685546875 3.74165844917297 0.00587940216064 60004
8515376644424211 685 0.02197265625 7.57861852645874 0.00000143051147 70004
851577594242899 685 0.60382080078125 8.1946849822998 -0.00337648391724 80004
8516175240193410 685 -0.4852294921875 5.74757146835327 0.00291585922241 90004
851258156028409 686 1.21806764602661 4.29548025131226 -0.00673822872341 4
851298085800459 686 -2.33828735351563 0.20111200213432 0.01596015691757 10004
8513380155613110 686 0.51676940917969 -5.08432388305664 -0.00337707996368 20004
8513779453509810 686 0.55673217773438 5.62344074249268 -0.00458347797394 30004
851417875120799 686 0.61572265625 6.02692699432373 -0.00337910652161 40004
851457804890489 686 0.09765625 7.73468732833862 0.00000524520874 50004
8514977346650611 686 -1.23419189453125 3.44431018829346 0.00789141654968 60004
8515376644424211 686 0.02197265625 7.57861852645874 0.00000143051147 70004
851577594242899 686 0.7833251953125 8.1677303314209 -0.00450134277344 80004
8516175240193410 686 -0.475830078125 6.06077527999878 0.00292158126831 90004
851258156028409 687 1.36686849594116 3.92935419082642 -0.00822771061212 4
851298085800459 687 -2.08019256591797 -0.07619869709015 0.01371276378632 10004
8513380155613110 687 0.27740478515625 -4.65782785415649 -0.00134670734406 20004
8513779453509810 687 0.42214965820313 6.08078002929688 -0.00253772735596 30004
851417875120799 687 0.76296997070313 5.64027500152588 -0.00450468063354 40004
851457804890489 687 0.09765625 7.73468732833862 0.00000524520874 50004
8514977346650611 687 -1.4625244140625 3.13099050521851 0.00989818572998 60004
8515376644424211 687 0.0341796875 7.43590593338013 0.00000143051147 70004
851577594242899 687 0.872802734375 8.14429092407227 -0.00450229644775 80004
8516175240193411 687 0.1031494140625 7.75380849838257 -0.0000057220459 90004
851258156028409 688 1.6058611869812 3.53719997406006 -0.00935073383152 4
851298085800459 688 -1.86479949951172 -0.38339522480965 0.01258891820908 10004
8513380155613110 688 0.03799438476563 -4.23133420944214 -0.00134694576263 20004
8513779453509811 688 0.0413818359375 7.6210732460022 -0.00000047683716 30004
851417875120799 688 0.90972900390625 5.25345706939697 -0.00563526153564 40004
851457804890489 688 0.10406494140625 7.66075277328491 0.0000057220459 50004
8514977346650611 688 -1.636962890625 2.79396867752075 0.00989365577698 60004
8515376644424211 688 -0.0125732421875 7.13164854049683 0.00000190734863 70004
851577594242899 688 0.893798828125 8.12480545043945 -0.00562763214111 80004
8516175240193411 688 0.26123046875 8.02121067047119 -0.00113534927368 90004
851258156028409 689 1.92860674858093 3.2026629447937 -0.01159681845456 4
851298085800459 689 -1.69419860839844 -0.71893334388733 0.01146495342255 10004
8513380155613110 689 -0.07450866699219 -3.74406099319458 0.00069618225098 20004
8513779453509811 689 0.14117431640625 7.83053064346313 -0.00000190734863 30004
851417875120799 689 0.9696044921875 4.84333419799805 -0.00564241409302 40004
851457804890489 689 0.12286376953125 7.44280862808228 0.00000691413879 50004
8514977346650611 689 -1.7332763671875 2.42032766342163 0.01191973686218 60004
8515376644424211 689 -0.1585693359375 6.69802904129028 0.00000381469727 70004
851577594242899 689 0.90576171875 8.10495185852051 -0.00562858581543 80004
8516175240193411 689 0.389404296875 8.12868976593018 -0.00226497650146 90004
851258156028409 690 2.10479283332825 2.76729369163513 -0.01271987240762 4
851298085800459 690 -1.42574310302734 -0.98657250404358 0.00921815633774 10004
8513380155613110 690 -0.14750671386719 -3.24910879135132 0.0006959438324 20004
8513779453509811 690 0.16705322265625 7.85226678848267 -0.00000357627869 30004
851417875120799 690 0.9017333984375 4.4316291809082 -0.00564622879028 40004
851457804890489 690 0.15362548828125 7.07936716079712 0.00000882148743 50004
8514977346650611 690 -1.9227294921875 2.08204793930054 0.01192092895508 60004
8515376644424211 690 -0.226806640625 6.24457597732544 0.00202417373657 70004
851577594242899 690 0.90576171875 8.10495185852051 -0.00562858581543 80004
8516175240193411 690 0.389404296875 8.12868976593018 -0.00226497650146 90004
851258156028409 691 2.3400285243988 2.36154651641846 -0.01496594864875 4
851298085800459 691 -1.27820587158203 -1.33155143260956 0.00921612977982 10004
8513380155613110 691 -0.21055603027344 -2.75284481048584 0.00069487094879 20004
8513779453509811 691 0.1702880859375 7.85498380661011 -0.00000739097595 30004
851417875120799 691 0.99151611328125 4.02858924865723 -0.00565338134766 40004
851457804890489 691 0.1993408203125 6.69011068344116 -0.00111222267151 50004
8514977346650611 691 -2.1728515625 1.78685808181763 0.01399946212769 60004
8515376644424211 691 -0.305419921875 5.79273843765259 0.0020318031311 70004
851577594242899 691 0.90576171875 8.10495185852051 -0.00562858581543 80004
8516175240193411 691 0.389404296875 8.12868976593018 -0.00226497650146 90004
851258156028409 692 2.48541378974915 1.92245233058929 -0.01496592536569 4
851298085800459 692 -1.09542083740234 -1.66054534912109 0.00809234380722 10004
8513380155613110 692 -0.39958190917969 -2.30169868469238 0.00276708602905 20004
8513779453509811 692 0.1702880859375 7.85498380661011 -0.00001120567322 30004
851417875120799 692 1.08636474609375 3.62243723869324 -0.00678420066833 40004
851457804890489 692 0.2685546875 6.3007378578186 -0.00110840797424 50004
8514977346650611 692 -2.340087890625 1.4465069770813 0.01400089263916 60004
8515376644424211 692 -0.47705078125 5.37400007247925 0.00203943252563 70004
851577594242899 692 0.8331298828125 8.02910614013672 -0.00562906265259 80004
8516175240193411 692 0.389404296875 8.12868976593018 -0.00226497650146 90004
851258156028409 693 2.51313447952271 1.45978307723999 -0.01608897745609 4
851298085800459 693 -0.93827056884766 -1.99627804756165 0.00696754455566 10004
8513380155613110 693 -0.72305297851563 -1.93472456932068 0.00475406646729 20004
8513779453509811 693 0.1702880859375 7.85498380661011 -0.00001502037048 30004
851417875120799 693 1.18609619140625 3.21797347068787 -0.0067880153656 40004
851457804890489 693 0.28631591796875 5.91411161422729 -0.00110578536987 50004
8514977346650611 693 -2.389404296875 1.07065486907959 0.01601672172546 60004
8515376644424211 693 -0.632568359375 4.95323038101196 0.0041127204895 70004
851577594242899 693 0.6649169921875 7.87124872207642 -0.0035457611084 80004
8516175240193411 693 0.396728515625 8.11600971221924 -0.00226783752441 90004
851258156028409 694 2.4242091178894 1.00164175033569 -0.01608899049461 4
851298085800459 694 -0.85711669921875 -2.36261940002441 0.00584292411804 10004
8513380155613110 694 -1.12371826171875 -1.64368081092834 0.00745737552643 20004
8513779453509811 694 0.1702880859375 7.85498380661011 -0.00001883506775 30004
851417875120799 694 1.30108642578125 2.81837153434753 -0.00791263580322 40004
851457804890489 694 0.2183837890625 5.52829027175903 -0.00110483169556 50004
8514977346650611 694 -2.314208984375 0.69436895847321 0.01601719856262 60004
8515376644424211 694 -0.673828125 4.49668550491333 0.00412034988403 70004
851577594242899 694 0.424560546875 7.66806077957153 -0.00354671478271 80004
8516175240193411 694 0.415771484375 8.06386089324951 -0.00227451324463 90004
851258156028409 695 2.20354413986206 0.58711528778076 -0.01404840499163 4
851298085800459 695 -0.64286804199219 -2.67539644241333 0.00471913814545 10004
8513380155613110 695 -1.38931274414063 -1.21974205970764 0.00946259498596 20004
8513779453509811 695 0.1702880859375 7.85498380661011 -0.00002264976501 30004
851417875120799 695 1.33575439453125 2.40263438224792 -0.0079140663147 40004
851457804890489 695 0.3004150390625 5.14106035232544 -0.00110340118408 50004
8514977346650611 695 -2.102294921875 0.3700042963028 0.01377320289612 60004
8515376644424211 695 -0.744140625 4.04349184036255 0.00412845611572 70004
851577594242899 695 0.285888671875 7.57337999343872 -0.00151443481445 80004
8516175240193411 695 0.431396484375 7.88336992263794 -0.00227832794189 90004
851258156028409 696 2.15424108505249 0.12493270635605 -0.01404839102179 4
851298085800459 696 -0.56182861328125 -3.04172468185425 0.00471746921539 10004
8513380155613110 696 -1.78994750976563 -0.92869818210602 0.01213121414185 20004
8513779453509811 696 0.17926025390625 7.75273180007935 -0.00114738941193 30004
851417875120799 696 1.52182006835938 2.03414130210876 -0.00904226303101 40004
851457804890489 696 0.51873779296875 4.81590795516968 -0.0022234916687 50004
8514977346650611 696 -1.99462890625 0.00006778910756 0.01377606391907 60004
8515376644424211 696 -0.9759521484375 3.65300321578979 0.00620651245117 70004
851577594242899 696 0.242919921875 7.51867341995239 -0.00151491165161 80004
8516175240193411 696 0.3197021484375 7.54768419265747 -0.00228261947632 90004
851258156028409 697 2.0070173740387 -0.31000038981438 -0.0140483751893 4
851298085800459 697 -0.40451812744141 -3.37746024131775 0.00359213352203 10004
8513380155613110 697 -2.18562316894531 -0.62423080205917 0.01348209381104 20004
8513779453509811 697 0.10955810546875 7.50676393508911 -0.00114572048187 30004
851417875120799 697 1.81314086914063 1.74851012229919 -0.0112943649292 40004
851457804890489 697 0.74981689453125 4.49472665786743 -0.00446701049805 50004
8514977346650611 697 -1.807861328125 -0.32987064123154 0.01265549659729 60004
8515376644424211 697 -1.1630859375 3.2382607460022 0.00825595855713 70004
851577594242899 697 0.23193359375 7.50029993057251 -0.00152015686035 80004
8516175240193411 697 0.2764892578125 7.16399717330933 -0.00228595733643 90004
851258156028409 698 1.76368820667267 -0.7101503610611 -0.0119833657518 4
851298085800459 698 -0.24892425537109 -3.70396375656128 0.00246810913086 10004
8513380155613110 698 -2.50215148925781 -0.25129991769791 0.01563107967377 20004
8513779453509811 698 0.05084228515625 7.1351056098938 -0.00013542175293 30004
851417875120799 698 2.10446166992188 1.46287894248962 -0.01354026794434 40004
851457804890489 698 0.91693115234375 4.14598798751831 -0.00558638572693 50004
8514977346650611 698 -1.61932373046875 -0.65980905294418 0.01152300834656 60004
8515376644424211 698 -1.2886962890625 2.79804086685181 0.00825595855713 70004
851577594242899 698 0.23193359375 7.50029993057251 -0.00152778625488 80004
8516175240193411 698 0.342041015625 6.77726888656616 -0.00229072570801 90004
851258156028409 699 1.50575733184814 -1.09676587581635 -0.00996357668191 4
851298085800459 699 -0.20108795166016 -4.05695962905884 0.00134378671646 10004
8513380155613110 699 -2.69009399414063 0.18746204674244 0.01764476299286 20004
8513779453509811 699 0.11383056640625 6.69045495986938 -0.00013637542725 30004
851417875120799 699 2.29092407226563 1.09438586235046 -0.01466369628906 40004
851457804890489 699 0.9921875 3.75811648368835 -0.00558376312256 50004
8514977346650611 699 -1.50579833984375 -1.02695405483246 0.01038980484009 60004
8515376644424211 699 -1.3970947265625 2.35524797439575 0.00825595855713 70004
851577594242899 699 0.224365234375 7.48071432113647 -0.0015344619751 80004
8516175240193411 699 0.4871826171875 6.40741109848022 -0.00229501724243 90004
851258156028409 700 1.40995681285858 -1.55651128292084 -0.00996357109398 4
851298085800459 700 -0.22415924072266 -4.43532419204712 0.00134265422821 10004
8513380155613110 700 -2.73428344726563 0.5149342417717 0.01764488220215 20004
8513779453509811 700 0.34088134765625 6.29748773574829 -0.00125789642334 30004
851417875120799 700 2.32656860351563 0.67864871025085 -0.01466989517212 40004
851457804890489 700 1.11947631835938 3.3835551738739 -0.00670003890991 50004
8514977346650611 700 -1.26080322265625 -1.32898652553558 0.00813961029053 60004
8515376644424211 700 -1.6278076171875 1.95919847488403 0.01031255722046 70004
851577594242899 700 0.163818359375 7.32402944564819 -0.00153541564941 80004
8516175240193411 700 0.5272216796875 6.01031637191772 -0.00229024887085 90004
851258156028409 701 1.15202271938324 -1.94312858581543 -0.0079476730898 4
851298085800459 701 -0.10527801513672 -4.79128217697144 0.001340508461 10004
8513380155613110 701 -2.62530517578125 0.92365372180939 0.01764488220215 20004
8513779453509811 701 0.40386962890625 5.85283708572388 -0.00237858295441 30004
851417875120799 701 2.20541381835938 0.28383132815361 -0.01467347145081 40004
851457804890489 701 1.37460327148438 3.08702635765076 -0.00781321525574 50004
8514977346650611 701 -1.14923095703125 -1.69613230228424 0.00813722610474 60004
8515376644424211 701 -1.9869384765625 1.6809937953949 0.01237344741821 70004
851577594242899 701 0.1759033203125 7.01099252700806 -0.00153541564941 80004
8516175240193411 701 0.653564453125 5.63359594345093 -0.00340795516968 90004
851258156028409 702 0.98674952983856 -2.37153744697571 -0.00591111462563 4
851298085800459 702 -0.06766510009766 -5.16003847122192 0.00133961439133 10004
8513380155613110 702 -2.36566162109375 1.31254684925079 0.01539719104767 20004
8513779453509811 702 0.53253173828125 5.42356729507446 -0.00237548351288 30004
851417875120799 702 1.98312377929688 -0.06211216002703 -0.01258897781372 40004
851457804890489 702 1.55648803710938 2.74590754508972 -0.00892639160156 50004
8514977346650611 702 -1.02960205078125 -2.06419205665588 0.00701189041138 60004
8515376644424211 702 -2.2723388671875 1.33544921875 0.01449728012085 70004
851577594242899 702 0.1666259765625 6.67589139938354 -0.00153875350952 80004
8516175240193411 702 0.7647705078125 5.25134611129761 -0.00452136993408 90004
851258156028409 703 0.82146161794662 -2.79994559288025 -0.00591111415997 4
851298085800459 703 -0.03007507324219 -5.52879190444946 0.00021582841873 10004
8513380155613110 703 -2.089599609375 1.71949088573456 0.01427209377289 20004
8513779453509811 703 0.69744873046875 5.00151014328003 -0.00349736213684 30004
851417875120799 703 1.71817016601563 -0.38429373502731 -0.01053833961487 40004
851457804890489 703 1.728515625 2.39536595344543 -0.0100429058075 50004
8514977346650611 703 -0.95281982421875 -2.4362313747406 0.00700926780701 60004
8515376644424211 703 -2.431396484375 0.92238861322403 0.01650476455688 70004
851577594242899 703 0.171630859375 6.3425669670105 -0.001540184021 80004
8516175240193411 703 0.7950439453125 4.86225557327271 -0.00451993942261 90004
851258156028409 704 0.56353032588959 -3.18656063079834 -0.00389526109211 4
851298085800459 704 0.08834838867188 -5.88474035263062 0.00021493434906 10004
8513380155613110 704 -1.8975830078125 2.17873120307922 0.01314568519592 20004
8513779453509811 704 0.81283569335938 4.56627416610718 -0.00462281703949 30004
851417875120799 704 1.48123168945313 -0.7225044965744 -0.01054215431213 40004
851457804890489 704 1.961669921875 2.07768130302429 -0.01228404045105 50004
8514977346650611 704 -0.95367431640625 -2.81990885734558 0.00700759887695 60004
8515376644424211 704 -2.447021484375 0.48222261667252 0.01650476455688 70004
851577594242899 704 0.22314453125 6.01127099990845 -0.00154209136963 80004
8516175240193411 704 0.7392578125 4.47073888778687 -0.00451564788818 90004
851258156028409 705 0.46773052215576 -3.64630579948425 -0.00389526085928 4
851298085800459 705 0.06503295898438 -6.26311254501343 0.00021433830261 10004
8513380155613110 705 -1.590087890625 2.57341504096985 0.01089608669281 20004
8513779453509811 705 0.77670288085938 4.11398839950562 -0.00462472438812 30004
851417875120799 705 1.38656616210938 -1.1289439201355 -0.00852155685425 40004
851457804890489 705 2.107666015625 1.70976674556732 -0.01340317726135 50004
8514977346650611 705 -0.81011962890625 -3.17989420890808 0.00588178634644 60004
8515376644424211 705 -2.291748046875 0.0507852435112 0.01537990570068 70004
851577594242899 705 0.21142578125 5.67534875869751 -0.00154304504395 80004
8516175240193411 705 0.8330078125 4.08296728134155 -0.00450992584229 90004
851258156028409 706 0.41901898384094 -4.11306381225586 -0.00189105677418 4
8512980858004510 706 0.0897216796875 -7.80761051177979 -0.00000047683716 10004
8513380155613110 706 -1.43527221679688 3.04473280906677 0.00977194309235 20004
8513779453509811 706 0.911376953125 3.68526411056519 -0.00575137138367 30004
851417875120799 706 1.32858276367188 -1.5419499874115 -0.00852155685425 40004
851457804890489 706 2.37759399414063 1.42600333690643 -0.01452302932739 50004
8514977346650611 706 -0.78448486328125 -3.56401562690735 0.0058798789978 60004
8515376644424211 706 -1.989501953125 -0.28796967864037 0.01313400268555 70004
851577594242899 706 0.3253173828125 5.36280488967896 -0.00154590606689 80004
8516175240193411 706 1.02587890625 3.73683881759644 -0.00562906265259 90004
851258156028409 707 0.32510617375374 -4.57140207290649 -0.00189105677418 4
8512980858004510 707 0.128173828125 -7.45346832275391 -0.00000059604645 10004
8513380155613110 707 -1.21432495117188 3.48727536201477 0.00864636898041 20004
8513779453509811 707 1.17245483398438 3.32655143737793 -0.00687837600708 30004
851417875120799 707 1.16934204101563 -1.91779255867004 -0.00852155685425 40004
851457804890489 707 2.57586669921875 1.09415376186371 -0.01564145088196 50004
8514977346650611 707 -0.67376708984375 -3.92652726173401 0.00475454330444 60004
8515376644424211 707 -1.66229248046875 -0.60741984844208 0.01089763641357 70004
851577594242899 707 0.3887939453125 5.03724050521851 -0.00154685974121 80004
8516175240193411 707 1.3092041015625 3.46971559524536 -0.00785446166992 90004
851258156028409 708 0.27618584036827 -5.02800273895264 -0.00189105677418 4
8512980858004510 708 0.19374847412109 -7.041184425354 -0.00112414360046 10004
8513380155613110 708 -1.00967407226563 3.93354296684265 0.00752127170563 20004
8513779453509811 708 1.433349609375 2.96783876419067 -0.00912439823151 30004
851417875120799 708 1.010498046875 -2.29363512992859 -0.00650143623352 40004
851457804890489 708 2.65771484375 0.71624958515167 -0.016761302948 50004
8514977346650611 708 -0.56304931640625 -4.28903865814209 0.00362825393677 60004
8515376644424211 708 -1.37640380859375 -0.95785796642303 0.00977373123169 70004
851577594242899 708 0.463623046875 4.71716070175171 -0.0026707649231 80004
8516175240193411 708 1.6180419921875 3.2213077545166 -0.0100884437561 90004
851258156028409 709 0.3287798166275 -5.48984241485596 -0.00189105758909 4
8512980858004510 709 0.38844299316406 -6.67821884155273 -0.00224888324738 10004
8513380155613110 709 -0.89520263671875 4.41524457931519 0.00639379024506 20004
8513779453509811 709 1.5897216796875 2.54184341430664 -0.00912463665009 30004
851417875120799 709 0.94732666015625 -2.70497918128967 -0.00650525093079 40004
851457804890489 709 2.6136474609375 0.32747405767441 -0.01675891876221 50004
8514977346650611 709 -0.53387451171875 -4.67159938812256 0.00362682342529 60004
8515376644424211 709 -1.1925048828125 -1.37225496768951 0.00865077972412 70004
851577594242899 709 0.6361083984375 4.43068075180054 -0.00379657745361 80004
8516175240193411 709 1.87249755859375 2.91995096206665 -0.01120138168335 90004
851258156028409 710 0.20372389256954 -5.94250774383545 -0.00189105747268 4
8512980858004510 710 0.72144317626953 -6.39876174926758 -0.00449573993683 10004
8513380155613110 710 -0.60641479492188 4.82348585128784 0.00414741039276 20004
8513779453509811 710 1.7332763671875 2.11138534545898 -0.01024746894836 30004
851417875120799 710 0.80780029296875 -3.09812188148499 -0.00448536872864 40004
851457804890489 710 2.42520141601563 -0.02085931226611 -0.01475167274475 50004
8514977346650611 710 -0.36199951171875 -5.01907253265381 0.00250148773193 60004
8515376644424211 710 -1.1759033203125 -1.83038294315338 0.00865077972412 70004
851577594242899 710 0.8812255859375 4.20089101791382 -0.0049204826355 80004
8516175240193411 710 1.99652099609375 2.54099893569946 -0.01231670379639 90004
851258156028409 711 0.25058346986771 -6.37028074264526 -0.00189105526078 4
8512980858004510 711 0.84326934814453 -6.19145107269287 -0.00449585914612 10004
8513380155613110 711 -0.49188232421875 5.30518674850464 0.00414574146271 20004
8513779453509811 711 1.973388671875 1.72859859466553 -0.01249349117279 30004
851417875120799 711 0.82586669921875 -3.51073098182678 -0.00449252128601 40004
851457804890489 711 2.25796508789063 -0.3796543776989 -0.01475048065186 50004
8514977346650611 711 -0.33282470703125 -5.40163326263428 0.00249981880188 60004
8515376644424211 711 -0.99261474609375 -2.24478006362915 0.0064172744751 70004
851577594242899 711 1.0810546875 3.9315333366394 -0.00604438781738 80004
8516175240193411 711 2.25042724609375 2.23964214324951 -0.01342535018921 90004
8512581560284010 712 0.0528549104929 -7.88665199279785 0.00000000029104 4
8512980858004510 712 0.87772369384766 -6.10210800170898 -0.00561970472336 10004
8513380155613110 712 -0.52008056640625 5.79625749588013 0.00302159786224 20004
8513779453509811 712 2.30224609375 1.42600727081299 -0.01474118232727 30004
851417875120799 712 0.771484375 -3.91777873039246 -0.00449776649475 40004
851457804890489 712 2.00845336914063 -0.67555010318756 -0.01271820068359 50004
8514977346650611 712 -0.22210693359375 -5.76414394378662 0.00249838829041 60004
8515376644424211 712 -0.89666748046875 -2.68367385864258 0.006432056427 70004
851577594242899 712 1.33575439453125 3.72366619110107 -0.00829458236694 80004
8516175240193411 712 2.58331298828125 2.03878927230835 -0.01566076278687 90004
8512581560284010 713 0.10570587217808 -7.6692943572998 0.00000000098953 4
8512980858004510 713 0.84206390380859 -6.00315761566162 -0.00562053918839 10004
8513380155613111 713 0.05401611328125 7.64832735061646 -0.00000023841858 20004
8513779453509811 713 2.60641479492188 1.21727466583252 -0.01586627960205 30004
851417875120799 713 0.64175415039063 -4.31344938278198 -0.00450134277344 40004
851457804890489 713 1.75894165039063 -0.9714457988739 -0.01071572303772 50004
8514977346650611 713 -0.1109619140625 -6.12665462493896 0.00136995315552 60004
8515376644424211 713 -0.79595947265625 -3.11993551254272 0.0053243637085 70004
851577594242899 713 1.592041015625 3.51579904556274 -0.00943183898926 80004
8516175240193411 713 2.89459228515625 1.86080813407898 -0.01789808273315 90004
8512581560284010 714 0.10820309817791 -7.36911582946777 0.00000000186265 4
8512980858004510 714 0.7554931640625 -5.75412464141846 -0.00562065839767 10004
8513380155613111 714 0.20724487304688 7.94147348403931 -0.00112438201904 20004
8513779453509811 714 2.77786254882813 1.09729623794556 -0.01699244976044 30004
851417875120799 714 0.50332641601563 -4.70248651504517 -0.00247955322266 40004
851457804890489 714 1.60275268554688 -1.33454024791718 -0.01071381568909 50004
8514977346650612 714 0.023193359375 -7.9503812789917 -0.00000047683716 60004
8515376644424211 714 -0.60003662109375 -3.52809238433838 0.00421619415283 70004
851577594242899 714 1.78155517578125 3.23818826675415 -0.01057004928589 80004
8516175240193411 714 3.097900390625 1.61767840385437 -0.01901865005493 90004
8512581560284010 715 0.12818184494972 -6.90936088562012 0.00000000244472 4
8512980858004510 715 0.7293701171875 -5.32019376754761 -0.00562107563019 10004
8513380155613111 715 0.42494201660156 8.1239709854126 -0.00224876403809 20004
8513779453509811 715 2.82696533203125 1.01727533340454 -0.01812016963959 30004
851417875120799 715 0.52041625976563 -5.11939477920532 -0.00248026847839 40004
851457804890489 715 1.50167846679688 -1.71727454662323 -0.0107114315033 50004
8514977346650612 715 0.208740234375 -7.55343151092529 -0.00112724304199 60004
8515376644424211 715 -0.57073974609375 -3.98543262481689 0.00423145294189 70004
851577594242899 715 1.94073486328125 2.94239282608032 -0.01170825958252 80004
8516175240193411 715 3.211181640625 1.2776038646698 -0.02014541625977 90004
8512581560284010 716 0.08987134695053 -6.45130157470703 0.00000000279397 4
8512980858004510 716 0.54505920410156 -4.93148565292358 -0.00356751680374 10004
8513380155613111 716 0.50495910644531 8.16080188751221 -0.00225305557251 20004
8513779453509811 716 2.865234375 0.72848129272461 -0.01812899112701 30004
851417875120799 716 0.45547485351563 -5.53040838241577 -0.00248146057129 40004
851457804890489 716 1.266845703125 -2.03129887580872 -0.00868225097656 50004
8514977346650612 716 0.23193359375 -7.12057304382324 -0.00112724304199 60004
8515376644424211 716 -0.39703369140625 -4.40493106842041 0.00312376022339 70004
851577594242899 716 2.14605712890625 2.67691850662231 -0.01284646987915 80004
8516175240193411 716 3.1851806640625 0.88805055618286 -0.02014827728271 90004
8512581560284010 717 -0.00056238140678 -6.0014181137085 0.00000000294676 4
8512980858004510 717 0.45121765136719 -4.51693773269653 -0.00356811285019 10004
8513380155613111 717 0.52755737304688 8.16681003570557 -0.00337898731232 20004
8513779453509811 717 2.85302734375 0.53150904178619 -0.01813459396362 30004
851417875120799 717 0.49172973632813 -5.93678903579712 -0.00248265266418 40004
851457804890489 717 1.108154296875 -2.3845841884613 -0.00660276412964 50004
8514977346650612 717 0.172119140625 -6.68917465209961 -0.00112795829773 60004
8515376644424211 717 -0.32354736328125 -4.84672832489014 0.00313901901245 70004
851577594242899 717 2.27545166015625 2.37517547607422 -0.01397848129272 80004
8516175240193411 717 3.037353515625 0.52683639526367 -0.02015113830566 90004
8512581560284010 718 -0.06821396946907 -5.55073261260986 0.00000000288128 4
8512980858004510 718 0.35737609863281 -4.10239410400391 -0.00152564048767 10004
8513380155613111 718 0.52755737304688 8.16681003570557 -0.00338089466095 20004
8513779453509811 718 2.734619140625 0.35693681240082 -0.01813888549805 30004
851417875120799 718 0.65615844726563 -6.31022787094116 -0.00360703468323 40004
851457804890489 718 0.97601318359375 -2.75544619560242 -0.00660109519958 50004
8514977346650612 718 0.1474609375 -6.26161003112793 -0.0011293888092 60004
8515376644424211 718 -0.25006103515625 -5.28852558135986 0.00203132629395 70004
851577594242899 718 2.40362548828125 2.07343101501465 -0.01510381698608 80004
8516175240193411 718 2.87158203125 0.16880431771278 -0.01811599731445 90004
8512581560284010 719 -0.06723690032959 -5.09186840057373 0.00000000279397 4
8512980858004510 719 0.13264465332031 -3.73555970191956 -0.00152617692947 10004
8513380155613111 719 0.52755737304688 8.16681003570557 -0.00338280200958 20004
8513779453509811 719 2.47845458984375 0.09034651517868 -0.01607465744019 30004
8514178751207910 719 0.0118408203125 -7.97462749481201 0 40004
851457804890489 719 0.81390380859375 -3.11207032203674 -0.00453281402588 50004
8514977346650612 719 0.217529296875 -5.83388519287109 -0.00113153457642 60004
8515376644424211 719 -0.0789794921875 -5.70815944671631 0.00091743469238 70004
851577594242899 719 2.61285400390625 1.8117311000824 -0.01622915267944 80004
8516175240193411 719 2.7584228515625 -0.20983350276947 -0.01811790466309 90004
8512581560284010 720 -0.15818783640862 -4.64079236984253 0.00000000244472 4
8512980858004510 720 -0.21649169921875 -3.47662281990051 0.00050932168961 10004
8513380155613111 720 0.52755737304688 8.16681003570557 -0.00338470935822 20004
8513779453509811 720 2.15740966796875 -0.23017917573452 -0.01398587226868 30004
8514178751207910 720 0.1065673828125 -7.77164745330811 -0.00000143051147 40004
851457804890489 720 0.79730224609375 -3.50751709938049 -0.00453305244446 50004
8514977346650612 720 0.121826171875 -5.40644073486328 -0.00113224983215 60004
8515376644424211 720 -0.0760498046875 -6.166579246521 0.0009183883667 70004
851577594242899 720 2.81695556640625 1.54614806175232 -0.01735401153564 80004
8516175240193411 720 2.5089111328125 -0.52198827266693 -0.01602125167847 90004
8512581560284010 721 -0.21521036326885 -4.18434524536133 0.00203473074362 4
8512980858004510 721 -0.44130706787109 -3.10978889465332 0.00261777639389 10004
8513380155613111 721 0.53140258789063 8.12376499176025 -0.00338661670685 20004
8513779453509811 721 1.98095703125 -0.64320152997971 -0.01194083690643 30004
8514178751207910 721 0.13079833984375 -7.40823650360107 -0.00000309944153 40004
851457804890489 721 0.6357421875 -3.86414122581482 -0.00453472137451 50004
8514977346650612 721 0.19189453125 -4.97871589660645 -0.00113439559937 60004
8515376644424211 721 0.0960693359375 -6.58621311187744 -0.00020217895508 70004
851577594242899 721 2.90673828125 1.22615957260132 -0.01848793029785 80004
8516175240193411 721 2.2008056640625 -0.77576887607574 -0.0139946937561 90004
8512581560284010 722 -0.38509804010391 -3.76771211624146 0.00203473074362 4
8512980858004510 722 -0.72746276855469 -2.79241991043091 0.00468707084656 10004
8513380155613111 722 0.5228271484375 7.93601131439209 -0.00338840484619 20004
8513779453509811 722 1.72174072265625 -1.00336837768555 -0.01194071769714 30004
8514178751207910 722 0.18707275390625 -7.02719497680664 -0.00112771987915 40004
851457804890489 722 0.55657958984375 -4.24294948577881 -0.00453567504883 50004
8514977346650612 722 0.39306640625 -4.6008472442627 -0.00225901603699 60004
8515376644424212 722 0.0921630859375 -7.80296611785889 0.00000381469727 70004
851577594242899 722 2.8973388671875 0.93230319023132 -0.01849794387817 80004
8516175240193411 722 1.968017578125 -1.09002780914307 -0.01195192337036 90004
8512581560284010 723 -0.67930066585541 -3.42733907699585 0.00410036975518 4
8512980858004510 723 -1.03588104248047 -2.48957395553589 0.00670194625854 10004
8513380155613111 723 0.492919921875 7.60137462615967 -0.00339019298553 20004
8513779453509811 723 1.4625244140625 -1.36353540420532 -0.00988721847534 30004
8514178751207910 723 0.205810546875 -6.6496696472168 -0.00112962722778 40004
851457804890489 723 0.4774169921875 -4.6217565536499 -0.00249934196472 50004
8514977346650612 723 0.59423828125 -4.22297859191895 -0.00337672233582 60004
8515376644424212 723 0.184326171875 -7.47549247741699 -0.0011191368103 70004
851577594242899 723 2.8179931640625 0.64253199100494 -0.01850509643555 80004
8516175240193411 723 1.8125 -1.45622754096985 -0.0119481086731 90004
8512581560284010 724 -1.04510855674744 -3.15617346763611 0.00624388176948 4
8512980858004510 724 -1.29597473144531 -2.14188456535339 0.00879317522049 10004
8513380155613111 724 0.46432495117188 7.16289043426514 -0.00339186191559 20004
8513779453509811 724 1.29949951171875 -1.78646349906921 -0.00785040855408 30004
8514178751207910 724 0.12518310546875 -6.27182197570801 -0.00112986564636 40004
851457804890489 724 0.31549072265625 -4.97837734222412 -0.00249814987183 50004
8514977346650612 724 0.70947265625 -3.8051929473877 -0.00449466705322 60004
8515376644424212 724 0.2027587890625 -7.13172626495361 -0.00111818313599 70004
851577594242899 724 2.69024658203125 0.33529803156853 -0.0164794921875 80004
8516175240193411 724 1.68310546875 -1.82989120483398 -0.01194429397583 90004
8512581560284010 725 -1.285600066185 -2.76389122009277 0.00825446937233 4
8512980858004510 725 -1.51232147216797 -1.76489055156708 0.00879341363907 10004
8513380155613111 725 0.60284423828125 6.74106693267822 -0.00339460372925 20004
8513779453509811 725 1.08465576171875 -2.18624091148376 -0.00785005092621 30004
8514178751207910 725 0.08172607421875 -5.8877124786377 -0.00113010406494 40004
851457804890489 725 0.29840087890625 -5.37382411956787 -0.00249624252319 50004
8514977346650612 725 0.97509765625 -3.45726203918457 -0.00561237335205 60004
8515376644424212 725 0.3502197265625 -6.81647205352783 -0.00223827362061 70004
851577594242899 725 2.45391845703125 0.09549598395824 -0.0164794921875 80004
8516175240193411 725 1.42059326171875 -2.13154220581055 -0.0098934173584 90004
8512581560284010 726 -1.62883257865906 -2.4618718624115 0.01028042007238 4
8512980858004510 726 -1.73723602294922 -1.39294564723969 0.01085656881332 10004
8513380155613111 726 0.58529663085938 6.3973331451416 -0.00339508056641 20004
8513779453509811 726 1.03558349609375 -2.63262391090393 -0.00585114955902 30004
8514178751207910 726 0.16046142578125 -5.5120677947998 -0.0011305809021 40004
851457804890489 726 0.4287109375 -5.74325561523438 -0.00249290466309 50004
8514977346650612 726 1.09033203125 -3.03947639465332 -0.00673055648804 60004
8515376644424212 726 0.4874267578125 -6.49677181243896 -0.00223636627197 70004
851577594242899 726 2.23223876953125 -0.15750998258591 -0.01440811157227 80004
8516175240193411 726 1.29119873046875 -2.50520753860474 -0.00785541534424 90004
8512581560284010 727 -1.88941740989685 -2.09511399269104 0.01229736488312 4
8512980858004510 727 -1.90512847900391 -0.99506515264511 0.01289117336273 10004
8513380155613111 727 0.58563232421875 5.99554443359375 -0.00339531898499 20004
8513779453509811 727 0.96380615234375 -3.07916808128357 -0.00585305690765 30004
8514178751207910 727 0.1519775390625 -5.13416576385498 -0.00113129615784 40004
851457804890489 727 0.47479248046875 -6.12755298614502 -0.00249171257019 50004
8514977346650612 727 1.1431884765625 -2.60589647293091 -0.00672578811646 60004
8515376644424212 727 0.5908203125 -6.16561222076416 -0.00335645675659 70004
851577594242899 727 1.98358154296875 -0.38070875406265 -0.01237154006958 80004
8516175240193411 727 1.08563232421875 -2.837721824646 -0.00784397125244 90004
8512581560284010 728 -2.12649917602539 -1.70445394515991 0.0144002456218 4
8512980858004510 728 -2.07921600341797 -0.60122036933899 0.01289033889771 10004
8513380155613111 728 0.53904724121094 5.56386661529541 -0.00339639186859 20004
8513779453509811 728 0.85430908203125 -3.51929926872253 -0.00585448741913 30004
8514178751207910 728 0.14349365234375 -4.75626373291016 -0.00113153457642 40004
8514578048904810 728 0.04156494140625 -7.91067028045654 0.00000143051147 50004
8514977346650612 728 1.23980712890625 -2.18868160247803 -0.0078456401825 60004
8515376644424212 728 0.6513671875 -5.824387550354 -0.0033540725708 70004
851577594242899 728 1.75872802734375 -0.62003010511398 -0.01237869262695 80004
8516175240193411 728 0.88006591796875 -3.17023611068726 -0.00583553314209 90004
8512581560284010 729 -2.39877796173096 -1.34335112571716 0.01440024096519 4
8512980858004510 729 -2.29781341552734 -0.24768060445786 0.01491987705231 10004
8513380155613111 729 0.35441589355469 5.16518497467041 -0.00339806079865 20004
8513779453509811 729 0.75299072265625 -3.9567859172821 -0.00384998321533 30004
8514178751207910 729 0.21875 -4.38113498687744 -0.00113153457642 40004
8514578048904810 729 0.14422607421875 -7.67232227325439 0.00000476837158 50004
8514977346650612 729 1.46966552734375 -1.82017207145691 -0.00897645950317 60004
8515376644424212 729 0.654296875 -5.48013973236084 -0.00335216522217 70004
851577594242899 729 1.62091064453125 -0.92265146970749 -0.010329246521 80004
8516175240193411 729 0.78948974609375 -3.55571031570435 -0.00583267211914 90004
8512581560284010 730 -2.5102653503418 -0.92480194568634 0.01643654331565 4
8512980858004510 730 -2.34609222412109 0.05758291482925 0.01491904258728 10004
8513380155613111 730 0.03079223632813 4.86123752593994 -0.00134027004242 20004
8513779453509811 730 0.82366943359375 -4.40509700775146 -0.00497698783875 30004
8514178751207910 730 0.1474609375 -4.00115299224854 -0.00113224983215 40004
8514578048904810 730 0.18963623046875 -7.43302631378174 -0.0011157989502 50004
8514977346650612 730 1.82415771484375 -1.56096911430359 -0.01122975349426 60004
8515376644424212 730 0.52734375 -5.15638637542725 -0.00335073471069 70004
851577594242899 730 1.60528564453125 -1.25842106342316 -0.01033639907837 80004
8516175240193411 730 0.83734130859375 -3.95183229446411 -0.00582647323608 90004
8512581560284010 731 -2.45370483398438 -0.47603088617325 0.01643653400242 4
8512980858004510 731 -2.24724578857422 0.46138298511505 0.0149177312851 10004
8513380155613111 731 -0.15409851074219 4.46248817443848 0.00074326992035 20004
8513779453509811 731 0.81802368164063 -4.85790061950684 -0.00497913360596 30004
8514178751207910 731 -0.05853271484375 -3.67862224578857 0.00095510482788 40004
8514578048904810 731 0.1278076171875 -7.10649871826172 -0.00111436843872 50004
8514977346650612 731 2.19134521484375 -1.32250928878784 -0.01348328590393 60004
8515376644424212 731 0.5302734375 -4.81213855743408 -0.0033483505249 70004
851577594242899 731 1.47430419921875 -1.54790794849396 -0.0103440284729 80004
8516175240193411 731 0.73565673828125 -4.33405208587646 -0.00582313537598 90004
8512581560284010 732 -2.25817251205444 -0.07074885815382 0.01531347446144 4
8512980858004510 732 -2.02392578125 0.82308483123779 0.01379358768463 10004
8513380155613111 732 -0.20036315917969 4.03083229064941 0.00074028968811 20004
8513779453509811 732 0.73379516601563 -5.30068874359131 -0.00498080253601 30004
8514178751207910 732 -0.3515625 -3.43812990188599 0.00307178497314 40004
8514578048904810 732 0.1031494140625 -6.76214981079102 -0.00111246109009 50004
8514977346650612 732 2.47686767578125 -1.00325989723206 -0.01573085784912 60004
8515376644424212 732 0.5535888671875 -4.46507740020752 -0.00334548950195 70004
851577594242899 732 1.40997314453125 -1.86384212970734 -0.0083212852478 80004
8516175240193411 732 0.67974853515625 -4.72603511810303 -0.00379323959351 90004
8512581560284010 733 -2.06263852119446 0.3345313668251 0.01419041212648 4
8512980858004510 733 -1.77488708496094 1.17497491836548 0.0115464925766 10004
8513380155613111 733 -0.24659729003906 3.59917640686035 0.00073719024658 20004
8513779453509811 733 0.68289184570313 -5.74145412445068 -0.00498282909393 30004
8514178751207910 733 -0.68087768554688 -3.24120378494263 0.00519728660583 40004
8514578048904810 733 0.1649169921875 -6.42789745330811 -0.00111079216003 50004
8514977346650612 733 2.6793212890625 -0.61736619472504 -0.01685786247253 60004
8515376644424212 733 0.63037109375 -4.13312530517578 -0.00334072113037 70004
851577594242899 733 1.34295654296875 -2.18540525436401 -0.00832891464233 80004
8516175240193411 733 0.62933349609375 -5.1196231842041 -0.0037899017334 90004
8512581560284010 734 -1.95907378196716 0.77805906534195 0.01306734699756 4
8512980858004510 734 -1.60919189453125 1.5720362663269 0.01042276620865 10004
8513380155613111 734 -0.40521240234375 3.18485832214355 0.0027951002121 20004
8513779453509811 734 0.77749633789063 -6.18046855926514 -0.00498592853546 30004
8514178751207910 734 -0.98922729492188 -3.02880668640137 0.00723028182983 40004
8514578048904810 734 0.32427978515625 -6.11945629119873 -0.00110840797424 50004
8514977346650612 734 2.80291748046875 -0.20131969451904 -0.01799130439758 60004
8515376644424212 734 0.7784423828125 -3.82135391235352 -0.00445985794067 70004
851577594242899 734 1.20611572265625 -2.48802661895752 -0.00833654403687 80004
8516175240193411 734 0.53668212890625 -5.50593090057373 -0.00378608703613 90004
8512581560284010 735 -1.69456267356873 1.15465605258942 0.01194427814335 4
8512980858004510 735 -1.60381317138672 2.00672674179077 0.01042193174362 10004
8513380155613111 735 -0.52073669433594 2.75617027282715 0.00279474258423 20004
8513779453509811 735 1.03240966796875 -6.55622386932373 -0.00611245632172 30004
8514178751207910 735 -1.19577026367188 -2.7166576385498 0.00722908973694 40004
8514578048904810 735 0.52593994140625 -5.83638286590576 -0.00335216522217 50004
8514977346650612 735 2.76092529296875 0.23455189168453 -0.0179967880249 60004
8515376644424212 735 0.8145751953125 -3.47536087036133 -0.00445985794067 70004
851577594242899 735 1.19146728515625 -2.82379627227783 -0.00834321975708 80004
8516175240193411 735 0.55426025390625 -5.90479564666748 -0.00378322601318 90004
8512581560284010 736 -1.47037053108215 1.55616509914398 0.00969817955047 4
8512980858004510 736 -1.43808746337891 2.40379023551941 0.00929790735245 10004
8513380155613111 736 -0.74867248535156 2.37797236442566 0.00487983226776 20004
8513779453509812 736 0.111083984375 -7.76188373565674 -0.0000011920929 30004
8514178751207910 736 -1.44418334960938 -2.42278003692627 0.0093207359314 40004
8514578048904810 736 0.606689453125 -5.50189971923828 -0.00334978103638 50004
8514977346650612 736 2.560546875 0.61878246068954 -0.01599812507629 60004
8515376644424212 736 0.7191162109375 -3.14449834823608 -0.00445795059204 70004
851577594242899 736 1.05413818359375 -3.12641763687134 -0.00634765625 80004
8516175240193411 736 0.71710205078125 -6.26412677764893 -0.0037727355957 90004
8512581560284010 737 -1.26502573490143 1.96786415576935 0.00857510790229 4
8512980858004510 737 -1.32730865478516 2.81941318511963 0.00929576158524 10004
8513380155613111 737 -1.07630920410156 2.09311151504517 0.00787341594696 20004
8513779453509812 737 0.23590087890625 -7.4242525100708 -0.00112390518188 30004
8514178751207910 737 -1.74057006835938 -2.17933464050293 0.01137566566467 40004
8514578048904810 737 0.71746826171875 -5.17461109161377 -0.00447082519531 50004
8514977346650612 737 2.4498291015625 1.03252184391022 -0.01599788665771 60004
8515376644424212 737 0.6988525390625 -2.8049898147583 -0.00445795059204 70004
851577594242899 737 0.98614501953125 -3.4479808807373 -0.00634860992432 80004
8516175240193412 737 0.089111328125 -7.80826377868652 -0.00000476837158 90004
8512581560284010 738 -1.14035332202911 2.40022468566895 0.00745204975829 4
8512980858004510 738 -1.19725036621094 3.22413015365601 0.00817078351974 10004
8513380155613111 738 -1.44076538085938 1.8412036895752 0.009241938591 20004
8513779453509812 738 0.29791259765625 -7.04067039489746 -0.00112223625183 30004
8514178751207910 738 -2.01669311523438 -1.92118453979492 0.0134449005127 40004
8514578048904810 738 0.80133056640625 -4.84518527984619 -0.00446844100952 50004
8514977346650612 738 2.3607177734375 1.41023051738739 -0.01599740982056 60004
8515376644424212 738 0.7884521484375 -2.4768238067627 -0.00445699691772 70004
851577594242899 738 0.92437744140625 -3.77266693115234 -0.00634908676147 80004
8516175240193412 738 0.17822265625 -7.48959255218506 -0.00113153457642 90004
8512581560284010 739 -1.12371623516083 2.83179140090942 0.00745205162093 4
8512980858004510 739 -0.96624755859375 3.59148573875427 0.00704658031464 10004
8513380155613111 739 -1.77760314941406 1.55278539657593 0.01132214069366 20004
8513779453509812 739 0.27874755859375 -6.64848899841309 -0.00112068653107 30004
8514178751207910 739 -2.22482299804688 -1.59628820419312 0.01344013214111 40004
8514578048904810 739 0.80389404296875 -4.49902534484863 -0.00446796417236 50004
8514977346650612 739 2.1702880859375 1.68680775165558 -0.01399374008179 60004
8515376644424212 739 0.9761962890625 -2.1855788230896 -0.00557708740234 70004
851577594242899 739 0.77996826171875 -4.07570552825928 -0.00434112548828 80004
8516175240193412 739 0.196044921875 -7.15506362915039 -0.00113248825073 90004
8512581560284010 740 -1.01382756233215 3.06308674812317 0.00745204975829 4
8512980858004510 740 -0.79718017578125 3.99206900596619 0.00592237710953 10004
8513380155613111 740 -2.07899475097656 1.2268385887146 0.01336050033569 20004
8513779453509812 740 0.40911865234375 -6.27371788024902 -0.00224113464355 30004
8514178751207910 740 -2.48507690429688 -1.31048154830933 0.01547861099243 40004
8514578048904810 740 0.88201904296875 -4.16243171691895 -0.00558662414551 50004
8514977346650612 740 1.8089599609375 1.93402683734894 -0.01187372207642 60004
8515376644424212 740 1.22564697265625 -1.94479942321777 -0.00781011581421 70004
851577594242899 740 0.59539794921875 -4.356520652771 -0.00434255599976 80004
8516175240193412 740 0.338623046875 -6.84828567504883 -0.00114011764526 90004
8512581560284010 741 -0.96845752000809 3.4934196472168 0.00632899813354 4
8512980858004510 741 -0.67630004882813 4.40923929214478 0.00479882955551 10004
8513380155613111 741 -2.23524475097656 0.81615394353867 0.01335906982422 20004
8513779453509812 741 0.3912353515625 -5.89134979248047 -0.00223970413208 30004
8514178751207910 741 -2.61758422851563 -0.95394045114517 0.01747822761536 40004
8514578048904810 741 1.0045166015625 -3.838134765625 -0.00558400154114 50004
8514977346650612 741 1.56842041015625 2.29467630386353 -0.00978899002075 60004
8515376644424212 741 1.49285888671875 -1.72281861305237 -0.00893211364746 70004
851577594242899 741 0.52960205078125 -4.6826171875 -0.00434303283691 80004
8516175240193412 741 0.3564453125 -6.51375675201416 -0.00226402282715 90004
8512581560284010 742 -0.8132386803627 3.9157829284668 0.00632898695767 4
8512980858004510 742 -0.45985412597656 4.77559995651245 0.00367343425751 10004
8513380155613111 742 -2.25148010253906 0.3822950720787 0.01539266109467 20004
8513779453509812 742 0.45806884765625 -5.5133228302002 -0.00223791599274 30004
8514178751207910 742 -2.63479614257813 -0.62553185224533 0.01747488975525 40004
8514578048904810 742 1.04122924804688 -3.50022840499878 -0.00670266151428 50004
8514977346650612 742 1.45770263671875 2.70841598510742 -0.00979232788086 60004
8515376644424212 742 1.68804931640625 -1.44504618644714 -0.01005220413208 70004
851577594242899 742 0.51556396484375 -5.01735210418701 -0.00434350967407 80004
8516175240193412 742 0.411376953125 -6.1825590133667 -0.00226974487305 90004
8512581560284010 743 -0.61347824335098 4.32861185073853 0.0040828846395 4
8512980858004510 743 -0.24506378173828 5.14232110977173 0.00255042314529 10004
8513380155613111 743 -2.12786865234375 -0.03382970765233 0.01426863670349 20004
8513779453509812 743 0.52435302734375 -5.13109016418457 -0.00335931777954 30004
8514178751207910 743 -2.54470825195313 -0.33410787582397 0.01747107505798 40004
8514578048904810 743 1.02493286132813 -3.15297794342041 -0.00669693946838 50004
8514977346650612 743 1.34698486328125 3.12215566635132 -0.00979590415955 60004
8515376644424212 743 1.8096923828125 -1.1220531463623 -0.01117420196533 70004
851577594242899 743 0.46893310546875 -5.34270286560059 -0.00229644775391 80004
8516175240193412 743 0.4443359375 -5.85325527191162 -0.0022759437561 90004
8512581560284010 744 -0.45157459378242 4.75892114639282 0.00295982859097 4
8512980858004510 744 -0.15821075439453 5.56372308731079 0.00142687559128 10004
8513380155613111 744 -1.91464233398438 -0.40039402246475 0.01314222812653 20004
8513779453509812 744 0.46343994140625 -4.74317932128906 -0.00335788726807 30004
8514178751207910 744 -2.37393188476563 -0.05576410889626 0.01634430885315 40004
8514578048904810 744 1.03164672851563 -2.80900287628174 -0.00669121742249 50004
8514977346650612 744 1.12799072265625 3.5009560585022 -0.00773620605469 60004
8515376644424212 744 1.8990478515625 -0.79005753993988 -0.01117372512817 70004
851577594242899 744 0.35101318359375 -5.65380573272705 -0.00229740142822 80004
8516175240193412 744 0.3946533203125 -5.519211769104 -0.00228023529053 90004
8512581560284010 745 -0.24082016944885 5.16803693771362 0.0018367797602 4
8512980858004510 745 -0.23584747314453 5.99142837524414 0.00142645835876 10004
8513380155613111 745 -1.86654663085938 -0.7040610909462 0.01313841342926 20004
8513779453509812 745 0.25982666015625 -4.40257263183594 -0.00130414962769 30004
8514178751207910 745 -2.21084594726563 0.29483824968338 0.01521706581116 40004
8514578048904810 745 1.16738891601563 -2.48940753936768 -0.00668096542358 50004
8514977346650612 745 0.93414306640625 3.89338159561157 -0.00569844245911 60004
8515376644424212 745 2.1080322265625 -0.51327931880951 -0.0134162902832 70004
851577594242899 745 0.35784912109375 -5.98984241485596 -0.0022988319397 80004
8516175240193412 745 0.4073486328125 -5.18096256256104 -0.00228404998779 90004
8512581560284010 746 -0.19863077998161 5.6215295791626 0.00183677813038 4
8512980858004511 746 0.083740234375 7.71209859848022 -0.00000047683716 10004
8513380155613111 746 -1.64276123046875 -1.06402850151062 0.01088738441467 20004
8513779453509812 746 0.0592041015625 -4.06024360656738 -0.00130236148834 30004
8514178751207910 746 -2.19088745117188 0.676922082901 0.01521277427673 40004
8514578048904810 746 1.39584350585938 -2.23186635971069 -0.00891613960266 50004
8514977346650612 746 0.90045166015625 4.32556772232056 -0.00569558143616 60004
8515376644424212 746 2.401611328125 -0.33709961175919 -0.01453876495361 70004
851577594242899 746 0.48858642578125 -6.2957181930542 -0.00230169296265 80004
8516175240193412 746 0.39697265625 -4.84273338317871 -0.0022873878479 90004
8512581560284010 747 -0.3030346930027 6.05920124053955 0.00183677591849 4
8512980858004511 747 0.12672424316406 7.79795217514038 -0.00000107288361 10004
8513380155613111 747 -1.43466186523438 -1.454585313797 0.0097633600235 20004
8513779453509812 747 -0.14358520507813 -3.71941757202148 0.00072050094604 30004
8514178751207910 747 -2.08856201171875 1.04101657867432 0.01408004760742 40004
8514578048904810 747 1.61981201171875 -1.96727561950684 -0.0100314617157 50004
8514977346650612 747 0.78839111328125 4.74132299423218 -0.00569295883179 60004
8515376644424212 747 2.6468505859375 -0.10343503952026 -0.01676654815674 70004
8515775942428910 747 0.0830078125 -7.82192516326904 -0.00000095367432 80004
8516175240193412 747 0.4736328125 -4.5207576751709 -0.00229406356812 90004
8512581560284011 748 0.03473250567913 7.60695457458496 0.0000000000291 4
8512980858004511 748 0.13381958007813 7.80683565139771 -0.00000125169754 10004
8513380155613111 748 -1.25973510742188 -1.86250281333923 0.00863814353943 20004
8513779453509812 748 -0.39453125 -3.42403984069824 0.00282073020935 30004
8514178751207910 748 -1.94314575195313 1.39859127998352 0.01294445991516 40004
8514578048904810 748 1.80328369140625 -1.67544651031494 -0.011150598526 50004
8514977346650612 748 0.64886474609375 5.15410280227661 -0.00364661216736 60004
8515376644424212 748 2.83026123046875 0.13254171609879 -0.01787614822388 70004
8515775942428910 748 0.166015625 -7.51228046417236 -0.00000190734863 80004
8516175240193412 748 0.548828125 -4.19878196716309 -0.00341463088989 90004
8512581560284011 749 0.13018727302551 7.79283618927002 0.00000000064028 4
8512980858004511 749 0.13381958007813 7.80683565139771 -0.00000125169754 10004
8513380155613111 749 -1.1009521484375 -2.27714586257935 0.00751292705536 20004
8513779453509812 749 -0.70791625976563 -3.18785858154297 0.00493955612183 30004
8514178751207910 749 -1.81048583984375 1.75740575790405 0.01181364059448 40004
8514578048904810 749 1.94696044921875 -1.36062240600586 -0.01227045059204 50004
8514977346650612 749 0.54315185546875 5.57458162307739 -0.00364422798157 60004
8515376644424212 749 2.95660400390625 0.28414714336395 -0.01899433135986 70004
8515775942428910 749 0.1676025390625 -7.16145801544189 -0.00000190734863 80004
8516175240193412 749 0.5521240234375 -3.86380624771118 -0.00341129302979 90004
8512581560284011 750 0.24554790556431 7.88963556289673 -0.00112304347567 4
8512980858004511 750 0.13381958007813 7.80683565139771 -0.00000125169754 10004
8513380155613111 750 -0.9483642578125 -2.69414949417114 0.00638675689697 20004
8513779453509812 750 -0.91229248046875 -2.84808349609375 0.00493717193604 30004
8514178751207910 750 -1.55169677734375 2.04356360435486 0.01069402694702 40004
8514578048904810 750 2.16668701171875 -1.09121322631836 -0.01338768005371 50004
8514977346650612 750 0.28533935546875 5.92889070510864 -0.00162243843079 60004
8515376644424212 750 2.98297119140625 0.32117116451263 -0.01898765563965 70004
8515775942428910 750 0.1802978515625 -6.8108491897583 -0.00112628936768 80004
8516175240193412 750 0.6810302734375 -3.55158472061157 -0.0034065246582 90004
8512581560284011 751 0.25996834039688 7.90173578262329 -0.00112304347567 4
8512980858004511 751 0.13381958007813 7.80683565139771 -0.00000125169754 10004
8513380155613111 751 -0.923828125 -3.1347451210022 0.0063841342926 20004
8513779453509812 751 -1.184814453125 -2.56146717071533 0.00698328018188 30004
8514178751207910 751 -1.34048461914063 2.36627268791199 0.00957012176514 40004
8514578048904810 751 2.46792602539063 -0.92513465881348 -0.01563143730164 50004
8514977346650613 751 0.1529541015625 7.86013460159302 -0.00000190734863 60004
8515376644424212 751 3.05889892578125 0.46239817142487 -0.01898193359375 70004
8515775942428910 751 0.322021484375 -6.4938325881958 -0.00112867355347 80004
8516175240193412 751 0.9141845703125 -3.31331014633179 -0.00564765930176 90004
8512581560284011 752 0.25996834039688 7.90173578262329 -0.00112304347567 4
8512980858004511 752 0.21269989013672 7.71706056594849 -0.00112527608871 10004
8513380155613111 752 -0.80079650878906 -3.55103063583374 0.00525903701782 20004
8513779453509812 752 -1.44232177734375 -2.26076793670654 0.00902807712555 30004
8514178751207910 752 -1.23446655273438 2.72907185554504 0.00844430923462 40004
8514578048904810 752 2.72164916992188 -0.70001077651978 -0.01675009727478 50004
8514977346650613 752 0.3173828125 8.08356094360352 -0.00112724304199 60004
8515376644424212 752 3.09857177734375 0.67665362358093 -0.0189790725708 70004
8515775942428910 752 0.389404296875 -6.18230152130127 -0.00225210189819 80004
8516175240193412 752 1.1268310546875 -3.05412578582764 -0.00675916671753 90004
8512581560284011 753 0.25996834039688 7.90173578262329 -0.00112304347567 4
8512980858004511 753 0.29163360595703 7.62728548049927 -0.00112640857697 10004
8513380155613111 753 -0.62094116210938 -3.95636987686157 0.00413715839386 20004
8513779453509812 753 -1.72616577148438 -1.99657392501831 0.01110982894897 30004
8514178751207910 753 -1.12844848632813 3.0918710231781 0.0073184967041 40004
8514578048904810 753 2.90487670898438 -0.41509473323822 -0.0178689956665 50004
8514977346650613 753 0.416259765625 8.16655921936035 -0.00224757194519 60004
8515376644424212 753 3.06097412109375 0.94710147380829 -0.01897382736206 70004
8515775942428910 753 0.345458984375 -5.86661624908447 -0.00225305557251 80004
8516175240193412 753 1.267333984375 -2.7552375793457 -0.00786447525024 90004
8512581560284011 754 0.25996834039688 7.90173578262329 -0.00112304347567 4
8512980858004511 754 0.29059600830078 7.60127401351929 -0.00112646818161 10004
8513380155613111 754 -0.48626708984375 -4.37466144561768 0.00413715839386 20004
8513779453509812 754 -2.06497192382813 -1.79839515686035 0.01319408416748 30004
8514178751207910 754 -0.92153930664063 3.41828036308289 0.00619268417358 40004
8514578048904810 754 3.0115966796875 -0.09978613257408 -0.01898646354675 50004
8514977346650613 754 0.416259765625 8.16655921936035 -0.00224375724792 60004
8515376644424212 754 2.92156982421875 1.24454462528229 -0.01897048950195 70004
8515775942428910 754 0.2076416015625 -5.54455471038818 -0.00225400924683 80004
8516175240193412 754 1.3399658203125 -2.42858982086182 -0.00784635543823 90004
8512581560284011 755 0.25996834039688 7.90173578262329 -0.00112304347567 4
8512980858004511 755 0.28229522705078 7.39318227767944 -0.00112682580948 10004
8513380155613111 755 -0.51800537109375 -4.81754016876221 0.00413572788239 20004
8513779453509812 755 -2.30746459960938 -1.48468971252441 0.01521790027618 30004
8514178751207910 755 -0.697998046875 3.734041929245 0.00506401062012 40004
8514578048904810 755 2.9930419921875 0.24734580516815 -0.0189836025238 50004
8514977346650613 755 0.416259765625 8.16655921936035 -0.00223994255066 60004
8515376644424212 755 2.667236328125 1.48237192630768 -0.01694917678833 70004
8515775942428910 755 0.0621337890625 -5.2311315536499 -0.00021934509277 80004
8516175240193412 755 1.53277587890625 -2.15052127838135 -0.008957862854 90004
8512581560284011 756 0.25996834039688 7.90173578262329 -0.00112304347567 4
8512980858004511 756 0.1143798828125 7.04327154159546 -0.0011277794838 10004
8513380155613111 756 -0.38333129882813 -5.23583221435547 0.00301265716553 20004
8513779453509812 756 -2.41378784179688 -1.10689234733582 0.01521682739258 30004
8514178751207910 756 -0.52609252929688 4.07985019683838 0.0039324760437 40004
8514578048904810 756 2.84759521484375 0.55911290645599 -0.01898074150085 50004
8514977346650613 756 0.416259765625 8.16655921936035 -0.00223612785339 60004
8515376644424212 756 2.4140625 1.69609487056732 -0.01490926742554 70004
8515775942428910 756 0.0447998046875 -4.8849573135376 -0.00022029876709 80004
8516175240193412 756 1.70953369140625 -1.86274290084839 -0.01007127761841 90004
8512581560284011 757 0.30449914932251 7.75779485702515 -0.00112304335926 4
8512980858004511 757 0.00773620605469 6.64654207229614 -0.0011283159256 10004
8513380155613111 757 -0.34375 -5.66817378997803 0.00301194190979 20004
8513779453509812 757 -2.39328002929688 -0.72044801712036 0.01521480083466 30004
8514178751207910 757 -0.46377563476563 4.45275020599365 0.00392627716064 40004
8514578048904810 757 2.64956665039063 0.84315967559814 -0.01691293716431 50004
8514977346650613 757 0.416259765625 8.16655921936035 -0.00223231315613 60004
8515376644424212 757 2.2264404296875 1.97174036502838 -0.01490640640259 70004
8515775942428910 757 -0.0469970703125 -4.55450820922852 -0.00022172927856 80004
8516175240193412 757 1.9495849609375 -1.63698720932007 -0.01231002807617 90004
8512581560284011 758 0.32979679107666 7.47364282608032 -0.00224608695135 4
8512980858004511 758 -0.10538482666016 6.25332498550415 0.00089228153229 10004
8513380155613111 758 -0.30416870117188 -6.10051536560059 0.00300991535187 20004
8513779453509812 758 -2.28323364257813 -0.34152552485466 0.01521193981171 30004
8514178751207910 758 -0.43551635742188 4.83675098419189 0.00391960144043 40004
8514578048904810 758 2.43466186523438 1.11669361591339 -0.01490473747253 50004
8514977346650613 758 0.416259765625 8.16655921936035 -0.00222849845886 60004
8515376644424212 758 2.0333251953125 2.25211596488953 -0.01285886764526 70004
8515775942428910 758 -0.20770263671875 -4.24311065673828 0.00177812576294 80004
8516175240193412 758 2.1893310546875 -1.41123151779175 -0.01342487335205 90004
8512581560284011 759 0.30273723602295 7.08890008926392 -0.00224608345889 4
8512980858004511 759 -0.29203033447266 5.88586091995239 0.00089138746262 10004
8513380155613112 759 0.02212524414063 -7.94831562042236 0 20004
8513779453509812 759 -2.12258911132813 0.02069359458983 0.01408588886261 30004
8514178751207910 759 -0.37591552734375 5.21714019775391 0.00278830528259 40004
8514578048904810 759 2.23095703125 1.39830672740936 -0.01490330696106 50004
8514977346650613 759 0.407470703125 8.14229202270508 -0.00222492218018 60004
8515376644424212 759 1.7806396484375 2.48650527000427 -0.01075267791748 70004
8515775942428910 759 -0.37237548828125 -3.93696975708008 0.00177478790283 80004
8516175240193412 759 2.3458251953125 -1.11615705490112 -0.01454019546509 90004
8512581560284011 760 0.44523665308952 6.62828063964844 -0.0022460767068 4
8512980858004511 760 -0.32826995849609 5.47094345092773 0.00289660692215 10004
8513380155613112 760 0.19912719726563 -7.53484058380127 -0.00112414360046 20004
8513779453509812 760 -1.90093994140625 0.35017991065979 0.01295971870422 30004
8514178751207910 760 -0.40863037109375 5.60235595703125 0.00278401374817 40004
8514578048904810 760 2.05908203125 1.70044600963593 -0.01287078857422 50004
8514977346650613 760 0.337158203125 7.94815444946289 -0.00222206115723 60004
8515376644424212 760 1.6322021484375 2.80137038230896 -0.01075124740601 70004
8515775942428910 760 -0.41143798828125 -3.58818435668945 0.00177192687988 80004
8516175240193412 760 2.3809814453125 -0.77972048521042 -0.01453256607056 90004
8512581560284011 761 0.40572413802147 6.152756690979 -0.00224607228301 4
8512980858004511 761 -0.42635345458984 5.06684303283691 0.00289702415466 10004
8513380155613112 761 0.20864868164063 -7.08981609344482 -0.00112438201904 20004
8513779453509812 761 -1.81982421875 0.73437255620956 0.01183390617371 30004
8514178751207910 761 -0.5810546875 5.94396591186523 0.00277948379517 40004
8514578048904810 761 2.0128173828125 2.04139471054077 -0.01286840438843 50004
8514977346650613 761 0.2335205078125 7.57495403289795 -0.00221848487854 60004
8515376644424212 761 1.5982666015625 3.14475417137146 -0.01075029373169 70004
8515775942428910 761 -0.57611083984375 -3.28204345703125 0.0038423538208 80004
8516175240193412 761 2.29736328125 -0.47870892286301 -0.01452684402466 90004
8512581560284011 762 0.39051753282547 5.67244720458984 -0.00224606879056 4
8512980858004511 762 -0.62465667724609 4.70924615859985 0.00289702415466 10004
8513380155613112 762 0.31387329101563 -6.66281986236572 -0.00112533569336 20004
8513779453509812 762 -1.65869140625 1.08730447292328 0.01070809364319 30004
8514178751207911 762 0.064697265625 7.67150163650513 -0.00000143051147 40004
8514578048904810 762 1.894775390625 2.36016654968262 -0.01286578178406 50004
8514977346650613 762 0.042724609375 7.21547889709473 -0.00020360946655 60004
8515376644424212 762 1.49041748046875 3.46756672859192 -0.00872135162354 70004
8515775942428910 762 -0.75244140625 -2.97819662094116 0.00383853912354 80004
8516175240193412 762 2.1998291015625 -0.16460581123829 -0.01452302932739 90004
8512581560284011 763 0.47624564170837 5.20737028121948 -0.00224606273696 4
8512980858004511 763 -0.90876007080078 4.41006135940552 0.00496566295624 10004
8513380155613112 763 0.41938781738281 -6.23582363128662 -0.00225102901459 20004
8513779453509812 763 -1.4981689453125 1.44023668766022 0.01070892810822 30004
8514178751207911 763 0.16473388671875 7.84011602401733 -0.00000286102295 40004
8514578048904810 763 1.71795654296875 2.65936756134033 -0.01084399223328 50004
8514977346650613 763 -0.135986328125 6.8532543182373 -0.00020480155945 60004
8515376644424212 763 1.29156494140625 3.74611783027649 -0.00872135162354 70004
8515775942428910 763 -0.9554443359375 -2.6963939666748 0.00584983825684 80004
8516175240193412 763 2.0770263671875 0.14897175133228 -0.01250171661377 90004
8512581560284011 764 0.65450143814087 4.76469993591309 -0.00336910272017 4
8512980858004511 764 -1.05953979492188 4.14849805831909 0.00760394334793 10004
8513380155613112 764 0.38166809082031 -5.79231452941895 -0.00225293636322 20004
8513779453509812 764 -1.41726684570313 1.82442939281464 0.00958776473999 30004
8514178751207911 764 0.2471923828125 7.90914297103882 -0.00112676620483 40004
8514578048904810 764 1.53106689453125 2.95246887207031 -0.01084136962891 50004
8514977346650613 764 -0.18914794921875 6.4478759765625 0.00181245803833 60004
8515376644424212 764 1.04425048828125 3.98666977882385 -0.00663185119629 70004
8515775942428910 764 -1.2042236328125 -2.44979476928711 0.00791072845459 80004
8516175240193412 764 1.9266357421875 0.4487891793251 -0.01249742507935 90004
8512581560284011 765 0.6550225019455 4.28256797790527 -0.00336910132319 4
8512980858004511 765 -1.25944519042969 3.78310203552246 0.00760364532471 10004
8513380155613112 765 0.1788330078125 -5.39103078842163 -0.00225448608398 20004
8513779453509812 765 -1.19607543945313 2.15391612052917 0.00846517086029 30004
8514178751207911 765 0.2471923828125 7.90914297103882 -0.00112676620483 40004
8514578048904810 765 1.33090209960938 3.23715209960938 -0.00883007049561 50004
8514977346650613 765 -0.08636474609375 6.04763793945313 0.00068473815918 60004
8515376644424212 765 0.90460205078125 4.30509757995605 -0.00662994384766 70004
8515775942428910 765 -1.41021728515625 -2.16585159301758 0.00994062423706 80004
8516175240193412 765 1.8992919921875 0.78548288345337 -0.01249265670776 90004
8512581560284011 766 0.83379435539246 3.8401403427124 -0.00449213571846 4
8512980858004511 766 -1.44009399414063 3.40791893005371 0.0096440911293 10004
8513380155613112 766 0.08149719238281 -4.95395708084106 -0.00020956993103 20004
8513779453509812 766 -1.11502075195313 2.53810739517212 0.0073424577713 30004
8514178751207911 766 0.2471923828125 7.90914297103882 -0.00112676620483 40004
8514578048904810 766 1.25247192382813 3.57227373123169 -0.00882363319397 50004
8514977346650613 766 -0.14019775390625 5.64225959777832 0.00068330764771 60004
8515376644424212 766 0.66497802734375 4.55298328399658 -0.00456666946411 70004
8515775942428910 766 -1.52899169921875 -1.83809566497803 0.00993156433105 80004
8516175240193412 766 1.7489013671875 1.08530080318451 -0.01045656204224 90004
8512581560284011 767 1.11063349246979 3.45115900039673 -0.00673822220415 4
8512980858004511 767 -1.53071594238281 3.00748634338379 0.00964391231537 10004
8513380155613112 767 -0.1126708984375 -4.55944728851318 -0.00020968914032 20004
8513779453509812 767 -1.06558227539063 2.93165349960327 0.00734388828278 30004
8514178751207911 767 0.2471923828125 7.90914297103882 -0.00112676620483 40004
8514578048904810 767 1.10446166992188 3.87857341766357 -0.00681304931641 50004
8514977346650613 767 -0.25543212890625 5.24681377410889 0.00067830085754 60004
8515376644424212 767 0.48858642578125 4.84391593933105 -0.00251770019531 70004
8515775942428910 767 -1.71270751953125 -1.54769945144653 0.00992250442505 80004
8516175240193412 767 1.651123046875 1.4045604467392 -0.01045036315918 90004
8512581560284011 768 1.36266899108887 3.05273652076721 -0.00786126311868 4
8512980858004511 768 -1.59265899658203 2.59679269790649 0.00964397192001 10004
8513380155613112 768 -0.30686950683594 -4.16490173339844 0.00187683105469 20004
8513779453509812 768 -0.96212768554688 3.30556297302246 0.00622153282166 30004
8514178751207911 768 0.2471923828125 7.90914297103882 -0.00112676620483 40004
8514578048904810 768 0.91726684570313 4.17119884490967 -0.0068085193634 50004
8514977346650613 768 -0.44622802734375 4.88860988616943 0.00269818305969 60004
8515376644424212 768 0.41436767578125 5.17591571807861 -0.002516746521 70004
8515775942428910 768 -1.89337158203125 -1.25617599487305 0.01197004318237 80004
8516175240193412 768 1.5738525390625 1.73306548595428 -0.01044368743896 90004
8512581560284011 769 1.5191890001297 2.59996247291565 -0.00898429285735 4
8512980858004511 769 -1.70532989501953 2.19711947441101 0.0116491317749 10004
8513380155613112 769 -0.39955139160156 -3.72576427459717 0.00187492370605 20004
8513779453509812 769 -0.7772216796875 3.65205812454224 0.0050984621048 30004
8514178751207911 769 0.2481689453125 7.89779138565063 -0.00112700462341 40004
8514578048904810 769 0.7705078125 4.48220729827881 -0.00476574897766 50004
8514977346650613 769 -0.70587158203125 4.57169532775879 0.00470590591431 60004
8515376644424212 769 0.41436767578125 5.52017211914063 -0.00251483917236 70004
8515775942428910 769 -1.97967529296875 -0.91743505001068 0.01196813583374 80004
8516175240193412 769 1.4449462890625 2.04258108139038 -0.01043939590454 90004
8512581560284011 770 1.80465018749237 2.21138978004456 -0.01123036816716 4
8512980858004511 770 -1.89673614501953 1.82726168632507 0.01164895296097 10004
8513380155613112 770 -0.5650634765625 -3.30759811401367 0.00391495227814 20004
8513779453509812 770 -0.7337646484375 4.04652833938599 0.00509333610535 30004
8514178751207911 770 0.2559814453125 7.80697870254517 -0.00112748146057 40004
8514578048904810 770 0.75042724609375 4.82923793792725 -0.00476741790771 50004
8514977346650613 770 -0.84844970703125 4.18398475646973 0.00470495223999 60004
8515376644424212 770 0.28448486328125 5.84297943115234 -0.00251340866089 70004
8515775942428910 770 -1.98651123046875 -0.56665456295013 0.01196575164795 80004
8516175240193412 770 1.2066650390625 2.28427648544312 -0.00835371017456 90004
8512581560284011 771 2.15997695922852 1.88746380805969 -0.01347645465285 4
8512980858004511 771 -2.19026184082031 1.53591394424438 0.01368421316147 10004
8513380155613112 771 -0.71841430664063 -2.88483572006226 0.00391447544098 20004
8513779453509812 771 -0.54837036132813 4.39302015304565 0.00396609306335 30004
8514178751207911 771 0.2193603515625 7.69258069992065 -0.00112819671631 40004
8514578048904810 771 0.60345458984375 5.14024639129639 -0.00476884841919 50004
8514977346650613 771 -1.08587646484375 3.84839820861816 0.00672245025635 60004
8515376644424213 771 0.1033935546875 7.9109034538269 0.00000381469727 70004
8515775942428910 771 -2.12237548828125 -0.24722826480865 0.01398897171021 80004
8516175240193412 771 1.1263427734375 2.45414113998413 -0.00633478164673 90004
8512581560284011 772 2.42076539993286 1.49471688270569 -0.01459946669638 4
8512980858004511 772 -2.48754119873047 1.28891551494598 0.01579231023788 10004
8513380155613112 772 -0.85276794433594 -2.45581531524658 0.00593590736389 20004
8513779453509812 772 -0.44412231445313 4.76692819595337 0.0039644241333 30004
8514178751207911 772 0.103759765625 7.53597497940063 -0.00112819671631 40004
8514578048904810 772 0.5205078125 5.47120475769043 -0.00274348258972 50004
8514977346650613 772 -1.2352294921875 3.47314882278442 0.00872039794922 60004
8515376644424213 772 0.3125 8.26760005950928 -0.00111722946167 70004
8515775942428910 772 -2.18267822265625 -0.01950411126018 0.01398658752441 80004
8516175240193412 772 1.121826171875 2.70005893707275 -0.00631809234619 90004
8512581560284011 773 2.54261469841003 1.0693222284317 -0.01572249829769 4
8512980858004511 773 -2.72235107421875 1.13471364974976 0.01789897680283 10004
8513380155613112 773 -1.02238464355469 -2.07946038246155 0.00593638420105 20004
8513779453509812 773 -0.45761108398438 5.13077878952026 0.00284016132355 30004
8514178751207911 773 -0.05050659179688 7.36975908279419 0.00091361999512 40004
8514578048904810 773 0.4442138671875 5.78103685379028 -0.00274181365967 50004
8514977346650613 773 -1.3690185546875 3.118408203125 0.00871920585632 60004
8515376644424213 773 0.52947998046875 8.48612022399902 -0.00335931777954 70004
8515775942428910 773 -2.14544677734375 0.1799153983593 0.01398420333862 80004
8516175240193412 773 1.10345458984375 2.9858763217926 -0.00630235671997 90004
8512581560284011 774 2.53021049499512 0.60379046201706 -0.01572250388563 4
8512980858004511 774 -2.88146209716797 1.09796023368835 0.01789766550064 10004
8513380155613112 774 -1.31941223144531 -1.74203824996948 0.00800061225891 20004
8513779453509812 774 -0.58404541015625 5.50674486160278 0.00283968448639 30004
8514178751207911 774 -0.21893310546875 7.20193910598755 0.00091314315796 40004
8514578048904811 774 0.00308227539063 7.53911256790161 0.00000047683716 50004
8514977346650613 774 -1.62225341796875 2.79255342483521 0.01076722145081 60004
8515376644424213 774 0.70654296875 8.55803680419922 -0.00448226928711 70004
8515775942428910 774 -2.01397705078125 0.46735492348671 0.01397943496704 80004
8516175240193412 774 0.98712158203125 3.30372452735901 -0.00629186630249 90004
8512581560284011 775 2.42552137374878 0.38667622208595 -0.01572250202298 4
8512980858004511 775 -2.88146209716797 1.09796023368835 0.01789671182632 10004
8513380155613112 775 -1.64967346191406 -1.43663358688354 0.01010465621948 20004
8513779453509812 775 -0.68035888671875 5.89147996902466 0.00485789775848 30004
8514178751207911 775 -0.28436279296875 7.09791994094849 0.00091195106506 40004
8514578048904811 775 0.05239868164063 7.64539003372192 0.00000286102295 50004
8514977346650613 775 -1.91448974609375 2.50098085403442 0.01280117034912 60004
8515376644424213 775 1.03466796875 8.55628204345703 -0.00559759140015 70004
8515775942428910 775 -1.81475830078125 0.75596344470978 0.01172828674316 80004
8516175240193412 775 0.82501220703125 3.60125946998596 -0.00628137588501 90004
8512581560284011 776 2.10263013839722 0.0981192663312 -0.01365074142814 4
8512980858004511 776 -2.88146209716797 1.09796023368835 0.01789575815201 10004
8513380155613112 776 -1.9400634765625 -1.09431397914886 0.01219069957733 20004
8513779453509813 776 0.15274047851563 7.85971546173096 -0.00000166893005 30004
8514178751207911 776 -0.35415649414063 6.94676446914673 0.00293755531311 40004
8514578048904811 776 0.07354736328125 7.67533445358276 0.00000405311584 50004
8514977346650613 776 -2.08526611328125 2.1310760974884 0.0128026008606 60004
8515376644424213 776 1.17041015625 8.5199499130249 -0.00670528411865 70004
8515775942428910 776 -1.72979736328125 1.09110653400421 0.01172351837158 80004
8516175240193412 776 0.747802734375 3.92814302444458 -0.00423812866211 90004
8512581560284011 777 1.81151282787323 -0.2744927406311 -0.01154752448201 4
8512980858004511 777 -2.88146209716797 1.09796023368835 0.01789480447769 10004
8513380155613112 777 -2.18266296386719 -0.71787494421005 0.01422953605652 20004
8513779453509813 777 0.37890625 8.15672302246094 -0.00224637985229 30004
8514178751207911 777 -0.38140869140625 6.73785495758057 0.00293350219727 40004
8514578048904811 777 0.0799560546875 7.68072843551636 0.00000476837158 50004
8514977346650613 777 -2.25146484375 1.7534726858139 0.0148491859436 60004
8515376644424213 777 1.20947265625 8.500563621521 -0.00669050216675 70004
8515775942428910 777 -1.591552734375 1.40477240085602 0.01059150695801 80004
8516175240193412 777 0.69952392578125 4.26316833496094 -0.00423526763916 90004
8512581560284011 778 1.61912214756012 -0.71302896738052 -0.00953137781471 4
8512980858004511 778 -2.88146209716797 1.09796023368835 0.01789385080338 10004
8513380155613112 778 -2.33364868164063 -0.35659286379814 0.01422822475433 20004
8513779453509813 778 0.64041137695313 8.32730579376221 -0.00336670875549 30004
8514178751207911 778 -0.382080078125 6.49262428283691 0.00292897224426 40004
8514578048904811 778 0.0799560546875 7.68072843551636 0.00000476837158 50004
8514977346650613 778 -2.38201904296875 1.37034702301025 0.01485061645508 60004
8515376644424213 778 1.20751953125 8.500563621521 -0.00667572021484 70004
8515775942428910 778 -1.434326171875 1.71127903461456 0.00945091247559 80004
8516175240193412 778 0.61517333984375 4.58409738540649 -0.00423288345337 90004
8512581560284011 779 1.49982178211212 -1.1799350976944 -0.00953137222677 4
8512980858004511 779 -2.88146209716797 1.09796023368835 0.01789289712906 10004
8513380155613112 779 -2.33937072753906 -0.06735798716545 0.01422715187073 20004
8513779453509813 779 0.90045166015625 8.39566230773926 -0.00561547279358 30004
8514178751207911 779 -0.396240234375 6.24769401550293 0.00292420387268 40004
8514578048904811 779 0.0799560546875 7.68072843551636 0.00000476837158 50004
8514977346650613 779 -2.38275146484375 0.95943289995193 0.01485204696655 60004
8515376644424213 779 1.20556640625 8.500563621521 -0.00666046142578 70004
8515775942428910 779 -1.364990234375 2.05358171463013 0.00943183898926 80004
8516175240193412 779 0.42987060546875 4.86613082885742 -0.00222539901733 90004
8512581560284011 780 1.32714641094208 -1.63003313541412 -0.00953136198223 4
8512980858004511 780 -2.88146209716797 1.09796023368835 0.01789194345474 10004
8513380155613112 780 -2.19288635253906 0.29851365089417 0.01422452926636 20004
8513779453509813 780 0.94244384765625 8.38821601867676 -0.00561904907227 30004
8514178751207911 780 -0.381103515625 6.00270652770996 0.00291967391968 40004
8514578048904811 780 0.0799560546875 7.68072843551636 0.00000476837158 50004
8514977346650613 780 -2.21868896484375 0.58029490709305 0.01485204696655 60004
8515376644424213 780 1.20361328125 8.500563621521 -0.00664567947388 70004
8515775942428910 780 -1.16497802734375 2.34219026565552 0.00829076766968 80004
8516175240193412 780 0.15643310546875 5.06504440307617 -0.00017642974854 90004
8512581560284011 781 1.21092593669891 -2.0970733165741 -0.00746568478644 4
8512980858004511 781 -2.85269927978516 1.12476420402527 0.0178896188736 10004
8513380155613112 781 -1.97340393066406 0.67806428670883 0.01309823989868 20004
8513779453509813 781 0.9503173828125 8.38681983947754 -0.00562131404877 30004
8514178751207911 781 -0.37628173828125 5.75735330581665 0.00291538238525 40004
8514578048904811 781 0.0799560546875 7.68072843551636 0.00000476837158 50004
8514977346650613 781 -2.04351806640625 0.20607924461365 0.01373052597046 60004
8515376644424213 781 1.09674072265625 8.35190200805664 -0.0066351890564 70004
8515775942428910 781 -1.08001708984375 2.67733383178711 0.00715017318726 80004
8516175240193412 781 -0.0225830078125 5.33336067199707 -0.00017929077148 90004
8512581560284011 782 1.11772680282593 -2.57000946998596 -0.00746567407623 4
8512980858004511 782 -2.76183319091797 1.16888272762299 0.01788723468781 10004
8513380155613112 782 -1.70138549804688 1.03429555892944 0.01197171211243 20004
8513779453509813 782 0.9503173828125 8.38681983947754 -0.0056232213974 30004
8514178751207911 782 -0.38125610351563 5.51204442977905 0.00291085243225 40004
8514578048904811 782 0.0799560546875 7.68072843551636 0.00000476837158 50004
8514977346650613 782 -1.8388671875 -0.15191385149956 0.01260948181152 60004
8515376644424213 782 0.8203125 8.14690971374512 -0.00449752807617 70004
8515775942428910 782 -0.94232177734375 2.99099969863892 0.00713109970093 80004
8516175240193412 782 -0.10455322265625 5.64769077301025 -0.00018310546875 90004
8512581560284011 783 0.97217363119125 -3.01930332183838 -0.00543024158105 4
8512980858004511 783 -2.55997467041016 1.19847583770752 0.01676189899445 10004
8513380155613112 783 -1.38441467285156 1.35075509548187 0.00972521305084 20004
8513779453509813 783 0.9503173828125 8.38681983947754 -0.00562512874603 30004
8514178751207911 783 -0.39932250976563 5.26750087738037 0.00290632247925 40004
8514578048904811 783 0.07125854492188 7.60926485061646 0.00000476837158 50004
8514977346650613 783 -1.66455078125 -0.51513123512268 0.01147866249084 60004
8515376644424213 783 0.5118408203125 7.93702554702759 -0.0024585723877 70004
8515775942428910 783 -0.78369140625 3.29687690734863 0.00599098205566 80004
8516175240193413 783 0.0335693359375 7.64210224151611 -0.00000190734863 90004
8512581560284011 784 0.70628553628922 -3.41824507713318 -0.0054302373901 4
8512980858004511 784 -2.20783233642578 1.16603064537048 0.01451563835144 10004
8513380155613112 784 -1.03730773925781 1.63285565376282 0.00747692584991 20004
8513779453509813 784 0.9503173828125 8.38681983947754 -0.00562703609467 30004
8514178751207911 784 -0.43972778320313 5.02674245834351 0.00290203094482 40004
8514578048904811 784 0.0540771484375 7.36749601364136 0.00000476837158 50004
8514977346650613 784 -1.6060791015625 -0.91622322797775 0.01034545898438 60004
8515376644424213 784 0.3897705078125 7.76532697677612 -0.00245666503906 70004
8515775942428910 784 -0.71112060546875 3.63967895507813 0.00485277175903 80004
8516175240193413 784 0.1419677734375 7.97951793670654 -0.00000953674316 90004
8512581560284011 785 0.62088298797607 -3.89273715019226 -0.00339972809888 4
8512980858004511 785 -1.84180450439453 0.96740484237671 0.01226949691772 10004
8513380155613112 785 -0.83039855957031 2.03208446502686 0.00635015964508 20004
8513779453509813 785 0.9503173828125 8.38681983947754 -0.0056289434433 30004
8514178751207911 785 -0.57351684570313 4.82080984115601 0.0028977394104 40004
8514578048904811 785 0.1966552734375 6.92944669723511 -0.00111484527588 50004
8514977346650613 785 -1.5494384765625 -1.32581877708435 0.01033496856689 60004
8515376644424213 785 0.3848876953125 7.76255750656128 -0.00245475769043 70004
8515775942428910 785 -0.58514404296875 3.96648788452148 0.00484704971313 80004
8516175240193413 785 0.2650146484375 8.1158390045166 -0.00113916397095 90004
8512581560284011 786 0.5298667550087 -4.36618137359619 -0.00339972646907 4
8512980858004511 786 -1.57174682617188 0.65818786621094 0.01114594936371 10004
8513380155613112 786 -0.77635192871094 2.4720413684845 0.00522756576538 20004
8513779453509813 786 0.95745849609375 8.19129467010498 -0.00563085079193 30004
8514178751207911 786 -0.626220703125 4.58469486236572 0.00490617752075 40004
8514578048904811 786 0.3043212890625 6.48248338699341 -0.00111198425293 50004
8514977346650613 786 -1.35650634765625 -1.6855628490448 0.00920510292053 60004
8515376644424213 786 0.38397216796875 7.762038230896 -0.00245475769043 70004
8515775942428910 786 -0.41949462890625 4.27407741546631 0.00371932983398 80004
8516175240193413 786 0.2880859375 8.14139938354492 -0.00114631652832 90004
8512581560284011 787 0.32997140288353 -4.79246377944946 -0.00129676237702 4
8512980858004511 787 -1.42134857177734 0.30550390481949 0.01002281904221 10004
8513380155613112 787 -0.65203857421875 2.8931999206543 0.00522911548615 20004
8513779453509813 787 0.86077880859375 7.84790325164795 -0.00563275814056 30004
8514178751207911 787 -0.64425659179688 4.34032726287842 0.00490188598633 40004
8514578048904811 787 0.2918701171875 6.03300380706787 -0.00223302841187 50004
8514977346650613 787 -1.227294921875 -2.06831526756287 0.00807929039001 60004
8515376644424213 787 0.38397216796875 7.762038230896 -0.00245475769043 70004
8515775942428910 787 -0.32598876953125 4.60324239730835 0.00259208679199 80004
8516175240193413 787 0.2880859375 8.14139938354492 -0.00115394592285 90004
8512581560284011 788 0.11190225183964 -5.17877006530762 -0.00129676167853 4
8512980858004511 788 -1.30800628662109 -0.03025158680975 0.00889885425568 10004
8513380155613112 788 -0.50498962402344 3.2800076007843 0.00410521030426 20004
8513779453509813 788 0.742431640625 7.43655824661255 -0.00563478469849 30004
8514178751207911 788 -0.65829467773438 4.1111102104187 0.00489735603333 40004
8514578048904811 788 0.248291015625 5.61128950119019 -0.00223159790039 50004
8514977346650613 788 -1.134033203125 -2.43697214126587 0.00807690620422 60004
8515376644424213 788 0.38397216796875 7.762038230896 -0.00245475769043 70004
8515775942428910 788 -0.314697265625 4.93067312240601 0.00258731842041 80004
8516175240193413 788 0.2880859375 8.14139938354492 -0.00116109848022 90004
8512581560284011 789 0.01961028389633 -5.65195608139038 0.00070513028186 4
8512980858004511 789 -1.06015014648438 -0.36498636007309 0.0077748298645 10004
8513380155613112 789 -0.48594665527344 3.72936367988586 0.00410389900208 20004
8513779453509813 789 0.760498046875 6.95525789260864 -0.00563859939575 30004
8514178751207911 789 -0.69833374023438 3.86900663375854 0.00489258766174 40004
8514578048904811 789 0.347900390625 5.16148328781128 -0.00222873687744 50004
8514977346650613 789 -0.911376953125 -2.78521203994751 0.00695157051086 60004
8515376644424213 789 0.38397216796875 7.762038230896 -0.00245475769043 70004
8515775942428910 789 -0.352783203125 5.27955770492554 0.00258493423462 80004
8516175240193413 789 0.2880859375 8.14139938354492 -0.00116872787476 90004
8512581560284011 790 0.13594016432762 -6.11985492706299 -0.00041791598778 4
8512980858004511 790 -0.97702026367188 -0.77311378717422 0.00665074586868 10004
8513380155613112 790 -0.27891540527344 4.12859201431274 0.00185573101044 20004
8513779453509813 790 0.573486328125 6.51147127151489 -0.00357818603516 30004
8514178751207911 790 -0.83718872070313 3.66665983200073 0.00488781929016 40004
8514578048904811 790 0.628662109375 4.79598951339722 -0.00335168838501 50004
8514977346650613 790 -0.856689453125 -3.19480752944946 0.0058262348175 60004
8515376644424213 790 0.38397216796875 7.762038230896 -0.00245475769043 70004
8515775942428910 790 -0.371337890625 5.62995290756226 0.00258207321167 80004
8516175240193413 790 0.2880859375 8.14139938354492 -0.00117635726929 90004
8512581560284011 791 0.25304368138313 -6.58755540847778 -0.00154096295591 4
8512980858004511 791 -0.95010375976563 -1.18746161460876 0.00664973258972 10004
8513380155613112 791 -0.21287536621094 4.56541681289673 0.00185286998749 20004
8513779453509813 791 0.4205322265625 6.05531930923462 -0.0035765171051 30004
8514178751207911 791 -1.03054809570313 3.52256631851196 0.00689744949341 40004
8514578048904811 791 0.8431396484375 4.39057302474976 -0.00447225570679 50004
8514977346650613 791 -0.781494140625 -3.60089254379272 0.0058228969574 60004
8515376644424213 791 0.38397216796875 7.762038230896 -0.00245475769043 70004
8515775942428910 791 -0.499755859375 5.95006704330444 0.00257968902588 80004
8516175240193413 791 0.309326171875 8.05000686645508 -0.00118398666382 90004
8512581560284012 792 0.06055525317788 -7.87013912200928 0 4
8512980858004511 792 -0.85427856445313 -1.58263945579529 0.00552535057068 10004
8513380155613112 792 -0.28950500488281 4.99773645401001 0.00184953212738 20004
8513779453509813 792 0.2286376953125 5.61709451675415 -0.0015367269516 30004
8514178751207911 792 -1.20584106445313 3.35905504226685 0.00689649581909 40004
8514578048904811 792 0.9888916015625 3.95644521713257 -0.00559282302856 50004
8514977346650613 792 -0.698486328125 -4.00566816329956 0.00469660758972 60004
8515376644424213 792 0.38397216796875 7.762038230896 -0.00245475769043 70004
8515775942428911 792 0.0458984375 7.6304087638855 0 80004
8516175240193413 792 0.291259765625 7.83820343017578 -0.0011887550354 90004
8512581560284012 793 0.20970433950424 -7.59685039520264 -0.00112304615323 4
8512980858004511 793 -0.71467590332031 -1.96721315383911 0.00552541017532 10004
8513380155613112 793 -0.41419982910156 5.4214882850647 0.0018470287323 20004
8513779453509813 793 -0.0137939453125 5.20103883743286 0.00054216384888 30004
8514178751207911 793 -1.32034301757813 3.14676904678345 0.00893235206604 40004
8514578048904811 793 1.13449096679688 3.52811574935913 -0.00671172142029 50004
8514977346650613 793 -0.620361328125 -4.41133832931519 0.00469446182251 60004
8515376644424213 793 0.38397216796875 7.762038230896 -0.00245475769043 70004
8515775942428911 793 0.136474609375 7.79550123214722 -0.00000095367432 80004
8516175240193413 793 0.2451171875 7.52927207946777 -0.00119256973267 90004
8512581560284012 794 0.44299644231796 -7.28280305862427 -0.00224608834833 4
8512980858004511 794 -0.70649719238281 -2.38363671302795 0.00552541017532 10004
8513380155613113 794 0 7.53247022628784 0 20004
8513779453509813 794 -0.256591796875 4.78534364700317 0.00053894519806 30004
8514178751207911 794 -1.36087036132813 2.90466547012329 0.00893115997314 40004
8514578048904811 794 1.41525268554688 3.16339254379272 -0.00894999504089 50004
8514977346650613 794 -0.559814453125 -4.82012128829956 0.00469207763672 60004
8515376644424213 794 0.38397216796875 7.762038230896 -0.00245475769043 70004
8515775942428911 794 0.223388671875 7.86823987960815 -0.00112581253052 80004
8516175240193413 794 0.25390625 7.19879722595215 -0.00119590759277 90004
8512581560284012 795 0.51142710447311 -6.94964265823364 -0.00224608369172 4
8512980858004511 795 -0.59187316894531 -2.78407120704651 0.00440126657486 10004
8513380155613113 795 0.1689453125 7.89488935470581 -0.00000071525574 20004
8513779453509813 795 -0.536376953125 4.39342164993286 0.00259459018707 30004
8514178751207911 795 -1.50003051757813 2.70231866836548 0.00892996788025 40004
8514578048904811 795 1.51535034179688 2.71386098861694 -0.00894236564636 50004
8514977346650613 795 -0.432861328125 -5.21337080001831 0.00356650352478 60004
8515376644424213 795 0.38397216796875 7.762038230896 -0.00245475769043 70004
8515775942428911 795 0.223388671875 7.86823987960815 -0.00112581253052 80004
8516175240193413 795 0.107421875 6.86234855651855 -0.00119876861572 90004
8512581560284012 796 0.60700452327728 -6.58363342285156 -0.00336912414059 4
8512980858004511 796 -0.50553894042969 -3.19118046760559 0.00327688455582 10004
8513380155613113 796 0.31591796875 8.07343006134033 -0.00112473964691 20004
8513779453509813 796 -0.69781494140625 3.94605922698975 0.00462162494659 30004
8514178751207911 796 -1.58450317382813 2.47443723678589 0.01093435287476 40004
8514578048904811 796 1.7515869140625 2.32793569564819 -0.0111837387085 50004
8514977346650613 796 -0.439208984375 -5.61918020248413 0.00356411933899 60004
8515376644424213 796 0.38397216796875 7.762038230896 -0.00245475769043 70004
8515775942428911 796 0.223388671875 7.86823987960815 -0.00112581253052 80004
8516175240193413 796 -0.135009765625 6.59588623046875 0.00081586837769 90004
8512581560284012 797 0.62707525491714 -6.20224237442017 -0.00336911855265 4
8512980858004511 797 -0.50185394287109 -3.60117650032043 0.00327485799789 10004
8513380155613113 797 0.38600158691406 8.13205432891846 -0.00225019454956 20004
8513779453509813 797 -0.87576293945313 3.50252628326416 0.00462114810944 30004
8514178751207911 797 -1.69778442382813 2.26307821273804 0.01093578338623 40004
8514578048904811 797 2.0970458984375 2.03978681564331 -0.01342535018921 50004
8514977346650613 797 -0.402587890625 -6.02120733261108 0.00356197357178 60004
8515376644424213 797 0.38397216796875 7.762038230896 -0.00245475769043 70004
8515775942428911 797 0.223388671875 7.86823987960815 -0.00112581253052 80004
8516175240193413 797 -0.3858642578125 6.32986831665039 0.00287818908691 90004
8512581560284012 798 0.60487061738968 -5.8186297416687 -0.0033691143617 4
8512980858004511 798 -0.52642059326172 -4.00955152511597 0.00327330827713 10004
8513380155613113 798 0.38624572753906 8.13205432891846 -0.00225210189819 20004
8513779453509813 798 -1.07217407226563 3.06810474395752 0.00667726993561 30004
8514178751207911 798 -1.83450317382813 2.06423616409302 0.01093816757202 40004
8514578048904811 798 2.47421264648438 1.78992569446564 -0.01566863059998 50004
8514977346650614 798 0.037109375 -7.91119194030762 -0.00000047683716 60004
8515376644424213 798 0.38397216796875 7.762038230896 -0.00245475769043 70004
8515775942428911 798 0.223388671875 7.86823987960815 -0.00112581253052 80004
8516175240193413 798 -0.5843505859375 6.06966590881348 0.00288009643555 90004
8512581560284012 799 0.70949333906174 -5.44168519973755 -0.00449215387926 4
8512980858004511 799 -0.41593170166016 -4.41115522384644 0.00327199697495 10004
8513380155613113 799 0.38648986816406 8.13205432891846 -0.00225400924683 20004
8513779453509813 799 -1.15762329101563 2.59409809112549 0.00667810440063 30004
8514178751207911 799 -1.90054321289063 1.8278431892395 0.01294088363647 40004
8514578048904811 799 2.75497436523438 1.4252005815506 -0.01679158210754 50004
8514977346650614 799 0.185546875 -7.55595970153809 -0.00112509727478 60004
8515376644424213 799 0.38397216796875 7.762038230896 -0.00245475769043 70004
8515775942428911 799 0.223388671875 7.86823987960815 -0.00112581253052 80004
8516175240193413 799 -0.6956787109375 5.89556312561035 0.00488471984863 90004
8512581560284012 800 0.64501351118088 -5.05586433410645 -0.00449214875698 4
8512980858004511 800 -0.48440551757813 -4.82198524475098 0.00327110290527 10004
8513380155613113 800 0.38673400878906 8.13205432891846 -0.00225579738617 20004
8513779453509813 800 -1.43545532226563 2.20058536529541 0.00873374938965 30004
8514178751207911 800 -1.99380493164063 1.60075616836548 0.01293587684631 40004
8514578048904811 800 2.80429077148438 1.20043480396271 -0.01791071891785 50004
8514977346650614 800 0.427734375 -7.31590843200684 -0.00224733352661 60004
8515376644424213 800 0.38397216796875 7.762038230896 -0.00245475769043 70004
8515775942428911 800 0.238037109375 7.70478773117065 -0.00112724304199 80004
8516175240193413 800 -0.7181396484375 5.72876167297363 0.00488901138306 90004
8512581560284012 801 0.46280461549759 -4.7176194190979 -0.00248342147097 4
8512980858004511 801 -0.41783142089844 -5.22566413879395 0.00326955318451 10004
8513380155613113 801 0.42213439941406 8.07149219512939 -0.00225913524628 20004
8513779453509813 801 -1.60800170898438 1.75598621368408 0.0107456445694 30004
8514178751207911 801 -2.15225219726563 1.41915225982666 0.01293087005615 40004
8514578048904811 801 2.74227905273438 0.80666369199753 -0.01790833473206 50004
8514977346650614 801 0.52783203125 -7.16835975646973 -0.00336694717407 60004
8515376644424213 801 0.38397216796875 7.762038230896 -0.00245475769043 70004
8515775942428911 801 0.3662109375 7.44878149032593 -0.00225210189819 80004
8516175240193413 801 -0.6607666015625 5.43141746520996 0.00489234924316 90004
8512581560284012 802 0.21838487684727 -4.41371011734009 -0.00248342053965 4
8512980858004511 802 -0.35704040527344 -5.63449287414551 0.00326806306839 10004
8513380155613113 802 0.45658874511719 7.90880584716797 -0.00226223468781 20004
8513779453509813 802 -1.74984741210938 1.29576778411865 0.0107444524765 30004
8514178751207911 802 -2.28897094726563 1.22238731384277 0.01494741439819 40004
8514578048904811 802 2.55282592773438 0.3984422981739 -0.01583623886108 50004
8514977346650614 802 0.55419921875 -7.1100025177002 -0.00336122512817 60004
8515376644424213 802 0.37030029296875 7.70957851409912 -0.00245332717896 70004
8515775942428911 802 0.45703125 7.21380376815796 -0.00225400924683 80004
8516175240193413 802 -0.6534423828125 5.08082008361816 0.00489568710327 90004
8512581560284012 803 -0.01258461549878 -4.10667848587036 -0.00046361621935 4
8512980858004511 803 -0.30326843261719 -6.04006671905518 0.0021436214447 10004
8513380155613113 803 0.4359130859375 7.6231517791748 -0.00226533412933 20004
8513779453509813 803 -1.94137573242188 0.86318492889404 0.01280117034912 30004
8514178751207911 803 -2.35598754882813 0.99077749252319 0.01494550704956 40004
8514578048904811 803 2.28366088867188 0.02784311026335 -0.01583480834961 50004
8514977346650614 803 0.53564453125 -7.06010055541992 -0.00335764884949 60004
8515376644424213 803 0.31854248046875 7.55381107330322 -0.00245141983032 70004
8515775942428911 803 0.45068359375 6.99488019943237 -0.00225496292114 80004
8516175240193413 803 -0.6890869140625 4.72043228149414 0.0048999786377 90004
8512581560284012 804 -0.134282335639 -3.73494529724121 0.00156274286564 4
8512980858004512 804 0 -8 0 10004
8513380155613113 804 0.28738403320313 7.2144136428833 -0.00226724147797 20004
8513779453509813 804 -2.26788330078125 0.50928020477295 0.01489126682281 30004
8514178751207911 804 -2.34426879882813 0.74559926986694 0.01494359970093 40004
8514578048904811 804 2.04623413085938 -0.35554495453835 -0.0137619972229 50004
8514977346650614 804 0.46142578125 -6.86049270629883 -0.00335502624512 60004
8515376644424213 804 0.19354248046875 7.24549961090088 -0.00040435791016 70004
8515775942428911 804 0.37841796875 6.66847944259644 -0.00225496292114 80004
8516175240193413 804 -0.6236572265625 4.35988998413086 0.00490522384644 90004
8512581560284012 805 -0.29231119155884 -3.37712860107422 0.00156274216715 4
8512980858004512 805 0.135498046875 -7.70942306518555 -0.00000071525574 10004
8513380155613113 805 0.21072387695313 6.78629779815674 -0.00226879119873 20004
8513779453509813 805 -2.37384033203125 0.1764554977417 0.01488995552063 30004
8514178751207911 805 -2.23001098632813 0.52827119827271 0.01493978500366 40004
8514578048904811 805 1.66085815429688 -0.60802161693573 -0.01161313056946 50004
8514977346650614 805 0.49658203125 -6.43619155883789 -0.00334930419922 60004
8515376644424213 805 0.20330810546875 6.79721164703369 -0.00040340423584 70004
8515775942428911 805 0.32763671875 6.33809614181519 -0.00225591659546 80004
8516175240193413 805 -0.7154541015625 4.00452041625977 0.0049090385437 90004
8512581560284012 806 -0.4104677438736 -3.00506448745728 0.00156274274923 4
8512980858004512 806 0.21228790283203 -7.38809108734131 -0.00112569332123 10004
8513380155613113 806 0.26333618164063 6.36102819442749 -0.00116002559662 20004
8513779453509813 806 -2.39959716796875 -0.26797464489937 0.01488876342773 30004
8514178751207911 806 -2.05471801757813 0.36237472295761 0.01380944252014 40004
8514578048904811 806 1.38253784179688 -0.96491777896881 -0.00959658622742 50004
8514977346650614 806 0.394775390625 -6.03069877624512 -0.00334572792053 60004
8515376644424213 806 0.07025146484375 6.37725353240967 -0.00040006637573 70004
8515775942428911 806 0.38525390625 6.01472234725952 -0.00225687026978 80004
8516175240193413 806 -0.9134521484375 3.70296859741211 0.0049090385437 90004
8512581560284012 807 -0.56939601898193 -2.65259575843811 0.00358642078936 4
8512980858004512 807 0.19678497314453 -7.05999851226807 -0.00112754106522 10004
8513380155613113 807 0.37913513183594 5.94225072860718 -0.00228464603424 20004
8513779453509813 807 -2.29656982421875 -0.72692686319351 0.0148868560791 30004
8514178751207911 807 -1.8995361328125 0.17933443188667 0.01267600059509 40004
8514578048904811 807 1.23373413085938 -1.38953363895416 -0.00756669044495 50004
8514977346650614 807 0.338623046875 -5.61893653869629 -0.00130462646484 60004
8515376644424213 807 -0.01519775390625 5.94785213470459 -0.00039768218994 70004
8515775942428911 807 0.42236328125 5.68731832504272 -0.00225830078125 80004
8516175240193413 807 -1.0760498046875 3.38347625732422 0.00692081451416 90004
8512581560284012 808 -0.81204181909561 -2.35473966598511 0.00563857331872 4
8512980858004512 808 0.14479064941406 -6.73366069793701 -0.00112873315811 10004
8513380155613113 808 0.51335144042969 5.52837133407593 -0.00228893756866 20004
8513779453509813 808 -2.05029296875 -1.1314218044281 0.01376092433929 30004
8514178751207911 808 -1.7659912109375 -0.02133599296212 0.01154828071594 40004
8514578048904811 808 1.13192749023438 -1.83060610294342 -0.00756072998047 50004
8514977346650614 808 0.328125 -5.20090484619141 -0.00130653381348 60004
8515376644424213 808 -0.05303955078125 5.50900745391846 -0.00039625167847 70004
8515775942428911 808 0.438720703125 5.35934782028198 -0.00226068496704 80004
8516175240193413 808 -1.2032470703125 3.04591274261475 0.00692367553711 90004
8512581560284012 809 -1.1436859369278 -2.14744591712952 0.007641131524 4
8512980858004512 809 0.20195007324219 -6.40206432342529 -0.00113064050674 10004
8513380155613113 809 0.64080810546875 5.1125693321228 -0.00341415405273 20004
8513779453509813 809 -1.68093872070313 -1.44058394432068 0.01151168346405 30004
8514178751207911 809 -1.5731201171875 -0.17203418910503 0.01042866706848 40004
8514578048904811 809 0.8887939453125 -2.22230768203735 -0.00546598434448 50004
8514977346650614 809 0.1806640625 -4.80168151855469 -0.00130844116211 60004
8515376644424213 809 -0.23370361328125 5.09849262237549 0.00164794921875 70004
8515775942428911 809 0.562744140625 5.04877805709839 -0.00338554382324 80004
8516175240193413 809 -1.436279296875 2.76177883148193 0.00897550582886 90004
8512581560284012 810 -1.35078525543213 -1.82846331596375 0.00764113478363 4
8512980858004512 810 0.1527099609375 -6.06926250457764 -0.00113159418106 10004
8513380155613113 810 0.62542724609375 4.67785406112671 -0.00341463088989 20004
8513779453509813 810 -1.37030029296875 -1.80852866172791 0.00926494598389 30004
8514178751207911 810 -1.4622802734375 -0.39049190282822 0.01043224334717 40004
8514578048904811 810 0.834228515625 -2.67983484268188 -0.00546550750732 50004
8514977346650614 810 0.2158203125 -4.37738037109375 -0.00131034851074 60004
8515376644424213 810 -0.22393798828125 4.6502046585083 0.00164842605591 70004
8515775942428911 810 0.805908203125 4.81959867477417 -0.00451040267944 80004
8516175240193413 810 -1.630615234375 2.44987010955811 0.01105499267578 90004
8512581560284012 811 -1.65128970146179 -1.59323859214783 0.00964244268835 4
8512980858004512 811 0.21246337890625 -5.74419116973877 -0.00113326311111 10004
8513380155613113 811 0.74880981445313 4.26885366439819 -0.00453948974609 20004
8513779453509813 811 -1.19818115234375 -2.24912524223328 0.00814294815063 30004
8514178751207911 811 -1.38760375976563 -0.62311488389969 0.00930690765381 40004
8514578048904811 811 0.638671875 -3.0879921913147 -0.00346374511719 50004
8514977346650614 811 0.114013671875 -3.97188806533813 -0.00131225585938 60004
8515376644424213 811 -0.30865478515625 4.213303565979 0.00165033340454 70004
8515775942428911 811 0.959716796875 4.52937650680542 -0.00563621520996 80004
8516175240193413 811 -1.84619140625 2.15271282196045 0.01106262207031 90004
8512581560284012 812 -1.97200322151184 -1.37022936344147 0.01171104609966 4
8512980858004512 812 0.31686401367188 -5.42441987991333 -0.00113475322723 10004
8513380155613113 812 0.95755004882813 3.88976812362671 -0.00566506385803 20004
8513779453509813 812 -1.07147216796875 -2.71376299858093 0.00702035427094 30004
8514178751207911 812 -1.27774047851563 -0.83612185716629 0.00930404663086 40004
8514578048904811 812 0.490234375 -3.51260614395142 -0.00346183776855 50004
8514977346650614 812 0.057861328125 -3.56012773513794 -0.00016236305237 60004
8515376644424213 812 -0.5111083984375 3.82502460479736 0.00365495681763 70004
8515775942428911 812 1.113037109375 4.23397779464722 -0.00676202774048 80004
8516175240193413 812 -2.05712890625 1.85222816467285 0.013108253479 90004
8512581560284012 813 -2.22683382034302 -1.14776825904846 0.01376777328551 4
8512980858004512 813 0.39328002929688 -5.10287952423096 -0.00225895643234 10004
8513380155613113 813 1.20606994628906 3.53251791000366 -0.00679016113281 20004
8513779453509813 813 -0.89788818359375 -3.15388083457947 0.0058981180191 30004
8514178751207911 813 -1.14419555664063 -1.0369598865509 0.00817918777466 40004
8514578048904811 813 0.4443359375 -3.97081899642944 -0.00345993041992 50004
8514977346650614 813 0.04736328125 -3.14209699630737 -0.00016379356384 60004
8515376644424213 813 -0.7572021484375 3.4591588973999 0.0056791305542 70004
8515775942428911 813 1.26171875 3.94105100631714 -0.00788593292236 80004
8516175240193413 813 -2.218994140625 1.52979612350464 0.01515483856201 90004
8512581560284012 814 -2.31674742698669 -0.97415214776993 0.0157911721617 4
8512980858004512 814 0.36129760742188 -4.76797199249268 -0.00225991010666 10004
8513380155613113 814 1.45613098144531 3.17674398422241 -0.00903713703156 20004
8513779453509813 814 -0.58541870117188 -3.5209653377533 0.00477230548859 30004
8514178751207911 814 -1.08169555664063 -1.27430462837219 0.00705289840698 40004
8514578048904811 814 0.42333984375 -4.43109226226807 -0.00345826148987 50004
8514977346650614 814 -0.10009765625 -2.74287748336792 -0.00016522407532 60004
8515376644424213 814 -0.8743896484375 3.0260534286499 0.00568675994873 70004
8515775942428911 814 1.30859375 3.61002683639526 -0.007887840271 80004
8516175240193413 814 -2.268798828125 1.16625547409058 0.01516246795654 90004
8512581560284012 815 -2.31938338279724 -0.9108424782753 0.0157911721617 4
8512980858004512 815 0.47384643554688 -4.45089054107666 -0.00226217508316 10004
8513380155613113 815 1.81484985351563 2.93102788925171 -0.01128566265106 20004
8513779453509813 815 -0.487060546875 -3.87872672080994 0.00364673137665 30004
8514178751207911 815 -1.12515258789063 -1.51584935188293 0.00705170631409 40004
8514578048904811 815 0.25 -4.85799503326416 -0.00143432617188 50004
8514977346650614 815 -0.348388671875 -2.39729642868042 0.00188183784485 60004
8515376644424213 815 -0.7982177734375 2.58445262908936 0.00570249557495 70004
8515775942428911 815 1.47552490234375 3.319983959198 -0.0090184211731 80004
8516175240193413 815 -2.161376953125 0.81602430343628 0.01405668258667 90004
8512581560284012 816 -2.29414105415344 -0.7025300860405 0.01579116284847 4
8512980858004512 816 0.56828308105469 -4.12813282012939 -0.00338643789291 10004
8513380155613113 816 2.07066345214844 2.58880949020386 -0.01241099834442 20004
8513779453509813 816 -0.52294921875 -4.32427310943604 0.00364649295807 30004
8514178751207911 816 -1.09683227539063 -1.7561309337616 0.00705027580261 40004
8514578048904811 816 0.2242431640625 -5.30983448028564 -0.00143146514893 50004
8514977346650614 816 -0.6885986328125 -2.15480375289917 0.00388360023499 60004
8515376644424213 816 -0.76824951171875 2.1379451751709 0.00571203231812 70004
8515775942428911 816 1.625244140625 3.02056264877319 -0.01015663146973 80004
8516175240193413 816 -1.95068359375 0.5249969959259 0.01295137405396 90004
8512581560284012 817 -2.1712954044342 -0.40953201055527 0.01466809213161 4
8512980858004512 817 0.72103881835938 -3.83735966682434 -0.00450938940048 10004
8513380155613113 817 2.20220947265625 2.18516492843628 -0.01353323459625 20004
8513779453509813 817 -0.528076171875 -4.68942356109619 0.00364542007446 30004
8514178751207911 817 -0.99649047851563 -1.97374796867371 0.0070469379425 40004
8514578048904811 817 0.1492919921875 -5.75336170196533 -0.00142955780029 50004
8514977346650614 817 -0.9986572265625 -1.87794899940491 0.00597405433655 60004
8515376644424213 817 -0.84930419921875 1.70757341384888 0.00571966171265 70004
8515775942428911 817 1.82537841796875 2.76224660873413 -0.01129484176636 80004
8516175240193413 817 -1.7744140625 0.2142348587513 0.01184606552124 90004
8512581560284012 818 -1.99989259243011 -0.06560382246971 0.01354503631592 4
8512980858004512 818 0.91720581054688 -3.56745076179504 -0.00563317537308 10004
8513380155613113 818 2.28895568847656 1.76689028739929 -0.01465570926666 20004
8513779453509813 818 -0.4801025390625 -5.00135707855225 0.00364398956299 30004
8514178751207911 818 -0.87210083007813 -2.18024325370789 0.00592112541199 40004
8514578048904811 818 0.02487182617188 -6.18857669830322 0.0006115436554 50004
8514977346650614 818 -1.2703857421875 -1.55478262901306 0.00797486305237 60004
8515376644424213 818 -1.05853271484375 1.32944250106812 0.00572729110718 70004
8515775942428911 818 2.04632568359375 2.54155874252319 -0.01243305206299 80004
8516175240193413 818 -1.632568359375 -0.11626190692186 0.01074075698853 90004
8512581560284012 819 -1.94771754741669 0.32209274172783 0.01354503259063 4
8512980858004512 819 1.05056762695313 -3.25856614112854 -0.0067577958107 10004
8513380155613113 819 2.51039123535156 1.39250445365906 -0.0157812833786 20004
8513779453509813 819 -0.4991455078125 -5.48261165618896 0.00364327430725 30004
8514178751207911 819 -0.81985473632813 -2.42010378837585 0.00591921806335 40004
8514578048904812 819 0 -8 0 50004
8514977346650614 819 -1.60968017578125 -1.29885458946228 0.01007890701294 60004
8515376644424213 819 -1.36517333984375 1.05472326278687 0.00776815414429 70004
8515775942428911 819 2.15960693359375 2.30106115341187 -0.0135703086853 80004
8516175240193413 819 -1.38653564453125 -0.38755545020103 0.00962972640991 90004
8512581560284012 820 -1.73657119274139 0.65143132209778 0.0112989358604 4
8512980858004512 820 1.04080200195313 -2.92226243019104 -0.00675749778748 10004
8513380155613113 820 2.55287170410156 0.95959937572479 -0.01578366756439 20004
8513779453509813 820 -0.31301879882813 -5.92682552337646 0.00251913070679 30004
8514178751207911 820 -0.87405395507813 -2.65950274467468 0.00591731071472 40004
8514578048904812 820 0.11669921875 -7.74935913085938 0.00000476837158 50004
8514977346650614 820 -1.8858642578125 -0.97532427310944 0.01208758354187 60004
8515376644424213 820 -1.64373779296875 0.7027735710144 0.00984716415405 70004
8515775942428911 820 2.29656982421875 2.06321477890015 -0.01470375061035 80004
8516175240193413 820 -1.2216796875 -0.71452170610428 0.00851345062256 90004
8512581560284012 821 -1.64464902877808 1.02454483509064 0.01129891350865 4
8512980858004512 821 1.13824462890625 -2.60650372505188 -0.00675719976425 10004
8513380155613113 821 2.46296691894531 0.56557929515839 -0.01578521728516 20004
8513779453509813 821 -0.06375122070313 -6.33672428131104 0.00139510631561 30004
8514178751207911 821 -0.84841918945313 -2.89924788475037 0.00591540336609 40004
8514578048904812 821 0.1458740234375 -7.41041564941406 0.00000953674316 50004
8514977346650614 821 -2.2457275390625 -0.7622321844101 0.01415824890137 60004
8515376644424213 821 -2.01434326171875 0.46361979842186 0.01186943054199 70004
8515775942428911 821 2.48944091796875 1.8108057975769 -0.01582908630371 80004
8516175240193413 821 -1.17095947265625 -1.07123327255249 0.0085186958313 90004
8512581560284012 822 -1.51298570632935 1.38306522369385 0.01017584837973 4
8512980858004512 822 1.20004272460938 -2.28391194343567 -0.00675719976425 10004
8513380155613113 822 2.38337707519531 0.15794378519058 -0.01578629016876 20004
8513779453509814 822 0.064453125 -7.86187744140625 -0.00000071525574 30004
8514178751207911 822 -0.83621215820313 -3.14111113548279 0.00591397285461 40004
8514578048904812 822 0.2237548828125 -7.05929565429688 -0.00110721588135 50004
8514977346650614 822 -2.5089111328125 -0.59320962429047 0.01618671417236 60004
8515376644424213 822 -2.35369873046875 0.18686756491661 0.01598882675171 70004
8515775942428911 822 2.63201904296875 1.53790807723999 -0.01583099365234 80004
8516175240193413 822 -1.0823974609375 -1.41802930831909 0.00739908218384 90004
8512581560284012 823 -1.27885925769806 1.69191586971283 0.00905280373991 4
8512980858004512 823 1.2060546875 -1.94862484931946 -0.0067572593689 10004
8513380155613113 823 2.31288146972656 -0.26344215869904 -0.01578712463379 20004
8513779453509814 823 0.1649169921875 -7.56162261962891 -0.00000238418579 30004
8514178751207911 823 -0.83767700195313 -3.3822066783905 0.00591254234314 40004
8514578048904812 823 0.340576171875 -6.71680450439453 -0.00110721588135 50004
8514977346650614 823 -2.6373291015625 -0.3838584125042 0.01618766784668 60004
8515376644424213 823 -2.62567138671875 -0.11415422707796 0.01598930358887 70004
8515775942428911 823 2.67181396484375 1.23927927017212 -0.01695394515991 80004
8516175240193413 823 -0.9505615234375 -1.7545018196106 0.00628232955933 90004
8512581560284012 824 -0.97578525543213 1.93930661678314 0.00680669210851 4
8512980858004512 824 1.2591552734375 -1.61638712882996 -0.00788128376007 10004
8513380155613113 824 2.10635375976563 -0.64635229110718 -0.01378655433655 20004
8513779453509814 824 0.1800537109375 -7.18933868408203 -0.00112617015839 30004
8514178751207911 824 -0.76004028320313 -3.61499094963074 0.00590872764587 40004
8514578048904812 824 0.340576171875 -6.34842681884766 -0.00110721588135 50004
8514977346650614 824 -2.7349853515625 -0.03175150603056 0.01820349693298 60004
8515376644424213 824 -2.87860107421875 -0.26239240169525 0.01805591583252 70004
8515775942428911 824 2.61126708984375 0.91036081314087 -0.01695489883423 80004
8516175240193413 824 -0.9154052734375 -2.11949586868286 0.00628805160522 90004
8512581560284012 825 -0.80566501617432 2.29158997535706 0.00568363582715 4
8512980858004512 825 1.44767761230469 -1.33771753311157 -0.00900477170944 10004
8513380155613113 825 1.80760192871094 -0.96233224868774 -0.01178133487701 20004
8513779453509814 825 0.2078857421875 -6.81779479980469 -0.00112235546112 30004
8514178751207911 825 -0.76052856445313 -3.86044001579285 0.00590586662292 40004
8514578048904812 825 0.420166015625 -5.98878479003906 -0.00222754478455 50004
8514977346650614 825 -2.6656494140625 0.38549879193306 0.01820492744446 60004
8515376644424213 825 -3.26043701171875 -0.2981618642807 0.02009630203247 70004
8515775942428911 825 2.41693115234375 0.63754796981812 -0.01493644714355 80004
8516175240193413 825 -0.7298583984375 -2.43475008010864 0.00516986846924 90004
8512581560284012 826 -0.75916057825089 2.67302656173706 0.00568363303319 4
8512980858004512 826 1.68437957763672 -1.10154390335083 -0.01012754440308 10004
8513380155613113 826 1.6300048828125 -1.35083544254303 -0.00977647304535 20004
8513779453509814 826 0.34814453125 -6.47929000854492 -0.00111949443817 30004
8514178751207911 826 -0.68243408203125 -4.08879566192627 0.00477719306946 40004
8514578048904812 826 0.5693359375 -5.65468597412109 -0.00335001945496 50004
8514977346650614 826 -2.5589599609375 0.61976116895676 0.01708459854126 60004
8515376644424213 826 -3.46954345703125 -0.26685035228729 0.02225255966187 70004
8515775942428911 826 2.15045166015625 0.44515544176102 -0.0149393081665 80004
8516175240193413 826 -0.6571044921875 -2.78730916976929 0.00517463684082 90004
8512581560284012 827 -0.67145138978958 3.04474449157715 0.00456058280542 4
8512980858004512 827 1.97225189208984 -0.94336009025574 -0.01237493753433 10004
8513380155613113 827 1.5738525390625 -1.77434027194977 -0.00977909564972 20004
8513779453509814 827 0.4482421875 -6.12959289550781 -0.00224006175995 30004
8514178751207911 827 -0.61016845703125 -4.32129001617432 0.00476789474487 40004
8514578048904812 827 0.664794921875 -5.30794143676758 -0.00334858894348 50004
8514977346650614 827 -2.3343505859375 0.80386799573898 0.01596403121948 60004
8515376644424213 827 -3.54571533203125 -0.24001447856426 0.02225923538208 70004
8515775942428911 827 1.90875244140625 0.22595623135567 -0.01291513442993 80004
8516175240193413 827 -0.6346435546875 -3.15313291549683 0.0051794052124 90004
8512581560284012 828 -0.54269051551819 3.39550828933716 0.00456057861447 4
8512980858004512 828 2.27770233154297 -0.81709861755371 -0.01462209224701 10004
8513380155613113 828 1.55230712890625 -2.20107126235962 -0.00978195667267 20004
8513779453509814 828 0.4791259765625 -5.75858497619629 -0.00223827362061 30004
8514178751207911 828 -0.54794311523438 -4.55028629302979 0.00363612174988 40004
8514578048904812 828 0.64404296875 -4.94668960571289 -0.00334572792053 50004
8514977346650614 828 -1.9967041015625 1.00694048404694 0.01371955871582 60004
8515376644424213 828 -3.54669189453125 -0.24001447856426 0.02226543426514 70004
8515775942428911 828 1.69122314453125 -0.02004964649677 -0.01088857650757 80004
8516175240193413 828 -0.6002197265625 -3.51567983627319 0.00406122207642 90004
8512581560284012 829 -0.53800070285797 3.74172258377075 0.00456057768315 4
8512980858004512 829 2.53055572509766 -0.5950813293457 -0.01574581861496 10004
8513380155613113 829 1.39141845703125 -2.60513401031494 -0.00978302955627 20004
8513779453509814 829 0.5352783203125 -5.39026069641113 -0.00335931777954 30004
8514178751207911 829 -0.41952514648438 -4.73927402496338 0.00362753868103 40004
8514578048904812 829 0.50537109375 -4.60539627075195 -0.00334429740906 50004
8514977346650614 829 -1.63555908203125 1.23438799381256 0.01147103309631 60004
8515376644424213 829 -3.54766845703125 -0.24001447856426 0.02227163314819 70004
8515775942428911 829 1.40155029296875 -0.18563541769981 -0.00878572463989 80004
8516175240193413 829 -0.4927978515625 -3.86590719223022 0.004065990448 90004
8512581560284012 830 -0.36788150668144 4.09400510787964 0.00343752559274 4
8512980858004512 830 2.76663970947266 -0.35530596971512 -0.01687002182007 10004
8513380155613113 830 1.09683227539063 -2.92506885528564 -0.00778293609619 20004
8513779453509814 830 0.5333251953125 -5.01767158508301 -0.00335800647736 30004
8514178751207911 830 -0.38031005859375 -4.98160648345947 0.00249433517456 40004
8514578048904812 830 0.2353515625 -4.35467147827148 -0.00133371353149 50004
8514977346650614 830 -1.4031982421875 1.59261286258698 0.00921535491943 60004
8515376644424213 830 -3.54180908203125 -0.16153900325298 0.02227783203125 70004
8515775942428911 830 1.20880126953125 -0.45844778418541 -0.00879287719727 80004
8516175240193413 830 -0.5191650390625 -4.23183584213257 0.00406885147095 90004
8512581560284012 831 -0.3213759958744 4.47544145584106 0.00231447606348 4
8512980858004512 831 2.93508911132813 -0.06794780492783 -0.01799404621124 10004
8513380155613113 831 0.92434692382813 -3.31593704223633 -0.00576591491699 20004
8513779453509814 831 0.4423828125 -4.66009140014648 -0.00335645675659 30004
8514178751207911 831 -0.26800537109375 -5.19453907012939 0.00249028205872 40004
8514578048904812 831 0.0638427734375 -4.03602027893066 -0.00133275985718 50004
8514977346650614 831 -1.3011474609375 1.99857532978058 0.00921249389648 60004
8515376644424213 831 -3.42974853515625 0.05552789568901 0.02228832244873 70004
8515775942428911 831 1.11578369140625 -0.77333974838257 -0.00676727294922 80004
8516175240193413 831 -0.4290771484375 -4.58025503158569 0.00294971466064 90004
8512581560284012 832 -0.287967056036 4.864182472229 0.00231447443366 4
8512980858004512 832 3.01004028320313 0.25187501311302 -0.01911783218384 10004
8513380155613113 832 0.83157348632813 -3.73901176452637 -0.00576567649841 20004
8513779453509814 832 0.402099609375 -4.2985725402832 -0.00335383415222 30004
8514178751207911 832 -0.18060302734375 -5.41727161407471 0.00136518478394 40004
8514578048904812 832 -0.10867309570313 -3.71257400512695 0.00070333480835 50004
8514977346650614 832 -1.17010498046875 2.36776161193848 0.00808835029602 60004
8515376644424213 832 -3.17388916015625 0.31686824560165 0.02103185653687 70004
8515775942428911 832 1.05914306640625 -1.10281920433044 -0.00676870346069 80004
8516175240193413 832 -0.3411865234375 -4.93333196640015 0.00295543670654 90004
8512581560284012 833 -0.21857662498951 5.24892330169678 0.00231447024271 4
8512980858004512 833 2.97842407226563 0.58083248138428 -0.01911842823029 10004
8513380155613113 833 0.73355102539063 -4.15482473373413 -0.00576531887054 20004
8513779453509814 833 0.4251708984375 -3.92784023284912 -0.00335097312927 30004
8514178751207911 833 -0.13262939453125 -5.65714931488037 0.00136303901672 40004
8514578048904812 833 -0.32644653320313 -3.41624927520752 0.00274062156677 50004
8514977346650614 833 -1.00360107421875 2.71060371398926 0.00696158409119 60004
8515376644424213 833 -2.84423828125 0.60885065793991 0.01878833770752 70004
8515775942428911 833 0.98052978515625 -1.42467617988586 -0.00677108764648 80004
8516175240193413 833 -0.2569580078125 -5.2832236289978 0.00183820724487 90004
8512581560284012 834 -0.12556673586369 5.62890815734863 0.00119142094627 4
8512980858004512 834 2.83991241455078 0.88739204406738 -0.01911920309067 10004
8513380155613113 834 0.50225830078125 -4.52330303192139 -0.00368976593018 20004
8513779453509814 834 0.3973388671875 -3.55629253387451 -0.00334966182709 30004
8514178751207911 834 -0.05499267578125 -5.88966274261475 0.00136017799377 40004
8514578048904812 834 -0.57937622070313 -3.14774799346924 0.00274443626404 50004
8514977346650614 834 -0.94696044921875 3.13247871398926 0.00695872306824 60004
8515376644424213 834 -2.62255859375 0.99853056669235 0.01766538619995 70004
8515775942428911 834 0.82720947265625 -1.72198414802551 -0.00475549697876 80004
8516175240193413 834 -0.06011962890625 -5.59207677841187 0.00071716308594 90004
8512581560284012 835 -0.20185409486294 6.01257133483887 0.00119142001495 4
8512980858004512 835 2.61485290527344 1.13735938072205 -0.01707649230957 10004
8513380155613113 835 0.44854736328125 -4.95492839813232 -0.00369143486023 20004
8513779453509814 835 0.4271240234375 -3.18489360809326 -0.00334632396698 30004
8514178751207911 835 -0.01242065429688 -6.13133144378662 0.00023579597473 40004
8514578048904812 835 -0.75979614257813 -2.82684803009033 0.00474905967712 50004
8514977346650614 835 -0.74090576171875 3.50510215759277 0.00583291053772 60004
8515376644424213 835 -2.27978515625 1.28740036487579 0.01541948318481 70004
8515775942428911 835 0.74810791015625 -2.04687428474426 -0.00475692749023 80004
8516175240193413 835 0.00335693359375 -5.95332860946655 0.00070953369141 90004
8512581560284013 836 0.05717772245407 7.65508842468262 0.00000000023283 4
8512980858004512 836 2.48089599609375 1.43991053104401 -0.01507675647736 10004
8513380155613113 836 0.26176452636719 -5.33919525146484 -0.00167405605316 20004
8513779453509814 836 0.5726318359375 -2.84904003143311 -0.00334322452545 30004
8514178751207911 836 0.10415649414063 -6.34242153167725 0.0002338886261 40004
8514578048904812 836 -0.95547485351563 -2.51498317718506 0.00677299499512 50004
8514977346650614 836 -0.61541748046875 3.90886783599854 0.0047070980072 60004
8515376644424213 836 -1.9261474609375 1.56260168552399 0.01317310333252 70004
8515775942428911 836 0.68365478515625 -2.37485146522522 -0.00475788116455 80004
8516175240193413 836 0.17230224609375 -6.27221441268921 -0.00042200088501 90004
8512581560284013 837 0.09529334306717 7.7368278503418 0.00000000046566 4
8512980858004512 837 2.31461334228516 1.72315526008606 -0.01507675647736 10004
8513380155613113 837 0.11924743652344 -5.73922204971313 -0.00167393684387 20004
8513779453509814 837 0.73745727539063 -2.51542377471924 -0.00446557998657 30004
8514178751207912 837 0.015625 -7.96649551391602 -0.00000095367432 40004
8514578048904812 837 -1.12515258789063 -2.25702381134033 0.00677371025085 50004
8514977346650614 837 -0.58709716796875 4.32776737213135 0.00470376014709 60004
8515376644424213 837 -1.52935791015625 1.74502241611481 0.01093244552612 70004
8515775942428911 837 0.55816650390625 -2.67653107643127 -0.00272941589355 80004
8516175240193414 837 0.06591796875 -7.85894012451172 -0.00000286102295 90004
8512581560284013 838 0.09529334306717 7.7368278503418 0.00000000046566 4
8512980858004512 838 2.11693572998047 1.98794078826904 -0.01304244995117 10004
8513380155613113 838 0.11231994628906 -6.16643190383911 0.00032460689545 20004
8513779453509814 838 0.9117431640625 -2.19094944000244 -0.00559270381927 30004
8514178751207912 838 0.0477294921875 -7.90899848937988 -0.00000190734863 40004
8514578048904812 838 -1.27615356445313 -2.02249431610107 0.00880336761475 50004
8514977346650614 838 -0.58538818359375 4.74031925201416 0.00470232963562 60004
8515376644424213 838 -1.09197998046875 1.7906938791275 0.00756692886353 70004
8515775942428911 838 0.40020751953125 -2.96464276313782 -0.00273084640503 80004
8516175240193414 838 0.19287109375 -7.56473731994629 -0.00113344192505 90004
8512581560284013 839 0.09529334306717 7.7368278503418 0.00000000046566 4
8512980858004512 839 2.01349639892578 2.30805039405823 -0.01304346323013 10004
8513380155613114 839 0 -8 0 20004
8513779453509814 839 1.17068481445313 -1.92273426055908 -0.00671935081482 30004
8514178751207912 839 0.0823974609375 -7.88003730773926 -0.00000333786011 40004
8514578048904812 839 -1.46414184570313 -1.70557308197021 0.0088038444519 50004
8514977346650614 839 -0.45257568359375 5.11956882476807 0.00357699394226 60004
8515376644424213 839 -0.65643310546875 1.69079077243805 0.00533580780029 70004
8515775942428911 839 0.34259033203125 -3.29403042793274 -0.0027322769165 80004
8516175240193414 839 0.30517578125 -7.23428535461426 -0.00114297866821 90004
8512581560284013 840 0.09529334306717 7.7368278503418 0.00000000046566 4
8512980858004512 840 1.78446197509766 2.55439972877502 -0.01101136207581 10004
8513380155613114 840 0.111083984375 -7.76187133789063 -0.00000071525574 20004
8513779453509814 840 1.512451171875 -1.77442836761475 -0.00896620750427 30004
8514178751207912 840 0.0823974609375 -7.88003730773926 -0.00000333786011 40004
8514578048904812 840 -1.76870727539063 -1.49770832061768 0.01086473464966 50004
8514977346650614 840 -0.2025146484375 5.46444797515869 0.00132822990417 60004
8515376644424213 840 -0.28240966796875 1.44603788852692 0.00198268890381 70004
8515775942428911 840 0.42950439453125 -3.61673092842102 -0.00273418426514 80004
8516175240193414 840 0.26708984375 -6.8873233795166 -0.00114679336548 90004
8512581560284013 841 0.09529334306717 7.7368278503418 0.00000000046566 4
8512980858004512 841 1.64955902099609 2.8560631275177 -0.01101243495941 10004
8513380155613114 841 0.13885498046875 -7.44398307800293 -0.00000286102295 20004
8513779453509814 841 1.783203125 -1.5282039642334 -0.01121246814728 30004
8514178751207912 841 0.0823974609375 -7.88003730773926 -0.00000333786011 40004
8514578048904812 841 -1.98623657226563 -1.2080512046814 0.01290249824524 50004
8514977346650614 841 -0.079833984375 5.86420154571533 0.00132489204407 60004
8515376644424213 841 -0.0113525390625 1.09939682483673 0.00086879730225 70004
8515775942428911 841 0.40802001953125 -3.94444680213928 -0.00273513793945 80004
8516175240193414 841 0.267822265625 -6.53903388977051 -0.00115013122559 90004
8512581560284013 842 0.09529334306717 7.7368278503418 0.00000000046566 4
8512980858004512 842 1.48326110839844 3.13928723335266 -0.0089790225029 10004
8513380155613114 842 0.09869384765625 -7.1042423248291 -0.00000405311584 20004
8513779453509814 842 1.978515625 -1.21683311462402 -0.01233553886414 30004
8514178751207912 842 0.0823974609375 -7.88003730773926 -0.00000333786011 40004
8514578048904812 842 -2.09878540039063 -0.86629629135132 0.0129063129425 50004
8514977346650615 842 0.03759765625 7.61323881149292 -0.00000190734863 60004
8515376644424213 842 0.1341552734375 0.6865268945694 -0.00025320053101 70004
8515775942428911 842 0.42266845703125 -4.27048969268799 -0.00273752212524 80004
8516175240193414 842 0.354736328125 -6.20961952209473 -0.00228023529053 90004
8512581560284013 843 0.09529334306717 7.7368278503418 0.00000000046566 4
8512980858004512 843 1.28557586669922 3.40407586097717 -0.00897896289825 10004
8513380155613114 843 0.0556640625 -6.76860809326172 -0.00000441074371 20004
8513779453509814 843 2.15524291992188 -0.89616441726685 -0.01345932483673 30004
8514178751207912 843 0.0823974609375 -7.88003730773926 -0.00000333786011 40004
8514578048904812 843 -2.09597778320313 -0.50446367263794 0.01291131973267 50004
8514977346650615 843 0.1123046875 7.75378561019897 -0.00000381469727 60004
8515376644424213 843 0.1395263671875 0.24611067771912 -0.00025129318237 70004
8515775942428911 843 0.48077392578125 -4.55368900299072 -0.00273847579956 80004
8516175240193414 843 0.478271484375 -5.88986396789551 -0.00228595733643 90004
8512581560284013 844 0.09529334306717 7.7368278503418 0.00000000046566 4
8512980858004512 844 1.18207550048828 3.72417306900024 -0.00696235895157 10004
8513380155613114 844 0.12451171875 -6.43109130859375 -0.00000536441803 20004
8513779453509814 844 2.43133544921875 -0.64512300491333 -0.01458466053009 30004
8514178751207912 844 0.0823974609375 -7.88003730773926 -0.00000333786011 40004
8514578048904812 844 -1.97488403320313 -0.15689897537231 0.01291918754578 50004
8514977346650615 844 0.185546875 7.83136129379272 -0.00112962722778 60004
8515376644424213 844 -0.0001220703125 -0.18014588952065 -0.00025033950806 70004
8515775942428911 844 0.45245361328125 -4.71838474273682 -0.00273990631104 80004
8516175240193414 844 0.4913330078125 -5.5411319732666 -0.00228595733643 90004
8512581560284013 845 0.02319140359759 7.53872919082642 0.00000000059663 4
8512980858004512 845 0.95372772216797 3.97112512588501 -0.00696313381195 10004
8513380155613114 845 0.248046875 -6.10956573486328 -0.0011293888092 20004
8513779453509814 845 2.57492065429688 -0.30124521255493 -0.01570975780487 30004
8514178751207912 845 0.0823974609375 -7.88003730773926 -0.00000333786011 40004
8514578048904812 845 -2.01150512695313 0.20969009399414 0.01292300224304 50004
8514977346650615 845 0.22265625 7.84713888168335 -0.00113201141357 60004
8515376644424213 845 0.0535888671875 -0.62528192996979 -0.00024557113647 70004
8515775942428911 845 0.53936767578125 -5.0410852432251 -0.00274181365967 80004
8516175240193414 845 0.5274658203125 -5.19414710998535 -0.00228214263916 90004
8512581560284013 846 0.03273014724255 7.174156665802 0.00000000069849 4
8512980858004512 846 0.81969451904297 4.27315330505371 -0.0049250125885 10004
8513380155613114 846 0.260986328125 -5.77144622802734 -0.00112974643707 20004
8513779453509814 846 2.59945678710938 0.06393244862556 -0.01571261882782 30004
8514178751207912 846 0.0823974609375 -7.88003730773926 -0.00000333786011 40004
8514578048904812 846 -1.97561645507813 0.43167412281036 0.01292967796326 50004
8514977346650615 846 0.23193359375 7.85108327865601 -0.00113248825073 60004
8515376644424213 846 0.2281494140625 -1.03166532516479 -0.00136566162109 70004
8515775942428911 846 0.52960205078125 -5.30199909210205 -0.00274324417114 80004
8516175240193414 846 0.5504150390625 -4.8460636138916 -0.00340223312378 90004
8512581560284013 847 -0.02099789306521 6.76602029800415 0.0000000007276 4
8512980858004512 847 0.69457244873047 4.5844669342041 -0.00492572784424 10004
8513380155613114 847 0.310791015625 -5.43885803222656 -0.00113034248352 20004
8513779453509814 847 2.50619506835938 0.41553038358688 -0.01571428775787 30004
8514178751207912 847 0.0823974609375 -7.88003730773926 -0.00000333786011 40004
8514578048904812 847 -1.83303833007813 0.66397392749786 0.01181387901306 50004
8514977346650615 847 0.23193359375 7.85108327865601 -0.00113248825073 60004
8515376644424213 847 0.3453369140625 -1.38269472122192 -0.00136470794678 70004
8515775942428911 847 0.55206298828125 -5.58350849151611 -0.00274467468262 80004
8516175240193414 847 0.4947509765625 -4.50972938537598 -0.00339937210083 90004
8512581560284013 848 -0.13331586122513 6.36354875564575 0.00000000058208 4
8512980858004512 848 0.5823974609375 4.89525032043457 -0.00287753343582 10004
8513380155613114 848 0.39772033691406 -5.11180114746094 -0.00225591659546 20004
8513779453509814 848 2.31661987304688 0.7341336607933 -0.01571524143219 30004
8514178751207912 848 0.0823974609375 -7.88003730773926 -0.00000333786011 40004
8514578048904812 848 -1.64395141601563 0.97186934947968 0.01069855690002 50004
8514977346650615 848 0.23193359375 7.85108327865601 -0.00113248825073 60004
8515376644424213 848 0.3192138671875 -1.71855401992798 -0.00136375427246 70004
8515775942428911 848 0.61846923828125 -5.909104347229 -0.00386953353882 80004
8516175240193414 848 0.40289306640625 -4.17945289611816 -0.00340270996094 90004
8512581560284013 849 -0.14998750388622 5.942223072052 0.00000000005821 4
8512980858004512 849 0.5762939453125 5.23164558410645 -0.00287771224976 10004
8513380155613114 849 0.37403869628906 -4.76815032958984 -0.00225782394409 20004
8513779453509814 849 2.0728759765625 1.01579177379608 -0.0136833190918 30004
8514178751207912 849 0.0823974609375 -7.88003730773926 -0.00000333786011 40004
8514578048904812 849 -1.56289672851563 1.33099842071533 0.01070594787598 50004
8514977346650615 849 0.23193359375 7.85108327865601 -0.00113248825073 60004
8515376644424213 849 0.1561279296875 -2.1362099647522 -0.00136137008667 70004
8515775942428911 849 0.62335205078125 -6.24338626861572 -0.00387048721313 80004
8516175240193414 849 0.42242431640625 -3.83100128173828 -0.00340843200684 90004
8512581560284013 850 -0.33626645803452 5.56397867202759 0.0020584478043 4
8512980858004512 850 0.42864990234375 5.5339298248291 -0.00287783145905 10004
8513380155613114 850 0.47340393066406 -4.43814849853516 -0.00226187705994 20004
8513779453509814 850 1.86831665039063 1.32717788219452 -0.01166665554047 30004
8514178751207912 850 0.0823974609375 -7.88003730773926 -0.00000333786011 40004
8514578048904812 850 -1.337158203125 1.62181568145752 0.00958609580994 50004
8514977346650615 850 0.23193359375 7.85108327865601 -0.00113248825073 60004
8515376644424213 850 0.1844482421875 -2.5836968421936 -0.00135660171509 70004
8515775942428911 850 0.72979736328125 -6.46267032623291 -0.00387144088745 80004
8516175240193414 850 0.58612060546875 -3.52361297607422 -0.00340843200684 90004
8512581560284013 851 -0.38957625627518 5.15325117111206 0.0020584478043 4
8512980858004512 851 0.33725738525391 5.85585784912109 -0.00287747383118 10004
8513380155613114 851 0.57449340820313 -4.1087646484375 -0.00338876247406 20004
8513779453509814 851 1.69009399414063 1.6539820432663 -0.01166641712189 30004
8514178751207912 851 0.0823974609375 -7.88003730773926 -0.00000333786011 40004
8514578048904812 851 -1.2191162109375 1.96386671066284 0.00846314430237 50004
8514977346650615 851 0.193115234375 7.66959142684937 -0.00113344192505 60004
8515376644424213 851 0.2786865234375 -3.02030611038208 -0.00135469436646 70004
8515775942428912 851 0.0205078125 -7.95631790161133 -0.00000095367432 80004
8516175240193414 851 0.6405029296875 -3.18542575836182 -0.00340509414673 90004
8512581560284013 852 -0.41090378165245 4.73231840133667 0.0020584478043 4
8512980858004513 852 0.0762939453125 7.69605684280396 -0.00000023841858 10004
8513380155613114 852 0.60134887695313 -3.77355575561523 -0.00338912010193 20004
8513779453509814 852 1.59878540039063 2.00613570213318 -0.009601354599 30004
8514178751207912 852 0.0823974609375 -7.88003730773926 -0.00000333786011 40004
8514578048904812 852 -1.0916748046875 2.30604672431946 0.00734066963196 50004
8514977346650615 852 0.200439453125 7.3033766746521 -0.00113534927368 60004
8515376644424213 852 0.2982177734375 -3.45763826370239 -0.00135231018066 70004
8515775942428912 852 0.0419921875 -7.83159637451172 -0.00000238418579 80004
8516175240193414 852 0.73114013671875 -2.85750484466553 -0.00452327728271 90004
8512581560284013 853 -0.48818171024323 4.32543420791626 0.00205844826996 4
8512980858004513 853 0.21663665771484 7.9784255027771 -0.00112438201904 10004
8513380155613114 853 0.58157348632813 -3.43297958374023 -0.00338959693909 20004
8513779453509814 853 1.54653930664063 2.36839461326599 -0.009601354599 30004
8514178751207912 853 0.0823974609375 -7.88003730773926 -0.00000333786011 40004
8514578048904812 853 -0.9571533203125 2.64193654060364 0.00622010231018 50004
8514977346650615 853 0.213623046875 6.81737089157104 -0.00113797187805 60004
8515376644424213 853 0.2694091796875 -3.89714479446411 -0.00134944915771 70004
8515775942428912 853 0.0947265625 -7.61568069458008 -0.00000286102295 80004
8516175240193414 853 0.92279052734375 -2.574782371521 -0.00564098358154 90004
8512581560284013 854 -0.69630229473114 3.95875525474548 0.00408677523956 4
8512980858004513 854 0.32004547119141 8.12644863128662 -0.00112587213516 10004
8513380155613114 854 0.64456176757813 -3.09439468383789 -0.00339043140411 20004
8513779453509814 854 1.377197265625 2.70033812522888 -0.00960159301758 30004
8514178751207912 854 0.0823974609375 -7.88003730773926 -0.00000333786011 40004
8514578048904812 854 -0.9376220703125 3.00980687141418 0.00622010231018 50004
8514977346650615 854 0.067138671875 6.34466886520386 -0.00113916397095 60004
8515376644424213 854 0.3856201171875 -4.33012819290161 -0.00247049331665 70004
8515775942428912 854 0.2587890625 -7.32561874389648 -0.00112581253052 80004
8516175240193414 854 1.20013427734375 -2.36605739593506 -0.00675106048584 90004
8512581560284013 855 -0.72997206449509 3.53845167160034 0.00408677570522 4
8512980858004513 855 0.32004547119141 8.12644863128662 -0.00112682580948 10004
8513380155613114 855 0.84513854980469 -2.81434631347656 -0.0045166015625 20004
8513779453509814 855 1.29547119140625 3.06377959251404 -0.00759875774384 30004
8514178751207912 855 0.0823974609375 -7.88003730773926 -0.00000333786011 40004
8514578048904812 855 -0.8394775390625 3.36482548713684 0.00622129440308 50004
8514977346650615 855 0.133544921875 5.85422849655151 -0.00114059448242 60004
8515376644424213 855 0.3250732421875 -4.67511415481567 -0.00246906280518 70004
8515775942428912 855 0.287109375 -6.96786880493164 -0.00112771987915 80004
8516175240193414 855 1.36322021484375 -2.058669090271 -0.00785350799561 90004
8512581560284013 856 -0.89447152614594 3.15837574005127 0.00611703936011 4
8512980858004513 856 0.32004547119141 8.12644863128662 -0.0011277794838 10004
8513380155613114 856 1.11851501464844 -2.61418914794922 -0.00676321983337 20004
8513779453509814 856 1.12371826171875 3.38962149620056 -0.00759863853455 30004
8514178751207912 856 0.081298828125 -7.87243270874023 -0.00000381469727 40004
8514578048904812 856 -0.6475830078125 3.67342400550842 0.00509977340698 50004
8514977346650615 856 0.350830078125 5.41941213607788 -0.00114440917969 60004
8515376644424213 856 0.2799072265625 -5.09630632400513 -0.00246715545654 70004
8515775942428912 856 0.210693359375 -6.62261581420898 -0.00113201141357 80004
8516175240193414 856 1.57183837890625 -1.78098094463348 -0.01009130477905 90004
8512581560284013 857 -1.01536977291107 2.76488876342773 0.00611703470349 4
8512980858004513 857 0.32004547119141 8.12644863128662 -0.00112873315811 10004
8513380155613114 857 1.36534118652344 -2.38591003417969 -0.00788795948029 20004
8513779453509814 857 0.91961669921875 3.7013738155365 -0.00556302070618 30004
8514178751207912 857 0.06591796875 -7.77767944335938 -0.000004529953 40004
8514578048904812 857 -0.49774169921875 3.99996399879456 0.00398445129395 50004
8514977346650615 857 0.516357421875 4.97749853134155 -0.00226211547852 60004
8515376644424213 857 0.3360595703125 -5.5304799079895 -0.00246572494507 70004
8515775942428912 857 0.165771484375 -6.27294540405273 -0.00113296508789 80004
8516175240193414 857 1.777099609375 -1.50044047832489 -0.01120710372925 90004
8512581560284013 858 -1.09264743328094 2.35800313949585 0.00611702911556 4
8512980858004513 858 0.32004547119141 8.12644863128662 -0.00112968683243 10004
8513380155613114 858 1.5267333984375 -2.0887622833252 -0.00901103019714 20004
8513779453509814 858 0.75067138671875 4.02611207962036 -0.00556457042694 30004
8514178751207912 858 0.02978515625 -7.56532287597656 -0.00000500679016 40004
8514578048904812 858 -0.41873168945313 4.35966110229492 0.00287008285522 50004
8514977346650615 858 0.61572265625 4.51445150375366 -0.00337958335876 60004
8515376644424213 858 0.4403076171875 -5.95844316482544 -0.00246238708496 70004
8515775942428912 858 0.224609375 -5.92532348632813 -0.00113534927368 80004
8516175240193414 858 1.973388671875 -1.21373403072357 -0.01232433319092 90004
8512581560284013 859 -1.30076479911804 1.99132871627808 0.00814727507532 4
8512980858004513 859 0.32004547119141 8.12644863128662 -0.00113064050674 10004
8513380155613114 859 1.58470153808594 -1.74926424026489 -0.01013433933258 20004
8513779453509814 859 0.69451904296875 4.39447450637817 -0.00355279445648 30004
8514178751207912 859 -0.02685546875 -7.25399780273438 -0.00000548362732 40004
8514578048904812 859 -0.33670043945313 4.71858596801758 0.00287938117981 50004
8514977346650615 859 0.82275390625 4.06491994857788 -0.00449728965759 60004
8515376644424214 859 0 -8 0 70004
8515775942428912 859 0.3955078125 -5.60959625244141 -0.00226020812988 80004
8516175240193414 859 2.196044921875 -0.94678747653961 -0.01343727111816 90004
8512581560284013 860 -1.64430940151215 1.74699425697327 0.01014983188361 4
8512980858004513 860 0.32004547119141 8.12644863128662 -0.00113159418106 10004
8513380155613114 860 1.78099060058594 -1.46623277664185 -0.01126086711884 20004
8513779453509814 860 0.53094482421875 4.72917604446411 -0.00355160236359 30004
8514178751207912 860 0.06005859375 -6.92220306396484 -0.00000643730164 40004
8514578048904812 860 -0.39627075195313 5.08215713500977 0.00288391113281 50004
8514977346650615 860 1.10693359375 3.65977621078491 -0.00673818588257 60004
8515376644424214 860 0.0791015625 -7.69253540039063 0.00000286102295 70004
8515775942428912 860 0.4169921875 -5.2513427734375 -0.00226211547852 80004
8516175240193414 860 2.510498046875 -0.79987585544586 -0.01567506790161 90004
8512581560284013 861 -1.88627552986145 1.41090667247772 0.01216962654144 4
8512980858004513 861 0.30850982666016 7.99159097671509 -0.00113201141357 10004
8513380155613114 861 1.98606872558594 -1.18953561782837 -0.01238691806793 20004
8513779453509814 861 0.48492431640625 5.0922474861145 -0.00355017185211 30004
8514178751207912 861 0.03564453125 -6.58613395690918 -0.00000739097595 40004
8514578048904812 861 -0.40969848632813 5.44932746887207 0.00288820266724 50004
8514977346650615 861 1.42083740234375 3.27699708938599 -0.00898575782776 60004
8515376644424214 861 0.249755859375 -7.4317512512207 -0.00111722946167 70004
8515775942428912 861 0.323486328125 -4.91154289245605 -0.00226354598999 80004
8516175240193414 861 2.732666015625 -0.59072196483612 -0.01678991317749 90004
8512581560284013 862 -2.14526891708374 1.11738312244415 0.01425992976874 4
8512980858004513 862 0.25190734863281 7.72797250747681 -0.00113260746002 10004
8513380155613114 862 2.22610473632813 -0.94685125350952 -0.01351022720337 20004
8513779453509814 862 0.39971923828125 5.44586229324341 -0.00354850292206 30004
8514178751207912 862 0.04833984375 -6.25148963928223 -0.00000882148743 40004
8514578048904812 862 -0.46389770507813 5.80933952331543 0.00289273262024 50004
8514977346650615 862 1.6497802734375 2.85107088088989 -0.0101158618927 60004
8515376644424214 862 0.408935546875 -7.25579452514648 -0.00223731994629 70004
8515775942428912 862 0.268310546875 -4.56559181213379 -0.00226449966431 80004
8516175240193414 862 2.869384765625 -0.31952559947968 -0.01790523529053 90004
8512581560284013 863 -2.48134112358093 0.93302923440933 0.01642228476703 4
8512980858004513 863 0.19316101074219 7.37835931777954 -0.00113385915756 10004
8513380155613114 863 2.48072814941406 -0.71890258789063 -0.01575660705566 20004
8513779453509814 863 0.27532958984375 5.79002046585083 -0.00149941444397 30004
8514178751207912 863 0.09814453125 -5.91827011108398 -0.00000977516174 40004
8514578048904813 863 0.017822265625 7.57073163986206 0.00000095367432 50004
8514977346650615 863 1.7880859375 2.37561655044556 -0.01124620437622 60004
8515376644424214 863 0.496826171875 -7.17577743530273 -0.00223541259766 70004
8515775942428912 863 0.25146484375 -4.2134895324707 -0.00226497650146 80004
8516175240193414 863 2.91571044921875 0.00080083683133 -0.01789855957031 90004
8512581560284013 864 -2.89596700668335 0.85677975416183 0.01825933344662 4
8512980858004513 864 0.25151062011719 7.02209997177124 -0.00113600492477 10004
8513380155613114 864 2.68214416503906 -0.43945682048798 -0.01688349246979 20004
8513779453509815 864 0 7.53247022628784 0 30004
8514178751207912 864 0.03662109375 -5.58077621459961 -0.00001049041748 40004
8514578048904813 864 0.089111328125 7.72377729415894 0.00000333786011 50004
8514977346650615 864 1.9365234375 1.90338373184204 -0.012375831604 60004
8515376644424214 864 0.496826171875 -7.17577743530273 -0.00223541259766 70004
8515775942428912 864 0.11962890625 -3.87984085083008 -0.00025320053101 80004
8516175240193414 864 2.85516357421875 0.34463235735893 -0.01789379119873 90004
8512581560284013 865 -3.30394458770752 0.96290504932404 0.02222160808742 4
8512980858004513 865 0.45478820800781 6.7237663269043 -0.00226056575775 10004
8513380155613114 865 2.74690246582031 -0.10106515884399 -0.01688897609711 20004
8513779453509815 865 0.09033203125 7.72581434249878 0 30004
8514178751207912 865 0.12353515625 -5.24898147583008 -0.00001192092896 40004
8514578048904813 865 0.089111328125 7.72377729415894 0.00000333786011 50004
8514977346650615 865 2.1611328125 1.46216440200806 -0.0135064125061 60004
8515376644424214 865 0.496826171875 -7.17577743530273 -0.00223541259766 70004
8515775942428912 865 0.14111328125 -3.52158737182617 -0.00025510787964 80004
8516175240193414 865 2.65789794921875 0.63294363021851 -0.01788997650146 90004
8512581560284013 866 -3.64963364601135 1.19089388847351 0.02431680262089 4
8512980858004513 866 0.52739715576172 6.51559448242188 -0.00338631868362 10004
8513380155613114 866 2.75288391113281 0.24167783558369 -0.01689255237579 20004
8513779453509815 866 0.1715087890625 7.83381986618042 -0.0000011920929 30004
8514178751207912 866 0.09912109375 -4.91291236877441 -0.00001287460327 40004
8514578048904813 866 0.089111328125 7.72377729415894 0.00000333786011 50004
8514977346650615 866 2.341064453125 1.00185346603394 -0.01463341712952 60004
8515376644424214 866 0.466796875 -7.060546875 -0.00223398208618 70004
8515775942428912 866 0.0673828125 -3.1824312210083 -0.00025510787964 80004
8516175240193414 866 2.50823974609375 0.94697523117065 -0.0158543586731 90004
8512581560284013 867 -3.85734868049622 1.42039620876312 0.02431678585708 4
8512980858004513 867 0.49295806884766 6.25283050537109 -0.00338625907898 10004
8513380155613114 867 2.66700744628906 0.5667998790741 -0.01689517498016 20004
8513779453509815 867 0.2105712890625 7.87359952926636 -0.00112187862396 30004
8514178751207912 867 -0.028076171875 -4.60235404968262 -0.00001358985901 40004
8514578048904813 867 0.089111328125 7.72377729415894 0.00000333786011 50004
8514977346650615 867 2.411376953125 0.64271116256714 -0.01463341712952 60004
8515376644424214 867 0.4755859375 -6.82761764526367 -0.00223159790039 70004
8515775942428912 867 0.0380859375 -2.83811283111572 -0.00025606155396 80004
8516175240193414 867 2.31243896484375 1.22632169723511 -0.01585149765015 90004
8512581560284013 868 -3.92519974708557 1.56316184997559 0.02431675978005 4
8512980858004513 868 0.42600250244141 5.90229225158691 -0.00338578224182 10004
8513380155613114 868 2.48030090332031 0.84892296791077 -0.01689755916595 20004
8513779453509815 868 0.2105712890625 7.87359952926636 -0.00111997127533 30004
8514178751207912 868 -0.1866455078125 -4.30499076843262 0.00205492973328 40004
8514578048904813 868 0.089111328125 7.72377729415894 0.00000333786011 50004
8514977346650615 868 2.330078125 0.34742572903633 -0.01463341712952 60004
8515376644424214 868 0.56494140625 -6.5287914276123 -0.00335168838501 70004
8515775942428912 868 0.121337890625 -2.49552154541016 -0.0002589225769 80004
8516175240193414 868 2.08563232421875 1.48403882980347 -0.01384305953979 90004
8512581560284013 869 -3.92519974708557 1.56316184997559 0.02431672997773 4
8512980858004513 869 0.45224761962891 5.54230690002441 -0.00338536500931 10004
8513380155613114 869 2.20768737792969 1.05944406986237 -0.01481330394745 20004
8513779453509815 869 0.2105712890625 7.87359952926636 -0.0011180639267 30004
8514178751207912 869 -0.2423095703125 -3.96640586853027 0.00205254554749 40004
8514578048904813 869 0.089111328125 7.72377729415894 0.00000333786011 50004
8514977346650615 869 2.078125 -0.0788864120841 -0.01254296302795 60004
8515376644424214 869 0.74951171875 -6.27013969421387 -0.00447177886963 70004
8515775942428912 869 0.313720703125 -2.19269561767578 -0.00138473510742 80004
8516175240193414 869 1.95184326171875 1.80664396286011 -0.01179027557373 90004
8512581560284013 870 -3.92519974708557 1.56316184997559 0.0243167001754 4
8512980858004513 870 0.62843322753906 5.22723817825317 -0.00338554382324 10004
8513380155613114 870 2.04951477050781 1.36544477939606 -0.0127671957016 20004
8513779453509815 870 0.2105712890625 7.87359952926636 -0.00111615657806 30004
8514178751207912 870 -0.43548583984375 -3.68278312683105 0.00205039978027 40004
8514578048904813 870 0.089111328125 7.72377729415894 0.00000333786011 50004
8514977346650615 870 1.8564453125 -0.52124863862991 -0.01254606246948 60004
8515376644424214 870 0.78466796875 -6.08058738708496 -0.00446701049805 70004
8515775942428912 870 0.615478515625 -1.99837875366211 -0.00363349914551 80004
8516175240193414 870 1.74774169921875 2.09058976173401 -0.01178598403931 90004
8512581560284013 871 -3.92519974708557 1.56316184997559 0.02431667037308 4
8512980858004513 871 0.69212341308594 4.87849855422974 -0.00338464975357 10004
8513380155613114 871 1.90614318847656 1.67850470542908 -0.01276814937592 20004
8513779453509815 871 0.2105712890625 7.87359952926636 -0.00111424922943 30004
8514178751207912 871 -0.59930419921875 -3.38207721710205 0.00405430793762 40004
8514578048904813 871 0.089111328125 7.72377729415894 0.00000333786011 50004
8514977346650615 871 1.686767578125 -0.98508888483047 -0.01053643226624 60004
8515376644424214 871 0.7333984375 -5.80273818969727 -0.00446557998657 70004
8515775942428912 871 0.83447265625 -1.72208213806152 -0.00475978851318 80004
8516175240193414 871 1.51690673828125 2.35216069221497 -0.00969457626343 90004
8512581560284013 872 -3.84480023384094 1.63139033317566 0.02532832883298 4
8512980858004513 872 0.79324340820313 4.54097557067871 -0.0045074224472 10004
8513380155613114 872 1.79055786132813 2.00202393531799 -0.01073884963989 20004
8513779453509815 872 0.2105712890625 7.87359952926636 -0.0011123418808 30004
8514178751207912 872 -0.68157958984375 -3.05744457244873 0.0040500164032 40004
8514578048904813 872 0.05615234375 7.62958478927612 0.00000381469727 50004
8514977346650615 872 1.534423828125 -1.45609533786774 -0.01053953170776 60004
8515376644424214 872 0.72216796875 -5.49298858642578 -0.0044641494751 70004
8515775942428912 872 0.98876953125 -1.40067386627197 -0.00588512420654 80004
8516175240193414 872 1.34161376953125 2.64492535591125 -0.00969076156616 90004
8512581560284013 873 -3.6225414276123 1.76156866550446 0.02420526184142 4
8512980858004513 873 0.93193054199219 4.21469688415527 -0.00563162565231 10004
8513380155613114 873 1.66488647460938 2.31616997718811 -0.01074016094208 20004
8513779453509815 873 0.2298583984375 7.83879995346069 -0.00111043453217 30004
8514178751207912 873 -0.72784423828125 -2.72369575500488 0.00404596328735 40004
8514578048904813 873 0.0167236328125 7.38904905319214 0.00000524520874 50004
8514977346650615 873 1.37945556640625 -1.92598259449005 -0.00851249694824 60004
8515376644424214 873 0.749267578125 -5.18110275268555 -0.00446128845215 70004
8515775942428912 873 1.13916015625 -1.08181095123291 -0.00701284408569 80004
8516175240193414 873 1.26641845703125 2.98037171363831 -0.00764179229736 90004
8512581560284013 874 -3.21582984924316 1.87297821044922 0.02083609439433 4
8512980858004513 874 0.95841979980469 3.85471892356873 -0.00563329458237 10004
8513380155613114 874 1.44059753417969 2.57749962806702 -0.00869691371918 20004
8513779453509815 874 0.3070068359375 7.69960165023804 -0.00110852718353 30004
8514178751207912 874 -0.88214111328125 -2.41729545593262 0.00606393814087 40004
8514578048904813 874 0.0567626953125 6.99206113815308 0.00000762939453 50004
8514977346650615 874 1.21539306640625 -2.39248943328857 -0.00851535797119 60004
8515376644424214 874 0.684814453125 -4.87021255493164 -0.00445985794067 70004
8515775942428912 874 1.38916015625 -0.82393997907639 -0.00813579559326 80004
8516175240193414 874 1.29669189453125 3.32790589332581 -0.00762176513672 90004
8512581560284013 875 -2.80012226104736 1.80206310749054 0.01858997344971 4
8512980858004513 875 0.93620300292969 3.49445176124573 -0.00563424825668 10004
8513380155613114 875 1.34757995605469 2.90922570228577 -0.00869691371918 20004
8513779453509815 875 0.3294677734375 7.38187551498413 -0.00110685825348 30004
8514178751207912 875 -1.11358642578125 -2.16396522521973 0.00606298446655 40004
8514578048904813 875 -0.0745849609375 6.61529111862183 0.00000858306885 50004
8514977346650615 875 1.25250244140625 -2.88621044158936 -0.00852227210999 60004
8515376644424214 875 0.758056640625 -4.5612678527832 -0.00445604324341 70004
8515775942428912 875 1.72509765625 -0.69571369886398 -0.01039361953735 80004
8516175240193414 875 1.17755126953125 3.65647339820862 -0.00761079788208 90004
8512581560284013 876 -2.4059591293335 1.65866923332214 0.01634385436773 4
8512980858004513 876 1.02969360351563 3.15245389938354 -0.00563561916351 10004
8513380155613114 876 1.24794006347656 3.23891615867615 -0.0086977481842 20004
8513779453509815 876 0.249755859375 7.07930707931519 -0.00110518932343 30004
8514178751207912 876 -1.25347900390625 -1.85677623748779 0.00811266899109 40004
8514578048904813 876 -0.077392578125 6.22335767745972 0.0000114440918 50004
8514977346650615 876 1.12957763671875 -3.35632514953613 -0.0064742565155 60004
8515376644424214 876 0.72802734375 -4.25086402893066 -0.00445508956909 70004
8515775942428912 876 2.07122802734375 -0.60187262296677 -0.01265478134155 80004
8516175240193414 876 0.97198486328125 3.9331533908844 -0.0056004524231 90004
8512581560284013 877 -2.01785969734192 1.49373626708984 0.0140977492556 4
8512980858004513 877 1.22638702392578 2.8601758480072 -0.00788170099258 10004
8513380155613114 877 1.14138793945313 3.56640982627869 -0.00667726993561 20004
8513779453509815 877 0.2041015625 6.77168607711792 -0.00110340118408 30004
8514178751207912 877 -1.42633056640625 -1.56996059417725 0.00811004638672 40004
8514578048904813 877 -0.123046875 5.83647871017456 0.00001382827759 50004
8514977346650615 877 0.92694091796875 -3.80702781677246 -0.00647211074829 60004
8515376644424214 877 0.70068359375 -3.93675422668457 -0.00445365905762 70004
8515775942428912 877 2.38616943359375 -0.44954270124435 -0.01491022109985 80004
8516175240193414 877 0.80352783203125 4.22973489761353 -0.0055980682373 90004
8512581560284013 878 -1.65490972995758 1.29411518573761 0.01072858646512 4
8512980858004513 878 1.45560455322266 2.58971381187439 -0.00900554656982 10004
8513380155613114 878 0.99819946289063 3.87301421165466 -0.00667715072632 20004
8513779453509815 878 0.1925048828125 6.45901250839233 -0.00110101699829 30004
8514178751207912 878 -1.63092041015625 -1.30230808258057 0.01012778282166 40004
8514578048904813 878 -0.21197509765625 5.45465421676636 0.00205588340759 50004
8514977346650615 878 0.75018310546875 -4.26002311706543 -0.00438213348389 60004
8515376644424214 878 0.740966796875 -3.62650775909424 -0.00445127487183 70004
8515775942428912 878 2.63616943359375 -0.20269984006882 -0.01603555679321 80004
8516175240193414 878 0.72784423828125 4.56731081008911 -0.0055947303772 90004
8512581560284013 879 -1.37073683738709 0.98255288600922 0.00960554741323 4
8512980858004513 879 1.58756256103516 2.25380158424377 -0.01012831926346 10004
8513380155613114 879 0.75946044921875 4.12136077880859 -0.00462222099304 20004
8513779453509815 879 0.0787353515625 6.16149663925171 -0.00109970569611 30004
8514178751207912 879 -1.74029541015625 -0.977166056633 0.01012682914734 40004
8514578048904813 879 -0.17291259765625 5.05766630172729 0.00206446647644 50004
8514977346650615 879 0.72869873046875 -4.7545223236084 -0.00437951087952 60004
8515376644424214 879 0.872802734375 -3.33751010894775 -0.00557041168213 70004
8515775942428912 879 2.79534912109375 0.11783019453287 -0.01716089248657 80004
8516175240193414 879 0.73272705078125 4.91627931594849 -0.00559186935425 90004
8512581560284013 880 -1.24486517906189 0.58010125160217 0.00848248880357 4
8512980858004513 880 1.84920501708984 2.00516724586487 -0.01125258207321 10004
8513380155613114 880 0.64813232421875 4.44733572006226 -0.0046238899231 20004
8513779453509815 880 0.1011962890625 5.8437705039978 -0.00109791755676 30004
8514178751207912 880 -1.97683715820313 -0.72867667675018 0.01214790344238 40004
8514578048904813 880 -0.25103759765625 4.66630125045776 0.00206875801086 50004
8514977346650615 880 0.58514404296875 -5.22813987731934 -0.00437664985657 60004
8515376644424214 880 0.905029296875 -3.02164173126221 -0.00556659698486 70004
8515775942428912 880 2.80511474609375 0.47654724121094 -0.01716232299805 80004
8516175240193414 880 0.59014892578125 5.23517274856567 -0.0035457611084 90004
8512581560284013 881 -1.12560713291168 0.17566573619843 0.00735942507163 4
8512980858004513 881 2.01369476318359 1.69106316566467 -0.01237618923187 10004
8513380155613114 881 0.64794921875 4.78570890426636 -0.00462651252747 20004
8513779453509815 881 0.11083984375 5.52547216415405 -0.001096367836 30004
8514178751207912 881 -2.20736694335938 -0.59915363788605 0.01414346694946 40004
8514578048904813 881 -0.44635009765625 4.32898664474487 0.00207328796387 50004
8514977346650615 881 0.60198974609375 -5.71404838562012 -0.00437188148499 60004
8515376644424214 881 1.01708984375 -2.72848415374756 -0.00556373596191 70004
8515775942428912 881 2.70062255859375 0.81349110603333 -0.01716375350952 80004
8516175240193414 881 0.4346923828125 5.54792642593384 -0.00354433059692 90004
8512581560284013 882 -0.9417924284935 -0.19646628201008 0.00623637763783 4
8512980858004513 882 2.21054840087891 1.39879441261292 -0.01350057125092 10004
8513380155613114 882 0.6107177734375 5.11993360519409 -0.00462925434113 20004
8513779453509815 882 0.183349609375 5.22303152084351 -0.00109422206879 30004
8514178751207912 882 -2.37652587890625 -0.49666324257851 0.01615977287292 40004
8514578048904813 882 -0.60250854492188 3.97365522384644 0.00410389900208 50004
8514977346650615 882 0.56536865234375 -6.19585990905762 -0.00436758995056 60004
8515376644424214 882 1.115478515625 -2.42995166778564 -0.00667285919189 70004
8515775942428912 882 2.49505615234375 1.09777319431305 -0.01716423034668 80004
8516175240193414 882 0.3487548828125 5.87767267227173 -0.00153923034668 90004
8512581560284013 883 -0.73698097467422 -0.53410333395004 0.0051133222878 4
8512980858004513 883 2.43448638916016 1.14202046394348 -0.01462405920029 10004
8513380155613114 883 0.48991394042969 5.44191646575928 -0.0025886297226 20004
8513779453509815 883 0.3089599609375 4.93137311935425 -0.00109255313873 30004
8514178751207912 883 -2.45855712890625 -0.41032865643501 0.01615810394287 40004
8514578048904813 883 -0.71990966796875 3.59967184066772 0.0041069984436 50004
8514977346650616 883 0.030029296875 -7.93564987182617 -0.00000047683716 60004
8515376644424214 883 1.20654296875 -2.13225936889648 -0.00665807723999 70004
8515775942428912 883 2.26214599609375 1.34971821308136 -0.01512718200684 80004
8516175240193415 883 0.0166015625 7.56784391403198 0 90004
8512581560284013 884 -0.66947466135025 -0.8671590089798 0.00511331437156 4
8512980858004513 884 2.54506683349609 0.86077898740768 -0.01574820280075 10004
8513380155613114 884 0.340087890625 5.75199460983276 -0.00259041786194 20004
8513779453509815 884 0.3924560546875 4.6239161491394 -0.00221276283264 30004
8514178751207912 884 -2.45855712890625 -0.41032865643501 0.01615810394287 40004
8514578048904813 884 -0.95574951171875 3.27783346176147 0.00614929199219 50004
8514977346650616 884 0.150146484375 -7.67824935913086 -0.00000286102295 60004
8515376644424214 884 1.39398193359375 -1.87592220306396 -0.00890159606934 70004
8515775942428912 884 2.1370849609375 1.64086353778839 -0.01312589645386 80004
8516175240193415 884 0.0830078125 7.70933866500854 -0.00000858306885 90004
8512581560284013 885 -0.54990929365158 -1.27152812480927 0.00399025715888 4
8512980858004513 885 2.53761291503906 0.73930186033249 -0.01574832201004 10004
8513380155613114 885 0.0731201171875 5.96958065032959 -0.00049614906311 20004
8513779453509815 885 0.5980224609375 4.38046216964722 -0.00333368778229 30004
8514178751207912 885 -2.45660400390625 -0.39101818203926 0.01615571975708 40004
8514578048904813 885 -1.20770263671875 2.96833562850952 0.00821352005005 50004
8514977346650616 885 0.171630859375 -7.62973403930664 -0.0000057220459 60004
8515376644424214 885 1.46624755859375 -1.56687641143799 -0.00888824462891 70004
8515775942428912 885 2.0072021484375 1.97545826435089 -0.01313304901123 80004
8516175240193415 885 0.0830078125 7.70933866500854 -0.00000858306885 90004
8512581560284013 886 -0.38395661115646 -1.65811586380005 0.00286720506847 4
8512980858004513 886 2.51781463623047 0.67604941129684 -0.01574838161469 10004
8513380155613115 886 0.04339599609375 7.62537908554077 -0.00000023841858 20004
8513779453509815 886 0.71224975585938 4.08900594711304 -0.00445508956909 30004
8514178751207912 886 -2.38140869140625 -0.26398232579231 0.01615142822266 40004
8514578048904813 886 -1.38970947265625 2.61638021469116 0.00821423530579 50004
8514977346650616 886 0.172607421875 -7.40464782714844 -0.0011305809021 60004
8515376644424214 886 1.566162109375 -1.38595008850098 -0.01000595092773 70004
8515775942428912 886 1.7806396484375 2.24540519714355 -0.01104879379272 80004
8516175240193415 886 0.0830078125 7.70933866500854 -0.00000858306885 90004
8512581560284013 887 -0.29147827625275 -2.0592679977417 0.00286720786244 4
8512980858004513 887 2.44242095947266 0.55804634094238 -0.01574921607971 10004
8513380155613115 887 0.07232666015625 7.68731832504272 -0.00000047683716 20004
8513779453509815 887 0.85775756835938 3.81354951858521 -0.00445890426636 30004
8514178751207912 887 -2.25958251953125 -0.02684214897454 0.01502370834351 40004
8514578048904813 887 -1.6185302734375 2.30095434188843 0.01027822494507 50004
8514977346650616 887 0.233154296875 -7.1030158996582 -0.00113248825073 60004
8515376644424214 887 1.6719970703125 -1.24700927734375 -0.01000356674194 70004
8515775942428912 887 1.5863037109375 2.53690147399902 -0.01105546951294 80004
8516175240193415 887 0.0830078125 7.70933866500854 -0.00000858306885 90004
8512581560284013 888 -0.24346673488617 -2.47066831588745 0.00174416217487 4
8512980858004513 888 2.27032470703125 0.36670956015587 -0.01380252838135 10004
8513380155613115 888 0.07232666015625 7.68731832504272 -0.00000047683716 20004
8513779453509815 888 1.08432006835938 3.597496509552 -0.00670850276947 30004
8514178751207912 888 -2.099365234375 0.2748458981514 0.01389503479004 40004
8514578048904813 888 -1.919921875 2.03918027877808 0.01233100891113 50004
8514977346650616 888 0.321533203125 -6.74823188781738 -0.0011351108551 60004
8515376644424214 888 1.82025146484375 -1.1052098274231 -0.01111841201782 70004
8515775942428912 888 1.42559814453125 2.85085487365723 -0.00901746749878 80004
8516175240193415 888 0.0830078125 7.70933866500854 -0.00000858306885 90004
8512581560284013 889 -0.06205034255981 -2.85133099555969 0.00062111462466 4
8512980858004513 889 1.96275329589844 0.17787043750286 -0.01194512844086 10004
8513380155613115 889 0.07232666015625 7.68731832504272 -0.00000047683716 20004
8513779453509815 889 1.37338256835938 3.46365785598755 -0.00783336162567 30004
8514178751207912 889 -1.89083862304688 0.54759007692337 0.01276183128357 40004
8514578048904813 889 -2.22860717773438 1.78631544113159 0.01442766189575 50004
8514977346650616 889 0.294189453125 -6.28705787658691 -0.001136302948 60004
8515376644424214 889 2.09857177734375 -0.95699709653854 -0.01336145401001 70004
8515775942428912 889 1.16998291015625 3.10288429260254 -0.00700426101685 80004
8516175240193415 889 0.0830078125 7.70933866500854 -0.00000858306885 90004
8512581560284013 890 -0.05336802452803 -3.06708645820618 0.00062111439183 4
8512980858004513 890 1.60616302490234 0.12264959514141 -0.00997579097748 10004
8513380155613115 890 0.07232666015625 7.68731832504272 -0.00000047683716 20004
8513779453509815 890 1.5789794921875 3.2202000617981 -0.01007974147797 30004
8514178751207912 890 -1.62069702148438 0.75773411989212 0.01051640510559 40004
8514578048904813 890 -2.4012451171875 1.42669630050659 0.01442790031433 50004
8514977346650616 890 0.465087890625 -5.85767555236816 -0.00225567817688 60004
8515376644424214 890 2.38177490234375 -0.81659811735153 -0.01448154449463 70004
8515775942428912 890 1.10748291015625 3.27108192443848 -0.00700569152832 80004
8516175240193415 890 0.0830078125 7.70933866500854 -0.00000858306885 90004
8512581560284013 891 -0.13216060400009 -3.42671489715576 0.00062111380976 4
8512980858004513 891 1.28239440917969 -0.02620962634683 -0.00807178020477 10004
8513380155613115 891 0.07232666015625 7.68731832504272 -0.00000047683716 20004
8513779453509815 891 1.7003173828125 2.93090009689331 -0.01007926464081 30004
8514178751207912 891 -1.43621826171875 1.03904461860657 0.00939416885376 40004
8514578048904813 891 -2.4481201171875 1.03755140304565 0.01648044586182 50004
8514977346650616 891 0.4873046875 -5.40444946289063 -0.00225186347961 60004
8515376644424214 891 2.59979248046875 -0.59581154584885 -0.01671028137207 70004
8515775942428912 891 1.00616455078125 3.56840038299561 -0.00700712203979 80004
8516175240193415 891 0.0830078125 7.70933866500854 -0.00000858306885 90004
8512581560284013 892 -0.14892175793648 -3.83803653717041 0.00062111148145 4
8512980858004513 892 1.02230072021484 -0.26392555236816 -0.00605845451355 10004
8513380155613115 892 0.07232666015625 7.68731832504272 -0.00000047683716 20004
8513779453509815 892 1.8536376953125 2.66028928756714 -0.01120233535767 30004
8514178751207912 892 -1.27581787109375 1.34221196174622 0.00826621055603 40004
8514578048904813 892 -2.3682861328125 0.65626335144043 0.01536273956299 50004
8514977346650616 892 0.55908203125 -4.95917129516602 -0.00337076187134 60004
8515376644424214 892 2.73455810546875 -0.31783413887024 -0.0166916847229 70004
8515775942428912 892 0.82550048828125 3.86876583099365 -0.00497102737427 80004
8516175240193415 892 0.1044921875 7.61532926559448 -0.0000114440918 90004
8512581560284013 893 -0.12009095400572 -4.25123071670532 0.00062111008447 4
8512980858004513 893 0.80998229980469 -0.55557054281235 -0.00605881214142 10004
8513380155613115 893 0.07684326171875 7.63556814193726 -0.00000071525574 20004
8513779453509815 893 2.0369873046875 2.40666341781616 -0.0123256444931 30004
8514178751207912 893 -1.14398193359375 1.65348887443542 0.00826525688171 40004
8514578048904813 893 -2.16903686523438 0.31855595111847 0.01424503326416 50004
8514977346650616 893 0.680419921875 -4.52184104919434 -0.00336599349976 60004
8515376644424214 893 2.7747802734375 -0.00871011987329 -0.01780366897583 70004
8515775942428912 893 0.62408447265625 4.11191272735596 -0.00497198104858 80004
8516175240193415 893 0.116455078125 7.38000249862671 -0.00001811981201 90004
8512581560284013 894 -0.22803802788258 -4.65880298614502 0.00062110851286 4
8512980858004513 894 0.58281707763672 -0.83602654933929 -0.00400000810623 10004
8513380155613115 894 0.09490966796875 7.42856740951538 -0.00000381469727 20004
8513779453509815 894 2.13070678710938 2.1020827293396 -0.01345002651215 30004
8514178751207912 894 -1.10882568359375 1.99469065666199 0.00826239585876 40004
8514578048904813 894 -1.86663818359375 0.05849424749613 0.01312780380249 50004
8514977346650616 894 0.653076171875 -4.06066703796387 -0.00336241722107 60004
8515376644424214 894 2.7132568359375 0.30266842246056 -0.01780033111572 70004
8515775942428912 894 0.55963134765625 4.30338001251221 -0.00294780731201 80004
8516175240193415 894 0.035400390625 7.00275182723999 -0.00002193450928 90004
8512581560284013 895 -0.15361188352108 -5.07387495040894 0.00062110507861 4
8512980858004513 895 0.44749450683594 -1.17059183120728 -0.00199365615845 10004
8513380155613115 895 -0.04718017578125 7.03805875778198 -0.00000405311584 20004
8513779453509815 895 2.3291015625 1.85239291191101 -0.01457500457764 30004
8514178751207912 895 -0.93255615234375 2.28901743888855 0.00601363182068 40004
8514578048904813 895 -1.71377563476563 -0.28166142106056 0.01201248168945 50004
8514977346650616 895 0.649169921875 -3.59871912002563 -0.00336027145386 60004
8515376644424214 895 2.525390625 0.5587055683136 -0.0157732963562 70004
8515775942428912 895 0.58502197265625 4.66136646270752 -0.00295066833496 80004
8516175240193415 895 0.121337890625 6.62670660018921 -0.00002956390381 90004
8512581560284013 896 -0.00740506220609 -5.46703147888184 0.00062110420549 4
8512980858004513 896 0.42757415771484 -1.5245943069458 -0.00199407339096 10004
8513380155613115 896 -0.30299377441406 6.72009038925171 0.00206530094147 20004
8513779453509815 896 2.43478393554688 1.61077189445496 -0.01457786560059 30004
8514178751207912 896 -0.86212158203125 2.61850047111511 0.00601124763489 40004
8514578048904813 896 -1.46316528320313 -0.54986470937729 0.00977420806885 50004
8514977346650616 896 0.791748046875 -3.16799879074097 -0.00447916984558 60004
8515376644424214 896 2.295166015625 0.77541756629944 -0.0157642364502 70004
8515775942428912 896 0.49542236328125 5.00223827362061 -0.00295066833496 80004
8516175240193415 896 0.08203125 6.24975728988647 -0.00003337860107 90004
8512581560284013 897 0.07321927696466 -5.87072992324829 0.00062110432191 4
8512980858004513 897 0.37152099609375 -1.87308025360107 -0.00199443101883 10004
8513380155613115 897 -0.55644226074219 6.4596266746521 0.00409722328186 20004
8513779453509815 897 2.460205078125 1.40854716300964 -0.01570320129395 30004
8514178751207912 897 -0.75637817382813 2.93626475334167 0.00488471984863 40004
8514578048904813 897 -1.23919677734375 -0.85376876592636 0.00865435600281 50004
8514977346650616 897 1.024658203125 -2.77189016342163 -0.00559735298157 60004
8515376644424214 897 2.108154296875 1.01438593864441 -0.01373910903931 70004
8515775942428912 897 0.44415283203125 5.34881496429443 -0.00295162200928 80004
8516175240193415 897 0.08447265625 5.87310934066772 -0.00003910064697 90004
8512581560284013 898 0.10909558832645 -6.28336668014526 -0.00050194218056 4
8512980858004513 898 0.27945709228516 -2.21547245979309 -0.00199508666992 10004
8513380155613115 898 -0.72441101074219 6.26462507247925 0.0040967464447 20004
8513779453509815 898 2.3997802734375 1.21750426292419 -0.01570403575897 30004
8514178751207912 898 -0.61441040039063 3.24231028556824 0.00487494468689 40004
8514578048904813 898 -1.11700439453125 -1.2262077331543 0.00753259658813 50004
8514977346650616 898 1.25372314453125 -2.37974214553833 -0.00784206390381 60004
8515376644424214 898 1.94970703125 1.27123045921326 -0.01171255111694 70004
8515775942428912 898 0.43121337890625 5.701096534729 -0.00295352935791 80004
8516175240193415 898 0.190673828125 5.50413656234741 -0.00116682052612 90004
8512581560284014 899 0 -8 0 4
8512980858004513 899 0.30315399169922 -2.57564091682434 -0.00199526548386 10004
8513380155613115 899 -0.75688171386719 6.16609144210815 0.00409626960754 20004
8513779453509815 899 2.22705078125 0.94988590478897 -0.01367819309235 30004
8514178751207912 899 -0.578369140625 3.5835120677948 0.0037407875061 40004
8514578048904813 899 -1.12188720703125 -1.62519454956055 0.00753331184387 50004
8514977346650616 899 1.34649658203125 -1.92686855792999 -0.00784945487976 60004
8515376644424214 899 1.70556640625 1.47560667991638 -0.01171064376831 70004
8515775942428913 899 0 7.53247022628784 0 80004
8516175240193415 899 0.357666015625 5.15638113021851 -0.00229740142822 90004
8512581560284014 900 0.09461628645658 -7.79709434509277 0.00000000034925 4
8512980858004513 900 0.17253875732422 -2.91210341453552 -0.00199592113495 10004
8513380155613115 900 -0.73051452636719 5.94441938400269 0.00409626960754 20004
8513779453509815 900 2.16455078125 0.63763672113419 -0.01367974281311 30004
8514178751207912 900 -0.40194702148438 3.87783885002136 0.00260782241821 40004
8514578048904813 900 -0.95733642578125 -1.98878479003906 0.00641179084778 50004
8514977346650616 900 1.6224365234375 -1.55496418476105 -0.01010274887085 60004
8515376644424214 900 1.57135009765625 1.76350569725037 -0.0096607208252 70004
8515775942428913 900 0.1201171875 7.79074048995972 -0.00000286102295 80004
8516175240193415 900 0.5657958984375 4.83221578598022 -0.00342273712158 90004
8512581560284014 901 0.11826859414577 -7.53442716598511 0.00000000046566 4
8512980858004513 901 0.15787506103516 -3.26633048057556 0.00004106760025 10004
8513380155613115 901 -0.75010681152344 5.57843160629272 0.0040956735611 20004
8513779453509815 901 2.00814819335938 0.36672574281693 -0.01368045806885 30004
8514178751207912 901 -0.27920532226563 4.19604873657227 0.00260424613953 40004
8514578048904813 901 -0.87811279296875 -2.37649059295654 0.00641274452209 50004
8514977346650616 901 1.85858154296875 -1.15854942798615 -0.01123309135437 60004
8515376644424214 901 1.44915771484375 2.05683493614197 -0.00965929031372 70004
8515775942428913 901 0.19921875 7.89631223678589 -0.00112867355347 80004
8516175240193415 901 0.8607177734375 4.59713125228882 -0.00454044342041 90004
8512581560284014 902 0.03467420861125 -7.21386241912842 0.00000000059663 4
8512980858004513 902 0.24089813232422 -3.61238431930542 -0.00108337402344 10004
8513380155613115 902 -0.69590759277344 5.17631673812866 0.00409507751465 20004
8513779453509815 902 1.88339233398438 0.08191281557083 -0.01161253452301 30004
8514178751207912 902 -0.20791625976563 4.52954864501953 0.00147795677185 40004
8514578048904813 902 -0.77313232421875 -2.75728893280029 0.00529074668884 50004
8514977346650616 902 2.15643310546875 -0.82003593444824 -0.01348614692688 60004
8515376644424214 902 1.29144287109375 2.32910895347595 -0.0076117515564 70004
8515775942428913 902 0.23193359375 7.92364835739136 -0.00113439559937 80004
8516175240193415 902 1.0804443359375 4.40361547470093 -0.0067777633667 90004
8512581560284014 903 -0.09070807695389 -6.89552688598633 0.00000000046566 4
8512980858004513 903 0.34441375732422 -3.95150518417358 -0.00220787525177 10004
8513380155613115 903 -0.59361267089844 4.82239103317261 0.00409388542175 20004
8513779453509815 903 1.85629272460938 -0.22978302836418 -0.01161253452301 30004
8514178751207912 903 -0.19229125976563 4.87002182006836 0.00147557258606 40004
8514578048904813 903 -0.65631103515625 -3.13139820098877 0.00529170036316 50004
8514977346650616 903 2.49188232421875 -0.5145583152771 -0.01573419570923 60004
8515376644424214 903 1.12738037109375 2.58382678031921 -0.00760412216187 70004
8515775942428913 903 0.23193359375 7.92364835739136 -0.0011420249939 80004
8516175240193415 903 1.1795654296875 4.17183446884155 -0.00675678253174 90004
8512581560284014 904 -0.09070807695389 -6.69771957397461 0.00000000046566 4
8512980858004513 904 0.33269500732422 -4.31226110458374 -0.00220876932144 10004
8513380155613115 904 -0.61436462402344 4.57694578170776 0.00409317016602 20004
8513779453509815 904 1.93246459960938 -0.53908348083496 -0.01161253452301 30004
8514178751207912 904 -0.24258422851563 5.20943069458008 0.00147461891174 40004
8514578048904813 904 -0.66656494140625 -3.53027820587158 0.00529265403748 50004
8514977346650616 904 2.71533203125 -0.10997334122658 -0.01686191558838 60004
8515376644424214 904 1.06292724609375 2.85447192192078 -0.00759601593018 70004
8515775942428913 904 0.23193359375 7.92364835739136 -0.00114965438843 80004
8516175240193415 904 1.2303466796875 3.78963232040405 -0.00785875320435 90004
8512581560284014 905 0.03234662488103 -6.32168436050415 0.00000000037835 4
8512980858004513 905 0.16973114013672 -4.63421249389648 -0.00220996141434 10004
8513380155613115 905 -0.55455017089844 4.19337034225464 0.00409317016602 20004
8513779453509815 905 1.90170288085938 -0.69533061981201 -0.01161253452301 30004
8514178751207912 905 -0.14492797851563 5.53802108764648 0.00147247314453 40004
8514578048904813 905 -0.5078125 -3.89613056182861 0.0041778087616 50004
8514977346650616 905 2.74853515625 0.35094267129898 -0.01687431335449 60004
8515376644424214 905 0.89093017578125 3.12159991264343 -0.00555562973022 70004
8515775942428913 905 0.23193359375 7.92364835739136 -0.00115728378296 80004
8516175240193415 905 1.43780517578125 3.46546697616577 -0.00896453857422 90004
8512581560284014 906 0.03199294954538 -5.93260478973389 0.00000000049477 4
8512980858004513 906 0.12018585205078 -4.98528861999512 -0.00015109777451 10004
8513380155613115 906 -0.62620544433594 3.79805684089661 0.00409197807312 20004
8513779453509815 906 1.75631713867188 -0.92251181602478 -0.01161229610443 30004
8514178751207912 906 -0.15823364257813 5.87472534179688 0.00147008895874 40004
8514578048904813 906 -0.47610473632813 -4.28675365447998 0.00306034088135 50004
8514977346650616 906 2.63232421875 0.78933066129684 -0.01688170433044 60004
8515376644424214 906 0.81427001953125 3.42411303520203 -0.00555419921875 70004
8515775942428913 906 0.23193359375 7.92364835739136 -0.00116491317749 80004
8516175240193415 906 1.7259521484375 3.21764516830444 -0.01008033752441 90004
8512581560284014 907 0.07558909058571 -5.54882192611694 0.00000000066939 4
8512980858004513 907 0.13446807861328 -5.34502220153809 -0.0001512169838 10004
8513380155613115 907 -0.820556640625 3.44199013710022 0.00611698627472 20004
8513779453509815 907 1.63375854492188 -1.20417189598084 -0.00960409641266 30004
8514178751207913 907 0.02978515625 7.59629011154175 -0.00000095367432 40004
8514578048904813 907 -0.40237426757813 -4.6691198348999 0.00306725502014 50004
8514977346650616 907 2.38311767578125 1.16482031345367 -0.01480793952942 60004
8515376644424214 907 0.70489501953125 3.71424555778503 -0.00555324554443 70004
8515775942428913 907 0.23193359375 7.92364835739136 -0.00117254257202 80004
8516175240193415 907 1.94769287109375 2.99149656295776 -0.0123176574707 90004
8512581560284014 908 0.16172286868095 -5.1698751449585 0.00000000174623 4
8512980858004513 908 0.21170806884766 -5.69107580184937 -0.00127583742142 10004
8513380155613115 908 -1.07452392578125 3.11557030677795 0.00611507892609 20004
8513779453509815 908 1.54061889648438 -1.50282549858093 -0.00960409641266 30004
8514178751207913 908 0.074462890625 7.69201993942261 -0.00000143051147 40004
8514578048904813 908 -0.28640747070313 -5.04322910308838 0.0019519329071 50004
8514977346650616 908 2.05914306640625 1.49337160587311 -0.01279830932617 60004
8515376644424214 908 0.55572509765625 3.99081587791443 -0.00352621078491 70004
8515775942428913 908 0.21484375 7.87668561935425 -0.00117826461792 80004
8516175240193415 908 2.06610107421875 2.72504758834839 -0.01230955123901 90004
8512581560284014 909 0.1202340349555 -4.77643489837646 0.00000000238651 4
8512980858004513 909 0.39989471435547 -5.99918937683105 -0.00240033864975 10004
8513380155613115 909 -1.27000427246094 2.74884343147278 0.00817632675171 20004
8513779453509815 909 1.352783203125 -1.75995707511902 -0.00960457324982 30004
8514178751207913 909 0.074462890625 7.69201993942261 -0.00000143051147 40004
8514578048904813 909 -0.29714965820313 -5.44210910797119 0.00195670127869 50004
8514977346650616 909 1.76226806640625 1.84727442264557 -0.01076626777649 60004
8515376644424214 909 0.48052978515625 4.2992262840271 -0.00352430343628 70004
8515775942428913 909 0.146484375 7.68883466720581 -0.00117921829224 80004
8516175240193415 909 2.15008544921875 2.34902143478394 -0.01342344284058 90004
8512581560284014 910 -0.08362065255642 -4.43742656707764 0.00000000244472 4
8512980858004513 910 0.55052947998047 -6.32723426818848 -0.00352543592453 10004
8513380155613115 910 -1.52920532226563 2.42409992218018 0.0102686882019 20004
8513779453509815 910 1.20980834960938 -2.04448390007019 -0.00759768486023 30004
8514178751207913 910 0.074462890625 7.69201993942261 -0.00000143051147 40004
8514578048904813 910 -0.13894653320313 -5.80796146392822 0.00196576118469 50004
8514977346650616 910 1.64312744140625 2.29350566864014 -0.0107696056366 60004
8515376644424214 910 0.29986572265625 4.56040334701538 -0.00149822235107 70004
8515775942428913 910 0.181640625 7.2905421257019 -0.00118207931519 80004
8516175240193415 910 2.38543701171875 2.04469633102417 -0.01453828811646 90004
8512581560284014 911 -0.2428092956543 -4.07644081115723 0.0020416690968 4
8512980858004514 911 0.05813598632813 -7.87540817260742 -0.00000023841858 10004
8513380155613115 911 -1.76353454589844 2.08128762245178 0.0102686882019 20004
8513779453509815 911 1.16671752929688 -2.35440802574158 -0.00759768486023 30004
8514178751207913 911 0.096435546875 7.68815755844116 -0.00000238418579 40004
8514578048904813 911 -0.05325317382813 -6.19496250152588 0.00085139274597 50004
8514977346650616 911 1.44879150390625 2.71000576019287 -0.00874137878418 60004
8515376644424214 911 0.21514892578125 4.86043882369995 -0.00149536132813 70004
8515775942428913 911 0.087890625 6.90919256210327 -0.00118398666382 80004
8516175240193415 911 2.69769287109375 1.83120727539063 -0.01677656173706 90004
8512581560284014 912 -0.4542324244976 -3.75186157226563 0.00204166560434 4
8512980858004514 912 0.09684753417969 -7.62554359436035 -0.00000047683716 10004
8513380155613115 912 -1.99691772460938 1.73757183551788 0.01229882240295 20004
8513779453509815 912 1.13327026367188 -2.67030119895935 -0.00759756565094 30004
8514178751207913 912 0.111083984375 7.68558263778687 -0.00000476837158 40004
8514578048904814 912 0.079833984375 -7.82862091064453 0.00000143051147 50004
8514977346650616 912 1.29010009765625 3.13883876800537 -0.00874495506287 60004
8515376644424214 912 0.09844970703125 5.14752149581909 -0.00149488449097 70004
8515775942428913 912 0.037109375 6.52219533920288 0.00081396102905 80004
8516175240193415 912 2.92327880859375 1.66221809387207 -0.0178918838501 90004
8512581560284014 913 -0.69657146930695 -3.44814610481262 0.00409216294065 4
8512980858004514 913 0.12303161621094 -7.29040145874023 -0.00000071525574 10004
8513380155613115 913 -2.19651794433594 1.38150584697723 0.0143848657608 20004
8513779453509815 913 1.04635620117188 -2.97168803215027 -0.00759732723236 30004
8514178751207913 913 0.115478515625 7.67790746688843 -0.00000762939453 40004
8514578048904814 913 0.1995849609375 -7.47700309753418 -0.0011191368103 50004
8514977346650616 913 1.1456298828125 3.56902980804443 -0.00666165351868 60004
8515376644424214 913 -0.05023193359375 5.4216513633728 0.00052642822266 70004
8515775942428913 913 0.029296875 6.12955045700073 -0.00031232833862 80004
8516175240193415 913 3.0111083984375 1.53656816482544 -0.01901531219482 90004
8512581560284014 914 -0.83031517267227 -3.07587313652039 0.00612865760922 4
8512980858004514 914 0.22789764404297 -6.95073699951172 -0.00112521648407 10004
8513380155613115 914 -2.27171325683594 0.9728102684021 0.01438343524933 20004
8513779453509815 914 0.87008666992188 -3.23704600334167 -0.00558519363403 30004
8514178751207913 914 0.133056640625 7.64720678329468 -0.00000834465027 40004
8514578048904814 914 0.1995849609375 -7.09880638122559 -0.00111532211304 50004
8514977346650616 914 0.8653564453125 3.93656444549561 -0.00665879249573 60004
8515376644424214 914 -0.10296630859375 5.7346396446228 0.00052928924561 70004
8515775942428913 914 -0.107421875 5.75384855270386 -0.00031328201294 80004
8516175240193415 914 3.0189208984375 1.49827241897583 -0.01901769638062 90004
8512581560284014 915 -1.10765373706818 -2.79384303092957 0.00612864783034 4
8512980858004514 915 0.17943572998047 -6.59867858886719 -0.00112617015839 10004
8513380155613115 915 -2.24485778808594 0.55809736251831 0.01438057422638 20004
8513779453509815 915 0.82272338867188 -3.552006483078 -0.00558698177338 30004
8514178751207913 915 0.133544921875 7.63948583602905 -0.00000929832458 40004
8514578048904814 915 0.3592529296875 -6.75604820251465 -0.00223588943481 50004
8514977346650616 915 0.8048095703125 4.21322822570801 -0.00462794303894 60004
8515376644424214 915 -0.22991943359375 6.02568578720093 0.00053119659424 70004
8515775942428913 915 -0.072265625 5.35555601119995 0.00078582763672 80004
8516175240193415 915 3.0189208984375 1.49827241897583 -0.01902532577515 90004
8512581560284014 916 -1.28168046474457 -2.44571924209595 0.00818781368434 4
8512980858004514 916 0.24604797363281 -6.25590372085571 -0.00112795829773 10004
8513380155613115 916 -2.08836364746094 0.18107950687408 0.01437747478485 20004
8513779453509815 916 0.67868041992188 -3.82976508140564 -0.00357019901276 30004
8514178751207913 916 0.079833984375 7.48959493637085 -0.00001001358032 40004
8514578048904814 916 0.399169921875 -6.46921157836914 -0.00223541259766 50004
8514977346650616 916 0.6842041015625 4.61234474182129 -0.00462532043457 60004
8515376644424215 916 0.06005859375 7.66196012496948 0.00000190734863 70004
8515775942428913 916 0.0419921875 4.97516775131226 0.00078392028809 80004
8516175240193415 916 3.0123291015625 1.48994398117065 -0.01902866363525 90004
8512581560284014 917 -1.42354500293732 -2.07647466659546 0.00818780902773 4
8512980858004514 917 0.27422332763672 -5.91004419326782 -0.00112915039063 10004
8513380155613115 917 -1.97508239746094 -0.20850142836571 0.01325154304504 20004
8513779453509815 917 0.57614135742188 -4.05784606933594 -0.00356888771057 30004
8514178751207913 917 0.0361328125 7.31955480575562 -0.00001049041748 40004
8514578048904814 917 0.47900390625 -6.16373443603516 -0.00223398208618 50004
8514977346650616 917 0.6387939453125 5.06192970275879 -0.00462102890015 60004
8515376644424215 917 0.10009765625 7.74828672409058 0.00000381469727 70004
8515775942428913 917 0.11767578125 4.58812093734741 -0.0003399848938 80004
8516175240193415 917 2.9874267578125 1.39865827560425 -0.01903057098389 90004
8512581560284014 918 -1.60322296619415 -1.73193895816803 0.01022674143314 4
8512980858004514 918 0.26412200927734 -5.56107521057129 -0.00113052129745 10004
8513380155613115 918 -1.90501403808594 -0.6106453537941 0.01324796676636 20004
8513779453509815 918 0.51046752929688 -4.26728820800781 -0.0035674571991 30004
8514178751207913 918 0.0521240234375 7.13056707382202 -0.0000114440918 40004
8514578048904814 918 0.5987548828125 -5.8121166229248 -0.00335502624512 50004
8514977346650616 918 0.6390380859375 5.51570510864258 -0.00461602210999 60004
8515376644424215 918 0.10009765625 7.74828672409058 0.00000381469727 70004
8515775942428913 918 0.0859375 4.19670438766479 -0.00034093856812 80004
8516175240193415 918 2.9361572265625 1.2441577911377 -0.01903343200684 90004
8512581560284014 919 -1.88950943946838 -1.45901310443878 0.01230485271662 4
8512980858004514 919 0.36888885498047 -5.22142505645752 -0.0022549033165 10004
8513380155613115 919 -1.70487976074219 -0.97509962320328 0.01099598407745 20004
8513779453509815 919 0.33419799804688 -4.53264617919922 -0.00156426429749 30004
8514178751207913 919 0.1629638671875 6.80301427841187 -0.00001287460327 40004
8514578048904814 919 0.5987548828125 -5.43391990661621 -0.00335502624512 50004
8514977346650617 919 0 7.53247022628784 0 60004
8515376644424215 919 0.10009765625 7.74828672409058 0.00000381469727 70004
8515775942428913 919 -0.0732421875 3.83005857467651 -0.00034189224243 80004
8516175240193415 919 2.8541259765625 1.14055633544922 -0.01903533935547 90004
8512581560284014 920 -2.03697967529297 -1.09195744991302 0.01230483967811 4
8512980858004514 920 0.32030487060547 -4.86936664581299 -0.00225579738617 10004
8513380155613115 920 -1.56330871582031 -1.36574172973633 0.01099598407745 20004
8513779453509815 920 0.28683471679688 -4.84761047363281 -0.00156283378601 30004
8514178751207913 920 0.1497802734375 6.65994787216187 -0.00001430511475 40004
8514578048904814 920 0.7261962890625 -5.07778739929199 -0.00447607040405 50004
8514977346650617 920 0.15234375 7.85823011398315 -0.00000286102295 60004
8515376644424215 920 0.10009765625 7.74828672409058 0.00000381469727 70004
8515775942428913 920 -0.37384033203125 3.56514310836792 0.00177335739136 80004
8516175240193415 920 2.7984619140625 1.0398063659668 -0.01903533935547 90004
8512581560284014 921 -2.05774164199829 -0.70391720533371 0.01346035674214 4
8512980858004514 921 0.16361999511719 -4.55750417709351 -0.00018888711929 10004
8513380155613115 921 -1.34529113769531 -1.71572875976563 0.00875020027161 20004
8513779453509815 921 0.34237670898438 -5.15551376342773 -0.0015606880188 30004
8514178751207913 921 0.234375 6.38009023666382 -0.00113821029663 40004
8514578048904814 921 0.731689453125 -4.70633697509766 -0.00447463989258 50004
8514977346650617 921 0.293701171875 8.02631282806396 -0.00112867355347 60004
8515376644424215 921 0.10009765625 7.74828672409058 0.00000381469727 70004
8515775942428913 921 -0.56915283203125 3.22392988204956 0.00383186340332 80004
8516175240193415 921 2.59698486328125 0.87893265485764 -0.01700782775879 90004
8512581560284014 922 -1.96917927265167 -0.35077032446861 0.01346036419272 4
8512980858004514 922 0.04289245605469 -4.23221635818481 -0.00018918514252 10004
8513380155613115 922 -1.20356750488281 -1.98595142364502 0.00874805450439 20004
8513779453509815 922 0.36361694335938 -5.46577072143555 -0.00155878067017 30004
8514178751207913 922 0.274658203125 6.01601552963257 -0.00113892555237 40004
8514578048904814 922 0.727783203125 -4.32945251464844 -0.00447297096252 50004
8514977346650617 922 0.379150390625 8.08848476409912 -0.00224947929382 60004
8515376644424215 922 0.10009765625 7.74828672409058 0.00000381469727 70004
8515775942428913 922 -0.7574462890625 2.87244939804077 0.00382852554321 80004
8516175240193415 922 2.37774658203125 0.61983889341354 -0.01497554779053 90004
8512581560284014 923 -1.84973073005676 -0.01846338436007 0.0123373074457 4
8512980858004514 923 -0.04176330566406 -3.89355325698853 -0.00018924474716 10004
8513380155613115 923 -1.11293029785156 -2.22306728363037 0.00762236118317 20004
8513779453509815 923 0.35055541992188 -5.77838134765625 -0.00155746936798 30004
8514178751207913 923 0.2611083984375 5.61386060714722 -0.00113940238953 40004
8514578048904814 923 0.7371826171875 -3.95265460014343 -0.00447106361389 50004
8514977346650617 923 0.404052734375 8.09509944915771 -0.00224328041077 60004
8515376644424215 923 0.10009765625 7.74828672409058 0.00000381469727 70004
8515775942428913 923 -1.0037841796875 2.56685495376587 0.00589895248413 80004
8516175240193415 923 2.19317626953125 0.2805477976799 -0.01497173309326 90004
8512581560284014 924 -1.83889770507813 0.37700998783112 0.01233729813248 4
8512980858004514 924 -0.23457336425781 -3.59506320953369 0.00183212757111 10004
8513380155613115 924 -0.86903381347656 -2.5595006942749 0.00649619102478 20004
8513779453509815 924 0.44039916992188 -6.08393096923828 -0.00267815589905 30004
8514178751207913 924 0.3167724609375 5.21332502365112 -0.00113940238953 40004
8514578048904814 924 0.6927490234375 -3.57710146903992 -0.00447106361389 50004
8514977346650617 924 0.404052734375 8.09509944915771 -0.0022394657135 60004
8515376644424215 924 0.10009765625 7.74828672409058 0.00000381469727 70004
8515775942428913 924 -1.3416748046875 2.35342264175415 0.00794410705566 80004
8516175240193415 924 2.02032470703125 -0.06479865312576 -0.01290225982666 90004
8512581560284014 925 -1.72211360931396 0.61053711175919 0.01121423207223 4
8512980858004514 925 -0.28315734863281 -3.24300479888916 0.00183171033859 10004
8513380155613115 925 -0.82952880859375 -2.76351070404053 0.00537073612213 20004
8513779453509815 925 0.39303588867188 -6.39889526367188 -0.00267684459686 30004
8514178751207913 925 0.5364990234375 4.87380933761597 -0.0033872127533 40004
8514578048904814 925 0.8109130859375 -3.21787905693054 -0.00446820259094 50004
8514977346650617 925 0.404052734375 8.09509944915771 -0.00223565101624 60004
8515376644424215 925 0.03955078125 7.54466581344604 0.00000476837158 70004
8515775942428913 925 -1.55682373046875 2.01710748672485 0.01001071929932 80004
8516175240193415 925 2.00958251953125 -0.45047226548195 -0.01289796829224 90004
8512581560284014 926 -1.55421268939972 0.93123805522919 0.01009117998183 4
8512980858004514 926 -0.38236999511719 -2.90308284759521 0.00183171033859 10004
8513380155613115 926 -0.65220642089844 -3.07706642150879 0.00424909591675 20004
8513779453509816 926 0.0743408203125 -7.84062385559082 -0.00000095367432 30004
8514178751207913 926 0.6968994140625 4.50463628768921 -0.00338816642761 40004
8514578048904814 926 1.033935546875 -2.92139029502869 -0.0055890083313 50004
8514977346650617 926 0.404052734375 8.09509944915771 -0.00223183631897 60004
8515376644424215 926 0.0712890625 7.17863607406616 0.0000057220459 70004
8515775942428913 926 -1.66717529296875 1.65221261978149 0.01000213623047 80004
8516175240193415 926 1.94171142578125 -0.6763955950737 -0.01289319992065 90004
8512581560284014 927 -1.45184326171875 1.30368328094482 0.01009117439389 4
8512980858004514 927 -0.56404876708984 -2.60748195648193 0.00387841463089 10004
8513380155613115 927 -0.51280212402344 -3.45806312561035 0.00424718856812 20004
8513779453509816 927 0.1458740234375 -7.59158134460449 -0.00000262260437 30004
8514178751207913 927 0.911865234375 4.17309331893921 -0.0056414604187 40004
8514578048904814 927 1.22146606445313 -2.60399031639099 -0.00782465934753 50004
8514977346650617 927 0.408447265625 8.0441427230835 -0.00222849845886 60004
8515376644424215 927 0.0419921875 6.76493215560913 0.00000858306885 70004
8515775942428913 927 -1.82440185546875 1.30435514450073 0.01201963424683 80004
8516175240193415 927 1.89288330078125 -0.94669169187546 -0.01288938522339 90004
8512581560284014 928 -1.39076316356659 1.68746292591095 0.00896812230349 4
8512980858004514 928 -0.83245849609375 -2.38426423072815 0.00590318441391 10004
8513380155613115 928 -0.41563415527344 -3.85452270507813 0.0031224489212 20004
8513779453509816 928 0.1649169921875 -7.28579521179199 -0.00112593173981 30004
8514178751207913 928 1.15469360351563 3.88653039932251 -0.00677084922791 40004
8514578048904814 928 1.37380981445313 -2.26567912101746 -0.00781488418579 50004
8514977346650617 928 0.392822265625 7.90683460235596 -0.00222563743591 60004
8515376644424215 928 -0.033203125 6.35445928573608 0.00000953674316 70004
8515775942428913 928 -2.09100341796875 1.01572847366333 0.01412487030029 80004
8516175240193415 928 1.84161376953125 -1.30896806716919 -0.01288652420044 90004
8512581560284014 929 -1.20582282543182 2.03722023963928 0.00784507486969 4
8512980858004514 929 -1.16434478759766 -2.25731706619263 0.0077737569809 10004
8513380155613115 929 -0.19160461425781 -4.20459127426147 0.00199592113495 20004
8513779453509816 929 0.1092529296875 -6.91940116882324 -0.00112450122833 30004
8514178751207913 929 1.26309204101563 3.59236001968384 -0.00789761543274 40004
8514578048904814 929 1.63189697265625 -1.99010169506073 -0.01005148887634 50004
8514977346650617 929 0.303955078125 7.66334247589111 -0.00222373008728 60004
8515376644424215 929 0.029296875 5.93429327011108 0.00001335144043 70004
8515775942428913 929 -2.44256591796875 0.82510042190552 0.01624774932861 80004
8516175240193415 929 1.66876220703125 -1.65431451797485 -0.01084470748901 90004
8512581560284014 930 -1.08554494380951 2.41413044929504 0.00784506089985 4
8512980858004514 930 -1.31708526611328 -2.09956407546997 0.00777328014374 10004
8513380155613115 930 -0.16386413574219 -4.4105544090271 0.001993060112 20004
8513779453509816 930 0.1732177734375 -6.70182609558105 -0.00112068653107 30004
8514178751207913 930 1.50665283203125 3.26991128921509 -0.00902414321899 40004
8514578048904814 930 1.75006103515625 -1.63088119029999 -0.0111711025238 50004
8514977346650617 930 0.335205078125 7.30527210235596 -0.00221848487854 60004
8515376644424215 930 0.263671875 5.57993841171265 -0.00110673904419 70004
8515775942428913 930 -2.68084716796875 0.50380754470825 0.01624584197998 80004
8516175240193415 930 1.59356689453125 -2.03294825553894 -0.01084089279175 90004
8512581560284014 931 -0.85424745082855 2.72643303871155 0.00559895951301 4
8512980858004514 931 -1.50120544433594 -1.8370726108551 0.00982713699341 10004
8513380155613115 931 -0.09475708007813 -4.76740789413452 0.0008682012558 20004
8513779453509816 931 0.177490234375 -6.36974716186523 -0.00111865997314 30004
8514178751207913 931 1.68450927734375 2.90937376022339 -0.01015424728394 40004
8514578048904814 931 1.97369384765625 -1.33439433574677 -0.01229071617126 50004
8514977346650617 931 0.250732421875 6.96243381500244 -0.00221467018127 60004
8515376644424215 931 0.369140625 5.17622518539429 -0.00222682952881 70004
8515775942428913 931 -2.77044677734375 0.27657723426819 0.01830101013184 80004
8516175240193415 931 1.40386962890625 -2.36151576042175 -0.00882911682129 90004
8512581560284014 932 -0.65995395183563 3.06027555465698 0.00447590323165 4
8512980858004514 932 -1.71300506591797 -1.55257165431976 0.01188254356384 10004
8513380155613115 932 0.03414916992188 -5.15930700302124 0.0008659362793 20004
8513779453509816 932 0.158447265625 -5.99967575073242 -0.00111734867096 30004
8514178751207913 932 1.91180419921875 2.58651113510132 -0.01127934455872 40004
8514578048904814 932 2.21295166015625 -1.04276263713837 -0.01341080665588 50004
8514977346650617 932 0.204833984375 6.61451816558838 -0.00111961364746 60004
8515376644424215 932 0.517578125 4.78896474838257 -0.00222396850586 70004
8515775942428913 932 -2.79046630859375 0.17863917350769 0.01829528808594 80004
8516175240193415 932 1.25262451171875 -2.70677256584167 -0.00882577896118 90004
8512581560284014 933 -0.54041188955307 3.43741202354431 0.0044759050943 4
8512980858004514 933 -1.90807342529297 -1.26307153701782 0.01188153028488 10004
8513380155613115 933 0.16578674316406 -5.54568815231323 -0.00025844573975 20004
8513779453509816 933 0.1739501953125 -5.63545417785645 -0.00111591815948 30004
8514178751207913 933 2.17486572265625 2.28883409500122 -0.01352381706238 40004
8514578048904814 933 2.39508056640625 -0.71904706954956 -0.01452994346619 50004
8514977346650617 933 0.244873046875 6.25766277313232 -0.00112199783325 60004
8515376644424215 933 0.7783203125 4.45956754684448 -0.00446653366089 70004
8515775942428913 933 -2.78607177734375 0.17185026407242 0.01828861236572 80004
8516175240193415 933 1.14373779296875 -3.07181143760681 -0.00678873062134 90004
8512581560284014 934 -0.42307060956955 3.81524658203125 0.00335285905749 4
8512980858004514 934 -2.00090026855469 -0.92003870010376 0.01188033819199 10004
8513380155613115 934 0.16578674316406 -5.96126890182495 -0.00026035308838 20004
8513779453509816 934 0.3033447265625 -5.28825569152832 -0.00111305713654 30004
8514178751207913 934 2.33062744140625 1.91560077667236 -0.01464915275574 40004
8514578048904814 934 2.46395874023438 -0.34725046157837 -0.01565051078796 50004
8514977346650617 934 0.311279296875 5.90445232391357 -0.00112390518188 60004
8515376644424215 934 1.11767578125 4.20504331588745 -0.00670719146729 70004
8515775942428913 934 -2.76849365234375 0.14469462633133 0.01828479766846 80004
8516175240193415 934 0.93377685546875 -3.39606070518494 -0.00677871704102 90004
8512581560284014 935 -0.45742493867874 4.2093677520752 0.00335285975598 4
8512980858004514 935 -2.22999572753906 -0.64839345216751 0.01392072439194 10004
8513380155613115 935 0.34132385253906 -6.3379168510437 -0.00138437747955 20004
8513779453509816 935 0.2740478515625 -4.9188404083252 -0.00111174583435 30004
8514178751207913 935 2.61602783203125 1.62885189056396 -0.01577830314636 40004
8514578048904814 935 2.36923217773438 0.01898558437824 -0.01564836502075 50004
8514977346650617 935 0.408935546875 5.55850505828857 -0.00224447250366 60004
8515376644424215 935 1.31695556640625 3.83063268661499 -0.00782299041748 70004
8515775942428913 935 -2.57708740234375 0.01284388080239 0.01715707778931 80004
8516175240193415 935 0.88006591796875 -3.77828192710876 -0.00476837158203 90004
8512581560284014 936 -0.36443945765495 4.58669328689575 0.00335286045447 4
8512980858004514 936 -2.32207489013672 -0.45187970995903 0.01392066478729 10004
8513380155613116 936 0.09136962890625 -7.80422019958496 -0.00000047683716 20004
8513779453509816 936 0.36376953125 -4.56608772277832 -0.00223302841187 30004
8514178751207913 936 2.81817626953125 1.28406572341919 -0.01802396774292 40004
8514578048904814 936 2.16537475585938 0.32958093285561 -0.01358270645142 50004
8514977346650617 936 0.510986328125 5.21385669708252 -0.00223875045776 60004
8515376644424215 936 1.38458251953125 3.41892766952515 -0.00782108306885 70004
8515775942428913 936 -2.48602294921875 -0.02895859256387 0.01602935791016 80004
8516175240193415 936 0.70916748046875 -4.11702442169189 -0.00476598739624 90004
8512581560284014 937 -0.31389904022217 4.96962022781372 0.00222981348634 4
8512980858004514 937 -2.32315826416016 -0.23907186090946 0.01593381166458 10004
8513380155613116 937 0.15472412109375 -7.45747947692871 -0.00000190734863 20004
8513779453509816 937 0.43603515625 -4.20735359191895 -0.00223064422607 30004
8514178751207913 937 2.90679931640625 1.00091505050659 -0.01802372932434 40004
8514578048904814 937 1.9979248046875 0.65872305631638 -0.01358103752136 50004
8514977346650617 937 0.619873046875 4.87127780914307 -0.00335717201233 60004
8515376644424215 937 1.49639892578125 3.01965475082397 -0.0089430809021 70004
8515775942428913 937 -2.38250732421875 -0.05277375876904 0.01602458953857 80004
8516175240193415 937 0.57733154296875 -4.47025775909424 -0.00476217269897 90004
8512581560284014 938 -0.37537744641304 5.35743236541748 0.002229813952 4
8512980858004514 938 -2.24033355712891 0.02317817509174 0.01481050252914 10004
8513380155613116 938 0.1502685546875 -7.02229690551758 -0.00000286102295 20004
8513779453509816 938 0.489990234375 -3.84736251831055 -0.00222909450531 30004
8514178751207913 938 2.90850830078125 0.84928727149963 -0.01802349090576 40004
8514578048904814 938 1.86688232421875 1.00641191005707 -0.01154279708862 50004
8514977346650617 938 0.6953125 4.52629566192627 -0.00447559356689 60004
8515376644424215 938 1.651123046875 2.63281393051147 -0.01006460189819 70004
8515775942428913 938 -2.19647216796875 -0.12820126116276 0.01489686965942 80004
8516175240193415 938 0.52777099609375 -4.85295009613037 -0.00275182723999 90004
8512581560284014 939 -0.51822203397751 5.72630214691162 0.00222981488332 4
8512980858004514 939 -2.04070281982422 0.30984550714493 0.01368623971939 10004
8513380155613116 939 0.1177978515625 -6.57889175415039 -0.00000369548798 20004
8513779453509816 939 0.660400390625 -3.51820373535156 -0.0033495426178 30004
8514178751207913 939 2.90802001953125 0.84928727149963 -0.01802325248718 40004
8514578048904814 939 1.62664794921875 1.29845941066742 -0.01154041290283 50004
8514977346650617 939 0.654296875 4.16919422149658 -0.00447273254395 60004
8515376644424215 939 1.67315673828125 2.20867681503296 -0.01006126403809 70004
8515775942428913 939 -1.90057373046875 -0.32237938046455 0.01264524459839 80004
8516175240193415 939 0.49066162109375 -5.23706722259521 -0.0027494430542 90004
8512581560284014 940 -0.49177414178848 6.12103939056396 0.00428008427843 4
8512980858004514 940 -1.97991180419922 0.66002160310745 0.01368528604507 10004
8513380155613116 940 0.1021728515625 -6.13457107543945 -0.00000429153442 20004
8513779453509816 940 0.686279296875 -3.14852523803711 -0.00334739685059 30004
8514178751207913 940 2.84942626953125 0.65561890602112 -0.01802325248718 40004
8514578048904814 940 1.53875732421875 1.6394704580307 -0.0095317363739 50004
8514977346650617 940 0.7685546875 3.82825183868408 -0.00446796417236 60004
8515376644424215 940 1.8720703125 1.83426809310913 -0.01118278503418 70004
8515775942428913 940 -1.67889404296875 -0.65500378608704 0.01151752471924 80004
8516175240193415 940 0.61859130859375 -5.600417137146 -0.00387239456177 90004
8512581560284015 941 0.06552328169346 7.67298555374146 -0.00000000005821 4
8512980858004514 941 -1.81673431396484 0.96010380983353 0.01256150007248 10004
8513380155613116 941 -0.0504150390625 -5.73171854019165 -0.00000464916229 20004
8513779453509816 941 0.82821655273438 -2.81300449371338 -0.00447261333466 30004
8514178751207913 941 2.82232666015625 0.59358620643616 -0.01802325248718 40004
8514578048904814 941 1.33660888671875 1.94375884532928 -0.00952935218811 50004
8514977346650617 941 0.982421875 3.54734802246094 -0.00558471679688 60004
8515376644424215 941 2.175048828125 1.54977560043335 -0.01342582702637 70004
8515775942428913 941 -1.576904296875 -1.03456842899323 0.01038265228271 80004
8516175240193415 941 0.62274169921875 -5.97934246063232 -0.00387001037598 90004
8512581560284015 942 0.19088014960289 7.83519124984741 -0.00112304568756 4
8512980858004514 942 -1.58907318115234 1.22409784793854 0.01031404733658 10004
8513380155613116 942 -0.1573486328125 -5.31509256362915 -0.00000476837158 20004
8513779453509816 942 1.06826782226563 -2.54201221466064 -0.00672328472137 30004
8514178751207913 942 2.73297119140625 0.50512528419495 -0.0180230140686 40004
8514578048904814 942 1.176025390625 2.24473428726196 -0.00746846199036 50004
8514977346650617 942 1.25762939453125 3.32021522521973 -0.00782823562622 60004
8515376644424215 942 2.393310546875 1.32891321182251 -0.01454591751099 70004
8515775942428913 942 -1.43389892578125 -1.39848673343658 0.00924158096313 80004
8516175240193415 942 0.66815185546875 -6.35307598114014 -0.00386476516724 90004
8512581560284015 943 0.31927901506424 7.93957901000977 -0.00112304231152 4
8512980858004514 943 -1.36304473876953 1.49023449420929 0.00918996334076 10004
8513380155613116 943 -0.12701416015625 -4.87896156311035 0.00087678432465 20004
8513779453509816 943 1.33804321289063 -2.29759120941162 -0.00784862041473 30004
8514178751207913 943 2.59567260742188 0.38026833534241 -0.0160071849823 40004
8514578048904814 943 1.1201171875 2.57159376144409 -0.00746417045593 50004
8514977346650617 943 1.53497314453125 3.09935760498047 -0.00895881652832 60004
8515376644424215 943 2.468994140625 1.15489101409912 -0.01565980911255 70004
8515775942428913 943 -1.2508544921875 -1.74675810337067 0.00810146331787 80004
8516175240193416 943 0.018310546875 -7.96058654785156 -0.00000190734863 90004
8512581560284015 944 0.34275138378143 7.94586563110352 -0.00112303998321 4
8512980858004514 944 -1.23267364501953 1.82089579105377 0.0080646276474 10004
8513380155613116 944 0.04072570800781 -4.46738624572754 -0.00024783611298 20004
8513779453509816 944 1.51776123046875 -1.97345662117004 -0.00897181034088 30004
8514178751207913 944 2.53268432617188 0.35714507102966 -0.01601099967957 40004
8514578048904814 944 1.13784790039063 2.94932508468628 -0.00745463371277 50004
8514977346650617 944 1.7291259765625 2.79605102539063 -0.01008939743042 60004
8515376644424215 944 2.475830078125 1.02041530609131 -0.01565074920654 70004
8515775942428913 944 -1.1903076171875 -2.14196968078613 0.00808429718018 80004
8516175240193416 944 0.091552734375 -7.80293273925781 -0.00001049041748 90004
8512581560284015 945 0.34275138378143 7.94586563110352 -0.00112303625792 4
8512980858004514 945 -1.12154388427734 2.15851998329163 0.00806438922882 10004
8513380155613116 945 0.01924133300781 -4.02331733703613 -0.00024807453156 20004
8513779453509816 945 1.81121826171875 -1.74686169624329 -0.0112179517746 30004
8514178751207913 945 2.34274291992188 0.1662517786026 -0.01601338386536 40004
8514578048904814 945 0.99478149414063 3.29958295822144 -0.00744915008545 50004
8514977346650617 945 1.77655029296875 2.43964767456055 -0.01121950149536 60004
8515376644424215 945 2.400634765625 0.83549493551254 -0.01564121246338 70004
8515775942428913 945 -0.9686279296875 -2.4745922088623 0.00694417953491 80004
8516175240193416 945 0.091552734375 -7.63213348388672 -0.00001811981201 90004
8512581560284015 946 0.34275138378143 7.94586563110352 -0.00112303253263 4
8512980858004514 946 -0.91121673583984 2.43720364570618 0.00693988800049 10004
8513380155613116 946 -0.14157104492188 -3.61735057830811 0.00177097320557 20004
8513779453509816 946 2.12490844726563 -1.55030608177185 -0.01346445083618 30004
8514178751207913 946 2.01058959960938 0.01423815544695 -0.01399493217468 40004
8514578048904814 946 0.9730224609375 3.67044591903687 -0.00540494918823 50004
8514977346650617 946 1.93328857421875 2.12306690216064 -0.01235008239746 60004
8515376644424215 946 2.3958740234375 0.48096314072609 -0.01562547683716 70004
8515775942428913 946 -0.8677978515625 -2.85415554046631 0.00580501556396 80004
8516175240193416 946 0.05859375 -7.3043212890625 -0.00002241134644 90004
8512581560284015 947 0.34275138378143 7.94586563110352 -0.00112302880734 4
8512980858004514 947 -0.71414947509766 2.72770714759827 0.00469321012497 10004
8513380155613116 947 -0.41671752929688 -3.27930736541748 0.00176906585693 20004
8513779453509816 947 2.39138793945313 -1.30484080314636 -0.01458978652954 30004
8514178751207913 947 1.66976928710938 -0.18977454304695 -0.01185369491577 40004
8514578048904814 947 0.91085815429688 4.03444051742554 -0.0054030418396 50004
8514977346650617 947 2.14666748046875 1.83458232879639 -0.0134801864624 60004
8515376644424215 947 2.3245849609375 0.07871700823307 -0.01561260223389 70004
8515775942428913 947 -0.726806640625 -3.21807193756104 0.00578689575195 80004
8516175240193416 947 0.103515625 -6.91327667236328 -0.00002527236938 90004
8512581560284015 948 0.34275138378143 7.94586563110352 -0.00112302508205 4
8512980858004514 948 -0.60108184814453 3.05804085731506 0.00469201803207 10004
8513380155613116 948 -0.72181701660156 -2.96692085266113 0.00390148162842 20004
8513779453509816 948 2.56591796875 -0.9852506518364 -0.0157151222229 30004
8514178751207913 948 1.40341186523438 -0.48434898257256 -0.00981497764587 40004
8514578048904814 948 0.7718505859375 4.3861517906189 -0.00540375709534 50004
8514977346650617 948 2.33367919921875 1.586021900177 -0.01460671424866 60004
8515376644424215 948 2.1256103515625 -0.2885625064373 -0.01357412338257 70004
8515775942428913 948 -0.54736328125 -3.56634140014648 0.00353670120239 80004
8516175240193416 948 0.1943359375 -6.51013565063477 -0.00115633010864 90004
8512581560284015 949 0.34275138378143 7.94586563110352 -0.00112302135676 4
8512980858004514 949 -0.60071563720703 3.41346001625061 0.00469118356705 10004
8513380155613116 949 -0.91337585449219 -2.56565976142883 0.0059769153595 20004
8513779453509816 949 2.62890625 -0.62005347013474 -0.01684057712555 30004
8514178751207913 949 1.242919921875 -0.85573077201843 -0.00777387619019 40004
8514578048904814 949 0.6444091796875 4.74222326278687 -0.00336146354675 50004
8514977346650617 949 2.38153076171875 1.41276788711548 -0.0146062374115 60004
8515376644424215 949 1.8131103515625 -0.5774120092392 -0.0114893913269 70004
8515775942428913 949 -0.48876953125 -3.96155166625977 0.00353145599365 80004
8516175240193416 949 0.15625 -6.10338973999023 -0.00115966796875 90004
8512581560284015 950 0.32893824577332 7.90191268920898 -0.00112301809713 4
8512980858004514 950 -0.44993591308594 3.73542904853821 0.00356596708298 10004
8513380155613116 950 -1.19644165039063 -2.22289776802063 0.00807762145996 20004
8513779453509816 950 2.53173828125 -0.26247996091843 -0.01684129238129 30004
8514178751207913 950 1.11016845703125 -1.23779404163361 -0.00777459144592 40004
8514578048904814 950 0.3782958984375 5.01107549667358 -0.0033597946167 50004
8514977346650617 950 2.32196044921875 1.05834436416626 -0.01460576057434 60004
8515376644424215 950 1.59442138671875 -0.94232785701752 -0.00941324234009 70004
8515775942428913 950 -0.48876953125 -4.36136245727539 0.00352382659912 80004
8516175240193416 950 0.0224609375 -5.70126724243164 -0.00116300582886 90004
8512581560284015 951 0.32511621713638 7.75887107849121 -0.001123015536 4
8512980858004514 951 -0.41200256347656 4.08248138427734 0.00356501340866 10004
8513380155613116 951 -1.35092163085938 -1.81447219848633 0.00807678699493 20004
8513779453509816 951 2.32803344726563 0.03912307322025 -0.01482164859772 30004
8514178751207913 951 1.10821533203125 -1.63499891757965 -0.00778079032898 40004
8514578048904814 951 0.22314453125 5.32559537887573 -0.00127935409546 50004
8514977346650617 951 2.20013427734375 0.81441640853882 -0.01460528373718 60004
8515376644424215 951 1.3623046875 -1.29830157756805 -0.00941324234009 70004
8515775942428913 951 -0.36279296875 -4.73290061950684 0.00239515304565 80004
8516175240193416 951 0.025634765625 -5.28509140014648 0.00084447860718 90004
8512581560284015 952 0.32581597566605 7.48833656311035 -0.00112301297486 4
8512980858004514 952 -0.42097473144531 4.43766403198242 0.00356423854828 10004
8513380155613116 952 -1.54838562011719 -1.42792975902557 0.01011633872986 20004
8513779453509816 952 2.15982055664063 0.35938286781311 -0.01482260227203 30004
8514178751207913 952 1.09561157226563 -1.93164122104645 -0.00778484344482 40004
8514578048904814 952 0.153076171875 5.67924833297729 -0.00127720832825 50004
8514977346650617 952 2.03753662109375 0.55599164962769 -0.01254868507385 60004
8515376644424215 952 1.21044921875 -1.68469512462616 -0.00734806060791 70004
8515775942428913 952 -0.15350341796875 -5.06918525695801 0.00126600265503 80004
8516175240193416 952 -0.016845703125 -4.87360000610352 -0.00028324127197 90004
8512581560284015 953 0.35328003764153 7.1237850189209 -0.00224605808035 4
8512980858004514 953 -0.42198181152344 4.79180908203125 0.00356328487396 10004
8513380155613116 953 -1.82597351074219 -1.08094775676727 0.01216745376587 20004
8513779453509816 953 2.02713012695313 0.69829940795898 -0.0128093957901 30004
8514178751207913 953 1.05618286132813 -2.17547845840454 -0.00664091110229 40004
8514578048904815 953 0.0419921875 7.6226019859314 0.00000095367432 50004
8514977346650617 953 1.88446044921875 0.23525893688202 -0.01255249977112 60004
8515376644424215 953 1.120361328125 -2.09785485267639 -0.00734043121338 70004
8515775942428913 953 0.05963134765625 -5.39898490905762 0.00013113021851 80004
8516175240193416 953 -0.14056396484375 -4.46865653991699 0.00173425674438 90004
8512581560284015 954 0.45746645331383 6.76055240631104 -0.00224605039693 4
8512980858004514 954 -0.37107849121094 5.14356422424316 0.00243848562241 10004
8513380155613116 954 -2.08706665039063 -0.7213009595871 0.0141738653183 20004
8513779453509816 954 1.78787231445313 0.98124504089355 -0.01076471805573 30004
8514178751207913 954 1.09768676757813 -2.57773065567017 -0.00664806365967 40004
8514578048904815 954 0.2099609375 7.98312902450562 -0.00111961364746 50004
8514977346650617 954 1.82000732421875 -0.11841157823801 -0.01255583763123 60004
8515376644424215 954 0.959716796875 -2.49111199378967 -0.00530242919922 70004
8515775942428913 954 0.15631103515625 -5.78681755065918 -0.00099468231201 80004
8516175240193416 954 -0.23431396484375 -4.05525016784668 0.00173759460449 90004
8512581560284015 955 0.39838656783104 6.38734483718872 -0.00224604643881 4
8512980858004514 955 -0.35716247558594 5.49872016906738 0.00243842601776 10004
8513380155613116 955 -2.12954711914063 -0.50308501720428 0.01417219638824 20004
8513779453509816 955 1.69070434570313 1.33881759643555 -0.01076459884644 30004
8514178751207913 955 0.96536254882813 -2.9597954750061 -0.00665187835693 40004
8514578048904815 955 0.3623046875 8.11098194122314 -0.00224089622498 50004
8514977346650617 955 1.61199951171875 -0.41183716058731 -0.01053094863892 60004
8515376644424215 955 0.980224609375 -2.91540932655334 -0.00530004501343 70004
8515775942428913 955 0.35552978515625 -6.13341331481934 -0.00211906433105 80004
8516175240193416 955 -0.49407958984375 -3.71979331970215 0.00381135940552 90004
8512581560284015 956 0.46175590157509 6.02162075042725 -0.00224603945389 4
8512980858004514 956 -0.45677185058594 5.83329391479492 0.00243818759918 10004
8513380155613116 956 -2.06362915039063 -0.14173972606659 0.01416945457458 20004
8513779453509816 956 1.48696899414063 1.64041996002197 -0.00873041152954 30004
8514178751207913 956 0.78451538085938 -3.32012796401978 -0.00458669662476 40004
8514578048904815 956 0.400390625 8.14294528961182 -0.00223708152771 50004
8514977346650617 956 1.51165771484375 -0.75044614076614 -0.01053428649902 60004
8515376644424215 956 0.865234375 -3.31642651557922 -0.00529813766479 70004
8515775942428913 956 0.43096923828125 -6.51882743835449 -0.00212097167969 80004
8516175240193416 956 -0.62933349609375 -3.32587146759033 0.00381422042847 90004
8512581560284015 957 0.49184587597847 5.70103120803833 -0.00224603596143 4
8512980858004515 957 0.03326416015625 7.60375547409058 -0.00000023841858 10004
8513380155613116 957 -1.94863891601563 0.27569726109505 0.01304340362549 20004
8513779453509816 957 1.319091796875 1.96067905426025 -0.00873255729675 30004
8514178751207913 957 0.67141723632813 -3.69832468032837 -0.00459027290344 40004
8514578048904815 957 0.400390625 8.14294528961182 -0.00223326683044 50004
8514977346650617 957 1.4031982421875 -1.08986449241638 -0.00852537155151 60004
8515376644424215 957 0.7900390625 -3.72539830207825 -0.00529623031616 70004
8515775942428914 957 0.03515625 -7.92477035522461 0 80004
8516175240193416 957 -0.80609130859375 -2.95143795013428 0.00582027435303 90004
8512581560284015 958 0.48488989472389 5.40175485610962 -0.00224603153765 4
8512980858004515 958 0.0831298828125 7.71067190170288 -0.00000047683716 10004
8513380155613116 958 -1.78324890136719 0.68191200494766 0.01191675662994 20004
8513779453509816 958 1.2177734375 2.31687998771667 -0.00873517990112 30004
8514178751207913 958 0.61380004882813 -4.09542512893677 -0.00459384918213 40004
8514578048904815 958 0.400390625 8.14294528961182 -0.00222945213318 50004
8514977346650617 958 1.2889404296875 -1.42359900474548 -0.00852918624878 60004
8515376644424215 958 0.771240234375 -4.14682579040527 -0.00529479980469 70004
8515775942428914 958 0.087890625 -7.71197319030762 -0.00000190734863 80004
8516175240193416 958 -1.03192138671875 -2.59845733642578 0.00582313537598 90004
8512581560284015 959 0.58907550573349 5.03852605819702 -0.00336907152086 4
8512980858004515 959 0.0831298828125 7.71067190170288 -0.00000047683716 10004
8513380155613116 959 -1.50595092773438 1.02931451797485 0.01079154014587 20004
8513779453509816 959 1.1021728515625 2.6689612865448 -0.00671625137329 30004
8514178751207913 959 0.47122192382813 -4.47391176223755 -0.00255179405212 40004
8514578048904815 959 0.400390625 8.14294528961182 -0.00222563743591 50004
8514977346650617 959 1.2889404296875 -1.78303694725037 -0.00853300094604 60004
8515376644424215 959 0.666748046875 -4.5584774017334 -0.00529336929321 70004
8515775942428914 959 0.087890625 -7.31216239929199 -0.00000190734863 80004
8516175240193416 959 -1.15594482421875 -2.19290542602539 0.00783920288086 90004
8512581560284015 960 0.83701294660568 4.75335168838501 -0.00449210777879 4
8512980858004515 960 0.0831298828125 7.71067190170288 -0.00000047683716 10004
8513380155613116 960 -1.40121459960938 1.46142053604126 0.00966620445251 20004
8513779453509816 960 1.1075439453125 3.03949809074402 -0.00671815872192 30004
8514178751207913 960 0.50198364257813 -4.87710952758789 -0.00255274772644 40004
8514578048904815 960 0.400390625 8.14294528961182 -0.00222182273865 50004
8514977346650617 960 1.2137451171875 -1.9456193447113 -0.00853610038757 60004
8515376644424215 960 0.520263671875 -4.95707511901855 -0.00329113006592 70004
8515775942428914 960 0.28515625 -6.88837242126465 -0.00112676620483 80004
8516175240193416 960 -1.43896484375 -1.87719345092773 0.00986909866333 90004
8512581560284015 961 0.97713655233383 4.40963649749756 -0.00561515521258 4
8512980858004515 961 0.0831298828125 7.71067190170288 -0.00000047683716 10004
8513380155613116 961 -1.16702270507813 1.82999897003174 0.00854086875916 20004
8513779453509816 961 0.9949951171875 3.38571333885193 -0.0067195892334 30004
8514178751207913 961 0.43313598632813 -5.27140998840332 -0.00255465507507 40004
8514578048904815 961 0.4117431640625 8.01123523712158 -0.00222015380859 50004
8514977346650617 961 1.0418701171875 -2.20829749107361 -0.00650548934937 60004
8515376644424215 961 0.385498046875 -5.35991287231445 -0.00328922271729 70004
8515775942428914 961 0.46923828125 -6.4601993560791 -0.00225257873535 80004
8516175240193416 961 -1.73919677734375 -1.57784795761108 0.01189756393433 90004
8512581560284015 962 1.12233829498291 4.06361722946167 -0.00673819053918 4
8512980858004515 962 0.0831298828125 7.71067190170288 -0.00000047683716 10004
8513380155613116 962 -0.97552490234375 2.21975326538086 0.00628912448883 20004
8513779453509816 962 0.9044189453125 3.73947882652283 -0.00672113895416 30004
8514178751207913 962 0.41873168945313 -5.66593742370605 -0.00255584716797 40004
8514578048904815 962 0.3682861328125 7.78305530548096 -0.00221872329712 50004
8514977346650617 962 0.9100341796875 -2.53354811668396 -0.006502866745 60004
8515376644424215 962 0.346435546875 -5.77280426025391 -0.0012731552124 70004
8515775942428914 962 0.5498046875 -6.01177024841309 -0.00337648391724 80004
8516175240193416 962 -1.96917724609375 -1.23323392868042 0.01190662384033 90004
8512581560284015 963 1.28166449069977 3.72461009025574 -0.00786123052239 4
8512980858004515 963 0.0831298828125 7.71067190170288 -0.00000047683716 10004
8513380155613116 963 -0.82785034179688 2.63068294525146 0.00628554821014 20004
8513779453509816 963 0.84298706054688 4.10034370422363 -0.0046774148941 30004
8514178751207913 963 0.44815063476563 -6.06206130981445 -0.00255703926086 40004
8514578048904815 963 0.257568359375 7.47910976409912 -0.00221705436707 50004
8514977346650617 963 0.8577880859375 -2.88892531394959 -0.00649929046631 60004
8515376644424215 963 0.4423828125 -6.17891120910645 -0.00239515304565 70004
8515775942428914 963 0.53564453125 -5.54445266723633 -0.00337648391724 80004
8516175240193416 963 -2.07733154296875 -0.83105355501175 0.01394081115723 90004
8512581560284015 964 1.36031663417816 3.35501742362976 -0.00786122959107 4
8512980858004515 964 0.0831298828125 7.71067190170288 -0.00000047683716 10004
8513380155613116 964 -0.55081176757813 2.97808361053467 0.0040397644043 20004
8513779453509816 964 0.68511962890625 4.43553352355957 -0.00467944145203 30004
8514178751207914 964 0 -8 0 40004
8514578048904815 964 0.120849609375 7.10556697845459 -0.00016522407532 50004
8514977346650617 964 0.8275146484375 -3.24706053733826 -0.00449538230896 60004
8515376644424216 964 0 -8 0 70004
8515775942428914 964 0.53466796875 -5.07685470581055 -0.00337743759155 80004
8516175240193416 964 -2.04998779296875 -0.40834695100784 0.01395845413208 90004
8512581560284015 965 1.58780384063721 3.05327916145325 -0.01010730117559 4
8512980858004515 965 0.0831298828125 7.71067190170288 -0.00000047683716 10004
8513380155613116 965 -0.44607543945313 3.41018962860107 0.00291478633881 20004
8513779453509816 965 0.68365478515625 4.80610847473145 -0.00468099117279 30004
8514178751207914 965 0.15576171875 -7.65205383300781 -0.00000238418579 40004
8514578048904815 965 0.154541015625 6.70921230316162 -0.00016331672668 50004
8514977346650617 965 0.6488037109375 -3.55870985984802 -0.00449299812317 60004
8515376644424216 965 0.095703125 -7.79469299316406 0.00000190734863 70004
8515775942428914 965 0.47119140625 -4.61359024047852 -0.00337886810303 80004
8516175240193416 965 -1.85760498046875 -0.03162890672684 0.01285362243652 90004
8512581560284015 966 1.70366668701172 2.70064640045166 -0.01010726578534 4
8512980858004515 966 0.11837768554688 7.64960622787476 -0.00000107288361 10004
8513380155613116 966 -0.32449340820313 3.83773231506348 0.00291311740875 20004
8513779453509816 966 0.56463623046875 5.15014457702637 -0.00468266010284 30004
8514178751207914 966 0.1903076171875 -7.27917098999023 -0.00112652778625 40004
8514578048904815 966 0.29736328125 6.34384822845459 -0.00128293037415 50004
8514977346650617 966 0.5814208984375 -3.90522360801697 -0.00449013710022 60004
8515376644424216 966 0.173828125 -7.59473609924316 0.00000286102295 70004
8515775942428914 966 0.559326171875 -4.16274261474609 -0.00337886810303 80004
8516175240193416 966 -1.79779052734375 0.38008123636246 0.01174163818359 90004
8512581560284015 967 1.85673797130585 2.3649799823761 -0.01123029459268 4
8512980858004515 967 0.14187622070313 7.60889577865601 -0.00000202655792 10004
8513380155613116 967 -0.27554321289063 4.2725567817688 0.0017876625061 20004
8513779453509816 967 0.38226318359375 5.40373420715332 -0.00262916088104 30004
8514178751207914 967 0.1715087890625 -6.89860916137695 -0.00112700462341 40004
8514578048904815 967 0.51953125 6.01808834075928 -0.00240397453308 50004
8514977346650617 967 0.4954833984375 -4.24951791763306 -0.00247550010681 60004
8515376644424216 967 0.19287109375 -7.2981128692627 -0.00111961364746 70004
8515775942428914 967 0.760498046875 -3.74634623527527 -0.00450563430786 80004
8516175240193416 967 -1.69378662109375 0.78012758493423 0.01175355911255 90004
8512581560284015 968 2.08110690116882 2.06099152565002 -0.01235333550721 4
8512980858004515 968 0.14059448242188 7.55937147140503 -0.0000028014183 10004
8513380155613116 968 -0.25729370117188 4.70888566970825 0.00178480148315 20004
8513779453509816 968 0.20843505859375 5.57294082641602 -0.00060498714447 30004
8514178751207914 968 0.1806640625 -6.52424240112305 -0.00112771987915 40004
8514578048904815 968 0.73300170898438 5.74812412261963 -0.00464749336243 50004
8514977346650617 968 0.3922119140625 -4.58717203140259 -0.0024733543396 60004
8515376644424216 968 0.193359375 -6.90614700317383 -0.00111770629883 70004
8515775942428914 968 0.977294921875 -3.34143328666687 -0.00563144683838 80004
8516175240193416 968 -1.50457763671875 1.15840148925781 0.01064682006836 90004
8512581560284015 969 2.2961266040802 1.75024151802063 -0.01459940429777 4
8512980858004515 969 0.13546752929688 7.36127424240112 -0.00000327825546 10004
8513380155613116 969 -0.09638977050781 5.12332201004028 0.00065851211548 20004
8513779453509816 969 0.13275146484375 5.73379898071289 -0.00060570240021 30004
8514178751207914 969 0.3125 -6.16656112670898 -0.00112915039063 40004
8514578048904815 969 0.79159545898438 5.55772495269775 -0.00465083122253 50004
8514977346650617 969 0.4039306640625 -4.94643259048462 -0.00247049331665 60004
8515376644424216 969 0.2978515625 -6.52350234985352 -0.00111484527588 70004
8515775942428914 969 1.053466796875 -2.880038022995 -0.00675535202026 80004
8516175240193416 969 -1.3232421875 1.54134178161621 0.00953149795532 90004
8512581560284015 970 2.44736456871033 1.40395331382751 -0.01572242751718 4
8512980858004515 970 0.28472900390625 6.99404716491699 -0.00112789869308 10004
8513380155613116 970 -0.12593078613281 5.56694841384888 0.00065803527832 20004
8513779453509816 970 0.13128662109375 6.09692764282227 -0.00060629844666 30004
8514178751207914 970 0.28076171875 -5.7866325378418 -0.00112986564636 40004
8514578048904815 970 0.73544311523438 5.16397953033447 -0.00465226173401 50004
8514977346650617 970 0.2623291015625 -5.27688455581665 -0.0024676322937 60004
8515376644424216 970 0.23046875 -6.13274002075195 -0.00111389160156 70004
8515775942428914 970 1.317138671875 -2.49395251274109 -0.00788021087646 80004
8516175240193416 970 -1.3203125 1.96503067016602 0.00953435897827 90004
8512581560284015 971 2.48169803619385 1.17572164535522 -0.01572242751718 4
8512980858004515 971 0.30908203125 6.64780807495117 -0.0011283159256 10004
8513380155613116 971 -0.29374694824219 5.97005796432495 0.00266230106354 20004
8513779453509817 971 0.0523681640625 7.6450514793396 -0.00000095367432 30004
8514178751207914 971 0.3533935546875 -5.47328567504883 -0.00225424766541 40004
8514578048904815 971 0.80856323242188 4.77995014190674 -0.00465559959412 50004
8514977346650617 971 0.2357177734375 -5.62894296646118 -0.00246453285217 60004
8515376644424216 971 0.26416015625 -5.84800720214844 -0.00111293792725 70004
8515775942428914 971 1.6856689453125 -2.21860861778259 -0.0101375579834 80004
8516175240193416 971 -1.19708251953125 2.33256220817566 0.0084171295166 90004
8512581560284015 972 2.39624047279358 0.91384881734848 -0.01572243310511 4
8512980858004515 972 0.37501525878906 6.29457378387451 -0.00225222110748 10004
8513380155613117 972 0.0589599609375 7.65882444381714 -0.00000023841858 20004
8513779453509817 972 0.0872802734375 7.72010564804077 -0.00000190734863 30004
8514178751207914 972 0.3936767578125 -5.13755798339844 -0.00225424766541 40004
8514578048904815 972 0.84915161132813 4.39141941070557 -0.00465607643127 50004
8514977346650617 972 0.3226318359375 -5.96894693374634 -0.00246024131775 60004
8515376644424216 972 0.26416015625 -5.52793121337891 -0.00111150741577 70004
8515775942428914 972 2.01898193359375 -1.90635085105896 -0.0123987197876 80004
8516175240193416 972 -1.1141357421875 2.71881365776062 0.00729846954346 90004
8512581560284015 973 2.24625086784363 0.57170218229294 -0.01368692796677 4
8512980858004515 973 0.48183441162109 5.92019891738892 -0.00225412845612 10004
8513380155613117 973 0.16339111328125 7.86177968978882 -0.0000011920929 20004
8513779453509817 973 0.0872802734375 7.72010564804077 -0.00000190734863 30004
8514178751207914 973 0.3680419921875 -4.75717926025391 -0.00225424766541 40004
8514578048904815 973 0.85757446289063 4.00074481964111 -0.00465822219849 50004
8514977346650617 973 0.4593505859375 -6.25240182876587 -0.00245451927185 60004
8515376644424216 973 0.23974609375 -5.13919830322266 -0.0011100769043 70004
8515775942428914 973 2.31182861328125 -1.54944014549255 -0.01465606689453 80004
8516175240193416 973 -1.0904541015625 3.08444952964783 0.00730180740356 90004
8512581560284015 974 2.14504146575928 0.20765960216522 -0.01368693169206 4
8512980858004515 974 0.46181488037109 5.52437829971313 -0.00225526094437 10004
8513380155613117 974 0.22735595703125 7.91547536849976 -0.00112426280975 20004
8513779453509817 974 0.0872802734375 7.72010564804077 -0.00000190734863 30004
8514178751207914 974 0.3460693359375 -4.37657165527344 -0.00225472450256 40004
8514578048904815 974 0.99261474609375 3.62685871124268 -0.00577807426453 50004
8514977346650618 974 0 -8 0 60004
8515376644424216 974 0.34423828125 -4.75655364990234 -0.00110816955566 70004
8515775942428914 974 2.69171142578125 -1.28005385398865 -0.01690435409546 80004
8516175240193416 974 -1.0015869140625 3.27592062950134 0.00731325149536 90004
8512581560284015 975 1.90665745735168 -0.08541138470173 -0.01162488758564 4
8512980858004515 975 0.61092376708984 5.157151222229 -0.00337916612625 10004
8513380155613117 975 0.22735595703125 7.91547536849976 -0.00112426280975 20004
8513779453509817 975 0.0872802734375 7.72010564804077 -0.00000190734863 30004
8514178751207914 975 0.4871826171875 -4.02236175537109 -0.00225615501404 40004
8514578048904815 975 1.20455932617188 3.29069995880127 -0.00689363479614 50004
8514977346650618 975 0.0517578125 -7.88824462890625 -0.00000238418579 60004
8515376644424216 975 0.58935546875 -4.4447021484375 -0.00335216522217 70004
8515775942428914 975 2.9232177734375 -0.87438148260117 -0.01803731918335 80004
8516175240193416 975 -0.8746337890625 3.67957663536072 0.00619459152222 90004
8512581560284015 976 1.72840058803558 -0.41601490974426 -0.01162487920374 4
8512980858004515 976 0.63317108154297 4.76848316192627 -0.00337934494019 10004
8513380155613117 976 0.22735595703125 7.91547536849976 -0.00112426280975 20004
8513779453509817 976 0.0872802734375 7.72010564804077 -0.00000190734863 30004
8514178751207914 976 0.73056030273438 -3.73772835731506 -0.00450420379639 40004
8514578048904815 976 1.42599487304688 2.96087265014648 -0.00912928581238 50004
8514977346650618 976 0.064697265625 -7.64268493652344 -0.00000619888306 60004
8515376644424216 976 0.718017578125 -4.07713508605957 -0.0044732093811 70004
8515775942428914 976 3.0106201171875 -0.42350643873215 -0.01917552947998 80004
8516175240193416 976 -0.6290283203125 4.01405572891235 0.00507736206055 90004
8512581560284015 977 1.50513005256653 -0.7096032500267 -0.0095635810867 4
8512980858004515 977 0.69553375244141 4.38612079620361 -0.00337916612625 10004
8513380155613117 977 0.22735595703125 7.91547536849976 -0.00112426280975 20004
8513779453509817 977 0.0872802734375 7.72010564804077 -0.00000190734863 30004
8514178751207914 977 1.03045654296875 -3.50444436073303 -0.00563478469849 40004
8514578048904815 977 1.63812255859375 2.62512588500977 -0.01024222373962 50004
8514977346650618 977 0.002685546875 -7.34275817871094 -0.00000858306885 60004
8515376644424216 977 0.822021484375 -3.69485354423523 -0.00446844100952 70004
8515775942428914 977 2.9495849609375 0.02891554497182 -0.01918506622314 80004
8516175240193416 977 -0.3819580078125 4.35347986221313 0.00283670425415 90004
8512581560284015 978 1.24933803081512 -0.97843313217163 -0.00747454026714 4
8512980858004515 978 0.82920074462891 4.01360893249512 -0.00450229644775 10004
8513380155613117 978 0.22735595703125 7.91547536849976 -0.00112426280975 20004
8513779453509817 978 0.0872802734375 7.72010564804077 -0.00000190734863 30004
8514178751207914 978 1.24880981445313 -3.25857496261597 -0.00710248947144 40004
8514578048904815 978 1.86041259765625 2.29886436462402 -0.01135849952698 50004
8514977346650618 978 -0.08642578125 -7.03693580627441 -0.00000953674316 60004
8515376644424216 978 0.9775390625 -3.33781313896179 -0.00559043884277 70004
8515775942428914 978 2.74554443359375 0.44049608707428 -0.01714324951172 80004
8516175240193416 978 -0.2166748046875 4.73459672927856 0.00171804428101 90004
8512581560284015 979 1.09113562107086 -1.32154250144959 -0.00747453840449 4
8512980858004515 979 0.93009185791016 3.63033866882324 -0.00562644004822 10004
8513380155613117 979 0.22735595703125 7.91547536849976 -0.00112426280975 20004
8513779453509817 979 0.0872802734375 7.72010564804077 -0.00000190734863 30004
8514178751207914 979 1.24832153320313 -2.93685483932495 -0.00710344314575 40004
8514578048904815 979 2.14898681640625 2.02514839172363 -0.01360011100769 50004
8514977346650618 979 -0.07080078125 -6.74272346496582 -0.00001049041748 60004
8515376644424216 979 1.24371337890625 -3.04491686820984 -0.00782442092896 70004
8515775942428914 979 2.41253662109375 0.77011358737946 -0.01513195037842 80004
8516175240193416 979 -0.1824951171875 5.15676927566528 0.0017237663269 90004
8512581560284015 980 0.95470196008682 -1.67385792732239 -0.00542570231482 4
8512980858004515 980 1.05721282958984 3.25497150421143 -0.00675088167191 10004
8513380155613117 980 0.22735595703125 7.91547536849976 -0.00112426280975 20004
8513779453509817 980 0.0711669921875 7.52325201034546 -0.00000262260437 30004
8514178751207914 980 1.49359130859375 -2.64588117599487 -0.00935196876526 40004
8514578048904815 980 2.29498291015625 1.65508282184601 -0.01471948623657 50004
8514977346650618 980 0.08642578125 -6.44843482971191 -0.00001239776611 60004
8515376644424216 980 1.36187744140625 -2.66649508476257 -0.00782060623169 70004
8515775942428914 980 2.17169189453125 1.1713320016861 -0.01513528823853 80004
8516175240193416 980 -0.3289794921875 5.55457353591919 0.0017261505127 90004
8512581560284015 981 0.93951261043549 -2.04471158981323 -0.00542569393292 4
8512980858004515 981 1.06597137451172 2.86476802825928 -0.00675064325333 10004
8513380155613117 981 0.188720703125 7.77419233322144 -0.00112438201904 20004
8513779453509817 981 0.11767578125 7.21971654891968 -0.00000393390656 30004
8514178751207914 981 1.68145751953125 -2.31659269332886 -0.01048254966736 40004
8514578048904815 981 2.32086181640625 1.38978350162506 -0.01472067832947 50004
8514977346650618 981 0.1396484375 -6.12495803833008 -0.00001382827759 60004
8515376644424216 981 1.578125 -2.34043574333191 -0.01006364822388 70004
8515775942428914 981 1.98345947265625 1.59811508655548 -0.01305198669434 80004
8516175240193416 981 -0.3399658203125 5.97065401077271 0.00173091888428 90004
8512581560284015 982 0.88390064239502 -2.40939474105835 -0.00542568555102 4
8512980858004515 982 1.12017059326172 2.48166608810425 -0.00675058364868 10004
8513380155613117 982 0.0928955078125 7.56091451644897 -0.00112450122833 20004
8513779453509817 982 0.104248046875 6.85836172103882 -0.00000512599945 30004
8514178751207914 982 1.88385009765625 -1.99599015712738 -0.01161050796509 40004
8514578048904815 982 2.21905517578125 1.09976160526276 -0.01472187042236 50004
8514977346650618 982 0.2275390625 -5.81121063232422 -0.00113868713379 60004
8515376644424216 982 1.87939453125 -2.09890270233154 -0.01118469238281 70004
8515775942428914 982 1.73541259765625 1.9839745759964 -0.01102304458618 80004
8516175240193417 982 0.08642578125 7.71755933761597 -0.00000476837158 90004
8512581560284015 983 0.78787082433701 -2.76789617538452 -0.0054256808944 4
8512980858004515 983 1.21689605712891 2.10460710525513 -0.00787389278412 10004
8513380155613117 983 -0.02156066894531 7.28508520126343 0.00090789794922 20004
8513779453509817 983 0.052734375 6.47377729415894 -0.00000584125519 30004
8514178751207914 983 2.08306884765625 -1.67888057231903 -0.01273345947266 40004
8514578048904815 983 2.05377197265625 0.74081027507782 -0.01266145706177 50004
8514977346650618 983 0.35009765625 -5.50719261169434 -0.00114154815674 60004
8515376644424216 983 2.20703125 -1.89090573787689 -0.013427734375 70004
8515775942428914 983 1.45379638671875 2.34682178497314 -0.0089282989502 80004
8516175240193417 983 0.2470703125 8.02129364013672 -0.00113582611084 90004
8512581560284015 984 0.8131051659584 -3.14492225646973 -0.00542567111552 4
8512980858004515 984 1.18637847900391 1.70946931838989 -0.00787436962128 10004
8513380155613117 984 -0.05891418457031 6.89627599716187 0.00090718269348 20004
8513779453509817 984 0.12939453125 6.08628034591675 -0.00000774860382 30004
8514178751207914 984 2.17117309570313 -1.30788218975067 -0.01385807991028 40004
8514578048904815 984 1.96099853515625 0.3540064394474 -0.01265931129456 50004
8514977346650618 984 0.36865234375 -5.17398643493652 -0.00226187705994 60004
8515376644424216 984 2.4541015625 -1.5823005437851 -0.01566886901855 70004
8515775942428914 984 1.30230712890625 2.78896808624268 -0.00893592834473 80004
8516175240193417 984 0.37109375 8.12569427490234 -0.00226640701294 90004
8512581560284015 985 0.6766614317894 -3.49722862243652 -0.00542566506192 4
8512980858004515 985 1.32566070556641 1.33840656280518 -0.00787568092346 10004
8513380155613117 985 0.00285339355469 6.51067876815796 0.00090563297272 20004
8513779453509817 985 0.36279296875 5.76751661300659 -0.00225305557251 30004
8514178751207914 985 2.40814208984375 -1.00873744487762 -0.01498794555664 40004
8514578048904815 985 1.71343994140625 0.04269980639219 -0.01059103012085 50004
8514977346650618 985 0.32275390625 -4.84347343444824 -0.00225973129272 60004
8515376644424216 985 2.5478515625 -1.19737660884857 -0.01564979553223 70004
8515775942428914 985 0.97711181640625 3.12538242340088 -0.00692415237427 80004
8516175240193417 985 0.37109375 8.12569427490234 -0.00226640701294 90004
8512581560284015 986 0.66148471832275 -3.86808228492737 -0.00341522088274 4
8512980858004515 986 1.57269287109375 1.03759479522705 -0.01012176275253 10004
8513380155613117 986 -0.06192016601563 6.13245725631714 0.00090456008911 20004
8513779453509817 986 0.4786376953125 5.39720296859741 -0.00225043296814 30004
8514178751207914 986 2.53338623046875 -0.65570151805878 -0.01611661911011 40004
8514578048904815 986 1.47723388671875 -0.2773297727108 -0.0105893611908 50004
8514977346650618 986 0.384521484375 -4.5215892791748 -0.00225400924683 60004
8515376644424216 986 2.513427734375 -0.80930936336517 -0.01563930511475 70004
8515775942428914 986 0.83868408203125 3.3752908706665 -0.00482749938965 80004
8516175240193417 986 0.37109375 8.12569427490234 -0.00226640701294 90004
8512581560284015 987 0.60587161779404 -4.23276805877686 -0.00341521669179 4
8512980858004515 987 1.78384399414063 0.71335852146149 -0.0112464427948 10004
8513380155613117 987 -0.19004821777344 5.76407194137573 0.00090336799622 20004
8513779453509817 987 0.6082763671875 5.02833700180054 -0.00337111949921 30004
8514178751207914 987 2.53875732421875 -0.2835351228714 -0.01612091064453 40004
8514578048904815 987 1.32342529296875 -0.63422292470932 -0.00856614112854 50004
8514977346650618 987 0.474365234375 -4.20041465759277 -0.0022497177124 60004
8515376644424216 987 2.357666015625 -0.45455595850945 -0.0156307220459 70004
8515775942428914 987 0.82501220703125 3.71834087371826 -0.00482988357544 80004
8516175240193417 987 0.37109375 8.12569427490234 -0.00226640701294 90004
8512581560284015 988 0.50984001159668 -4.59127521514893 -0.00341521203518 4
8512980858004515 988 1.95895385742188 0.36572194099426 -0.01237010955811 10004
8513380155613117 988 -0.33059692382813 5.40008354187012 0.00293231010437 20004
8513779453509817 988 0.75906372070313 4.66780042648315 -0.00449514389038 30004
8514178751207914 988 2.42388916015625 0.07289262861013 -0.01612329483032 40004
8514578048904815 988 1.26409912109375 -1.02676057815552 -0.00856018066406 50004
8514977346650618 988 0.5888671875 -3.89336323738098 -0.00336837768555 60004
8515376644424216 988 2.16259765625 -0.11698385328054 -0.01357984542847 70004
8515775942428914 988 0.82354736328125 4.17764759063721 -0.00483131408691 80004
8516175240193417 988 0.37109375 8.12569427490234 -0.00226640701294 90004
8512581560284015 989 0.53507494926453 -4.96830081939697 -0.00341520505026 4
8512980858004515 989 2.24198913574219 0.08830857276917 -0.01349419355392 10004
8513380155613117 989 -0.44607543945313 5.02692985534668 0.00293171405792 20004
8513779453509817 989 0.81326293945313 4.27635908126831 -0.00449919700623 30004
8514178751207914 989 2.19613647460938 0.37860330939293 -0.01411890983582 40004
8514578048904815 989 1.25091552734375 -1.42436456680298 -0.00855445861816 50004
8514977346650618 989 0.80078125 -3.63518452644348 -0.00448608398438 60004
8515376644424216 989 2.08544921875 0.27213108539581 -0.01357889175415 70004
8515775942428914 989 0.67120361328125 4.61979389190674 -0.00483274459839 80004
8516175240193417 989 0.37109375 8.12569427490234 -0.00226640701294 90004
8512581560284015 990 0.39862835407257 -5.3206148147583 -0.00341520272195 4
8512980858004515 990 2.60831451416016 -0.063078135252 -0.01574087142944 10004
8513380155613117 990 -0.54667663574219 4.6495418548584 0.00293111801147 20004
8513779453509817 990 0.79080200195313 3.88201093673706 -0.00450122356415 30004
8514178751207914 990 2.11898803710938 0.75193643569946 -0.01412153244019 40004
8514578048904815 990 1.07122802734375 -1.77941179275513 -0.00653457641602 50004
8514977346650618 990 1.1015625 -3.49055409431458 -0.00672769546509 60004
8515376644424216 990 1.85107421875 0.59252238273621 -0.01154470443726 70004
8515775942428914 990 0.34600830078125 4.95620441436768 -0.00272607803345 80004
8516175240193417 990 0.37109375 8.12569427490234 -0.00226640701294 90004
8512581560284015 991 0.38345807790756 -5.69145488739014 -0.00140472548082 4
8512980858004515 991 2.86538696289063 -0.28122889995575 -0.01798862218857 10004
8513380155613117 991 -0.75991821289063 4.33054733276367 0.0050288438797 20004
8513779453509817 991 0.895263671875 3.50807905197144 -0.0056277513504 30004
8514178751207914 991 1.92868041992188 1.07455253601074 -0.01212096214294 40004
8514578048904815 991 1.01641845703125 -2.16637587547302 -0.00653338432312 50004
8514977346650618 991 1.24334716796875 -3.26076245307922 -0.00706577301025 60004
8515376644424216 991 1.6533203125 0.93593525886536 -0.01154375076294 70004
8515775942428914 991 0.15045166015625 5.37191677093506 -0.00070190429688 80004
8516175240193417 991 0.30810546875 7.95230484008789 -0.00226831436157 90004
8512581560284015 992 0.48718631267548 -6.04549551010132 -0.00252776872367 4
8512980858004515 992 2.99497985839844 -0.46250641345978 -0.01911228895187 10004
8513380155613117 992 -0.93548583984375 3.99210548400879 0.00502812862396 20004
8513779453509817 992 1.03131103515625 3.13731145858765 -0.00563168525696 30004
8514178751207914 992 1.77609252929688 1.4140739440918 -0.01212072372437 40004
8514578048904815 992 0.96002197265625 -2.46341109275818 -0.00653171539307 50004
8514977346650618 992 1.28466796875 -2.97000050544739 -0.00818848609924 60004
8515376644424216 992 1.55157470703125 1.30952560901642 -0.00947952270508 70004
8515775942428914 992 -0.08837890625 5.76119518280029 0.001380443573 80004
8516175240193417 992 0.28759765625 7.59162521362305 -0.002272605896 90004
8512581560284016 993 0.02067214250565 -7.95566844940186 0.00000000001455 4
8512980858004515 993 3.02391052246094 -0.55414271354675 -0.01911395788193 10004
8513380155613117 993 -1.05387878417969 3.6214771270752 0.0070458650589 20004
8513779453509817 993 1.18649291992188 2.77850103378296 -0.00675880908966 30004
8514178751207914 993 1.66122436523438 1.77050113677979 -0.01003241539001 40004
8514578048904815 993 0.88201904296875 -2.7101628780365 -0.00652980804443 50004
8514977346650618 993 1.40087890625 -2.66288113594055 -0.00819563865662 60004
8515376644424216 993 1.49151611328125 1.69436752796173 -0.00947713851929 70004
8515775942428915 993 0.035400390625 7.60837316513062 -0.00000190734863 80004
8516175240193417 993 0.27783203125 7.10840225219727 -0.00227880477905 90004
8512581560284016 994 0.10335464775562 -7.77835464477539 0.00000000017462 4
8512980858004515 994 3.02391052246094 -0.55414271354675 -0.01911491155624 10004
8513380155613117 994 -1.22666931152344 3.27126741409302 0.00704348087311 20004
8513779453509817 994 1.4287109375 2.46648550033569 -0.00900602340698 30004
8514178751207914 994 1.43319702148438 2.07621097564697 -0.01003551483154 40004
8514578048904815 994 0.86883544921875 -3.10776495933533 -0.00652837753296 50004
8514977346650618 994 1.61376953125 -2.40443921089172 -0.00932621955872 60004
8515376644424216 994 1.30596923828125 2.04545474052429 -0.00947618484497 70004
8515775942428915 994 0.177001953125 7.91198492050171 -0.00112771987915 80004
8516175240193417 994 0.10986328125 6.64603042602539 -0.00024032592773 90004
8512581560284016 995 0.10335464775562 -7.51742935180664 0.00000000017462 4
8512980858004515 995 3.02391052246094 -0.55414271354675 -0.01911586523056 10004
8513380155613117 995 -1.53125 3.02690935134888 0.00908732414246 20004
8513779453509817 995 1.66845703125 2.15237188339233 -0.01012909412384 30004
8514178751207914 995 1.3558349609375 2.44954395294189 -0.00800824165344 40004
8514578048904815 995 0.69003295898438 -3.46281027793884 -0.00451040267944 50004
8514977346650618 995 1.69598388671875 -2.08099102973938 -0.01045680046082 60004
8515376644424216 995 1.13116455078125 2.4016330242157 -0.0074610710144 70004
8515775942428915 995 0.338134765625 8.04724407196045 -0.00112867355347 80004
8516175240193417 995 0.15283203125 6.15585708618164 -0.00024700164795 90004
8512581560284016 996 0.10533195734024 -7.1788387298584 0.00000000040745 4
8512980858004515 996 2.89866638183594 -0.63405680656433 -0.01911646127701 10004
8513380155613117 996 -1.73703002929688 2.70313215255737 0.01117146015167 20004
8513779453509817 996 1.973388671875 1.90720891952515 -0.01237523555756 30004
8514178751207914 996 1.1650390625 2.77215957641602 -0.0080087184906 40004
8514578048904815 996 0.6357421875 -3.84977316856384 -0.0045120716095 50004
8514977346650618 996 1.78314208984375 -1.75883889198303 -0.01046395301819 60004
8515376644424216 996 1.08087158203125 2.7880265712738 -0.00745296478271 70004
8515775942428915 996 0.4091796875 8.08938884735107 -0.00225353240967 80004
8516175240193417 996 0.34814453125 5.71372604370117 -0.00137662887573 90004
8512581560284016 997 0.03083181008697 -6.83088731765747 0.00000000055297 4
8512980858004515 997 2.64928436279297 -0.72721326351166 -0.01732170581818 10004
8513380155613117 997 -1.97572326660156 2.40585899353027 0.01317620277405 20004
8513779453509817 997 2.22567749023438 1.64768838882446 -0.0134996175766 30004
8514178751207914 997 1.02899169921875 3.03160285949707 -0.00601148605347 40004
8514578048904815 997 0.539794921875 -4.22609901428223 -0.00451350212097 50004
8514977346650618 997 1.93548583984375 -1.4709198474884 -0.01159381866455 60004
8515376644424216 997 0.9893798828125 3.16434836387634 -0.00744676589966 70004
8515775942428915 997 0.4296875 8.09494304656982 -0.00225448608398 80004
8516175240193417 997 0.4921875 5.25558090209961 -0.00250434875488 90004
8512581560284016 998 -0.08233236521482 -6.50558137893677 0.00000000034925 4
8512980858004515 998 2.32288360595703 -0.84870100021362 -0.0154515504837 10004
8513380155613117 998 -2.26179504394531 2.14378428459167 0.01523089408875 20004
8513779453509817 998 2.36859130859375 1.32678890228271 -0.01462495326996 30004
8514178751207914 998 0.95233154296875 3.25012969970703 -0.00601530075073 40004
8514578048904815 998 0.4022216796875 -4.59178733825684 -0.00246024131775 50004
8514977346650618 998 2.16546630859375 -1.23212456703186 -0.01384663581848 60004
8515376644424216 998 0.8570556640625 3.53059840202332 -0.00542879104614 70004
8515775942428915 998 0.4296875 8.09494304656982 -0.00225448608398 80004
8516175240193417 998 0.583984375 4.78142166137695 -0.00362157821655 90004
8512581560284016 999 -0.08011161535978 -6.19855928421021 0.00000000011642 4
8512980858004515 999 2.01284790039063 -1.09544312953949 -0.01339411735535 10004
8513380155613117 999 -2.49241638183594 1.82852900028229 0.01523041725159 20004
8513779453509817 999 2.40908813476563 0.9337757229805 -0.01462781429291 30004
8514178751207914 999 0.77752685546875 3.48470687866211 -0.00601863861084 40004
8514578048904815 999 0.3895263671875 -4.98939323425293 -0.0024585723877 50004
8514977346650618 999 2.43792724609375 -1.03929734230042 -0.01496958732605 60004
8515376644424216 999 0.8492431640625 3.92706370353699 -0.00542736053467 70004
8515775942428915 999 0.4296875 8.09494304656982 -0.00225448608398 80004
8516175240193417 999 0.828125 4.35530471801758 -0.00473880767822 90004
8512581560284016 1000 -0.12862674891949 -5.83733797073364 -0.00000000058208 4
8512980858004515 1000 1.71974945068359 -1.36213433742523 -0.01131349802017 10004
8513380155613117 1000 -2.56808471679688 1.4453684091568 0.01723837852478 20004
8513779453509817 1000 2.34451293945313 0.74728184938431 -0.0146290063858 30004
8514178751207914 1000 0.70037841796875 3.85803985595703 -0.00400352478027 40004
8514578048904815 1000 0.2176513671875 -5.34819602966309 -0.00245690345764 50004
8514977346650618 1000 2.60296630859375 -0.74943375587463 -0.0160915851593 60004
8515376644424216 1000 0.6754150390625 4.28324222564697 -0.00542593002319 70004
8515775942428915 1000 0.4296875 8.09494304656982 -0.00225448608398 80004
8516175240193417 1000 0.869140625 3.86513257026672 -0.00473403930664 90004
8512581560284016 1001 -0.05922288820148 -5.48607110977173 -0.00000000093132 4
8512980858004515 1001 1.53173065185547 -1.70300185680389 -0.0092915892601 10004
8513380155613117 1001 -2.51705932617188 1.06512224674225 0.0172381401062 20004
8513779453509817 1001 2.32827758789063 0.70065838098526 -0.01462924480438 30004
8514178751207914 1001 0.51004028320313 4.18065547943115 -0.00400376319885 40004
8514578048904815 1001 0.1728515625 -5.60813331604004 -0.00038886070251 50004
8514977346650618 1001 2.66473388671875 -0.42753028869629 -0.0160915851593 60004
8515376644424216 1001 0.4180908203125 4.57895565032959 -0.00340509414673 70004
8515775942428915 1001 0.4296875 8.09494304656982 -0.00225448608398 80004
8516175240193417 1001 1.0625 3.42299962043762 -0.00585079193115 90004
8512581560284016 1002 -0.02912796288729 -5.13148880004883 -0.00000000103319 4
8512980858004515 1002 1.46306610107422 -2.0838098526001 -0.00929117202759 10004
8513380155613117 1002 -2.34793090820313 0.72334957122803 0.01611351966858 20004
8513779453509817 1002 2.29800415039063 0.60667711496353 -0.01462984085083 30004
8514178751207914 1002 0.35733032226563 4.52017879486084 -0.0019748210907 40004
8514578048904815 1002 0.25390625 -5.90273475646973 -0.00151014328003 50004
8514977346650618 1002 2.6212158203125 -0.10474717617035 -0.01721978187561 60004
8515376644424216 1002 0.2398681640625 4.80929851531982 -0.00129079818726 70004
8515775942428915 1002 0.4296875 8.09494304656982 -0.00225448608398 80004
8516175240193417 1002 1.27490234375 2.98149037361145 -0.0080771446228 90004
8512581560284016 1003 -0.10229238122702 -4.77721548080444 -0.00000000116415 4
8512980858004515 1003 1.45131683349609 -2.43704795837402 -0.00929081439972 10004
8513380155613117 1003 -2.13973999023438 0.40072500705719 0.01386666297913 20004
8513779453509817 1003 2.18533325195313 0.39334791898727 -0.01463067531586 30004
8514178751207914 1003 0.30264282226563 4.8954381942749 -0.00197577476501 40004
8514578048904815 1003 0.4268798828125 -6.26064109802246 -0.00263023376465 50004
8514977346650618 1003 2.4755859375 0.18867337703705 -0.01519203186035 60004
8515376644424216 1003 0.1932373046875 5.04703426361084 -0.00128984451294 70004
8515775942428915 1003 0.433349609375 8.05322933197021 -0.00225496292114 80004
8516175240193417 1003 1.47296142578125 2.53297924995422 -0.00918054580688 90004
8512581560284016 1004 -0.24939860403538 -4.44378137588501 0.0020161352586 4
8512980858004515 1004 1.35713195800781 -2.66196632385254 -0.00929063558578 10004
8513380155613117 1004 -2.04013061523438 0.02306476794183 0.01386284828186 20004
8513779453509817 1004 1.91629028320313 0.10391874611378 -0.01259016990662 30004
8514178751207914 1004 0.31533813476563 5.27646541595459 -0.00197625160217 40004
8514578048904816 1004 0 -8 0 50004
8514977346650618 1004 2.23828125 0.42340737581253 -0.01519155502319 60004
8515376644424216 1004 0.2205810546875 5.44259548187256 -0.00128793716431 70004
8515775942428915 1004 0.447998046875 7.88636922836304 -0.00225639343262 80004
8516175240193417 1004 1.7230224609375 2.10962796211243 -0.01029634475708 90004
8512581560284016 1005 -0.37561160326004 -4.10188007354736 0.00201613339595 4
8512980858004515 1005 1.36860656738281 -2.94717216491699 -0.00929075479507 10004
8513380155613117 1005 -1.79011535644531 -0.27709808945656 0.01161348819733 20004
8513779453509817 1005 1.79519653320313 -0.27200609445572 -0.01258981227875 30004
8514178751207914 1005 0.16592407226563 5.62718868255615 -0.00197625160217 40004
8514578048904816 1005 0.08251953125 -7.82307434082031 0.00000286102295 50004
8514977346650618 1005 2.1220703125 0.73638993501663 -0.01314759254456 60004
8515376644424216 1005 0.0789794921875 5.81284236907959 -0.00128650665283 70004
8515775942428915 1005 0.356201171875 7.63520193099976 -0.00225639343262 80004
8516175240193417 1005 1.94793701171875 1.67265439033508 -0.012535572052 90004
8512581560284016 1006 -0.43301019072533 -3.74428009986877 0.00201613036916 4
8512980858004515 1006 1.34529113769531 -3.08108997344971 -0.00929093360901 10004
8513380155613117 1006 -1.60455322265625 -0.61805081367493 0.01048946380615 20004
8513779453509817 1006 1.61880493164063 -0.62368679046631 -0.01057028770447 30004
8514178751207914 1006 -0.08419799804688 5.90590000152588 0.00005412101746 40004
8514578048904816 1006 0.1031494140625 -7.49905204772949 0.00000667572021 50004
8514977346650618 1006 1.9150390625 0.99068576097488 -0.01315093040466 60004
8515376644424217 1006 0.109130859375 7.76707983016968 0.00000286102295 70004
8515775942428915 1006 0.355224609375 7.32211637496948 -0.00225830078125 80004
8516175240193417 1006 2.29486083984375 1.33807826042175 -0.01477336883545 90004
8512581560284016 1007 -0.54250925779343 -3.40573501586914 0.00406528124586 4
8512980858004515 1007 1.22608184814453 -3.21485257148743 -0.00756478309631 10004
8513380155613117 1007 -1.42478942871094 -0.96406483650208 0.00936603546143 20004
8513779453509817 1007 1.50576782226563 -0.99237012863159 -0.01056957244873 30004
8514178751207915 1007 0.041259765625 7.62095594406128 -0.00000143051147 40004
8514578048904816 1007 0.0447998046875 -7.11855125427246 0.00001049041748 50004
8514977346650618 1007 1.73828125 1.26454389095306 -0.01110744476318 60004
8515376644424217 1007 0.243896484375 7.98353719711304 -0.00111722946167 70004
8515775942428915 1007 0.368408203125 6.98776197433472 -0.00226068496704 80004
8516175240193417 1007 2.59661865234375 0.97731375694275 -0.01588916778564 90004
8512581560284016 1008 -0.68954682350159 -3.07933259010315 0.00406527798623 4
8512980858004515 1008 1.07898712158203 -3.4639151096344 -0.00756520032883 10004
8513380155613117 1008 -1.26847839355469 -1.31441426277161 0.00824129581451 20004
8513779453509817 1008 1.47695922851563 -1.38630199432373 -0.01056921482086 30004
8514178751207915 1008 0.12060546875 7.76834630966187 -0.00000143051147 40004
8514578048904816 1008 -0.0281982421875 -6.72734260559082 0.00001168251038 50004
8514977346650618 1008 1.597900390625 1.5636237859726 -0.01111102104187 60004
8515376644424217 1008 0.364013671875 8.08297157287598 -0.00223636627197 70004
8515775942428915 1008 0.376953125 6.65345144271851 -0.00226163864136 80004
8516175240193417 1008 2.76068115234375 0.60451579093933 -0.01700496673584 90004
8512581560284016 1009 -0.72400957345963 -2.71649384498596 0.00406527379528 4
8512980858004515 1009 1.05888366699219 -3.85972809791565 -0.00756537914276 10004
8513380155613117 1009 -1.23283386230469 -1.70337605476379 0.0082391500473 20004
8513779453509817 1009 1.45547485351563 -1.78072452545166 -0.0085608959198 30004
8514178751207915 1009 0.1904296875 7.82699346542358 -0.00112628936768 40004
8514578048904816 1009 0.0299072265625 -6.32634925842285 0.00001454353333 50004
8514977346650618 1009 1.38580322265625 1.82099568843842 -0.00909471511841 60004
8515376644424217 1009 0.472412109375 8.12040138244629 -0.00222873687744 70004
8515775942428915 1009 0.419921875 6.32116079330444 -0.00226449966431 80004
8516175240193417 1009 2.76947021484375 0.37657999992371 -0.01700115203857 90004
8512581560284016 1010 -0.88061594963074 -2.38742184638977 0.00610990496352 4
8512980858004515 1010 0.91341400146484 -4.13441324234009 -0.00552612543106 10004
8513380155613117 1010 -1.0361328125 -2.04085469245911 0.00711250305176 20004
8513779453509817 1010 1.47305297851563 -2.17534828186035 -0.00856101512909 30004
8514178751207915 1010 0.1904296875 7.82699346542358 -0.00112628936768 40004
8514578048904816 1010 -0.0867919921875 -5.93840217590332 0.00001454353333 50004
8514977346650618 1010 1.3294677734375 2.03784227371216 -0.00909829139709 60004
8515376644424217 1010 0.472412109375 8.12040138244629 -0.00222110748291 70004
8515775942428915 1010 0.5654296875 6.01925039291382 -0.00338983535767 80004
8516175240193417 1010 2.74700927734375 0.32505536079407 -0.01699733734131 90004
8512581560284016 1011 -0.95022231340408 -2.03349351882935 0.00610990170389 4
8512980858004515 1011 0.78814697265625 -4.48669862747192 -0.0055268406868 10004
8513380155613117 1011 -0.95977783203125 -2.41694569587708 0.00710737705231 20004
8513779453509817 1011 1.36917114257813 -2.5361795425415 -0.00856173038483 30004
8514178751207915 1011 0.1904296875 7.82699346542358 -0.00112628936768 40004
8514578048904816 1011 -0.0723876953125 -5.54067039489746 0.00001740455627 50004
8514977346650618 1011 1.2083740234375 2.31838655471802 -0.0070686340332 60004
8515376644424217 1011 0.472412109375 8.12040138244629 -0.00221347808838 70004
8515775942428915 1011 0.604736328125 5.69254636764526 -0.00339126586914 80004
8516175240193417 1011 2.57366943359375 0.1596200466156 -0.01699256896973 90004
8512581560284016 1012 -0.95914274454117 -1.67050004005432 0.00610989518464 4
8512980858004515 1012 0.75494384765625 -4.87220907211304 -0.00552743673325 10004
8513380155613117 1012 -0.84361267089844 -2.78016591072083 0.0059826374054 20004
8513779453509817 1012 1.19851684570313 -2.88197994232178 -0.00856459140778 30004
8514178751207915 1012 0.1904296875 7.82699346542358 -0.00112628936768 40004
8514578048904816 1012 -0.1016845703125 -5.14620018005371 0.00002121925354 50004
8514977346650618 1012 1.0316162109375 2.59872674942017 -0.00706601142883 60004
8515376644424217 1012 0.472412109375 8.12040138244629 -0.00220584869385 70004
8515775942428915 1012 0.650634765625 5.36343336105347 -0.00339365005493 80004
8516175240193417 1012 2.34466552734375 -0.11656322330236 -0.01491069793701 90004
8512581560284016 1013 -0.9753485918045 -1.31284523010254 0.00610988819972 4
8512980858004515 1013 0.76446533203125 -5.26139402389526 -0.00552845001221 10004
8513380155613117 1013 -0.68797302246094 -3.1251757144928 0.00485992431641 20004
8513779453509817 1013 1.0416259765625 -3.23688125610352 -0.00653946399689 30004
8514178751207915 1013 0.1904296875 7.82699346542358 -0.00112628936768 40004
8514578048904816 1013 -0.17889404296875 -4.75450706481934 0.00206995010376 50004
8514977346650618 1013 0.8458251953125 2.87160348892212 -0.00502109527588 60004
8515376644424217 1013 0.472412109375 8.12040138244629 -0.00219821929932 70004
8515775942428915 1013 0.72314453125 5.0375018119812 -0.00451898574829 80004
8516175240193417 1013 2.07440185546875 -0.45744049549103 -0.01287317276001 90004
8512581560284016 1014 -1.10844051837921 -0.97358798980713 0.0061098835431 4
8512980858004515 1014 0.64588165283203 -5.63955545425415 -0.00350314378738 10004
8513380155613117 1014 -0.65428161621094 -3.49277901649475 0.00485873222351 20004
8513779453509817 1014 1.0069580078125 -3.63038635253906 -0.00654125213623 30004
8514178751207915 1014 0.1904296875 7.82699346542358 -0.00112628936768 40004
8514578048904816 1014 -0.13739013671875 -4.35157585144043 0.00095558166504 50004
8514977346650618 1014 0.7354736328125 3.18639993667603 -0.00501823425293 60004
8515376644424217 1014 0.472412109375 8.12040138244629 -0.00219058990479 70004
8515775942428915 1014 0.74951171875 4.70354795455933 -0.00451898574829 80004
8516175240193417 1014 1.69647216796875 -0.77406615018845 -0.01074504852295 90004
8512581560284016 1015 -1.37242162227631 -0.72236680984497 0.00818759854883 4
8512980858004515 1015 0.58509063720703 -6.0311598777771 -0.00350391864777 10004
8513380155613117 1015 -0.45774841308594 -3.83025765419006 0.00373375415802 20004
8513779453509817 1015 0.8492431640625 -3.99248123168945 -0.00654268264771 30004
8514178751207915 1015 0.1904296875 7.82699346542358 -0.00112628936768 40004
8514578048904816 1015 -0.13055419921875 -3.94647026062012 0.0009605884552 50004
8514977346650618 1015 0.6866455078125 3.51645135879517 -0.00501537322998 60004
8515376644424217 1015 0.449951171875 8.04302406311035 -0.00219058990479 70004
8515775942428915 1015 0.74755859375 4.3685564994812 -0.00452041625977 80004
8516175240193417 1015 1.487548828125 -1.22019934654236 -0.00872182846069 90004
8512581560284016 1016 -1.635378241539 -0.47008043527603 0.0102066937834 4
8512980858004515 1016 0.65274810791016 -6.4145770072937 -0.0035052895546 10004
8513380155613117 1016 -0.28851318359375 -4.18199634552002 0.00260674953461 20004
8513779453509817 1016 0.7158203125 -4.36383056640625 -0.00452876091003 30004
8514178751207915 1016 0.186767578125 7.68756437301636 -0.00112652778625 40004
8514578048904816 1016 -0.12445068359375 -3.54135036468506 0.0009651184082 50004
8514977346650618 1016 0.6260986328125 3.84448289871216 -0.00501227378845 60004
8515376644424217 1016 0.433349609375 7.83421659469604 -0.00218963623047 70004
8515775942428915 1016 0.851806640625 4.0565390586853 -0.0045223236084 80004
8516175240193417 1016 1.435546875 -1.70076441764832 -0.00872087478638 90004
8512581560284016 1017 -1.93906688690186 -0.28478142619133 0.01221517845988 4
8512980858004516 1017 0.04046630859375 -7.91322708129883 -0.00000023841858 10004
8513380155613117 1017 -0.21156311035156 -4.55551242828369 0.00148046016693 20004
8513779453509817 1017 0.6749267578125 -4.74731826782227 -0.00453102588654 30004
8514178751207915 1017 0.22509765625 7.41313886642456 -0.00112700462341 40004
8514578048904816 1017 -0.20452880859375 -3.15388011932373 0.00096964836121 50004
8514977346650618 1017 0.4952392578125 4.14281702041626 -0.00301098823547 60004
8515376644424217 1017 0.427001953125 7.53533887863159 -0.00218868255615 70004
8515775942428915 1017 0.975830078125 3.74582433700562 -0.00564622879028 80004
8516175240193417 1017 1.33154296875 -2.16985201835632 -0.00871896743774 90004
8512581560284016 1018 -2.26272702217102 -0.13369473814964 0.01412510313094 4
8512980858004516 1018 0.10116577148438 -7.684006690979 -0.00000071525574 10004
8513380155613117 1018 -0.17625427246094 -4.93754100799561 0.00147771835327 20004
8513779453509817 1018 0.67709350585938 -5.13533210754395 -0.00453388690948 30004
8514178751207915 1018 0.2777099609375 7.04833364486694 -0.00112724304199 40004
8514578048904816 1018 -0.35418701171875 -2.77835083007813 0.00299644470215 50004
8514977346650618 1018 0.3392333984375 4.38571977615356 -0.00300741195679 60004
8515376644424217 1018 0.3955078125 7.19678831100464 -0.00218677520752 70004
8515775942428915 1018 1.113525390625 3.44610643386841 -0.00677013397217 80004
8516175240193417 1018 1.16949462890625 -2.62734961509705 -0.00670528411865 90004
8512581560284016 1019 -2.52303695678711 0.11672802269459 0.01614402793348 4
8512980858004516 1019 0.10116577148438 -7.28768253326416 -0.00000071525574 10004
8513380155613117 1019 -0.01693725585938 -5.29403209686279 0.00035309791565 20004
8513779453509817 1019 0.55111694335938 -5.50976753234863 -0.00453531742096 30004
8514178751207915 1019 0.2435302734375 6.67794942855835 -0.00112771987915 40004
8514578048904816 1019 -0.45477294921875 -2.38568115234375 0.00300097465515 50004
8514977346650618 1019 0.3070068359375 4.549400806427 -0.00300431251526 60004
8515376644424217 1019 0.263671875 6.87800168991089 -0.00218486785889 70004
8515775942428915 1019 1.339111328125 3.19844484329224 -0.00789499282837 80004
8516175240193417 1019 1.14703369140625 -3.11894202232361 -0.00669622421265 90004
8512581560284016 1020 -2.58750581741333 0.28371295332909 0.01614401489496 4
8512980858004516 1020 0.08248901367188 -6.87833499908447 -0.00000107288361 10004
8513380155613117 1020 -0.02328491210938 -5.68457317352295 0.00035226345062 20004
8513779453509817 1020 0.46908569335938 -5.89618873596191 -0.00250637531281 30004
8514178751207915 1020 0.3690185546875 6.32782888412476 -0.00225257873535 40004
8514578048904816 1020 -0.71145629882813 -2.0720100402832 0.00500869750977 50004
8514977346650618 1020 0.1097412109375 4.8187108039856 -0.00095772743225 60004
8515376644424217 1020 0.2783203125 6.53317594528198 -0.00218391418457 70004
8515775942428915 1020 1.44146728515625 2.87907838821411 -0.00902509689331 80004
8516175240193417 1020 0.91949462890625 -3.55559897422791 -0.00668621063232 90004
8512581560284016 1021 -2.59701156616211 0.42265823483467 0.0161439999938 4
8512980858004516 1021 0.12908935546875 -6.472975730896 -0.0000017285347 10004
8513380155613117 1021 0.09451293945313 -6.04957675933838 0.00035059452057 20004
8513779453509817 1021 0.51522827148438 -6.28143692016602 -0.00250446796417 30004
8514178751207915 1021 0.374755859375 5.96251058578491 -0.00225329399109 40004
8514578048904816 1021 -0.85073852539063 -1.69909012317657 0.00500917434692 50004
8514977346650618 1021 0.0120849609375 5.1315541267395 -0.00095844268799 60004
8515376644424217 1021 0.18310546875 6.20787954330444 -0.00218152999878 70004
8515775942428915 1021 1.53472900390625 2.55676507949829 -0.00904035568237 80004
8516175240193417 1021 0.84576416015625 -4.03345775604248 -0.00461339950562 90004
8512581560284016 1022 -2.54625058174133 0.57146811485291 0.01614397577941 4
8512980858004516 1022 0.10888671875 -6.07342052459717 -0.00000250339508 10004
8513380155613117 1022 0.26399230957031 -6.40126132965088 -0.00077342987061 20004
8513779453509818 1022 0.106689453125 -7.77102279663086 0 30004
8514178751207915 1022 0.42041015625 5.60225820541382 -0.00225400924683 40004
8514578048904816 1022 -1.029296875 -1.34592068195343 0.00705552101135 50004
8514977346650618 1022 -0.1187744140625 5.42988634109497 0.0010449886322 60004
8515376644424217 1022 -0.01025390625 5.93197774887085 -0.00013017654419 70004
8515775942428915 1022 1.6875 2.26716089248657 -0.01017808914185 80004
8516175240193417 1022 0.72076416015625 -4.49758434295654 -0.00461006164551 90004
8512581560284016 1023 -2.40310025215149 0.75117844343185 0.01614394411445 4
8512980858004516 1023 -0.00521850585938 -5.67999410629272 -0.00000268220901 10004
8513380155613118 1023 0.0118408203125 -7.97454833984375 0 20004
8513779453509818 1023 0.2667236328125 -7.30123138427734 -0.00112271308899 30004
8514178751207915 1023 0.5059814453125 5.24707174301147 -0.00225496292114 40004
8514578048904816 1023 -1.3128662109375 -1.06669533252716 0.00910377502441 50004
8514977346650618 1023 -0.2821044921875 5.713707447052 0.00103855133057 60004
8515376644424217 1023 -0.23480224609375 5.67751836776733 0.00193500518799 70004
8515775942428915 1023 1.87969970703125 1.9969984292984 -0.01131534576416 80004
8516175240193417 1023 0.54449462890625 -4.94797801971436 -0.00260066986084 90004
8512581560284016 1024 -2.10861301422119 0.96600466966629 0.01389782503247 4
8512980858004516 1024 -0.13529968261719 -5.29148483276367 -0.00000292062759 10004
8513380155613118 1024 0.0592041015625 -7.87274169921875 -0.0000011920929 20004
8513779453509818 1024 0.2667236328125 -6.79592895507813 -0.00112271308899 30004
8514178751207915 1024 0.4718017578125 4.87668752670288 -0.00225591659546 40004
8514578048904816 1024 -1.67822265625 -0.89080154895782 0.01116251945496 50004
8514977346650619 1024 0 7.53247022628784 0 60004
8515376644424217 1024 -0.36761474609375 5.35873174667358 0.00194263458252 70004
8515775942428915 1024 1.99884033203125 1.68408834934235 -0.01245355606079 80004
8516175240193417 1024 0.52203369140625 -5.43957042694092 -0.00259685516357 90004
8512581560284016 1025 -1.92435622215271 1.28051519393921 0.0127747580409 4
8512980858004516 1025 -0.08880615234375 -4.88430595397949 -0.00000423192978 10004
8513380155613118 1025 0.0592041015625 -7.87274169921875 -0.00000309944153 20004
8513779453509818 1025 0.0533447265625 -6.33797454833984 -0.00112128257751 30004
8514178751207915 1025 0.5972900390625 4.52656698226929 -0.00338006019592 40004
8514578048904816 1025 -1.8759765625 -0.74345028400421 0.0111665725708 50004
8514977346650619 1025 0.046875 7.63341474533081 -0.00000238418579 60004
8515376644424217 1025 -0.47991943359375 5.03204107284546 0.00398826599121 70004
8515775942428915 1025 2.23907470703125 1.45104837417603 -0.01359081268311 80004
8516175240193417 1025 0.29534912109375 -5.87623119354248 -0.00259923934937 90004
8512581560284016 1026 -1.66070377826691 1.52466344833374 0.01165168080479 4
8512980858004516 1026 -0.17475128173828 -4.49113893508911 0.00201565027237 10004
8513380155613118 1026 0.06085205078125 -7.83361434936523 -0.00000381469727 20004
8513779453509818 1026 0 -5.84450912475586 0.0009423494339 30004
8514178751207915 1026 0.647705078125 4.16073369979858 -0.00338101387024 40004
8514578048904816 1026 -2.06930541992188 -0.43882223963737 0.01318717002869 50004
8514977346650619 1026 0.05859375 7.65865087509155 -0.00000667572021 60004
8515376644424217 1026 -0.48162841796875 4.6930136680603 0.00400161743164 70004
8515775942428915 1026 2.34185791015625 1.27544641494751 -0.01471662521362 80004
8516175240193417 1026 0.22259521484375 -6.35409069061279 -0.0005989074707 90004
8512581560284016 1027 -1.43081593513489 1.79631590843201 0.00940557569265 4
8512980858004516 1027 -0.21674346923828 -4.09328508377075 0.00201505422592 10004
8513380155613118 1027 0.02215576171875 -7.64717102050781 -0.00000405311584 20004
8513779453509818 1027 0.092041015625 -5.35652542114258 -0.0001814365387 30004
8514178751207915 1027 0.75076293945313 3.81244945526123 -0.00450706481934 40004
8514578048904816 1027 -2.17538452148438 -0.07878696173429 0.01318883895874 50004
8514977346650619 1027 0.05859375 7.65865087509155 -0.00001049041748 60004
8515376644424217 1027 -0.45330810546875 4.34925985336304 0.0040168762207 70004
8515775942428915 1027 2.37017822265625 1.19721841812134 -0.01471900939941 80004
8516175240193418 1027 0.083984375 -7.81977462768555 -0.00000476837158 90004
8512581560284016 1028 -1.28660106658936 2.11642003059387 0.00940556451678 4
8512980858004516 1028 -0.16297149658203 -3.68725943565369 0.00201398134232 10004
8513380155613118 1028 -0.0108642578125 -7.27008199691772 -0.000004529953 20004
8513779453509818 1028 0.2220458984375 -4.87746047973633 -0.00130486488342 30004
8514178751207915 1028 0.95758056640625 3.50836753845215 -0.0056369304657 40004
8514578048904816 1028 -2.1776123046875 0.24864925444126 0.01420211791992 50004
8514977346650619 1028 0.05859375 7.65865087509155 -0.00001430511475 60004
8515376644424217 1028 -0.4681396484375 4.01050519943237 0.00290489196777 70004
8515775942428915 1028 2.34893798828125 1.16062259674072 -0.01472043991089 80004
8516175240193418 1028 0.2099609375 -7.43962097167969 -0.00113439559937 90004
8512581560284016 1029 -1.21871376037598 2.42900919914246 0.00828250683844 4
8512980858004516 1029 -0.08666229248047 -3.28463053703308 0.00088888406754 10004
8513380155613118 1029 0.0958251953125 -6.72388601303101 -0.00000548362732 20004
8513779453509818 1029 0.1898193359375 -4.37319564819336 -0.00130355358124 30004
8514178751207915 1029 1.241455078125 3.26852989196777 -0.00788712501526 40004
8514578048904816 1029 -2.125 0.46934235095978 0.01420521736145 50004
8514977346650619 1029 0.05859375 7.65865087509155 -0.00001811981201 60004
8515376644424217 1029 -0.5931396484375 3.68858671188354 0.00291299819946 70004
8515775942428915 1029 2.26690673828125 1.01423931121826 -0.01472043991089 80004
8516175240193418 1029 0.2099609375 -7.00035858154297 -0.0011420249939 90004
8512581560284016 1030 -0.99806189537048 2.71915102005005 0.00715945707634 4
8512980858004516 1030 -0.18760681152344 -2.88752818107605 0.00088775157928 10004
8513380155613118 1030 -0.0384521484375 -6.18380451202393 -0.00000584125519 20004
8513779453509818 1030 -0.0523681640625 -3.92982029914856 0.00079202651978 30004
8514178751207915 1030 1.386474609375 2.95331382751465 -0.00788879394531 40004
8514578048904816 1030 -1.90829467773438 0.81135195493698 0.01308941841125 50004
8514977346650619 1030 0.05859375 7.65865087509155 -0.00002193450928 60004
8515376644424217 1030 -0.7249755859375 3.36933088302612 0.00492811203003 70004
8515775942428915 1030 2.2427978515625 0.68009281158447 -0.01472234725952 80004
8516175240193418 1030 0.236328125 -6.56190490722656 -0.00114965438843 90004
8512581560284016 1031 -0.88488519191742 3.05883026123047 0.00603640265763 4
8512980858004516 1031 -0.36074829101563 -2.51890635490417 0.00294858217239 10004
8513380155613118 1031 -0.25944519042969 -5.67598533630371 0.00200951099396 20004
8513779453509818 1031 -0.24066162109375 -3.46228623390198 0.00078880786896 30004
8514178751207915 1031 1.59683227539063 2.65642547607422 -0.01014184951782 40004
8514578048904816 1031 -1.70028686523438 1.15852773189545 0.01197361946106 50004
8514977346650619 1031 0.05859375 7.65865087509155 -0.00002574920654 60004
8515376644424217 1031 -0.9381103515625 3.10270071029663 0.00493621826172 70004
8515775942428915 1031 2.1417236328125 0.36405277252197 -0.01472902297974 80004
8516175240193418 1031 0.154296875 -6.13488388061523 -0.00115442276001 90004
8512581560284016 1032 -0.8253977894783 3.41798067092896 0.00603639241308 4
8512980858004516 1032 -0.62466430664063 -2.21828627586365 0.00294864177704 10004
8513380155613118 1032 -0.39274597167969 -5.14930629730225 0.00200748443604 20004
8513779453509818 1032 -0.50393676757813 -3.04505372047424 0.00283491611481 30004
8514178751207915 1032 1.82730102539063 2.36457252502441 -0.01126933097839 40004
8514578048904816 1032 -1.56185913085938 1.53228986263275 0.01085829734802 50004
8514977346650619 1032 0.05859375 7.65865087509155 -0.00002956390381 60004
8515376644424217 1032 -1.1143798828125 2.81479597091675 0.00699186325073 70004
8515775942428915 1032 2.0548095703125 0.04317044839263 -0.01270341873169 80004
8516175240193418 1032 0.13134765625 -5.70663452148438 -0.00115537643433 90004
8512581560284016 1033 -0.74649435281754 3.76720809936523 0.00491333566606 4
8512980858004516 1033 -0.92189788818359 -1.94691252708435 0.00496584177017 10004
8513380155613118 1033 -0.35020446777344 -4.6043062210083 0.00200498104095 20004
8513779453509818 1033 -0.8133544921875 -2.65699768066406 0.00490248203278 30004
8514178751207915 1033 2.02005004882813 2.05428791046143 -0.01239252090454 40004
8514578048904816 1033 -1.44967651367188 1.91391551494598 0.00974249839783 50004
8514977346650619 1033 0.03955078125 7.60642194747925 -0.00003266334534 60004
8515376644424217 1033 -1.2586669921875 2.50748300552368 0.00699949264526 70004
8515775942428915 1033 1.9739990234375 -0.27591148018837 -0.01271104812622 80004
8516175240193418 1033 0.156005859375 -5.27586555480957 -0.00115633010864 90004
8512581560284016 1034 -0.55573266744614 4.07781410217285 0.00379029056057 4
8512980858004516 1034 -1.11913299560547 -1.58776938915253 0.00703799724579 10004
8513380155613118 1034 -0.13006591796875 -4.09314632415771 0.00087797641754 20004
8513779453509818 1034 -0.9842529296875 -2.18141174316406 0.0069375038147 30004
8514178751207915 1034 2.10403442382813 1.69193148612976 -0.01351547241211 40004
8514578048904816 1034 -1.21575927734375 2.24453902244568 0.00862383842468 50004
8514977346650619 1034 -0.03662109375 7.39750623703003 -0.00003433227539 60004
8515376644424217 1034 -1.49853515625 2.25839471817017 0.00904893875122 70004
8515775942428915 1034 1.7913818359375 -0.55695933103561 -0.01066875457764 80004
8516175240193418 1034 0.037841796875 -4.8526554107666 -0.00116014480591 90004
8512581560284016 1035 -0.51411408185959 4.43992233276367 0.00379028916359 4
8512980858004516 1035 -1.43284606933594 -1.32433176040649 0.00915956497192 10004
8513380155613118 1035 -0.14691162109375 -3.53688383102417 0.00087738037109 20004
8513779453509818 1035 -1.1790771484375 -1.71516919136047 0.00693809986115 30004
8514178751207915 1035 2.33303833007813 1.39900469779968 -0.01464009284973 40004
8514578048904816 1035 -1.13958740234375 2.58014464378357 0.00750279426575 50004
8514977346650619 1035 0.00244140625 6.95454359054565 -0.00003671646118 60004
8515376644424217 1035 -1.74005126953125 2.01138925552368 0.01108074188232 70004
8515775942428915 1035 1.5218505859375 -0.75561064481735 -0.01067638397217 80004
8516175240193418 1035 0.110107421875 -4.41936683654785 -0.000159740448 90004
8512581560284016 1036 -0.57457703351974 4.79445552825928 0.00379028986208 4
8512980858004516 1036 -1.64105987548828 -0.97993034124374 0.01116353273392 10004
8513380155613118 1036 -0.338623046875 -3.02502298355103 0.00292217731476 20004
8513779453509818 1036 -1.453369140625 -1.29402852058411 0.0089715719223 30004
8514178751207915 1036 2.44131469726563 1.10921502113342 -0.01464653015137 40004
8514578048904816 1036 -0.93414306640625 2.90416598320007 0.0063807964325 50004
8514977346650619 1036 0.05029296875 6.51250219345093 -0.00003862380981 60004
8515376644424217 1036 -1.91180419921875 1.71598863601685 0.01313591003418 70004
8515775942428915 1036 1.335205078125 -1.02580046653748 -0.00864887237549 80004
8516175240193418 1036 0.03955078125 -3.99363732337952 -0.00016260147095 90004
8512581560284016 1037 -0.59025347232819 5.14995241165161 0.0037902884651 4
8512980858004516 1037 -1.88449096679688 -0.66251629590988 0.01116335391998 10004
8513380155613118 1037 -0.66145324707031 -2.62030124664307 0.00504291057587 20004
8513779453509818 1037 -1.825927734375 -0.97048115730286 0.01102828979492 30004
8514178751207915 1037 2.436279296875 0.78289949893951 -0.01577401161194 40004
8514578048904816 1037 -0.76495361328125 3.26179957389832 0.00525879859924 50004
8514977346650619 1037 0.00537109375 6.08071279525757 -0.00004029273987 60004
8515376644424217 1037 -2.11895751953125 1.44990587234497 0.01313734054565 70004
8515775942428915 1037 1.245361328125 -1.33998084068298 -0.00865602493286 80004
8516175240193418 1037 0.0166015625 -3.56538987159729 -0.00016450881958 90004
8512581560284016 1038 -0.56652569770813 5.50719785690308 0.00379028776661 4
8512980858004516 1038 -2.15353393554688 -0.39267092943192 0.01320558786392 10004
8513380155613118 1038 -1.02058410644531 -2.26175379753113 0.00711262226105 20004
8513779453509818 1038 -2.20578002929688 -0.74716067314148 0.01507377624512 30004
8514178751207915 1038 2.322509765625 0.4356769323349 -0.01577615737915 40004
8514578048904816 1038 -0.64752197265625 3.64618849754334 0.0052592754364 50004
8514977346650619 1038 -0.099853515625 5.65316534042358 -0.00004148483276 60004
8515376644424217 1038 -2.35504150390625 1.20639801025391 0.01523065567017 70004
8515775942428915 1038 1.18975830078125 -1.66423296928406 -0.00866317749023 80004
8516175240193418 1038 0.041259765625 -3.1346218585968 -0.0001654624939 90004
8512581560284017 1039 0 7.53247022628784 0 4
8512980858004516 1039 -2.28822326660156 -0.10363258421421 0.01524585485458 10004
8513380155613118 1039 -1.27049255371094 -1.76466822624207 0.00711023807526 20004
8513779453509818 1039 -2.39181518554688 -0.57684206962585 0.01507246494293 30004
8514178751207915 1039 2.09927368164063 0.1384471654892 -0.01374769210815 40004
8514578048904816 1039 -0.44784545898438 3.99842238426209 0.00302386283875 50004
8514977346650619 1039 -0.098876953125 5.20850896835327 -0.0000422000885 60004
8515376644424217 1039 -2.50250244140625 0.89426457881927 0.01523113250732 70004
8515775942428915 1039 1.02960205078125 -1.95826983451843 -0.0066556930542 80004
8516175240193418 1039 -0.076904296875 -2.7114155292511 -0.00016927719116 90004
8512581560284017 1040 0.16853094100952 7.89388608932495 0.00000000034925 4
8512980858004516 1040 -2.28822326660156 0.0108472071588 0.01524585485458 10004
8513380155613118 1040 -1.7071533203125 -1.41985464096069 0.01123404502869 20004
8513779453509818 1040 -2.39132690429688 -0.57684206962585 0.01507127285004 30004
8514178751207915 1040 1.80975341796875 -0.09476924687624 -0.01164531707764 40004
8514578048904816 1040 -0.41610717773438 4.40227699279785 0.00303268432617 50004
8514977346650619 1040 -0.2847900390625 4.80496740341187 0.00202512741089 60004
8515376644424217 1040 -2.50445556640625 0.54912030696869 0.01523160934448 70004
8515775942428915 1040 1.00811767578125 -2.29259371757507 -0.00665664672852 80004
8516175240193418 1040 -0.23468017578125 -2.3012363910675 0.00188207626343 90004
8512581560284017 1041 0.35643756389618 8.13293552398682 -0.00224609137513 4
8512980858004516 1041 -2.25828552246094 0.10364660620689 0.01524484157562 10004
8513380155613118 1041 -2.00180053710938 -0.96502101421356 0.01323735713959 20004
8513779453509818 1041 -2.39083862304688 -0.57684206962585 0.01506996154785 30004
8514178751207915 1041 1.61431884765625 -0.40344077348709 -0.00958657264709 40004
8514578048904816 1041 -0.27194213867188 4.77445411682129 0.00191831588745 50004
8514977346650619 1041 -0.3297119140625 4.37058973312378 0.00201797485352 60004
8515376644424217 1041 -2.39654541015625 0.22772362828255 0.01523160934448 70004
8515775942428915 1041 0.91119384765625 -2.61018061637878 -0.00665712356567 80004
8516175240193418 1041 -0.38995361328125 -1.89008736610413 0.00188589096069 90004
8512581560284017 1042 0.49026009440422 8.24582099914551 -0.00224608602002 4
8512980858004516 1042 -2.23826599121094 0.29609298706055 0.01524376869202 10004
8513380155613118 1042 -2.13375854492188 -0.44112932682037 0.01323616504669 20004
8513779453509818 1042 -2.39035034179688 -0.57684206962585 0.01506876945496 30004
8514178751207915 1042 1.52838134765625 -0.75629073381424 -0.00959038734436 40004
8514578048904816 1042 -0.17501831054688 5.15774726867676 0.00192523002625 50004
8514977346650619 1042 -0.3897705078125 3.93457746505737 0.00201058387756 60004
8515376644424217 1042 -2.19244384765625 -0.04055448248982 0.01523113250732 70004
8515775942428915 1042 0.86090087890625 -2.93334269523621 -0.00463247299194 80004
8516175240193418 1042 -0.55548095703125 -1.48301529884338 0.00389003753662 90004
8512581560284017 1043 0.54521799087524 8.26643943786621 -0.00336912786588 4
8512980858004516 1043 -2.23759460449219 0.59715032577515 0.01524299383163 10004
8513380155613118 1043 -2.09121704101563 0.10387217998505 0.01323425769806 20004
8513779453509818 1043 -2.34677124023438 -0.5305016040802 0.0150671005249 30004
8514178751207915 1043 1.48150634765625 -1.11865389347076 -0.00959396362305 40004
8514578048904816 1043 -0.20590209960938 5.5545825958252 0.00192928314209 50004
8514977346650619 1043 -0.5238037109375 3.51137208938599 0.00404167175293 60004
8515376644424217 1043 -1.95855712890625 -0.28623142838478 0.01298427581787 70004
8515775942428915 1043 0.84649658203125 -3.26208186149597 -0.00463438034058 80004
8516175240193418 1043 -0.77056884765625 -1.10831999778748 0.00389337539673 90004
8512581560284017 1044 0.54521703720093 8.26643943786621 -0.00336912227795 4
8512980858004516 1044 -2.23527526855469 0.90341901779175 0.01524239778519 10004
8513380155613118 1044 -1.87123107910156 0.61503225564957 0.01210808753967 20004
8513779453509818 1044 -2.17391967773438 -0.34513974189758 0.01506400108337 30004
8514178751207915 1044 1.31744384765625 -1.45247614383698 -0.00959777832031 40004
8514578048904817 1044 0 7.53247022628784 0 50004
8514977346650619 1044 -0.6937255859375 3.10065507888794 0.00404024124146 60004
8515376644424217 1044 -1.81573486328125 -0.59971243143082 0.01187229156494 70004
8515775942428915 1044 0.72442626953125 -3.57408976554871 -0.00463628768921 80004
8516175240193418 1044 -1.10064697265625 -0.81755423545837 0.00590848922729 90004
8512581560284017 1045 0.54521608352661 8.26643943786621 -0.00336911692284 4
8512980858004516 1045 -2.15800476074219 1.06591737270355 0.01411831378937 10004
8513380155613118 1045 -1.76942443847656 1.16224992275238 0.01210153102875 20004
8513779453509818 1045 -2.0941162109375 -0.09853659570217 0.01393806934357 30004
8514178751207915 1045 1.30914306640625 -1.82435381412506 -0.00754237174988 40004
8514578048904817 1045 0.13037109375 7.81249189376831 0.00000286102295 50004
8514977346650619 1045 -1.0003662109375 2.82019090652466 0.00615000724792 60004
8515376644424217 1045 -1.5550537109375 -0.82506376504898 0.01075649261475 70004
8515775942428915 1045 0.56524658203125 -3.86886668205261 -0.00463676452637 80004
8516175240193418 1045 -1.52227783203125 -0.69317889213562 0.01006889343262 90004
8512581560284017 1046 0.54521512985229 8.26643943786621 -0.00336911133491 4
8512980858004516 1046 -1.96794128417969 1.33929717540741 0.01299393177032 10004
8513380155613118 1046 -1.50184631347656 1.63891685009003 0.00985383987427 20004
8513779453509818 1046 -1.82009887695313 0.23701345920563 0.01281189918518 30004
8514178751207915 1046 1.18365478515625 -2.16769099235535 -0.00754261016846 40004
8514578048904817 1046 0.2515869140625 7.95697546005249 -0.00111818313599 50004
8514977346650619 1046 -1.2923583984375 2.49542379379272 0.00822520256042 60004
8515376644424217 1046 -1.3834228515625 -1.11744272708893 0.00963354110718 70004
8515775942428915 1046 0.51080322265625 -4.19337511062622 -0.00263404846191 80004
8516175240193418 1046 -1.87493896484375 -0.44401073455811 0.0120906829834 90004
8512581560284017 1047 0.54521417617798 8.26643943786621 -0.00336910621263 4
8512980858004516 1047 -1.70537567138672 1.63536417484283 0.01186919212341 10004
8513380155613118 1047 -1.2899169921875 2.1391007900238 0.00872957706451 20004
8513779453509818 1047 -1.57342529296875 0.66016161441803 0.0105607509613 30004
8514178751207915 1047 1.09756469726563 -2.5205409526825 -0.00754499435425 40004
8514578048904817 1047 0.3106689453125 8.00662708282471 -0.00111627578735 50004
8514977346650619 1047 -1.52484130859375 2.12202596664429 0.01026034355164 60004
8515376644424217 1047 -1.31561279296875 -1.4473625421524 0.00851058959961 70004
8515775942428915 1047 0.42144775390625 -4.50797319412231 -0.00263643264771 80004
8516175240193418 1047 -2.17669677734375 -0.1263755261898 0.01419401168823 90004
8512581560284017 1048 0.54895371198654 8.21673393249512 -0.00336910039186 4
8512980858004516 1048 -1.44452667236328 1.94200718402863 0.00962173938751 10004
8513380155613118 1048 -1.1331787109375 2.66280245780945 0.00760412216187 20004
8513779453509818 1048 -1.37188720703125 1.11366546154022 0.00943493843079 30004
8514178751207915 1048 1.05068969726563 -2.8829038143158 -0.00754880905151 40004
8514578048904817 1048 0.3106689453125 8.00662708282471 -0.00111627578735 50004
8514977346650619 1048 -1.741455078125 1.74316024780273 0.01025485992432 60004
8515376644424217 1048 -1.28509521484375 -1.78488123416901 0.00851058959961 70004
8515775942428915 1048 0.29888916015625 -4.78475427627563 -0.00263738632202 80004
8516175240193418 1048 -2.40399169921875 0.22445265948772 0.01628351211548 90004
8512581560284017 1049 0.56391477584839 8.01791191101074 -0.00336909783073 4
8512980858004516 1049 -1.29396057128906 2.3231360912323 0.00849682092667 10004
8513380155613118 1049 -0.81022644042969 3.11595416069031 0.00535547733307 20004
8513779453509818 1049 -1.02862548828125 1.48438918590546 0.00719046592712 30004
8514178751207915 1049 0.88665771484375 -3.21672797203064 -0.00549650192261 40004
8514578048904817 1049 0.3106689453125 8.00662708282471 -0.00111627578735 50004
8514977346650619 1049 -2.075439453125 1.44948387145996 0.01229381561279 60004
8515376644424217 1049 -1.1448974609375 -2.09960269927979 0.0073881149292 70004
8515775942428915 1049 0.28619384765625 -5.0075478553772 -0.00263786315918 80004
8516175240193418 1049 -2.4927978515625 0.59425127506256 0.01629495620728 90004
8512581560284017 1050 0.42299973964691 7.64492416381836 -0.0033690945711 4
8512980858004516 1050 -1.18829345703125 2.71905970573425 0.00849694013596 10004
8513380155613118 1050 -0.70939636230469 3.66317248344421 0.00535702705383 20004
8513779453509818 1050 -0.82159423828125 1.94525229930878 0.00606739521027 30004
8514178751207915 1050 0.87884521484375 -3.58860373497009 -0.00550031661987 40004
8514578048904817 1050 0.3106689453125 8.00662708282471 -0.00111627578735 50004
8514977346650619 1050 -2.265869140625 1.33413314819336 0.01430916786194 60004
8515376644424217 1050 -1.1507568359375 -2.44471836090088 0.00739574432373 70004
8515775942428915 1050 0.29693603515625 -5.3423638343811 -0.00263833999634 80004
8516175240193418 1050 -2.4058837890625 1.024458527565 0.01631259918213 90004
8512581560284017 1051 0.35727843642235 7.25418710708618 -0.00336909084581 4
8512980858004516 1051 -0.98555755615234 3.06964182853699 0.00737404823303 10004
8513380155613118 1051 -0.65524291992188 4.21633148193359 0.00423538684845 20004
8513779453509818 1051 -0.77496337890625 2.43940734863281 0.00606858730316 30004
8514178751207915 1051 0.75384521484375 -3.93194079399109 -0.00550413131714 40004
8514578048904817 1051 0.3106689453125 8.00662708282471 -0.00111627578735 50004
8514977346650619 1051 -2.424072265625 1.14015436172485 0.01631736755371 60004
8515376644424217 1051 -1.0474853515625 -2.7670373916626 0.007408618927 70004
8515775942428915 1051 0.35089111328125 -5.67203569412231 -0.00263977050781 80004
8516175240193418 1051 -2.1885986328125 1.39631044864655 0.01520681381226 90004
8512581560284017 1052 0.39180424809456 6.86415719985962 -0.00248119025491 4
8512980858004516 1052 -0.83213043212891 3.43912672996521 0.00624942779541 10004
8513380155613118 1052 -0.50070190429688 4.73722457885742 0.00423395633698 20004
8513779453509818 1052 -0.67440795898438 2.92246437072754 0.00494360923767 30004
8514178751207915 1052 0.66790771484375 -4.28479242324829 -0.00345039367676 40004
8514578048904817 1052 0.3106689453125 8.00662708282471 -0.00111627578735 50004
8514977346650619 1052 -2.531494140625 0.81031805276871 0.01631784439087 60004
8515376644424217 1052 -0.97283935546875 -3.09688854217529 0.00629806518555 70004
8515775942428915 1052 0.45538330078125 -5.98809862136841 -0.00264167785645 80004
8516175240193418 1052 -1.9962158203125 1.78290045261383 0.01297807693481 90004
8512581560284017 1053 0.45842093229294 6.47815942764282 -0.00248118536547 4
8512980858004516 1053 -0.72327423095703 3.8279013633728 0.00512623786926 10004
8513380155613118 1053 -0.28842163085938 5.24099540710449 0.00198566913605 20004
8513779453509818 1053 -0.52044677734375 3.39442348480225 0.00381815433502 30004
8514178751207915 1053 0.62103271484375 -4.64715814590454 -0.00345182418823 40004
8514578048904817 1053 0.3106689453125 8.00662708282471 -0.00111627578735 50004
8514977346650619 1053 -2.551025390625 0.37398427724838 0.01632022857666 60004
8515376644424217 1053 -0.92718505859375 -3.43266296386719 0.00630760192871 70004
8515775942428915 1053 0.57745361328125 -6.2983078956604 -0.00264358520508 80004
8516175240193418 1053 -1.8341064453125 2.17667841911316 0.01187229156494 90004
8512581560284017 1054 0.39581105113029 6.08435678482056 -0.00248118094169 4
8512980858004516 1054 -0.50151824951172 4.17247915267944 0.00400245189667 10004
8513380155613118 1054 -0.24932861328125 5.79613304138184 0.00198125839233 20004
8513779453509818 1054 -0.52728271484375 3.89967632293701 0.00381767749786 30004
8514178751207915 1054 0.45697021484375 -4.98098230361938 -0.00345349311829 40004
8514578048904817 1054 0.3106689453125 8.00662708282471 -0.00111627578735 50004
8514977346650619 1054 -2.427001953125 -0.05289703607559 0.01632261276245 60004
8515376644424217 1054 -0.77386474609375 -3.74081420898438 0.00520038604736 70004
8515775942428916 1054 0 -8 0 80004
8516175240193418 1054 -1.5577392578125 2.48944926261902 0.01076650619507 90004
8512581560284017 1055 0.50550246238708 5.70096492767334 -0.00248117349111 4
8512980858004516 1055 -0.44617462158203 4.57849264144897 0.00287848711014 10004
8513380155613118 1055 -0.28717041015625 6.35135459899902 0.00197887420654 20004
8513779453509818 1055 -0.51361083984375 4.40478801727295 0.00381696224213 30004
8514178751207915 1055 0.44915771484375 -5.3528618812561 -0.00345373153687 40004
8514578048904817 1055 0.3106689453125 8.00662708282471 -0.00111627578735 50004
8514977346650619 1055 -2.134033203125 -0.38718420267105 0.01407861709595 60004
8515376644424217 1055 -0.76409912109375 -4.08579730987549 0.00520801544189 70004
8515775942428916 1055 0.029296875 -7.91028594970703 -0.00000190734863 80004
8516175240193418 1055 -1.44256591796875 2.87704920768738 0.00965595245361 90004
8512581560284017 1056 0.48596575856209 5.30976152420044 -0.00248116906732 4
8512980858004516 1056 -0.47428131103516 4.98445844650269 0.00287884473801 10004
8513380155613119 1056 0.1171875 7.78363943099976 -0.00000071525574 20004
8513779453509818 1056 -0.34048461914063 4.87003421783447 0.0026923418045 30004
8514178751207915 1056 0.38714599609375 -5.7182469367981 -0.00345420837402 40004
8514578048904817 1056 0.32861328125 7.89214038848877 -0.00111436843872 50004
8514977346650619 1056 -2.003662109375 -0.66670173406601 0.01295709609985 60004
8515376644424217 1056 -0.64666748046875 -4.40315723419189 0.00522136688232 70004
8515775942428916 1056 0.028564453125 -7.81775665283203 -0.00000333786011 80004
8516175240193418 1056 -1.2479248046875 3.24251914024353 0.00853776931763 90004
8512581560284017 1057 0.50950521230698 4.92116498947144 -0.0024811627809 4
8512980858004516 1057 -0.44173431396484 5.38320112228394 0.00287866592407 10004
8513380155613119 1057 0.2652587890625 8.00974464416504 -0.00112462043762 20004
8513779453509818 1057 -0.22061157226563 5.3485689163208 0.00156843662262 30004
8514178751207915 1057 0.38763427734375 -6.081383228302 -0.00145483016968 40004
8514578048904817 1057 0.297607421875 7.66743564605713 -0.00111198425293 50004
8514977346650619 1057 -1.838134765625 -0.94284528493881 0.01295900344849 60004
8515376644424217 1057 -0.56512451171875 -4.72972583770752 0.00410938262939 70004
8515775942428916 1057 0.047119140625 -7.69845581054688 -0.00000524520874 80004
8516175240193418 1057 -1.11279296875 3.63965582847595 0.00742340087891 90004
8512581560284017 1058 0.62231427431107 4.53872489929199 -0.00360420299694 4
8512980858004516 1058 -0.36516571044922 5.77833700180054 0.00287926197052 10004
8513380155613119 1058 0.37031555175781 8.09773826599121 -0.00224912166595 20004
8513779453509818 1058 -0.26065063476563 5.84330654144287 0.00156784057617 30004
8514178751207916 1058 0.0479736328125 -7.89705848693848 0 40004
8514578048904817 1058 0.2432861328125 7.36828708648682 -0.0011100769043 50004
8514977346650619 1058 -1.61529541015625 -1.26783585548401 0.01071119308472 60004
8515376644424217 1058 -0.51947021484375 -5.06550312042236 0.00411891937256 70004
8515775942428916 1058 0.071533203125 -7.49233818054199 -0.00000762939453 80004
8516175240193418 1058 -1.01806640625 4.06013107299805 0.00742673873901 90004
8512581560284017 1059 0.74447864294052 4.15913152694702 -0.00472724298015 4
8512980858004517 1059 0 7.53247022628784 0 10004
8513380155613119 1059 0.37055969238281 8.09773826599121 -0.0022509098053 20004
8513779453509819 1059 0 7.53247022628784 0 30004
8514178751207916 1059 0.2398681640625 -7.48529243469238 -0.00112533569336 40004
8514578048904817 1059 0.2838134765625 7.06197452545166 -0.00110769271851 50004
8514977346650619 1059 -1.48931884765625 -1.69471764564514 0.01070070266724 60004
8515376644424217 1059 -0.36614990234375 -5.37365436553955 0.00301122665405 70004
8515775942428916 1059 0.025634765625 -7.10326957702637 -0.00000762939453 80004
8516175240193418 1059 -0.78857421875 4.43349075317383 0.00518655776978 90004
8512581560284017 1060 1.01563775539398 3.86671280860901 -0.0058502801694 4
8512980858004517 1060 0.07493591308594 7.69307851791382 -0.00000035762787 10004
8513380155613119 1060 0.37080383300781 8.09773826599121 -0.00225281715393 20004
8513779453509819 1060 0.08251953125 7.83108472824097 -0.00000143051147 30004
8514178751207916 1060 0.2398681640625 -7.18450355529785 -0.00112533569336 40004
8514578048904817 1060 0.1910400390625 6.76726627349854 -0.00110626220703 50004
8514977346650619 1060 -1.2486572265625 -2.06972908973694 0.00844717025757 60004
8515376644424217 1060 -0.32318115234375 -5.71590900421143 0.00302648544312 70004
8515775942428916 1060 0.031494140625 -6.62224388122559 -0.00000858306885 80004
8516175240193418 1060 -0.68115234375 4.85891342163086 0.00519132614136 90004
8512581560284017 1061 1.17505025863647 3.50890851020813 -0.00697331968695 4
8512980858004517 1061 0.09364318847656 7.73322057723999 -0.00000047683716 10004
8513380155613119 1061 0.37104797363281 8.09773826599121 -0.00225472450256 20004
8513779453509819 1061 0.161376953125 7.97419691085815 -0.00000286102295 30004
8514178751207916 1061 0.2984619140625 -6.77363395690918 -0.00112581253052 40004
8514578048904817 1061 0.1982421875 6.46385478973389 -0.00110363960266 50004
8514977346650619 1061 -1.14495849609375 -2.4941189289093 0.00844407081604 60004
8515376644424217 1061 -0.17474365234375 -6.01998043060303 0.00191879272461 70004
8515775942428916 1061 -0.040283203125 -6.14866256713867 -0.00000905990601 80004
8516175240193418 1061 -0.6513671875 5.29468727111816 0.00519609451294 90004
8512581560284017 1062 1.34095442295074 3.14949560165405 -0.00809636153281 4
8512980858004517 1062 0.09364318847656 7.73322057723999 -0.00000047683716 10004
8513380155613119 1062 0.37129211425781 8.09773826599121 -0.0022566318512 20004
8513779453509819 1062 0.2001953125 8.01983547210693 -0.00112438201904 30004
8514178751207916 1062 0.2784423828125 -6.33051872253418 -0.00112676620483 40004
8514578048904817 1062 0.172119140625 6.16334438323975 -0.00110149383545 50004
8514977346650619 1062 -0.9962158203125 -2.90204930305481 0.007319688797 60004
8515376644424217 1062 -0.06005859375 -6.33677959442139 0.00080299377441 70004
8515775942428916 1062 -0.033447265625 -5.67905807495117 -0.00000953674316 80004
8516175240193418 1062 -0.65234375 5.73392295837402 0.00520133972168 90004
8512581560284017 1063 1.55993902683258 2.81680607795715 -0.00921939872205 4
8512980858004517 1063 0.09364318847656 7.73322057723999 -0.00000047683716 10004
8513380155613119 1063 0.37153625488281 8.09773826599121 -0.00225841999054 20004
8513779453509819 1063 0.2001953125 8.01983547210693 -0.00112247467041 30004
8514178751207916 1063 0.1800537109375 -5.88834953308105 -0.00112748146057 40004
8514578048904817 1063 0.0826416015625 5.86768627166748 -0.00110006332397 50004
8514977346650619 1063 -0.8023681640625 -3.29352021217346 0.00619339942932 60004
8515376644424218 1063 0.011962890625 -7.97424125671387 0.00000095367432 70004
8515775942428916 1063 0.025634765625 -5.21020126342773 -0.00001001358032 80004
8516175240193419 1063 0.02734375 7.59092855453491 -0.00000095367432 90004
8512581560284017 1064 1.8069531917572 2.503737449646 -0.01146547589451 4
8512980858004517 1064 0.09364318847656 7.73322057723999 -0.00000047683716 10004
8513380155613119 1064 0.37178039550781 8.09773826599121 -0.00226020812988 20004
8513779453509819 1064 0.2001953125 8.01983547210693 -0.00112056732178 30004
8514178751207916 1064 0.1409912109375 -5.4356746673584 -0.00112748146057 40004
8514578048904817 1064 0.0030517578125 5.56917858123779 -0.00109815597534 50004
8514977346650619 1064 -0.7447509765625 -3.73436951637268 0.00506711006165 60004
8515376644424218 1064 0.059814453125 -7.87120628356934 0.00000381469727 70004
8515775942428916 1064 -0.072021484375 -4.73910140991211 -0.00001096725464 80004
8516175240193419 1064 0.13671875 7.82476186752319 -0.0000114440918 90004
8512581560284017 1065 2.05802869796753 2.19391107559204 -0.01258851215243 4
8512980858004517 1065 0.09364318847656 7.73322057723999 -0.00000047683716 10004
8513380155613119 1065 0.37202453613281 8.09773826599121 -0.00226211547852 20004
8513779453509819 1065 0.2001953125 8.01983547210693 -0.00111865997314 30004
8514178751207916 1065 0.2972412109375 -5.00900077819824 -0.00112843513489 40004
8514578048904817 1065 0.05624389648438 5.26494884490967 -0.00019359588623 50004
8514977346650619 1065 -0.5054931640625 -4.10937976837158 0.00394082069397 60004
8515376644424218 1065 0.059814453125 -7.52606010437012 0.00000381469727 70004
8515775942428916 1065 -0.24041748046875 -4.28850173950195 0.00201320648193 80004
8516175240193419 1065 0.1953125 7.87410116195679 -0.0011420249939 90004
8512581560284017 1066 2.19325017929077 1.82628762722015 -0.01371152885258 4
8512980858004517 1066 0.09364318847656 7.73322057723999 -0.00000047683716 10004
8513380155613119 1066 0.38453674316406 7.95802688598633 -0.00226402282715 20004
8513779453509819 1066 0.2001953125 8.01983547210693 -0.00111675262451 30004
8514178751207916 1066 0.3070068359375 -4.56282615661621 -0.00113081932068 40004
8514578048904817 1066 0.00997924804688 4.96501064300537 -0.00019216537476 50004
8514977346650619 1066 -0.4024658203125 -4.53376865386963 0.00281548500061 60004
8515376644424218 1066 0.07958984375 -7.09313201904297 0.00000667572021 70004
8515775942428916 1066 -0.25555419921875 -3.81616973876953 0.00200986862183 80004
8516175240193419 1066 0.2099609375 7.88643598556519 -0.00114965438843 90004
8512581560284017 1067 2.25495147705078 1.43391311168671 -0.013711492531 4
8512980858004517 1067 0.09364318847656 7.73322057723999 -0.00000047683716 10004
8513380155613119 1067 0.33189392089844 7.68813323974609 -0.00226581096649 20004
8513779453509819 1067 0.2001953125 8.01983547210693 -0.00111484527588 30004
8514178751207916 1067 0.3656005859375 -4.1231517791748 -0.00225424766541 40004
8514578048904817 1067 -0.12893676757813 4.69733715057373 -0.0001904964447 50004
8514977346650619 1067 -0.4405517578125 -4.966233253479 0.00281357765198 60004
8515376644424218 1067 0.14013671875 -6.63549041748047 0.00000762939453 70004
8515775942428916 1067 -0.32196044921875 -3.35108184814453 0.00200653076172 80004
8516175240193419 1067 0.2099609375 7.88643598556519 -0.00115728378296 90004
8512581560284017 1068 2.23908638954163 1.04254341125488 -0.01371145341545 4
8512980858004517 1068 0.07374572753906 7.67857503890991 -0.00000059604645 10004
8513380155613119 1068 0.25004577636719 7.33005332946777 -0.0022679567337 20004
8513779453509819 1068 0.1956787109375 7.99540281295776 -0.00111293792725 30004
8514178751207916 1068 0.515625 -3.69442272186279 -0.00225520133972 40004
8514578048904817 1068 -0.2979736328125 4.44508075714111 0.00185775756836 50004
8514977346650619 1068 -0.5301513671875 -5.36604404449463 0.00281310081482 60004
8515376644424218 1068 0.185302734375 -6.18285179138184 -0.00111055374146 70004
8515775942428916 1068 -0.53460693359375 -2.92883491516113 0.00410747528076 80004
8516175240193419 1068 0.2099609375 7.88643598556519 -0.00116491317749 90004
8512581560284017 1069 2.09524154663086 0.67065787315369 -0.01371143106371 4
8512980858004517 1069 -0.00584411621094 7.46002388000488 -0.00000071525574 10004
8513380155613119 1069 0.28886413574219 6.95804405212402 -0.00227081775665 20004
8513779453509819 1069 0.1776123046875 7.89767789840698 -0.00111103057861 30004
8514178751207916 1069 0.64697265625 -3.25952816009521 -0.00337815284729 40004
8514578048904817 1069 -0.3780517578125 4.14657306671143 0.00186252593994 50004
8514977346650619 1069 -0.4871826171875 -5.69304752349854 0.00281119346619 60004
8515376644424218 1069 0.081787109375 -5.73158073425293 -0.00110912322998 70004
8515775942428916 1069 -0.87786865234375 -2.59164619445801 0.00618028640747 80004
8516175240193419 1069 0.2099609375 7.88643598556519 -0.00117254257202 90004
8512581560284017 1070 2.12204074859619 0.27279287576675 -0.01371139846742 4
8512980858004517 1070 0.03468322753906 6.99656105041504 -0.00000095367432 10004
8513380155613119 1070 0.33842468261719 6.58733940124512 -0.00227463245392 20004
8513779453509819 1070 0.2518310546875 7.61226224899292 -0.00110816955566 30004
8514178751207916 1070 0.9136962890625 -2.89115810394287 -0.00563097000122 40004
8514578048904817 1070 -0.57672119140625 3.90973210334778 0.00393962860107 50004
8514977346650619 1070 -0.24786376953125 -6.06805515289307 0.00168538093567 60004
8515376644424218 1070 0.161865234375 -5.35872459411621 -0.00110626220703 70004
8515775942428916 1070 -1.11614990234375 -2.17358207702637 0.00617170333862 80004
8516175240193419 1070 0.220703125 7.86711835861206 -0.00117683410645 90004
8512581560284017 1071 2.02086210250854 -0.10557192564011 -0.01371137239039 4
8512980858004517 1071 -0.07447814941406 6.5528507232666 -0.00000113248825 10004
8513380155613119 1071 0.32295227050781 6.215576171875 -0.00227689743042 20004
8513779453509819 1071 0.231201171875 7.25031423568726 -0.00110673904419 30004
8514178751207916 1071 1.22024536132813 -2.55757236480713 -0.00675940513611 40004
8514578048904817 1071 -0.80328369140625 3.70072960853577 0.00602078437805 50004
8514977346650619 1071 -0.10968017578125 -6.48608684539795 0.00167798995972 60004
8515376644424218 1071 0.104248046875 -4.92705726623535 -0.00110387802124 70004
8515775942428916 1071 -1.26800537109375 -1.72018837928772 0.00821733474731 80004
8516175240193419 1071 0.223388671875 7.86228895187378 -0.0011773109436 90004
8512581560284017 1072 1.84551656246185 -0.4619334936142 -0.01166724786162 4
8512980858004517 1072 -0.13985443115234 6.17462635040283 0.00109207630157 10004
8513380155613119 1072 0.20869445800781 5.86885833740234 -0.00227868556976 20004
8513779453509819 1072 0.161865234375 6.86592245101929 -0.00110554695129 30004
8514178751207916 1072 1.45697021484375 -2.18293285369873 -0.00900888442993 40004
8514578048904817 1072 -0.98590087890625 3.46055054664612 0.00602149963379 50004
8514977346650620 1072 0.05712890625 -7.87780380249023 -0.00000143051147 60004
8515376644424218 1072 -0.034912109375 -4.48713111877441 0.0009560585022 70004
8515775942428916 1072 -1.48321533203125 -1.30271935462952 0.01024580001831 80004
8516175240193419 1072 0.216064453125 7.83327436447144 -0.00117921829224 90004
8512581560284017 1073 1.67950749397278 -0.81664878129959 -0.01166723668575 4
8512980858004517 1073 -0.158447265625 5.82584285736084 0.00108999013901 10004
8513380155613119 1073 0.05599975585938 5.53475379943848 -0.00024807453156 20004
8513779453509819 1073 0.1177978515625 6.48441457748413 -0.00110375881195 30004
8514178751207916 1073 1.65277099609375 -1.78196907043457 -0.01013946533203 40004
8514578048904817 1073 -1.14190673828125 3.20014309883118 0.00810647010803 50004
8514977346650620 1073 0.142822265625 -7.60700798034668 -0.00000333786011 60004
8515376644424218 1073 -0.160400390625 -4.05010414123535 0.00095748901367 70004
8515775942428916 1073 -1.79498291015625 -0.93725258111954 0.0122389793396 80004
8516175240193419 1073 0.216552734375 7.7306056022644 -0.00118398666382 90004
8512581560284017 1074 1.63607501983643 -1.2130184173584 -0.00966404937208 4
8512980858004517 1074 -0.3175048828125 5.38872146606445 0.00108903646469 10004
8513380155613119 1074 0.01864624023438 5.16263008117676 -0.00024831295013 20004
8513779453509819 1074 0.2008056640625 6.10235738754272 -0.00110065937042 30004
8514178751207916 1074 1.97308349609375 -1.4599781036377 -0.01238703727722 40004
8514578048904817 1074 -1.37774658203125 3.00042080879211 0.00810718536377 50004
8514977346650620 1074 0.142822265625 -7.25700187683105 -0.00000333786011 60004
8515376644424218 1074 -0.137939453125 -3.58773636817932 0.00096225738525 70004
8515775942428916 1074 -2.12213134765625 -0.58468967676163 0.01434516906738 80004
8516175240193419 1074 0.262451171875 7.49401807785034 -0.00119161605835 90004
8512581560284017 1075 1.58483564853668 -1.6084691286087 -0.00966403726488 4
8512980858004517 1075 -0.3040771484375 4.92368698120117 0.00108832120895 10004
8513380155613119 1075 -0.17250061035156 4.84126091003418 0.00182247161865 20004
8513779453509819 1075 0.3912353515625 5.76084280014038 -0.00222098827362 30004
8514178751207916 1075 2.28851318359375 -1.13312149047852 -0.01463270187378 40004
8514578048904817 1075 -1.53677368164063 2.73529934883118 0.0101375579834 50004
8514977346650620 1075 0.273681640625 -6.93222618103027 -0.00112867355347 60004
8515376644424218 1075 0.042724609375 -3.24522614479065 -0.00015878677368 70004
8515775942428916 1075 -2.20709228515625 -0.35959708690643 0.01434183120728 80004
8516175240193419 1075 0.441162109375 7.17879438400269 -0.00232124328613 90004
8512581560284017 1076 1.53953146934509 -2.00462532043457 -0.00966402888298 4
8512980858004517 1076 -0.43897247314453 4.4871039390564 0.00310152769089 10004
8513380155613119 1076 -0.37974548339844 4.53018712997437 0.00181996822357 20004
8513779453509819 1076 0.4600830078125 5.38300466537476 -0.00221836566925 30004
8514178751207916 1076 2.47891235351563 -0.72920751571655 -0.01576256752014 40004
8514578048904817 1076 -1.76882934570313 2.53909707069397 0.01223134994507 50004
8514977346650620 1076 0.29248046875 -6.58891677856445 -0.00113153457642 60004
8515376644424218 1076 0.36474609375 -2.94965386390686 -0.00128078460693 70004
8515775942428916 1076 -2.21661376953125 -0.14596629142761 0.01433944702148 80004
8516175240193419 1076 0.5062255859375 6.82898092269897 -0.00231790542603 90004
8512581560284017 1077 1.4144880771637 -2.3732693195343 -0.00966401770711 4
8512980858004517 1077 -0.70491790771484 4.1190037727356 0.00520241260529 10004
8513380155613119 1077 -0.64743041992188 4.28191614151001 0.00390100479126 20004
8513779453509819 1077 0.5452880859375 5.00595235824585 -0.00333905220032 30004
8514178751207916 1077 2.53311157226563 -0.32611608505249 -0.01576685905457 40004
8514578048904817 1077 -1.98220825195313 2.32346749305725 0.01223516464233 50004
8514977346650620 1077 0.20068359375 -6.25982284545898 -0.00113248825073 60004
8515376644424218 1077 0.6572265625 -2.60493302345276 -0.00352382659912 70004
8515775942428916 1077 -2.13214111328125 0.09520494192839 0.01433515548706 80004
8516175240193419 1077 0.5594482421875 6.47159719467163 -0.00343465805054 90004
8512581560284017 1078 1.24859857559204 -2.72804260253906 -0.00758485822007 4
8512980858004517 1078 -1.01168823242188 3.78038287162781 0.00723540782928 10004
8513380155613119 1078 -0.94277954101563 4.06327676773071 0.00654125213623 20004
8513779453509819 1078 0.654296875 4.63512372970581 -0.00333690643311 30004
8514178751207916 1078 2.44497680664063 0.05367528274655 -0.01576995849609 40004
8514578048904817 1078 -2.134521484375 2.05674576759338 0.01425909996033 50004
8514977346650620 1078 0.072265625 -5.94092559814453 -0.00113344192505 60004
8515376644424218 1078 0.854736328125 -2.18771958351135 -0.00464344024658 70004
8515775942428916 1078 -2.00811767578125 0.4195202589035 0.01320648193359 80004
8516175240193419 1078 0.5994873046875 6.11793088912964 -0.00343036651611 90004
8512581560284017 1079 1.20527350902557 -3.12443447113037 -0.00758485496044 4
8512980858004517 1079 -1.19601440429688 3.35328769683838 0.00723469257355 10004
8513380155613119 1079 -1.15542602539063 3.75567412376404 0.0065393447876 20004
8513779453509819 1079 0.6640625 4.24428510665894 -0.00333571434021 30004
8514178751207916 1079 2.21124267578125 0.44309198856354 -0.01376914978027 40004
8514578048904817 1079 -2.232666015625 1.76394867897034 0.01425981521606 50004
8514977346650620 1079 0.0537109375 -5.59143829345703 -0.00113415718079 60004
8515376644424218 1079 0.997314453125 -1.74741315841675 -0.0057635307312 70004
8515775942428916 1079 -1.97198486328125 0.89918512105942 0.01319885253906 80004
8516175240193419 1079 0.5223388671875 5.76353788375854 -0.00342798233032 90004
8512581560284017 1080 0.99852991104126 -3.4653263092041 -0.00557137094438 4
8512980858004517 1080 -1.54352569580078 3.04415607452393 0.0093435049057 10004
8513380155613119 1080 -1.30091857910156 3.411208152771 0.0085586309433 20004
8513779453509819 1080 0.83871459960938 3.89418625831604 -0.00446200370789 30004
8514178751207916 1080 1.94778442382813 0.81324827671051 -0.01170802116394 40004
8514578048904817 1080 -2.197509765625 1.45689415931702 0.01426124572754 50004
8514977346650620 1080 0.0986328125 -5.24433898925781 -0.00113654136658 60004
8515376644424218 1080 1.31146240234375 -1.40875768661499 -0.0079984664917 70004
8515775942428916 1080 -1.81475830078125 1.17893600463867 0.01207113265991 80004
8516175240193419 1080 0.6014404296875 5.41011381149292 -0.00342226028442 90004
8512581560284017 1081 0.9143391251564 -3.84785604476929 -0.00557137001306 4
8512980858004517 1081 -1.76862335205078 2.64655017852783 0.01144242286682 10004
8513380155613119 1081 -1.54541015625 3.1371431350708 0.01056039333344 20004
8513779453509819 1081 1.029296875 3.5529453754425 -0.0055890083313 30004
8514178751207916 1081 1.81558227539063 1.24003040790558 -0.01170802116394 40004
8514578048904817 1081 -2.06793212890625 1.18229937553406 0.01426458358765 50004
8514977346650620 1081 0.03076171875 -4.90737342834473 -0.00113725662231 60004
8515376644424218 1081 1.7113037109375 -1.19393301010132 -0.01024198532104 70004
8515775942428916 1081 -1.75201416015625 1.55159711837769 0.01206588745117 80004
8516175240193419 1081 0.5633544921875 5.05596303939819 -0.00341939926147 90004
8512581560284017 1082 0.85112398862839 -4.22384357452393 -0.00557136768475 4
8512980858004517 1082 -1.96339416503906 2.22428870201111 0.01350504159927 10004
8513380155613119 1082 -1.75706481933594 2.83961391448975 0.01056003570557 20004
8513779453509819 1082 1.20736694335938 3.32786107063293 -0.006716132164 30004
8514178751207916 1082 1.63711547851563 1.64613449573517 -0.01170778274536 40004
8514578048904817 1082 -1.868408203125 0.95291590690613 0.01314854621887 50004
8514977346650620 1082 -0.0703125 -4.57235145568848 0.0008704662323 60004
8515376644424218 1082 2.12652587890625 -0.99562221765518 -0.01360845565796 70004
8515775942428916 1082 -1.65972900390625 1.88959455490112 0.01093721389771 80004
8516175240193419 1082 0.5643310546875 4.70205450057983 -0.00341510772705 90004
8512581560284017 1083 0.79622173309326 -4.58994007110596 -0.00557136815041 4
8512980858004517 1083 -2.18132019042969 1.81409621238709 0.01350462436676 10004
8513380155613119 1083 -1.93557739257813 2.51861906051636 0.01260924339294 20004
8513779453509819 1083 1.36117553710938 3.18587899208069 -0.00783944129944 30004
8514178751207916 1083 1.41714477539063 2.01481509208679 -0.00960469245911 40004
8514578048904817 1083 -1.64462280273438 0.74384951591492 0.01091003417969 50004
8514977346650620 1083 -0.155029296875 -4.23337173461914 0.0008692741394 60004
8515376644424218 1083 2.49688720703125 -0.73491817712784 -0.01584911346436 70004
8515775942428916 1083 -1.520263671875 2.21161293983459 0.00980758666992 80004
8516175240193419 1083 0.6788330078125 4.36543035507202 -0.00340890884399 90004
8512581560284017 1084 0.82592082023621 -4.98759937286377 -0.0055713718757 4
8512980858004517 1084 -2.43738555908203 1.4257607460022 0.01550626754761 10004
8513380155613119 1084 -2.21311950683594 2.26801633834839 0.0146369934082 20004
8513779453509819 1084 1.4959716796875 2.95359444618225 -0.00896239280701 30004
8514178751207916 1084 1.34292602539063 2.38988757133484 -0.00960779190063 40004
8514578048904817 1084 -1.46591186523438 0.49256014823914 0.00979423522949 50004
8514977346650620 1084 -0.2032470703125 -3.88682317733765 0.00086402893066 60004
8515376644424218 1084 2.76837158203125 -0.36132085323334 -0.01695394515991 70004
8515775942428916 1084 -1.420654296875 2.68259835243225 0.00978946685791 80004
8516175240193419 1084 0.8995361328125 4.07920598983765 -0.00565052032471 90004
8512581560284017 1085 0.68481439352036 -5.3604941368103 -0.00352444546297 4
8512980858004517 1085 -2.50534820556641 0.96554982662201 0.015505194664 10004
8513380155613119 1085 -2.35887145996094 1.92356729507446 0.01463711261749 20004
8513779453509819 1085 1.6859130859375 2.611980676651 -0.01008546352386 30004
8514178751207916 1085 1.07403564453125 2.75643801689148 -0.00759935379028 40004
8514578048904817 1085 -1.41024780273438 0.18884253501892 0.00980138778687 50004
8514977346650620 1085 -0.3941650390625 -3.59348058700562 0.00286364555359 60004
8515376644424218 1085 2.857421875 0.09279388189316 -0.01806688308716 70004
8515775942428916 1085 -1.131591796875 3.06806588172913 0.00752449035645 80004
8516175240193419 1085 1.2071533203125 3.89072418212891 -0.006760597229 90004
8512581560284017 1086 0.67180472612381 -5.75196838378906 -0.00352444685996 4
8512980858004517 1086 -2.42259216308594 0.51609122753143 0.01550334692001 10004
8513380155613119 1086 -2.60148620605469 1.64741134643555 0.01670050621033 20004
8513779453509819 1086 1.9710693359375 2.35463833808899 -0.01233160495758 30004
8514178751207916 1086 0.94064331054688 3.18231749534607 -0.00554490089417 40004
8514578048904817 1086 -1.2618408203125 -0.07555405795574 0.00868248939514 50004
8514977346650620 1086 -0.5614013671875 -3.28627347946167 0.00286269187927 60004
8515376644424218 1086 2.797119140625 0.54347628355026 -0.01806259155273 70004
8515775942428916 1086 -0.8193359375 3.43380951881409 0.00638341903687 80004
8516175240193419 1086 1.42645263671875 3.62814903259277 -0.00898790359497 90004
8512581560284017 1087 0.61608666181564 -6.13726329803467 -0.00352444592863 4
8512980858004517 1087 -2.20155334472656 0.11919158697128 0.01437824964523 10004
8513380155613119 1087 -2.82632446289063 1.35542893409729 0.01872253417969 20004
8513779453509819 1087 2.22512817382813 2.06920552253723 -0.01345634460449 30004
8514178751207916 1087 0.95065307617188 3.62577223777771 -0.00555038452148 40004
8514578048904817 1087 -1.1436767578125 -0.35305765271187 0.00756049156189 50004
8514977346650620 1087 -0.7586669921875 -3.00065755844116 0.00487756729126 60004
8515376644424218 1087 2.5968017578125 0.94860810041428 -0.01601505279541 70004
8515775942428916 1087 -0.59130859375 3.84377694129944 0.00412845611572 80004
8516175240193419 1087 1.55340576171875 3.30593109130859 -0.00897932052612 90004
8512581560284018 1088 0.05273298174143 -7.88691377639771 0.0000000000291 4
8512980858004517 1088 -1.86471557617188 -0.1913455426693 0.01213145256042 10004
8513380155613119 1088 -2.96206665039063 1.01408195495605 0.01872086524963 20004
8513779453509819 1088 2.44308471679688 1.75024914741516 -0.01570510864258 30004
8514178751207916 1088 1.0103759765625 4.0681266784668 -0.00555777549744 40004
8514578048904817 1088 -1.0673828125 -0.65030097961426 0.00756192207336 50004
8514977346650620 1088 -0.9610595703125 -2.72255659103394 0.00696492195129 60004
8515376644424218 1088 2.3507080078125 1.33153700828552 -0.01600646972656 70004
8515775942428916 1088 -0.419677734375 4.28747701644897 0.0029993057251 80004
8516175240193419 1088 1.6492919921875 2.96279144287109 -0.01009225845337 90004
8512581560284018 1089 0.26365724205971 -7.43458414077759 -0.00112304580398 4
8512980858004517 1089 -1.44402313232422 -0.38971072435379 0.00988459587097 10004
8513380155613119 1089 -2.98062133789063 0.64056587219238 0.01871919631958 20004
8513779453509819 1089 2.74288940429688 1.49926495552063 -0.01683080196381 30004
8514178751207916 1089 0.9219970703125 4.5137825012207 -0.0055615901947 40004
8514578048904817 1089 -0.93212890625 -0.92812156677246 0.0064389705658 50004
8514977346650620 1089 -1.0645751953125 -2.38836240768433 0.0069637298584 60004
8515376644424218 1089 2.2393798828125 1.78107619285584 -0.01397275924683 70004
8515775942428916 1089 -0.143310546875 4.67998647689819 0.00187158584595 80004
8516175240193419 1089 1.85015869140625 2.66172027587891 -0.01120185852051 90004
8512581560284018 1090 0.26365724205971 -6.9355149269104 -0.00112304580398 4
8512980858004517 1090 -0.98824310302734 -0.48277443647385 0.00636887550354 10004
8513380155613119 1090 -2.83975219726563 0.29411119222641 0.01871585845947 20004
8513779453509819 1090 2.82635498046875 1.32218670845032 -0.0179591178894 30004
8514178751207916 1090 0.6534423828125 4.88033676147461 -0.00348210334778 40004
8514578048904817 1090 -0.92724609375 -1.23704743385315 0.00643920898438 50004
8514977346650620 1090 -1.29974365234375 -2.12943601608276 0.00903010368347 60004
8515376644424218 1090 1.9483642578125 2.14180159568787 -0.01195669174194 70004
8515775942428916 1090 -0.05804443359375 5.15326070785522 0.00074625015259 80004
8516175240193419 1090 2.03375244140625 2.35006713867188 -0.01231479644775 90004
8512581560284018 1091 0.35786095261574 -6.44848728179932 -0.00224609090947 4
8512980858004517 1091 -0.53502655029297 -0.42480701208115 0.00382912158966 10004
8513380155613119 1091 -2.63223266601563 0.04756089299917 0.0175906419754 20004
8513779453509819 1091 2.84771728515625 1.15512490272522 -0.01796448230743 30004
8514178751207916 1091 0.52001953125 5.30621719360352 -0.00348281860352 40004
8514578048904817 1091 -0.8245849609375 -1.52264428138733 0.00531649589539 50004
8514977346650620 1091 -1.56939697265625 -1.90844202041626 0.00902938842773 60004
8515376644424218 1091 1.56671142578125 2.39164805412292 -0.00981044769287 70004
8515775942428916 1091 -0.12811279296875 5.62059545516968 0.00074529647827 80004
8516175240193419 1091 2.19610595703125 2.0270414352417 -0.01343107223511 90004
8512581560284018 1092 0.37551933526993 -5.96156167984009 -0.00224608462304 4
8512980858004517 1092 -0.07630920410156 -0.37372824549675 0.00143647193909 10004
8513380155613119 1092 -2.44660949707031 -0.23228019475937 0.01646554470062 20004
8513779453509819 1092 2.80499267578125 0.980109333992 -0.01796865463257 30004
8514178751207916 1092 0.341552734375 5.71232223510742 -0.00147342681885 40004
8514578048904817 1092 -0.7557373046875 -1.73878598213196 0.00531768798828 50004
8514977346650620 1092 -1.77935791015625 -1.67483377456665 0.01104521751404 60004
8515376644424218 1092 1.12872314453125 2.5077006816864 -0.00763082504272 70004
8515775942428917 1092 0.068359375 7.67867994308472 0 80004
8516175240193419 1092 2.41290283203125 1.74867641925812 -0.01454734802246 90004
8512581560284018 1093 0.33920487761497 -5.47268867492676 -0.00224608066492 4
8512980858004517 1093 0.38455963134766 -0.40957054495811 -0.00193297863007 10004
8513380155613119 1093 -2.2725830078125 -0.5556977391243 0.01534152030945 20004
8513779453509819 1093 2.66815185546875 0.77480089664459 -0.01797258853912 30004
8514178751207917 1093 0.0302734375 7.59736967086792 0 40004
8514578048904817 1093 -0.7200927734375 -1.9240882396698 0.00531816482544 50004
8514977346650620 1093 -1.94195556640625 -1.41503810882568 0.01307678222656 60004
8515376644424218 1093 0.6785888671875 2.57533621788025 -0.00557947158813 70004
8515775942428917 1093 0.198486328125 7.9210524559021 -0.00112581253052 80004
8516175240193419 1093 2.64068603515625 1.53539049625397 -0.01678276062012 90004
8512581560284018 1094 0.46481212973595 -4.98966503143311 -0.00224607484415 4
8512980858004517 1094 0.83263397216797 -0.53444683551788 -0.0053026676178 10004
8513380155613119 1094 -1.99850463867188 -0.81009989976883 0.01309299468994 20004
8513779453509819 1094 2.37820434570313 0.51249372959137 -0.01589262485504 30004
8514178751207917 1094 0.1513671875 7.85696744918823 -0.00000190734863 40004
8514578048904817 1094 -0.58526611328125 -2.201908826828 0.00419902801514 50004
8514977346650620 1094 -2.17340087890625 -1.15245723724365 0.01307773590088 60004
8515376644424218 1094 0.2674560546875 2.78822302818298 -0.00127601623535 70004
8515775942428917 1094 0.308837890625 8.01328277587891 -0.00112771987915 80004
8516175240193419 1094 2.71685791015625 1.37198221683502 -0.01677465438843 90004
8512581560284018 1095 0.37452128529549 -4.49883794784546 -0.00224607088603 4
8512980858004517 1095 1.23891448974609 -0.76108181476593 -0.00754988193512 10004
8513380155613119 1095 -1.72142028808594 -1.0614902973175 0.0119651556015 20004
8513779453509819 1095 2.22659301757813 0.15224230289459 -0.01388549804688 30004
8514178751207917 1095 0.234375 7.94176054000854 -0.0011260509491 40004
8514578048904817 1095 -0.58087158203125 -2.51083445549011 0.00420355796814 50004
8514977346650620 1095 -2.26422119140625 -0.84239047765732 0.01508736610413 60004
8515376644424218 1095 -0.0147705078125 3.15488409996033 0.00081062316895 70004
8515775942428917 1095 0.308837890625 8.01328277587891 -0.00112771987915 80004
8516175240193419 1095 2.71978759765625 1.00949823856354 -0.01677083969116 90004
8512581560284018 1096 0.13504192233086 -4.07115888595581 -0.00015992391855 4
8512980858004517 1096 1.52584075927734 -1.07430422306061 -0.00979644060135 10004
8513380155613119 1096 -1.5439453125 -1.38298439979553 0.01084196567535 20004
8513779453509819 1096 2.19277954101563 -0.23101741075516 -0.01388657093048 30004
8514178751207917 1096 0.2664794921875 7.96726751327515 -0.00112676620483 40004
8514578048904817 1096 -0.47836303710938 -2.79643130302429 0.0030882358551 50004
8514977346650620 1096 -2.27008056640625 -0.65497678518295 0.01508903503418 60004
8515376644424218 1096 -0.1614990234375 3.5853488445282 0.00081205368042 70004
8515775942428917 1096 0.308837890625 8.01328277587891 -0.00112771987915 80004
8516175240193419 1096 2.62017822265625 0.69943606853485 -0.01676750183105 90004
8512581560284018 1097 -0.09636071324348 -3.63389611244202 -0.00015992386034 4
8512980858004517 1097 1.68080902099609 -1.40900719165802 -0.0097975730896 10004
8513380155613119 1097 -1.4041748046875 -1.72984337806702 0.00971734523773 20004
8513779453509819 1097 2.11532592773438 -0.60471147298813 -0.01388776302338 30004
8514178751207917 1097 0.2740478515625 7.97013998031616 -0.00112700462341 40004
8514578048904817 1097 -0.40902709960938 -3.07567095756531 0.00309491157532 50004
8514977346650620 1097 -2.24957275390625 -0.56763833761215 0.01509118080139 60004
8515376644424218 1097 -0.1893310546875 4.04153347015381 0.00081491470337 70004
8515775942428917 1097 0.308837890625 8.01328277587891 -0.00112771987915 80004
8516175240193419 1097 2.43951416015625 0.4116584956646 -0.01676368713379 90004
8512581560284018 1098 -0.31331861019135 -3.19336867332459 0.00184291205369 4
8512980858004517 1098 1.72740936279297 -1.67965376377106 -0.01092255115509 10004
8513380155613119 1098 -1.26336669921875 -2.07611441612244 0.00859069824219 20004
8513779453509819 1098 1.98849487304688 -0.96958941221237 -0.01188433170319 30004
8514178751207917 1098 0.2740478515625 7.97013998031616 -0.00112700462341 40004
8514578048904817 1098 -0.37631225585938 -3.35748076438904 0.00310015678406 50004
8514977346650620 1098 -2.22784423828125 -0.49491614103317 0.01509261131287 60004
8515376644424218 1098 -0.1932373046875 4.49623203277588 0.00081825256348 70004
8515775942428917 1098 0.308837890625 8.01328277587891 -0.00112771987915 80004
8516175240193419 1098 2.19586181640625 0.14544677734375 -0.01467418670654 90004
8512581560284018 1099 -0.66047912836075 -2.83493781089783 0.00393857154995 4
8512980858004517 1099 1.72557830810547 -1.78028547763824 -0.01092380285263 10004
8513380155613119 1099 -1.10443115234375 -2.414630651474 0.0074657201767 20004
8513779453509819 1099 1.96310424804688 -1.35972428321838 -0.01188433170319 30004
8514178751207917 1099 0.2740478515625 7.97013998031616 -0.00112700462341 40004
8514578048904817 1099 -0.25863647460938 -3.64274382591248 0.00198578834534 50004
8514977346650620 1099 -2.19659423828125 -0.28847044706345 0.01509404182434 60004
8515376644424218 1099 -0.34686279296875 4.93310642242432 0.00286769866943 70004
8515775942428917 1099 0.308837890625 8.01328277587891 -0.00112771987915 80004
8516175240193419 1099 1.90386962890625 -0.07049905508757 -0.01260995864868 90004
8512581560284018 1100 -0.8236426115036 -2.36333966255188 0.00598461739719 4
8512980858004517 1100 1.72557830810547 -1.78028547763824 -0.01092475652695 10004
8513380155613119 1100 -1.10345458984375 -2.78862357139587 0.0074645280838 20004
8513779453509819 1100 1.77511596679688 -1.7025682926178 -0.01188433170319 30004
8514178751207917 1100 0.2740478515625 7.97013998031616 -0.00112700462341 40004
8514578048904817 1100 -0.27230834960938 -3.95144057273865 0.00199055671692 50004
8514977346650620 1100 -2.00323486328125 0.00302026048303 0.01397299766541 60004
8515376644424218 1100 -0.30291748046875 5.3937463760376 0.00288248062134 70004
8515775942428917 1100 0.308837890625 8.01328277587891 -0.00112771987915 80004
8516175240193419 1100 1.73004150390625 -0.38926467299461 -0.01054859161377 90004
8512581560284018 1101 -1.12480092048645 -1.9766149520874 0.00804712250829 4
8512980858004517 1101 1.65975189208984 -1.94182455539703 -0.0109258890152 10004
8513380155613119 1101 -0.9840087890625 -3.13600897789001 0.00633919239044 20004
8513779453509819 1101 1.55783081054688 -2.02706027030945 -0.0098215341568 30004
8514178751207917 1101 0.2740478515625 7.97013998031616 -0.00112700462341 40004
8514578048904817 1101 -0.18746948242188 -4.24256181716919 0.00199818611145 50004
8514977346650620 1101 -1.91534423828125 0.33543637394905 0.01285409927368 60004
8515376644424218 1101 -0.40771484375 5.83656215667725 0.00289249420166 70004
8515775942428917 1101 0.2685546875 7.90290451049805 -0.00112915039063 80004
8516175240193419 1101 1.60821533203125 -0.72941076755524 -0.0105447769165 90004
8512581560284018 1102 -1.40990555286407 -1.57419526576996 0.00804712157696 4
8512980858004517 1102 1.60366058349609 -2.28180575370789 -0.01092684268951 10004
8513380155613119 1102 -0.86476135253906 -3.48793578147888 0.00633609294891 20004
8513779453509819 1102 1.40866088867188 -2.37846827507019 -0.00982117652893 30004
8514178751207917 1102 0.2767333984375 7.88623571395874 -0.00112700462341 40004
8514578048904817 1102 -0.13546752929688 -4.53953981399536 0.00088167190552 50004
8514977346650620 1102 -1.83380126953125 0.59161764383316 0.012855052948 60004
8515376644424219 1102 0.052734375 7.64565229415894 0 70004
8515775942428917 1102 0.2548828125 7.67349243164063 -0.00113010406494 80004
8516175240193419 1102 1.43487548828125 -1.03844320774078 -0.00849294662476 90004
8512581560284018 1103 -1.67485928535461 -1.16179752349854 0.01011271309108 4
8512980858004517 1103 1.53075408935547 -2.73290157318115 -0.01092773675919 10004
8513380155613119 1103 -0.81027221679688 -3.85527396202087 0.00521075725555 20004
8513779453509819 1103 1.29873657226563 -2.74639296531677 -0.00781583786011 30004
8514178751207917 1103 0.247802734375 7.68318128585815 -0.00112771987915 40004
8514578048904817 1103 -0.11630249023438 -4.8423752784729 0.00088763237 50004
8514977346650620 1103 -1.73785400390625 0.80286055803299 0.01173400878906 60004
8515376644424219 1103 0.138916015625 7.8213095664978 0.00000667572021 70004
8515775942428917 1103 0.256103515625 7.35208702087402 -0.00113344192505 80004
8516175240193419 1103 1.22711181640625 -1.3283554315567 -0.00848197937012 90004
8512581560284018 1104 -2.06560850143433 -0.85149258375168 0.01220107078552 4
8512980858004517 1104 1.29904174804688 -3.12902069091797 -0.00768494606018 10004
8513380155613119 1104 -0.83248901367188 -4.22861671447754 0.00521183013916 20004
8513779453509819 1104 1.07168579101563 -3.06476759910584 -0.00781548023224 30004
8514178751207917 1104 0.115966796875 7.37438917160034 -0.00112819671631 40004
8514578048904817 1104 0.00137329101563 -5.12763833999634 0.00089621543884 50004
8514977346650620 1104 -1.68511962890625 1.14891850948334 0.01173830032349 60004
8515376644424219 1104 0.167236328125 7.84484624862671 0.00000762939453 70004
8515775942428917 1104 0.181884765625 7.00142478942871 -0.00113439559937 80004
8516175240193419 1104 1.12237548828125 -1.67562830448151 -0.00645208358765 90004
8512581560284018 1105 -2.18872475624084 -0.63447064161301 0.01424598041922 4
8512980858004517 1105 1.06137084960938 -3.45894479751587 -0.00742423534393 10004
8513380155613119 1105 -0.69528198242188 -4.5763111114502 0.00521337985992 20004
8513779453509819 1105 1.00039672851563 -3.44920897483826 -0.00578856468201 30004
8514178751207917 1105 0.126708984375 7.03876447677612 -0.00112867355347 40004
8514578048904817 1105 0.07513427734375 -5.42761850357056 -0.00022101402283 50004
8514977346650620 1105 -1.490234375 1.44040906429291 0.01060819625854 60004
8515376644424219 1105 0.167236328125 7.84484624862671 0.00000762939453 70004
8515775942428917 1105 0.262939453125 6.6524486541748 -0.001136302948 80004
8516175240193419 1105 0.88018798828125 -1.9464203119278 -0.00644207000732 90004
8512581560284018 1106 -2.24115395545959 -0.30928611755371 0.01424597110599 4
8512980858004517 1106 0.88991546630859 -3.87182664871216 -0.00539058446884 10004
8513380155613119 1106 -0.48085021972656 -4.87819480895996 0.00409007072449 20004
8513779453509819 1106 0.81228637695313 -3.78410029411316 -0.00579047203064 30004
8514178751207917 1106 0.030517578125 6.72326421737671 -0.00112867355347 40004
8514578048904817 1106 0.17169189453125 -5.72079515457153 -0.00021862983704 50004
8514977346650620 1106 -1.34765625 1.75904214382172 0.00948023796082 60004
8515376644424219 1106 0.167236328125 7.84484624862671 0.00000762939453 70004
8515775942428917 1106 0.254638671875 6.29800796508789 -0.00113868713379 80004
8516175240193419 1106 0.74127197265625 -2.27457427978516 -0.0044322013855 90004
8512581560284018 1107 -2.17272520065308 0.09377211332321 0.01424595620483 4
8512980858004517 1107 0.67642974853516 -4.27874422073364 -0.00539124011993 10004
8513380155613119 1107 -0.31239318847656 -5.20215034484863 0.002965092659 20004
8513779453509819 1107 0.66342163085938 -4.1355094909668 -0.00374174118042 30004
8514178751207917 1107 -0.03042602539063 6.40105581283569 0.00090479850769 40004
8514578048904817 1107 0.31500244140625 -5.99080324172974 -0.00133872032166 50004
8514977346650620 1107 -1.20526123046875 2.07851672172546 0.00835466384888 60004
8515376644424219 1107 0.167236328125 7.84484624862671 0.00000762939453 70004
8515775942428917 1107 0.293212890625 5.95030975341797 -0.00114107131958 80004
8516175240193419 1107 0.71441650390625 -2.6275520324707 -0.00442838668823 90004
8512581560284018 1108 -2.04257488250732 0.55203938484192 0.01424593571573 4
8512980858004517 1108 0.44598388671875 -4.6669979095459 -0.0033021569252 10004
8513380155613119 1108 -0.20207214355469 -5.55865859985352 0.00183832645416 20004
8513779453509819 1108 0.56930541992188 -4.51249694824219 -0.00374352931976 30004
8514178751207917 1108 -0.01589965820313 6.06615209579468 0.00090360641479 40004
8514578048904817 1108 0.46710205078125 -6.25338792800903 -0.00245928764343 50004
8514977346650620 1108 -1.08148193359375 2.39940333366394 0.00722813606262 60004
8515376644424219 1108 0.167236328125 7.84484624862671 0.00000762939453 70004
8515775942428917 1108 0.390625 5.6162166595459 -0.0022668838501 80004
8516175240193419 1108 0.72637939453125 -2.9833812713623 -0.00442314147949 90004
8512581560284018 1109 -2.01911282539368 1.05056309700012 0.01312285941094 4
8512980858004517 1109 0.35675048828125 -5.09998512268066 -0.00330185890198 10004
8513380155613119 1109 -0.05108642578125 -5.90079879760742 0.00071310997009 20004
8513779453509819 1109 0.4051513671875 -4.86711120605469 -0.00173282623291 30004
8514178751207917 1109 0.01144409179688 5.73341131210327 0.00090050697327 40004
8514578048904818 1109 0 -8 0 50004
8514977346650620 1109 -1.06781005859375 2.74914622306824 0.00722718238831 60004
8515376644424219 1109 0.167236328125 7.84484624862671 0.00000762939453 70004
8515775942428917 1109 0.4345703125 5.2972469329834 -0.00226879119873 80004
8516175240193419 1109 0.62188720703125 -3.33065605163574 -0.00442028045654 90004
8512581560284018 1110 -1.84213757514954 1.38773155212402 0.01199979055673 4
8512980858004517 1110 0.36859130859375 -5.5650577545166 -0.00330138206482 10004
8513380155613119 1110 0.09355163574219 -6.24557113647461 -0.00040996074677 20004
8513779453509819 1110 0.4056396484375 -5.25807189941406 -0.0017317533493 30004
8514178751207917 1110 -0.10476684570313 5.41814947128296 0.00089907646179 40004
8514578048904818 1110 0.06298828125 -7.86465454101563 0.00000286102295 50004
8514977346650620 1110 -0.90765380859375 3.06041407585144 0.0061023235321 60004
8515376644424219 1110 0.188720703125 7.80740880966187 -0.0011134147644 70004
8515775942428917 1110 0.3671875 4.94521903991699 -0.00227022171021 80004
8516175240193419 1110 0.67071533203125 -3.67764472961426 -0.00441408157349 90004
8512581560284018 1111 -1.78029608726501 1.84591960906982 0.01199977844954 4
8512980858004517 1111 0.23233795166016 -6.00123405456543 -0.00130099058151 10004
8513380155613120 1111 0.109130859375 -7.76609420776367 -0.00000095367432 20004
8513779453509819 1111 0.2823486328125 -5.62177276611328 -0.00173056125641 30004
8514178751207917 1111 -0.11331176757813 5.08838796615601 0.00089693069458 40004
8514578048904818 1111 0.09228515625 -7.73052787780762 0.00000596046448 50004
8514977346650620 1111 -0.70428466796875 3.34389853477478 0.00497651100159 60004
8515376644424219 1111 0.194091796875 7.79804944992065 -0.00110673904419 70004
8515775942428917 1111 0.416259765625 4.59671592712402 -0.00227165222168 80004
8516175240193419 1111 0.60455322265625 -4.02484798431396 -0.0044093132019 90004
8512581560284018 1112 -1.65445792675018 2.31257438659668 0.01087671797723 4
8512980858004517 1112 0.14548492431641 -6.44703102111816 -0.00130176544189 10004
8513380155613120 1112 0.181884765625 -7.4380989074707 -0.00112450122833 20004
8513779453509819 1112 0.2003173828125 -5.99456024169922 -0.00172901153564 30004
8514178751207917 1112 -0.15774536132813 4.7634596824646 0.00089526176453 40004
8514578048904818 1112 0.057373046875 -7.52306938171387 0.00000739097595 50004
8514977346650620 1112 -0.55487060546875 3.65123343467712 0.00385117530823 60004
8515376644424219 1112 0.156494140625 7.69827222824097 -0.00110244750977 70004
8515775942428917 1112 0.510498046875 4.25112342834473 -0.00227451324463 80004
8516175240193419 1112 0.55963134765625 -4.3795690536499 -0.00440645217896 90004
8512581560284018 1113 -1.39251005649567 2.72426819801331 0.00975367799401 4
8512980858004518 1113 0.0302734375 -7.93507194519043 -0.00000011920929 10004
8513380155613120 1113 0.154296875 -7.09853553771973 -0.00112462043762 20004
8513779453509819 1113 0.2421875 -6.37629318237305 -0.00172698497772 30004
8514178751207917 1113 -0.30459594726563 4.46780157089233 0.00089383125305 40004
8514578048904818 1113 0.001953125 -7.23304557800293 0.00000858306885 50004
8514977346650620 1113 -0.47894287109375 3.992755651474 0.00384879112244 60004
8515376644424219 1113 0.1083984375 7.44234800338745 -0.00110101699829 70004
8515775942428917 1113 0.64501953125 3.92597079277039 -0.00339841842651 80004
8516175240193419 1113 0.53564453125 -4.73490810394287 -0.00440311431885 90004
8512581560284018 1114 -1.02937340736389 3.06666421890259 0.00750757660717 4
8512980858004518 1114 0.1513671875 -7.67539119720459 -0.00000083446503 10004
8513380155613120 1114 0.0439453125 -6.77269077301025 -0.00112473964691 20004
8513779453509820 1114 0 -8 0 30004
8514178751207917 1114 -0.54296875 4.23095464706421 0.00290083885193 40004
8514578048904818 1114 0.0439453125 -6.91654014587402 0.0000114440918 50004
8514977346650620 1114 -0.41839599609375 4.33750534057617 0.00272297859192 60004
8515376644424219 1114 0.1416015625 7.01731443405151 -0.00109434127808 70004
8515775942428917 1114 0.88134765625 3.65693163871765 -0.0056471824646 80004
8516175240193419 1114 0.39666748046875 -5.06976222991943 -0.00239944458008 90004
8512581560284018 1115 -0.84496867656708 3.53043341636658 0.00638452358544 4
8512980858004518 1115 0.1513671875 -7.31795406341553 -0.00000083446503 10004
8513380155613120 1115 0.08154296875 -6.4306116104126 -0.00112473964691 20004
8513779453509820 1115 0.1669921875 -7.64237213134766 -0.00000143051147 30004
8514178751207917 1115 -0.65850830078125 3.91569399833679 0.00490355491638 40004
8514578048904818 1115 0.0185546875 -6.59827995300293 0.00001311302185 50004
8514977346650620 1115 -0.49554443359375 4.67892074584961 0.0027220249176 60004
8515376644424219 1115 0.119140625 6.59159421920776 -0.00109434127808 70004
8515775942428917 1115 0.98193359375 3.31307101249695 -0.00564908981323 80004
8516175240193419 1115 0.41229248046875 -5.43192958831787 -0.00240325927734 90004
8512581560284018 1116 -0.655238032341 3.99203824996948 0.00526145892218 4
8512980858004518 1116 0.20539093017578 -6.96599578857422 -0.00112509727478 10004
8513380155613120 1116 0.083251953125 -6.08712482452393 -0.0011248588562 20004
8513779453509820 1116 0.208740234375 -7.1701488494873 -0.00112247467041 30004
8514178751207917 1116 -0.86581420898438 3.65924143791199 0.00489950180054 40004
8514578048904818 1116 -0.105712890625 -6.31040382385254 0.0000147819519 50004
8514977346650620 1116 -0.45916748046875 5.02077102661133 0.00272035598755 60004
8515376644424219 1116 0.05419921875 6.17101240158081 -0.0010929107666 70004
8515775942428917 1116 1.146240234375 2.99709963798523 -0.00677394866943 80004
8516175240193419 1116 0.46600341796875 -5.78970241546631 -0.00241184234619 90004
8512581560284018 1117 -0.45627862215042 4.44968032836914 0.00301535916515 4
8512980858004518 1117 0.20014190673828 -6.61707878112793 -0.00112664699554 10004
8513380155613120 1117 0.0738525390625 -5.74314594268799 -0.0011248588562 20004
8513779453509820 1117 0.20703125 -6.65973091125488 -0.00112080574036 30004
8514178751207917 1117 -1.04281616210938 3.38318705558777 0.00690150260925 40004
8514578048904818 1117 -0.19094848632813 -6.09196281433105 0.00206899642944 50004
8514977346650620 1117 -0.46063232421875 5.36247634887695 0.00271844863892 60004
8515376644424219 1117 -0.0693359375 5.7657618522644 0.00091648101807 70004
8515775942428917 1117 1.387939453125 2.74395632743835 -0.00789880752563 80004
8516175240193419 1117 0.50018310546875 -6.1491003036499 -0.00241041183472 90004
8512581560284018 1118 -0.26096686720848 4.90850162506104 0.0018923090538 4
8512980858004518 1118 0.11354827880859 -6.27041053771973 -0.00112754106522 10004
8513380155613120 1118 0.0966796875 -5.40421962738037 -0.0011248588562 20004
8513779453509820 1118 0.257568359375 -6.160888671875 -0.00111901760101 30004
8514178751207917 1118 -1.18917846679688 3.08753085136414 0.00690007209778 40004
8514578048904818 1118 -0.17556762695313 -5.89699745178223 0.0020740032196 50004
8514977346650620 1118 -0.55267333984375 5.6990852355957 0.0027174949646 60004
8515376644424219 1118 -0.192138671875 5.3655104637146 0.00091743469238 70004
8515775942428917 1118 1.650390625 2.53169131278992 -0.01015901565552 80004
8516175240193420 1118 0.045166015625 -7.90337371826172 -0.00000190734863 90004
8512581560284018 1119 -0.09896921366453 5.38056468963623 0.00076926173642 4
8512980858004518 1119 0.01528167724609 -5.92680931091309 -0.00112825632095 10004
8513380155613120 1119 0.213623046875 -5.08056688308716 -0.00112509727478 20004
8513779453509820 1119 0.469970703125 -5.69676208496094 -0.0022394657135 30004
8514178751207917 1119 -1.42745971679688 2.85068011283875 0.00898408889771 40004
8514578048904818 1119 -0.07449340820313 -5.59453773498535 0.00095963478088 50004
8514977346650621 1119 0 7.53247022628784 0 60004
8515376644424219 1119 -0.179443359375 4.93940114974976 0.00091886520386 70004
8515775942428917 1119 1.80242919921875 2.28146624565125 -0.01129722595215 80004
8516175240193420 1119 0.225830078125 -7.51686859130859 -0.00113248825073 90004
8512581560284018 1120 -0.15164916217327 5.87683868408203 0.00076926074689 4
8512980858004518 1120 0.07143402099609 -5.57379007339478 -0.0000085234642 10004
8513380155613120 1120 0.44282531738281 -4.82374620437622 -0.00225031375885 20004
8513779453509820 1120 0.466552734375 -5.18634796142578 -0.00223827362061 30004
8514178751207917 1120 -1.54318237304688 2.5354220867157 0.00898289680481 40004
8514578048904818 1120 -0.11013793945313 -5.2772159576416 0.00096416473389 50004
8514977346650621 1120 0.171875 7.90020704269409 -0.00000286102295 60004
8515376644424219 1120 -0.34759521484375 4.54776906967163 0.00297880172729 70004
8515775942428917 1120 2.10028076171875 2.08185458183289 -0.01243448257446 80004
8516175240193420 1120 0.225830078125 -7.09040832519531 -0.00113248825073 90004
8512581560284019 1121 0.11205706745386 7.77277755737305 0.00000000034925 4
8512980858004518 1121 0.03054046630859 -5.22316074371338 -0.00000888109207 10004
8513380155613120 1121 0.5745849609375 -4.51237726211548 -0.0033768415451 20004
8513779453509820 1121 0.30126953125 -4.71295547485352 -0.00223696231842 30004
8514178751207917 1121 -1.751220703125 2.27896952629089 0.01102209091187 40004
8514578048904818 1121 -0.17654418945313 -4.96531295776367 0.00096869468689 50004
8514977346650621 1121 0.3701171875 8.12272930145264 -0.00225043296814 60004
8515376644424219 1121 -0.60882568359375 4.21656179428101 0.00298690795898 70004
8515775942428917 1121 2.31317138671875 1.80194544792175 -0.01468992233276 80004
8516175240193420 1121 0.361328125 -6.69391441345215 -0.0022611618042 90004
8512581560284019 1122 0.27471283078194 8.0067777633667 -0.00112304487266 4
8512980858004518 1122 -0.11312103271484 -4.90520572662354 -0.00000900030136 10004
8513380155613120 1122 0.60009765625 -4.17717981338501 -0.003378033638 20004
8513779453509820 1122 0.18994140625 -4.22722244262695 -0.00223529338837 30004
8514178751207917 1122 -1.92840576171875 2.00291514396667 0.01303362846375 40004
8514578048904818 1122 -0.18435668945313 -4.65369033813477 0.00097465515137 50004
8514977346650621 1122 0.50634765625 8.21858501434326 -0.00224471092224 60004
8515376644424219 1122 -0.82171630859375 3.85847091674805 0.00510501861572 70004
8515775942428917 1122 2.49334716796875 1.49330973625183 -0.0158166885376 80004
8516175240193420 1122 0.45166015625 -6.3325252532959 -0.00226497650146 90004
8512581560284019 1123 0.41940584778786 8.12089538574219 -0.00224608695135 4
8512980858004518 1123 -0.29568481445313 -4.60402393341064 0.00201547145844 10004
8513380155613120 1123 0.58953857421875 -3.83931875228882 -0.00337851047516 20004
8513779453509820 1123 0.240478515625 -3.72838020324707 -0.00117874145508 30004
8514178751207917 1123 -2.07476806640625 1.70725750923157 0.01302862167358 40004
8514578048904818 1123 -0.15774536132813 -4.34130477905273 0.00098347663879 50004
8514977346650621 1123 0.555419921875 8.23178005218506 -0.00336289405823 60004
8515376644424219 1123 -0.98895263671875 3.47146224975586 0.00720453262329 70004
8515775942428917 1123 2.63299560546875 1.17110848426819 -0.01694297790527 80004
8516175240193420 1123 0.459716796875 -5.97401809692383 -0.0022668838501 90004
8512581560284019 1124 0.47046968340874 8.13458061218262 -0.00224608043209 4
8512980858004518 1124 -0.38357543945313 -4.25759601593018 0.00201523303986 10004
8513380155613120 1124 0.69013977050781 -3.51040410995483 -0.00337958335876 20004
8513779453509820 1124 0.452880859375 -3.26425361633301 -0.00229954719543 30004
8514178751207917 1124 -2.31304931640625 1.47040677070618 0.01507091522217 40004
8514578048904818 1124 -0.23440551757813 -4.03120803833008 0.00098776817322 50004
8514977346650621 1124 0.555419921875 8.23178005218506 -0.00335907936096 60004
8515376644424219 1124 -1.25653076171875 3.13877868652344 0.00721263885498 70004
8515775942428917 1124 2.66131591796875 0.81409341096878 -0.01694393157959 80004
8516175240193420 1124 0.491455078125 -5.54880905151367 -0.00227022171021 90004
8512581560284019 1125 0.47046920657158 8.13458061218262 -0.00224607740529 4
8512980858004518 1125 -0.49771881103516 -3.91893911361694 0.00405633449554 10004
8513380155613120 1125 0.88740539550781 -3.22840642929077 -0.00562906265259 20004
8513779453509820 1125 0.84188842773438 -2.93338203430176 -0.00454556941986 30004
8514178751207917 1125 -2.42877197265625 1.1551468372345 0.01506900787354 40004
8514578048904818 1125 -0.17337036132813 -3.71805953979492 0.00099778175354 50004
8514977346650621 1125 0.555419921875 8.23178005218506 -0.0033552646637 60004
8515376644424219 1125 -1.361328125 2.72537231445313 0.00924730300903 70004
8515775942428917 1125 2.53729248046875 0.47755992412567 -0.01694440841675 80004
8516175240193420 1125 0.524658203125 -5.12381362915039 -0.00227022171021 90004
8512581560284019 1126 0.47046872973442 8.13458061218262 -0.00224607414566 4
8512980858004518 1126 -0.58539581298828 -3.57279849052429 0.00405567884445 10004
8513380155613120 1126 1.16011047363281 -3.02873182296753 -0.00675213336945 20004
8513779453509820 1126 1.09854125976563 -2.5025691986084 -0.00679552555084 30004
8514178751207917 1126 -2.43646240234375 0.82538723945618 0.01506638526917 40004
8514578048904818 1126 -0.21560668945313 -3.40719699859619 0.00100326538086 50004
8514977346650621 1126 0.555419921875 8.23178005218506 -0.00335144996643 60004
8515376644424219 1126 -1.58953857421875 2.37400436401367 0.00924777984619 70004
8515775942428917 1126 2.34808349609375 0.17548887431622 -0.0148606300354 80004
8516175240193420 1126 0.688232421875 -4.73880958557129 -0.00338840484619 90004
8512581560284019 1127 0.47046825289726 8.13458061218262 -0.00224607088603 4
8512980858004518 1127 -0.70221710205078 -3.2374312877655 0.00405520200729 10004
8513380155613120 1127 1.40753173828125 -2.80161619186401 -0.00899910926819 20004
8513779453509820 1127 1.39907836914063 -2.10507011413574 -0.00806736946106 30004
8514178751207917 1127 -2.33880615234375 0.51247620582581 0.01506400108337 40004
8514578048904818 1127 -0.35403442382813 -3.12767505645752 0.0030620098114 50004
8514977346650621 1127 0.555419921875 8.23178005218506 -0.00334763526917 60004
8515376644424219 1127 -1.84979248046875 2.03605842590332 0.01129245758057 70004
8515775942428917 1127 2.208984375 -0.14578764140606 -0.01486444473267 80004
8516175240193420 1127 0.806884765625 -4.34036064147949 -0.00450658798218 90004
8512581560284019 1128 0.47431913018227 8.0905590057373 -0.0022460676264 4
8512980858004518 1128 -0.887451171875 -2.93919014930725 0.00608819723129 10004
8513380155613120 1128 1.62498474121094 -2.53991270065308 -0.01012301445007 20004
8513779453509820 1128 1.74359130859375 -1.74088478088379 -0.01031267642975 30004
8514178751207917 1128 -2.19415283203125 0.21236827969551 0.01506114006042 40004
8514578048904818 1128 -0.55923461914063 -2.88309192657471 0.00306606292725 50004
8514977346650621 1128 0.552490234375 8.22111034393311 -0.00334405899048 60004
8515376644424219 1128 -2.130859375 1.72537076473236 0.01336097717285 70004
8515775942428917 1128 2.13232421875 -0.44608753919601 -0.01283311843872 80004
8516175240193420 1128 0.832275390625 -3.91486549377441 -0.00450229644775 90004
8512581560284019 1129 0.48972401022911 7.91447639465332 -0.00224606413394 4
8512980858004518 1129 -1.16377258300781 -2.71265816688538 0.00810384750366 10004
8513380155613120 1129 1.90452575683594 -2.33909177780151 -0.01124894618988 20004
8513779453509820 1129 1.95599365234375 -1.27675819396973 -0.01255881786346 30004
8514178751207917 1129 -2.11614990234375 -0.1143741607666 0.01392769813538 40004
8514578048904818 1129 -0.77911376953125 -2.65158939361572 0.00507688522339 50004
8514977346650621 1129 0.540771484375 8.17843151092529 -0.00334119796753 60004
8515376644424219 1129 -2.50390625 1.51822507381439 0.01541662216187 70004
8515775942428917 1129 2.02783203125 -0.59137964248657 -0.01284074783325 80004
8516175240193420 1129 0.843017578125 -3.48855781555176 -0.00449991226196 90004
8512581560284019 1130 0.38863071799278 7.63672494888306 -0.00224606040865 4
8512980858004518 1130 -1.31853485107422 -2.39050984382629 0.0081033706665 10004
8513380155613120 1130 2.07301330566406 -2.03898954391479 -0.01237368583679 20004
8513779453509820 1130 2.34515380859375 -0.94588679075241 -0.01480662822723 30004
8514178751207917 1130 -1.90707397460938 -0.37776708602905 0.01279544830322 40004
8514578048904818 1130 -0.92047119140625 -2.36512470245361 0.00507807731628 50004
8514977346650621 1130 0.578857421875 7.93432140350342 -0.00333595275879 60004
8515376644424219 1130 -2.75390625 1.17302358150482 0.0174708366394 70004
8515775942428917 1130 1.96044921875 -0.94334936141968 -0.01284790039063 80004
8516175240193420 1130 0.85302734375 -3.06224632263184 -0.00449514389038 90004
8512581560284019 1131 0.25489744544029 7.32540082931519 -0.00224605714902 4
8512980858004518 1131 -1.36034393310547 -2.04192090034485 0.00810253620148 10004
8513380155613120 1131 2.32447814941406 -1.8133499622345 -0.01461970806122 20004
8513779453509820 1131 2.60183715820313 -0.51511925458908 -0.0159318447113 30004
8514178751207917 1131 -1.79745483398438 -0.68867200613022 0.01166677474976 40004
8514578048904818 1131 -1.03240966796875 -2.06666088104248 0.00709915161133 50004
8514977346650621 1131 0.549560546875 7.57146167755127 -0.00333261489868 60004
8515376644424219 1131 -3.0244140625 0.84363353252411 0.01952743530273 70004
8515775942428917 1131 1.7861328125 -1.2492800951004 -0.01081609725952 80004
8516175240193420 1131 0.94921875 -2.76471519470215 -0.00561332702637 90004
8512581560284019 1132 0.18477948009968 7.01762628555298 -0.00023311981931 4
8512980858004518 1132 -1.39305877685547 -1.68715870380402 0.00810223817825 10004
8513380155613120 1132 2.54847717285156 -1.56289029121399 -0.01574552059174 20004
8513779453509820 1132 2.70632934570313 -0.02787990123034 -0.01705682277679 30004
8514178751207917 1132 -1.65536499023438 -0.98373931646347 0.01167035102844 40004
8514578048904818 1132 -1.19378662109375 -1.79996490478516 0.00710034370422 50004
8514977346650621 1132 0.415283203125 7.19880390167236 -0.00333046913147 60004
8515376644424219 1132 -3.21844482421875 0.48338639736176 0.02153730392456 70004
8515775942428917 1132 1.61572265625 -1.56132709980011 -0.01082372665405 80004
8516175240193420 1132 1.14794921875 -2.47434997558594 -0.00671911239624 90004
8512581560284019 1133 0.15187802910805 6.71719646453857 -0.00023311964469 4
8512980858004518 1133 -1.49008941650391 -1.34975492954254 0.0101118683815 10004
8513380155613120 1133 2.68128967285156 -1.25202822685242 -0.0168731212616 20004
8513779453509820 1133 2.64895629882813 0.4701934158802 -0.01705801486969 30004
8514178751207917 1133 -1.48056030273438 -1.26296985149384 0.0105504989624 40004
8514578048904818 1133 -1.43072509765625 -1.59123611450195 0.00916409492493 50004
8514977346650621 1133 0.23974609375 6.84103870391846 -0.00129747390747 60004
8515376644424219 1133 -3.31756591796875 0.08065873384476 0.02154111862183 70004
8515775942428917 1133 1.51806640625 -1.85624754428864 -0.01083087921143 80004
8516175240193420 1133 1.39849853515625 -2.14048671722412 -0.00894165039063 90004
8512581560284019 1134 0.00725421682 6.39465665817261 -0.00023311981931 4
8512980858004518 1134 -1.69447326660156 -1.0565425157547 0.01011151075363 10004
8513380155613120 1134 2.70726013183594 -0.90888094902039 -0.01687848567963 20004
8513779453509820 1134 2.42971801757813 0.93124824762344 -0.01505887508392 30004
8514178751207917 1134 -1.40313720703125 -1.58971202373505 0.00942611694336 40004
8514578048904818 1134 -1.71658325195313 -1.44910621643066 0.01119351387024 50004
8514977346650621 1134 0.18798828125 6.43859577178955 -0.00129866600037 60004
8515376644424219 1134 -3.38006591796875 -0.34112772345543 0.02154731750488 70004
8515775942428917 1134 1.52001953125 -2.03540110588074 -0.0108380317688 80004
8516175240193420 1134 1.5848388671875 -1.78341317176819 -0.01005697250366 90004
8512581560284019 1135 0.01249202620238 6.04118680953979 -0.00023311986297 4
8512980858004518 1135 -2.00349426269531 -0.87714570760727 0.01384651660919 10004
8513380155613120 1135 2.58567810058594 -0.58698630332947 -0.016881108284 20004
8513779453509820 1135 2.19729614257813 1.38574469089508 -0.01505982875824 30004
8514178751207917 1135 -1.19464111328125 -1.85310542583466 0.00830316543579 40004
8514578048904818 1135 -1.81716918945313 -1.32342720031738 0.0111973285675 50004
8514977346650621 1135 0.10595703125 6.04128742218018 -0.00130009651184 60004
8515376644424219 1135 -3.41522216796875 -0.55158418416977 0.0215539932251 70004
8515775942428917 1135 1.48773193359375 -2.10796809196472 -0.00884103775024 80004
8516175240193420 1135 1.9222412109375 -1.52440476417542 -0.01229619979858 90004
8512581560284019 1136 -0.03926850110292 5.69307470321655 -0.00023311990662 4
8512980858004518 1136 -2.15739440917969 -0.72235506772995 0.01384580135345 10004
8513380155613120 1136 2.37065124511719 -0.32634401321411 -0.01482152938843 20004
8513779453509820 1136 1.88504028320313 1.78557550907135 -0.01301991939545 30004
8514178751207917 1136 -1.08978271484375 -2.14068007469177 0.00717782974243 40004
8514578048904818 1136 -2.05322265625 -1.17801570892334 0.01326251029968 50004
8514977346650621 1136 0.143310546875 5.6432409286499 -0.00130200386047 60004
8515376644424219 1136 -3.42474365234375 -0.6041983962059 0.02156066894531 70004
8515775942428917 1136 1.39837646484375 -2.30204558372498 -0.00884866714478 80004
8516175240193420 1136 2.1529541015625 -1.17620968818665 -0.01341009140015 90004
8512581560284019 1137 -0.17986766993999 5.37794589996338 0.00184690975584 4
8512980858004518 1137 -2.23503112792969 -0.49654692411423 0.01384580135345 10004
8513380155613120 1137 2.18670654296875 -0.04528331756592 -0.01482236385345 20004
8513779453509820 1137 1.642578125 2.22093820571899 -0.01092493534088 30004
8514178751207917 1137 -1.03118896484375 -2.45475554466248 0.00717496871948 40004
8514578048904818 1137 -2.2742919921875 -0.99329948425293 0.01526713371277 50004
8514977346650621 1137 0.157470703125 5.34566783905029 -0.00130343437195 60004
8515376644424219 1137 -3.42572021484375 -0.6041983962059 0.02156686782837 70004
8515775942428917 1137 1.34466552734375 -2.59850096702576 -0.00885629653931 80004
8516175240193420 1137 2.4190673828125 -0.85774302482605 -0.01452493667603 90004
8512581560284019 1138 -0.35541978478432 5.07839632034302 0.00184690940659 4
8512980858004518 1138 -2.25154113769531 -0.18149662017822 0.01384568214417 10004
8513380155613120 1138 2.03384399414063 0.25618281960487 -0.0127979516983 20004
8513779453509820 1138 1.5064697265625 2.71257066726685 -0.00888812541962 30004
8514178751207917 1138 -0.95025634765625 -2.7745349407196 0.00717210769653 40004
8514578048904818 1138 -2.4111328125 -0.75202250480652 0.01527070999146 50004
8514977346650621 1138 0.05712890625 5.1191930770874 -0.00130414962769 60004
8515376644424219 1138 -3.39178466796875 -0.61995095014572 0.02157592773438 70004
8515775942428917 1138 1.31951904296875 -2.95290923118591 -0.00886344909668 80004
8516175240193420 1138 2.6959228515625 -0.61624550819397 -0.01676225662231 90004
8512581560284019 1139 -0.42617809772491 4.73207807540894 0.00184690800961 4
8512980858004518 1139 -2.15827941894531 0.16357526183128 0.01384520530701 10004
8513380155613120 1139 1.78765869140625 0.49643722176552 -0.01076900959015 20004
8513779453509820 1139 1.40005493164063 3.21175050735474 -0.00888824462891 30004
8514178751207917 1139 -0.76715087890625 -3.05610537528992 0.00604581832886 40004
8514578048904818 1139 -2.47509765625 -0.43924510478973 0.01527452468872 50004
8514977346650621 1139 -0.1976318359375 4.80385494232178 0.00077819824219 60004
8515376644424219 1139 -3.25311279296875 -0.682961165905 0.02158832550049 70004
8515775942428917 1139 1.2152099609375 -3.29555296897888 -0.00887107849121 80004
8516175240193420 1139 2.7926025390625 -0.42728352546692 -0.01787757873535 90004
8512581560284019 1140 -0.56783801317215 4.40823125839233 0.00385864172131 4
8512980858004518 1140 -1.92787170410156 0.43688783049583 0.01272082328796 10004
8513380155613120 1140 1.66607666015625 0.81833183765411 -0.01077055931091 20004
8513779453509820 1140 1.25552368164063 3.70121049880981 -0.00889205932617 30004
8514178751207917 1140 -0.71932983398438 -3.38862109184265 0.00491404533386 40004
8514578048904818 1140 -2.43603515625 -0.27564418315887 0.01528215408325 50004
8514977346650621 1140 -0.40521240234375 4.45571041107178 0.00279784202576 60004
8515376644424219 1140 -2.8863525390625 -0.67732685804367 0.0193452835083 70004
8515775942428917 1140 0.9749755859375 -3.56177687644959 -0.00678825378418 80004
8516175240193420 1140 2.81103515625 -0.00126180425286 -0.01787185668945 90004
8512581560284019 1141 -0.74443882703781 4.1029257774353 0.00385863799602 4
8512980858004518 1141 -1.80032348632813 0.76399689912796 0.01159679889679 10004
8513380155613120 1141 1.50802612304688 1.12300312519073 -0.01077198982239 20004
8513779453509820 1141 1.17620849609375 4.20395421981812 -0.00688755512238 30004
8514178751207917 1141 -0.56939697265625 -3.68292760848999 0.00378203392029 40004
8514578048904818 1141 -2.277587890625 -0.04716202616692 0.01528978347778 50004
8514977346650621 1141 -0.48870849609375 4.06597805023193 0.00279641151428 60004
8515376644424219 1141 -2.5067138671875 -0.53636687994003 0.01709842681885 70004
8515775942428917 1141 0.8365478515625 -3.88531565666199 -0.00478267669678 80004
8516175240193420 1141 2.69317626953125 0.4009610414505 -0.01786804199219 90004
8512581560284019 1142 -0.86065900325775 3.77798128128052 0.00588877871633 4
8512980858004518 1142 -1.68698120117188 1.10233056545258 0.01159632205963 10004
8513380155613120 1142 1.41184997558594 1.40603268146515 -0.0087696313858 20004
8513779453509820 1142 1.02142333984375 4.66323614120483 -0.00688743591309 30004
8514178751207917 1142 -0.45440673828125 -3.98997068405151 0.00377249717712 40004
8514578048904818 1142 -2.13247680664063 0.23092487454414 0.01417088508606 50004
8514977346650621 1142 -0.61370849609375 3.69010877609253 0.00481128692627 60004
8515376644424219 1142 -2.1019287109375 -0.44006356596947 0.01372957229614 70004
8515775942428917 1142 0.6964111328125 -4.21276187896729 -0.00478410720825 80004
8516175240193420 1142 2.47296142578125 0.76043379306793 -0.01576471328735 90004
8512581560284019 1143 -0.93619579076767 3.43740391731262 0.00588877452537 4
8512980858004518 1143 -1.531005859375 1.41728532314301 0.0104718208313 10004
8513380155613120 1143 1.35276794433594 1.68105614185333 -0.0087696313858 20004
8513779453509820 1143 0.79071044921875 5.0922999382019 -0.00482535362244 30004
8514178751207917 1143 -0.37295532226563 -4.30975294113159 0.00264000892639 40004
8514578048904818 1143 -2.011474609375 0.52022075653076 0.01305556297302 50004
8514977346650621 1143 -0.78240966796875 3.34897089004517 0.00481033325195 60004
8515376644424219 1143 -1.6771240234375 -0.43435713648796 0.01149082183838 70004
8515775942428917 1143 0.5577392578125 -4.53626918792725 -0.0027642250061 80004
8516175240193420 1143 2.21197509765625 1.0966249704361 -0.013756275177 90004
8512581560284019 1144 -1.10572481155396 3.1272828578949 0.00792758725584 4
8512980858004518 1144 -1.3076171875 1.68229615688324 0.00934720039368 10004
8513380155613120 1144 1.18255615234375 1.98001265525818 -0.00674176216125 20004
8513779453509820 1144 0.62277221679688 5.574378490448 -0.00482702255249 30004
8514178751207917 1144 -0.19082641601563 -4.5913233757019 0.00151467323303 40004
8514578048904818 1144 -1.80044555664063 0.75921058654785 0.01194000244141 50004
8514977346650621 1144 -0.83319091796875 3.02884149551392 0.00480914115906 60004
8515376644424219 1144 -1.2508544921875 -0.43114659190178 0.00910091400146 70004
8515775942428917 1144 0.5303955078125 -4.89355373382568 -0.00276565551758 80004
8516175240193420 1144 2.00006103515625 1.46742308139801 -0.01375198364258 90004
8512581560284019 1145 -1.36491978168488 2.88700079917908 0.00792757235467 4
8512980858004518 1145 -1.21419525146484 2.02736902236938 0.00822234153748 10004
8513380155613120 1145 1.15472412109375 2.32299208641052 -0.00674176216125 20004
8513779453509820 1145 0.26681518554688 5.94039869308472 -0.00278043746948 30004
8514178751207917 1145 -0.14492797851563 -4.9238429069519 0.00151133537292 40004
8514578048904818 1145 -1.53482055664063 0.9345006942749 0.01082420349121 50004
8514977346650621 1145 -1.06072998046875 2.6927056312561 0.00685691833496 60004
8515376644424219 1145 -0.86505126953125 -0.60839551687241 0.00574684143066 70004
8515775942428917 1145 0.4610595703125 -5.24508571624756 -0.00276613235474 80004
8516175240193420 1145 1.71490478515625 1.78577673435211 -0.01170682907104 90004
8512581560284019 1146 -1.56710767745972 2.60021328926086 0.00994200631976 4
8512980858004518 1146 -1.11286163330078 2.3701024055481 0.00822198390961 10004
8513380155613120 1146 1.0201416015625 2.63301825523376 -0.00674152374268 20004
8513779453509821 1146 0.1109619140625 7.77059316635132 -0.00000143051147 30004
8514178751207917 1146 -0.20742797851563 -5.24784231185913 0.00150942802429 40004
8514578048904818 1146 -1.34228515625 1.18205237388611 0.0097029209137 50004
8514977346650621 1146 -1.2427978515625 2.33141851425171 0.00887942314148 60004
8515376644424219 1146 -0.56280517578125 -0.89607852697372 0.00463914871216 70004
8515775942428917 1146 0.3228759765625 -5.57307147979736 -0.00276708602905 80004
8516175240193420 1146 1.484375 2.14309597015381 -0.00963973999023 90004
8512581560284019 1147 -1.78644573688507 2.32699465751648 0.01203651446849 4
8512980858004518 1147 -0.98011016845703 2.70052886009216 0.00709754228592 10004
8513380155613120 1147 0.92091369628906 2.95397424697876 -0.00674116611481 20004
8513779453509821 1147 0.2476806640625 7.98192358016968 -0.00112342834473 30004
8514178751207917 1147 -0.23379516601563 -5.57468175888062 0.00150728225708 40004
8514578048904818 1147 -1.23974609375 1.47641539573669 0.00858044624329 50004
8514977346650621 1147 -1.479736328125 2.01441144943237 0.00887799263 60004
8515376644424219 1147 -0.37335205078125 -1.25165951251984 0.00240802764893 70004
8515775942428917 1147 0.2095947265625 -5.90929126739502 -0.00074815750122 80004
8516175240193420 1147 1.3662109375 2.46351718902588 -0.00963544845581 90004
8512581560284019 1148 -2.01018190383911 2.06153345108032 0.01203650608659 4
8512980858004518 1148 -0.83054351806641 3.02444672584534 0.00597178936005 10004
8513380155613120 1148 0.8572998046875 3.28594207763672 -0.00471568107605 20004
8513779453509821 1148 0.341796875 8.0607967376709 -0.00112199783325 30004
8514178751207917 1148 -0.17153930664063 -5.90318441390991 0.00150561332703 40004
8514578048904818 1148 -1.169921875 1.78214049339294 0.00858187675476 50004
8514977346650621 1148 -1.75146484375 1.72373485565186 0.01096415519714 60004
8515376644424219 1148 -0.31304931640625 -1.64675295352936 0.00242233276367 70004
8515775942428917 1148 0.1829833984375 -6.26025676727295 -0.00075006484985 80004
8516175240193420 1148 1.29541015625 2.75899505615234 -0.00757122039795 90004
8512581560284019 1149 -2.13856983184814 1.73219513893127 0.01404418703169 4
8512980858004518 1149 -0.71738433837891 3.36349892616272 0.00484699010849 10004
8513380155613120 1149 0.6871337890625 3.58497738838196 -0.00471758842468 20004
8513779453509821 1149 0.341796875 8.0607967376709 -0.00112199783325 30004
8514178751207917 1149 -0.06021118164063 -6.2196364402771 0.00150227546692 40004
8514578048904818 1149 -1.001953125 2.05377984046936 0.00745940208435 50004
8514977346650621 1149 -1.917724609375 1.35406398773193 0.01302528381348 60004
8515376644424219 1149 -0.38531494140625 -2.06712508201599 0.0024299621582 70004
8515775942428918 1149 0 -8 0 80004
8516175240193420 1149 1.08251953125 3.12930297851563 -0.00756025314331 90004
8512581560284019 1150 -2.23415279388428 1.39188408851624 0.01404417306185 4
8512980858004518 1150 -0.66464996337891 3.71703290939331 0.0048456788063 10004
8513380155613120 1150 0.6593017578125 3.92793774604797 -0.00471949577332 20004
8513779453509821 1150 0.341796875 8.0607967376709 -0.00112199783325 30004
8514178751207917 1150 -0.03631591796875 -6.55456686019897 0.00037837028503 40004
8514578048904818 1150 -0.96484375 2.37086510658264 0.0063374042511 50004
8514977346650621 1150 -2.140380859375 1.16313648223877 0.01302647590637 60004
8515376644424219 1150 -0.27398681640625 -2.47805953025818 0.00244522094727 70004
8515775942428918 1150 0.0693359375 -7.85103607177734 -0.00000190734863 80004
8516175240193420 1150 0.98779296875 3.54540252685547 -0.00553226470947 90004
8512581560284019 1151 -2.21514320373535 1.04515635967255 0.01404414884746 4
8512980858004518 1151 -0.5035400390625 4.02902841567993 0.00372123718262 10004
8513380155613120 1151 0.52479553222656 4.23790550231934 -0.00271093845367 20004
8513779453509821 1151 0.341796875 8.0607967376709 -0.00112199783325 30004
8514178751207918 1151 0.04833984375 -7.89615058898926 -0.00000095367432 40004
8514578048904818 1151 -0.82958984375 2.65386700630188 0.00633835792542 50004
8514977346650621 1151 -2.3212890625 0.8381519317627 0.01508617401123 60004
8515376644424219 1151 -0.30035400390625 -2.89607214927673 0.00245428085327 70004
8515775942428918 1151 0.0859375 -7.54504776000977 -0.00000476837158 80004
8516175240193420 1151 0.77734375 3.90944576263428 -0.00552845001221 90004
8512581560284019 1152 -2.08689475059509 0.7247109413147 0.01404411531985 4
8512980858004518 1152 -0.37879943847656 4.35486316680908 0.00259840488434 10004
8513380155613120 1152 0.42585754394531 4.55891609191895 -0.00271260738373 20004
8513779453509821 1152 0.380859375 7.99333047866821 -0.00224387645721 30004
8514178751207918 1152 0.08056640625 -7.71032524108887 -0.00000190734863 40004
8514578048904818 1152 -0.70654296875 2.94448590278625 0.00521636009216 50004
8514977346650621 1152 -2.40234375 0.45045465230942 0.01508831977844 60004
8515376644424219 1152 -0.28082275390625 -3.3117253780365 0.00246572494507 70004
8515775942428918 1152 0.1669921875 -7.18977355957031 -0.00000524520874 80004
8516175240193420 1152 0.61328125 4.2923755645752 -0.00346040725708 90004
8512581560284019 1153 -1.89480197429657 0.42828366160393 0.01292105112225 4
8512980858004518 1153 -0.32679748535156 4.70847415924072 0.00259906053543 10004
8513380155613120 1153 0.41346740722656 4.90176200866699 -0.00271499156952 20004
8513779453509821 1153 0.4471435546875 7.80492830276489 -0.00224149227142 30004
8514178751207918 1153 0.1192626953125 -7.45250129699707 -0.00000286102295 40004
8514578048904818 1153 -0.6610107421875 3.25542759895325 0.0052170753479 50004
8514977346650621 1153 -2.354736328125 0.0547226369381 0.01508951187134 60004
8515376644424219 1153 -0.1773681640625 -3.72467112541199 0.00135469436646 70004
8515775942428918 1153 0.2890625 -6.82854652404785 -0.00112867355347 80004
8516175240193420 1153 0.579833984375 4.71002388000488 -0.00345706939697 90004
8512581560284019 1154 -1.72427213191986 0.11860396713018 0.01179797761142 4
8512980858004518 1154 -0.27626037597656 5.06227970123291 0.00259953737259 10004
8513380155613120 1154 0.44740295410156 5.24420738220215 -0.00271880626678 20004
8513779453509821 1154 0.4779052734375 7.45609712600708 -0.00223958492279 30004
8514178751207918 1154 0.2740478515625 -7.12075996398926 -0.00112652778625 40004
8514578048904818 1154 -0.7132568359375 3.57040333747864 0.00521779060364 50004
8514977346650621 1154 -2.178955078125 -0.31103038787842 0.01509237289429 60004
8515376644424219 1154 -0.0982666015625 -4.14364957809448 0.00135660171509 70004
8515775942428918 1154 0.2880859375 -6.44029426574707 -0.00112962722778 80004
8516175240193420 1154 0.683349609375 5.12311744689941 -0.00345230102539 90004
8512581560284019 1155 -1.63866937160492 -0.22438776493073 0.01067490968853 4
8512980858004518 1155 -0.37989807128906 5.40439033508301 0.00259989500046 10004
8513380155613120 1155 0.33338928222656 5.5688533782959 -0.00272071361542 20004
8513779453509821 1155 0.3631591796875 7.14056062698364 -0.00223827362061 30004
8514178751207918 1155 0.2740478515625 -6.75472450256348 -0.00112652778625 40004
8514578048904818 1155 -0.62750244140625 3.87791752815247 0.00409698486328 50004
8514977346650621 1155 -1.865478515625 -0.56827509403229 0.01284885406494 60004
8515376644424219 1155 -0.2027587890625 -4.55701017379761 0.00135803222656 70004
8515775942428918 1155 0.123046875 -6.08875465393066 -0.0011305809021 80004
8516175240193420 1155 0.604248046875 5.54228401184082 -0.00345039367676 90004
8512581560284019 1156 -1.45035803318024 -0.51616019010544 0.00955185946077 4
8512980858004518 1156 -0.36790466308594 5.75527763366699 0.00260066986084 10004
8513380155613120 1156 0.17599487304688 5.87353801727295 -0.00067520141602 20004
8513779453509821 1156 0.3447265625 6.9451756477356 -0.00223708152771 30004
8514178751207918 1156 0.39013671875 -6.41440963745117 -0.0022509098053 40004
8514578048904818 1156 -0.468505859375 4.15032911300659 0.00410532951355 50004
8514977346650621 1156 -1.6552734375 -0.90690124034882 0.01172828674316 60004
8515376644424219 1156 -0.1688232421875 -4.97437047958374 0.00136041641235 70004
8515775942428918 1156 0.0810546875 -5.70968055725098 -0.00113201141357 80004
8516175240193420 1156 0.3980712890625 5.90709686279297 -0.00345087051392 90004
8512581560284019 1157 -1.2962828874588 -0.82500427961349 0.00842879433185 4
8512980858004519 1157 0.10150146484375 7.75017786026001 -0.00000035762787 10004
8513380155613121 1157 0.0772705078125 7.69829511642456 -0.00000047683716 20004
8513779453509821 1157 0.28759765625 6.69201707839966 -0.00223529338837 30004
8514178751207918 1157 0.467529296875 -6.06552124023438 -0.0022509098053 40004
8514578048904818 1157 -0.34909057617188 4.43776655197144 0.00299167633057 50004
8514977346650621 1157 -1.56353759765625 -1.29264056682587 0.01059746742249 60004
8515376644424219 1157 -0.1077880859375 -5.39582967758179 0.00136423110962 70004
8515775942428918 1157 0.162109375 -5.33944511413574 -0.00113248825073 80004
8516175240193421 1157 0.0419921875 7.62213850021362 -0.00000381469727 90004
8512581560284019 1158 -1.18523728847504 -1.15720403194427 0.00842876266688 4
8512980858004519 1158 0.34587860107422 8.15393161773682 -0.00112462043762 10004
8513380155613121 1158 0.22821044921875 7.97643423080444 -0.00112462043762 20004
8513779453509821 1158 0.201171875 6.32040071487427 -0.00113618373871 30004
8514178751207918 1158 0.4736328125 -5.69969367980957 -0.00225138664246 40004
8514578048904818 1158 -0.26889038085938 4.74318838119507 0.00187659263611 50004
8514977346650621 1158 -1.51470947265625 -1.68837296962738 0.01059055328369 60004
8515376644424219 1158 -0.0218505859375 -5.8056788444519 0.000244140625 70004
8515775942428918 1158 0.29833984375 -4.97922515869141 -0.00113248825073 80004
8516175240193421 1158 0.10498046875 7.75664091110229 -0.0000114440918 90004
8512581560284019 1159 -0.99787312746048 -1.45699691772461 0.00730569800362 4
8512980858004519 1159 0.71388244628906 8.46274280548096 -0.00449478626251 10004
8513380155613121 1159 0.36842346191406 8.09404754638672 -0.00224888324738 20004
8513779453509821 1159 0.2392578125 5.88688325881958 -0.00113332271576 30004
8514178751207918 1159 0.498046875 -5.3344898223877 -0.00225281715393 40004
8514578048904818 1159 -0.11508178710938 5.02238607406616 0.00076270103455 50004
8514977346650621 1159 -1.33697509765625 -2.05412602424622 0.00946283340454 60004
8515376644424219 1159 0.1959228515625 -6.1724009513855 -0.00087594985962 70004
8515775942428918 1159 0.35400390625 -4.59500122070313 -0.0022554397583 80004
8516175240193421 1159 0.10498046875 7.75664091110229 -0.00001907348633 90004
8512581560284019 1160 -0.95476323366165 -1.807865858078 0.00618263427168 4
8512980858004519 1160 1.06121826171875 8.555832862854 -0.00674176216125 10004
8513380155613121 1160 0.53369140625 8.13819122314453 -0.00337600708008 20004
8513779453509821 1160 0.09033203125 5.47795534133911 -0.001131772995 30004
8514178751207918 1160 0.55126953125 -4.97231483459473 -0.00337672233582 40004
8514578048904818 1160 -0.09335327148438 5.34086751937866 0.00076961517334 50004
8514977346650621 1160 -1.02886962890625 -2.31898808479309 0.00721478462219 60004
8515376644424219 1160 0.2379150390625 -6.59662580490112 -0.00087308883667 70004
8515775942428918 1160 0.42041015625 -4.21248626708984 -0.00225830078125 80004
8516175240193421 1160 0.10498046875 7.75664091110229 -0.00002670288086 90004
8512581560284019 1161 -0.91012090444565 -2.15855145454407 0.00618263008073 4
8512980858004519 1161 1.23622894287109 8.563551902771 -0.00786489248276 10004
8513380155613121 1161 0.57464599609375 8.14922714233398 -0.0033768415451 20004
8513779453509821 1161 -0.15878295898438 5.12759828567505 0.00094032287598 30004
8514178751207918 1161 0.5521240234375 -4.60751914978027 -0.00337719917297 40004
8514578048904818 1161 -0.17404174804688 5.64405393600464 0.00077533721924 50004
8514977346650621 1161 -0.88604736328125 -2.53145337104797 0.00608944892883 60004
8515376644424220 1161 0.04833984375 -7.81827926635742 0.00000286102295 70004
8515775942428918 1161 0.603271484375 -3.87793517112732 -0.00338315963745 80004
8516175240193421 1161 0.10498046875 7.75664091110229 -0.00003433227539 90004
8512581560284019 1162 -0.79299378395081 -2.48320508003235 0.00618262775242 4
8512980858004519 1162 1.24359130859375 8.56225395202637 -0.00786489248276 10004
8513380155613121 1162 0.57440185546875 8.14922714233398 -0.00337719917297 20004
8513779453509821 1162 -0.35794067382813 4.75252199172974 0.00296676158905 30004
8514178751207918 1162 0.5941162109375 -4.24870872497559 -0.00337815284729 40004
8514578048904818 1162 -0.22064208984375 5.95233869552612 0.00078201293945 50004
8514977346650621 1162 -0.84454345703125 -2.83181118965149 0.00608706474304 60004
8515376644424220 1162 0.0546875 -7.50703048706055 0.00000524520874 70004
8515775942428918 1162 0.747314453125 -3.52739691734314 -0.00450801849365 80004
8516175240193421 1162 0.10498046875 7.75664091110229 -0.00004196166992 90004
8512581560284019 1163 -0.63987398147583 -2.79488515853882 0.00505957473069 4
8512980858004519 1163 1.24359130859375 8.56225395202637 -0.00786489248276 10004
8513380155613121 1163 0.57415771484375 8.14922714233398 -0.00337743759155 20004
8513779453509821 1163 -0.50955200195313 4.35036325454712 0.00296592712402 30004
8514178751207918 1163 0.70315551757813 -3.89959597587585 -0.00450277328491 40004
8514578048904819 1163 0.0076904296875 7.55583333969116 0 50004
8514977346650621 1163 -0.80645751953125 -3.22858548164368 0.00608515739441 60004
8515376644424220 1163 0.040771484375 -7.12922477722168 0.00000762939453 70004
8515775942428918 1163 0.82568359375 -3.14774680137634 -0.0045108795166 80004
8516175240193421 1163 0.1162109375 7.73710203170776 -0.00005149841309 90004
8512581560284019 1164 -0.59472298622131 -3.14550137519836 0.00393652403727 4
8512980858004519 1164 1.24359130859375 8.56225395202637 -0.00786489248276 10004
8513380155613121 1164 0.57391357421875 8.14922714233398 -0.00337779521942 20004
8513779453509821 1164 -0.76712036132813 3.99968552589417 0.00505292415619 30004
8514178751207918 1164 0.83840942382813 -3.55900073051453 -0.00451040267944 40004
8514578048904819 1164 0.0384521484375 7.64928579330444 0.00000286102295 50004
8514977346650621 1164 -0.63946533203125 -3.59853482246399 0.00495910644531 60004
8515376644424220 1164 0.140380859375 -6.75861167907715 0.00000953674316 70004
8515775942428918 1164 0.93994140625 -2.776691198349 -0.00563764572144 80004
8516175240193421 1164 0.1611328125 7.65894651412964 -0.0000581741333 90004
8512581560284019 1165 -0.4213470518589 -3.45359516143799 0.00281347613782 4
8512980858004519 1165 1.24907684326172 8.47820949554443 -0.00710159540176 10004
8513380155613121 1165 0.60345458984375 8.07122421264648 -0.00337839126587 20004
8513779453509821 1165 -1.02774047851563 3.65123963356018 0.0071417093277 30004
8514178751207918 1165 1.10427856445313 -3.30698657035828 -0.00676417350769 40004
8514578048904819 1165 0.0384521484375 7.64928579330444 0.00000286102295 50004
8514977346650621 1165 -0.64434814453125 -4.00425100326538 0.00495791435242 60004
8515376644424220 1165 0.076904296875 -6.38020896911621 0.00001096725464 70004
8515775942428918 1165 1.20068359375 -2.48870062828064 -0.00676441192627 80004
8516175240193421 1165 0.1748046875 7.49712705612183 -0.00006580352783 90004
8512581560284019 1166 -0.35780748724937 -3.7949845790863 0.00281347357668 4
8512980858004519 1166 1.18260955810547 8.27469635009766 -0.0071023106575 10004
8513380155613121 1166 0.61029052734375 7.98398447036743 -0.00337862968445 20004
8513779453509821 1166 -1.18411254882813 3.2507917881012 0.00714242458344 30004
8514178751207918 1166 1.27047729492188 -2.98853659629822 -0.00788831710815 40004
8514578048904819 1166 0.0384521484375 7.64928579330444 0.00000286102295 50004
8514977346650621 1166 -0.52032470703125 -4.38314199447632 0.00383257865906 60004
8515376644424220 1166 0.137939453125 -6.00832939147949 0.00001335144043 70004
8515775942428918 1166 1.3515625 -2.13841128349304 -0.00788879394531 80004
8516175240193421 1166 0.304931640625 7.23675680160522 -0.00119638442993 90004
8512581560284019 1167 -0.2576604783535 -4.12526607513428 0.00169042311609 4
8512980858004519 1167 1.10665893554688 7.91494941711426 -0.00710296630859 10004
8513380155613121 1167 0.60980224609375 7.9388222694397 -0.00337910652161 20004
8513779453509821 1167 -1.34353637695313 2.84800362586975 0.00919830799103 30004
8514178751207918 1167 1.36740112304688 -2.63782858848572 -0.00788974761963 40004
8514578048904819 1167 0.0384521484375 7.64928579330444 0.00000286102295 50004
8514977346650621 1167 -0.43927001953125 -4.77097463607788 0.00382828712463 60004
8515376644424220 1167 0.157470703125 -5.63427543640137 -0.00110673904419 70004
8515775942428918 1167 1.54022216796875 -1.80888724327087 -0.00902223587036 80004
8516175240193421 1167 0.409423828125 6.86242818832397 -0.00232791900635 90004
8512581560284019 1168 -0.12089504301548 -4.44445991516113 0.00169042148627 4
8512980858004519 1168 0.99449157714844 7.45662879943848 -0.0071035027504 10004
8513380155613121 1168 0.583740234375 7.90104532241821 -0.00337958335876 20004
8513779453509821 1168 -1.51126098632813 2.45018029212952 0.00919926166534 30004
8514178751207918 1168 1.46514892578125 -2.29196524620056 -0.0090172290802 40004
8514578048904819 1168 0.0384521484375 7.64928579330444 0.00000286102295 50004
8514977346650621 1168 -0.40118408203125 -5.16774892807007 0.00270390510559 60004
8515376644424220 1168 0.075927734375 -5.26079177856445 -0.00110483169556 70004
8515775942428918 1168 1.79541015625 -1.52564549446106 -0.01128339767456 80004
8516175240193421 1168 0.4462890625 6.40675687789917 -0.0023365020752 90004
8512581560284019 1169 -0.09397022426128 -4.79693794250488 0.00169041997287 4
8512980858004519 1169 0.73587036132813 7.05187940597534 -0.00504666566849 10004
8513380155613121 1169 0.48045349121094 7.74995183944702 -0.00338125228882 20004
8513779453509821 1169 -1.59024047851563 2.0222704410553 0.00919926166534 30004
8514178751207918 1169 1.67364501953125 -1.99097406864166 -0.0101478099823 40004
8514578048904819 1169 0.0384521484375 7.64928579330444 0.00000286102295 50004
8514977346650621 1169 -0.2340087890625 -5.53769826889038 0.00157713890076 60004
8515376644424220 1169 -0.059814453125 -4.90206527709961 0.00094556808472 70004
8515775942428918 1169 2.03076171875 -1.25665593147278 -0.01242160797119 80004
8516175240193421 1169 0.4736328125 5.95038175582886 -0.00234603881836 90004
8512581560284019 1170 -0.11988028883934 -5.14949226379395 0.00169041845948 4
8512980858004519 1170 0.64235687255859 6.58070755004883 -0.00504726171494 10004
8513380155613121 1170 0.42112731933594 7.38889074325562 -0.00338280200958 20004
8513779453509821 1170 -1.8426513671875 1.66791558265686 0.0112841129303 30004
8514178751207918 1170 1.88262939453125 -1.69033014774323 -0.01127290725708 40004
8514578048904819 1170 0.0384521484375 7.64928579330444 0.00000286102295 50004
8514977346650621 1170 -0.2066650390625 -5.94263601303101 0.00156188011169 60004
8515376644424220 1170 -0.164306640625 -4.53291702270508 0.00094652175903 70004
8515775942428918 1170 2.3853759765625 -1.09987187385559 -0.01467752456665 80004
8516175240193421 1170 0.3056640625 5.52531766891479 -0.00234889984131 90004
8512581560284019 1171 -0.03221791237593 -5.48549842834473 0.00056737079285 4
8512980858004519 1171 0.56644439697266 6.14340019226074 -0.00304388999939 10004
8513380155613121 1171 0.3079833984375 7.04241228103638 -0.00135743618011 20004
8513779453509821 1171 -2.14303588867188 1.35512852668762 0.01334261894226 30004
8514178751207918 1171 2.10699462890625 -1.40125906467438 -0.01351857185364 40004
8514578048904819 1171 0.05859375 7.55347013473511 0.00000476837158 50004
8514977346650621 1171 -0.0538330078125 -6.31098127365112 0.00043129920959 60004
8515376644424220 1171 -0.144287109375 -4.15658187866211 0.00094985961914 70004
8515775942428918 1171 2.6641845703125 -0.84152203798294 -0.0169243812561 80004
8516175240193421 1171 0.2841796875 5.07677030563354 -0.00235462188721 90004
8512581560284019 1172 0.01758674345911 -5.82701921463013 0.00056737056002 4
8512980858004519 1172 0.39590454101563 5.73207807540894 -0.00304394960403 10004
8513380155613121 1172 0.223876953125 6.6895604133606 -0.00135767459869 20004
8513779453509821 1172 -2.38131713867188 1.00337338447571 0.01538240909576 30004
8514178751207918 1172 2.3861083984375 -1.17788565158844 -0.01464366912842 40004
8514578048904819 1172 0.03173828125 7.31856107711792 0.00000810623169 50004
8514977346650622 1172 0.09423828125 -7.79802703857422 -0.00000095367432 60004
8515376644424220 1172 -0.165771484375 -3.78263998031616 0.00095081329346 70004
8515775942428918 1172 2.84515380859375 -0.50898343324661 -0.01805448532104 80004
8516175240193421 1172 0.38134765625 4.63569211959839 -0.002366065979 90004
8512581560284019 1173 0.02953400276601 -6.17405605316162 0.0005673703854 4
8512980858004519 1173 0.15920257568359 5.31926727294922 -0.00095283985138 10004
8513380155613121 1173 0.149169921875 6.33798265457153 -0.00135791301727 20004
8513779453509821 1173 -2.49533081054688 0.59716463088989 0.01538467407227 30004
8514178751207918 1173 2.66116333007813 -1.0210839509964 -0.01689314842224 40004
8514578048904819 1173 -0.022216796875 6.95176458358765 0.00001168251038 50004
8514977346650622 1173 0.235595703125 -7.38364219665527 -0.00112628936768 60004
8515376644424220 1173 -0.306884765625 -3.43317747116089 0.00095176696777 70004
8515775942428918 1173 2.91156005859375 -0.13341188430786 -0.01806783676147 80004
8516175240193421 1173 0.5345458984375 4.20574140548706 -0.00236415863037 90004
8512581560284020 1174 0 -8 0 4
8512980858004519 1174 0.02532958984375 4.85791015625 -0.00095278024673 10004
8513380155613121 1174 -0.03843688964844 6.02381086349487 0.00066113471985 20004
8513779453509821 1174 -2.47091674804688 0.18606424331665 0.01538801193237 30004
8514178751207918 1174 2.77493286132813 -0.87847721576691 -0.01689291000366 40004
8514578048904819 1174 0.003662109375 6.51077032089233 0.00001454353333 50004
8514977346650622 1174 0.235595703125 -6.93794059753418 -0.00112628936768 60004
8515376644424220 1174 -0.55877685546875 -3.14278364181519 0.00302791595459 70004
8515775942428918 1174 2.85198974609375 0.25025722384453 -0.01807546615601 80004
8516175240193421 1174 0.6478271484375 3.76328015327454 -0.0034818649292 90004
8512581560284020 1175 0.05569272488356 -7.88056612014771 0.00000000014552 4
8512980858004519 1175 -0.18630981445313 4.42670345306396 0.00111967325211 10004
8513380155613121 1175 -0.07579040527344 5.65976667404175 0.0006605386734 20004
8513779453509821 1175 -2.26388549804688 -0.19678330421448 0.01539134979248 30004
8514178751207918 1175 2.86135864257813 -0.52302658557892 -0.01801538467407 40004
8514578048904819 1175 -0.158935546875 6.1001181602478 0.00001645088196 50004
8514977346650622 1175 0.424072265625 -6.53399467468262 -0.00224900245667 60004
8515376644424220 1175 -0.73944091796875 -2.80385541915894 0.00505447387695 70004
8515775942428918 1175 2.63616943359375 0.57282936573029 -0.01808261871338 80004
8516175240193421 1175 0.9368896484375 3.41090130805969 -0.00572681427002 90004
8512581560284020 1176 0.06961489468813 -7.57448434829712 0.00000000052387 4
8512980858004519 1176 -0.30413818359375 3.96452713012695 0.00111871957779 10004
8513380155613121 1176 -0.22587585449219 5.33313512802124 0.00066006183624 20004
8513779453509821 1176 -2.13262939453125 -0.60927385091782 0.01426672935486 30004
8514178751207918 1176 2.82949829101563 -0.16485261917114 -0.01801514625549 40004
8514578048904819 1176 -0.18136596679688 5.67460584640503 0.0020387172699 50004
8514977346650622 1176 0.47119140625 -6.09873199462891 -0.0022451877594 60004
8515376644424220 1176 -1.01531982421875 -2.54572820663452 0.00711154937744 70004
8515775942428918 1176 2.53656005859375 0.94122397899628 -0.01603603363037 80004
8516175240193421 1176 1.1827392578125 3.02808976173401 -0.00683784484863 90004
8512581560284020 1177 0.16958785057068 -7.17594051361084 0.00000000069849 4
8512980858004519 1177 -0.48651123046875 3.53246355056763 0.0031446814537 10004
8513380155613121 1177 -0.33798217773438 4.99402379989624 0.00269758701324 20004
8513779453509821 1177 -1.94277954101563 -0.98971790075302 0.01314043998718 30004
8514178751207918 1177 2.68545532226563 0.16240134835243 -0.01801514625549 40004
8514578048904819 1177 -0.25070190429688 5.25404691696167 0.00204563140869 50004
8514977346650622 1177 0.376953125 -5.67390823364258 -0.00224232673645 60004
8515376644424220 1177 -1.27117919921875 -2.26726102828979 0.00711917877197 70004
8515775942428918 1177 2.39788818359375 1.29434478282928 -0.01603651046753 80004
8516175240193421 1177 1.3204345703125 2.604168176651 -0.00793981552124 90004
8512581560284020 1178 0.31955045461655 -6.74499607086182 -0.00112304394133 4
8512980858004519 1178 -0.76034545898438 3.13789939880371 0.00519549846649 10004
8513380155613121 1178 -0.41244506835938 4.64243268966675 0.00269496440887 20004
8513779453509821 1178 -1.660400390625 -1.32029819488525 0.01089107990265 30004
8514178751207918 1178 2.50537109375 0.47374156117439 -0.01600527763367 40004
8514578048904819 1178 -0.45346069335938 4.87021589279175 0.00205063819885 50004
8514977346650622 1178 0.235595703125 -5.25952339172363 -0.0022394657135 60004
8515376644424220 1178 -1.45599365234375 -1.93254172801971 0.0091290473938 70004
8515775942428918 1178 2.17364501953125 1.61108767986298 -0.01398038864136 80004
8516175240193421 1178 1.41131591796875 2.16476368904114 -0.00904226303101 90004
8512581560284020 1179 0.31955045461655 -6.30760288238525 -0.00112304021604 4
8512980858004519 1179 -1.02110290527344 2.73448467254639 0.00720417499542 10004
8513380155613121 1179 -0.599853515625 4.32828092575073 0.00473034381866 20004
8513779453509821 1179 -1.35202026367188 -1.62707042694092 0.00976943969727 30004
8514178751207918 1179 2.4345703125 0.83282291889191 -0.01600813865662 40004
8514578048904819 1179 -0.77496337890625 4.56684827804565 0.00412464141846 50004
8514977346650622 1179 0.235595703125 -4.81382179260254 -0.00223565101624 60004
8515376644424220 1179 -1.58489990234375 -1.5708874464035 0.0091290473938 70004
8515775942428918 1179 1.92657470703125 1.91034114360809 -0.01196527481079 80004
8516175240193421 1179 1.6441650390625 1.77180671691895 -0.01015949249268 90004
8512581560284020 1180 0.51949828863144 -5.87881183624268 -0.00224608345889 4
8512980858004519 1180 -1.23677825927734 2.30530285835266 0.00720340013504 10004
8513380155613121 1180 -0.636962890625 3.96423721313477 0.00472939014435 20004
8513779453509821 1180 -1.20211791992188 -2.03554272651672 0.00864720344543 30004
8514178751207918 1180 2.21847534179688 1.12824892997742 -0.01395463943481 40004
8514578048904819 1180 -1.0576171875 4.22454166412354 0.00770688056946 50004
8514977346650622 1180 0.047119140625 -4.40987586975098 -0.0001962184906 60004
8515376644424220 1180 -1.60736083984375 -1.18787658214569 0.01114940643311 70004
8515775942428918 1180 1.82891845703125 2.28609991073608 -0.01197242736816 80004
8516175240193421 1180 2.02044677734375 1.5144157409668 -0.01239585876465 90004
8512581560284020 1181 0.56948655843735 -5.41678190231323 -0.00336912623607 4
8512980858004519 1181 -1.57331085205078 1.97468090057373 0.00925433635712 10004
8513380155613121 1181 -0.786865234375 3.63756656646729 0.00472891330719 20004
8513779453509821 1181 -1.19210815429688 -2.46288514137268 0.00752460956573 30004
8514178751207918 1181 2.11154174804688 1.47141623497009 -0.01395773887634 40004
8514578048904819 1181 -1.17578125 3.81617641448975 0.00770688056946 50004
8514977346650622 1181 -0.113525390625 -3.99454283714294 -0.00019693374634 60004
8515376644424220 1181 -1.74920654296875 -0.83885610103607 0.01114940643311 70004
8515775942428918 1181 1.61944580078125 2.60447835922241 -0.00988626480103 80004
8516175240193421 1181 2.28802490234375 1.15534973144531 -0.0146336555481 90004
8512581560284020 1182 0.46952399611473 -4.96585893630981 -0.00336912274361 4
8512980858004519 1182 -1.92958068847656 1.65402817726135 0.01137834787369 10004
8513380155613121 1182 -1.03190612792969 3.37773394584656 0.00673520565033 20004
8513779453509821 1182 -1.13546752929688 -2.88393807411194 0.00752556324005 30004
8514178751207918 1182 1.96798706054688 1.79867053031921 -0.01190614700317 40004
8514578048904819 1182 -1.290283203125 3.38994884490967 0.00770807266235 50004
8514977346650622 1182 -0.3228759765625 -3.6070191860199 0.0018515586853 60004
8515376644424220 1182 -1.99395751953125 -0.55546462535858 0.01316452026367 70004
8515775942428918 1182 1.44708251953125 2.94198369979858 -0.00989294052124 80004
8516175240193421 1182 2.42572021484375 0.73142623901367 -0.01462554931641 90004
8512581560284020 1183 0.23566292226315 -4.56099271774292 -0.00135684432462 4
8512980858004519 1183 -2.22112274169922 1.28304505348206 0.01350432634354 10004
8513380155613121 1183 -1.31338500976563 3.15009117126465 0.00807440280914 20004
8513779453509821 1183 -1.00338745117188 -3.29729866981506 0.00752604007721 30004
8514178751207918 1183 1.78805541992188 2.11001110076904 -0.01190567016602 40004
8514578048904819 1183 -1.42431640625 2.97532558441162 0.00971484184265 50004
8514977346650622 1183 -0.5469970703125 -3.2310950756073 0.00388312339783 60004
8515376644424220 1183 -2.26226806640625 -0.31398975849152 0.0152702331543 70004
8515775942428918 1183 1.31207275390625 3.2986159324646 -0.00780725479126 80004
8516175240193421 1183 2.42083740234375 0.28236401081085 -0.01574182510376 90004
8512581560284020 1184 -0.10003235936165 -4.2277398109436 0.00077588192653 4
8512980858004519 1184 -2.38024139404297 0.82977551221848 0.01556771993637 10004
8513380155613121 1184 -1.53128051757813 2.85614013671875 0.01010286808014 20004
8513779453509821 1184 -0.92477416992188 -3.72531914710999 0.00640392303467 30004
8514178751207918 1184 1.71725463867188 2.46909236907959 -0.01190543174744 40004
8514578048904819 1184 -1.67376708984375 2.61056423187256 0.00971841812134 50004
8514977346650622 1184 -0.6397705078125 -2.79514384269714 0.00388193130493 60004
8515376644424220 1184 -2.41265869140625 -0.03536812961102 0.0152702331543 70004
8515775942428918 1184 1.06500244140625 3.59786748886108 -0.00780820846558 80004
8516175240193421 1184 2.26947021484375 -0.14921769499779 -0.01373481750488 90004
8512581560284020 1185 -0.26345860958099 -3.78380918502808 0.00077588175191 4
8512980858004519 1185 -2.33287811279297 0.35171720385551 0.01556652784348 10004
8513380155613121 1185 -1.62503051757813 2.5023946762085 0.0101033449173 20004
8513779453509821 1185 -0.86862182617188 -4.15682983398438 0.00640463829041 30004
8514178751207918 1185 1.50094604492188 2.76451778411865 -0.00985908508301 40004
8514578048904819 1185 -2.01016235351563 2.32345867156982 0.01375389099121 50004
8514977346650622 1185 -0.6368408203125 -2.34944605827332 0.00388073921204 60004
8515376644424220 1185 -2.52105712890625 0.32119026780128 0.01527214050293 70004
8515775942428918 1185 0.96734619140625 3.97362661361694 -0.00579929351807 80004
8516175240193421 1185 1.99310302734375 -0.51394844055176 -0.01373052597046 90004
8512581560284020 1186 -0.50338733196259 -3.3791491985321 0.00283677363768 4
8512980858004519 1186 -2.20553588867188 0.03731157630682 0.01444244384766 10004
8513380155613121 1186 -1.82406616210938 2.20321607589722 0.0121237039566 20004
8513779453509821 1186 -0.678955078125 -4.5401554107666 0.00527846813202 30004
8514178751207918 1186 1.39376831054688 3.10768508911133 -0.00986266136169 40004
8514578048904819 1186 -2.238525390625 1.95339775085449 0.01375579833984 50004
8514977346650622 1186 -0.7752685546875 -1.93422961235046 0.0038800239563 60004
8515376644424220 1186 -2.52911376953125 0.54451656341553 0.01730966567993 70004
8515775942428918 1186 0.89898681640625 4.35544776916504 -0.00580024719238 80004
8516175240193421 1186 1.64715576171875 -0.80813217163086 -0.01166820526123 90004
8512581560284020 1187 -0.78286814689636 -2.99790167808533 0.00493238633499 4
8512980858004519 1187 -2.08243560791016 -0.3283377289772 0.01444315910339 10004
8513380155613121 1187 -2.00885009765625 1.89280295372009 0.01212084293365 20004
8513779453509821 1187 -0.53350830078125 -4.93954277038574 0.00415325164795 30004
8514178751207918 1187 1.24990844726563 3.43493843078613 -0.00786280632019 40004
8514578048904819 1187 -2.40478515625 1.54825019836426 0.01582622528076 50004
8514977346650622 1187 -1.0379638671875 -1.58744502067566 0.00593376159668 60004
8515376644424220 1187 -2.48565673828125 0.68138074874878 0.01618671417236 70004
8515775942428918 1187 0.76226806640625 4.7089672088623 -0.0058012008667 80004
8516175240193421 1187 1.35247802734375 -1.14397621154785 -0.00966262817383 90004
8512581560284020 1188 -1.03033316135406 -2.6046302318573 0.00704776775092 4
8512980858004519 1188 -1.94240570068359 -0.77898901700974 0.01332002878189 10004
8513380155613121 1188 -2.10527038574219 1.54658508300781 0.01415193080902 20004
8513779453509821 1188 -0.48663330078125 -5.37190246582031 0.00415146350861 30004
8514178751207918 1188 1.0697021484375 3.74627780914307 -0.00786566734314 40004
8514578048904819 1188 -2.497802734375 1.12903451919556 0.01583099365234 50004
8514977346650622 1188 -1.3392333984375 -1.26979660987854 0.00803661346436 60004
8515376644424220 1188 -2.38946533203125 0.81001925468445 0.01618671417236 70004
8515775942428918 1188 0.58648681640625 5.04732513427734 -0.00379514694214 80004
8516175240193421 1188 1.17938232421875 -1.55879783630371 -0.00758218765259 90004
8512581560284020 1189 -1.13962280750275 -2.14434456825256 0.00704776821658 4
8512980858004519 1189 -1.65956878662109 -1.16724789142609 0.01107323169708 10004
8513380155613121 1189 -2.08451843261719 1.18124008178711 0.01414954662323 20004
8513779453509821 1189 -0.47052001953125 -5.80680847167969 0.00414967536926 30004
8514178751207918 1189 0.9989013671875 4.10536003112793 -0.00586414337158 40004
8514578048904819 1189 -2.449462890625 0.68991899490356 0.01583862304688 50004
8514977346650622 1189 -1.52423095703125 -0.86474215984344 0.01008749008179 60004
8515376644424220 1189 -2.18927001953125 1.0401359796524 0.01506376266479 70004
8515775942428918 1189 0.52789306640625 5.43116760253906 -0.0037956237793 80004
8516175240193421 1189 1.14910888671875 -2.01502418518066 -0.00757217407227 90004
8512581560284020 1190 -1.42061829566956 -1.76381051540375 0.00907408539206 4
8512980858004519 1190 -1.49051666259766 -1.61686885356903 0.00995004177094 10004
8513380155613121 1190 -1.91142272949219 0.85888862609863 0.01302289962769 20004
8513779453509821 1190 -0.27273559570313 -6.19449615478516 0.00190198421478 30004
8514178751207918 1190 0.8441162109375 4.43702507019043 -0.00586771965027 40004
8514578048904819 1190 -2.219970703125 0.31232595443726 0.01472330093384 50004
8514977346650622 1190 -1.8636474609375 -0.57622992992401 0.01212453842163 60004
8515376644424220 1190 -1.91510009765625 1.30801737308502 0.01281785964966 70004
8515775942428918 1190 0.40875244140625 5.80055236816406 -0.00178575515747 80004
8516175240193421 1190 0.94696044921875 -2.42542457580566 -0.00556230545044 90004
