# framerate: 30 fps
# id frame x/m y/m z/m
4971760206200 0 0 -0 0 4
5010515577450 0 0 -0 0 10004
5049270948700 0 0 -0 0 20004
5088026319910 0 0 -0 0 30004
5126781691160 0 0 -0 0 40004
5165537062420 0 0 -0 0 50004
5204292433560 0 0 -0 0 60004
5243047804880 0 0 -0 0 70004
5281803194980 0 0 -0 0 80004
5320558566250 0 0 -0 0 90004
4971760206200 1 0 -0 0 4
5010515577450 1 0 -0 0 10004
5049270948700 1 0 -0 0 20004
5088026319910 1 0 -0 0 30004
5126781691160 1 0 -0 0 40004
5165537062420 1 0 -0 0 50004
5204292433560 1 0 -0 0 60004
5243047804880 1 0 -0 0 70004
5281803194980 1 0 -0 0 80004
5320558566250 1 0 -0 0 90004
4971760206200 2 0 -0 0 4
5010515577450 2 0 -0 0 10004
5049270948700 2 0 -0 0 20004
5088026319910 2 0 -0 0 30004
5126781691160 2 0 -0 0 40004
5165537062420 2 0 -0 0 50004
5204292433560 2 0 -0 0 60004
5243047804880 2 0 -0 0 70004
5281803194980 2 0 -0 0 80004
5320558566250 2 0 -0 0 90004
4971760206200 3 0 -0 0 4
5010515577450 3 0 -0 0 10004
5049270948700 3 0 -0 0 20004
5088026319910 3 0 -0 0 30004
5126781691160 3 0 -0 0 40004
5165537062420 3 0 -0 0 50004
5204292433560 3 0 -0 0 60004
5243047804880 3 0 -0 0 70004
5281803194980 3 0 -0 0 80004
5320558566250 3 0 -0 0 90004
4971760206200 4 0 -0 0 4
5010515577450 4 0 -0 0 10004
5049270948700 4 0 -0 0 20004
5088026319910 4 0 -0 0 30004
5126781691160 4 0 -0 0 40004
5165537062420 4 0 -0 0 50004
5204292433560 4 0 -0 0 60004
5243047804880 4 0 -0 0 70004
5281803194980 4 0 -0 0 80004
5320558566250 4 0 -0 0 90004
4971760206200 5 0 -0 0 4
5010515577450 5 0 -0 0 10004
5049270948700 5 0 -0 0 20004
5088026319910 5 0 -0 0 30004
5126781691160 5 0 -0 0 40004
5165537062420 5 0 -0 0 50004
5204292433560 5 0 -0 0 60004
5243047804880 5 0 -0 0 70004
5281803194980 5 0 -0 0 80004
5320558566250 5 0 -0 0 90004
4971760206200 6 0 -0 0 4
5010515577450 6 0 -0 0 10004
5049270948700 6 0 -0 0 20004
5088026319910 6 0 -0 0 30004
5126781691160 6 0 -0 0 40004
5165537062420 6 0 -0 0 50004
5204292433560 6 0 -0 0 60004
5243047804880 6 0 -0 0 70004
5281803194980 6 0 -0 0 80004
5320558566250 6 0 -0 0 90004
4971760206200 7 0 -0 0 4
5010515577450 7 0 -0 0 10004
5049270948700 7 0 -0 0 20004
5088026319910 7 0 -0 0 30004
5126781691160 7 0 -0 0 40004
5165537062420 7 0 -0 0 50004
5204292433560 7 0 -0 0 60004
5243047804880 7 0 -0 0 70004
5281803194980 7 0 -0 0 80004
5320558566250 7 0 -0 0 90004
4971760206200 8 0 -0 0 4
5010515577450 8 0 -0 0 10004
5049270948700 8 0 -0 0 20004
5088026319910 8 0 -0 0 30004
5126781691160 8 0 -0 0 40004
5165537062420 8 0 -0 0 50004
5204292433560 8 0 -0 0 60004
5243047804880 8 0 -0 0 70004
5281803194980 8 0 -0 0 80004
5320558566250 8 0 -0 0 90004
4971760206200 9 0 -0 0 4
5010515577450 9 0 -0 0 10004
5049270948700 9 0 -0 0 20004
5088026319910 9 0 -0 0 30004
5126781691160 9 0 -0 0 40004
5165537062420 9 0 -0 0 50004
5204292433560 9 0 -0 0 60004
5243047804880 9 0 -0 0 70004
5281803194980 9 0 -0 0 80004
5320558566250 9 0 -0 0 90004
4971760206200 10 0 -0 0 4
5010515577450 10 0 -0 0 10004
5049270948700 10 0 -0 0 20004
5088026319910 10 0 -0 0 30004
5126781691160 10 0 -0 0 40004
5165537062420 10 0 -0 0 50004
5204292433560 10 0 -0 0 60004
5243047804880 10 0 -0 0 70004
5281803194980 10 0 -0 0 80004
5320558566250 10 0 -0 0 90004
4971760206200 11 0 -0 0 4
5010515577450 11 0 -0 0 10004
5049270948700 11 0 -0 0 20004
5088026319910 11 0 -0 0 30004
5126781691160 11 0 -0 0 40004
5165537062420 11 0 -0 0 50004
5204292433560 11 0 -0 0 60004
5243047804880 11 0 -0 0 70004
5281803194980 11 0 -0 0 80004
5320558566250 11 0 -0 0 90004
4971760206200 12 0 -0 0 4
5010515577450 12 0 -0 0 10004
5049270948700 12 0 -0 0 20004
5088026319910 12 0 -0 0 30004
5126781691160 12 0 -0 0 40004
5165537062420 12 0 -0 0 50004
5204292433560 12 0 -0 0 60004
5243047804880 12 0 -0 0 70004
5281803194980 12 0 -0 0 80004
5320558566250 12 0 -0 0 90004
4971760206200 13 0 -0 0 4
5010515577450 13 0 -0 0 10004
5049270948700 13 0 -0 0 20004
5088026319910 13 0 -0 0 30004
5126781691160 13 0 -0 0 40004
5165537062420 13 0 -0 0 50004
5204292433560 13 0 -0 0 60004
5243047804880 13 0 -0 0 70004
5281803194980 13 0 -0 0 80004
5320558566250 13 0 -0 0 90004
4971760206200 14 0 -0 0 4
5010515577450 14 0 -0 0 10004
5049270948700 14 0 -0 0 20004
5088026319910 14 0 -0 0 30004
5126781691160 14 0 -0 0 40004
5165537062420 14 0 -0 0 50004
5204292433560 14 0 -0 0 60004
5243047804880 14 0 -0 0 70004
5281803194980 14 0 -0 0 80004
5320558566250 14 0 -0 0 90004
4971760206200 15 0 -0 0 4
5010515577450 15 0 -0 0 10004
5049270948700 15 0 -0 0 20004
5088026319910 15 0 -0 0 30004
5126781691160 15 0 -0 0 40004
5165537062420 15 0 -0 0 50004
5204292433560 15 0 -0 0 60004
5243047804880 15 0 -0 0 70004
5281803194980 15 0 -0 0 80004
5320558566250 15 0 -0 0 90004
4971760206200 16 0 -0 0 4
5010515577450 16 0 -0 0 10004
5049270948700 16 0 -0 0 20004
5088026319910 16 0 -0 0 30004
5126781691160 16 0 -0 0 40004
5165537062420 16 0 -0 0 50004
5204292433560 16 0 -0 0 60004
5243047804880 16 0 -0 0 70004
5281803194980 16 0 -0 0 80004
5320558566250 16 0 -0 0 90004
4971760206200 17 0 -0 0 4
5010515577450 17 0 -0 0 10004
5049270948700 17 0 -0 0 20004
5088026319910 17 0 -0 0 30004
5126781691160 17 0 -0 0 40004
5165537062420 17 0 -0 0 50004
5204292433560 17 0 -0 0 60004
5243047804880 17 0 -0 0 70004
5281803194980 17 0 -0 0 80004
5320558566250 17 0 -0 0 90004
4971760206200 18 0 -0 0 4
5010515577450 18 0 -0 0 10004
5049270948700 18 0 -0 0 20004
5088026319910 18 0 -0 0 30004
5126781691160 18 0 -0 0 40004
5165537062420 18 0 -0 0 50004
5204292433560 18 0 -0 0 60004
5243047804880 18 0 -0 0 70004
5281803194980 18 0 -0 0 80004
5320558566250 18 0 -0 0 90004
4971760206200 19 0 -0 0 4
5010515577450 19 0 -0 0 10004
5049270948700 19 0 -0 0 20004
5088026319910 19 0 -0 0 30004
5126781691160 19 0 -0 0 40004
5165537062420 19 0 -0 0 50004
5204292433560 19 0 -0 0 60004
5243047804880 19 0 -0 0 70004
5281803194980 19 0 -0 0 80004
5320558566250 19 0 -0 0 90004
4971760206200 20 0 -0 0 4
5010515577450 20 0 -0 0 10004
5049270948700 20 0 -0 0 20004
5088026319910 20 0 -0 0 30004
5126781691160 20 0 -0 0 40004
5165537062420 20 0 -0 0 50004
5204292433560 20 0 -0 0 60004
5243047804880 20 0 -0 0 70004
5281803194980 20 0 -0 0 80004
5320558566250 20 0 -0 0 90004
4971760206200 21 0 -0 0 4
5010515577450 21 0 -0 0 10004
5049270948700 21 0 -0 0 20004
5088026319910 21 0 -0 0 30004
5126781691160 21 0 -0 0 40004
5165537062420 21 0 -0 0 50004
5204292433560 21 0 -0 0 60004
5243047804880 21 0 -0 0 70004
5281803194980 21 0 -0 0 80004
5320558566250 21 0 -0 0 90004
4971760206200 22 0 -0 0 4
5010515577450 22 0 -0 0 10004
5049270948700 22 0 -0 0 20004
5088026319910 22 0 -0 0 30004
5126781691160 22 0 -0 0 40004
5165537062420 22 0 -0 0 50004
5204292433560 22 0 -0 0 60004
5243047804880 22 0 -0 0 70004
5281803194980 22 0 -0 0 80004
5320558566250 22 0 -0 0 90004
4971760206200 23 0 -0 0 4
5010515577450 23 0 -0 0 10004
5049270948700 23 0 -0 0 20004
5088026319910 23 0 -0 0 30004
5126781691160 23 0 -0 0 40004
5165537062420 23 0 -0 0 50004
5204292433560 23 0 -0 0 60004
5243047804880 23 0 -0 0 70004
5281803194980 23 0 -0 0 80004
5320558566250 23 0 -0 0 90004
4971760206200 24 0 -0 0 4
5010515577450 24 0 -0 0 10004
5049270948700 24 0 -0 0 20004
5088026319910 24 0 -0 0 30004
5126781691160 24 0 -0 0 40004
5165537062420 24 0 -0 0 50004
5204292433560 24 0 -0 0 60004
5243047804880 24 0 -0 0 70004
5281803194980 24 0 -0 0 80004
5320558566250 24 0 -0 0 90004
4971760206200 25 0 -0 0 4
5010515577450 25 0 -0 0 10004
5049270948700 25 0 -0 0 20004
5088026319910 25 0 -0 0 30004
5126781691160 25 0 -0 0 40004
5165537062420 25 0 -0 0 50004
5204292433560 25 0 -0 0 60004
5243047804880 25 0 -0 0 70004
5281803194980 25 0 -0 0 80004
5320558566250 25 0 -0 0 90004
4971760206200 26 0 -0 0 4
5010515577450 26 0 -0 0 10004
5049270948700 26 0 -0 0 20004
5088026319910 26 0 -0 0 30004
5126781691160 26 0 -0 0 40004
5165537062420 26 0 -0 0 50004
5204292433560 26 0 -0 0 60004
5243047804880 26 0 -0 0 70004
5281803194980 26 0 -0 0 80004
5320558566250 26 0 -0 0 90004
4971760206200 27 0 -0 0 4
5010515577450 27 0 -0 0 10004
5049270948700 27 0 -0 0 20004
5088026319910 27 0 -0 0 30004
5126781691160 27 0 -0 0 40004
5165537062420 27 0 -0 0 50004
5204292433560 27 0 -0 0 60004
5243047804880 27 0 -0 0 70004
5281803194980 27 0 -0 0 80004
5320558566250 27 0 -0 0 90004
4971760206200 28 0 -0 0 4
5010515577450 28 0 -0 0 10004
5049270948700 28 0 -0 0 20004
5088026319910 28 0 -0 0 30004
5126781691160 28 0 -0 0 40004
5165537062420 28 0 -0 0 50004
5204292433560 28 0 -0 0 60004
5243047804880 28 0 -0 0 70004
5281803194980 28 0 -0 0 80004
5320558566250 28 0 -0 0 90004
4971760206200 29 0 -0 0 4
5010515577450 29 0 -0 0 10004
5049270948700 29 0 -0 0 20004
5088026319910 29 0 -0 0 30004
5126781691160 29 0 -0 0 40004
5165537062420 29 0 -0 0 50004
5204292433560 29 0 -0 0 60004
5243047804880 29 0 -0 0 70004
5281803194980 29 0 -0 0 80004
5320558566250 29 0 -0 0 90004
4971760206200 30 0 -0 0 4
5010515577450 30 0 -0 0 10004
5049270948700 30 0 -0 0 20004
5088026319910 30 0 -0 0 30004
5126781691160 30 0 -0 0 40004
5165537062420 30 0 -0 0 50004
5204292433560 30 0 -0 0 60004
5243047804880 30 0 -0 0 70004
5281803194980 30 0 -0 0 80004
5320558566250 30 0 -0 0 90004
4971760206200 31 0 -0 0 4
5010515577450 31 0 -0 0 10004
5049270948700 31 0 -0 0 20004
5088026319910 31 0 -0 0 30004
5126781691160 31 0 -0 0 40004
5165537062420 31 0 -0 0 50004
5204292433560 31 0 -0 0 60004
5243047804880 31 0 -0 0 70004
5281803194980 31 0 -0 0 80004
5320558566250 31 0 -0 0 90004
4971760206200 32 0 -0 0 4
5010515577450 32 0 -0 0 10004
5049270948700 32 0 -0 0 20004
5088026319910 32 0 -0 0 30004
5126781691160 32 0 -0 0 40004
5165537062420 32 0 -0 0 50004
5204292433560 32 0 -0 0 60004
5243047804880 32 0 -0 0 70004
5281803194980 32 0 -0 0 80004
5320558566250 32 0 -0 0 90004
4971760206200 33 0 -0 0 4
5010515577450 33 0 -0 0 10004
5049270948700 33 0 -0 0 20004
5088026319910 33 0 -0 0 30004
5126781691160 33 0 -0 0 40004
5165537062420 33 0 -0 0 50004
5204292433560 33 0 -0 0 60004
5243047804880 33 0 -0 0 70004
5281803194980 33 0 -0 0 80004
5320558566250 33 0 -0 0 90004
4971760206200 34 0 -0 0 4
5010515577450 34 0 -0 0 10004
5049270948700 34 0 -0 0 20004
5088026319910 34 0 -0 0 30004
5126781691160 34 0 -0 0 40004
5165537062420 34 0 -0 0 50004
5204292433560 34 0 -0 0 60004
5243047804880 34 0 -0 0 70004
5281803194980 34 0 -0 0 80004
5320558566250 34 0 -0 0 90004
4971760206200 35 0 -0 0 4
5010515577450 35 0 -0 0 10004
5049270948700 35 0 -0 0 20004
5088026319910 35 0 -0 0 30004
5126781691160 35 0 -0 0 40004
5165537062420 35 0 -0 0 50004
5204292433560 35 0 -0 0 60004
5243047804880 35 0 -0 0 70004
5281803194980 35 0 -0 0 80004
5320558566250 35 0 -0 0 90004
4971760206200 36 0 -0 0 4
5010515577450 36 0 -0 0 10004
5049270948700 36 0 -0 0 20004
5088026319910 36 0 -0 0 30004
5126781691160 36 0 -0 0 40004
5165537062420 36 0 -0 0 50004
5204292433560 36 0 -0 0 60004
5243047804880 36 0 -0 0 70004
5281803194980 36 0 -0 0 80004
5320558566250 36 0 -0 0 90004
4971760206200 37 0 -0 0 4
5010515577450 37 0 -0 0 10004
5049270948700 37 0 -0 0 20004
5088026319910 37 0 -0 0 30004
5126781691160 37 0 -0 0 40004
5165537062420 37 0 -0 0 50004
5204292433560 37 0 -0 0 60004
5243047804880 37 0 -0 0 70004
5281803194980 37 0 -0 0 80004
5320558566250 37 0 -0 0 90004
4971760206200 38 0 -0 0 4
5010515577450 38 0 -0 0 10004
5049270948700 38 0 -0 0 20004
5088026319910 38 0 -0 0 30004
5126781691160 38 0 -0 0 40004
5165537062420 38 0 -0 0 50004
5204292433560 38 0 -0 0 60004
5243047804880 38 0 -0 0 70004
5281803194980 38 0 -0 0 80004
5320558566250 38 0 -0 0 90004
4971760206200 39 0 -0 0 4
5010515577450 39 0 -0 0 10004
5049270948700 39 0 -0 0 20004
5088026319910 39 0 -0 0 30004
5126781691160 39 0 -0 0 40004
5165537062420 39 0 -0 0 50004
5204292433560 39 0 -0 0 60004
5243047804880 39 0 -0 0 70004
5281803194980 39 0 -0 0 80004
5320558566250 39 0 -0 0 90004
4971760206200 40 0 -0 0 4
5010515577450 40 0 -0 0 10004
5049270948700 40 0 -0 0 20004
5088026319910 40 0 -0 0 30004
5126781691160 40 0 -0 0 40004
5165537062420 40 0 -0 0 50004
5204292433560 40 0 -0 0 60004
5243047804880 40 0 -0 0 70004
5281803194980 40 0 -0 0 80004
5320558566250 40 0 -0 0 90004
4971760206200 41 0 -0 0 4
5010515577450 41 0 -0 0 10004
5049270948700 41 0 -0 0 20004
5088026319910 41 0 -0 0 30004
5126781691160 41 0 -0 0 40004
5165537062420 41 0 -0 0 50004
5204292433560 41 0 -0 0 60004
5243047804880 41 0 -0 0 70004
5281803194980 41 0 -0 0 80004
5320558566250 41 0 -0 0 90004
4971760206200 42 0 -0 0 4
5010515577450 42 0 -0 0 10004
5049270948700 42 0 -0 0 20004
5088026319910 42 0 -0 0 30004
5126781691160 42 0 -0 0 40004
5165537062420 42 0 -0 0 50004
5204292433560 42 0 -0 0 60004
5243047804880 42 0 -0 0 70004
5281803194980 42 0 -0 0 80004
5320558566250 42 0 -0 0 90004
4971760206200 43 0 -0 0 4
5010515577450 43 0 -0 0 10004
5049270948700 43 0 -0 0 20004
5088026319910 43 0 -0 0 30004
5126781691160 43 0 -0 0 40004
5165537062420 43 0 -0 0 50004
5204292433560 43 0 -0 0 60004
5243047804880 43 0 -0 0 70004
5281803194980 43 0 -0 0 80004
5320558566250 43 0 -0 0 90004
4971760206200 44 0 -0 0 4
5010515577450 44 0 -0 0 10004
5049270948700 44 0 -0 0 20004
5088026319910 44 0 -0 0 30004
5126781691160 44 0 -0 0 40004
5165537062420 44 0 -0 0 50004
5204292433560 44 0 -0 0 60004
5243047804880 44 0 -0 0 70004
5281803194980 44 0 -0 0 80004
5320558566250 44 0 -0 0 90004
4971760206200 45 0 -0 0 4
5010515577450 45 0 -0 0 10004
5049270948700 45 0 -0 0 20004
5088026319910 45 0 -0 0 30004
5126781691160 45 0 -0 0 40004
5165537062420 45 0 -0 0 50004
5204292433560 45 0 -0 0 60004
5243047804880 45 0 -0 0 70004
5281803194980 45 0 -0 0 80004
5320558566250 45 0 -0 0 90004
4971760206200 46 0 -0 0 4
5010515577450 46 0 -0 0 10004
5049270948700 46 0 -0 0 20004
5088026319910 46 0 -0 0 30004
5126781691160 46 0 -0 0 40004
5165537062420 46 0 -0 0 50004
5204292433560 46 0 -0 0 60004
5243047804880 46 0 -0 0 70004
5281803194980 46 0 -0 0 80004
5320558566250 46 0 -0 0 90004
4971760206200 47 0 -0 0 4
5010515577450 47 0 -0 0 10004
5049270948700 47 0 -0 0 20004
5088026319910 47 0 -0 0 30004
5126781691160 47 0 -0 0 40004
5165537062420 47 0 -0 0 50004
5204292433560 47 0 -0 0 60004
5243047804880 47 0 -0 0 70004
5281803194980 47 0 -0 0 80004
5320558566250 47 0 -0 0 90004
4971760206200 48 0 -0 0 4
5010515577450 48 0 -0 0 10004
5049270948700 48 0 -0 0 20004
5088026319910 48 0 -0 0 30004
5126781691160 48 0 -0 0 40004
5165537062420 48 0 -0 0 50004
5204292433560 48 0 -0 0 60004
5243047804880 48 0 -0 0 70004
5281803194980 48 0 -0 0 80004
5320558566250 48 0 -0 0 90004
4971760206200 49 0 -0 0 4
5010515577450 49 0 -0 0 10004
5049270948700 49 0 -0 0 20004
5088026319910 49 0 -0 0 30004
5126781691160 49 0 -0 0 40004
5165537062420 49 0 -0 0 50004
5204292433560 49 0 -0 0 60004
5243047804880 49 0 -0 0 70004
5281803194980 49 0 -0 0 80004
5320558566250 49 0 -0 0 90004
4971760206200 50 0 -0 0 4
5010515577450 50 0 -0 0 10004
5049270948700 50 0 -0 0 20004
5088026319910 50 0 -0 0 30004
5126781691160 50 0 -0 0 40004
5165537062420 50 0 -0 0 50004
5204292433560 50 0 -0 0 60004
5243047804880 50 0 -0 0 70004
5281803194980 50 0 -0 0 80004
5320558566250 50 0 -0 0 90004
4971760206200 51 0 -0 0 4
5010515577450 51 0 -0 0 10004
5049270948700 51 0 -0 0 20004
5088026319910 51 0 -0 0 30004
5126781691160 51 0 -0 0 40004
5165537062420 51 0 -0 0 50004
5204292433560 51 0 -0 0 60004
5243047804880 51 0 -0 0 70004
5281803194980 51 0 -0 0 80004
5320558566250 51 0 -0 0 90004
4971760206200 52 0 -0 0 4
5010515577450 52 0 -0 0 10004
5049270948700 52 0 -0 0 20004
5088026319910 52 0 -0 0 30004
5126781691160 52 0 -0 0 40004
5165537062420 52 0 -0 0 50004
5204292433560 52 0 -0 0 60004
5243047804880 52 0 -0 0 70004
5281803194980 52 0 -0 0 80004
5320558566250 52 0 -0 0 90004
4971760206200 53 0 -0 0 4
5010515577450 53 0 -0 0 10004
5049270948700 53 0 -0 0 20004
5088026319910 53 0 -0 0 30004
5126781691160 53 0 -0 0 40004
5165537062420 53 0 -0 0 50004
5204292433560 53 0 -0 0 60004
5243047804880 53 0 -0 0 70004
5281803194980 53 0 -0 0 80004
5320558566250 53 0 -0 0 90004
4971760206200 54 0 -0 0 4
5010515577450 54 0 -0 0 10004
5049270948700 54 0 -0 0 20004
5088026319910 54 0 -0 0 30004
5126781691160 54 0 -0 0 40004
5165537062420 54 0 -0 0 50004
5204292433560 54 0 -0 0 60004
5243047804880 54 0 -0 0 70004
5281803194980 54 0 -0 0 80004
5320558566250 54 0 -0 0 90004
4971760206200 55 0 -0 0 4
5010515577450 55 0 -0 0 10004
5049270948700 55 0 -0 0 20004
5088026319910 55 0 -0 0 30004
5126781691160 55 0 -0 0 40004
5165537062420 55 0 -0 0 50004
5204292433560 55 0 -0 0 60004
5243047804880 55 0 -0 0 70004
5281803194980 55 0 -0 0 80004
5320558566250 55 0 -0 0 90004
4971760206200 56 0 -0 0 4
5010515577450 56 0 -0 0 10004
5049270948700 56 0 -0 0 20004
5088026319910 56 0 -0 0 30004
5126781691160 56 0 -0 0 40004
5165537062420 56 0 -0 0 50004
5204292433560 56 0 -0 0 60004
5243047804880 56 0 -0 0 70004
5281803194980 56 0 -0 0 80004
5320558566250 56 0 -0 0 90004
4971760206200 57 0 -0 0 4
5010515577450 57 0 -0 0 10004
5049270948700 57 0 -0 0 20004
5088026319910 57 0 -0 0 30004
5126781691160 57 0 -0 0 40004
5165537062420 57 0 -0 0 50004
5204292433560 57 0 -0 0 60004
5243047804880 57 0 -0 0 70004
5281803194980 57 0 -0 0 80004
5320558566250 57 0 -0 0 90004
4971760206200 58 0 -0 0 4
5010515577450 58 0 -0 0 10004
5049270948700 58 0 -0 0 20004
5088026319910 58 0 -0 0 30004
5126781691160 58 0 -0 0 40004
5165537062420 58 0 -0 0 50004
5204292433560 58 0 -0 0 60004
5243047804880 58 0 -0 0 70004
5281803194980 58 0 -0 0 80004
5320558566250 58 0 -0 0 90004
4971760206200 59 0 -0 0 4
5010515577450 59 0 -0 0 10004
5049270948700 59 0 -0 0 20004
5088026319910 59 0 -0 0 30004
5126781691160 59 0 -0 0 40004
5165537062420 59 0 -0 0 50004
5204292433560 59 0 -0 0 60004
5243047804880 59 0 -0 0 70004
5281803194980 59 0 -0 0 80004
5320558566250 59 0 -0 0 90004
4971760206200 60 0 -0 0 4
5010515577450 60 0 -0 0 10004
5049270948700 60 0 -0 0 20004
5088026319910 60 0 -0 0 30004
5126781691160 60 0 -0 0 40004
5165537062420 60 0 -0 0 50004
5204292433560 60 0 -0 0 60004
5243047804880 60 0 -0 0 70004
5281803194980 60 0 -0 0 80004
5320558566250 60 0 -0 0 90004
4971760206200 61 0 -0 0 4
5010515577450 61 0 -0 0 10004
5049270948700 61 0 -0 0 20004
5088026319910 61 0 -0 0 30004
5126781691160 61 0 -0 0 40004
5165537062420 61 0 -0 0 50004
5204292433560 61 0 -0 0 60004
5243047804880 61 0 -0 0 70004
5281803194980 61 0 -0 0 80004
5320558566250 61 0 -0 0 90004
4971760206200 62 0 -0 0 4
5010515577450 62 0 -0 0 10004
5049270948700 62 0 -0 0 20004
5088026319910 62 0 -0 0 30004
5126781691160 62 0 -0 0 40004
5165537062420 62 0 -0 0 50004
5204292433560 62 0 -0 0 60004
5243047804880 62 0 -0 0 70004
5281803194980 62 0 -0 0 80004
5320558566250 62 0 -0 0 90004
4971760206200 63 0 -0 0 4
5010515577450 63 0 -0 0 10004
5049270948700 63 0 -0 0 20004
5088026319910 63 0 -0 0 30004
5126781691160 63 0 -0 0 40004
5165537062420 63 0 -0 0 50004
5204292433560 63 0 -0 0 60004
5243047804880 63 0 -0 0 70004
5281803194980 63 0 -0 0 80004
5320558566250 63 0 -0 0 90004
4971760206200 64 0 -0 0 4
5010515577450 64 0 -0 0 10004
5049270948700 64 0 -0 0 20004
5088026319910 64 0 -0 0 30004
5126781691160 64 0 -0 0 40004
5165537062420 64 0 -0 0 50004
5204292433560 64 0 -0 0 60004
5243047804880 64 0 -0 0 70004
5281803194980 64 0 -0 0 80004
5320558566250 64 0 -0 0 90004
4971760206200 65 0 -0 0 4
5010515577450 65 0 -0 0 10004
5049270948700 65 0 -0 0 20004
5088026319910 65 0 -0 0 30004
5126781691160 65 0 -0 0 40004
5165537062420 65 0 -0 0 50004
5204292433560 65 0 -0 0 60004
5243047804880 65 0 -0 0 70004
5281803194980 65 0 -0 0 80004
5320558566250 65 0 -0 0 90004
4971760206200 66 0 -0 0 4
5010515577450 66 0 -0 0 10004
5049270948700 66 0 -0 0 20004
5088026319910 66 0 -0 0 30004
5126781691160 66 0 -0 0 40004
5165537062420 66 0 -0 0 50004
5204292433560 66 0 -0 0 60004
5243047804880 66 0 -0 0 70004
5281803194980 66 0 -0 0 80004
5320558566250 66 0 -0 0 90004
4971760206200 67 0 -0 0 4
5010515577450 67 0 -0 0 10004
5049270948700 67 0 -0 0 20004
5088026319910 67 0 -0 0 30004
5126781691160 67 0 -0 0 40004
5165537062420 67 0 -0 0 50004
5204292433560 67 0 -0 0 60004
5243047804880 67 0 -0 0 70004
5281803194980 67 0 -0 0 80004
5320558566250 67 0 -0 0 90004
4971760206200 68 0 -0 0 4
5010515577450 68 0 -0 0 10004
5049270948700 68 0 -0 0 20004
5088026319910 68 0 -0 0 30004
5126781691160 68 0 -0 0 40004
5165537062420 68 0 -0 0 50004
5204292433560 68 0 -0 0 60004
5243047804880 68 0 -0 0 70004
5281803194980 68 0 -0 0 80004
5320558566250 68 0 -0 0 90004
4971760206200 69 0 -0 0 4
5010515577450 69 0 -0 0 10004
5049270948700 69 0 -0 0 20004
5088026319910 69 0 -0 0 30004
5126781691160 69 0 -0 0 40004
5165537062420 69 0 -0 0 50004
5204292433560 69 0 -0 0 60004
5243047804880 69 0 -0 0 70004
5281803194980 69 0 -0 0 80004
5320558566250 69 0 -0 0 90004
4971760206200 70 0 -0 0 4
5010515577450 70 0 -0 0 10004
5049270948700 70 0 -0 0 20004
5088026319910 70 0 -0 0 30004
5126781691160 70 0 -0 0 40004
5165537062420 70 0 -0 0 50004
5204292433560 70 0 -0 0 60004
5243047804880 70 0 -0 0 70004
5281803194980 70 0 -0 0 80004
5320558566250 70 0 -0 0 90004
4971760206200 71 0 -0 0 4
5010515577450 71 0 -0 0 10004
5049270948700 71 0 -0 0 20004
5088026319910 71 0 -0 0 30004
5126781691160 71 0 -0 0 40004
5165537062420 71 0 -0 0 50004
5204292433560 71 0 -0 0 60004
5243047804880 71 0 -0 0 70004
5281803194980 71 0 -0 0 80004
5320558566250 71 0 -0 0 90004
4971760206200 72 0 -0 0 4
5010515577450 72 0 -0 0 10004
5049270948700 72 0 -0 0 20004
5088026319910 72 0 -0 0 30004
5126781691160 72 0 -0 0 40004
5165537062420 72 0 -0 0 50004
5204292433560 72 0 -0 0 60004
5243047804880 72 0 -0 0 70004
5281803194980 72 0 -0 0 80004
5320558566250 72 0 -0 0 90004
4971760206200 73 0 -0 0 4
5010515577450 73 0 -0 0 10004
5049270948700 73 0 -0 0 20004
5088026319910 73 0 -0 0 30004
5126781691160 73 0 -0 0 40004
5165537062420 73 0 -0 0 50004
5204292433560 73 0 -0 0 60004
5243047804880 73 0 -0 0 70004
5281803194980 73 0 -0 0 80004
5320558566250 73 0 -0 0 90004
4971760206200 74 0 -0 0 4
5010515577450 74 0 -0 0 10004
5049270948700 74 0 -0 0 20004
5088026319910 74 0 -0 0 30004
5126781691160 74 0 -0 0 40004
5165537062420 74 0 -0 0 50004
5204292433560 74 0 -0 0 60004
5243047804880 74 0 -0 0 70004
5281803194980 74 0 -0 0 80004
5320558566250 74 0 -0 0 90004
4971760206200 75 0 -0 0 4
5010515577450 75 0 -0 0 10004
5049270948700 75 0 -0 0 20004
5088026319910 75 0 -0 0 30004
5126781691160 75 0 -0 0 40004
5165537062420 75 0 -0 0 50004
5204292433560 75 0 -0 0 60004
5243047804880 75 0 -0 0 70004
5281803194980 75 0 -0 0 80004
5320558566250 75 0 -0 0 90004
4971760206200 76 0 -0 0 4
5010515577450 76 0 -0 0 10004
5049270948700 76 0 -0 0 20004
5088026319910 76 0 -0 0 30004
5126781691160 76 0 -0 0 40004
5165537062420 76 0 -0 0 50004
5204292433560 76 0 -0 0 60004
5243047804880 76 0 -0 0 70004
5281803194980 76 0 -0 0 80004
5320558566250 76 0 -0 0 90004
4971760206200 77 0 -0 0 4
5010515577450 77 0 -0 0 10004
5049270948700 77 0 -0 0 20004
5088026319910 77 0 -0 0 30004
5126781691160 77 0 -0 0 40004
5165537062420 77 0 -0 0 50004
5204292433560 77 0 -0 0 60004
5243047804880 77 0 -0 0 70004
5281803194980 77 0 -0 0 80004
5320558566250 77 0 -0 0 90004
4971760206200 78 0 -0 0 4
5010515577450 78 0 -0 0 10004
5049270948700 78 0 -0 0 20004
5088026319910 78 0 -0 0 30004
5126781691160 78 0 -0 0 40004
5165537062420 78 0 -0 0 50004
5204292433560 78 0 -0 0 60004
5243047804880 78 0 -0 0 70004
5281803194980 78 0 -0 0 80004
5320558566250 78 0 -0 0 90004
4971760206200 79 0 -0 0 4
5010515577450 79 0 -0 0 10004
5049270948700 79 0 -0 0 20004
5088026319910 79 0 -0 0 30004
5126781691160 79 0 -0 0 40004
5165537062420 79 0 -0 0 50004
5204292433560 79 0 -0 0 60004
5243047804880 79 0 -0 0 70004
5281803194980 79 0 -0 0 80004
5320558566250 79 0 -0 0 90004
4971760206200 80 0 -0 0 4
5010515577450 80 0 -0 0 10004
5049270948700 80 0 -0 0 20004
5088026319910 80 0 -0 0 30004
5126781691160 80 0 -0 0 40004
5165537062420 80 0 -0 0 50004
5204292433560 80 0 -0 0 60004
5243047804880 80 0 -0 0 70004
5281803194980 80 0 -0 0 80004
5320558566250 80 0 -0 0 90004
4971760206200 81 0 -0 0 4
5010515577450 81 0 -0 0 10004
5049270948700 81 0 -0 0 20004
5088026319910 81 0 -0 0 30004
5126781691160 81 0 -0 0 40004
5165537062420 81 0 -0 0 50004
5204292433560 81 0 -0 0 60004
5243047804880 81 0 -0 0 70004
5281803194980 81 0 -0 0 80004
5320558566250 81 0 -0 0 90004
4971760206200 82 0 -0 0 4
5010515577450 82 0 -0 0 10004
5049270948700 82 0 -0 0 20004
5088026319910 82 0 -0 0 30004
5126781691160 82 0 -0 0 40004
5165537062420 82 0 -0 0 50004
5204292433560 82 0 -0 0 60004
5243047804880 82 0 -0 0 70004
5281803194980 82 0 -0 0 80004
5320558566250 82 0 -0 0 90004
4971760206200 83 0 -0 0 4
5010515577450 83 0 -0 0 10004
5049270948700 83 0 -0 0 20004
5088026319910 83 0 -0 0 30004
5126781691160 83 0 -0 0 40004
5165537062420 83 0 -0 0 50004
5204292433560 83 0 -0 0 60004
5243047804880 83 0 -0 0 70004
5281803194980 83 0 -0 0 80004
5320558566250 83 0 -0 0 90004
4971760206200 84 0 -0 0 4
5010515577450 84 0 -0 0 10004
5049270948700 84 0 -0 0 20004
5088026319910 84 0 -0 0 30004
5126781691160 84 0 -0 0 40004
5165537062420 84 0 -0 0 50004
5204292433560 84 0 -0 0 60004
5243047804880 84 0 -0 0 70004
5281803194980 84 0 -0 0 80004
5320558566250 84 0 -0 0 90004
4971760206200 85 0 -0 0 4
5010515577450 85 0 -0 0 10004
5049270948700 85 0 -0 0 20004
5088026319910 85 0 -0 0 30004
5126781691160 85 0 -0 0 40004
5165537062420 85 0 -0 0 50004
5204292433560 85 0 -0 0 60004
5243047804880 85 0 -0 0 70004
5281803194980 85 0 -0 0 80004
5320558566250 85 0 -0 0 90004
4971760206200 86 0 -0 0 4
5010515577450 86 0 -0 0 10004
5049270948700 86 0 -0 0 20004
5088026319910 86 0 -0 0 30004
5126781691160 86 0 -0 0 40004
5165537062420 86 0 -0 0 50004
5204292433560 86 0 -0 0 60004
5243047804880 86 0 -0 0 70004
5281803194980 86 0 -0 0 80004
5320558566250 86 0 -0 0 90004
4971760206200 87 0 -0 0 4
5010515577450 87 0 -0 0 10004
5049270948700 87 0 -0 0 20004
5088026319910 87 0 -0 0 30004
5126781691160 87 0 -0 0 40004
5165537062420 87 0 -0 0 50004
5204292433560 87 0 -0 0 60004
5243047804880 87 0 -0 0 70004
5281803194980 87 0 -0 0 80004
5320558566250 87 0 -0 0 90004
4971760206200 88 0 -0 0 4
5010515577450 88 0 -0 0 10004
5049270948700 88 0 -0 0 20004
5088026319910 88 0 -0 0 30004
5126781691160 88 0 -0 0 40004
5165537062420 88 0 -0 0 50004
5204292433560 88 0 -0 0 60004
5243047804880 88 0 -0 0 70004
5281803194980 88 0 -0 0 80004
5320558566250 88 0 -0 0 90004
4971760206200 89 0 -0 0 4
5010515577450 89 0 -0 0 10004
5049270948700 89 0 -0 0 20004
5088026319910 89 0 -0 0 30004
5126781691160 89 0 -0 0 40004
5165537062420 89 0 -0 0 50004
5204292433560 89 0 -0 0 60004
5243047804880 89 0 -0 0 70004
5281803194980 89 0 -0 0 80004
5320558566250 89 0 -0 0 90004
4971760206200 90 0 -0 0 4
5010515577450 90 0 -0 0 10004
5049270948700 90 0 -0 0 20004
5088026319910 90 0 -0 0 30004
5126781691160 90 0 -0 0 40004
5165537062420 90 0 -0 0 50004
5204292433560 90 0 -0 0 60004
5243047804880 90 0 -0 0 70004
5281803194980 90 0 -0 0 80004
5320558566250 90 0 -0 0 90004
4971760206200 91 0 -0 0 4
5010515577450 91 0 -0 0 10004
5049270948700 91 0 -0 0 20004
5088026319910 91 0 -0 0 30004
5126781691160 91 0 -0 0 40004
5165537062420 91 0 -0 0 50004
5204292433560 91 0 -0 0 60004
5243047804880 91 0 -0 0 70004
5281803194980 91 0 -0 0 80004
5320558566250 91 0 -0 0 90004
4971760206200 92 0 -0 0 4
5010515577450 92 0 -0 0 10004
5049270948700 92 0 -0 0 20004
5088026319910 92 0 -0 0 30004
5126781691160 92 0 -0 0 40004
5165537062420 92 0 -0 0 50004
5204292433560 92 0 -0 0 60004
5243047804880 92 0 -0 0 70004
5281803194980 92 0 -0 0 80004
5320558566250 92 0 -0 0 90004
4971760206200 93 0 -0 0 4
5010515577450 93 0 -0 0 10004
5049270948700 93 0 -0 0 20004
5088026319910 93 0 -0 0 30004
5126781691160 93 0 -0 0 40004
5165537062420 93 0 -0 0 50004
5204292433560 93 0 -0 0 60004
5243047804880 93 0 -0 0 70004
5281803194980 93 0 -0 0 80004
5320558566250 93 0 -0 0 90004
4971760206200 94 0 -0 0 4
5010515577450 94 0 -0 0 10004
5049270948700 94 0 -0 0 20004
5088026319910 94 0 -0 0 30004
5126781691160 94 0 -0 0 40004
5165537062420 94 0 -0 0 50004
5204292433560 94 0 -0 0 60004
5243047804880 94 0 -0 0 70004
5281803194980 94 0 -0 0 80004
5320558566250 94 0 -0 0 90004
4971760206200 95 0 -0 0 4
5010515577450 95 0 -0 0 10004
5049270948700 95 0 -0 0 20004
5088026319910 95 0 -0 0 30004
5126781691160 95 0 -0 0 40004
5165537062420 95 0 -0 0 50004
5204292433560 95 0 -0 0 60004
5243047804880 95 0 -0 0 70004
5281803194980 95 0 -0 0 80004
5320558566250 95 0 -0 0 90004
4971760206200 96 0 -0 0 4
5010515577450 96 0 -0 0 10004
5049270948700 96 0 -0 0 20004
5088026319910 96 0 -0 0 30004
5126781691160 96 0 -0 0 40004
5165537062420 96 0 -0 0 50004
5204292433560 96 0 -0 0 60004
5243047804880 96 0 -0 0 70004
5281803194980 96 0 -0 0 80004
5320558566250 96 0 -0 0 90004
4971760206200 97 0 -0 0 4
5010515577450 97 0 -0 0 10004
5049270948700 97 0 -0 0 20004
5088026319910 97 0 -0 0 30004
5126781691160 97 0 -0 0 40004
5165537062420 97 0 -0 0 50004
5204292433560 97 0 -0 0 60004
5243047804880 97 0 -0 0 70004
5281803194980 97 0 -0 0 80004
5320558566250 97 0 -0 0 90004
4971760206200 98 0 -0 0 4
5010515577450 98 0 -0 0 10004
5049270948700 98 0 -0 0 20004
5088026319910 98 0 -0 0 30004
5126781691160 98 0 -0 0 40004
5165537062420 98 0 -0 0 50004
5204292433560 98 0 -0 0 60004
5243047804880 98 0 -0 0 70004
5281803194980 98 0 -0 0 80004
5320558566250 98 0 -0 0 90004
4971760206200 99 0 -0 0 4
5010515577450 99 0 -0 0 10004
5049270948700 99 0 -0 0 20004
5088026319910 99 0 -0 0 30004
5126781691160 99 0 -0 0 40004
5165537062420 99 0 -0 0 50004
5204292433560 99 0 -0 0 60004
5243047804880 99 0 -0 0 70004
5281803194980 99 0 -0 0 80004
5320558566250 99 0 -0 0 90004
4971760206200 100 0 -0 0 4
5010515577450 100 0 -0 0 10004
5049270948700 100 0 -0 0 20004
5088026319910 100 0 -0 0 30004
5126781691160 100 0 -0 0 40004
5165537062420 100 0 -0 0 50004
5204292433560 100 0 -0 0 60004
5243047804880 100 0 -0 0 70004
5281803194980 100 0 -0 0 80004
5320558566250 100 0 -0 0 90004
4971760206200 101 0 -0 0 4
5010515577450 101 0 -0 0 10004
5049270948700 101 0 -0 0 20004
5088026319910 101 0 -0 0 30004
5126781691160 101 0 -0 0 40004
5165537062420 101 0 -0 0 50004
5204292433560 101 0 -0 0 60004
5243047804880 101 0 -0 0 70004
5281803194980 101 0 -0 0 80004
5320558566250 101 0 -0 0 90004
4971760206200 102 0 -0 0 4
5010515577450 102 0 -0 0 10004
5049270948700 102 0 -0 0 20004
5088026319910 102 0 -0 0 30004
5126781691160 102 0 -0 0 40004
5165537062420 102 0 -0 0 50004
5204292433560 102 0 -0 0 60004
5243047804880 102 0 -0 0 70004
5281803194980 102 0 -0 0 80004
5320558566250 102 0 -0 0 90004
4971760206200 103 0 -0 0 4
5010515577450 103 0 -0 0 10004
5049270948700 103 0 -0 0 20004
5088026319910 103 0 -0 0 30004
5126781691160 103 0 -0 0 40004
5165537062420 103 0 -0 0 50004
5204292433560 103 0 -0 0 60004
5243047804880 103 0 -0 0 70004
5281803194980 103 0 -0 0 80004
5320558566250 103 0 -0 0 90004
4971760206200 104 0 -0 0 4
5010515577450 104 0 -0 0 10004
5049270948700 104 0 -0 0 20004
5088026319910 104 0 -0 0 30004
5126781691160 104 0 -0 0 40004
5165537062420 104 0 -0 0 50004
5204292433560 104 0 -0 0 60004
5243047804880 104 0 -0 0 70004
5281803194980 104 0 -0 0 80004
5320558566250 104 0 -0 0 90004
4971760206200 105 0 -0 0 4
5010515577450 105 0 -0 0 10004
5049270948700 105 0 -0 0 20004
5088026319910 105 0 -0 0 30004
5126781691160 105 0 -0 0 40004
5165537062420 105 0 -0 0 50004
5204292433560 105 0 -0 0 60004
5243047804880 105 0 -0 0 70004
5281803194980 105 0 -0 0 80004
5320558566250 105 0 -0 0 90004
4971760206200 106 0 -0 0 4
5010515577450 106 0 -0 0 10004
5049270948700 106 0 -0 0 20004
5088026319910 106 0 -0 0 30004
5126781691160 106 0 -0 0 40004
5165537062420 106 0 -0 0 50004
5204292433560 106 0 -0 0 60004
5243047804880 106 0 -0 0 70004
5281803194980 106 0 -0 0 80004
5320558566250 106 0 -0 0 90004
4971760206200 107 0 -0 0 4
5010515577450 107 0 -0 0 10004
5049270948700 107 0 -0 0 20004
5088026319910 107 0 -0 0 30004
5126781691160 107 0 -0 0 40004
5165537062420 107 0 -0 0 50004
5204292433560 107 0 -0 0 60004
5243047804880 107 0 -0 0 70004
5281803194980 107 0 -0 0 80004
5320558566250 107 0 -0 0 90004
4971760206200 108 0 -0 0 4
5010515577450 108 0 -0 0 10004
5049270948700 108 0 -0 0 20004
5088026319910 108 0 -0 0 30004
5126781691160 108 0 -0 0 40004
5165537062420 108 0 -0 0 50004
5204292433560 108 0 -0 0 60004
5243047804880 108 0 -0 0 70004
5281803194980 108 0 -0 0 80004
5320558566250 108 0 -0 0 90004
4971760206200 109 0 -0 0 4
5010515577450 109 0 -0 0 10004
5049270948700 109 0 -0 0 20004
5088026319910 109 0 -0 0 30004
5126781691160 109 0 -0 0 40004
5165537062420 109 0 -0 0 50004
5204292433560 109 0 -0 0 60004
5243047804880 109 0 -0 0 70004
5281803194980 109 0 -0 0 80004
5320558566250 109 0 -0 0 90004
4971760206200 110 0 -0 0 4
5010515577450 110 0 -0 0 10004
5049270948700 110 0 -0 0 20004
5088026319910 110 0 -0 0 30004
5126781691160 110 0 -0 0 40004
5165537062420 110 0 -0 0 50004
5204292433560 110 0 -0 0 60004
5243047804880 110 0 -0 0 70004
5281803194980 110 0 -0 0 80004
5320558566250 110 0 -0 0 90004
4971760206200 111 0 -0 0 4
5010515577450 111 0 -0 0 10004
5049270948700 111 0 -0 0 20004
5088026319910 111 0 -0 0 30004
5126781691160 111 0 -0 0 40004
5165537062420 111 0 -0 0 50004
5204292433560 111 0 -0 0 60004
5243047804880 111 0 -0 0 70004
5281803194980 111 0 -0 0 80004
5320558566250 111 0 -0 0 90004
4971760206200 112 0 -0 0 4
5010515577450 112 0 -0 0 10004
5049270948700 112 0 -0 0 20004
5088026319910 112 0 -0 0 30004
5126781691160 112 0 -0 0 40004
5165537062420 112 0 -0 0 50004
5204292433560 112 0 -0 0 60004
5243047804880 112 0 -0 0 70004
5281803194980 112 0 -0 0 80004
5320558566250 112 0 -0 0 90004
4971760206200 113 0 -0 0 4
5010515577450 113 0 -0 0 10004
5049270948700 113 0 -0 0 20004
5088026319910 113 0 -0 0 30004
5126781691160 113 0 -0 0 40004
5165537062420 113 0 -0 0 50004
5204292433560 113 0 -0 0 60004
5243047804880 113 0 -0 0 70004
5281803194980 113 0 -0 0 80004
5320558566250 113 0 -0 0 90004
4971760206200 114 0 -0 0 4
5010515577450 114 0 -0 0 10004
5049270948700 114 0 -0 0 20004
5088026319910 114 0 -0 0 30004
5126781691160 114 0 -0 0 40004
5165537062420 114 0 -0 0 50004
5204292433560 114 0 -0 0 60004
5243047804880 114 0 -0 0 70004
5281803194980 114 0 -0 0 80004
5320558566250 114 0 -0 0 90004
4971760206200 115 0 -0 0 4
5010515577450 115 0 -0 0 10004
5049270948700 115 0 -0 0 20004
5088026319910 115 0 -0 0 30004
5126781691160 115 0 -0 0 40004
5165537062420 115 0 -0 0 50004
5204292433560 115 0 -0 0 60004
5243047804880 115 0 -0 0 70004
5281803194980 115 0 -0 0 80004
5320558566250 115 0 -0 0 90004
4971760206200 116 0 -0 0 4
5010515577450 116 0 -0 0 10004
5049270948700 116 0 -0 0 20004
5088026319910 116 0 -0 0 30004
5126781691160 116 0 -0 0 40004
5165537062420 116 0 -0 0 50004
5204292433560 116 0 -0 0 60004
5243047804880 116 0 -0 0 70004
5281803194980 116 0 -0 0 80004
5320558566250 116 0 -0 0 90004
4971760206200 117 0 -0 0 4
5010515577450 117 0 -0 0 10004
5049270948700 117 0 -0 0 20004
5088026319910 117 0 -0 0 30004
5126781691160 117 0 -0 0 40004
5165537062420 117 0 -0 0 50004
5204292433560 117 0 -0 0 60004
5243047804880 117 0 -0 0 70004
5281803194980 117 0 -0 0 80004
5320558566250 117 0 -0 0 90004
4971760206200 118 0 -0 0 4
5010515577450 118 0 -0 0 10004
5049270948700 118 0 -0 0 20004
5088026319910 118 0 -0 0 30004
5126781691160 118 0 -0 0 40004
5165537062420 118 0 -0 0 50004
5204292433560 118 0 -0 0 60004
5243047804880 118 0 -0 0 70004
5281803194980 118 0 -0 0 80004
5320558566250 118 0 -0 0 90004
4971760206200 119 0 -0 0 4
5010515577450 119 0 -0 0 10004
5049270948700 119 0 -0 0 20004
5088026319910 119 0 -0 0 30004
5126781691160 119 0 -0 0 40004
5165537062420 119 0 -0 0 50004
5204292433560 119 0 -0 0 60004
5243047804880 119 0 -0 0 70004
5281803194980 119 0 -0 0 80004
5320558566250 119 0 -0 0 90004
4971760206200 120 0 -0 0 4
5010515577450 120 0 -0 0 10004
5049270948700 120 0 -0 0 20004
5088026319910 120 0 -0 0 30004
5126781691160 120 0 -0 0 40004
5165537062420 120 0 -0 0 50004
5204292433560 120 0 -0 0 60004
5243047804880 120 0 -0 0 70004
5281803194980 120 0 -0 0 80004
5320558566250 120 0 -0 0 90004
4971760206200 121 0 -0 0 4
5010515577450 121 0 -0 0 10004
5049270948700 121 0 -0 0 20004
5088026319910 121 0 -0 0 30004
5126781691160 121 0 -0 0 40004
5165537062420 121 0 -0 0 50004
5204292433560 121 0 -0 0 60004
5243047804880 121 0 -0 0 70004
5281803194980 121 0 -0 0 80004
5320558566250 121 0 -0 0 90004
4971760206200 122 0 -0 0 4
5010515577450 122 0 -0 0 10004
5049270948700 122 0 -0 0 20004
5088026319910 122 0 -0 0 30004
5126781691160 122 0 -0 0 40004
5165537062420 122 0 -0 0 50004
5204292433560 122 0 -0 0 60004
5243047804880 122 0 -0 0 70004
5281803194980 122 0 -0 0 80004
5320558566250 122 0 -0 0 90004
4971760206200 123 0 -0 0 4
5010515577450 123 0 -0 0 10004
5049270948700 123 0 -0 0 20004
5088026319910 123 0 -0 0 30004
5126781691160 123 0 -0 0 40004
5165537062420 123 0 -0 0 50004
5204292433560 123 0 -0 0 60004
5243047804880 123 0 -0 0 70004
5281803194980 123 0 -0 0 80004
5320558566250 123 0 -0 0 90004
4971760206200 124 0 -0 0 4
5010515577450 124 0 -0 0 10004
5049270948700 124 0 -0 0 20004
5088026319910 124 0 -0 0 30004
5126781691160 124 0 -0 0 40004
5165537062420 124 0 -0 0 50004
5204292433560 124 0 -0 0 60004
5243047804880 124 0 -0 0 70004
5281803194980 124 0 -0 0 80004
5320558566250 124 0 -0 0 90004
4971760206200 125 0 -0 0 4
5010515577450 125 0 -0 0 10004
5049270948700 125 0 -0 0 20004
5088026319910 125 0 -0 0 30004
5126781691160 125 0 -0 0 40004
5165537062420 125 0 -0 0 50004
5204292433560 125 0 -0 0 60004
5243047804880 125 0 -0 0 70004
5281803194980 125 0 -0 0 80004
5320558566250 125 0 -0 0 90004
4971760206200 126 0 -0 0 4
5010515577450 126 0 -0 0 10004
5049270948700 126 0 -0 0 20004
5088026319910 126 0 -0 0 30004
5126781691160 126 0 -0 0 40004
5165537062420 126 0 -0 0 50004
5204292433560 126 0 -0 0 60004
5243047804880 126 0 -0 0 70004
5281803194980 126 0 -0 0 80004
5320558566250 126 0 -0 0 90004
4971760206200 127 0 -0 0 4
5010515577450 127 0 -0 0 10004
5049270948700 127 0 -0 0 20004
5088026319910 127 0 -0 0 30004
5126781691160 127 0 -0 0 40004
5165537062420 127 0 -0 0 50004
5204292433560 127 0 -0 0 60004
5243047804880 127 0 -0 0 70004
5281803194980 127 0 -0 0 80004
5320558566250 127 0 -0 0 90004
4971760206200 128 0 -0 0 4
5010515577450 128 0 -0 0 10004
5049270948700 128 0 -0 0 20004
5088026319910 128 0 -0 0 30004
5126781691160 128 0 -0 0 40004
5165537062420 128 0 -0 0 50004
5204292433560 128 0 -0 0 60004
5243047804880 128 0 -0 0 70004
5281803194980 128 0 -0 0 80004
5320558566250 128 0 -0 0 90004
4971760206200 129 0 -0 0 4
5010515577450 129 0 -0 0 10004
5049270948700 129 0 -0 0 20004
5088026319910 129 0 -0 0 30004
5126781691160 129 0 -0 0 40004
5165537062420 129 0 -0 0 50004
5204292433560 129 0 -0 0 60004
5243047804880 129 0 -0 0 70004
5281803194980 129 0 -0 0 80004
5320558566250 129 0 -0 0 90004
4971760206200 130 0 -0 0 4
5010515577450 130 0 -0 0 10004
5049270948700 130 0 -0 0 20004
5088026319910 130 0 -0 0 30004
5126781691160 130 0 -0 0 40004
5165537062420 130 0 -0 0 50004
5204292433560 130 0 -0 0 60004
5243047804880 130 0 -0 0 70004
5281803194980 130 0 -0 0 80004
5320558566250 130 0 -0 0 90004
4971760206200 131 0 -0 0 4
5010515577450 131 0 -0 0 10004
5049270948700 131 0 -0 0 20004
5088026319910 131 0 -0 0 30004
5126781691160 131 0 -0 0 40004
5165537062420 131 0 -0 0 50004
5204292433560 131 0 -0 0 60004
5243047804880 131 0 -0 0 70004
5281803194980 131 0 -0 0 80004
5320558566250 131 0 -0 0 90004
4971760206200 132 0 -0 0 4
5010515577450 132 0 -0 0 10004
5049270948700 132 0 -0 0 20004
5088026319910 132 0 -0 0 30004
5126781691160 132 0 -0 0 40004
5165537062420 132 0 -0 0 50004
5204292433560 132 0 -0 0 60004
5243047804880 132 0 -0 0 70004
5281803194980 132 0 -0 0 80004
5320558566250 132 0 -0 0 90004
4971760206200 133 0 -0 0 4
5010515577450 133 0 -0 0 10004
5049270948700 133 0 -0 0 20004
5088026319910 133 0 -0 0 30004
5126781691160 133 0 -0 0 40004
5165537062420 133 0 -0 0 50004
5204292433560 133 0 -0 0 60004
5243047804880 133 0 -0 0 70004
5281803194980 133 0 -0 0 80004
5320558566250 133 0 -0 0 90004
4971760206200 134 0 -0 0 4
5010515577450 134 0 -0 0 10004
5049270948700 134 0 -0 0 20004
5088026319910 134 0 -0 0 30004
5126781691160 134 0 -0 0 40004
5165537062420 134 0 -0 0 50004
5204292433560 134 0 -0 0 60004
5243047804880 134 0 -0 0 70004
5281803194980 134 0 -0 0 80004
5320558566250 134 0 -0 0 90004
4971760206200 135 0 -0 0 4
5010515577450 135 0 -0 0 10004
5049270948700 135 0 -0 0 20004
5088026319910 135 0 -0 0 30004
5126781691160 135 0 -0 0 40004
5165537062420 135 0 -0 0 50004
5204292433560 135 0 -0 0 60004
5243047804880 135 0 -0 0 70004
5281803194980 135 0 -0 0 80004
5320558566250 135 0 -0 0 90004
4971760206200 136 0 -0 0 4
5010515577450 136 0 -0 0 10004
5049270948700 136 0 -0 0 20004
5088026319910 136 0 -0 0 30004
5126781691160 136 0 -0 0 40004
5165537062420 136 0 -0 0 50004
5204292433560 136 0 -0 0 60004
5243047804880 136 0 -0 0 70004
5281803194980 136 0 -0 0 80004
5320558566250 136 0 -0 0 90004
4971760206200 137 0 -0 0 4
5010515577450 137 0 -0 0 10004
5049270948700 137 0 -0 0 20004
5088026319910 137 0 -0 0 30004
5126781691160 137 0 -0 0 40004
5165537062420 137 0 -0 0 50004
5204292433560 137 0 -0 0 60004
5243047804880 137 0 -0 0 70004
5281803194980 137 0 -0 0 80004
5320558566250 137 0 -0 0 90004
4971760206200 138 0 -0 0 4
5010515577450 138 0 -0 0 10004
5049270948700 138 0 -0 0 20004
5088026319910 138 0 -0 0 30004
5126781691160 138 0 -0 0 40004
5165537062420 138 0 -0 0 50004
5204292433560 138 0 -0 0 60004
5243047804880 138 0 -0 0 70004
5281803194980 138 0 -0 0 80004
5320558566250 138 0 -0 0 90004
4971760206200 139 0 -0 0 4
5010515577450 139 0 -0 0 10004
5049270948700 139 0 -0 0 20004
5088026319910 139 0 -0 0 30004
5126781691160 139 0 -0 0 40004
5165537062420 139 0 -0 0 50004
5204292433560 139 0 -0 0 60004
5243047804880 139 0 -0 0 70004
5281803194980 139 0 -0 0 80004
5320558566250 139 0 -0 0 90004
4971760206200 140 0 -0 0 4
5010515577450 140 0 -0 0 10004
5049270948700 140 0 -0 0 20004
5088026319910 140 0 -0 0 30004
5126781691160 140 0 -0 0 40004
5165537062420 140 0 -0 0 50004
5204292433560 140 0 -0 0 60004
5243047804880 140 0 -0 0 70004
5281803194980 140 0 -0 0 80004
5320558566250 140 0 -0 0 90004
4971760206200 141 0 -0 0 4
5010515577450 141 0 -0 0 10004
5049270948700 141 0 -0 0 20004
5088026319910 141 0 -0 0 30004
5126781691160 141 0 -0 0 40004
5165537062420 141 0 -0 0 50004
5204292433560 141 0 -0 0 60004
5243047804880 141 0 -0 0 70004
5281803194980 141 0 -0 0 80004
5320558566250 141 0 -0 0 90004
4971760206200 142 0 -0 0 4
5010515577450 142 0 -0 0 10004
5049270948700 142 0 -0 0 20004
5088026319910 142 0 -0 0 30004
5126781691160 142 0 -0 0 40004
5165537062420 142 0 -0 0 50004
5204292433560 142 0 -0 0 60004
5243047804880 142 0 -0 0 70004
5281803194980 142 0 -0 0 80004
5320558566250 142 0 -0 0 90004
4971760206200 143 0 -0 0 4
5010515577450 143 0 -0 0 10004
5049270948700 143 0 -0 0 20004
5088026319910 143 0 -0 0 30004
5126781691160 143 0 -0 0 40004
5165537062420 143 0 -0 0 50004
5204292433560 143 0 -0 0 60004
5243047804880 143 0 -0 0 70004
5281803194980 143 0 -0 0 80004
5320558566250 143 0 -0 0 90004
4971760206200 144 0 -0 0 4
5010515577450 144 0 -0 0 10004
5049270948700 144 0 -0 0 20004
5088026319910 144 0 -0 0 30004
5126781691160 144 0 -0 0 40004
5165537062420 144 0 -0 0 50004
5204292433560 144 0 -0 0 60004
5243047804880 144 0 -0 0 70004
5281803194980 144 0 -0 0 80004
5320558566250 144 0 -0 0 90004
4971760206200 145 0 -0 0 4
5010515577450 145 0 -0 0 10004
5049270948700 145 0 -0 0 20004
5088026319910 145 0 -0 0 30004
5126781691160 145 0 -0 0 40004
5165537062420 145 0 -0 0 50004
5204292433560 145 0 -0 0 60004
5243047804880 145 0 -0 0 70004
5281803194980 145 0 -0 0 80004
5320558566250 145 0 -0 0 90004
4971760206200 146 0 -0 0 4
5010515577450 146 0 -0 0 10004
5049270948700 146 0 -0 0 20004
5088026319910 146 0 -0 0 30004
5126781691160 146 0 -0 0 40004
5165537062420 146 0 -0 0 50004
5204292433560 146 0 -0 0 60004
5243047804880 146 0 -0 0 70004
5281803194980 146 0 -0 0 80004
5320558566250 146 0 -0 0 90004
4971760206200 147 0 -0 0 4
5010515577450 147 0 -0 0 10004
5049270948700 147 0 -0 0 20004
5088026319910 147 0 -0 0 30004
5126781691160 147 0 -0 0 40004
5165537062420 147 0 -0 0 50004
5204292433560 147 0 -0 0 60004
5243047804880 147 0 -0 0 70004
5281803194980 147 0 -0 0 80004
5320558566250 147 0 -0 0 90004
4971760206200 148 0 -0 0 4
5010515577450 148 0 -0 0 10004
5049270948700 148 0 -0 0 20004
5088026319910 148 0 -0 0 30004
5126781691160 148 0 -0 0 40004
5165537062420 148 0 -0 0 50004
5204292433560 148 0 -0 0 60004
5243047804880 148 0 -0 0 70004
5281803194980 148 0 -0 0 80004
5320558566250 148 0 -0 0 90004
4971760206200 149 0 -0 0 4
5010515577450 149 0 -0 0 10004
5049270948700 149 0 -0 0 20004
5088026319910 149 0 -0 0 30004
5126781691160 149 0 -0 0 40004
5165537062420 149 0 -0 0 50004
5204292433560 149 0 -0 0 60004
5243047804880 149 0 -0 0 70004
5281803194980 149 0 -0 0 80004
5320558566250 149 0 -0 0 90004
4971760206200 150 0 -0 0 4
5010515577450 150 0 -0 0 10004
5049270948700 150 0 -0 0 20004
5088026319910 150 0 -0 0 30004
5126781691160 150 0 -0 0 40004
5165537062420 150 0 -0 0 50004
5204292433560 150 0 -0 0 60004
5243047804880 150 0 -0 0 70004
5281803194980 150 0 -0 0 80004
5320558566250 150 0 -0 0 90004
4971760206200 151 0 -0 0 4
5010515577450 151 0 -0 0 10004
5049270948700 151 0 -0 0 20004
5088026319910 151 0 -0 0 30004
5126781691160 151 0 -0 0 40004
5165537062420 151 0 -0 0 50004
5204292433560 151 0 -0 0 60004
5243047804880 151 0 -0 0 70004
5281803194980 151 0 -0 0 80004
5320558566250 151 0 -0 0 90004
4971760206200 152 0 -0 0 4
5010515577450 152 0 -0 0 10004
5049270948700 152 0 -0 0 20004
5088026319910 152 0 -0 0 30004
5126781691160 152 0 -0 0 40004
5165537062420 152 0 -0 0 50004
5204292433560 152 0 -0 0 60004
5243047804880 152 0 -0 0 70004
5281803194980 152 0 -0 0 80004
5320558566250 152 0 -0 0 90004
4971760206200 153 0 -0 0 4
5010515577450 153 0 -0 0 10004
5049270948700 153 0 -0 0 20004
5088026319910 153 0 -0 0 30004
5126781691160 153 0 -0 0 40004
5165537062420 153 0 -0 0 50004
5204292433560 153 0 -0 0 60004
5243047804880 153 0 -0 0 70004
5281803194980 153 0 -0 0 80004
5320558566250 153 0 -0 0 90004
4971760206200 154 0 -0 0 4
5010515577450 154 0 -0 0 10004
5049270948700 154 0 -0 0 20004
5088026319910 154 0 -0 0 30004
5126781691160 154 0 -0 0 40004
5165537062420 154 0 -0 0 50004
5204292433560 154 0 -0 0 60004
5243047804880 154 0 -0 0 70004
5281803194980 154 0 -0 0 80004
5320558566250 154 0 -0 0 90004
4971760206200 155 0 -0 0 4
5010515577450 155 0 -0 0 10004
5049270948700 155 0 -0 0 20004
5088026319910 155 0 -0 0 30004
5126781691160 155 0 -0 0 40004
5165537062420 155 0 -0 0 50004
5204292433560 155 0 -0 0 60004
5243047804880 155 0 -0 0 70004
5281803194980 155 0 -0 0 80004
5320558566250 155 0 -0 0 90004
4971760206200 156 0 -0 0 4
5010515577450 156 0 -0 0 10004
5049270948700 156 0 -0 0 20004
5088026319910 156 0 -0 0 30004
5126781691160 156 0 -0 0 40004
5165537062420 156 0 -0 0 50004
5204292433560 156 0 -0 0 60004
5243047804880 156 0 -0 0 70004
5281803194980 156 0 -0 0 80004
5320558566250 156 0 -0 0 90004
4971760206200 157 0 -0 0 4
5010515577450 157 0 -0 0 10004
5049270948700 157 0 -0 0 20004
5088026319910 157 0 -0 0 30004
5126781691160 157 0 -0 0 40004
5165537062420 157 0 -0 0 50004
5204292433560 157 0 -0 0 60004
5243047804880 157 0 -0 0 70004
5281803194980 157 0 -0 0 80004
5320558566250 157 0 -0 0 90004
4971760206200 158 0 -0 0 4
5010515577450 158 0 -0 0 10004
5049270948700 158 0 -0 0 20004
5088026319910 158 0 -0 0 30004
5126781691160 158 0 -0 0 40004
5165537062420 158 0 -0 0 50004
5204292433560 158 0 -0 0 60004
5243047804880 158 0 -0 0 70004
5281803194980 158 0 -0 0 80004
5320558566250 158 0 -0 0 90004
4971760206200 159 0 -0 0 4
5010515577450 159 0 -0 0 10004
5049270948700 159 0 -0 0 20004
5088026319910 159 0 -0 0 30004
5126781691160 159 0 -0 0 40004
5165537062420 159 0 -0 0 50004
5204292433560 159 0 -0 0 60004
5243047804880 159 0 -0 0 70004
5281803194980 159 0 -0 0 80004
5320558566250 159 0 -0 0 90004
4971760206200 160 0 -0 0 4
5010515577450 160 0 -0 0 10004
5049270948700 160 0 -0 0 20004
5088026319910 160 0 -0 0 30004
5126781691160 160 0 -0 0 40004
5165537062420 160 0 -0 0 50004
5204292433560 160 0 -0 0 60004
5243047804880 160 0 -0 0 70004
5281803194980 160 0 -0 0 80004
5320558566250 160 0 -0 0 90004
4971760206200 161 0 -0 0 4
5010515577450 161 0 -0 0 10004
5049270948700 161 0 -0 0 20004
5088026319910 161 0 -0 0 30004
5126781691160 161 0 -0 0 40004
5165537062420 161 0 -0 0 50004
5204292433560 161 0 -0 0 60004
5243047804880 161 0 -0 0 70004
5281803194980 161 0 -0 0 80004
5320558566250 161 0 -0 0 90004
4971760206200 162 0 -0 0 4
5010515577450 162 0 -0 0 10004
5049270948700 162 0 -0 0 20004
5088026319910 162 0 -0 0 30004
5126781691160 162 0 -0 0 40004
5165537062420 162 0 -0 0 50004
5204292433560 162 0 -0 0 60004
5243047804880 162 0 -0 0 70004
5281803194980 162 0 -0 0 80004
5320558566250 162 0 -0 0 90004
4971760206200 163 0 -0 0 4
5010515577450 163 0 -0 0 10004
5049270948700 163 0 -0 0 20004
5088026319910 163 0 -0 0 30004
5126781691160 163 0 -0 0 40004
5165537062420 163 0 -0 0 50004
5204292433560 163 0 -0 0 60004
5243047804880 163 0 -0 0 70004
5281803194980 163 0 -0 0 80004
5320558566250 163 0 -0 0 90004
4971760206200 164 0 -0 0 4
5010515577450 164 0 -0 0 10004
5049270948700 164 0 -0 0 20004
5088026319910 164 0 -0 0 30004
5126781691160 164 0 -0 0 40004
5165537062420 164 0 -0 0 50004
5204292433560 164 0 -0 0 60004
5243047804880 164 0 -0 0 70004
5281803194980 164 0 -0 0 80004
5320558566250 164 0 -0 0 90004
4971760206200 165 0 -0 0 4
5010515577450 165 0 -0 0 10004
5049270948700 165 0 -0 0 20004
5088026319910 165 0 -0 0 30004
5126781691160 165 0 -0 0 40004
5165537062420 165 0 -0 0 50004
5204292433560 165 0 -0 0 60004
5243047804880 165 0 -0 0 70004
5281803194980 165 0 -0 0 80004
5320558566250 165 0 -0 0 90004
4971760206200 166 0 -0 0 4
5010515577450 166 0 -0 0 10004
5049270948700 166 0 -0 0 20004
5088026319910 166 0 -0 0 30004
5126781691160 166 0 -0 0 40004
5165537062420 166 0 -0 0 50004
5204292433560 166 0 -0 0 60004
5243047804880 166 0 -0 0 70004
5281803194980 166 0 -0 0 80004
5320558566250 166 0 -0 0 90004
4971760206200 167 0 -0 0 4
5010515577450 167 0 -0 0 10004
5049270948700 167 0 -0 0 20004
5088026319910 167 0 -0 0 30004
5126781691160 167 0 -0 0 40004
5165537062420 167 0 -0 0 50004
5204292433560 167 0 -0 0 60004
5243047804880 167 0 -0 0 70004
5281803194980 167 0 -0 0 80004
5320558566250 167 0 -0 0 90004
4971760206200 168 0 -0 0 4
5010515577450 168 0 -0 0 10004
5049270948700 168 0 -0 0 20004
5088026319910 168 0 -0 0 30004
5126781691160 168 0 -0 0 40004
5165537062420 168 0 -0 0 50004
5204292433560 168 0 -0 0 60004
5243047804880 168 0 -0 0 70004
5281803194980 168 0 -0 0 80004
5320558566250 168 0 -0 0 90004
4971760206200 169 0 -0 0 4
5010515577450 169 0 -0 0 10004
5049270948700 169 0 -0 0 20004
5088026319910 169 0 -0 0 30004
5126781691160 169 0 -0 0 40004
5165537062420 169 0 -0 0 50004
5204292433560 169 0 -0 0 60004
5243047804880 169 0 -0 0 70004
5281803194980 169 0 -0 0 80004
5320558566250 169 0 -0 0 90004
4971760206200 170 0 -0 0 4
5010515577450 170 0 -0 0 10004
5049270948700 170 0 -0 0 20004
5088026319910 170 0 -0 0 30004
5126781691160 170 0 -0 0 40004
5165537062420 170 0 -0 0 50004
5204292433560 170 0 -0 0 60004
5243047804880 170 0 -0 0 70004
5281803194980 170 0 -0 0 80004
5320558566250 170 0 -0 0 90004
4971760206200 171 0 -0 0 4
5010515577450 171 0 -0 0 10004
5049270948700 171 0 -0 0 20004
5088026319910 171 0 -0 0 30004
5126781691160 171 0 -0 0 40004
5165537062420 171 0 -0 0 50004
5204292433560 171 0 -0 0 60004
5243047804880 171 0 -0 0 70004
5281803194980 171 0 -0 0 80004
5320558566250 171 0 -0 0 90004
4971760206200 172 0 -0 0 4
5010515577450 172 0 -0 0 10004
5049270948700 172 0 -0 0 20004
5088026319910 172 0 -0 0 30004
5126781691160 172 0 -0 0 40004
5165537062420 172 0 -0 0 50004
5204292433560 172 0 -0 0 60004
5243047804880 172 0 -0 0 70004
5281803194980 172 0 -0 0 80004
5320558566250 172 0 -0 0 90004
4971760206200 173 0 -0 0 4
5010515577450 173 0 -0 0 10004
5049270948700 173 0 -0 0 20004
5088026319910 173 0 -0 0 30004
5126781691160 173 0 -0 0 40004
5165537062420 173 0 -0 0 50004
5204292433560 173 0 -0 0 60004
5243047804880 173 0 -0 0 70004
5281803194980 173 0 -0 0 80004
5320558566250 173 0 -0 0 90004
4971760206200 174 0 -0 0 4
5010515577450 174 0 -0 0 10004
5049270948700 174 0 -0 0 20004
5088026319910 174 0 -0 0 30004
5126781691160 174 0 -0 0 40004
5165537062420 174 0 -0 0 50004
5204292433560 174 0 -0 0 60004
5243047804880 174 0 -0 0 70004
5281803194980 174 0 -0 0 80004
5320558566250 174 0 -0 0 90004
4971760206200 175 0 -0 0 4
5010515577450 175 0 -0 0 10004
5049270948700 175 0 -0 0 20004
5088026319910 175 0 -0 0 30004
5126781691160 175 0 -0 0 40004
5165537062420 175 0 -0 0 50004
5204292433560 175 0 -0 0 60004
5243047804880 175 0 -0 0 70004
5281803194980 175 0 -0 0 80004
5320558566250 175 0 -0 0 90004
4971760206200 176 0 -0 0 4
5010515577450 176 0 -0 0 10004
5049270948700 176 0 -0 0 20004
5088026319910 176 0 -0 0 30004
5126781691160 176 0 -0 0 40004
5165537062420 176 0 -0 0 50004
5204292433560 176 0 -0 0 60004
5243047804880 176 0 -0 0 70004
5281803194980 176 0 -0 0 80004
5320558566250 176 0 -0 0 90004
4971760206200 177 0 -0 0 4
5010515577450 177 0 -0 0 10004
5049270948700 177 0 -0 0 20004
5088026319910 177 0 -0 0 30004
5126781691160 177 0 -0 0 40004
5165537062420 177 0 -0 0 50004
5204292433560 177 0 -0 0 60004
5243047804880 177 0 -0 0 70004
5281803194980 177 0 -0 0 80004
5320558566250 177 0 -0 0 90004
4971760206200 178 0 -0 0 4
5010515577450 178 0 -0 0 10004
5049270948700 178 0 -0 0 20004
5088026319910 178 0 -0 0 30004
5126781691160 178 0 -0 0 40004
5165537062420 178 0 -0 0 50004
5204292433560 178 0 -0 0 60004
5243047804880 178 0 -0 0 70004
5281803194980 178 0 -0 0 80004
5320558566250 178 0 -0 0 90004
4971760206200 179 0 -0 0 4
5010515577450 179 0 -0 0 10004
5049270948700 179 0 -0 0 20004
5088026319910 179 0 -0 0 30004
5126781691160 179 0 -0 0 40004
5165537062420 179 0 -0 0 50004
5204292433560 179 0 -0 0 60004
5243047804880 179 0 -0 0 70004
5281803194980 179 0 -0 0 80004
5320558566250 179 0 -0 0 90004
4971760206200 180 0 -0 0 4
5010515577450 180 0 -0 0 10004
5049270948700 180 0 -0 0 20004
5088026319910 180 0 -0 0 30004
5126781691160 180 0 -0 0 40004
5165537062420 180 0 -0 0 50004
5204292433560 180 0 -0 0 60004
5243047804880 180 0 -0 0 70004
5281803194980 180 0 -0 0 80004
5320558566250 180 0 -0 0 90004
4971760206200 181 0 -0 0 4
5010515577450 181 0 -0 0 10004
5049270948700 181 0 -0 0 20004
5088026319910 181 0 -0 0 30004
5126781691160 181 0 -0 0 40004
5165537062420 181 0 -0 0 50004
5204292433560 181 0 -0 0 60004
5243047804880 181 0 -0 0 70004
5281803194980 181 0 -0 0 80004
5320558566250 181 0 -0 0 90004
4971760206200 182 0 -0 0 4
5010515577450 182 0 -0 0 10004
5049270948700 182 0 -0 0 20004
5088026319910 182 0 -0 0 30004
5126781691160 182 0 -0 0 40004
5165537062420 182 0 -0 0 50004
5204292433560 182 0 -0 0 60004
5243047804880 182 0 -0 0 70004
5281803194980 182 0 -0 0 80004
5320558566250 182 0 -0 0 90004
4971760206200 183 0 -0 0 4
5010515577450 183 0 -0 0 10004
5049270948700 183 0 -0 0 20004
5088026319910 183 0 -0 0 30004
5126781691160 183 0 -0 0 40004
5165537062420 183 0 -0 0 50004
5204292433560 183 0 -0 0 60004
5243047804880 183 0 -0 0 70004
5281803194980 183 0 -0 0 80004
5320558566250 183 0 -0 0 90004
4971760206200 184 0 -0 0 4
5010515577450 184 0 -0 0 10004
5049270948700 184 0 -0 0 20004
5088026319910 184 0 -0 0 30004
5126781691160 184 0 -0 0 40004
5165537062420 184 0 -0 0 50004
5204292433560 184 0 -0 0 60004
5243047804880 184 0 -0 0 70004
5281803194980 184 0 -0 0 80004
5320558566250 184 0 -0 0 90004
4971760206200 185 0 -0 0 4
5010515577450 185 0 -0 0 10004
5049270948700 185 0 -0 0 20004
5088026319910 185 0 -0 0 30004
5126781691160 185 0 -0 0 40004
5165537062420 185 0 -0 0 50004
5204292433560 185 0 -0 0 60004
5243047804880 185 0 -0 0 70004
5281803194980 185 0 -0 0 80004
5320558566250 185 0 -0 0 90004
4971760206200 186 0 -0 0 4
5010515577450 186 0 -0 0 10004
5049270948700 186 0 -0 0 20004
5088026319910 186 0 -0 0 30004
5126781691160 186 0 -0 0 40004
5165537062420 186 0 -0 0 50004
5204292433560 186 0 -0 0 60004
5243047804880 186 0 -0 0 70004
5281803194980 186 0 -0 0 80004
5320558566250 186 0 -0 0 90004
4971760206200 187 0 -0 0 4
5010515577450 187 0 -0 0 10004
5049270948700 187 0 -0 0 20004
5088026319910 187 0 -0 0 30004
5126781691160 187 0 -0 0 40004
5165537062420 187 0 -0 0 50004
5204292433560 187 0 -0 0 60004
5243047804880 187 0 -0 0 70004
5281803194980 187 0 -0 0 80004
5320558566250 187 0 -0 0 90004
4971760206200 188 0 -0 0 4
5010515577450 188 0 -0 0 10004
5049270948700 188 0 -0 0 20004
5088026319910 188 0 -0 0 30004
5126781691160 188 0 -0 0 40004
5165537062420 188 0 -0 0 50004
5204292433560 188 0 -0 0 60004
5243047804880 188 0 -0 0 70004
5281803194980 188 0 -0 0 80004
5320558566250 188 0 -0 0 90004
4971760206200 189 0 -0 0 4
5010515577450 189 0 -0 0 10004
5049270948700 189 0 -0 0 20004
5088026319910 189 0 -0 0 30004
5126781691160 189 0 -0 0 40004
5165537062420 189 0 -0 0 50004
5204292433560 189 0 -0 0 60004
5243047804880 189 0 -0 0 70004
5281803194980 189 0 -0 0 80004
5320558566250 189 0 -0 0 90004
4971760206200 190 0 -0 0 4
5010515577450 190 0 -0 0 10004
5049270948700 190 0 -0 0 20004
5088026319910 190 0 -0 0 30004
5126781691160 190 0 -0 0 40004
5165537062420 190 0 -0 0 50004
5204292433560 190 0 -0 0 60004
5243047804880 190 0 -0 0 70004
5281803194980 190 0 -0 0 80004
5320558566250 190 0 -0 0 90004
4971760206200 191 0 -0 0 4
5010515577450 191 0 -0 0 10004
5049270948700 191 0 -0 0 20004
5088026319910 191 0 -0 0 30004
5126781691160 191 0 -0 0 40004
5165537062420 191 0 -0 0 50004
5204292433560 191 0 -0 0 60004
5243047804880 191 0 -0 0 70004
5281803194980 191 0 -0 0 80004
5320558566250 191 0 -0 0 90004
4971760206200 192 0 -0 0 4
5010515577450 192 0 -0 0 10004
5049270948700 192 0 -0 0 20004
5088026319910 192 0 -0 0 30004
5126781691160 192 0 -0 0 40004
5165537062420 192 0 -0 0 50004
5204292433560 192 0 -0 0 60004
5243047804880 192 0 -0 0 70004
5281803194980 192 0 -0 0 80004
5320558566250 192 0 -0 0 90004
4971760206200 193 0 -0 0 4
5010515577450 193 0 -0 0 10004
5049270948700 193 0 -0 0 20004
5088026319910 193 0 -0 0 30004
5126781691160 193 0 -0 0 40004
5165537062420 193 0 -0 0 50004
5204292433560 193 0 -0 0 60004
5243047804880 193 0 -0 0 70004
5281803194980 193 0 -0 0 80004
5320558566250 193 0 -0 0 90004
4971760206200 194 0 -0 0 4
5010515577450 194 0 -0 0 10004
5049270948700 194 0 -0 0 20004
5088026319910 194 0 -0 0 30004
5126781691160 194 0 -0 0 40004
5165537062420 194 0 -0 0 50004
5204292433560 194 0 -0 0 60004
5243047804880 194 0 -0 0 70004
5281803194980 194 0 -0 0 80004
5320558566250 194 0 -0 0 90004
4971760206200 195 0 -0 0 4
5010515577450 195 0 -0 0 10004
5049270948700 195 0 -0 0 20004
5088026319910 195 0 -0 0 30004
5126781691160 195 0 -0 0 40004
5165537062420 195 0 -0 0 50004
5204292433560 195 0 -0 0 60004
5243047804880 195 0 -0 0 70004
5281803194980 195 0 -0 0 80004
5320558566250 195 0 -0 0 90004
4971760206200 196 0 -0 0 4
5010515577450 196 0 -0 0 10004
5049270948700 196 0 -0 0 20004
5088026319910 196 0 -0 0 30004
5126781691160 196 0 -0 0 40004
5165537062420 196 0 -0 0 50004
5204292433560 196 0 -0 0 60004
5243047804880 196 0 -0 0 70004
5281803194980 196 0 -0 0 80004
5320558566250 196 0 -0 0 90004
4971760206200 197 0 -0 0 4
5010515577450 197 0 -0 0 10004
5049270948700 197 0 -0 0 20004
5088026319910 197 0 -0 0 30004
5126781691160 197 0 -0 0 40004
5165537062420 197 0 -0 0 50004
5204292433560 197 0 -0 0 60004
5243047804880 197 0 -0 0 70004
5281803194980 197 0 -0 0 80004
5320558566250 197 0 -0 0 90004
4971760206200 198 0 -0 0 4
5010515577450 198 0 -0 0 10004
5049270948700 198 0 -0 0 20004
5088026319910 198 0 -0 0 30004
5126781691160 198 0 -0 0 40004
5165537062420 198 0 -0 0 50004
5204292433560 198 0 -0 0 60004
5243047804880 198 0 -0 0 70004
5281803194980 198 0 -0 0 80004
5320558566250 198 0 -0 0 90004
4971760206200 199 0 -0 0 4
5010515577450 199 0 -0 0 10004
5049270948700 199 0 -0 0 20004
5088026319910 199 0 -0 0 30004
5126781691160 199 0 -0 0 40004
5165537062420 199 0 -0 0 50004
5204292433560 199 0 -0 0 60004
5243047804880 199 0 -0 0 70004
5281803194980 199 0 -0 0 80004
5320558566250 199 0 -0 0 90004
4971760206200 200 0 -0 0 4
5010515577450 200 0 -0 0 10004
5049270948700 200 0 -0 0 20004
5088026319910 200 0 -0 0 30004
5126781691160 200 0 -0 0 40004
5165537062420 200 0 -0 0 50004
5204292433560 200 0 -0 0 60004
5243047804880 200 0 -0 0 70004
5281803194980 200 0 -0 0 80004
5320558566250 200 0 -0 0 90004
4971760206200 201 0 -0 0 4
5010515577450 201 0 -0 0 10004
5049270948700 201 0 -0 0 20004
5088026319910 201 0 -0 0 30004
5126781691160 201 0 -0 0 40004
5165537062420 201 0 -0 0 50004
5204292433560 201 0 -0 0 60004
5243047804880 201 0 -0 0 70004
5281803194980 201 0 -0 0 80004
5320558566250 201 0 -0 0 90004
4971760206200 202 0 -0 0 4
5010515577450 202 0 -0 0 10004
5049270948700 202 0 -0 0 20004
5088026319910 202 0 -0 0 30004
5126781691160 202 0 -0 0 40004
5165537062420 202 0 -0 0 50004
5204292433560 202 0 -0 0 60004
5243047804880 202 0 -0 0 70004
5281803194980 202 0 -0 0 80004
5320558566250 202 0 -0 0 90004
4971760206200 203 0 -0 0 4
5010515577450 203 0 -0 0 10004
5049270948700 203 0 -0 0 20004
5088026319910 203 0 -0 0 30004
5126781691160 203 0 -0 0 40004
5165537062420 203 0 -0 0 50004
5204292433560 203 0 -0 0 60004
5243047804880 203 0 -0 0 70004
5281803194980 203 0 -0 0 80004
5320558566250 203 0 -0 0 90004
4971760206200 204 0 -0 0 4
5010515577450 204 0 -0 0 10004
5049270948700 204 0 -0 0 20004
5088026319910 204 0 -0 0 30004
5126781691160 204 0 -0 0 40004
5165537062420 204 0 -0 0 50004
5204292433560 204 0 -0 0 60004
5243047804880 204 0 -0 0 70004
5281803194980 204 0 -0 0 80004
5320558566250 204 0 -0 0 90004
4971760206200 205 0 -0 0 4
5010515577450 205 0 -0 0 10004
5049270948700 205 0 -0 0 20004
5088026319910 205 0 -0 0 30004
5126781691160 205 0 -0 0 40004
5165537062420 205 0 -0 0 50004
5204292433560 205 0 -0 0 60004
5243047804880 205 0 -0 0 70004
5281803194980 205 0 -0 0 80004
5320558566250 205 0 -0 0 90004
4971760206200 206 0 -0 0 4
5010515577450 206 0 -0 0 10004
5049270948700 206 0 -0 0 20004
5088026319910 206 0 -0 0 30004
5126781691160 206 0 -0 0 40004
5165537062420 206 0 -0 0 50004
5204292433560 206 0 -0 0 60004
5243047804880 206 0 -0 0 70004
5281803194980 206 0 -0 0 80004
5320558566250 206 0 -0 0 90004
4971760206200 207 0 -0 0 4
5010515577450 207 0 -0 0 10004
5049270948700 207 0 -0 0 20004
5088026319910 207 0 -0 0 30004
5126781691160 207 0 -0 0 40004
5165537062420 207 0 -0 0 50004
5204292433560 207 0 -0 0 60004
5243047804880 207 0 -0 0 70004
5281803194980 207 0 -0 0 80004
5320558566250 207 0 -0 0 90004
4971760206200 208 0 -0 0 4
5010515577450 208 0 -0 0 10004
5049270948700 208 0 -0 0 20004
5088026319910 208 0 -0 0 30004
5126781691160 208 0 -0 0 40004
5165537062420 208 0 -0 0 50004
5204292433560 208 0 -0 0 60004
5243047804880 208 0 -0 0 70004
5281803194980 208 0 -0 0 80004
5320558566250 208 0 -0 0 90004
4971760206200 209 0 -0 0 4
5010515577450 209 0 -0 0 10004
5049270948700 209 0 -0 0 20004
5088026319910 209 0 -0 0 30004
5126781691160 209 0 -0 0 40004
5165537062420 209 0 -0 0 50004
5204292433560 209 0 -0 0 60004
5243047804880 209 0 -0 0 70004
5281803194980 209 0 -0 0 80004
5320558566250 209 0 -0 0 90004
4971760206200 210 0 -0 0 4
5010515577450 210 0 -0 0 10004
5049270948700 210 0 -0 0 20004
5088026319910 210 0 -0 0 30004
5126781691160 210 0 -0 0 40004
5165537062420 210 0 -0 0 50004
5204292433560 210 0 -0 0 60004
5243047804880 210 0 -0 0 70004
5281803194980 210 0 -0 0 80004
5320558566250 210 0 -0 0 90004
4971760206200 211 0 -0 0 4
5010515577450 211 0 -0 0 10004
5049270948700 211 0 -0 0 20004
5088026319910 211 0 -0 0 30004
5126781691160 211 0 -0 0 40004
5165537062420 211 0 -0 0 50004
5204292433560 211 0 -0 0 60004
5243047804880 211 0 -0 0 70004
5281803194980 211 0 -0 0 80004
5320558566250 211 0 -0 0 90004
4971760206200 212 0 -0 0 4
5010515577450 212 0 -0 0 10004
5049270948700 212 0 -0 0 20004
5088026319910 212 0 -0 0 30004
5126781691160 212 0 -0 0 40004
5165537062420 212 0 -0 0 50004
5204292433560 212 0 -0 0 60004
5243047804880 212 0 -0 0 70004
5281803194980 212 0 -0 0 80004
5320558566250 212 0 -0 0 90004
4971760206200 213 0 -0 0 4
5010515577450 213 0 -0 0 10004
5049270948700 213 0 -0 0 20004
5088026319910 213 0 -0 0 30004
5126781691160 213 0 -0 0 40004
5165537062420 213 0 -0 0 50004
5204292433560 213 0 -0 0 60004
5243047804880 213 0 -0 0 70004
5281803194980 213 0 -0 0 80004
5320558566250 213 0 -0 0 90004
4971760206200 214 0 -0 0 4
5010515577450 214 0 -0 0 10004
5049270948700 214 0 -0 0 20004
5088026319910 214 0 -0 0 30004
5126781691160 214 0 -0 0 40004
5165537062420 214 0 -0 0 50004
5204292433560 214 0 -0 0 60004
5243047804880 214 0 -0 0 70004
5281803194980 214 0 -0 0 80004
5320558566250 214 0 -0 0 90004
4971760206200 215 0 -0 0 4
5010515577450 215 0 -0 0 10004
5049270948700 215 0 -0 0 20004
5088026319910 215 0 -0 0 30004
5126781691160 215 0 -0 0 40004
5165537062420 215 0 -0 0 50004
5204292433560 215 0 -0 0 60004
5243047804880 215 0 -0 0 70004
5281803194980 215 0 -0 0 80004
5320558566250 215 0 -0 0 90004
4971760206200 216 0 -0 0 4
5010515577450 216 0 -0 0 10004
5049270948700 216 0 -0 0 20004
5088026319910 216 0 -0 0 30004
5126781691160 216 0 -0 0 40004
5165537062420 216 0 -0 0 50004
5204292433560 216 0 -0 0 60004
5243047804880 216 0 -0 0 70004
5281803194980 216 0 -0 0 80004
5320558566250 216 0 -0 0 90004
4971760206200 217 0 -0 0 4
5010515577450 217 0 -0 0 10004
5049270948700 217 0 -0 0 20004
5088026319910 217 0 -0 0 30004
5126781691160 217 0 -0 0 40004
5165537062420 217 0 -0 0 50004
5204292433560 217 0 -0 0 60004
5243047804880 217 0 -0 0 70004
5281803194980 217 0 -0 0 80004
5320558566250 217 0 -0 0 90004
4971760206200 218 0 -0 0 4
5010515577450 218 0 -0 0 10004
5049270948700 218 0 -0 0 20004
5088026319910 218 0 -0 0 30004
5126781691160 218 0 -0 0 40004
5165537062420 218 0 -0 0 50004
5204292433560 218 0 -0 0 60004
5243047804880 218 0 -0 0 70004
5281803194980 218 0 -0 0 80004
5320558566250 218 0 -0 0 90004
4971760206200 219 0 -0 0 4
5010515577450 219 0 -0 0 10004
5049270948700 219 0 -0 0 20004
5088026319910 219 0 -0 0 30004
5126781691160 219 0 -0 0 40004
5165537062420 219 0 -0 0 50004
5204292433560 219 0 -0 0 60004
5243047804880 219 0 -0 0 70004
5281803194980 219 0 -0 0 80004
5320558566250 219 0 -0 0 90004
4971760206200 220 0 -0 0 4
5010515577450 220 0 -0 0 10004
5049270948700 220 0 -0 0 20004
5088026319910 220 0 -0 0 30004
5126781691160 220 0 -0 0 40004
5165537062420 220 0 -0 0 50004
5204292433560 220 0 -0 0 60004
5243047804880 220 0 -0 0 70004
5281803194980 220 0 -0 0 80004
5320558566250 220 0 -0 0 90004
4971760206200 221 0 -0 0 4
5010515577450 221 0 -0 0 10004
5049270948700 221 0 -0 0 20004
5088026319910 221 0 -0 0 30004
5126781691160 221 0 -0 0 40004
5165537062420 221 0 -0 0 50004
5204292433560 221 0 -0 0 60004
5243047804880 221 0 -0 0 70004
5281803194980 221 0 -0 0 80004
5320558566250 221 0 -0 0 90004
4971760206200 222 0 -0 0 4
5010515577450 222 0 -0 0 10004
5049270948700 222 0 -0 0 20004
5088026319910 222 0 -0 0 30004
5126781691160 222 0 -0 0 40004
5165537062420 222 0 -0 0 50004
5204292433560 222 0 -0 0 60004
5243047804880 222 0 -0 0 70004
5281803194980 222 0 -0 0 80004
5320558566250 222 0 -0 0 90004
4971760206200 223 0 -0 0 4
5010515577450 223 0 -0 0 10004
5049270948700 223 0 -0 0 20004
5088026319910 223 0 -0 0 30004
5126781691160 223 0 -0 0 40004
5165537062420 223 0 -0 0 50004
5204292433560 223 0 -0 0 60004
5243047804880 223 0 -0 0 70004
5281803194980 223 0 -0 0 80004
5320558566250 223 0 -0 0 90004
4971760206200 224 0 -0 0 4
5010515577450 224 0 -0 0 10004
5049270948700 224 0 -0 0 20004
5088026319910 224 0 -0 0 30004
5126781691160 224 0 -0 0 40004
5165537062420 224 0 -0 0 50004
5204292433560 224 0 -0 0 60004
5243047804880 224 0 -0 0 70004
5281803194980 224 0 -0 0 80004
5320558566250 224 0 -0 0 90004
4971760206200 225 0 -0 0 4
5010515577450 225 0 -0 0 10004
5049270948700 225 0 -0 0 20004
5088026319910 225 0 -0 0 30004
5126781691160 225 0 -0 0 40004
5165537062420 225 0 -0 0 50004
5204292433560 225 0 -0 0 60004
5243047804880 225 0 -0 0 70004
5281803194980 225 0 -0 0 80004
5320558566250 225 0 -0 0 90004
4971760206200 226 0 -0 0 4
5010515577450 226 0 -0 0 10004
5049270948700 226 0 -0 0 20004
5088026319910 226 0 -0 0 30004
5126781691160 226 0 -0 0 40004
5165537062420 226 0 -0 0 50004
5204292433560 226 0 -0 0 60004
5243047804880 226 0 -0 0 70004
5281803194980 226 0 -0 0 80004
5320558566250 226 0 -0 0 90004
4971760206200 227 0 -0 0 4
5010515577450 227 0 -0 0 10004
5049270948700 227 0 -0 0 20004
5088026319910 227 0 -0 0 30004
5126781691160 227 0 -0 0 40004
5165537062420 227 0 -0 0 50004
5204292433560 227 0 -0 0 60004
5243047804880 227 0 -0 0 70004
5281803194980 227 0 -0 0 80004
5320558566250 227 0 -0 0 90004
4971760206200 228 0 -0 0 4
5010515577450 228 0 -0 0 10004
5049270948700 228 0 -0 0 20004
5088026319910 228 0 -0 0 30004
5126781691160 228 0 -0 0 40004
5165537062420 228 0 -0 0 50004
5204292433560 228 0 -0 0 60004
5243047804880 228 0 -0 0 70004
5281803194980 228 0 -0 0 80004
5320558566250 228 0 -0 0 90004
4971760206200 229 0 -0 0 4
5010515577450 229 0 -0 0 10004
5049270948700 229 0 -0 0 20004
5088026319910 229 0 -0 0 30004
5126781691160 229 0 -0 0 40004
5165537062420 229 0 -0 0 50004
5204292433560 229 0 -0 0 60004
5243047804880 229 0 -0 0 70004
5281803194980 229 0 -0 0 80004
5320558566250 229 0 -0 0 90004
4971760206200 230 0 -0 0 4
5010515577450 230 0 -0 0 10004
5049270948700 230 0 -0 0 20004
5088026319910 230 0 -0 0 30004
5126781691160 230 0 -0 0 40004
5165537062420 230 0 -0 0 50004
5204292433560 230 0 -0 0 60004
5243047804880 230 0 -0 0 70004
5281803194980 230 0 -0 0 80004
5320558566250 230 0 -0 0 90004
4971760206200 231 0 -0 0 4
5010515577450 231 0 -0 0 10004
5049270948700 231 0 -0 0 20004
5088026319910 231 0 -0 0 30004
5126781691160 231 0 -0 0 40004
5165537062420 231 0 -0 0 50004
5204292433560 231 0 -0 0 60004
5243047804880 231 0 -0 0 70004
5281803194980 231 0 -0 0 80004
5320558566250 231 0 -0 0 90004
4971760206200 232 0 -0 0 4
5010515577450 232 0 -0 0 10004
5049270948700 232 0 -0 0 20004
5088026319910 232 0 -0 0 30004
5126781691160 232 0 -0 0 40004
5165537062420 232 0 -0 0 50004
5204292433560 232 0 -0 0 60004
5243047804880 232 0 -0 0 70004
5281803194980 232 0 -0 0 80004
5320558566250 232 0 -0 0 90004
4971760206200 233 0 -0 0 4
5010515577450 233 0 -0 0 10004
5049270948700 233 0 -0 0 20004
5088026319910 233 0 -0 0 30004
5126781691160 233 0 -0 0 40004
5165537062420 233 0 -0 0 50004
5204292433560 233 0 -0 0 60004
5243047804880 233 0 -0 0 70004
5281803194980 233 0 -0 0 80004
5320558566250 233 0 -0 0 90004
4971760206200 234 0 -0 0 4
5010515577450 234 0 -0 0 10004
5049270948700 234 0 -0 0 20004
5088026319910 234 0 -0 0 30004
5126781691160 234 0 -0 0 40004
5165537062420 234 0 -0 0 50004
5204292433560 234 0 -0 0 60004
5243047804880 234 0 -0 0 70004
5281803194980 234 0 -0 0 80004
5320558566250 234 0 -0 0 90004
4971760206200 235 0 -0 0 4
5010515577450 235 0 -0 0 10004
5049270948700 235 0 -0 0 20004
5088026319910 235 0 -0 0 30004
5126781691160 235 0 -0 0 40004
5165537062420 235 0 -0 0 50004
5204292433560 235 0 -0 0 60004
5243047804880 235 0 -0 0 70004
5281803194980 235 0 -0 0 80004
5320558566250 235 0 -0 0 90004
4971760206200 236 0 -0 0 4
5010515577450 236 0 -0 0 10004
5049270948700 236 0 -0 0 20004
5088026319910 236 0 -0 0 30004
5126781691160 236 0 -0 0 40004
5165537062420 236 0 -0 0 50004
5204292433560 236 0 -0 0 60004
5243047804880 236 0 -0 0 70004
5281803194980 236 0 -0 0 80004
5320558566250 236 0 -0 0 90004
4971760206200 237 0 -0 0 4
5010515577450 237 0 -0 0 10004
5049270948700 237 0 -0 0 20004
5088026319910 237 0 -0 0 30004
5126781691160 237 0 -0 0 40004
5165537062420 237 0 -0 0 50004
5204292433560 237 0 -0 0 60004
5243047804880 237 0 -0 0 70004
5281803194980 237 0 -0 0 80004
5320558566250 237 0 -0 0 90004
4971760206200 238 0 -0 0 4
5010515577450 238 0 -0 0 10004
5049270948700 238 0 -0 0 20004
5088026319910 238 0 -0 0 30004
5126781691160 238 0 -0 0 40004
5165537062420 238 0 -0 0 50004
5204292433560 238 0 -0 0 60004
5243047804880 238 0 -0 0 70004
5281803194980 238 0 -0 0 80004
5320558566250 238 0 -0 0 90004
4971760206200 239 0 -0 0 4
5010515577450 239 0 -0 0 10004
5049270948700 239 0 -0 0 20004
5088026319910 239 0 -0 0 30004
5126781691160 239 0 -0 0 40004
5165537062420 239 0 -0 0 50004
5204292433560 239 0 -0 0 60004
5243047804880 239 0 -0 0 70004
5281803194980 239 0 -0 0 80004
5320558566250 239 0 -0 0 90004
4971760206200 240 0 -0 0 4
5010515577450 240 0 -0 0 10004
5049270948700 240 0 -0 0 20004
5088026319910 240 0 -0 0 30004
5126781691160 240 0 -0 0 40004
5165537062420 240 0 -0 0 50004
5204292433560 240 0 -0 0 60004
5243047804880 240 0 -0 0 70004
5281803194980 240 0 -0 0 80004
5320558566250 240 0 -0 0 90004
4971760206200 241 0 -0 0 4
5010515577450 241 0 -0 0 10004
5049270948700 241 0 -0 0 20004
5088026319910 241 0 -0 0 30004
5126781691160 241 0 -0 0 40004
5165537062420 241 0 -0 0 50004
5204292433560 241 0 -0 0 60004
5243047804880 241 0 -0 0 70004
5281803194980 241 0 -0 0 80004
5320558566250 241 0 -0 0 90004
4971760206200 242 0 -0 0 4
5010515577450 242 0 -0 0 10004
5049270948700 242 0 -0 0 20004
5088026319910 242 0 -0 0 30004
5126781691160 242 0 -0 0 40004
5165537062420 242 0 -0 0 50004
5204292433560 242 0 -0 0 60004
5243047804880 242 0 -0 0 70004
5281803194980 242 0 -0 0 80004
5320558566250 242 0 -0 0 90004
4971760206200 243 0 -0 0 4
5010515577450 243 0 -0 0 10004
5049270948700 243 0 -0 0 20004
5088026319910 243 0 -0 0 30004
5126781691160 243 0 -0 0 40004
5165537062420 243 0 -0 0 50004
5204292433560 243 0 -0 0 60004
5243047804880 243 0 -0 0 70004
5281803194980 243 0 -0 0 80004
5320558566250 243 0 -0 0 90004
4971760206200 244 0 -0 0 4
5010515577450 244 0 -0 0 10004
5049270948700 244 0 -0 0 20004
5088026319910 244 0 -0 0 30004
5126781691160 244 0 -0 0 40004
5165537062420 244 0 -0 0 50004
5204292433560 244 0 -0 0 60004
5243047804880 244 0 -0 0 70004
5281803194980 244 0 -0 0 80004
5320558566250 244 0 -0 0 90004
4971760206200 245 0 -0 0 4
5010515577450 245 0 -0 0 10004
5049270948700 245 0 -0 0 20004
5088026319910 245 0 -0 0 30004
5126781691160 245 0 -0 0 40004
5165537062420 245 0 -0 0 50004
5204292433560 245 0 -0 0 60004
5243047804880 245 0 -0 0 70004
5281803194980 245 0 -0 0 80004
5320558566250 245 0 -0 0 90004
4971760206200 246 0 -0 0 4
5010515577450 246 0 -0 0 10004
5049270948700 246 0 -0 0 20004
5088026319910 246 0 -0 0 30004
5126781691160 246 0 -0 0 40004
5165537062420 246 0 -0 0 50004
5204292433560 246 0 -0 0 60004
5243047804880 246 0 -0 0 70004
5281803194980 246 0 -0 0 80004
5320558566250 246 0 -0 0 90004
4971760206200 247 0 -0 0 4
5010515577450 247 0 -0 0 10004
5049270948700 247 0 -0 0 20004
5088026319910 247 0 -0 0 30004
5126781691160 247 0 -0 0 40004
5165537062420 247 0 -0 0 50004
5204292433560 247 0 -0 0 60004
5243047804880 247 0 -0 0 70004
5281803194980 247 0 -0 0 80004
5320558566250 247 0 -0 0 90004
4971760206200 248 0 -0 0 4
5010515577450 248 0 -0 0 10004
5049270948700 248 0 -0 0 20004
5088026319910 248 0 -0 0 30004
5126781691160 248 0 -0 0 40004
5165537062420 248 0 -0 0 50004
5204292433560 248 0 -0 0 60004
5243047804880 248 0 -0 0 70004
5281803194980 248 0 -0 0 80004
5320558566250 248 0 -0 0 90004
4971760206200 249 0 -0 0 4
5010515577450 249 0 -0 0 10004
5049270948700 249 0 -0 0 20004
5088026319910 249 0 -0 0 30004
5126781691160 249 0 -0 0 40004
5165537062420 249 0 -0 0 50004
5204292433560 249 0 -0 0 60004
5243047804880 249 0 -0 0 70004
5281803194980 249 0 -0 0 80004
5320558566250 249 0 -0 0 90004
4971760206200 250 0 -0 0 4
5010515577450 250 0 -0 0 10004
5049270948700 250 0 -0 0 20004
5088026319910 250 0 -0 0 30004
5126781691160 250 0 -0 0 40004
5165537062420 250 0 -0 0 50004
5204292433560 250 0 -0 0 60004
5243047804880 250 0 -0 0 70004
5281803194980 250 0 -0 0 80004
5320558566250 250 0 -0 0 90004
4971760206200 251 0 -0 0 4
5010515577450 251 0 -0 0 10004
5049270948700 251 0 -0 0 20004
5088026319910 251 0 -0 0 30004
5126781691160 251 0 -0 0 40004
5165537062420 251 0 -0 0 50004
5204292433560 251 0 -0 0 60004
5243047804880 251 0 -0 0 70004
5281803194980 251 0 -0 0 80004
5320558566250 251 0 -0 0 90004
4971760206200 252 0 -0 0 4
5010515577450 252 0 -0 0 10004
5049270948700 252 0 -0 0 20004
5088026319910 252 0 -0 0 30004
5126781691160 252 0 -0 0 40004
5165537062420 252 0 -0 0 50004
5204292433560 252 0 -0 0 60004
5243047804880 252 0 -0 0 70004
5281803194980 252 0 -0 0 80004
5320558566250 252 0 -0 0 90004
4971760206200 253 0 -0 0 4
5010515577450 253 0 -0 0 10004
5049270948700 253 0 -0 0 20004
5088026319910 253 0 -0 0 30004
5126781691160 253 0 -0 0 40004
5165537062420 253 0 -0 0 50004
5204292433560 253 0 -0 0 60004
5243047804880 253 0 -0 0 70004
5281803194980 253 0 -0 0 80004
5320558566250 253 0 -0 0 90004
4971760206200 254 0 -0 0 4
5010515577450 254 0 -0 0 10004
5049270948700 254 0 -0 0 20004
5088026319910 254 0 -0 0 30004
5126781691160 254 0 -0 0 40004
5165537062420 254 0 -0 0 50004
5204292433560 254 0 -0 0 60004
5243047804880 254 0 -0 0 70004
5281803194980 254 0 -0 0 80004
5320558566250 254 0 -0 0 90004
4971760206200 255 0 -0 0 4
5010515577450 255 0 -0 0 10004
5049270948700 255 0 -0 0 20004
5088026319910 255 0 -0 0 30004
5126781691160 255 0 -0 0 40004
5165537062420 255 0 -0 0 50004
5204292433560 255 0 -0 0 60004
5243047804880 255 0 -0 0 70004
5281803194980 255 0 -0 0 80004
5320558566250 255 0 -0 0 90004
4971760206200 256 0 -0 0 4
5010515577450 256 0 -0 0 10004
5049270948700 256 0 -0 0 20004
5088026319910 256 0 -0 0 30004
5126781691160 256 0 -0 0 40004
5165537062420 256 0 -0 0 50004
5204292433560 256 0 -0 0 60004
5243047804880 256 0 -0 0 70004
5281803194980 256 0 -0 0 80004
5320558566250 256 0 -0 0 90004
4971760206200 257 0 -0 0 4
5010515577450 257 0 -0 0 10004
5049270948700 257 0 -0 0 20004
5088026319910 257 0 -0 0 30004
5126781691160 257 0 -0 0 40004
5165537062420 257 0 -0 0 50004
5204292433560 257 0 -0 0 60004
5243047804880 257 0 -0 0 70004
5281803194980 257 0 -0 0 80004
5320558566250 257 0 -0 0 90004
4971760206200 258 0 -0 0 4
5010515577450 258 0 -0 0 10004
5049270948700 258 0 -0 0 20004
5088026319910 258 0 -0 0 30004
5126781691160 258 0 -0 0 40004
5165537062420 258 0 -0 0 50004
5204292433560 258 0 -0 0 60004
5243047804880 258 0 -0 0 70004
5281803194980 258 0 -0 0 80004
5320558566250 258 0 -0 0 90004
4971760206200 259 0 -0 0 4
5010515577450 259 0 -0 0 10004
5049270948700 259 0 -0 0 20004
5088026319910 259 0 -0 0 30004
5126781691160 259 0 -0 0 40004
5165537062420 259 0 -0 0 50004
5204292433560 259 0 -0 0 60004
5243047804880 259 0 -0 0 70004
5281803194980 259 0 -0 0 80004
5320558566250 259 0 -0 0 90004
4971760206200 260 0 -0 0 4
5010515577450 260 0 -0 0 10004
5049270948700 260 0 -0 0 20004
5088026319910 260 0 -0 0 30004
5126781691160 260 0 -0 0 40004
5165537062420 260 0 -0 0 50004
5204292433560 260 0 -0 0 60004
5243047804880 260 0 -0 0 70004
5281803194980 260 0 -0 0 80004
5320558566250 260 0 -0 0 90004
4971760206200 261 0 -0 0 4
5010515577450 261 0 -0 0 10004
5049270948700 261 0 -0 0 20004
5088026319910 261 0 -0 0 30004
5126781691160 261 0 -0 0 40004
5165537062420 261 0 -0 0 50004
5204292433560 261 0 -0 0 60004
5243047804880 261 0 -0 0 70004
5281803194980 261 0 -0 0 80004
5320558566250 261 0 -0 0 90004
4971760206200 262 0 -0 0 4
5010515577450 262 0 -0 0 10004
5049270948700 262 0 -0 0 20004
5088026319910 262 0 -0 0 30004
5126781691160 262 0 -0 0 40004
5165537062420 262 0 -0 0 50004
5204292433560 262 0 -0 0 60004
5243047804880 262 0 -0 0 70004
5281803194980 262 0 -0 0 80004
5320558566250 262 0 -0 0 90004
4971760206200 263 0 -0 0 4
5010515577450 263 0 -0 0 10004
5049270948700 263 0 -0 0 20004
5088026319910 263 0 -0 0 30004
5126781691160 263 0 -0 0 40004
5165537062420 263 0 -0 0 50004
5204292433560 263 0 -0 0 60004
5243047804880 263 0 -0 0 70004
5281803194980 263 0 -0 0 80004
5320558566250 263 0 -0 0 90004
4971760206200 264 0 -0 0 4
5010515577450 264 0 -0 0 10004
5049270948700 264 0 -0 0 20004
5088026319910 264 0 -0 0 30004
5126781691160 264 0 -0 0 40004
5165537062420 264 0 -0 0 50004
5204292433560 264 0 -0 0 60004
5243047804880 264 0 -0 0 70004
5281803194980 264 0 -0 0 80004
5320558566250 264 0 -0 0 90004
4971760206200 265 0 -0 0 4
5010515577450 265 0 -0 0 10004
5049270948700 265 0 -0 0 20004
5088026319910 265 0 -0 0 30004
5126781691160 265 0 -0 0 40004
5165537062420 265 0 -0 0 50004
5204292433560 265 0 -0 0 60004
5243047804880 265 0 -0 0 70004
5281803194980 265 0 -0 0 80004
5320558566250 265 0 -0 0 90004
4971760206200 266 0 -0 0 4
5010515577450 266 0 -0 0 10004
5049270948700 266 0 -0 0 20004
5088026319910 266 0 -0 0 30004
5126781691160 266 0 -0 0 40004
5165537062420 266 0 -0 0 50004
5204292433560 266 0 -0 0 60004
5243047804880 266 0 -0 0 70004
5281803194980 266 0 -0 0 80004
5320558566250 266 0 -0 0 90004
4971760206200 267 0 -0 0 4
5010515577450 267 0 -0 0 10004
5049270948700 267 0 -0 0 20004
5088026319910 267 0 -0 0 30004
5126781691160 267 0 -0 0 40004
5165537062420 267 0 -0 0 50004
5204292433560 267 0 -0 0 60004
5243047804880 267 0 -0 0 70004
5281803194980 267 0 -0 0 80004
5320558566250 267 0 -0 0 90004
4971760206200 268 0 -0 0 4
5010515577450 268 0 -0 0 10004
5049270948700 268 0 -0 0 20004
5088026319910 268 0 -0 0 30004
5126781691160 268 0 -0 0 40004
5165537062420 268 0 -0 0 50004
5204292433560 268 0 -0 0 60004
5243047804880 268 0 -0 0 70004
5281803194980 268 0 -0 0 80004
5320558566250 268 0 -0 0 90004
4971760206200 269 0 -0 0 4
5010515577450 269 0 -0 0 10004
5049270948700 269 0 -0 0 20004
5088026319910 269 0 -0 0 30004
5126781691160 269 0 -0 0 40004
5165537062420 269 0 -0 0 50004
5204292433560 269 0 -0 0 60004
5243047804880 269 0 -0 0 70004
5281803194980 269 0 -0 0 80004
5320558566250 269 0 -0 0 90004
4971760206200 270 0 -0 0 4
5010515577450 270 0 -0 0 10004
5049270948700 270 0 -0 0 20004
5088026319910 270 0 -0 0 30004
5126781691160 270 0 -0 0 40004
5165537062420 270 0 -0 0 50004
5204292433560 270 0 -0 0 60004
5243047804880 270 0 -0 0 70004
5281803194980 270 0 -0 0 80004
5320558566250 270 0 -0 0 90004
4971760206200 271 0 -0 0 4
5010515577450 271 0 -0 0 10004
5049270948700 271 0 -0 0 20004
5088026319910 271 0 -0 0 30004
5126781691160 271 0 -0 0 40004
5165537062420 271 0 -0 0 50004
5204292433560 271 0 -0 0 60004
5243047804880 271 0 -0 0 70004
5281803194980 271 0 -0 0 80004
5320558566250 271 0 -0 0 90004
4971760206200 272 0 -0 0 4
5010515577450 272 0 -0 0 10004
5049270948700 272 0 -0 0 20004
5088026319910 272 0 -0 0 30004
5126781691160 272 0 -0 0 40004
5165537062420 272 0 -0 0 50004
5204292433560 272 0 -0 0 60004
5243047804880 272 0 -0 0 70004
5281803194980 272 0 -0 0 80004
5320558566250 272 0 -0 0 90004
4971760206200 273 0 -0 0 4
5010515577450 273 0 -0 0 10004
5049270948700 273 0 -0 0 20004
5088026319910 273 0 -0 0 30004
5126781691160 273 0 -0 0 40004
5165537062420 273 0 -0 0 50004
5204292433560 273 0 -0 0 60004
5243047804880 273 0 -0 0 70004
5281803194980 273 0 -0 0 80004
5320558566250 273 0 -0 0 90004
4971760206200 274 0 -0 0 4
5010515577450 274 0 -0 0 10004
5049270948700 274 0 -0 0 20004
5088026319910 274 0 -0 0 30004
5126781691160 274 0 -0 0 40004
5165537062420 274 0 -0 0 50004
5204292433560 274 0 -0 0 60004
5243047804880 274 0 -0 0 70004
5281803194980 274 0 -0 0 80004
5320558566250 274 0 -0 0 90004
4971760206200 275 0 -0 0 4
5010515577450 275 0 -0 0 10004
5049270948700 275 0 -0 0 20004
5088026319910 275 0 -0 0 30004
5126781691160 275 0 -0 0 40004
5165537062420 275 0 -0 0 50004
5204292433560 275 0 -0 0 60004
5243047804880 275 0 -0 0 70004
5281803194980 275 0 -0 0 80004
5320558566250 275 0 -0 0 90004
4971760206200 276 0 -0 0 4
5010515577450 276 0 -0 0 10004
5049270948700 276 0 -0 0 20004
5088026319910 276 0 -0 0 30004
5126781691160 276 0 -0 0 40004
5165537062420 276 0 -0 0 50004
5204292433560 276 0 -0 0 60004
5243047804880 276 0 -0 0 70004
5281803194980 276 0 -0 0 80004
5320558566250 276 0 -0 0 90004
4971760206200 277 0 -0 0 4
5010515577450 277 0 -0 0 10004
5049270948700 277 0 -0 0 20004
5088026319910 277 0 -0 0 30004
5126781691160 277 0 -0 0 40004
5165537062420 277 0 -0 0 50004
5204292433560 277 0 -0 0 60004
5243047804880 277 0 -0 0 70004
5281803194980 277 0 -0 0 80004
5320558566250 277 0 -0 0 90004
4971760206200 278 0 -0 0 4
5010515577450 278 0 -0 0 10004
5049270948700 278 0 -0 0 20004
5088026319910 278 0 -0 0 30004
5126781691160 278 0 -0 0 40004
5165537062420 278 0 -0 0 50004
5204292433560 278 0 -0 0 60004
5243047804880 278 0 -0 0 70004
5281803194980 278 0 -0 0 80004
5320558566250 278 0 -0 0 90004
4971760206200 279 0 -0 0 4
5010515577450 279 0 -0 0 10004
5049270948700 279 0 -0 0 20004
5088026319910 279 0 -0 0 30004
5126781691160 279 0 -0 0 40004
5165537062420 279 0 -0 0 50004
5204292433560 279 0 -0 0 60004
5243047804880 279 0 -0 0 70004
5281803194980 279 0 -0 0 80004
5320558566250 279 0 -0 0 90004
4971760206200 280 0 -0 0 4
5010515577450 280 0 -0 0 10004
5049270948700 280 0 -0 0 20004
5088026319910 280 0 -0 0 30004
5126781691160 280 0 -0 0 40004
5165537062420 280 0 -0 0 50004
5204292433560 280 0 -0 0 60004
5243047804880 280 0 -0 0 70004
5281803194980 280 0 -0 0 80004
5320558566250 280 0 -0 0 90004
4971760206200 281 0 -0 0 4
5010515577450 281 0 -0 0 10004
5049270948700 281 0 -0 0 20004
5088026319910 281 0 -0 0 30004
5126781691160 281 0 -0 0 40004
5165537062420 281 0 -0 0 50004
5204292433560 281 0 -0 0 60004
5243047804880 281 0 -0 0 70004
5281803194980 281 0 -0 0 80004
5320558566250 281 0 -0 0 90004
4971760206200 282 0 -0 0 4
5010515577450 282 0 -0 0 10004
5049270948700 282 0 -0 0 20004
5088026319910 282 0 -0 0 30004
5126781691160 282 0 -0 0 40004
5165537062420 282 0 -0 0 50004
5204292433560 282 0 -0 0 60004
5243047804880 282 0 -0 0 70004
5281803194980 282 0 -0 0 80004
5320558566250 282 0 -0 0 90004
4971760206200 283 0 -0 0 4
5010515577450 283 0 -0 0 10004
5049270948700 283 0 -0 0 20004
5088026319910 283 0 -0 0 30004
5126781691160 283 0 -0 0 40004
5165537062420 283 0 -0 0 50004
5204292433560 283 0 -0 0 60004
5243047804880 283 0 -0 0 70004
5281803194980 283 0 -0 0 80004
5320558566250 283 0 -0 0 90004
4971760206200 284 0 -0 0 4
5010515577450 284 0 -0 0 10004
5049270948700 284 0 -0 0 20004
5088026319910 284 0 -0 0 30004
5126781691160 284 0 -0 0 40004
5165537062420 284 0 -0 0 50004
5204292433560 284 0 -0 0 60004
5243047804880 284 0 -0 0 70004
5281803194980 284 0 -0 0 80004
5320558566250 284 0 -0 0 90004
4971760206200 285 0 -0 0 4
5010515577450 285 0 -0 0 10004
5049270948700 285 0 -0 0 20004
5088026319910 285 0 -0 0 30004
5126781691160 285 0 -0 0 40004
5165537062420 285 0 -0 0 50004
5204292433560 285 0 -0 0 60004
5243047804880 285 0 -0 0 70004
5281803194980 285 0 -0 0 80004
5320558566250 285 0 -0 0 90004
4971760206200 286 0 -0 0 4
5010515577450 286 0 -0 0 10004
5049270948700 286 0 -0 0 20004
5088026319910 286 0 -0 0 30004
5126781691160 286 0 -0 0 40004
5165537062420 286 0 -0 0 50004
5204292433560 286 0 -0 0 60004
5243047804880 286 0 -0 0 70004
5281803194980 286 0 -0 0 80004
5320558566250 286 0 -0 0 90004
4971760206200 287 0 -0 0 4
5010515577450 287 0 -0 0 10004
5049270948700 287 0 -0 0 20004
5088026319910 287 0 -0 0 30004
5126781691160 287 0 -0 0 40004
5165537062420 287 0 -0 0 50004
5204292433560 287 0 -0 0 60004
5243047804880 287 0 -0 0 70004
5281803194980 287 0 -0 0 80004
5320558566250 287 0 -0 0 90004
4971760206200 288 0 -0 0 4
5010515577450 288 0 -0 0 10004
5049270948700 288 0 -0 0 20004
5088026319910 288 0 -0 0 30004
5126781691160 288 0 -0 0 40004
5165537062420 288 0 -0 0 50004
5204292433560 288 0 -0 0 60004
5243047804880 288 0 -0 0 70004
5281803194980 288 0 -0 0 80004
5320558566250 288 0 -0 0 90004
4971760206200 289 0 -0 0 4
5010515577450 289 0 -0 0 10004
5049270948700 289 0 -0 0 20004
5088026319910 289 0 -0 0 30004
5126781691160 289 0 -0 0 40004
5165537062420 289 0 -0 0 50004
5204292433560 289 0 -0 0 60004
5243047804880 289 0 -0 0 70004
5281803194980 289 0 -0 0 80004
5320558566250 289 0 -0 0 90004
4971760206200 290 0 -0 0 4
5010515577450 290 0 -0 0 10004
5049270948700 290 0 -0 0 20004
5088026319910 290 0 -0 0 30004
5126781691160 290 0 -0 0 40004
5165537062420 290 0 -0 0 50004
5204292433560 290 0 -0 0 60004
5243047804880 290 0 -0 0 70004
5281803194980 290 0 -0 0 80004
5320558566250 290 0 -0 0 90004
4971760206200 291 0 -0 0 4
5010515577450 291 0 -0 0 10004
5049270948700 291 0 -0 0 20004
5088026319910 291 0 -0 0 30004
5126781691160 291 0 -0 0 40004
5165537062420 291 0 -0 0 50004
5204292433560 291 0 -0 0 60004
5243047804880 291 0 -0 0 70004
5281803194980 291 0 -0 0 80004
5320558566250 291 0 -0 0 90004
4971760206200 292 0 -0 0 4
5010515577450 292 0 -0 0 10004
5049270948700 292 0 -0 0 20004
5088026319910 292 0 -0 0 30004
5126781691160 292 0 -0 0 40004
5165537062420 292 0 -0 0 50004
5204292433560 292 0 -0 0 60004
5243047804880 292 0 -0 0 70004
5281803194980 292 0 -0 0 80004
5320558566250 292 0 -0 0 90004
4971760206200 293 0 -0 0 4
5010515577450 293 0 -0 0 10004
5049270948700 293 0 -0 0 20004
5088026319910 293 0 -0 0 30004
5126781691160 293 0 -0 0 40004
5165537062420 293 0 -0 0 50004
5204292433560 293 0 -0 0 60004
5243047804880 293 0 -0 0 70004
5281803194980 293 0 -0 0 80004
5320558566250 293 0 -0 0 90004
4971760206200 294 0 -0 0 4
5010515577450 294 0 -0 0 10004
5049270948700 294 0 -0 0 20004
5088026319910 294 0 -0 0 30004
5126781691160 294 0 -0 0 40004
5165537062420 294 0 -0 0 50004
5204292433560 294 0 -0 0 60004
5243047804880 294 0 -0 0 70004
5281803194980 294 0 -0 0 80004
5320558566250 294 0 -0 0 90004
4971760206200 295 0 -0 0 4
5010515577450 295 0 -0 0 10004
5049270948700 295 0 -0 0 20004
5088026319910 295 0 -0 0 30004
5126781691160 295 0 -0 0 40004
5165537062420 295 0 -0 0 50004
5204292433560 295 0 -0 0 60004
5243047804880 295 0 -0 0 70004
5281803194980 295 0 -0 0 80004
5320558566250 295 0 -0 0 90004
4971760206200 296 0 -0 0 4
5010515577450 296 0 -0 0 10004
5049270948700 296 0 -0 0 20004
5088026319910 296 0 -0 0 30004
5126781691160 296 0 -0 0 40004
5165537062420 296 0 -0 0 50004
5204292433560 296 0 -0 0 60004
5243047804880 296 0 -0 0 70004
5281803194980 296 0 -0 0 80004
5320558566250 296 0 -0 0 90004
4971760206200 297 0 -0 0 4
5010515577450 297 0 -0 0 10004
5049270948700 297 0 -0 0 20004
5088026319910 297 0 -0 0 30004
5126781691160 297 0 -0 0 40004
5165537062420 297 0 -0 0 50004
5204292433560 297 0 -0 0 60004
5243047804880 297 0 -0 0 70004
5281803194980 297 0 -0 0 80004
5320558566250 297 0 -0 0 90004
4971760206200 298 0 -0 0 4
5010515577450 298 0 -0 0 10004
5049270948700 298 0 -0 0 20004
5088026319910 298 0 -0 0 30004
5126781691160 298 0 -0 0 40004
5165537062420 298 0 -0 0 50004
5204292433560 298 0 -0 0 60004
5243047804880 298 0 -0 0 70004
5281803194980 298 0 -0 0 80004
5320558566250 298 0 -0 0 90004
4971760206200 299 0 -0 0 4
5010515577450 299 0 -0 0 10004
5049270948700 299 0 -0 0 20004
5088026319910 299 0 -0 0 30004
5126781691160 299 0 -0 0 40004
5165537062420 299 0 -0 0 50004
5204292433560 299 0 -0 0 60004
5243047804880 299 0 -0 0 70004
5281803194980 299 0 -0 0 80004
5320558566250 299 0 -0 0 90004
4971760206200 300 0 -0 0 4
5010515577450 300 0 -0 0 10004
5049270948700 300 0 -0 0 20004
5088026319910 300 0 -0 0 30004
5126781691160 300 0 -0 0 40004
5165537062420 300 0 -0 0 50004
5204292433560 300 0 -0 0 60004
5243047804880 300 0 -0 0 70004
5281803194980 300 0 -0 0 80004
5320558566250 300 0 -0 0 90004
4971760206200 301 0 -0 0 4
5010515577450 301 0 -0 0 10004
5049270948700 301 0 -0 0 20004
5088026319910 301 0 -0 0 30004
5126781691160 301 0 -0 0 40004
5165537062420 301 0 -0 0 50004
5204292433560 301 0 -0 0 60004
5243047804880 301 0 -0 0 70004
5281803194980 301 0 -0 0 80004
5320558566250 301 0 -0 0 90004
4971760206200 302 0 -0 0 4
5010515577450 302 0 -0 0 10004
5049270948700 302 0 -0 0 20004
5088026319910 302 0 -0 0 30004
5126781691160 302 0 -0 0 40004
5165537062420 302 0 -0 0 50004
5204292433560 302 0 -0 0 60004
5243047804880 302 0 -0 0 70004
5281803194980 302 0 -0 0 80004
5320558566250 302 0 -0 0 90004
4971760206200 303 0 -0 0 4
5010515577450 303 0 -0 0 10004
5049270948700 303 0 -0 0 20004
5088026319910 303 0 -0 0 30004
5126781691160 303 0 -0 0 40004
5165537062420 303 0 -0 0 50004
5204292433560 303 0 -0 0 60004
5243047804880 303 0 -0 0 70004
5281803194980 303 0 -0 0 80004
5320558566250 303 0 -0 0 90004
4971760206200 304 0 -0 0 4
5010515577450 304 0 -0 0 10004
5049270948700 304 0 -0 0 20004
5088026319910 304 0 -0 0 30004
5126781691160 304 0 -0 0 40004
5165537062420 304 0 -0 0 50004
5204292433560 304 0 -0 0 60004
5243047804880 304 0 -0 0 70004
5281803194980 304 0 -0 0 80004
5320558566250 304 0 -0 0 90004
4971760206200 305 0 -0 0 4
5010515577450 305 0 -0 0 10004
5049270948700 305 0 -0 0 20004
5088026319910 305 0 -0 0 30004
5126781691160 305 0 -0 0 40004
5165537062420 305 0 -0 0 50004
5204292433560 305 0 -0 0 60004
5243047804880 305 0 -0 0 70004
5281803194980 305 0 -0 0 80004
5320558566250 305 0 -0 0 90004
4971760206200 306 0 -0 0 4
5010515577450 306 0 -0 0 10004
5049270948700 306 0 -0 0 20004
5088026319910 306 0 -0 0 30004
5126781691160 306 0 -0 0 40004
5165537062420 306 0 -0 0 50004
5204292433560 306 0 -0 0 60004
5243047804880 306 0 -0 0 70004
5281803194980 306 0 -0 0 80004
5320558566250 306 0 -0 0 90004
4971760206200 307 0 -0 0 4
5010515577450 307 0 -0 0 10004
5049270948700 307 0 -0 0 20004
5088026319910 307 0 -0 0 30004
5126781691160 307 0 -0 0 40004
5165537062420 307 0 -0 0 50004
5204292433560 307 0 -0 0 60004
5243047804880 307 0 -0 0 70004
5281803194980 307 0 -0 0 80004
5320558566250 307 0 -0 0 90004
4971760206200 308 0 -0 0 4
5010515577450 308 0 -0 0 10004
5049270948700 308 0 -0 0 20004
5088026319910 308 0 -0 0 30004
5126781691160 308 0 -0 0 40004
5165537062420 308 0 -0 0 50004
5204292433560 308 0 -0 0 60004
5243047804880 308 0 -0 0 70004
5281803194980 308 0 -0 0 80004
5320558566250 308 0 -0 0 90004
4971760206200 309 0 -0 0 4
5010515577450 309 0 -0 0 10004
5049270948700 309 0 -0 0 20004
5088026319910 309 0 -0 0 30004
5126781691160 309 0 -0 0 40004
5165537062420 309 0 -0 0 50004
5204292433560 309 0 -0 0 60004
5243047804880 309 0 -0 0 70004
5281803194980 309 0 -0 0 80004
5320558566250 309 0 -0 0 90004
4971760206200 310 0 -0 0 4
5010515577450 310 0 -0 0 10004
5049270948700 310 0 -0 0 20004
5088026319910 310 0 -0 0 30004
5126781691160 310 0 -0 0 40004
5165537062420 310 0 -0 0 50004
5204292433560 310 0 -0 0 60004
5243047804880 310 0 -0 0 70004
5281803194980 310 0 -0 0 80004
5320558566250 310 0 -0 0 90004
4971760206200 311 0 -0 0 4
5010515577450 311 0 -0 0 10004
5049270948700 311 0 -0 0 20004
5088026319910 311 0 -0 0 30004
5126781691160 311 0 -0 0 40004
5165537062420 311 0 -0 0 50004
5204292433560 311 0 -0 0 60004
5243047804880 311 0 -0 0 70004
5281803194980 311 0 -0 0 80004
5320558566250 311 0 -0 0 90004
4971760206200 312 0 -0 0 4
5010515577450 312 0 -0 0 10004
5049270948700 312 0 -0 0 20004
5088026319910 312 0 -0 0 30004
5126781691160 312 0 -0 0 40004
5165537062420 312 0 -0 0 50004
5204292433560 312 0 -0 0 60004
5243047804880 312 0 -0 0 70004
5281803194980 312 0 -0 0 80004
5320558566250 312 0 -0 0 90004
4971760206200 313 0 -0 0 4
5010515577450 313 0 -0 0 10004
5049270948700 313 0 -0 0 20004
5088026319910 313 0 -0 0 30004
5126781691160 313 0 -0 0 40004
5165537062420 313 0 -0 0 50004
5204292433560 313 0 -0 0 60004
5243047804880 313 0 -0 0 70004
5281803194980 313 0 -0 0 80004
5320558566250 313 0 -0 0 90004
4971760206200 314 0 -0 0 4
5010515577450 314 0 -0 0 10004
5049270948700 314 0 -0 0 20004
5088026319910 314 0 -0 0 30004
5126781691160 314 0 -0 0 40004
5165537062420 314 0 -0 0 50004
5204292433560 314 0 -0 0 60004
5243047804880 314 0 -0 0 70004
5281803194980 314 0 -0 0 80004
5320558566250 314 0 -0 0 90004
4971760206200 315 0 -0 0 4
5010515577450 315 0 -0 0 10004
5049270948700 315 0 -0 0 20004
5088026319910 315 0 -0 0 30004
5126781691160 315 0 -0 0 40004
5165537062420 315 0 -0 0 50004
5204292433560 315 0 -0 0 60004
5243047804880 315 0 -0 0 70004
5281803194980 315 0 -0 0 80004
5320558566250 315 0 -0 0 90004
4971760206200 316 0 -0 0 4
5010515577450 316 0 -0 0 10004
5049270948700 316 0 -0 0 20004
5088026319910 316 0 -0 0 30004
5126781691160 316 0 -0 0 40004
5165537062420 316 0 -0 0 50004
5204292433560 316 0 -0 0 60004
5243047804880 316 0 -0 0 70004
5281803194980 316 0 -0 0 80004
5320558566250 316 0 -0 0 90004
4971760206200 317 0 -0 0 4
5010515577450 317 0 -0 0 10004
5049270948700 317 0 -0 0 20004
5088026319910 317 0 -0 0 30004
5126781691160 317 0 -0 0 40004
5165537062420 317 0 -0 0 50004
5204292433560 317 0 -0 0 60004
5243047804880 317 0 -0 0 70004
5281803194980 317 0 -0 0 80004
5320558566250 317 0 -0 0 90004
4971760206200 318 0 -0 0 4
5010515577450 318 0 -0 0 10004
5049270948700 318 0 -0 0 20004
5088026319910 318 0 -0 0 30004
5126781691160 318 0 -0 0 40004
5165537062420 318 0 -0 0 50004
5204292433560 318 0 -0 0 60004
5243047804880 318 0 -0 0 70004
5281803194980 318 0 -0 0 80004
5320558566250 318 0 -0 0 90004
4971760206200 319 0 -0 0 4
5010515577450 319 0 -0 0 10004
5049270948700 319 0 -0 0 20004
5088026319910 319 0 -0 0 30004
5126781691160 319 0 -0 0 40004
5165537062420 319 0 -0 0 50004
5204292433560 319 0 -0 0 60004
5243047804880 319 0 -0 0 70004
5281803194980 319 0 -0 0 80004
5320558566250 319 0 -0 0 90004
4971760206200 320 0 -0 0 4
5010515577450 320 0 -0 0 10004
5049270948700 320 0 -0 0 20004
5088026319910 320 0 -0 0 30004
5126781691160 320 0 -0 0 40004
5165537062420 320 0 -0 0 50004
5204292433560 320 0 -0 0 60004
5243047804880 320 0 -0 0 70004
5281803194980 320 0 -0 0 80004
5320558566250 320 0 -0 0 90004
4971760206200 321 0 -0 0 4
5010515577450 321 0 -0 0 10004
5049270948700 321 0 -0 0 20004
5088026319910 321 0 -0 0 30004
5126781691160 321 0 -0 0 40004
5165537062420 321 0 -0 0 50004
5204292433560 321 0 -0 0 60004
5243047804880 321 0 -0 0 70004
5281803194980 321 0 -0 0 80004
5320558566250 321 0 -0 0 90004
4971760206200 322 0 -0 0 4
5010515577450 322 0 -0 0 10004
5049270948700 322 0 -0 0 20004
5088026319910 322 0 -0 0 30004
5126781691160 322 0 -0 0 40004
5165537062420 322 0 -0 0 50004
5204292433560 322 0 -0 0 60004
5243047804880 322 0 -0 0 70004
5281803194980 322 0 -0 0 80004
5320558566250 322 0 -0 0 90004
4971760206200 323 0 -0 0 4
5010515577450 323 0 -0 0 10004
5049270948700 323 0 -0 0 20004
5088026319910 323 0 -0 0 30004
5126781691160 323 0 -0 0 40004
5165537062420 323 0 -0 0 50004
5204292433560 323 0 -0 0 60004
5243047804880 323 0 -0 0 70004
5281803194980 323 0 -0 0 80004
5320558566250 323 0 -0 0 90004
4971760206200 324 0 -0 0 4
5010515577450 324 0 -0 0 10004
5049270948700 324 0 -0 0 20004
5088026319910 324 0 -0 0 30004
5126781691160 324 0 -0 0 40004
5165537062420 324 0 -0 0 50004
5204292433560 324 0 -0 0 60004
5243047804880 324 0 -0 0 70004
5281803194980 324 0 -0 0 80004
5320558566250 324 0 -0 0 90004
4971760206200 325 0 -0 0 4
5010515577450 325 0 -0 0 10004
5049270948700 325 0 -0 0 20004
5088026319910 325 0 -0 0 30004
5126781691160 325 0 -0 0 40004
5165537062420 325 0 -0 0 50004
5204292433560 325 0 -0 0 60004
5243047804880 325 0 -0 0 70004
5281803194980 325 0 -0 0 80004
5320558566250 325 0 -0 0 90004
4971760206200 326 0 -0 0 4
5010515577450 326 0 -0 0 10004
5049270948700 326 0 -0 0 20004
5088026319910 326 0 -0 0 30004
5126781691160 326 0 -0 0 40004
5165537062420 326 0 -0 0 50004
5204292433560 326 0 -0 0 60004
5243047804880 326 0 -0 0 70004
5281803194980 326 0 -0 0 80004
5320558566250 326 0 -0 0 90004
4971760206200 327 0 -0 0 4
5010515577450 327 0 -0 0 10004
5049270948700 327 0 -0 0 20004
5088026319910 327 0 -0 0 30004
5126781691160 327 0 -0 0 40004
5165537062420 327 0 -0 0 50004
5204292433560 327 0 -0 0 60004
5243047804880 327 0 -0 0 70004
5281803194980 327 0 -0 0 80004
5320558566250 327 0 -0 0 90004
4971760206200 328 0 -0 0 4
5010515577450 328 0 -0 0 10004
5049270948700 328 0 -0 0 20004
5088026319910 328 0 -0 0 30004
5126781691160 328 0 -0 0 40004
5165537062420 328 0 -0 0 50004
5204292433560 328 0 -0 0 60004
5243047804880 328 0 -0 0 70004
5281803194980 328 0 -0 0 80004
5320558566250 328 0 -0 0 90004
4971760206200 329 0 -0 0 4
5010515577450 329 0 -0 0 10004
5049270948700 329 0 -0 0 20004
5088026319910 329 0 -0 0 30004
5126781691160 329 0 -0 0 40004
5165537062420 329 0 -0 0 50004
5204292433560 329 0 -0 0 60004
5243047804880 329 0 -0 0 70004
5281803194980 329 0 -0 0 80004
5320558566250 329 0 -0 0 90004
4971760206200 330 0 -0 0 4
5010515577450 330 0 -0 0 10004
5049270948700 330 0 -0 0 20004
5088026319910 330 0 -0 0 30004
5126781691160 330 0 -0 0 40004
5165537062420 330 0 -0 0 50004
5204292433560 330 0 -0 0 60004
5243047804880 330 0 -0 0 70004
5281803194980 330 0 -0 0 80004
5320558566250 330 0 -0 0 90004
4971760206200 331 0 -0 0 4
5010515577450 331 0 -0 0 10004
5049270948700 331 0 -0 0 20004
5088026319910 331 0 -0 0 30004
5126781691160 331 0 -0 0 40004
5165537062420 331 0 -0 0 50004
5204292433560 331 0 -0 0 60004
5243047804880 331 0 -0 0 70004
5281803194980 331 0 -0 0 80004
5320558566250 331 0 -0 0 90004
4971760206200 332 0 -0 0 4
5010515577450 332 0 -0 0 10004
5049270948700 332 0 -0 0 20004
5088026319910 332 0 -0 0 30004
5126781691160 332 0 -0 0 40004
5165537062420 332 0 -0 0 50004
5204292433560 332 0 -0 0 60004
5243047804880 332 0 -0 0 70004
5281803194980 332 0 -0 0 80004
5320558566250 332 0 -0 0 90004
4971760206200 333 0 -0 0 4
5010515577450 333 0 -0 0 10004
5049270948700 333 0 -0 0 20004
5088026319910 333 0 -0 0 30004
5126781691160 333 0 -0 0 40004
5165537062420 333 0 -0 0 50004
5204292433560 333 0 -0 0 60004
5243047804880 333 0 -0 0 70004
5281803194980 333 0 -0 0 80004
5320558566250 333 0 -0 0 90004
4971760206200 334 0 -0 0 4
5010515577450 334 0 -0 0 10004
5049270948700 334 0 -0 0 20004
5088026319910 334 0 -0 0 30004
5126781691160 334 0 -0 0 40004
5165537062420 334 0 -0 0 50004
5204292433560 334 0 -0 0 60004
5243047804880 334 0 -0 0 70004
5281803194980 334 0 -0 0 80004
5320558566250 334 0 -0 0 90004
4971760206200 335 0 -0 0 4
5010515577450 335 0 -0 0 10004
5049270948700 335 0 -0 0 20004
5088026319910 335 0 -0 0 30004
5126781691160 335 0 -0 0 40004
5165537062420 335 0 -0 0 50004
5204292433560 335 0 -0 0 60004
5243047804880 335 0 -0 0 70004
5281803194980 335 0 -0 0 80004
5320558566250 335 0 -0 0 90004
4971760206200 336 0 -0 0 4
5010515577450 336 0 -0 0 10004
5049270948700 336 0 -0 0 20004
5088026319910 336 0 -0 0 30004
5126781691160 336 0 -0 0 40004
5165537062420 336 0 -0 0 50004
5204292433560 336 0 -0 0 60004
5243047804880 336 0 -0 0 70004
5281803194980 336 0 -0 0 80004
5320558566250 336 0 -0 0 90004
4971760206200 337 0 -0 0 4
5010515577450 337 0 -0 0 10004
5049270948700 337 0 -0 0 20004
5088026319910 337 0 -0 0 30004
5126781691160 337 0 -0 0 40004
5165537062420 337 0 -0 0 50004
5204292433560 337 0 -0 0 60004
5243047804880 337 0 -0 0 70004
5281803194980 337 0 -0 0 80004
5320558566250 337 0 -0 0 90004
4971760206200 338 0 -0 0 4
5010515577450 338 0 -0 0 10004
5049270948700 338 0 -0 0 20004
5088026319910 338 0 -0 0 30004
5126781691160 338 0 -0 0 40004
5165537062420 338 0 -0 0 50004
5204292433560 338 0 -0 0 60004
5243047804880 338 0 -0 0 70004
5281803194980 338 0 -0 0 80004
5320558566250 338 0 -0 0 90004
4971760206200 339 0 -0 0 4
5010515577450 339 0 -0 0 10004
5049270948700 339 0 -0 0 20004
5088026319910 339 0 -0 0 30004
5126781691160 339 0 -0 0 40004
5165537062420 339 0 -0 0 50004
5204292433560 339 0 -0 0 60004
5243047804880 339 0 -0 0 70004
5281803194980 339 0 -0 0 80004
5320558566250 339 0 -0 0 90004
4971760206200 340 0 -0 0 4
5010515577450 340 0 -0 0 10004
5049270948700 340 0 -0 0 20004
5088026319910 340 0 -0 0 30004
5126781691160 340 0 -0 0 40004
5165537062420 340 0 -0 0 50004
5204292433560 340 0 -0 0 60004
5243047804880 340 0 -0 0 70004
5281803194980 340 0 -0 0 80004
5320558566250 340 0 -0 0 90004
4971760206200 341 0 -0 0 4
5010515577450 341 0 -0 0 10004
5049270948700 341 0 -0 0 20004
5088026319910 341 0 -0 0 30004
5126781691160 341 0 -0 0 40004
5165537062420 341 0 -0 0 50004
5204292433560 341 0 -0 0 60004
5243047804880 341 0 -0 0 70004
5281803194980 341 0 -0 0 80004
5320558566250 341 0 -0 0 90004
4971760206200 342 0 -0 0 4
5010515577450 342 0 -0 0 10004
5049270948700 342 0 -0 0 20004
5088026319910 342 0 -0 0 30004
5126781691160 342 0 -0 0 40004
5165537062420 342 0 -0 0 50004
5204292433560 342 0 -0 0 60004
5243047804880 342 0 -0 0 70004
5281803194980 342 0 -0 0 80004
5320558566250 342 0 -0 0 90004
4971760206200 343 0 -0 0 4
5010515577450 343 0 -0 0 10004
5049270948700 343 0 -0 0 20004
5088026319910 343 0 -0 0 30004
5126781691160 343 0 -0 0 40004
5165537062420 343 0 -0 0 50004
5204292433560 343 0 -0 0 60004
5243047804880 343 0 -0 0 70004
5281803194980 343 0 -0 0 80004
5320558566250 343 0 -0 0 90004
4971760206200 344 0 -0 0 4
5010515577450 344 0 -0 0 10004
5049270948700 344 0 -0 0 20004
5088026319910 344 0 -0 0 30004
5126781691160 344 0 -0 0 40004
5165537062420 344 0 -0 0 50004
5204292433560 344 0 -0 0 60004
5243047804880 344 0 -0 0 70004
5281803194980 344 0 -0 0 80004
5320558566250 344 0 -0 0 90004
4971760206200 345 0 -0 0 4
5010515577450 345 0 -0 0 10004
5049270948700 345 0 -0 0 20004
5088026319910 345 0 -0 0 30004
5126781691160 345 0 -0 0 40004
5165537062420 345 0 -0 0 50004
5204292433560 345 0 -0 0 60004
5243047804880 345 0 -0 0 70004
5281803194980 345 0 -0 0 80004
5320558566250 345 0 -0 0 90004
4971760206200 346 0 -0 0 4
5010515577450 346 0 -0 0 10004
5049270948700 346 0 -0 0 20004
5088026319910 346 0 -0 0 30004
5126781691160 346 0 -0 0 40004
5165537062420 346 0 -0 0 50004
5204292433560 346 0 -0 0 60004
5243047804880 346 0 -0 0 70004
5281803194980 346 0 -0 0 80004
5320558566250 346 0 -0 0 90004
4971760206200 347 0 -0 0 4
5010515577450 347 0 -0 0 10004
5049270948700 347 0 -0 0 20004
5088026319910 347 0 -0 0 30004
5126781691160 347 0 -0 0 40004
5165537062420 347 0 -0 0 50004
5204292433560 347 0 -0 0 60004
5243047804880 347 0 -0 0 70004
5281803194980 347 0 -0 0 80004
5320558566250 347 0 -0 0 90004
4971760206200 348 0 -0 0 4
5010515577450 348 0 -0 0 10004
5049270948700 348 0 -0 0 20004
5088026319910 348 0 -0 0 30004
5126781691160 348 0 -0 0 40004
5165537062420 348 0 -0 0 50004
5204292433560 348 0 -0 0 60004
5243047804880 348 0 -0 0 70004
5281803194980 348 0 -0 0 80004
5320558566250 348 0 -0 0 90004
4971760206200 349 0 -0 0 4
5010515577450 349 0 -0 0 10004
5049270948700 349 0 -0 0 20004
5088026319910 349 0 -0 0 30004
5126781691160 349 0 -0 0 40004
5165537062420 349 0 -0 0 50004
5204292433560 349 0 -0 0 60004
5243047804880 349 0 -0 0 70004
5281803194980 349 0 -0 0 80004
5320558566250 349 0 -0 0 90004
4971760206200 350 0 -0 0 4
5010515577450 350 0 -0 0 10004
5049270948700 350 0 -0 0 20004
5088026319910 350 0 -0 0 30004
5126781691160 350 0 -0 0 40004
5165537062420 350 0 -0 0 50004
5204292433560 350 0 -0 0 60004
5243047804880 350 0 -0 0 70004
5281803194980 350 0 -0 0 80004
5320558566250 350 0 -0 0 90004
4971760206200 351 0 -0 0 4
5010515577450 351 0 -0 0 10004
5049270948700 351 0 -0 0 20004
5088026319910 351 0 -0 0 30004
5126781691160 351 0 -0 0 40004
5165537062420 351 0 -0 0 50004
5204292433560 351 0 -0 0 60004
5243047804880 351 0 -0 0 70004
5281803194980 351 0 -0 0 80004
5320558566250 351 0 -0 0 90004
4971760206200 352 0 -0 0 4
5010515577450 352 0 -0 0 10004
5049270948700 352 0 -0 0 20004
5088026319910 352 0 -0 0 30004
5126781691160 352 0 -0 0 40004
5165537062420 352 0 -0 0 50004
5204292433560 352 0 -0 0 60004
5243047804880 352 0 -0 0 70004
5281803194980 352 0 -0 0 80004
5320558566250 352 0 -0 0 90004
4971760206200 353 0 -0 0 4
5010515577450 353 0 -0 0 10004
5049270948700 353 0 -0 0 20004
5088026319910 353 0 -0 0 30004
5126781691160 353 0 -0 0 40004
5165537062420 353 0 -0 0 50004
5204292433560 353 0 -0 0 60004
5243047804880 353 0 -0 0 70004
5281803194980 353 0 -0 0 80004
5320558566250 353 0 -0 0 90004
4971760206200 354 0 -0 0 4
5010515577450 354 0 -0 0 10004
5049270948700 354 0 -0 0 20004
5088026319910 354 0 -0 0 30004
5126781691160 354 0 -0 0 40004
5165537062420 354 0 -0 0 50004
5204292433560 354 0 -0 0 60004
5243047804880 354 0 -0 0 70004
5281803194980 354 0 -0 0 80004
5320558566250 354 0 -0 0 90004
4971760206200 355 0 -0 0 4
5010515577450 355 0 -0 0 10004
5049270948700 355 0 -0 0 20004
5088026319910 355 0 -0 0 30004
5126781691160 355 0 -0 0 40004
5165537062420 355 0 -0 0 50004
5204292433560 355 0 -0 0 60004
5243047804880 355 0 -0 0 70004
5281803194980 355 0 -0 0 80004
5320558566250 355 0 -0 0 90004
4971760206200 356 0 -0 0 4
5010515577450 356 0 -0 0 10004
5049270948700 356 0 -0 0 20004
5088026319910 356 0 -0 0 30004
5126781691160 356 0 -0 0 40004
5165537062420 356 0 -0 0 50004
5204292433560 356 0 -0 0 60004
5243047804880 356 0 -0 0 70004
5281803194980 356 0 -0 0 80004
5320558566250 356 0 -0 0 90004
4971760206200 357 0 -0 0 4
5010515577450 357 0 -0 0 10004
5049270948700 357 0 -0 0 20004
5088026319910 357 0 -0 0 30004
5126781691160 357 0 -0 0 40004
5165537062420 357 0 -0 0 50004
5204292433560 357 0 -0 0 60004
5243047804880 357 0 -0 0 70004
5281803194980 357 0 -0 0 80004
5320558566250 357 0 -0 0 90004
4971760206200 358 0 -0 0 4
5010515577450 358 0 -0 0 10004
5049270948700 358 0 -0 0 20004
5088026319910 358 0 -0 0 30004
5126781691160 358 0 -0 0 40004
5165537062420 358 0 -0 0 50004
5204292433560 358 0 -0 0 60004
5243047804880 358 0 -0 0 70004
5281803194980 358 0 -0 0 80004
5320558566250 358 0 -0 0 90004
4971760206200 359 0 -0 0 4
5010515577450 359 0 -0 0 10004
5049270948700 359 0 -0 0 20004
5088026319910 359 0 -0 0 30004
5126781691160 359 0 -0 0 40004
5165537062420 359 0 -0 0 50004
5204292433560 359 0 -0 0 60004
5243047804880 359 0 -0 0 70004
5281803194980 359 0 -0 0 80004
5320558566250 359 0 -0 0 90004
4971760206200 360 0 -0 0 4
5010515577450 360 0 -0 0 10004
5049270948700 360 0 -0 0 20004
5088026319910 360 0 -0 0 30004
5126781691160 360 0 -0 0 40004
5165537062420 360 0 -0 0 50004
5204292433560 360 0 -0 0 60004
5243047804880 360 0 -0 0 70004
5281803194980 360 0 -0 0 80004
5320558566250 360 0 -0 0 90004
4971760206200 361 0 -0 0 4
5010515577450 361 0 -0 0 10004
5049270948700 361 0 -0 0 20004
5088026319910 361 0 -0 0 30004
5126781691160 361 0 -0 0 40004
5165537062420 361 0 -0 0 50004
5204292433560 361 0 -0 0 60004
5243047804880 361 0 -0 0 70004
5281803194980 361 0 -0 0 80004
5320558566250 361 0 -0 0 90004
4971760206200 362 0 -0 0 4
5010515577450 362 0 -0 0 10004
5049270948700 362 0 -0 0 20004
5088026319910 362 0 -0 0 30004
5126781691160 362 0 -0 0 40004
5165537062420 362 0 -0 0 50004
5204292433560 362 0 -0 0 60004
5243047804880 362 0 -0 0 70004
5281803194980 362 0 -0 0 80004
5320558566250 362 0 -0 0 90004
4971760206200 363 0 -0 0 4
5010515577450 363 0 -0 0 10004
5049270948700 363 0 -0 0 20004
5088026319910 363 0 -0 0 30004
5126781691160 363 0 -0 0 40004
5165537062420 363 0 -0 0 50004
5204292433560 363 0 -0 0 60004
5243047804880 363 0 -0 0 70004
5281803194980 363 0 -0 0 80004
5320558566250 363 0 -0 0 90004
4971760206200 364 0 -0 0 4
5010515577450 364 0 -0 0 10004
5049270948700 364 0 -0 0 20004
5088026319910 364 0 -0 0 30004
5126781691160 364 0 -0 0 40004
5165537062420 364 0 -0 0 50004
5204292433560 364 0 -0 0 60004
5243047804880 364 0 -0 0 70004
5281803194980 364 0 -0 0 80004
5320558566250 364 0 -0 0 90004
4971760206200 365 0 -0 0 4
5010515577450 365 0 -0 0 10004
5049270948700 365 0 -0 0 20004
5088026319910 365 0 -0 0 30004
5126781691160 365 0 -0 0 40004
5165537062420 365 0 -0 0 50004
5204292433560 365 0 -0 0 60004
5243047804880 365 0 -0 0 70004
5281803194980 365 0 -0 0 80004
5320558566250 365 0 -0 0 90004
4971760206200 366 0 -0 0 4
5010515577450 366 0 -0 0 10004
5049270948700 366 0 -0 0 20004
5088026319910 366 0 -0 0 30004
5126781691160 366 0 -0 0 40004
5165537062420 366 0 -0 0 50004
5204292433560 366 0 -0 0 60004
5243047804880 366 0 -0 0 70004
5281803194980 366 0 -0 0 80004
5320558566250 366 0 -0 0 90004
4971760206200 367 0 -0 0 4
5010515577450 367 0 -0 0 10004
5049270948700 367 0 -0 0 20004
5088026319910 367 0 -0 0 30004
5126781691160 367 0 -0 0 40004
5165537062420 367 0 -0 0 50004
5204292433560 367 0 -0 0 60004
5243047804880 367 0 -0 0 70004
5281803194980 367 0 -0 0 80004
5320558566250 367 0 -0 0 90004
4971760206200 368 0 -0 0 4
5010515577450 368 0 -0 0 10004
5049270948700 368 0 -0 0 20004
5088026319910 368 0 -0 0 30004
5126781691160 368 0 -0 0 40004
5165537062420 368 0 -0 0 50004
5204292433560 368 0 -0 0 60004
5243047804880 368 0 -0 0 70004
5281803194980 368 0 -0 0 80004
5320558566250 368 0 -0 0 90004
4971760206200 369 0 -0 0 4
5010515577450 369 0 -0 0 10004
5049270948700 369 0 -0 0 20004
5088026319910 369 0 -0 0 30004
5126781691160 369 0 -0 0 40004
5165537062420 369 0 -0 0 50004
5204292433560 369 0 -0 0 60004
5243047804880 369 0 -0 0 70004
5281803194980 369 0 -0 0 80004
5320558566250 369 0 -0 0 90004
4971760206200 370 0 -0 0 4
5010515577450 370 0 -0 0 10004
5049270948700 370 0 -0 0 20004
5088026319910 370 0 -0 0 30004
5126781691160 370 0 -0 0 40004
5165537062420 370 0 -0 0 50004
5204292433560 370 0 -0 0 60004
5243047804880 370 0 -0 0 70004
5281803194980 370 0 -0 0 80004
5320558566250 370 0 -0 0 90004
4971760206200 371 0 -0 0 4
5010515577450 371 0 -0 0 10004
5049270948700 371 0 -0 0 20004
5088026319910 371 0 -0 0 30004
5126781691160 371 0 -0 0 40004
5165537062420 371 0 -0 0 50004
5204292433560 371 0 -0 0 60004
5243047804880 371 0 -0 0 70004
5281803194980 371 0 -0 0 80004
5320558566250 371 0 -0 0 90004
4971760206200 372 0 -0 0 4
5010515577450 372 0 -0 0 10004
5049270948700 372 0 -0 0 20004
5088026319910 372 0 -0 0 30004
5126781691160 372 0 -0 0 40004
5165537062420 372 0 -0 0 50004
5204292433560 372 0 -0 0 60004
5243047804880 372 0 -0 0 70004
5281803194980 372 0 -0 0 80004
5320558566250 372 0 -0 0 90004
4971760206200 373 0 -0 0 4
5010515577450 373 0 -0 0 10004
5049270948700 373 0 -0 0 20004
5088026319910 373 0 -0 0 30004
5126781691160 373 0 -0 0 40004
5165537062420 373 0 -0 0 50004
5204292433560 373 0 -0 0 60004
5243047804880 373 0 -0 0 70004
5281803194980 373 0 -0 0 80004
5320558566250 373 0 -0 0 90004
4971760206200 374 0 -0 0 4
5010515577450 374 0 -0 0 10004
5049270948700 374 0 -0 0 20004
5088026319910 374 0 -0 0 30004
5126781691160 374 0 -0 0 40004
5165537062420 374 0 -0 0 50004
5204292433560 374 0 -0 0 60004
5243047804880 374 0 -0 0 70004
5281803194980 374 0 -0 0 80004
5320558566250 374 0 -0 0 90004
4971760206200 375 0 -0 0 4
5010515577450 375 0 -0 0 10004
5049270948700 375 0 -0 0 20004
5088026319910 375 0 -0 0 30004
5126781691160 375 0 -0 0 40004
5165537062420 375 0 -0 0 50004
5204292433560 375 0 -0 0 60004
5243047804880 375 0 -0 0 70004
5281803194980 375 0 -0 0 80004
5320558566250 375 0 -0 0 90004
4971760206200 376 0 -0 0 4
5010515577450 376 0 -0 0 10004
5049270948700 376 0 -0 0 20004
5088026319910 376 0 -0 0 30004
5126781691160 376 0 -0 0 40004
5165537062420 376 0 -0 0 50004
5204292433560 376 0 -0 0 60004
5243047804880 376 0 -0 0 70004
5281803194980 376 0 -0 0 80004
5320558566250 376 0 -0 0 90004
4971760206200 377 0 -0 0 4
5010515577450 377 0 -0 0 10004
5049270948700 377 0 -0 0 20004
5088026319910 377 0 -0 0 30004
5126781691160 377 0 -0 0 40004
5165537062420 377 0 -0 0 50004
5204292433560 377 0 -0 0 60004
5243047804880 377 0 -0 0 70004
5281803194980 377 0 -0 0 80004
5320558566250 377 0 -0 0 90004
4971760206200 378 0 -0 0 4
5010515577450 378 0 -0 0 10004
5049270948700 378 0 -0 0 20004
5088026319910 378 0 -0 0 30004
5126781691160 378 0 -0 0 40004
5165537062420 378 0 -0 0 50004
5204292433560 378 0 -0 0 60004
5243047804880 378 0 -0 0 70004
5281803194980 378 0 -0 0 80004
5320558566250 378 0 -0 0 90004
4971760206200 379 0 -0 0 4
5010515577450 379 0 -0 0 10004
5049270948700 379 0 -0 0 20004
5088026319910 379 0 -0 0 30004
5126781691160 379 0 -0 0 40004
5165537062420 379 0 -0 0 50004
5204292433560 379 0 -0 0 60004
5243047804880 379 0 -0 0 70004
5281803194980 379 0 -0 0 80004
5320558566250 379 0 -0 0 90004
4971760206200 380 0 -0 0 4
5010515577450 380 0 -0 0 10004
5049270948700 380 0 -0 0 20004
5088026319910 380 0 -0 0 30004
5126781691160 380 0 -0 0 40004
5165537062420 380 0 -0 0 50004
5204292433560 380 0 -0 0 60004
5243047804880 380 0 -0 0 70004
5281803194980 380 0 -0 0 80004
5320558566250 380 0 -0 0 90004
4971760206200 381 0 -0 0 4
5010515577450 381 0 -0 0 10004
5049270948700 381 0 -0 0 20004
5088026319910 381 0 -0 0 30004
5126781691160 381 0 -0 0 40004
5165537062420 381 0 -0 0 50004
5204292433560 381 0 -0 0 60004
5243047804880 381 0 -0 0 70004
5281803194980 381 0 -0 0 80004
5320558566250 381 0 -0 0 90004
4971760206200 382 0 -0 0 4
5010515577450 382 0 -0 0 10004
5049270948700 382 0 -0 0 20004
5088026319910 382 0 -0 0 30004
5126781691160 382 0 -0 0 40004
5165537062420 382 0 -0 0 50004
5204292433560 382 0 -0 0 60004
5243047804880 382 0 -0 0 70004
5281803194980 382 0 -0 0 80004
5320558566250 382 0 -0 0 90004
4971760206200 383 0 -0 0 4
5010515577450 383 0 -0 0 10004
5049270948700 383 0 -0 0 20004
5088026319910 383 0 -0 0 30004
5126781691160 383 0 -0 0 40004
5165537062420 383 0 -0 0 50004
5204292433560 383 0 -0 0 60004
5243047804880 383 0 -0 0 70004
5281803194980 383 0 -0 0 80004
5320558566250 383 0 -0 0 90004
4971760206200 384 0 -0 0 4
5010515577450 384 0 -0 0 10004
5049270948700 384 0 -0 0 20004
5088026319910 384 0 -0 0 30004
5126781691160 384 0 -0 0 40004
5165537062420 384 0 -0 0 50004
5204292433560 384 0 -0 0 60004
5243047804880 384 0 -0 0 70004
5281803194980 384 0 -0 0 80004
5320558566250 384 0 -0 0 90004
4971760206200 385 0 -0 0 4
5010515577450 385 0 -0 0 10004
5049270948700 385 0 -0 0 20004
5088026319910 385 0 -0 0 30004
5126781691160 385 0 -0 0 40004
5165537062420 385 0 -0 0 50004
5204292433560 385 0 -0 0 60004
5243047804880 385 0 -0 0 70004
5281803194980 385 0 -0 0 80004
5320558566250 385 0 -0 0 90004
4971760206200 386 0 -0 0 4
5010515577450 386 0 -0 0 10004
5049270948700 386 0 -0 0 20004
5088026319910 386 0 -0 0 30004
5126781691160 386 0 -0 0 40004
5165537062420 386 0 -0 0 50004
5204292433560 386 0 -0 0 60004
5243047804880 386 0 -0 0 70004
5281803194980 386 0 -0 0 80004
5320558566250 386 0 -0 0 90004
4971760206200 387 0 -0 0 4
5010515577450 387 0 -0 0 10004
5049270948700 387 0 -0 0 20004
5088026319910 387 0 -0 0 30004
5126781691160 387 0 -0 0 40004
5165537062420 387 0 -0 0 50004
5204292433560 387 0 -0 0 60004
5243047804880 387 0 -0 0 70004
5281803194980 387 0 -0 0 80004
5320558566250 387 0 -0 0 90004
4971760206200 388 0 -0 0 4
5010515577450 388 0 -0 0 10004
5049270948700 388 0 -0 0 20004
5088026319910 388 0 -0 0 30004
5126781691160 388 0 -0 0 40004
5165537062420 388 0 -0 0 50004
5204292433560 388 0 -0 0 60004
5243047804880 388 0 -0 0 70004
5281803194980 388 0 -0 0 80004
5320558566250 388 0 -0 0 90004
4971760206200 389 0 -0 0 4
5010515577450 389 0 -0 0 10004
5049270948700 389 0 -0 0 20004
5088026319910 389 0 -0 0 30004
5126781691160 389 0 -0 0 40004
5165537062420 389 0 -0 0 50004
5204292433560 389 0 -0 0 60004
5243047804880 389 0 -0 0 70004
5281803194980 389 0 -0 0 80004
5320558566250 389 0 -0 0 90004
4971760206200 390 0 -0 0 4
5010515577450 390 0 -0 0 10004
5049270948700 390 0 -0 0 20004
5088026319910 390 0 -0 0 30004
5126781691160 390 0 -0 0 40004
5165537062420 390 0 -0 0 50004
5204292433560 390 0 -0 0 60004
5243047804880 390 0 -0 0 70004
5281803194980 390 0 -0 0 80004
5320558566250 390 0 -0 0 90004
4971760206200 391 0 -0 0 4
5010515577450 391 0 -0 0 10004
5049270948700 391 0 -0 0 20004
5088026319910 391 0 -0 0 30004
5126781691160 391 0 -0 0 40004
5165537062420 391 0 -0 0 50004
5204292433560 391 0 -0 0 60004
5243047804880 391 0 -0 0 70004
5281803194980 391 0 -0 0 80004
5320558566250 391 0 -0 0 90004
4971760206200 392 0 -0 0 4
5010515577450 392 0 -0 0 10004
5049270948700 392 0 -0 0 20004
5088026319910 392 0 -0 0 30004
5126781691160 392 0 -0 0 40004
5165537062420 392 0 -0 0 50004
5204292433560 392 0 -0 0 60004
5243047804880 392 0 -0 0 70004
5281803194980 392 0 -0 0 80004
5320558566250 392 0 -0 0 90004
4971760206200 393 0 -0 0 4
5010515577450 393 0 -0 0 10004
5049270948700 393 0 -0 0 20004
5088026319910 393 0 -0 0 30004
5126781691160 393 0 -0 0 40004
5165537062420 393 0 -0 0 50004
5204292433560 393 0 -0 0 60004
5243047804880 393 0 -0 0 70004
5281803194980 393 0 -0 0 80004
5320558566250 393 0 -0 0 90004
4971760206200 394 0 -0 0 4
5010515577450 394 0 -0 0 10004
5049270948700 394 0 -0 0 20004
5088026319910 394 0 -0 0 30004
5126781691160 394 0 -0 0 40004
5165537062420 394 0 -0 0 50004
5204292433560 394 0 -0 0 60004
5243047804880 394 0 -0 0 70004
5281803194980 394 0 -0 0 80004
5320558566250 394 0 -0 0 90004
4971760206200 395 0 -0 0 4
5010515577450 395 0 -0 0 10004
5049270948700 395 0 -0 0 20004
5088026319910 395 0 -0 0 30004
5126781691160 395 0 -0 0 40004
5165537062420 395 0 -0 0 50004
5204292433560 395 0 -0 0 60004
5243047804880 395 0 -0 0 70004
5281803194980 395 0 -0 0 80004
5320558566250 395 0 -0 0 90004
4971760206200 396 0 -0 0 4
5010515577450 396 0 -0 0 10004
5049270948700 396 0 -0 0 20004
5088026319910 396 0 -0 0 30004
5126781691160 396 0 -0 0 40004
5165537062420 396 0 -0 0 50004
5204292433560 396 0 -0 0 60004
5243047804880 396 0 -0 0 70004
5281803194980 396 0 -0 0 80004
5320558566250 396 0 -0 0 90004
4971760206200 397 0 -0 0 4
5010515577450 397 0 -0 0 10004
5049270948700 397 0 -0 0 20004
5088026319910 397 0 -0 0 30004
5126781691160 397 0 -0 0 40004
5165537062420 397 0 -0 0 50004
5204292433560 397 0 -0 0 60004
5243047804880 397 0 -0 0 70004
5281803194980 397 0 -0 0 80004
5320558566250 397 0 -0 0 90004
4971760206200 398 0 -0 0 4
5010515577450 398 0 -0 0 10004
5049270948700 398 0 -0 0 20004
5088026319910 398 0 -0 0 30004
5126781691160 398 0 -0 0 40004
5165537062420 398 0 -0 0 50004
5204292433560 398 0 -0 0 60004
5243047804880 398 0 -0 0 70004
5281803194980 398 0 -0 0 80004
5320558566250 398 0 -0 0 90004
4971760206200 399 0 -0 0 4
5010515577450 399 0 -0 0 10004
5049270948700 399 0 -0 0 20004
5088026319910 399 0 -0 0 30004
5126781691160 399 0 -0 0 40004
5165537062420 399 0 -0 0 50004
5204292433560 399 0 -0 0 60004
5243047804880 399 0 -0 0 70004
5281803194980 399 0 -0 0 80004
5320558566250 399 0 -0 0 90004
4971760206200 400 0 -0 0 4
5010515577450 400 0 -0 0 10004
5049270948700 400 0 -0 0 20004
5088026319910 400 0 -0 0 30004
5126781691160 400 0 -0 0 40004
5165537062420 400 0 -0 0 50004
5204292433560 400 0 -0 0 60004
5243047804880 400 0 -0 0 70004
5281803194980 400 0 -0 0 80004
5320558566250 400 0 -0 0 90004
4971760206200 401 0 -0 0 4
5010515577450 401 0 -0 0 10004
5049270948700 401 0 -0 0 20004
5088026319910 401 0 -0 0 30004
5126781691160 401 0 -0 0 40004
5165537062420 401 0 -0 0 50004
5204292433560 401 0 -0 0 60004
5243047804880 401 0 -0 0 70004
5281803194980 401 0 -0 0 80004
5320558566250 401 0 -0 0 90004
4971760206200 402 0 -0 0 4
5010515577450 402 0 -0 0 10004
5049270948700 402 0 -0 0 20004
5088026319910 402 0 -0 0 30004
5126781691160 402 0 -0 0 40004
5165537062420 402 0 -0 0 50004
5204292433560 402 0 -0 0 60004
5243047804880 402 0 -0 0 70004
5281803194980 402 0 -0 0 80004
5320558566250 402 0 -0 0 90004
4971760206200 403 0 -0 0 4
5010515577450 403 0 -0 0 10004
5049270948700 403 0 -0 0 20004
5088026319910 403 0 -0 0 30004
5126781691160 403 0 -0 0 40004
5165537062420 403 0 -0 0 50004
5204292433560 403 0 -0 0 60004
5243047804880 403 0 -0 0 70004
5281803194980 403 0 -0 0 80004
5320558566250 403 0 -0 0 90004
4971760206200 404 0 -0 0 4
5010515577450 404 0 -0 0 10004
5049270948700 404 0 -0 0 20004
5088026319910 404 0 -0 0 30004
5126781691160 404 0 -0 0 40004
5165537062420 404 0 -0 0 50004
5204292433560 404 0 -0 0 60004
5243047804880 404 0 -0 0 70004
5281803194980 404 0 -0 0 80004
5320558566250 404 0 -0 0 90004
4971760206200 405 0 -0 0 4
5010515577450 405 0 -0 0 10004
5049270948700 405 0 -0 0 20004
5088026319910 405 0 -0 0 30004
5126781691160 405 0 -0 0 40004
5165537062420 405 0 -0 0 50004
5204292433560 405 0 -0 0 60004
5243047804880 405 0 -0 0 70004
5281803194980 405 0 -0 0 80004
5320558566250 405 0 -0 0 90004
4971760206200 406 0 -0 0 4
5010515577450 406 0 -0 0 10004
5049270948700 406 0 -0 0 20004
5088026319910 406 0 -0 0 30004
5126781691160 406 0 -0 0 40004
5165537062420 406 0 -0 0 50004
5204292433560 406 0 -0 0 60004
5243047804880 406 0 -0 0 70004
5281803194980 406 0 -0 0 80004
5320558566250 406 0 -0 0 90004
4971760206200 407 0 -0 0 4
5010515577450 407 0 -0 0 10004
5049270948700 407 0 -0 0 20004
5088026319910 407 0 -0 0 30004
5126781691160 407 0 -0 0 40004
5165537062420 407 0 -0 0 50004
5204292433560 407 0 -0 0 60004
5243047804880 407 0 -0 0 70004
5281803194980 407 0 -0 0 80004
5320558566250 407 0 -0 0 90004
4971760206200 408 0 -0 0 4
5010515577450 408 0 -0 0 10004
5049270948700 408 0 -0 0 20004
5088026319910 408 0 -0 0 30004
5126781691160 408 0 -0 0 40004
5165537062420 408 0 -0 0 50004
5204292433560 408 0 -0 0 60004
5243047804880 408 0 -0 0 70004
5281803194980 408 0 -0 0 80004
5320558566250 408 0 -0 0 90004
4971760206200 409 0 -0 0 4
5010515577450 409 0 -0 0 10004
5049270948700 409 0 -0 0 20004
5088026319910 409 0 -0 0 30004
5126781691160 409 0 -0 0 40004
5165537062420 409 0 -0 0 50004
5204292433560 409 0 -0 0 60004
5243047804880 409 0 -0 0 70004
5281803194980 409 0 -0 0 80004
5320558566250 409 0 -0 0 90004
4971760206200 410 0 -0 0 4
5010515577450 410 0 -0 0 10004
5049270948700 410 0 -0 0 20004
5088026319910 410 0 -0 0 30004
5126781691160 410 0 -0 0 40004
5165537062420 410 0 -0 0 50004
5204292433560 410 0 -0 0 60004
5243047804880 410 0 -0 0 70004
5281803194980 410 0 -0 0 80004
5320558566250 410 0 -0 0 90004
4971760206200 411 0 -0 0 4
5010515577450 411 0 -0 0 10004
5049270948700 411 0 -0 0 20004
5088026319910 411 0 -0 0 30004
5126781691160 411 0 -0 0 40004
5165537062420 411 0 -0 0 50004
5204292433560 411 0 -0 0 60004
5243047804880 411 0 -0 0 70004
5281803194980 411 0 -0 0 80004
5320558566250 411 0 -0 0 90004
4971760206200 412 0 -0 0 4
5010515577450 412 0 -0 0 10004
5049270948700 412 0 -0 0 20004
5088026319910 412 0 -0 0 30004
5126781691160 412 0 -0 0 40004
5165537062420 412 0 -0 0 50004
5204292433560 412 0 -0 0 60004
5243047804880 412 0 -0 0 70004
5281803194980 412 0 -0 0 80004
5320558566250 412 0 -0 0 90004
4971760206200 413 0 -0 0 4
5010515577450 413 0 -0 0 10004
5049270948700 413 0 -0 0 20004
5088026319910 413 0 -0 0 30004
5126781691160 413 0 -0 0 40004
5165537062420 413 0 -0 0 50004
5204292433560 413 0 -0 0 60004
5243047804880 413 0 -0 0 70004
5281803194980 413 0 -0 0 80004
5320558566250 413 0 -0 0 90004
4971760206200 414 0 -0 0 4
5010515577450 414 0 -0 0 10004
5049270948700 414 0 -0 0 20004
5088026319910 414 0 -0 0 30004
5126781691160 414 0 -0 0 40004
5165537062420 414 0 -0 0 50004
5204292433560 414 0 -0 0 60004
5243047804880 414 0 -0 0 70004
5281803194980 414 0 -0 0 80004
5320558566250 414 0 -0 0 90004
4971760206200 415 0 -0 0 4
5010515577450 415 0 -0 0 10004
5049270948700 415 0 -0 0 20004
5088026319910 415 0 -0 0 30004
5126781691160 415 0 -0 0 40004
5165537062420 415 0 -0 0 50004
5204292433560 415 0 -0 0 60004
5243047804880 415 0 -0 0 70004
5281803194980 415 0 -0 0 80004
5320558566250 415 0 -0 0 90004
4971760206200 416 0 -0 0 4
5010515577450 416 0 -0 0 10004
5049270948700 416 0 -0 0 20004
5088026319910 416 0 -0 0 30004
5126781691160 416 0 -0 0 40004
5165537062420 416 0 -0 0 50004
5204292433560 416 0 -0 0 60004
5243047804880 416 0 -0 0 70004
5281803194980 416 0 -0 0 80004
5320558566250 416 0 -0 0 90004
4971760206200 417 0 -0 0 4
5010515577450 417 0 -0 0 10004
5049270948700 417 0 -0 0 20004
5088026319910 417 0 -0 0 30004
5126781691160 417 0 -0 0 40004
5165537062420 417 0 -0 0 50004
5204292433560 417 0 -0 0 60004
5243047804880 417 0 -0 0 70004
5281803194980 417 0 -0 0 80004
5320558566250 417 0 -0 0 90004
4971760206200 418 0 -0 0 4
5010515577450 418 0 -0 0 10004
5049270948700 418 0 -0 0 20004
5088026319910 418 0 -0 0 30004
5126781691160 418 0 -0 0 40004
5165537062420 418 0 -0 0 50004
5204292433560 418 0 -0 0 60004
5243047804880 418 0 -0 0 70004
5281803194980 418 0 -0 0 80004
5320558566250 418 0 -0 0 90004
4971760206200 419 0 -0 0 4
5010515577450 419 0 -0 0 10004
5049270948700 419 0 -0 0 20004
5088026319910 419 0 -0 0 30004
5126781691160 419 0 -0 0 40004
5165537062420 419 0 -0 0 50004
5204292433560 419 0 -0 0 60004
5243047804880 419 0 -0 0 70004
5281803194980 419 0 -0 0 80004
5320558566250 419 0 -0 0 90004
4971760206200 420 0 -0 0 4
5010515577450 420 0 -0 0 10004
5049270948700 420 0 -0 0 20004
5088026319910 420 0 -0 0 30004
5126781691160 420 0 -0 0 40004
5165537062420 420 0 -0 0 50004
5204292433560 420 0 -0 0 60004
5243047804880 420 0 -0 0 70004
5281803194980 420 0 -0 0 80004
5320558566250 420 0 -0 0 90004
4971760206200 421 0 -0 0 4
5010515577450 421 0 -0 0 10004
5049270948700 421 0 -0 0 20004
5088026319910 421 0 -0 0 30004
5126781691160 421 0 -0 0 40004
5165537062420 421 0 -0 0 50004
5204292433560 421 0 -0 0 60004
5243047804880 421 0 -0 0 70004
5281803194980 421 0 -0 0 80004
5320558566250 421 0 -0 0 90004
4971760206200 422 0 -0 0 4
5010515577450 422 0 -0 0 10004
5049270948700 422 0 -0 0 20004
5088026319910 422 0 -0 0 30004
5126781691160 422 0 -0 0 40004
5165537062420 422 0 -0 0 50004
5204292433560 422 0 -0 0 60004
5243047804880 422 0 -0 0 70004
5281803194980 422 0 -0 0 80004
5320558566250 422 0 -0 0 90004
4971760206200 423 0 -0 0 4
5010515577450 423 0 -0 0 10004
5049270948700 423 0 -0 0 20004
5088026319910 423 0 -0 0 30004
5126781691160 423 0 -0 0 40004
5165537062420 423 0 -0 0 50004
5204292433560 423 0 -0 0 60004
5243047804880 423 0 -0 0 70004
5281803194980 423 0 -0 0 80004
5320558566250 423 0 -0 0 90004
4971760206200 424 0 -0 0 4
5010515577450 424 0 -0 0 10004
5049270948700 424 0 -0 0 20004
5088026319910 424 0 -0 0 30004
5126781691160 424 0 -0 0 40004
5165537062420 424 0 -0 0 50004
5204292433560 424 0 -0 0 60004
5243047804880 424 0 -0 0 70004
5281803194980 424 0 -0 0 80004
5320558566250 424 0 -0 0 90004
4971760206200 425 0 -0 0 4
5010515577450 425 0 -0 0 10004
5049270948700 425 0 -0 0 20004
5088026319910 425 0 -0 0 30004
5126781691160 425 0 -0 0 40004
5165537062420 425 0 -0 0 50004
5204292433560 425 0 -0 0 60004
5243047804880 425 0 -0 0 70004
5281803194980 425 0 -0 0 80004
5320558566250 425 0 -0 0 90004
4971760206200 426 0 -0 0 4
5010515577450 426 0 -0 0 10004
5049270948700 426 0 -0 0 20004
5088026319910 426 0 -0 0 30004
5126781691160 426 0 -0 0 40004
5165537062420 426 0 -0 0 50004
5204292433560 426 0 -0 0 60004
5243047804880 426 0 -0 0 70004
5281803194980 426 0 -0 0 80004
5320558566250 426 0 -0 0 90004
4971760206200 427 0 -0 0 4
5010515577450 427 0 -0 0 10004
5049270948700 427 0 -0 0 20004
5088026319910 427 0 -0 0 30004
5126781691160 427 0 -0 0 40004
5165537062420 427 0 -0 0 50004
5204292433560 427 0 -0 0 60004
5243047804880 427 0 -0 0 70004
5281803194980 427 0 -0 0 80004
5320558566250 427 0 -0 0 90004
4971760206200 428 0 -0 0 4
5010515577450 428 0 -0 0 10004
5049270948700 428 0 -0 0 20004
5088026319910 428 0 -0 0 30004
5126781691160 428 0 -0 0 40004
5165537062420 428 0 -0 0 50004
5204292433560 428 0 -0 0 60004
5243047804880 428 0 -0 0 70004
5281803194980 428 0 -0 0 80004
5320558566250 428 0 -0 0 90004
4971760206200 429 0 -0 0 4
5010515577450 429 0 -0 0 10004
5049270948700 429 0 -0 0 20004
5088026319910 429 0 -0 0 30004
5126781691160 429 0 -0 0 40004
5165537062420 429 0 -0 0 50004
5204292433560 429 0 -0 0 60004
5243047804880 429 0 -0 0 70004
5281803194980 429 0 -0 0 80004
5320558566250 429 0 -0 0 90004
4971760206200 430 0 -0 0 4
5010515577450 430 0 -0 0 10004
5049270948700 430 0 -0 0 20004
5088026319910 430 0 -0 0 30004
5126781691160 430 0 -0 0 40004
5165537062420 430 0 -0 0 50004
5204292433560 430 0 -0 0 60004
5243047804880 430 0 -0 0 70004
5281803194980 430 0 -0 0 80004
5320558566250 430 0 -0 0 90004
4971760206200 431 0 -0 0 4
5010515577450 431 0 -0 0 10004
5049270948700 431 0 -0 0 20004
5088026319910 431 0 -0 0 30004
5126781691160 431 0 -0 0 40004
5165537062420 431 0 -0 0 50004
5204292433560 431 0 -0 0 60004
5243047804880 431 0 -0 0 70004
5281803194980 431 0 -0 0 80004
5320558566250 431 0 -0 0 90004
4971760206200 432 0 -0 0 4
5010515577450 432 0 -0 0 10004
5049270948700 432 0 -0 0 20004
5088026319910 432 0 -0 0 30004
5126781691160 432 0 -0 0 40004
5165537062420 432 0 -0 0 50004
5204292433560 432 0 -0 0 60004
5243047804880 432 0 -0 0 70004
5281803194980 432 0 -0 0 80004
5320558566250 432 0 -0 0 90004
4971760206200 433 0 -0 0 4
5010515577450 433 0 -0 0 10004
5049270948700 433 0 -0 0 20004
5088026319910 433 0 -0 0 30004
5126781691160 433 0 -0 0 40004
5165537062420 433 0 -0 0 50004
5204292433560 433 0 -0 0 60004
5243047804880 433 0 -0 0 70004
5281803194980 433 0 -0 0 80004
5320558566250 433 0 -0 0 90004
4971760206200 434 0 -0 0 4
5010515577450 434 0 -0 0 10004
5049270948700 434 0 -0 0 20004
5088026319910 434 0 -0 0 30004
5126781691160 434 0 -0 0 40004
5165537062420 434 0 -0 0 50004
5204292433560 434 0 -0 0 60004
5243047804880 434 0 -0 0 70004
5281803194980 434 0 -0 0 80004
5320558566250 434 0 -0 0 90004
4971760206200 435 0 -0 0 4
5010515577450 435 0 -0 0 10004
5049270948700 435 0 -0 0 20004
5088026319910 435 0 -0 0 30004
5126781691160 435 0 -0 0 40004
5165537062420 435 0 -0 0 50004
5204292433560 435 0 -0 0 60004
5243047804880 435 0 -0 0 70004
5281803194980 435 0 -0 0 80004
5320558566250 435 0 -0 0 90004
4971760206200 436 0 -0 0 4
5010515577450 436 0 -0 0 10004
5049270948700 436 0 -0 0 20004
5088026319910 436 0 -0 0 30004
5126781691160 436 0 -0 0 40004
5165537062420 436 0 -0 0 50004
5204292433560 436 0 -0 0 60004
5243047804880 436 0 -0 0 70004
5281803194980 436 0 -0 0 80004
5320558566250 436 0 -0 0 90004
4971760206200 437 0 -0 0 4
5010515577450 437 0 -0 0 10004
5049270948700 437 0 -0 0 20004
5088026319910 437 0 -0 0 30004
5126781691160 437 0 -0 0 40004
5165537062420 437 0 -0 0 50004
5204292433560 437 0 -0 0 60004
5243047804880 437 0 -0 0 70004
5281803194980 437 0 -0 0 80004
5320558566250 437 0 -0 0 90004
4971760206200 438 0 -0 0 4
5010515577450 438 0 -0 0 10004
5049270948700 438 0 -0 0 20004
5088026319910 438 0 -0 0 30004
5126781691160 438 0 -0 0 40004
5165537062420 438 0 -0 0 50004
5204292433560 438 0 -0 0 60004
5243047804880 438 0 -0 0 70004
5281803194980 438 0 -0 0 80004
5320558566250 438 0 -0 0 90004
4971760206200 439 0 -0 0 4
5010515577450 439 0 -0 0 10004
5049270948700 439 0 -0 0 20004
5088026319910 439 0 -0 0 30004
5126781691160 439 0 -0 0 40004
5165537062420 439 0 -0 0 50004
5204292433560 439 0 -0 0 60004
5243047804880 439 0 -0 0 70004
5281803194980 439 0 -0 0 80004
5320558566250 439 0 -0 0 90004
4971760206200 440 0 -0 0 4
5010515577450 440 0 -0 0 10004
5049270948700 440 0 -0 0 20004
5088026319910 440 0 -0 0 30004
5126781691160 440 0 -0 0 40004
5165537062420 440 0 -0 0 50004
5204292433560 440 0 -0 0 60004
5243047804880 440 0 -0 0 70004
5281803194980 440 0 -0 0 80004
5320558566250 440 0 -0 0 90004
4971760206200 441 0 -0 0 4
5010515577450 441 0 -0 0 10004
5049270948700 441 0 -0 0 20004
5088026319910 441 0 -0 0 30004
5126781691160 441 0 -0 0 40004
5165537062420 441 0 -0 0 50004
5204292433560 441 0 -0 0 60004
5243047804880 441 0 -0 0 70004
5281803194980 441 0 -0 0 80004
5320558566250 441 0 -0 0 90004
4971760206200 442 0 -0 0 4
5010515577450 442 0 -0 0 10004
5049270948700 442 0 -0 0 20004
5088026319910 442 0 -0 0 30004
5126781691160 442 0 -0 0 40004
5165537062420 442 0 -0 0 50004
5204292433560 442 0 -0 0 60004
5243047804880 442 0 -0 0 70004
5281803194980 442 0 -0 0 80004
5320558566250 442 0 -0 0 90004
4971760206200 443 0 -0 0 4
5010515577450 443 0 -0 0 10004
5049270948700 443 0 -0 0 20004
5088026319910 443 0 -0 0 30004
5126781691160 443 0 -0 0 40004
5165537062420 443 0 -0 0 50004
5204292433560 443 0 -0 0 60004
5243047804880 443 0 -0 0 70004
5281803194980 443 0 -0 0 80004
5320558566250 443 0 -0 0 90004
4971760206200 444 0 -0 0 4
5010515577450 444 0 -0 0 10004
5049270948700 444 0 -0 0 20004
5088026319910 444 0 -0 0 30004
5126781691160 444 0 -0 0 40004
5165537062420 444 0 -0 0 50004
5204292433560 444 0 -0 0 60004
5243047804880 444 0 -0 0 70004
5281803194980 444 0 -0 0 80004
5320558566250 444 0 -0 0 90004
4971760206200 445 0 -0 0 4
5010515577450 445 0 -0 0 10004
5049270948700 445 0 -0 0 20004
5088026319910 445 0 -0 0 30004
5126781691160 445 0 -0 0 40004
5165537062420 445 0 -0 0 50004
5204292433560 445 0 -0 0 60004
5243047804880 445 0 -0 0 70004
5281803194980 445 0 -0 0 80004
5320558566250 445 0 -0 0 90004
4971760206200 446 0 -0 0 4
5010515577450 446 0 -0 0 10004
5049270948700 446 0 -0 0 20004
5088026319910 446 0 -0 0 30004
5126781691160 446 0 -0 0 40004
5165537062420 446 0 -0 0 50004
5204292433560 446 0 -0 0 60004
5243047804880 446 0 -0 0 70004
5281803194980 446 0 -0 0 80004
5320558566250 446 0 -0 0 90004
4971760206200 447 0 -0 0 4
5010515577450 447 0 -0 0 10004
5049270948700 447 0 -0 0 20004
5088026319910 447 0 -0 0 30004
5126781691160 447 0 -0 0 40004
5165537062420 447 0 -0 0 50004
5204292433560 447 0 -0 0 60004
5243047804880 447 0 -0 0 70004
5281803194980 447 0 -0 0 80004
5320558566250 447 0 -0 0 90004
4971760206200 448 0 -0 0 4
5010515577450 448 0 -0 0 10004
5049270948700 448 0 -0 0 20004
5088026319910 448 0 -0 0 30004
5126781691160 448 0 -0 0 40004
5165537062420 448 0 -0 0 50004
5204292433560 448 0 -0 0 60004
5243047804880 448 0 -0 0 70004
5281803194980 448 0 -0 0 80004
5320558566250 448 0 -0 0 90004
4971760206200 449 0 -0 0 4
5010515577450 449 0 -0 0 10004
5049270948700 449 0 -0 0 20004
5088026319910 449 0 -0 0 30004
5126781691160 449 0 -0 0 40004
5165537062420 449 0 -0 0 50004
5204292433560 449 0 -0 0 60004
5243047804880 449 0 -0 0 70004
5281803194980 449 0 -0 0 80004
5320558566250 449 0 -0 0 90004
4971760206200 450 0 -0 0 4
5010515577450 450 0 -0 0 10004
5049270948700 450 0 -0 0 20004
5088026319910 450 0 -0 0 30004
5126781691160 450 0 -0 0 40004
5165537062420 450 0 -0 0 50004
5204292433560 450 0 -0 0 60004
5243047804880 450 0 -0 0 70004
5281803194980 450 0 -0 0 80004
5320558566250 450 0 -0 0 90004
4971760206200 451 0 -0 0 4
5010515577450 451 0 -0 0 10004
5049270948700 451 0 -0 0 20004
5088026319910 451 0 -0 0 30004
5126781691160 451 0 -0 0 40004
5165537062420 451 0 -0 0 50004
5204292433560 451 0 -0 0 60004
5243047804880 451 0 -0 0 70004
5281803194980 451 0 -0 0 80004
5320558566250 451 0 -0 0 90004
4971760206200 452 0 -0 0 4
5010515577450 452 0 -0 0 10004
5049270948700 452 0 -0 0 20004
5088026319910 452 0 -0 0 30004
5126781691160 452 0 -0 0 40004
5165537062420 452 0 -0 0 50004
5204292433560 452 0 -0 0 60004
5243047804880 452 0 -0 0 70004
5281803194980 452 0 -0 0 80004
5320558566250 452 0 -0 0 90004
4971760206200 453 0 -0 0 4
5010515577450 453 0 -0 0 10004
5049270948700 453 0 -0 0 20004
5088026319910 453 0 -0 0 30004
5126781691160 453 0 -0 0 40004
5165537062420 453 0 -0 0 50004
5204292433560 453 0 -0 0 60004
5243047804880 453 0 -0 0 70004
5281803194980 453 0 -0 0 80004
5320558566250 453 0 -0 0 90004
4971760206200 454 0 -0 0 4
5010515577450 454 0 -0 0 10004
5049270948700 454 0 -0 0 20004
5088026319910 454 0 -0 0 30004
5126781691160 454 0 -0 0 40004
5165537062420 454 0 -0 0 50004
5204292433560 454 0 -0 0 60004
5243047804880 454 0 -0 0 70004
5281803194980 454 0 -0 0 80004
5320558566250 454 0 -0 0 90004
4971760206200 455 0 -0 0 4
5010515577450 455 0 -0 0 10004
5049270948700 455 0 -0 0 20004
5088026319910 455 0 -0 0 30004
5126781691160 455 0 -0 0 40004
5165537062420 455 0 -0 0 50004
5204292433560 455 0 -0 0 60004
5243047804880 455 0 -0 0 70004
5281803194980 455 0 -0 0 80004
5320558566250 455 0 -0 0 90004
4971760206200 456 0 -0 0 4
5010515577450 456 0 -0 0 10004
5049270948700 456 0 -0 0 20004
5088026319910 456 0 -0 0 30004
5126781691160 456 0 -0 0 40004
5165537062420 456 0 -0 0 50004
5204292433560 456 0 -0 0 60004
5243047804880 456 0 -0 0 70004
5281803194980 456 0 -0 0 80004
5320558566250 456 0 -0 0 90004
4971760206200 457 0 -0 0 4
5010515577450 457 0 -0 0 10004
5049270948700 457 0 -0 0 20004
5088026319910 457 0 -0 0 30004
5126781691160 457 0 -0 0 40004
5165537062420 457 0 -0 0 50004
5204292433560 457 0 -0 0 60004
5243047804880 457 0 -0 0 70004
5281803194980 457 0 -0 0 80004
5320558566250 457 0 -0 0 90004
4971760206200 458 0 -0 0 4
5010515577450 458 0 -0 0 10004
5049270948700 458 0 -0 0 20004
5088026319910 458 0 -0 0 30004
5126781691160 458 0 -0 0 40004
5165537062420 458 0 -0 0 50004
5204292433560 458 0 -0 0 60004
5243047804880 458 0 -0 0 70004
5281803194980 458 0 -0 0 80004
5320558566250 458 0 -0 0 90004
4971760206200 459 0 -0 0 4
5010515577450 459 0 -0 0 10004
5049270948700 459 0 -0 0 20004
5088026319910 459 0 -0 0 30004
5126781691160 459 0 -0 0 40004
5165537062420 459 0 -0 0 50004
5204292433560 459 0 -0 0 60004
5243047804880 459 0 -0 0 70004
5281803194980 459 0 -0 0 80004
5320558566250 459 0 -0 0 90004
4971760206200 460 0 -0 0 4
5010515577450 460 0 -0 0 10004
5049270948700 460 0 -0 0 20004
5088026319910 460 0 -0 0 30004
5126781691160 460 0 -0 0 40004
5165537062420 460 0 -0 0 50004
5204292433560 460 0 -0 0 60004
5243047804880 460 0 -0 0 70004
5281803194980 460 0 -0 0 80004
5320558566250 460 0 -0 0 90004
4971760206200 461 0 -0 0 4
5010515577450 461 0 -0 0 10004
5049270948700 461 0 -0 0 20004
5088026319910 461 0 -0 0 30004
5126781691160 461 0 -0 0 40004
5165537062420 461 0 -0 0 50004
5204292433560 461 0 -0 0 60004
5243047804880 461 0 -0 0 70004
5281803194980 461 0 -0 0 80004
5320558566250 461 0 -0 0 90004
4971760206200 462 0 -0 0 4
5010515577450 462 0 -0 0 10004
5049270948700 462 0 -0 0 20004
5088026319910 462 0 -0 0 30004
5126781691160 462 0 -0 0 40004
5165537062420 462 0 -0 0 50004
5204292433560 462 0 -0 0 60004
5243047804880 462 0 -0 0 70004
5281803194980 462 0 -0 0 80004
5320558566250 462 0 -0 0 90004
4971760206200 463 0 -0 0 4
5010515577450 463 0 -0 0 10004
5049270948700 463 0 -0 0 20004
5088026319910 463 0 -0 0 30004
5126781691160 463 0 -0 0 40004
5165537062420 463 0 -0 0 50004
5204292433560 463 0 -0 0 60004
5243047804880 463 0 -0 0 70004
5281803194980 463 0 -0 0 80004
5320558566250 463 0 -0 0 90004
4971760206200 464 0 -0 0 4
5010515577450 464 0 -0 0 10004
5049270948700 464 0 -0 0 20004
5088026319910 464 0 -0 0 30004
5126781691160 464 0 -0 0 40004
5165537062420 464 0 -0 0 50004
5204292433560 464 0 -0 0 60004
5243047804880 464 0 -0 0 70004
5281803194980 464 0 -0 0 80004
5320558566250 464 0 -0 0 90004
4971760206200 465 0 -0 0 4
5010515577450 465 0 -0 0 10004
5049270948700 465 0 -0 0 20004
5088026319910 465 0 -0 0 30004
5126781691160 465 0 -0 0 40004
5165537062420 465 0 -0 0 50004
5204292433560 465 0 -0 0 60004
5243047804880 465 0 -0 0 70004
5281803194980 465 0 -0 0 80004
5320558566250 465 0 -0 0 90004
4971760206200 466 0 -0 0 4
5010515577450 466 0 -0 0 10004
5049270948700 466 0 -0 0 20004
5088026319910 466 0 -0 0 30004
5126781691160 466 0 -0 0 40004
5165537062420 466 0 -0 0 50004
5204292433560 466 0 -0 0 60004
5243047804880 466 0 -0 0 70004
5281803194980 466 0 -0 0 80004
5320558566250 466 0 -0 0 90004
4971760206200 467 0 -0 0 4
5010515577450 467 0 -0 0 10004
5049270948700 467 0 -0 0 20004
5088026319910 467 0 -0 0 30004
5126781691160 467 0 -0 0 40004
5165537062420 467 0 -0 0 50004
5204292433560 467 0 -0 0 60004
5243047804880 467 0 -0 0 70004
5281803194980 467 0 -0 0 80004
5320558566250 467 0 -0 0 90004
4971760206200 468 0 -0 0 4
5010515577450 468 0 -0 0 10004
5049270948700 468 0 -0 0 20004
5088026319910 468 0 -0 0 30004
5126781691160 468 0 -0 0 40004
5165537062420 468 0 -0 0 50004
5204292433560 468 0 -0 0 60004
5243047804880 468 0 -0 0 70004
5281803194980 468 0 -0 0 80004
5320558566250 468 0 -0 0 90004
4971760206200 469 0 -0 0 4
5010515577450 469 0 -0 0 10004
5049270948700 469 0 -0 0 20004
5088026319910 469 0 -0 0 30004
5126781691160 469 0 -0 0 40004
5165537062420 469 0 -0 0 50004
5204292433560 469 0 -0 0 60004
5243047804880 469 0 -0 0 70004
5281803194980 469 0 -0 0 80004
5320558566250 469 0 -0 0 90004
4971760206200 470 0 -0 0 4
5010515577450 470 0 -0 0 10004
5049270948700 470 0 -0 0 20004
5088026319910 470 0 -0 0 30004
5126781691160 470 0 -0 0 40004
5165537062420 470 0 -0 0 50004
5204292433560 470 0 -0 0 60004
5243047804880 470 0 -0 0 70004
5281803194980 470 0 -0 0 80004
5320558566250 470 0 -0 0 90004
4971760206200 471 0 -0 0 4
5010515577450 471 0 -0 0 10004
5049270948700 471 0 -0 0 20004
5088026319910 471 0 -0 0 30004
5126781691160 471 0 -0 0 40004
5165537062420 471 0 -0 0 50004
5204292433560 471 0 -0 0 60004
5243047804880 471 0 -0 0 70004
5281803194980 471 0 -0 0 80004
5320558566250 471 0 -0 0 90004
4971760206200 472 0 -0 0 4
5010515577450 472 0 -0 0 10004
5049270948700 472 0 -0 0 20004
5088026319910 472 0 -0 0 30004
5126781691160 472 0 -0 0 40004
5165537062420 472 0 -0 0 50004
5204292433560 472 0 -0 0 60004
5243047804880 472 0 -0 0 70004
5281803194980 472 0 -0 0 80004
5320558566250 472 0 -0 0 90004
4971760206200 473 0 -0 0 4
5010515577450 473 0 -0 0 10004
5049270948700 473 0 -0 0 20004
5088026319910 473 0 -0 0 30004
5126781691160 473 0 -0 0 40004
5165537062420 473 0 -0 0 50004
5204292433560 473 0 -0 0 60004
5243047804880 473 0 -0 0 70004
5281803194980 473 0 -0 0 80004
5320558566250 473 0 -0 0 90004
4971760206200 474 0 -0 0 4
5010515577450 474 0 -0 0 10004
5049270948700 474 0 -0 0 20004
5088026319910 474 0 -0 0 30004
5126781691160 474 0 -0 0 40004
5165537062420 474 0 -0 0 50004
5204292433560 474 0 -0 0 60004
5243047804880 474 0 -0 0 70004
5281803194980 474 0 -0 0 80004
5320558566250 474 0 -0 0 90004
4971760206200 475 0 -0 0 4
5010515577450 475 0 -0 0 10004
5049270948700 475 0 -0 0 20004
5088026319910 475 0 -0 0 30004
5126781691160 475 0 -0 0 40004
5165537062420 475 0 -0 0 50004
5204292433560 475 0 -0 0 60004
5243047804880 475 0 -0 0 70004
5281803194980 475 0 -0 0 80004
5320558566250 475 0 -0 0 90004
4971760206200 476 0 -0 0 4
5010515577450 476 0 -0 0 10004
5049270948700 476 0 -0 0 20004
5088026319910 476 0 -0 0 30004
5126781691160 476 0 -0 0 40004
5165537062420 476 0 -0 0 50004
5204292433560 476 0 -0 0 60004
5243047804880 476 0 -0 0 70004
5281803194980 476 0 -0 0 80004
5320558566250 476 0 -0 0 90004
4971760206200 477 0 -0 0 4
5010515577450 477 0 -0 0 10004
5049270948700 477 0 -0 0 20004
5088026319910 477 0 -0 0 30004
5126781691160 477 0 -0 0 40004
5165537062420 477 0 -0 0 50004
5204292433560 477 0 -0 0 60004
5243047804880 477 0 -0 0 70004
5281803194980 477 0 -0 0 80004
5320558566250 477 0 -0 0 90004
4971760206200 478 0 -0 0 4
5010515577450 478 0 -0 0 10004
5049270948700 478 0 -0 0 20004
5088026319910 478 0 -0 0 30004
5126781691160 478 0 -0 0 40004
5165537062420 478 0 -0 0 50004
5204292433560 478 0 -0 0 60004
5243047804880 478 0 -0 0 70004
5281803194980 478 0 -0 0 80004
5320558566250 478 0 -0 0 90004
4971760206200 479 0 -0 0 4
5010515577450 479 0 -0 0 10004
5049270948700 479 0 -0 0 20004
5088026319910 479 0 -0 0 30004
5126781691160 479 0 -0 0 40004
5165537062420 479 0 -0 0 50004
5204292433560 479 0 -0 0 60004
5243047804880 479 0 -0 0 70004
5281803194980 479 0 -0 0 80004
5320558566250 479 0 -0 0 90004
4971760206200 480 0 -0 0 4
5010515577450 480 0 -0 0 10004
5049270948700 480 0 -0 0 20004
5088026319910 480 0 -0 0 30004
5126781691160 480 0 -0 0 40004
5165537062420 480 0 -0 0 50004
5204292433560 480 0 -0 0 60004
5243047804880 480 0 -0 0 70004
5281803194980 480 0 -0 0 80004
5320558566250 480 0 -0 0 90004
4971760206200 481 0 -0 0 4
5010515577450 481 0 -0 0 10004
5049270948700 481 0 -0 0 20004
5088026319910 481 0 -0 0 30004
5126781691160 481 0 -0 0 40004
5165537062420 481 0 -0 0 50004
5204292433560 481 0 -0 0 60004
5243047804880 481 0 -0 0 70004
5281803194980 481 0 -0 0 80004
5320558566250 481 0 -0 0 90004
4971760206200 482 0 -0 0 4
5010515577450 482 0 -0 0 10004
5049270948700 482 0 -0 0 20004
5088026319910 482 0 -0 0 30004
5126781691160 482 0 -0 0 40004
5165537062420 482 0 -0 0 50004
5204292433560 482 0 -0 0 60004
5243047804880 482 0 -0 0 70004
5281803194980 482 0 -0 0 80004
5320558566250 482 0 -0 0 90004
4971760206200 483 0 -0 0 4
5010515577450 483 0 -0 0 10004
5049270948700 483 0 -0 0 20004
5088026319910 483 0 -0 0 30004
5126781691160 483 0 -0 0 40004
5165537062420 483 0 -0 0 50004
5204292433560 483 0 -0 0 60004
5243047804880 483 0 -0 0 70004
5281803194980 483 0 -0 0 80004
5320558566250 483 0 -0 0 90004
4971760206200 484 0 -0 0 4
5010515577450 484 0 -0 0 10004
5049270948700 484 0 -0 0 20004
5088026319910 484 0 -0 0 30004
5126781691160 484 0 -0 0 40004
5165537062420 484 0 -0 0 50004
5204292433560 484 0 -0 0 60004
5243047804880 484 0 -0 0 70004
5281803194980 484 0 -0 0 80004
5320558566250 484 0 -0 0 90004
4971760206200 485 0 -0 0 4
5010515577450 485 0 -0 0 10004
5049270948700 485 0 -0 0 20004
5088026319910 485 0 -0 0 30004
5126781691160 485 0 -0 0 40004
5165537062420 485 0 -0 0 50004
5204292433560 485 0 -0 0 60004
5243047804880 485 0 -0 0 70004
5281803194980 485 0 -0 0 80004
5320558566250 485 0 -0 0 90004
4971760206200 486 0 -0 0 4
5010515577450 486 0 -0 0 10004
5049270948700 486 0 -0 0 20004
5088026319910 486 0 -0 0 30004
5126781691160 486 0 -0 0 40004
5165537062420 486 0 -0 0 50004
5204292433560 486 0 -0 0 60004
5243047804880 486 0 -0 0 70004
5281803194980 486 0 -0 0 80004
5320558566250 486 0 -0 0 90004
4971760206200 487 0 -0 0 4
5010515577450 487 0 -0 0 10004
5049270948700 487 0 -0 0 20004
5088026319910 487 0 -0 0 30004
5126781691160 487 0 -0 0 40004
5165537062420 487 0 -0 0 50004
5204292433560 487 0 -0 0 60004
5243047804880 487 0 -0 0 70004
5281803194980 487 0 -0 0 80004
5320558566250 487 0 -0 0 90004
4971760206200 488 0 -0 0 4
5010515577450 488 0 -0 0 10004
5049270948700 488 0 -0 0 20004
5088026319910 488 0 -0 0 30004
5126781691160 488 0 -0 0 40004
5165537062420 488 0 -0 0 50004
5204292433560 488 0 -0 0 60004
5243047804880 488 0 -0 0 70004
5281803194980 488 0 -0 0 80004
5320558566250 488 0 -0 0 90004
4971760206200 489 0 -0 0 4
5010515577450 489 0 -0 0 10004
5049270948700 489 0 -0 0 20004
5088026319910 489 0 -0 0 30004
5126781691160 489 0 -0 0 40004
5165537062420 489 0 -0 0 50004
5204292433560 489 0 -0 0 60004
5243047804880 489 0 -0 0 70004
5281803194980 489 0 -0 0 80004
5320558566250 489 0 -0 0 90004
4971760206200 490 0 -0 0 4
5010515577450 490 0 -0 0 10004
5049270948700 490 0 -0 0 20004
5088026319910 490 0 -0 0 30004
5126781691160 490 0 -0 0 40004
5165537062420 490 0 -0 0 50004
5204292433560 490 0 -0 0 60004
5243047804880 490 0 -0 0 70004
5281803194980 490 0 -0 0 80004
5320558566250 490 0 -0 0 90004
4971760206200 491 0 -0 0 4
5010515577450 491 0 -0 0 10004
5049270948700 491 0 -0 0 20004
5088026319910 491 0 -0 0 30004
5126781691160 491 0 -0 0 40004
5165537062420 491 0 -0 0 50004
5204292433560 491 0 -0 0 60004
5243047804880 491 0 -0 0 70004
5281803194980 491 0 -0 0 80004
5320558566250 491 0 -0 0 90004
4971760206200 492 0 -0 0 4
5010515577450 492 0 -0 0 10004
5049270948700 492 0 -0 0 20004
5088026319910 492 0 -0 0 30004
5126781691160 492 0 -0 0 40004
5165537062420 492 0 -0 0 50004
5204292433560 492 0 -0 0 60004
5243047804880 492 0 -0 0 70004
5281803194980 492 0 -0 0 80004
5320558566250 492 0 -0 0 90004
4971760206200 493 0 -0 0 4
5010515577450 493 0 -0 0 10004
5049270948700 493 0 -0 0 20004
5088026319910 493 0 -0 0 30004
5126781691160 493 0 -0 0 40004
5165537062420 493 0 -0 0 50004
5204292433560 493 0 -0 0 60004
5243047804880 493 0 -0 0 70004
5281803194980 493 0 -0 0 80004
5320558566250 493 0 -0 0 90004
4971760206200 494 0 -0 0 4
5010515577450 494 0 -0 0 10004
5049270948700 494 0 -0 0 20004
5088026319910 494 0 -0 0 30004
5126781691160 494 0 -0 0 40004
5165537062420 494 0 -0 0 50004
5204292433560 494 0 -0 0 60004
5243047804880 494 0 -0 0 70004
5281803194980 494 0 -0 0 80004
5320558566250 494 0 -0 0 90004
4971760206200 495 0 -0 0 4
5010515577450 495 0 -0 0 10004
5049270948700 495 0 -0 0 20004
5088026319910 495 0 -0 0 30004
5126781691160 495 0 -0 0 40004
5165537062420 495 0 -0 0 50004
5204292433560 495 0 -0 0 60004
5243047804880 495 0 -0 0 70004
5281803194980 495 0 -0 0 80004
5320558566250 495 0 -0 0 90004
4971760206200 496 0 -0 0 4
5010515577450 496 0 -0 0 10004
5049270948700 496 0 -0 0 20004
5088026319910 496 0 -0 0 30004
5126781691160 496 0 -0 0 40004
5165537062420 496 0 -0 0 50004
5204292433560 496 0 -0 0 60004
5243047804880 496 0 -0 0 70004
5281803194980 496 0 -0 0 80004
5320558566250 496 0 -0 0 90004
4971760206200 497 0 -0 0 4
5010515577450 497 0 -0 0 10004
5049270948700 497 0 -0 0 20004
5088026319910 497 0 -0 0 30004
5126781691160 497 0 -0 0 40004
5165537062420 497 0 -0 0 50004
5204292433560 497 0 -0 0 60004
5243047804880 497 0 -0 0 70004
5281803194980 497 0 -0 0 80004
5320558566250 497 0 -0 0 90004
4971760206200 498 0 -0 0 4
5010515577450 498 0 -0 0 10004
5049270948700 498 0 -0 0 20004
5088026319910 498 0 -0 0 30004
5126781691160 498 0 -0 0 40004
5165537062420 498 0 -0 0 50004
5204292433560 498 0 -0 0 60004
5243047804880 498 0 -0 0 70004
5281803194980 498 0 -0 0 80004
5320558566250 498 0 -0 0 90004
4971760206200 499 0 -0 0 4
5010515577450 499 0 -0 0 10004
5049270948700 499 0 -0 0 20004
5088026319910 499 0 -0 0 30004
5126781691160 499 0 -0 0 40004
5165537062420 499 0 -0 0 50004
5204292433560 499 0 -0 0 60004
5243047804880 499 0 -0 0 70004
5281803194980 499 0 -0 0 80004
5320558566250 499 0 -0 0 90004
4971760206200 500 0 -0 0 4
5010515577450 500 0 -0 0 10004
5049270948700 500 0 -0 0 20004
5088026319910 500 0 -0 0 30004
5126781691160 500 0 -0 0 40004
5165537062420 500 0 -0 0 50004
5204292433560 500 0 -0 0 60004
5243047804880 500 0 -0 0 70004
5281803194980 500 0 -0 0 80004
5320558566250 500 0 -0 0 90004
4971760206200 501 0 -0 0 4
5010515577450 501 0 -0 0 10004
5049270948700 501 0 -0 0 20004
5088026319910 501 0 -0 0 30004
5126781691160 501 0 -0 0 40004
5165537062420 501 0 -0 0 50004
5204292433560 501 0 -0 0 60004
5243047804880 501 0 -0 0 70004
5281803194980 501 0 -0 0 80004
5320558566250 501 0 -0 0 90004
4971760206200 502 0 -0 0 4
5010515577450 502 0 -0 0 10004
5049270948700 502 0 -0 0 20004
5088026319910 502 0 -0 0 30004
5126781691160 502 0 -0 0 40004
5165537062420 502 0 -0 0 50004
5204292433560 502 0 -0 0 60004
5243047804880 502 0 -0 0 70004
5281803194980 502 0 -0 0 80004
5320558566250 502 0 -0 0 90004
4971760206200 503 0 -0 0 4
5010515577450 503 0 -0 0 10004
5049270948700 503 0 -0 0 20004
5088026319910 503 0 -0 0 30004
5126781691160 503 0 -0 0 40004
5165537062420 503 0 -0 0 50004
5204292433560 503 0 -0 0 60004
5243047804880 503 0 -0 0 70004
5281803194980 503 0 -0 0 80004
5320558566250 503 0 -0 0 90004
4971760206200 504 0 -0 0 4
5010515577450 504 0 -0 0 10004
5049270948700 504 0 -0 0 20004
5088026319910 504 0 -0 0 30004
5126781691160 504 0 -0 0 40004
5165537062420 504 0 -0 0 50004
5204292433560 504 0 -0 0 60004
5243047804880 504 0 -0 0 70004
5281803194980 504 0 -0 0 80004
5320558566250 504 0 -0 0 90004
4971760206200 505 0 -0 0 4
5010515577450 505 0 -0 0 10004
5049270948700 505 0 -0 0 20004
5088026319910 505 0 -0 0 30004
5126781691160 505 0 -0 0 40004
5165537062420 505 0 -0 0 50004
5204292433560 505 0 -0 0 60004
5243047804880 505 0 -0 0 70004
5281803194980 505 0 -0 0 80004
5320558566250 505 0 -0 0 90004
4971760206200 506 0 -0 0 4
5010515577450 506 0 -0 0 10004
5049270948700 506 0 -0 0 20004
5088026319910 506 0 -0 0 30004
5126781691160 506 0 -0 0 40004
5165537062420 506 0 -0 0 50004
5204292433560 506 0 -0 0 60004
5243047804880 506 0 -0 0 70004
5281803194980 506 0 -0 0 80004
5320558566250 506 0 -0 0 90004
4971760206200 507 0 -0 0 4
5010515577450 507 0 -0 0 10004
5049270948700 507 0 -0 0 20004
5088026319910 507 0 -0 0 30004
5126781691160 507 0 -0 0 40004
5165537062420 507 0 -0 0 50004
5204292433560 507 0 -0 0 60004
5243047804880 507 0 -0 0 70004
5281803194980 507 0 -0 0 80004
5320558566250 507 0 -0 0 90004
4971760206200 508 0 -0 0 4
5010515577450 508 0 -0 0 10004
5049270948700 508 0 -0 0 20004
5088026319910 508 0 -0 0 30004
5126781691160 508 0 -0 0 40004
5165537062420 508 0 -0 0 50004
5204292433560 508 0 -0 0 60004
5243047804880 508 0 -0 0 70004
5281803194980 508 0 -0 0 80004
5320558566250 508 0 -0 0 90004
4971760206200 509 0 -0 0 4
5010515577450 509 0 -0 0 10004
5049270948700 509 0 -0 0 20004
5088026319910 509 0 -0 0 30004
5126781691160 509 0 -0 0 40004
5165537062420 509 0 -0 0 50004
5204292433560 509 0 -0 0 60004
5243047804880 509 0 -0 0 70004
5281803194980 509 0 -0 0 80004
5320558566250 509 0 -0 0 90004
4971760206200 510 0 -0 0 4
5010515577450 510 0 -0 0 10004
5049270948700 510 0 -0 0 20004
5088026319910 510 0 -0 0 30004
5126781691160 510 0 -0 0 40004
5165537062420 510 0 -0 0 50004
5204292433560 510 0 -0 0 60004
5243047804880 510 0 -0 0 70004
5281803194980 510 0 -0 0 80004
5320558566250 510 0 -0 0 90004
4971760206200 511 0 -0 0 4
5010515577450 511 0 -0 0 10004
5049270948700 511 0 -0 0 20004
5088026319910 511 0 -0 0 30004
5126781691160 511 0 -0 0 40004
5165537062420 511 0 -0 0 50004
5204292433560 511 0 -0 0 60004
5243047804880 511 0 -0 0 70004
5281803194980 511 0 -0 0 80004
5320558566250 511 0 -0 0 90004
4971760206200 512 0 -0 0 4
5010515577450 512 0 -0 0 10004
5049270948700 512 0 -0 0 20004
5088026319910 512 0 -0 0 30004
5126781691160 512 0 -0 0 40004
5165537062420 512 0 -0 0 50004
5204292433560 512 0 -0 0 60004
5243047804880 512 0 -0 0 70004
5281803194980 512 0 -0 0 80004
5320558566250 512 0 -0 0 90004
4971760206200 513 0 -0 0 4
5010515577450 513 0 -0 0 10004
5049270948700 513 0 -0 0 20004
5088026319910 513 0 -0 0 30004
5126781691160 513 0 -0 0 40004
5165537062420 513 0 -0 0 50004
5204292433560 513 0 -0 0 60004
5243047804880 513 0 -0 0 70004
5281803194980 513 0 -0 0 80004
5320558566250 513 0 -0 0 90004
4971760206200 514 0 -0 0 4
5010515577450 514 0 -0 0 10004
5049270948700 514 0 -0 0 20004
5088026319910 514 0 -0 0 30004
5126781691160 514 0 -0 0 40004
5165537062420 514 0 -0 0 50004
5204292433560 514 0 -0 0 60004
5243047804880 514 0 -0 0 70004
5281803194980 514 0 -0 0 80004
5320558566250 514 0 -0 0 90004
4971760206200 515 0 -0 0 4
5010515577450 515 0 -0 0 10004
5049270948700 515 0 -0 0 20004
5088026319910 515 0 -0 0 30004
5126781691160 515 0 -0 0 40004
5165537062420 515 0 -0 0 50004
5204292433560 515 0 -0 0 60004
5243047804880 515 0 -0 0 70004
5281803194980 515 0 -0 0 80004
5320558566250 515 0 -0 0 90004
4971760206200 516 0 -0 0 4
5010515577450 516 0 -0 0 10004
5049270948700 516 0 -0 0 20004
5088026319910 516 0 -0 0 30004
5126781691160 516 0 -0 0 40004
5165537062420 516 0 -0 0 50004
5204292433560 516 0 -0 0 60004
5243047804880 516 0 -0 0 70004
5281803194980 516 0 -0 0 80004
5320558566250 516 0 -0 0 90004
4971760206200 517 0 -0 0 4
5010515577450 517 0 -0 0 10004
5049270948700 517 0 -0 0 20004
5088026319910 517 0 -0 0 30004
5126781691160 517 0 -0 0 40004
5165537062420 517 0 -0 0 50004
5204292433560 517 0 -0 0 60004
5243047804880 517 0 -0 0 70004
5281803194980 517 0 -0 0 80004
5320558566250 517 0 -0 0 90004
4971760206200 518 0 -0 0 4
5010515577450 518 0 -0 0 10004
5049270948700 518 0 -0 0 20004
5088026319910 518 0 -0 0 30004
5126781691160 518 0 -0 0 40004
5165537062420 518 0 -0 0 50004
5204292433560 518 0 -0 0 60004
5243047804880 518 0 -0 0 70004
5281803194980 518 0 -0 0 80004
5320558566250 518 0 -0 0 90004
4971760206200 519 0 -0 0 4
5010515577450 519 0 -0 0 10004
5049270948700 519 0 -0 0 20004
5088026319910 519 0 -0 0 30004
5126781691160 519 0 -0 0 40004
5165537062420 519 0 -0 0 50004
5204292433560 519 0 -0 0 60004
5243047804880 519 0 -0 0 70004
5281803194980 519 0 -0 0 80004
5320558566250 519 0 -0 0 90004
4971760206200 520 0 -0 0 4
5010515577450 520 0 -0 0 10004
5049270948700 520 0 -0 0 20004
5088026319910 520 0 -0 0 30004
5126781691160 520 0 -0 0 40004
5165537062420 520 0 -0 0 50004
5204292433560 520 0 -0 0 60004
5243047804880 520 0 -0 0 70004
5281803194980 520 0 -0 0 80004
5320558566250 520 0 -0 0 90004
4971760206200 521 0 -0 0 4
5010515577450 521 0 -0 0 10004
5049270948700 521 0 -0 0 20004
5088026319910 521 0 -0 0 30004
5126781691160 521 0 -0 0 40004
5165537062420 521 0 -0 0 50004
5204292433560 521 0 -0 0 60004
5243047804880 521 0 -0 0 70004
5281803194980 521 0 -0 0 80004
5320558566250 521 0 -0 0 90004
4971760206200 522 0 -0 0 4
5010515577450 522 0 -0 0 10004
5049270948700 522 0 -0 0 20004
5088026319910 522 0 -0 0 30004
5126781691160 522 0 -0 0 40004
5165537062420 522 0 -0 0 50004
5204292433560 522 0 -0 0 60004
5243047804880 522 0 -0 0 70004
5281803194980 522 0 -0 0 80004
5320558566250 522 0 -0 0 90004
4971760206200 523 0 -0 0 4
5010515577450 523 0 -0 0 10004
5049270948700 523 0 -0 0 20004
5088026319910 523 0 -0 0 30004
5126781691160 523 0 -0 0 40004
5165537062420 523 0 -0 0 50004
5204292433560 523 0 -0 0 60004
5243047804880 523 0 -0 0 70004
5281803194980 523 0 -0 0 80004
5320558566250 523 0 -0 0 90004
4971760206200 524 0 -0 0 4
5010515577450 524 0 -0 0 10004
5049270948700 524 0 -0 0 20004
5088026319910 524 0 -0 0 30004
5126781691160 524 0 -0 0 40004
5165537062420 524 0 -0 0 50004
5204292433560 524 0 -0 0 60004
5243047804880 524 0 -0 0 70004
5281803194980 524 0 -0 0 80004
5320558566250 524 0 -0 0 90004
4971760206200 525 0 -0 0 4
5010515577450 525 0 -0 0 10004
5049270948700 525 0 -0 0 20004
5088026319910 525 0 -0 0 30004
5126781691160 525 0 -0 0 40004
5165537062420 525 0 -0 0 50004
5204292433560 525 0 -0 0 60004
5243047804880 525 0 -0 0 70004
5281803194980 525 0 -0 0 80004
5320558566250 525 0 -0 0 90004
4971760206200 526 0 -0 0 4
5010515577450 526 0 -0 0 10004
5049270948700 526 0 -0 0 20004
5088026319910 526 0 -0 0 30004
5126781691160 526 0 -0 0 40004
5165537062420 526 0 -0 0 50004
5204292433560 526 0 -0 0 60004
5243047804880 526 0 -0 0 70004
5281803194980 526 0 -0 0 80004
5320558566250 526 0 -0 0 90004
4971760206200 527 0 -0 0 4
5010515577450 527 0 -0 0 10004
5049270948700 527 0 -0 0 20004
5088026319910 527 0 -0 0 30004
5126781691160 527 0 -0 0 40004
5165537062420 527 0 -0 0 50004
5204292433560 527 0 -0 0 60004
5243047804880 527 0 -0 0 70004
5281803194980 527 0 -0 0 80004
5320558566250 527 0 -0 0 90004
4971760206200 528 0 -0 0 4
5010515577450 528 0 -0 0 10004
5049270948700 528 0 -0 0 20004
5088026319910 528 0 -0 0 30004
5126781691160 528 0 -0 0 40004
5165537062420 528 0 -0 0 50004
5204292433560 528 0 -0 0 60004
5243047804880 528 0 -0 0 70004
5281803194980 528 0 -0 0 80004
5320558566250 528 0 -0 0 90004
4971760206200 529 0 -0 0 4
5010515577450 529 0 -0 0 10004
5049270948700 529 0 -0 0 20004
5088026319910 529 0 -0 0 30004
5126781691160 529 0 -0 0 40004
5165537062420 529 0 -0 0 50004
5204292433560 529 0 -0 0 60004
5243047804880 529 0 -0 0 70004
5281803194980 529 0 -0 0 80004
5320558566250 529 0 -0 0 90004
4971760206200 530 0 -0 0 4
5010515577450 530 0 -0 0 10004
5049270948700 530 0 -0 0 20004
5088026319910 530 0 -0 0 30004
5126781691160 530 0 -0 0 40004
5165537062420 530 0 -0 0 50004
5204292433560 530 0 -0 0 60004
5243047804880 530 0 -0 0 70004
5281803194980 530 0 -0 0 80004
5320558566250 530 0 -0 0 90004
4971760206200 531 0 -0 0 4
5010515577450 531 0 -0 0 10004
5049270948700 531 0 -0 0 20004
5088026319910 531 0 -0 0 30004
5126781691160 531 0 -0 0 40004
5165537062420 531 0 -0 0 50004
5204292433560 531 0 -0 0 60004
5243047804880 531 0 -0 0 70004
5281803194980 531 0 -0 0 80004
5320558566250 531 0 -0 0 90004
4971760206200 532 0 -0 0 4
5010515577450 532 0 -0 0 10004
5049270948700 532 0 -0 0 20004
5088026319910 532 0 -0 0 30004
5126781691160 532 0 -0 0 40004
5165537062420 532 0 -0 0 50004
5204292433560 532 0 -0 0 60004
5243047804880 532 0 -0 0 70004
5281803194980 532 0 -0 0 80004
5320558566250 532 0 -0 0 90004
4971760206200 533 0 -0 0 4
5010515577450 533 0 -0 0 10004
5049270948700 533 0 -0 0 20004
5088026319910 533 0 -0 0 30004
5126781691160 533 0 -0 0 40004
5165537062420 533 0 -0 0 50004
5204292433560 533 0 -0 0 60004
5243047804880 533 0 -0 0 70004
5281803194980 533 0 -0 0 80004
5320558566250 533 0 -0 0 90004
