# framerate: 30 fps
# id frame x/m y/m z/m
1064455467211980 0 0 -8 0 4
1064493383720890 0 0 -8 0 10004
1064531300230860 0 0 -8 0 20004
1064569216714490 0 0 -8 0 30004
1064607133250780 0 0 -8 0 40004
1064645049762090 0 0 -8 0 50004
1064682966270790 0 0 -8 0 60004
1064720882784120 0 0 -8 0 70004
1064758799291450 0 0 -8 0 80004
1064796715802620 0 0 -8 0 90004
1064455467211980 1 0 -8 0 4
1064493383720890 1 0 -8 0 10004
1064531300230860 1 0 -8 0 20004
1064569216714490 1 0 -8 0 30004
1064607133250780 1 0 -8 0 40004
1064645049762090 1 0 -8 0 50004
1064682966270790 1 0 -8 0 60004
1064720882784120 1 0 -8 0 70004
1064758799291450 1 0 -8 0 80004
1064796715802620 1 0 -8 0 90004
1064455467211980 2 0 -8 0 4
1064493383720890 2 0 -8 0 10004
1064531300230860 2 0 -8 0 20004
1064569216714490 2 0 -8 0 30004
1064607133250780 2 0 -8 0 40004
1064645049762090 2 0 -8 0 50004
1064682966270790 2 0 -8 0 60004
1064720882784120 2 0 -8 0 70004
1064758799291450 2 0 -8 0 80004
1064796715802620 2 0 -8 0 90004
1064455467211980 3 0.06194959208369 -7.80920934677124 0.00000000011642 4
1064493383720890 3 0.01476287841797 -7.83052730560303 0 10004
1064531300230860 3 0.03547668457031 -7.858558177948 -0.00000071525574 20004
1064569216714490 3 0.0860595703125 -7.81547832489014 -0.00000190734863 30004
1064607133250780 3 0.04119873046875 -7.84493255615234 -0.00000143051147 40004
1064645049762090 3 0.04074096679688 -7.79073762893677 0.00000286102295 50004
1064682966270790 3 0.0531005859375 -7.80210304260254 -0.00000286102295 60004
1064720882784120 3 0.02655029296875 -7.85346555709839 0.00000190734863 70004
1064758799291450 3 0.07415771484375 -7.84019041061401 -0.00000286102295 80004
1064796715802620 3 0.06866455078125 -7.85330820083618 -0.00000762939453 90004
1064455467211980 4 0.06728535145521 -7.62110471725464 0.00000000049477 4
1064493383720890 4 0.04335021972656 -7.5256495475769 -0.00000041723251 10004
1064531300230860 4 0.00752258300781 -7.6054105758667 -0.0000011920929 20004
1064569216714490 4 0.11474609375 -7.58693218231201 -0.00000190734863 30004
1064607133250780 4 0.02908325195313 -7.64960861206055 -0.00000214576721 40004
1064645049762090 4 -0.02120971679688 -7.41760063171387 0.000004529953 50004
1064682966270790 4 0.17822265625 -7.4734992980957 -0.00112819671631 60004
1064720882784120 4 0.16229248046875 -7.62650394439697 0.0000057220459 70004
1064758799291450 4 0.098876953125 -7.52830028533936 -0.00000286102295 80004
1064796715802620 4 0.091552734375 -7.71202182769775 -0.00001573562622 90004
1064455467211980 5 0.10066808015108 -7.37783527374268 0.00000000087311 4
1064493383720890 5 0.03543090820313 -7.18910598754883 -0.00000065565109 10004
1064531300230860 5 0.00335693359375 -7.32371425628662 -0.00000154972076 20004
1064569216714490 5 0.1279296875 -7.28792381286621 -0.00000238418579 30004
1064607133250780 5 0.04071044921875 -7.40803527832031 -0.00000262260437 40004
1064645049762090 5 -0.077880859375 -6.9989070892334 0.0000057220459 50004
1064682966270790 5 0.2584228515625 -7.09479999542236 -0.0011305809021 60004
1064720882784120 5 0.2877197265625 -7.36354160308838 -0.0011134147644 70004
1064758799291450 5 0.1585693359375 -7.18885135650635 -0.00000381469727 80004
1064796715802620 5 0.1402587890625 -7.53208065032959 -0.00002193450928 90004
1064455467211980 6 0.20126534998417 -6.99482679367065 -0.00112304463983 4
1064493383720890 6 -0.01933288574219 -6.84082126617432 -0.00000065565109 10004
1064531300230860 6 0.08154296875 -7.0226993560791 -0.00000202655792 20004
1064569216714490 6 0.158203125 -6.85483932495117 -0.00000381469727 30004
1064607133250780 6 0.109619140625 -7.0764799118042 -0.00000405311584 40004
1064645049762090 6 -0.04034423828125 -6.55035877227783 0.00000786781311 50004
1064682966270790 6 0.257568359375 -6.66064643859863 -0.00113272666931 60004
1064720882784120 6 0.328125 -7.05155849456787 -0.00111150741577 70004
1064758799291450 6 0.2978515625 -6.8435115814209 -0.00112867355347 80004
1064796715802620 6 0.25390625 -7.27179908752441 -0.00115060806274 90004
1064455467211980 7 0.149035602808 -6.57014846801758 -0.0011230428936 4
1064493383720890 7 0.05183410644531 -6.54314517974854 -0.00000101327896 10004
1064531300230860 7 0.17724609375 -6.72672462463379 -0.00112676620483 20004
1064569216714490 7 0.154296875 -6.42051315307617 -0.0000057220459 30004
1064607133250780 7 0.049072265625 -6.73971080780029 -0.00000476837158 40004
1064645049762090 7 0.16424560546875 -6.1441011428833 0.0000102519989 50004
1064682966270790 7 0.394287109375 -6.24527168273926 -0.00225567817688 60004
1064720882784120 7 0.248046875 -6.74399471282959 -0.0011100769043 70004
1064758799291450 7 0.2978515625 -6.46733665466309 -0.00112867355347 80004
1064796715802620 7 0.25390625 -7.13741493225098 -0.00115060806274 90004
1064455467211980 8 0.24988061189651 -6.18637752532959 -0.00112303998321 4
1064493383720890 8 0.12281799316406 -6.21767997741699 -0.00000137090683 10004
1064531300230860 8 0.15806579589844 -6.43891477584839 -0.00112700462341 20004
1064569216714490 8 0.30020141601563 -6.04504585266113 -0.00112748146057 30004
1064607133250780 8 0.11251831054688 -6.42883110046387 -0.0000057220459 40004
1064645049762090 8 0.200927734375 -5.72396469116211 -0.00111126899719 50004
1064682966270790 8 0.36932373046875 -5.84048461914063 -0.00225234031677 60004
1064720882784120 8 0.28485107421875 -6.45155000686646 -0.00110816955566 70004
1064758799291450 8 0.42718505859375 -6.14330530166626 -0.00225448608398 80004
1064796715802620 8 0.30072021484375 -6.87561225891113 -0.00115728378296 90004
1064455467211980 9 0.27831545472145 -5.76943445205688 -0.00112303975038 4
1064493383720890 9 0.13159942626953 -5.8598198890686 -0.00000208616257 10004
1064531300230860 9 0.19512939453125 -6.13737535476685 -0.00112760066986 20004
1064569216714490 9 0.37710571289063 -5.67033386230469 -0.00224900245667 30004
1064607133250780 9 0.12246704101563 -6.09373331069946 -0.00000715255737 40004
1064645049762090 9 0.21377563476563 -5.26935338973999 -0.00111055374146 50004
1064682966270790 9 0.423583984375 -5.41683197021484 -0.00224804878235 60004
1064720882784120 9 0.2650146484375 -6.14177656173706 -0.00110626220703 70004
1064758799291450 9 0.496826171875 -5.78254795074463 -0.00225448608398 80004
1064796715802620 9 0.2786865234375 -6.55535268783569 -0.00116205215454 90004
1064455467211980 10 0.19988171756268 -5.40943956375122 -0.00112303905189 4
1064493383720890 10 0.11028289794922 -5.54466819763184 -0.00000262260437 10004
1064531300230860 10 0.25373840332031 -5.87601280212402 -0.00112795829773 20004
1064569216714490 10 0.38748168945313 -5.34328460693359 -0.00224769115448 30004
1064607133250780 10 0.10610961914063 -5.79955196380615 -0.00000762939453 40004
1064645049762090 10 0.26025390625 -4.8804988861084 -0.0011088848114 50004
1064682966270790 10 0.50787353515625 -5.04983139038086 -0.00224375724792 60004
1064720882784120 10 0.22076416015625 -5.87171125411987 -0.0011043548584 70004
1064758799291450 10 0.5030517578125 -5.45367527008057 -0.00225448608398 80004
1064796715802620 10 0.23321533203125 -6.26158046722412 -0.00116634368896 90004
1064455467211980 11 -0.02688925154507 -5.04666900634766 0.00093323073816 4
1064493383720890 11 0.15727996826172 -5.18481254577637 -0.0000034570694 10004
1064531300230860 11 0.21540832519531 -5.56731986999512 -0.00112819671631 20004
1064569216714490 11 0.45535278320313 -4.91426849365234 -0.00224506855011 30004
1064607133250780 11 0.20327758789063 -5.47150325775146 -0.00113296508789 40004
1064645049762090 11 0.46337890625 -4.47357749938965 -0.00222945213318 50004
1064682966270790 11 0.45611572265625 -4.61553573608398 -0.00224137306213 60004
1064720882784120 11 0.27838134765625 -5.5590968132019 -0.00110149383545 70004
1064758799291450 11 0.5362548828125 -5.07899570465088 -0.00338315963745 80004
1064796715802620 11 0.29864501953125 -5.92245388031006 -0.00117301940918 90004
1064455467211980 12 -0.06554781645536 -4.82492303848267 0.00093323003966 4
1064493383720890 12 0.34286499023438 -4.87515830993652 -0.00112819671631 10004
1064531300230860 12 0.302734375 -5.27055025100708 -0.00112891197205 20004
1064569216714490 12 0.35659790039063 -4.49352073669434 -0.00224411487579 30004
1064607133250780 12 0.16220092773438 -5.13371992111206 -0.00113320350647 40004
1064645049762090 12 0.48751831054688 -4.02193117141724 -0.00222849845886 50004
1064682966270790 12 0.56549072265625 -4.24543428421021 -0.00335931777954 60004
1064720882784120 12 0.39276123046875 -5.26305484771729 -0.0022234916687 70004
1064758799291450 12 0.49163818359375 -4.70596122741699 -0.00338459014893 80004
1064796715802620 12 0.2239990234375 -5.58736848831177 -0.00117683410645 90004
1064455467211980 13 0.01714224740863 -4.47876691818237 0.00093322951579 4
1064493383720890 13 0.42729187011719 -4.59864330291748 -0.00225329399109 10004
1064531300230860 13 0.3084716796875 -4.96556949615479 -0.00112986564636 20004
1064569216714490 13 0.3759765625 -4.06844615936279 -0.00224161148071 30004
1064607133250780 13 0.21328735351563 -4.8024263381958 -0.00113344192505 40004
1064645049762090 13 0.36679077148438 -3.59306907653809 -0.00222706794739 50004
1064682966270790 13 0.691650390625 -3.84390306472778 -0.00335454940796 60004
1064720882784120 13 0.4176025390625 -4.95270204544067 -0.00222110748291 70004
1064758799291450 13 0.553955078125 -4.34272432327271 -0.00338649749756 80004
1064796715802620 13 0.221923828125 -5.24658346176147 -0.00118446350098 90004
1064455467211980 14 0.19882765412331 -4.13056612014771 -0.00018981681205 4
1064493383720890 14 0.46443939208984 -4.31581687927246 -0.00225520133972 10004
1064531300230860 14 0.32577514648438 -4.68110227584839 -0.00113070011139 20004
1064569216714490 14 0.49078369140625 -3.68145704269409 -0.00223898887634 30004
1064607133250780 14 0.2584228515625 -4.55444431304932 -0.0011351108551 40004
1064645049762090 14 0.147705078125 -3.23453783988953 -0.00013470649719 50004
1064682966270790 14 0.7418212890625 -3.4464225769043 -0.00447344779968 60004
1064720882784120 14 0.3773193359375 -4.65897083282471 -0.00221967697144 70004
1064758799291450 14 0.5989990234375 -4.00103378295898 -0.00338745117188 80004
1064796715802620 14 0.2698974609375 -4.92695426940918 -0.00119018554688 90004
1064455467211980 15 0.49735742807388 -3.82873773574829 -0.00243590748869 4
1064493383720890 15 0.51827239990234 -3.95731639862061 -0.00225710868835 10004
1064531300230860 15 0.40824890136719 -4.38437128067017 -0.00225710868835 20004
1064569216714490 15 0.66571044921875 -3.29439830780029 -0.00336050987244 30004
1064607133250780 15 0.229248046875 -4.36418151855469 -0.00113582611084 40004
1064645049762090 15 -0.1436767578125 -2.89153456687927 -0.00013327598572 50004
1064682966270790 15 0.684326171875 -3.01288175582886 -0.00447082519531 60004
1064720882784120 15 0.3133544921875 -4.35102844238281 -0.00221824645996 70004
1064758799291450 15 0.5426025390625 -3.62946891784668 -0.00338840484619 80004
1064796715802620 15 0.3367919921875 -4.58884620666504 -0.00119781494141 90004
1064455467211980 16 0.88166087865829 -3.64050960540771 -0.00468199979514 4
1064493383720890 16 0.61569213867188 -3.60769557952881 -0.00338053703308 10004
1064531300230860 16 0.37333679199219 -4.0752968788147 -0.00225901603699 20004
1064569216714490 16 0.74295043945313 -2.93516063690186 -0.00448501110077 30004
1064607133250780 16 0.173583984375 -4.02656555175781 -0.00113701820374 40004
1064645049762090 16 -0.2877197265625 -2.46003127098084 0.00187277793884 50004
1064682966270790 16 0.641357421875 -2.57768201828003 -0.00446820259094 60004
1064720882784120 16 0.3690185546875 -4.03819274902344 -0.00221824645996 70004
1064758799291450 16 0.4400634765625 -3.2674503326416 -0.00338935852051 80004
1064796715802620 16 0.3455810546875 -4.24366188049316 -0.00120544433594 90004
1064455467211980 17 1.04728305339813 -3.47128415107727 -0.00580503512174 4
1064493383720890 17 0.75382995605469 -3.27256774902344 -0.00450330972672 10004
1064531300230860 17 0.42259216308594 -3.76972055435181 -0.00226259231567 20004
1064569216714490 17 0.98211669921875 -2.58690118789673 -0.00561189651489 30004
1064607133250780 17 0.0350341796875 -3.71543884277344 -0.00113725662231 40004
1064645049762090 17 -0.57955932617188 -2.11702799797058 0.00392127037048 50004
1064682966270790 17 0.745361328125 -2.21065807342529 -0.00446438789368 60004
1064720882784120 17 0.3050537109375 -3.73024702072144 -0.00221681594849 70004
1064758799291450 17 0.480224609375 -2.89730739593506 -0.00339126586914 80004
1064796715802620 17 0.2261962890625 -3.92354393005371 -0.0012092590332 90004
1064455467211980 18 1.12167084217072 -3.3119113445282 -0.00692806765437 4
1064493383720890 18 0.8013916015625 -2.92094540596008 -0.004503428936 10004
1064531300230860 18 0.42436218261719 -3.46207141876221 -0.00226521492004 20004
1064569216714490 18 1.32879638671875 -2.31535124778748 -0.00752604007721 30004
1064607133250780 18 -0.04647827148438 -3.38776159286499 0.00089740753174 40004
1064645049762090 18 -0.900390625 -1.79478573799133 0.00595498085022 50004
1064682966270790 18 0.9832763671875 -1.8811469078064 -0.00558066368103 60004
1064720882784120 18 0.147705078125 -3.46247482299805 -0.00017213821411 70004
1064758799291450 18 0.5853271484375 -2.53784608840942 -0.00339412689209 80004
1064796715802620 18 0.1611328125 -3.58943271636963 -0.00121307373047 90004
1064455467211980 19 1.1186990737915 -3.07746434211731 -0.00692805554718 4
1064493383720890 19 0.84895324707031 -2.5693256855011 -0.00450372695923 10004
1064531300230860 19 0.41055297851563 -3.15240240097046 -0.00226783752441 20004
1064569216714490 19 1.59957885742188 -1.99660670757294 -0.00977313518524 30004
1064607133250780 19 -0.03781127929688 -3.05163288116455 0.00089526176453 40004
1064645049762090 19 -1.264892578125 -1.54018950462341 0.00805234909058 50004
1064682966270790 19 1.25640869140625 -1.54336023330688 -0.00782537460327 60004
1064720882784120 19 -0.0872802734375 -3.25922584533691 -0.00017118453979 70004
1064758799291450 19 0.7684326171875 -2.21874809265137 -0.00451946258545 80004
1064796715802620 19 0.0858154296875 -3.26022958755493 -0.00121593475342 90004
1064455467211980 20 1.06669890880585 -2.7042384147644 -0.0069280480966 4
1064493383720890 20 1.00901794433594 -2.24778175354004 -0.00562816858292 10004
1064531300230860 20 0.4462890625 -2.84659671783447 -0.00227010250092 20004
1064569216714490 20 1.86361694335938 -1.65180146694183 -0.0108962059021 30004
1064607133250780 20 0.03369140625 -2.72081565856934 -0.00023031234741 40004
1064645049762090 20 -1.68145751953125 -1.3692934513092 0.01012778282166 50004
1064682966270790 20 1.48834228515625 -1.18363976478577 -0.00895595550537 60004
1064720882784120 20 -0.36090087890625 -3.11603355407715 0.00185823440552 70004
1064758799291450 20 1.0460205078125 -1.96821749210358 -0.00564432144165 80004
1064796715802620 20 -0.0830078125 -2.95908784866333 0.00078439712524 90004
1064455467211980 21 1.15407848358154 -2.28534984588623 -0.00692803319544 4
1064493383720890 21 1.28028106689453 -2.00684547424316 -0.00787442922592 10004
1064531300230860 21 0.59510803222656 -2.57339191436768 -0.00339639186859 20004
1064569216714490 21 2.14422607421875 -1.32018411159515 -0.01314282417297 30004
1064607133250780 21 -0.0234375 -2.38343620300293 -0.00023078918457 40004
1064645049762090 21 -2.00762939453125 -1.051922082901 0.01216864585876 50004
1064682966270790 21 1.80462646484375 -0.96134400367737 -0.01120948791504 60004
1064720882784120 21 -0.52789306640625 -2.91679191589355 0.00387525558472 70004
1064758799291450 21 1.3868408203125 -1.80964815616608 -0.0078911781311 80004
1064796715802620 21 -0.2783203125 -2.67411470413208 0.00078105926514 90004
1064455467211980 22 1.37489151954651 -1.95224893093109 -0.00805107410997 4
1064493383720890 22 1.55313110351563 -1.76763439178467 -0.00899767875671 10004
1064531300230860 22 0.78904724121094 -2.40953874588013 -0.00452160835266 20004
1064569216714490 22 2.50921630859375 -1.08909142017365 -0.01539146900177 30004
1064607133250780 22 -0.11602783203125 -2.05431795120239 -0.00023078918457 40004
1064645049762090 22 -2.18923950195313 -0.64011013507843 0.01420116424561 50004
1064682966270790 22 2.22088623046875 -0.86606299877167 -0.01360940933228 60004
1064720882784120 22 -0.73504638671875 -2.68486261367798 0.00388336181641 70004
1064758799291450 22 1.6793212890625 -1.5739358663559 -0.0101523399353 80004
1064796715802620 22 -0.55914306640625 -2.47717094421387 0.00281572341919 90004
1064455467211980 23 1.61087882518768 -1.60788249969482 -0.01029716152698 4
1064493383720890 23 1.80903625488281 -1.51101541519165 -0.01124489307404 10004
1064531300230860 23 0.95722961425781 -2.18319892883301 -0.00564682483673 20004
1064569216714490 23 2.80633544921875 -0.78562867641449 -0.0176397562027 30004
1064607133250780 23 -0.29495239257813 -1.77138066291809 0.00180673599243 40004
1064645049762090 23 -2.453125 -0.28226363658905 0.0162181854248 50004
1064682966270790 23 2.6522216796875 -0.88022696971893 -0.01697969436646 60004
1064720882784120 23 -0.99798583984375 -2.51817274093628 0.00593948364258 70004
1064758799291450 23 2.01214599609375 -1.41665422916412 -0.0124135017395 80004
1064796715802620 23 -0.78619384765625 -2.22648191452026 0.00489807128906 90004
1064455467211980 24 1.89314877986908 -1.29901623725891 -0.01142018660903 4
1064493383720890 24 2.08831024169922 -1.29212880134583 -0.01236915588379 10004
1064531300230860 24 1.14399719238281 -1.94316339492798 -0.00676989555359 20004
1064569216714490 24 3.01364135742188 -0.40888547897339 -0.01876246929169 30004
1064607133250780 24 -0.55471801757813 -1.56042695045471 0.00388169288635 40004
1064645049762090 24 -2.693115234375 0.01218592748046 0.01824808120728 50004
1064682966270790 24 3.0145263671875 -0.96988296508789 -0.0192289352417 60004
1064720882784120 24 -1.26092529296875 -2.35148286819458 0.00796508789063 70004
1064758799291450 24 2.34930419921875 -1.26633560657501 -0.01466941833496 80004
1064796715802620 24 -0.99932861328125 -1.95753633975983 0.00696563720703 90004
1064455467211980 25 2.26411724090576 -1.09470069408417 -0.01366627495736 4
1064493383720890 25 2.414794921875 -1.13989043235779 -0.0146159529686 10004
1064531300230860 25 1.39140319824219 -1.75508952140808 -0.00789415836334 20004
1064569216714490 25 3.12747192382813 0.00567520409822 -0.01988422870636 30004
1064607133250780 25 -0.85781860351563 -1.40945172309875 0.00590491294861 40004
1064645049762090 25 -2.7777099609375 0.24221159517765 0.01824808120728 50004
1064682966270790 25 3.2469482421875 -1.10145854949951 -0.02035093307495 60004
1064720882784120 25 -1.4638671875 -2.10849809646606 0.01000595092773 70004
1064758799291450 25 2.64459228515625 -1.03621017932892 -0.01691579818726 80004
1064796715802620 25 -1.24298095703125 -1.71520507335663 0.00696802139282 90004
1064455467211980 26 2.68893814086914 -1.04326140880585 -0.01703538000584 4
1064493383720890 26 2.67851257324219 -0.89056134223938 -0.0168628692627 10004
1064531300230860 26 1.61930847167969 -1.54377245903015 -0.01014077663422 20004
1064569216714490 26 3.07766723632813 0.43713465332985 -0.01988327503204 30004
1064607133250780 26 -1.08486938476563 -1.15351414680481 0.00590372085571 40004
1064645049762090 26 -2.7742919921875 0.28869941830635 0.01824760437012 50004
1064682966270790 26 3.3905029296875 -1.28483104705811 -0.02147388458252 60004
1064720882784120 26 -1.5986328125 -1.82081270217896 0.01000595092773 70004
1064758799291450 26 2.9296875 -0.79235947132111 -0.01804637908936 80004
1064796715802620 26 -1.40069580078125 -1.40792739391327 0.00901365280151 90004
1064455467211980 27 3.07567286491394 -1.13470435142517 -0.01942790858448 4
1064493383720890 27 2.82901000976563 -0.59665977954865 -0.01798737049103 10004
1064531300230860 27 1.82121276855469 -1.33346021175385 -0.01126682758331 20004
1064569216714490 27 2.88653564453125 0.79163002967834 -0.01783120632172 30004
1064607133250780 27 -1.34335327148438 -1.02192139625549 0.00792789459229 40004
1064645049762090 27 -2.71435546875 0.40041559934616 0.01824760437012 50004
1064682966270790 27 3.41082763671875 -1.31920504570007 -0.02147316932678 60004
1064720882784120 27 -1.78912353515625 -1.59277808666229 0.01203584671021 70004
1064758799291450 27 3.09637451171875 -0.48583492636681 -0.01918363571167 80004
1064796715802620 27 -1.64105224609375 -1.19483315944672 0.01107597351074 90004
1064455467211980 28 3.43601703643799 -1.34642672538757 -0.02167397551239 4
1064493383720890 28 2.88911437988281 -0.25107008218765 -0.01798796653748 10004
1064531300230860 28 2.07716369628906 -1.16978001594543 -0.01239252090454 20004
1064569216714490 28 2.58868408203125 1.09612321853638 -0.01783192157745 30004
1064607133250780 28 -1.594970703125 -0.82432514429092 0.00993466377258 40004
1064645049762090 28 -2.5103759765625 0.58125972747803 0.01712322235107 50004
1064682966270790 28 3.412109375 -1.32537174224854 -0.0214729309082 60004
1064720882784120 28 -1.9354248046875 -1.31833493709564 0.01204252243042 70004
1064758799291450 28 3.258056640625 -0.26182880997658 -0.02032089233398 80004
1064796715802620 28 -1.8790283203125 -0.94679522514343 0.01108455657959 90004
1064455467211980 29 3.70429444313049 -1.64908456802368 -0.02279697917402 4
1064493383720890 29 2.86016082763672 0.10900533944368 -0.0179882645607 10004
1064531300230860 29 2.33108520507813 -1.06862604618073 -0.01463901996613 20004
1064569216714490 29 2.23101806640625 1.34205448627472 -0.01372277736664 30004
1064607133250780 29 -1.83523559570313 -0.58212047815323 0.01194667816162 40004
1064645049762090 29 -2.16061401367188 0.75909280776978 0.01488375663757 50004
1064682966270790 29 3.412109375 -1.32537174224854 -0.0214729309082 60004
1064720882784120 29 -2.054443359375 -1.02679836750031 0.0141019821167 70004
1064758799291450 29 3.4403076171875 -0.1512720733881 -0.02145910263062 80004
1064796715802620 29 -2.10040283203125 -0.68142169713974 0.01313591003418 90004
1064455467211980 30 3.84634304046631 -1.98426723480225 -0.02392000332475 4
1064493383720890 30 2.77109527587891 0.45873159170151 -0.01798903942108 10004
1064531300230860 30 2.50946044921875 -0.9895111322403 -0.01576435565948 20004
1064569216714490 30 1.87026977539063 1.57951426506042 -0.01164448261261 30004
1064607133250780 30 -2.09170532226563 -0.37382653355598 0.01394963264465 40004
1064645049762090 30 -1.71566772460938 0.84844106435776 0.0112292766571 50004
1064682966270790 30 3.40948486328125 -1.32676243782043 -0.0214729309082 60004
1064720882784120 30 -2.236572265625 -0.76807713508606 0.0141019821167 70004
1064758799291450 30 3.6595458984375 -0.09720946103334 -0.02258634567261 80004
1064796715802620 30 -2.33355712890625 -0.43261101841927 0.01515626907349 90004
1064455467211980 31 3.84247088432312 -2.14860820770264 -0.02391998656094 4
1064493383720890 31 2.54888153076172 0.74558317661285 -0.01592069864273 10004
1064531300230860 31 2.70112609863281 -0.7857700586319 -0.01689088344574 20004
1064569216714490 31 1.63247680664063 1.94306826591492 -0.01164424419403 30004
1064607133250780 31 -2.16848754882813 -0.22100636363029 0.01394486427307 40004
1064645049762090 31 -1.2896728515625 1.00603103637695 0.00884175300598 50004
1064682966270790 31 3.36749267578125 -1.34901356697083 -0.02147269248962 60004
1064720882784120 31 -2.499267578125 -0.58919453620911 0.01619243621826 70004
1064758799291450 31 3.7689208984375 -0.11736882477999 -0.02370929718018 80004
1064796715802620 31 -2.43121337890625 -0.15625002980232 0.01516532897949 90004
1064455467211980 32 3.84174489974976 -2.17942214012146 -0.0239199846983 4
1064493383720890 32 2.33682250976563 1.01152062416077 -0.01592123508453 10004
1064531300230860 32 2.81040954589844 -0.52600812911987 -0.01801800727844 20004
1064569216714490 32 1.5494384765625 2.27994203567505 -0.00957143306732 30004
1064607133250780 32 -2.37521362304688 -0.02230263128877 0.01603269577026 40004
1064645049762090 32 -0.96978759765625 1.27791941165924 0.00659728050232 50004
1064682966270790 32 3.160400390625 -1.36410331726074 -0.02147197723389 60004
1064720882784120 32 -2.67010498046875 -0.35079219937325 0.01619243621826 70004
1064758799291450 32 3.7930908203125 -0.12399363517761 -0.02370929718018 80004
1064796715802620 32 -2.42535400390625 0.15327559411526 0.01518058776855 90004
1064455467211980 33 3.84174489974976 -2.17942214012146 -0.0239199846983 4
1064493383720890 33 2.08220672607422 1.2671799659729 -0.01383352279663 10004
1064531300230860 33 2.91856384277344 -0.2347686290741 -0.01801657676697 20004
1064569216714490 33 1.4305419921875 2.27994203567505 -0.00903809070587 30004
1064607133250780 33 -2.57028198242188 0.24513722956181 0.01603102684021 40004
1064645049762090 33 -0.73321533203125 1.65353167057037 0.00547575950623 50004
1064682966270790 33 2.824462890625 -1.28995800018311 -0.01941132545471 60004
1064720882784120 33 -2.75897216796875 -0.1351595968008 0.01820373535156 70004
1064758799291450 33 3.7955322265625 -0.12589025497437 -0.02370929718018 80004
1064796715802620 33 -2.36627197265625 0.39933469891548 0.01519870758057 90004
1064455467211980 34 3.84092473983765 -2.17962145805359 -0.0239199846983 4
1064493383720890 34 1.8310546875 1.52005589008331 -0.01178705692291 10004
1064531300230860 34 3.00506591796875 0.05823095887899 -0.01913940906525 20004
1064569216714490 34 1.21890258789063 2.35113382339478 -0.0070161819458 30004
1064607133250780 34 -2.66952514648438 0.51746493577957 0.01803350448608 40004
1064645049762090 34 -0.58087158203125 2.08195757865906 0.00435733795166 50004
1064682966270790 34 2.41143798828125 -1.17380905151367 -0.01511549949646 60004
1064720882784120 34 -2.76556396484375 -0.00221961713396 0.01820373535156 70004
1064758799291450 34 3.7955322265625 -0.12589025497437 -0.02370929718018 80004
1064796715802620 34 -2.23101806640625 0.55940616130829 0.01521682739258 90004
1064455467211980 35 3.83764386177063 -2.1804187297821 -0.02391997724771 4
1064493383720890 35 1.67219543457031 1.84623372554779 -0.01178747415543 10004
1064531300230860 35 2.99237060546875 0.36903437972069 -0.01914024353027 20004
1064569216714490 35 1.08413696289063 2.63590097427368 -0.0070161819458 30004
1064607133250780 35 -2.66513061523438 0.68233615159988 0.01803112030029 40004
1064645049762090 35 -0.43142700195313 2.51134753227234 0.00324273109436 50004
1064682966270790 35 1.97491455078125 -1.19775581359863 -0.01300764083862 60004
1064720882784120 35 -2.74505615234375 0.05519199743867 0.01820278167725 70004
1064758799291450 35 3.7955322265625 -0.12589025497437 -0.02370929718018 80004
1064796715802620 35 -1.94781494140625 0.75416934490204 0.01298856735229 90004
1064455467211980 36 3.62463569641113 -2.13766503334045 -0.02391996234655 4
1064493383720890 36 1.56150054931641 2.19181752204895 -0.0097827911377 10004
1064531300230860 36 3.11224365234375 0.65609914064407 -0.01914167404175 20004
1064569216714490 36 1.08169555664063 3.07023477554321 -0.00701606273651 30004
1064607133250780 36 -2.56600952148438 0.88071662187576 0.01690292358398 40004
1064645049762090 36 -0.14871215820313 2.86690020561218 0.00100541114807 50004
1064682966270790 36 1.56866455078125 -1.03490829467773 -0.01096153259277 60004
1064720882784120 36 -2.61419677734375 0.18958967924118 0.01707983016968 70004
1064758799291450 36 3.7955322265625 -0.12589025497437 -0.02370929718018 80004
1064796715802620 36 -1.60894775390625 0.81018531322479 0.01076030731201 90004
1064455467211980 37 3.31296396255493 -1.93679761886597 -0.02214318886399 4
1064493383720890 37 1.34897613525391 2.27820706367493 -0.00893688201904 10004
1064531300230860 37 3.2359619140625 0.8133082985878 -0.0202659368515 20004
1064569216714490 37 0.94155883789063 3.473228931427 -0.00701570510864 30004
1064607133250780 37 -2.48190307617188 0.97756367921829 0.01689910888672 40004
1064645049762090 37 0.00143432617188 3.2873523235321 0.00101375579834 50004
1064682966270790 37 1.24365234375 -0.75485110282898 -0.00883626937866 60004
1064720882784120 37 -2.35882568359375 0.30763822793961 0.01595687866211 70004
1064758799291450 37 3.7955322265625 -0.12589025497437 -0.02370929718018 80004
1064796715802620 37 -1.30120849609375 0.95575702190399 0.00852298736572 90004
1064455467211980 38 2.933025598526 -1.75872397422791 -0.01828074455261 4
1064493383720890 38 1.17044830322266 2.45100522041321 -0.00705116987228 10004
1064531300230860 38 3.304931640625 0.87229686975479 -0.02026855945587 20004
1064569216714490 38 0.84774780273438 3.88666963577271 -0.00497353076935 30004
1064607133250780 38 -2.31002807617188 1.04084503650665 0.01577186584473 40004
1064645049762090 38 0.00982666015625 3.73128581047058 -0.00010561943054 50004
1064682966270790 38 1.0263671875 -0.38748368620872 -0.00682377815247 60004
1064720882784120 38 -2.05804443359375 0.40839177370071 0.01371097564697 70004
1064758799291450 38 3.7178955078125 -0.17918610572815 -0.02370882034302 80004
1064796715802620 38 -1.0562744140625 1.18580973148346 0.00740671157837 90004
1064455467211980 39 2.5147111415863 -1.67633783817291 -0.01644170470536 4
1064493383720890 39 1.07917022705078 2.80052876472473 -0.00705176591873 10004
1064531300230860 39 3.32354736328125 0.87413507699966 -0.02139341831207 20004
1064569216714490 39 0.79983520507813 4.31055688858032 -0.00497543811798 30004
1064607133250780 39 -2.02706909179688 1.07145941257477 0.01351594924927 40004
1064645049762090 39 -0.04608154296875 4.17873859405518 -0.00010371208191 50004
1064682966270790 39 0.937744140625 0.03277453780174 -0.0068199634552 60004
1064720882784120 39 -1.77093505859375 0.52745711803436 0.01147270202637 70004
1064758799291450 39 3.5133056640625 -0.29176414012909 -0.02370834350586 80004
1064796715802620 39 -0.8975830078125 1.48446905612946 0.00628805160522 90004
1064455467211980 40 2.08747434616089 -1.65450620651245 -0.01267282105982 4
1064493383720890 40 1.04621124267578 3.16192936897278 -0.00705218315125 10004
1064531300230860 40 3.35919189453125 0.86932855844498 -0.02139794826508 20004
1064569216714490 40 0.61380004882813 4.7031044960022 -0.00497722625732 30004
1064607133250780 40 -1.69183349609375 1.0032354593277 0.0112624168396 40004
1064645049762090 40 -0.00018310546875 4.63120746612549 -0.00010180473328 50004
1064682966270790 40 0.990478515625 0.46698400378227 -0.00681519508362 60004
1064720882784120 40 -1.532958984375 0.73699367046356 0.01035785675049 70004
1064758799291450 40 3.1607666015625 -0.42230117321014 -0.01955699920654 80004
1064796715802620 40 -0.8428955078125 1.82506239414215 0.00629377365112 90004
1064455467211980 41 1.70948457717896 -1.45415139198303 -0.01052387896925 4
1064493383720890 41 0.86376953125 3.47551608085632 -0.00498813390732 10004
1064531300230860 41 3.35919189453125 0.86932855844498 -0.02139985561371 20004
1064569216714490 41 0.47024536132813 5.11304712295532 -0.00295162200928 30004
1064607133250780 41 -1.35964965820313 1.08310759067535 0.00901556015015 40004
1064645049762090 41 -0.08856201171875 5.07728290557861 -0.0001003742218 50004
1064682966270790 41 0.854736328125 0.88259148597717 -0.00478029251099 60004
1064720882784120 41 -1.439208984375 0.94902408123016 0.01035785675049 70004
1064758799291450 41 2.78558349609375 -0.3915079832077 -0.01745223999023 80004
1064796715802620 41 -0.6495361328125 2.10974287986755 0.00517559051514 90004
1064455467211980 42 1.42156374454498 -1.14806616306305 -0.00842051673681 4
1064493383720890 42 0.74790191650391 3.81686425209045 -0.0049889087677 10004
1064531300230860 42 3.36634826660156 0.85802465677261 -0.02140212059021 20004
1064569216714490 42 0.30654907226563 5.51524209976196 -0.00295007228851 30004
1064607133250780 42 -1.07583618164063 1.2628265619278 0.00788903236389 40004
1064645049762090 42 -0.13043212890625 5.52932643890381 -0.00009846687317 50004
1064682966270790 42 0.8603515625 1.31215071678162 -0.00477528572083 60004
1064720882784120 42 -1.30120849609375 1.21076190471649 0.00923442840576 70004
1064758799291450 42 2.44549560546875 -0.2440447807312 -0.01533651351929 80004
1064796715802620 42 -0.5601806640625 2.436359167099 0.00405788421631 90004
1064455467211980 43 1.20822751522064 -0.7808056473732 -0.00842051673681 4
1064493383720890 43 0.70035552978516 4.17361259460449 -0.00498950481415 10004
1064531300230860 43 3.38243103027344 0.76451402902603 -0.0214056968689 20004
1064569216714490 43 0.21206665039063 5.93202066421509 -0.00089514255524 30004
1064607133250780 43 -0.86563110351563 1.5224357843399 0.00563931465149 40004
1064645049762090 43 -0.19631958007813 5.97757625579834 0.00191187858582 50004
1064682966270790 43 0.81884765625 1.7370593547821 -0.00477004051208 60004
1064720882784120 43 -1.2049560546875 1.5074166059494 0.00812244415283 70004
1064758799291450 43 2.1334228515625 -0.03487678617239 -0.01327657699585 80004
1064796715802620 43 -0.4371337890625 2.74976134300232 0.00294065475464 90004
1064455467211980 44 1.07012605667114 -0.37958672642708 -0.00636336859316 4
1064493383720890 44 0.67084503173828 4.53194427490234 -0.00498998165131 10004
1064531300230860 44 3.37791442871094 0.56802874803543 -0.02140891551971 20004
1064569216714491 44 0.01123046875 7.5769248008728 -0.00000047683716 30004
1064607133250780 44 -0.74661254882813 1.83752882480621 0.00563287734985 40004
1064645049762091 44 0.027587890625 7.59167051315308 0.00000095367432 50004
1064682966270790 44 0.648193359375 2.13376212120056 -0.00476717948914 60004
1064720882784120 44 -1.1324462890625 1.81057155132294 0.00813770294189 70004
1064758799291450 44 1.8690185546875 0.22295962274075 -0.01123285293579 80004
1064796715802620 44 -0.2806396484375 3.04967570304871 0.00182247161865 90004
1064455467211980 45 1.02388072013855 0.04579068720341 -0.00636336766183 4
1064493383720890 45 0.55722808837891 4.87654781341553 -0.0029661655426 10004
1064531300230860 45 3.29197692871094 0.29793614149094 -0.02141118049622 20004
1064569216714491 45 0.05615234375 7.75474309921265 -0.00000166893005 30004
1064607133250780 45 -0.72903442382813 2.17924928665161 0.0056312084198 40004
1064645049762091 45 0.137939453125 7.82847166061401 0.00000286102295 50004
1064682966270790 45 0.372802734375 2.47375082969666 -0.00267648696899 60004
1064720882784120 45 -0.9625244140625 2.07818388938904 0.00703001022339 70004
1064758799291450 45 1.6990966796875 0.55835676193237 -0.01124000549316 80004
1064796715802620 45 -0.2288818359375 3.39070582389832 0.00182771682739 90004
1064455467211980 46 1.05739688873291 0.47237095236778 -0.00636336766183 4
1064493383720890 46 0.59983062744141 5.23694515228271 -0.00296652317047 10004
1064531300230860 46 3.130859375 0.12301325798035 -0.01935112476349 20004
1064569216714491 46 0.05615234375 7.75474309921265 -0.00000357627869 30004
1064607133250780 46 -0.56826782226563 2.48153352737427 0.00450110435486 40004
1064645049762091 46 0.177978515625 7.86191129684448 -0.00111865997314 50004
1064682966270790 46 0.267333984375 2.89814352989197 -0.00267362594604 60004
1064720882784120 46 -0.8570556640625 2.37724089622498 0.00592231750488 70004
1064758799291450 46 1.6864013671875 0.93431997299194 -0.0112476348877 80004
1064796715802620 46 -0.2757568359375 3.7329261302948 0.00183057785034 90004
1064455467211980 47 0.95335644483566 0.87957578897476 -0.0063633681275 4
1064493383720890 47 0.52524566650391 5.58552074432373 -0.00296688079834 10004
1064531300230860 47 2.89808654785156 -0.05261720716953 -0.01803290843964 20004
1064569216714491 47 0.05615234375 7.75474309921265 -0.00000548362732 30004
1064607133250780 47 -0.51458740234375 2.81339502334595 0.00337171554565 40004
1064645049762091 47 0.2626953125 7.92911100387573 -0.0011157989502 50004
1064682966270790 47 0.303955078125 3.32619547843933 -0.00177717208862 60004
1064720882784120 47 -0.6893310546875 2.64300417900085 0.00481462478638 70004
1064758799291450 47 1.555908203125 1.27985906600952 -0.00921535491943 80004
1064796715802620 47 -0.2120361328125 4.06567335128784 0.00183486938477 90004
1064455467211980 48 0.89517253637314 1.29323279857636 -0.00636336952448 4
1064493383720890 48 0.34407806396484 5.88994312286377 -0.0029668211937 10004
1064531300230860 48 2.61634826660156 -0.16598880290985 -0.01677346229553 20004
1064569216714491 48 0.05615234375 7.75474309921265 -0.00000739097595 30004
1064607133250780 48 -0.42572021484375 3.13539743423462 0.0033643245697 40004
1064645049762091 48 0.3125 7.96833753585815 -0.00111198425293 50004
1064682966270790 48 0.293212890625 3.75302767753601 -0.00177884101868 60004
1064720882784120 48 -0.5638427734375 2.92592310905457 0.00370693206787 70004
1064758799291450 48 1.418701171875 1.62796354293823 -0.00922298431396 80004
1064796715802620 48 -0.04595947265625 4.35806608200073 0.00071144104004 90004
1064455467211980 49 0.88283950090408 1.71335411071777 -0.0063633704558 4
1064493383720891 49 0.01773071289063 7.57047986984253 0 10004
1064531300230860 49 2.30870056152344 -0.19804255664349 -0.01405215263367 20004
1064569216714491 49 0.05615234375 7.75474309921265 -0.00000929832458 30004
1064607133250780 49 -0.3017578125 3.44754076004028 0.00223708152771 40004
1064645049762091 49 0.3125 7.96833753585815 -0.00110816955566 50004
1064682966270790 49 0.235107421875 4.1786413192749 -0.00178003311157 60004
1064720882784120 49 -0.4698486328125 3.2229688167572 0.00372219085693 70004
1064758799291450 49 1.27667236328125 1.96908092498779 -0.0092306137085 80004
1064796715802620 49 0.15399169921875 4.63186025619507 -0.00041818618774 90004
1064455467211980 50 0.7329615354538 2.11409568786621 -0.00432079285383 4
1064493383720891 50 0.08865356445313 7.72250413894653 -0.00000059604645 10004
1064531300230860 50 1.99859619140625 -0.17352049052715 -0.01267957687378 20004
1064569216714491 50 0.05615234375 7.75474309921265 -0.00001120567322 30004
1064607133250780 50 -0.28512573242188 3.78926134109497 0.00223588943481 40004
1064645049762091 50 0.3125 7.96833753585815 -0.0011043548584 50004
1064682966270790 50 0.319091796875 4.60791683197021 -0.00178194046021 60004
1064720882784120 50 -0.2813720703125 3.47763419151306 0.00261402130127 70004
1064758799291450 50 1.02764892578125 2.25111675262451 -0.00718116760254 80004
1064796715802620 50 0.25653076171875 4.96145009994507 -0.00154972076416 90004
1064455467211980 51 0.76647758483887 2.54067420959473 -0.00432079378515 4
1064493383720891 51 0.23809051513672 7.84780168533325 -0.00112509727478 10004
1064531300230860 51 1.69538879394531 -0.1042944714427 -0.00997722148895 20004
1064569216714491 51 0.05615234375 7.75474309921265 -0.00001311302185 30004
1064607133250780 51 -0.14645385742188 4.10152721405029 0.00110960006714 40004
1064645049762091 51 0.3125 7.96833753585815 -0.00110054016113 50004
1064682966270790 51 0.213623046875 5.03230953216553 -0.00178289413452 60004
1064720882784120 51 -0.21844482421875 3.78880667686462 0.00150346755981 70004
1064758799291450 51 0.92120361328125 2.61192989349365 -0.00516271591187 80004
1064796715802620 51 0.21063232421875 5.30367422103882 -0.00155353546143 90004
1064455467211980 52 0.66243505477905 2.94788312911987 -0.00432079378515 4
1064493383720891 52 0.27556610107422 7.87912034988403 -0.00112646818161 10004
1064531300230860 52 1.42561340332031 0.04274681583047 -0.00865638256073 20004
1064569216714491 52 0.05615234375 7.75474309921265 -0.00001502037048 30004
1064607133250780 52 -0.11618041992188 4.43619251251221 0.00110816955566 40004
1064645049762091 52 0.3125 7.96833753585815 -0.00109672546387 50004
1064682966270790 52 0.250244140625 5.46036434173584 -0.00178480148315 60004
1064720882784120 52 -0.16790771484375 4.10245132446289 0.00150537490845 70004
1064758799291450 52 0.79205322265625 2.96492671966553 -0.00516366958618 80004
1064796715802620 52 0.22259521484375 5.64714002609253 -0.00155830383301 90004
1064455467211980 53 0.6024335026741 3.36167764663696 -0.00432079378515 4
1064493383720891 53 0.27568817138672 7.87912034988403 -0.00112760066986 10004
1064531300230860 53 1.15913391113281 0.20244154334068 -0.00740659236908 20004
1064569216714491 53 0.0361328125 7.63092565536499 -0.00001609325409 30004
1064607133250780 53 -0.18502807617188 4.76525974273682 0.00110745429993 40004
1064645049762091 53 0.3125 7.96833753585815 -0.0010929107666 50004
1064682966270790 53 0.322021484375 5.89163494110107 -0.00178670883179 60004
1064720882784120 53 -0.14788818359375 4.4185791015625 0.00150871276855 70004
1064758799291450 53 0.73590087890625 3.32782649993896 -0.00516510009766 80004
1064796715802620 53 0.17962646484375 5.98151350021362 -0.00156497955322 90004
1064455467211980 54 0.60598540306091 3.75979256629944 -0.00432079471648 4
1064493383720891 54 0.27580261230469 7.87912034988403 -0.00112867355347 10004
1064531300230860 54 0.91831970214844 0.358876734972 -0.00608158111572 20004
1064569216714491 54 -0.00479125976563 7.35174417495728 -0.00001680850983 30004
1064607133250780 54 -0.28262329101563 5.03431034088135 0.00110626220703 40004
1064645049762091 54 0.3150634765625 7.95273780822754 -0.00108981132507 50004
1064682966270791 54 0.021240234375 7.57819652557373 -0.00000095367432 60004
1064720882784120 54 -0.14971923828125 4.71645450592041 0.00150918960571 70004
1064758799291450 54 0.72857666015625 3.67508101463318 -0.00516605377197 80004
1064796715802621 54 0.012451171875 7.55913209915161 0 90004
1064455467211980 55 0.5116800069809 4.149658203125 -0.00432079518214 4
1064493383720891 55 0.27591705322266 7.87912034988403 -0.00112968683243 10004
1064531300230860 55 0.7431640625 0.59193521738052 -0.00406932830811 20004
1064569216714491 55 -0.05926513671875 6.88446760177612 -0.00001728534698 30004
1064607133250780 55 -0.27621459960938 5.19455623626709 0.00110530853271 40004
1064645049762091 55 0.327880859375 7.87473917007446 -0.00108790397644 50004
1064682966270791 55 0.12744140625 7.80682802200317 -0.00000429153442 60004
1064720882784120 55 -0.13690185546875 5.01412963867188 0.00151062011719 70004
1064758799291450 55 0.60040283203125 4.00357294082642 -0.00314521789551 80004
1064796715802621 55 0.07470703125 7.69244146347046 -0.00000858306885 90004
1064455467211980 56 0.32055431604385 4.49991273880005 -0.00231211795472 4
1064493383720891 56 0.27603149414063 7.87912034988403 -0.00113070011139 10004
1064531300230860 56 0.66741943359375 0.87030863761902 -0.00406968593597 20004
1064569216714491 56 -0.10244750976563 6.41606283187866 -0.00001931190491 30004
1064607133250780 56 -0.3297119140625 5.48866081237793 0.00110459327698 40004
1064645049762091 56 0.26571655273438 7.6345591545105 -0.00108671188354 50004
1064682966270791 56 0.2066650390625 7.89179420471191 -0.00113010406494 60004
1064720882784120 56 -0.23358154296875 5.29243946075439 0.00151205062866 70004
1064758799291450 56 0.6031494140625 4.35238838195801 -0.00314807891846 80004
1064796715802621 56 0.0830078125 7.71021604537964 -0.00000858306885 90004
1064455467211980 57 0.19964376091957 4.89990186691284 -0.00231211539358 4
1064493383720891 57 0.27615356445313 7.87912034988403 -0.00113183259964 10004
1064531300230860 57 0.60379028320313 1.17482686042786 -0.00406980514526 20004
1064569216714491 57 -0.21273803710938 5.93027496337891 0.00198638439178 30004
1064607133250780 57 -0.45703125 5.80119466781616 0.00311732292175 40004
1064645049762091 57 0.15908813476563 7.28680896759033 -0.00108504295349 50004
1064682966270791 57 0.24169921875 7.92113065719604 -0.00113105773926 60004
1064720882784120 57 -0.27886962890625 5.59953212738037 0.00151395797729 70004
1064758799291450 57 0.53692626953125 4.71372509002686 -0.00314950942993 80004
1064796715802621 57 0.0830078125 7.71021604537964 -0.00000858306885 90004
1064455467211980 58 0.11443521082401 5.28428936004639 -0.00030751831946 4
1064493383720891 58 0.26909637451172 7.85943651199341 -0.00113296508789 10004
1064531300230860 58 0.57832336425781 1.45992207527161 -0.00407016277313 20004
1064569216714491 58 -0.31076049804688 5.47907590866089 0.00198566913605 30004
1064607133250781 58 0.0416259765625 7.62180471420288 0 40004
1064645049762091 58 0.0472412109375 6.91105031967163 -0.00108337402344 50004
1064682966270791 58 0.24169921875 7.92113065719604 -0.00113105773926 60004
1064720882784120 58 -0.29974365234375 5.89124870300293 0.00151538848877 70004
1064758799291450 58 0.41778564453125 5.04523038864136 -0.00315093994141 80004
1064796715802621 58 0.0830078125 7.71021604537964 -0.00000858306885 90004
1064455467211980 59 -0.10531975328922 5.65136480331421 -0.00030751811573 4
1064493383720891 59 0.24053192138672 7.78070116043091 -0.00113397836685 10004
1064531300230860 59 0.64961242675781 1.76261234283447 -0.00407040119171 20004
1064569216714491 59 -0.25704956054688 4.98018980026245 0.00198447704315 30004
1064607133250781 59 0.2081298828125 7.97914266586304 -0.0011248588562 40004
1064645049762091 59 -0.0472412109375 6.50323629379272 0.00094413757324 50004
1064682966270791 59 0.24169921875 7.92113065719604 -0.00113105773926 60004
1064720882784121 59 0 7.53247022628784 0 70004
1064758799291450 59 0.31719970703125 5.40766477584839 -0.00114107131958 80004
1064796715802621 59 0.0830078125 7.71021604537964 -0.00000858306885 90004
1064455467211980 60 -0.14934538304806 6.07697486877441 0.00170967238955 4
1064493383720891 60 0.25896453857422 7.570885181427 -0.00113505125046 10004
1064531300230860 60 0.58662414550781 2.06724548339844 -0.00407063961029 20004
1064569216714491 60 -0.41915893554688 4.50531339645386 0.00198400020599 30004
1064607133250781 60 0.3463134765625 8.094895362854 -0.00112628936768 40004
1064645049762091 60 -0.0994873046875 6.08795309066772 0.00094819068909 50004
1064682966270791 60 0.24169921875 7.92113065719604 -0.00113105773926 60004
1064720882784121 60 0.09765625 7.74269819259644 0.00000381469727 70004
1064758799291450 60 0.37872314453125 5.77872037887573 -0.00226640701294 80004
1064796715802621 60 0.0830078125 7.71021604537964 -0.00000858306885 90004
1064455467211981 61 0.07189635187387 7.68665218353271 0.00000000014552 4
1064493383720891 61 0.16352844238281 7.24330234527588 -0.001136302948 10004
1064531300230860 61 0.62434387207031 2.3704252243042 -0.00407087802887 20004
1064569216714491 61 -0.41940307617188 4.01242971420288 0.00305092334747 30004
1064607133250781 61 0.380859375 8.12383365631104 -0.0022497177124 40004
1064645049762091 61 -0.075927734375 5.67246389389038 0.00095582008362 50004
1064682966270791 61 0.287841796875 7.84096479415894 -0.00113344192505 60004
1064720882784121 61 0.248779296875 7.9017596244812 -0.00111532211304 70004
1064758799291451 61 0.116455078125 7.78247785568237 -0.00000190734863 80004
1064796715802621 61 0.1533203125 7.58784437179565 -0.00001525878906 90004
1064455467211981 62 0.12721095979214 7.79563188552856 0.00000000052387 4
1064493383720891 62 0.10952758789063 6.91403579711914 -0.00113743543625 10004
1064531300230860 62 0.63636779785156 2.63600206375122 -0.00407099723816 20004
1064569216714491 62 -0.45333862304688 3.58490657806396 0.00304985046387 30004
1064607133250781 62 0.380859375 8.12383365631104 -0.0022497177124 40004
1064645049762091 62 -0.1005859375 5.31557130813599 0.0009617805481 50004
1064682966270791 62 0.324462890625 7.72160863876343 -0.00113582611084 60004
1064720882784121 62 0.3431396484375 7.9754376411438 -0.00111436843872 70004
1064758799291451 62 0.246826171875 7.99347829818726 -0.00112581253052 80004
1064796715802621 62 0.2034912109375 7.46885251998901 -0.00114393234253 90004
1064455467211981 63 0.14444349706173 7.81009149551392 0.00000000139698 4
1064493383720891 63 0.12263488769531 6.52786064147949 -0.00113922357559 10004
1064531300230860 63 0.57096862792969 2.94005084037781 -0.00407123565674 20004
1064569216714491 63 -0.63790893554688 3.12343788146973 0.003049492836 30004
1064607133250781 63 0.380859375 8.12383365631104 -0.0022497177124 40004
1064645049762091 63 -0.21044921875 4.92797994613647 0.00096702575684 50004
1064682966270791 63 0.330322265625 7.54644918441772 -0.00113868713379 60004
1064720882784121 63 0.3662109375 7.98167943954468 -0.00223636627197 70004
1064758799291451 63 0.369873046875 8.0969123840332 -0.00225257873535 80004
1064796715802621 63 0.209716796875 7.35110807418823 -0.00114679336548 90004
1064455467211981 64 0.14444349706173 7.81009149551392 0.0000000022701 4
1064493383720891 64 -0.00254821777344 6.18397045135498 0.00090533494949 10004
1064531300230860 64 0.49404907226563 3.22129654884338 -0.00407207012177 20004
1064569216714491 64 -0.95806884765625 2.77882409095764 0.00504875183105 30004
1064607133250781 64 0.380859375 8.12383365631104 -0.0022497177124 40004
1064645049762091 64 -0.1756591796875 4.63053369522095 0.00097560882568 50004
1064682966270791 64 0.271728515625 7.38621759414673 -0.00114035606384 60004
1064720882784121 64 0.3662109375 7.98167943954468 -0.00223636627197 70004
1064758799291451 64 0.369873046875 8.0969123840332 -0.00225973129272 80004
1064796715802621 64 0.19873046875 7.1227126121521 -0.00115060806274 90004
1064455467211981 65 0.14444349706173 7.81009149551392 0.00000000314321 4
1064493383720891 65 -0.00204467773438 5.82349014282227 0.00090384483337 10004
1064531300230860 65 0.51803588867188 3.50750279426575 -0.00299370288849 20004
1064569216714491 65 -1.22833251953125 2.39506578445435 0.00711333751678 30004
1064607133250781 65 0.380859375 8.12383365631104 -0.0022497177124 40004
1064645049762091 65 -0.1610107421875 4.25725889205933 0.00098085403442 50004
1064682966270791 65 0.19189453125 7.11113309860229 -0.00114130973816 60004
1064720882784121 65 0.424072265625 7.9413104057312 -0.00223255157471 70004
1064758799291451 65 0.369873046875 8.0969123840332 -0.0022668838501 80004
1064796715802621 65 0.064697265625 6.82695150375366 -0.00115346908569 90004
1064455467211981 66 0.14444349706173 7.81009149551392 0.00000000407454 4
1064493383720891 66 -0.05178833007813 5.44559478759766 0.00090259313583 10004
1064531300230860 66 0.50326538085938 3.81083416938782 -0.00299656391144 20004
1064569216714491 66 -1.56890869140625 2.03799867630005 0.00918567180634 30004
1064607133250781 66 0.380859375 8.12383365631104 -0.0022497177124 40004
1064645049762091 66 -0.2396240234375 3.85619831085205 0.00098538398743 50004
1064682966270791 66 0.173828125 6.78308820724487 -0.00114226341248 60004
1064720882784121 66 0.462646484375 7.91439771652222 -0.00223064422607 70004
1064758799291451 66 0.369873046875 8.0969123840332 -0.00227451324463 80004
1064796715802621 66 -0.032470703125 6.47204732894897 0.00087738037109 90004
1064455467211981 67 0.14444349706173 7.81009149551392 0.00000000500586 4
1064493383720891 67 -0.14342498779297 5.07323122024536 0.00090146064758 10004
1064531300230860 67 0.45486450195313 4.11252737045288 -0.00299894809723 20004
1064569216714491 67 -1.9345703125 1.70760488510132 0.013303399086 30004
1064607133250781 67 0.380859375 8.12383365631104 -0.0022497177124 40004
1064645049762091 67 -0.4320068359375 3.48776149749756 0.00302767753601 50004
1064682966270791 67 0.251708984375 6.4583888053894 -0.00114321708679 60004
1064720882784121 67 0.462646484375 7.91439771652222 -0.00223064422607 70004
1064758799291451 67 0.369873046875 8.0969123840332 -0.00228214263916 80004
1064796715802621 67 -0.089599609375 6.10605764389038 0.00087261199951 90004
1064455467211981 68 0.14444349706173 7.81009149551392 0.00000000593718 4
1064493383720891 68 -0.10936737060547 4.68429231643677 0.00089955329895 10004
1064531300230860 68 0.50735473632813 4.41912984848022 -0.00300252437592 20004
1064569216714491 68 -2.1787109375 1.26909017562866 0.01330184936523 30004
1064607133250781 68 0.380859375 8.12383365631104 -0.0022497177124 40004
1064645049762091 68 -0.698974609375 3.16523265838623 0.005122423172 50004
1064682966270791 68 0.399169921875 6.15570783615112 -0.0022668838501 60004
1064720882784121 68 0.462646484375 7.91439771652222 -0.00223064422607 70004
1064758799291451 68 0.369873046875 8.0969123840332 -0.00228977203369 80004
1064796715802621 68 -0.262451171875 5.77119588851929 0.00086975097656 90004
1064455467211981 69 0.14444349706173 7.81009149551392 0.0000000068685 4
1064493383720891 69 -0.24291229248047 4.31746339797974 0.00089854001999 10004
1064531300230860 69 0.42532348632813 4.71917867660522 -0.00300431251526 20004
1064569216714491 69 -2.3814697265625 1.12191343307495 0.01530051231384 30004
1064607133250781 69 0.380859375 8.12383365631104 -0.0022497177124 40004
1064645049762091 69 -0.804443359375 2.7602071762085 0.00512313842773 50004
1064682966270791 69 0.405029296875 5.81923627853394 -0.00226402282715 60004
1064720882784121 69 0.396240234375 7.73268842697144 -0.0022292137146 70004
1064758799291451 69 0.369873046875 8.0969123840332 -0.00229740142822 80004
1064796715802621 69 -0.277099609375 5.39469289779663 0.0008659362793 90004
1064455467211981 70 0.09286157041788 7.66837120056152 0.00000000739237 4
1064493383720891 70 -0.48330688476563 4.0187463760376 0.00294429063797 10004
1064531300230860 70 0.44418334960938 5.02416086196899 -0.00300741195679 20004
1064569216714491 70 -2.71469116210938 0.83686590194702 0.01736378669739 30004
1064607133250781 70 0.3072509765625 7.98103427886963 -0.00225019454956 40004
1064645049762091 70 -1.03094482421875 2.41705417633057 0.00715303421021 50004
1064682966270791 70 0.30322265625 5.50470304489136 -0.00226163864136 60004
1064720882784121 70 0.32763671875 7.40190839767456 -0.00222778320313 70004
1064758799291451 70 0.322998046875 7.96730613708496 -0.00229978561401 80004
1064796715802621 70 -0.18109130859375 5.0367751121521 0.00186967849731 90004
1064455467211981 71 0.07600196450949 7.37356662750244 0.0000000076252 4
1064493383720891 71 -0.68243408203125 3.71284770965576 0.00494414567947 10004
1064531300230860 71 0.42941284179688 5.32748651504517 -0.00300991535187 20004
1064569216714491 71 -3.141357421875 0.59311008453369 0.01948726177216 30004
1064607133250781 71 0.2528076171875 7.75292301177979 -0.00225043296814 40004
1064645049762091 71 -1.35321044921875 2.16599369049072 0.00920128822327 50004
1064682966270791 71 0.2373046875 5.18285703659058 -0.00225830078125 60004
1064720882784121 71 0.31005859375 7.01906156539917 -0.00222587585449 70004
1064758799291451 71 0.307861328125 7.69769859313965 -0.00230169296265 80004
1064796715802621 71 -0.1278076171875 4.67296743392944 0.00074672698975 90004
1064455467211981 72 0.0956309735775 6.97274875640869 0.00000000774162 4
1064493383720891 72 -0.78921508789063 3.36457300186157 0.00494426488876 10004
1064531300230860 72 0.37722778320313 5.62969064712524 -0.00301229953766 20004
1064569216714491 72 -3.56112670898438 0.48152196407318 0.02357578277588 30004
1064607133250781 72 0.1956787109375 7.45835399627686 -0.00225067138672 40004
1064645049762091 72 -1.70346069335938 1.95066738128662 0.01133179664612 50004
1064682966270791 72 0.223876953125 4.8482928276062 -0.00225520133972 60004
1064720882784121 72 0.302734375 6.63923215866089 -0.0022234916687 70004
1064758799291451 72 0.338623046875 7.33118629455566 -0.00230264663696 80004
1064796715802621 72 -0.1932373046875 4.30863904953003 0.0007438659668 90004
1064455467211981 73 0.06898710131645 6.57145023345947 0.00000000829459 4
1064493383720891 73 -0.849365234375 2.97882318496704 0.00494450330734 10004
1064531300230861 73 0 7.53247022628784 0 20004
1064569216714491 73 -3.8109130859375 0.50469207763672 0.02357363700867 30004
1064607133250781 73 -0.0006103515625 7.07754802703857 -0.00023913383484 40004
1064645049762091 73 -1.97048950195313 1.62813854217529 0.01341891288757 50004
1064682966270791 73 0.152587890625 4.51945066452026 -0.00024175643921 60004
1064720882784121 73 0.1708984375 6.27558469772339 -0.00021123886108 70004
1064758799291451 73 0.364990234375 6.96434211730957 -0.00230646133423 80004
1064796715802621 73 -0.3763427734375 3.97900390625 0.00277471542358 90004
1064455467211981 74 -0.12473261356354 6.21905374526978 0.00000000814907 4
1064493383720891 74 -1.06675720214844 2.65461659431458 0.00702476501465 10004
1064531300230861 74 0.126220703125 7.99175977706909 -0.00000071525574 20004
1064569216714491 74 -4.0447998046875 0.64139461517334 0.02558135986328 30004
1064607133250781 74 -0.0177001953125 6.64948558807373 -0.000239610672 40004
1064645049762091 74 -2.33981323242188 1.43118000030518 0.01556658744812 50004
1064682966270791 74 0.226806640625 4.19121885299683 -0.00136756896973 60004
1064720882784121 74 0.205078125 5.89036130905151 -0.00020933151245 70004
1064758799291451 74 0.234130859375 6.6206226348877 -0.00230693817139 80004
1064796715802621 74 -0.4036865234375 3.60310745239258 0.00277662277222 90004
1064455467211981 75 -0.19196665287018 5.84746980667114 0.00205782800913 4
1064493383720891 75 -1.24840545654297 2.39714622497559 0.00883573293686 10004
1064531300230861 75 0.27349853515625 8.24267482757568 -0.00112450122833 20004
1064569216714491 75 -4.117919921875 0.67868947982788 0.02558302879333 30004
1064607133250781 75 -0.08056640625 6.22657299041748 -0.00024008750916 40004
1064645049762091 75 -2.54122924804688 1.23687219619751 0.01557040214539 50004
1064682966270791 75 0.3955078125 3.90628147125244 -0.00249648094177 60004
1064720882784121 75 0.11474609375 5.52131986618042 -0.00132989883423 70004
1064758799291451 75 0.117919921875 6.2718391418457 -0.00026893615723 80004
1064796715802621 75 -0.4288330078125 3.22709369659424 0.00277900695801 90004
1064455467211981 76 -0.30138173699379 5.48226308822632 0.00205782800913 4
1064493383720891 76 -1.38335418701172 2.10552859306335 0.00883561372757 10004
1064531300230861 76 0.47969055175781 8.39247798919678 -0.00225138664246 20004
1064569216714491 76 -4.127685546875 0.6807689666748 0.02558434009552 30004
1064607133250781 76 -0.20114135742188 5.81779003143311 0.00177788734436 40004
1064645049762091 76 -2.79000854492188 1.02704000473022 0.01760125160217 50004
1064682966270791 76 0.529296875 3.60615062713623 -0.00249314308167 60004
1064720882784121 76 -0.02197265625 5.15955686569214 0.00068616867065 70004
1064758799291451 76 0.085693359375 5.91420745849609 -0.00026988983154 80004
1064796715802621 76 -0.5318603515625 2.87367725372314 0.0027813911438 90004
1064455467211981 77 -0.45332908630371 5.11764860153198 0.00205782870762 4
1064493383720891 77 -1.62997436523438 1.81189775466919 0.01090222597122 10004
1064531300230861 77 0.71566772460938 8.48081493377686 -0.00450038909912 20004
1064569216714491 77 -4.127685546875 0.6807689666748 0.02558624744415 30004
1064607133250781 77 -0.31863403320313 5.41353130340576 0.00177669525146 40004
1064645049762091 77 -3.11138916015625 0.76959013938904 0.01962161064148 50004
1064682966270791 77 0.5703125 3.27524566650391 -0.00361156463623 60004
1064720882784121 77 -0.122314453125 4.79314374923706 0.00068807601929 70004
1064758799291451 77 0.093017578125 5.5529956817627 -0.00027179718018 80004
1064796715802621 77 -0.7442626953125 2.56971168518066 0.00480699539185 90004
1064455467211981 78 -0.47830680012703 4.74143838882446 0.00205782824196 4
1064493383720891 78 -1.94314575195313 1.62257730960846 0.01278525590897 10004
1064531300230861 78 0.87680053710938 8.47978496551514 -0.00562691688538 20004
1064569216714491 78 -4.127685546875 0.6807689666748 0.0255880355835 30004
1064607133250781 78 -0.30078125 5.01235151290894 0.00177478790283 40004
1064645049762091 78 -3.32562255859375 0.44045349955559 0.02162671089172 50004
1064682966270791 78 0.53460693359375 2.96179556846619 -0.00360894203186 60004
1064720882784121 78 -0.100341796875 4.43125295639038 0.00069046020508 70004
1064758799291451 78 -0.0113525390625 5.22442865371704 -0.00027418136597 80004
1064796715802621 78 -1.0299072265625 2.36015963554382 0.00683927536011 90004
1064455467211981 79 -0.58506590127945 4.38051891326904 0.00408226111904 4
1064493383720891 79 -2.15424346923828 1.32629644870758 0.01278436183929 10004
1064531300230861 79 0.93603515625 8.45675182342529 -0.00562691688538 20004
1064569216714491 79 -4.127685546875 0.6807689666748 0.02558982372284 30004
1064607133250781 79 -0.44204711914063 4.6387825012207 0.00177240371704 40004
1064645049762091 79 -3.39117431640625 0.05585251003504 0.02162957191467 50004
1064682966270791 79 0.6253662109375 2.66165018081665 -0.00360417366028 60004
1064720882784121 79 -0.10400390625 4.06876802444458 0.00069093704224 70004
1064758799291451 79 -0.0849609375 4.88762378692627 -0.00027465820313 80004
1064796715802621 79 -1.2078857421875 2.0567569732666 0.00684213638306 90004
1064455467211981 80 -0.5967710018158 3.98743963241577 0.00408225366846 4
1064493383720891 80 -2.40807342529297 1.10054612159729 0.01481592655182 10004
1064531300230861 80 0.95681762695313 8.44690990447998 -0.00562691688538 20004
1064569216714491 80 -4.0849609375 0.7864670753479 0.02667021751404 30004
1064607133250781 80 -0.51095581054688 4.22250938415527 0.0037853717804 40004
1064645049762091 80 -3.5552978515625 -0.31833425164223 0.02365756034851 50004
1064682966270791 80 0.7568359375 2.35258197784424 -0.00472140312195 60004
1064720882784121 80 -0.0079345703125 3.70304346084595 0.00069427490234 70004
1064758799291451 80 -0.0616455078125 4.52875804901123 0.00081062316895 80004
1064796715802621 80 -1.46612548828125 1.79301190376282 0.00887012481689 90004
1064455467211981 81 -0.60847669839859 3.59435963630676 0.00408224621788 4
1064493383720891 81 -2.66189575195313 0.87479990720749 0.01667338609695 10004
1064531300230861 81 0.95681762695313 8.44690990447998 -0.00562691688538 20004
1064569216714491 81 -4.042236328125 0.892165184021 0.02667188644409 30004
1064607133250781 81 -0.54763793945313 3.79683256149292 0.00378036499023 40004
1064645049762091 81 -3.76309204101563 -0.57845157384872 0.02365803718567 50004
1064682966270791 81 0.9461669921875 2.08339786529541 -0.00583910942078 60004
1064720882784121 81 0.09619140625 3.33741044998169 -0.00042629241943 70004
1064758799291451 81 -0.038330078125 4.16989231109619 0.000807762146 80004
1064796715802621 81 -1.77960205078125 1.58294177055359 0.0108814239502 90004
1064455467211981 82 -0.71668243408203 3.20836234092712 0.0040822410956 4
1064493383720891 82 -2.89382171630859 0.56587392091751 0.01869803667068 10004
1064531300230861 82 0.95352172851563 8.42884540557861 -0.00562691688538 20004
1064569216714491 82 -4.02093505859375 0.89910113811493 0.02667379379272 30004
1064607133250781 82 -0.64566040039063 3.38438129425049 0.00377607345581 40004
1064645049762091 82 -3.93179321289063 -0.67673259973526 0.02567672729492 50004
1064682966270791 82 1.192626953125 1.85933399200439 -0.00695776939392 60004
1064720882784121 82 0.1319580078125 2.95628786087036 -0.00042486190796 70004
1064758799291451 82 -0.0946044921875 3.81021237373352 0.00080680847168 80004
1064796715802621 82 -2.10308837890625 1.38866806030273 0.01293706893921 90004
1064455467211981 83 -0.74151700735092 2.8069531917572 0.00408223643899 4
1064493383720891 83 -3.22783660888672 0.36393275856972 0.02065509557724 10004
1064531300230861 83 0.92715454101563 8.28432941436768 -0.00562691688538 20004
1064569216714491 83 -3.85052490234375 0.95458877086639 0.02555215358734 30004
1064607133250781 83 -0.89321899414063 3.03490543365479 0.00579833984375 40004
1064645049762091 83 -4.04751586914063 -0.69100719690323 0.02567958831787 50004
1064682966270791 83 1.34027099609375 1.55630970001221 -0.00808310508728 60004
1064720882784121 83 0.3087158203125 2.61246919631958 -0.00154495239258 70004
1064758799291451 83 -0.0115966796875 3.45196270942688 0.00080490112305 80004
1064796715802621 83 -2.39410400390625 1.14800643920898 0.0149621963501 90004
1064455467211981 84 -0.90071803331375 2.46974039077759 0.00612489273772 4
1064493383720891 84 -3.42724609375 0.32169228792191 0.02246904373169 10004
1064531300230861 84 0.74275207519531 8.0111780166626 -0.0056266784668 20004
1064569216714491 84 -3.4818115234375 0.91918635368347 0.02330338954926 30004
1064607133250781 84 -1.14712524414063 2.72382593154907 0.007887840271 40004
1064645049762091 84 -4.06198120117188 -0.69279152154922 0.02568292617798 50004
1064682966270791 84 1.572265625 1.34554636478424 -0.00921201705933 60004
1064720882784121 84 0.47760009765625 2.29178500175476 -0.00266790390015 70004
1064758799291451 84 -0.0631103515625 3.11477708816528 0.00080251693726 80004
1064796715802621 84 -2.53643798828125 0.89395189285278 0.01701688766479 90004
1064455467211981 85 -1.11020803451538 2.12696695327759 0.00612488714978 4
1064493383720891 85 -3.60160064697266 0.34310626983643 0.02246809005737 10004
1064531300230861 85 0.59684753417969 7.61026048660278 -0.00357210636139 20004
1064569216714491 85 -3.05548095703125 0.74698811769485 0.01993310451508 30004
1064607133250781 85 -1.23257446289063 2.413010597229 0.0088803768158 40004
1064645049762091 85 -4.06198120117188 -0.69279152154922 0.02568674087524 50004
1064682966270791 85 1.77685546875 1.08604252338409 -0.01034188270569 60004
1064720882784121 85 0.730224609375 2.01102614402771 -0.00379085540771 70004
1064758799291451 85 -0.2205810546875 2.79190921783447 0.00080156326294 80004
1064796715802621 85 -2.5943603515625 0.56140351295471 0.01701974868774 90004
1064455467211981 86 -1.37086129188538 1.83157980442047 0.00818243715912 4
1064493383720891 86 -3.71109771728516 0.38048592209816 0.02426654100418 10004
1064531300230861 86 0.45170593261719 7.16678380966187 -0.003573179245 20004
1064569216714491 86 -2.63504028320313 0.47330784797668 0.01754021644592 30004
1064607133250781 86 -1.34991455078125 2.14478254318237 0.00887703895569 40004
1064645049762091 86 -4.06198120117188 -0.69279152154922 0.02569055557251 50004
1064682966270791 86 1.9715576171875 0.82004195451736 -0.0125949382782 60004
1064720882784121 86 1.01287841796875 1.75240576267242 -0.00603151321411 70004
1064758799291451 86 -0.46575927734375 2.52172827720642 0.00280523300171 80004
1064796715802621 86 -2.54656982421875 0.19537389278412 0.01702356338501 90004
1064455467211981 87 -1.70682311058044 1.61471354961395 0.01018630992621 4
1064493383720891 87 -3.71109771728516 0.38048592209816 0.02426558732986 10004
1064531300230861 87 0.17721557617188 6.77763271331787 -0.00152313709259 20004
1064569216714491 87 -2.22073364257813 0.19434896111488 0.01529312133789 30004
1064607133250781 87 -1.72189331054688 1.93372714519501 0.01099729537964 40004
1064645049762091 87 -4.06198120117188 -0.69279152154922 0.02569437026978 50004
1064682966270791 87 2.24365234375 0.62220972776413 -0.01372504234314 60004
1064720882784121 87 1.24151611328125 1.44275379180908 -0.00714015960693 70004
1064758799291451 87 -0.7559814453125 2.29756450653076 0.00489807128906 80004
1064796715802621 87 -2.382568359375 -0.14080613851547 0.0159125328064 90004
1064455467211981 88 -1.92982041835785 1.28007388114929 0.01220450550318 4
1064493383720891 88 -3.71109771728516 0.38048592209816 0.02426463365555 10004
1064531300230861 88 -0.08052062988281 6.37699460983276 0.00052678585052 20004
1064569216714491 88 -1.72714233398438 0.10282218456268 0.0119206905365 30004
1064607133250781 88 -2.03799438476563 1.64422023296356 0.01304793357849 40004
1064645049762091 88 -4.06198120117188 -0.69279152154922 0.02569818496704 50004
1064682966270791 88 2.53955078125 0.46209818124771 -0.01597261428833 60004
1064720882784121 88 1.544921875 1.20360279083252 -0.00938081741333 70004
1064758799291451 88 -0.9327392578125 1.97502827644348 0.00488948822021 80004
1064796715802621 88 -2.097412109375 -0.38454526662827 0.01368474960327 90004
1064455467211981 89 -2.25071930885315 1.04750633239746 0.01433154009283 4
1064493383720891 89 -3.71109771728516 0.38048592209816 0.02426367998123 10004
1064531300230861 89 -0.1810302734375 5.91840982437134 0.00052630901337 20004
1064569216714491 89 -1.28927612304688 -0.13071024417877 0.00855076313019 30004
1064607133250781 89 -2.42929077148438 1.48517966270447 0.01510524749756 40004
1064645049762091 89 -4.05642700195313 -0.55645173788071 0.02570152282715 50004
1064682966270791 89 2.75872802734375 0.21254022419453 -0.01710176467896 60004
1064720882784121 89 1.7481689453125 0.88143599033356 -0.01050138473511 70004
1064758799291451 89 -1.20709228515625 1.737748503685 0.0069408416748 80004
1064796715802621 89 -1.8804931640625 -0.68818962574005 0.01257848739624 90004
1064455467211981 90 -2.52642393112183 0.76782596111298 0.01640567928553 4
1064493383720891 90 -3.70876312255859 0.38475921750069 0.02426308393478 10004
1064531300230861 90 -0.12968444824219 5.45604276657104 0.00052440166473 20004
1064569216714491 90 -0.94967651367188 -0.48407727479935 0.00615859031677 30004
1064607133250781 90 -2.72183227539063 1.32439708709717 0.01724433898926 40004
1064645049762091 90 -4.05343627929688 -0.48303806781769 0.02570509910583 50004
1064682966270791 90 2.88458251953125 -0.09110367298126 -0.01822662353516 60004
1064720882784121 90 1.999267578125 0.6013320684433 -0.01274442672729 70004
1064758799291451 90 -1.4361572265625 1.46112036705017 0.00894784927368 80004
1064796715802621 90 -1.7518310546875 -1.03489005565643 0.01147174835205 90004
1064455467211981 91 -2.76559782028198 0.48552179336548 0.01847744733095 4
1064493383720891 91 -3.66476440429688 0.42004737257957 0.0242628455162 10004
1064531300230861 91 -0.02569580078125 5.02446985244751 0.00052320957184 20004
1064569216714491 91 -0.74435424804688 -0.89781230688095 0.00503444671631 30004
1064607133250781 91 -2.96298217773438 1.16459512710571 0.01928448677063 40004
1064645049762091 91 -4.05343627929688 -0.48303806781769 0.02570867538452 50004
1064682966270791 91 2.91357421875 -0.39042809605598 -0.018226146698 60004
1064720882784121 91 2.2550048828125 0.35616567730904 -0.01386451721191 70004
1064758799291451 91 -1.63189697265625 1.1849764585495 0.01097297668457 80004
1064796715802621 91 -1.646728515625 -1.36475038528442 0.0114860534668 90004
1064455467211981 92 -3.10909509658813 0.27650222182274 0.02055137977004 4
1064493383720891 92 -3.50016021728516 0.54031908512115 0.02313899993896 10004
1064531300230861 92 0.00286865234375 4.54904413223267 0.00052177906036 20004
1064569216714491 92 -0.67404174804688 -1.39477217197418 0.00502920150757 30004
1064607133250781 92 -3.37185668945313 1.03566217422485 0.02134084701538 40004
1064645049762091 92 -4.05343627929688 -0.48303806781769 0.02571249008179 50004
1064682966270791 92 2.84423828125 -0.68117171525955 -0.01822590827942 60004
1064720882784121 92 2.4346923828125 0.01484168879688 -0.01498460769653 70004
1064758799291451 92 -1.92877197265625 0.96737086772919 0.01300477981567 80004
1064796715802621 92 -1.4234619140625 -1.66824197769165 0.00924777984619 90004
1064455467211981 93 -3.36171245574951 -0.03635111451149 0.02055136300623 4
1064493383720891 93 -3.11709594726563 0.61585485935211 0.02089190483093 10004
1064531300230861 93 -0.17193603515625 4.10590171813965 0.00052118301392 20004
1064569216714491 93 -0.82052612304688 -1.87448751926422 0.00502669811249 30004
1064607133250781 93 -3.7403564453125 0.97228097915649 0.02339887619019 40004
1064645049762091 93 -3.93869018554688 -0.45716392993927 0.02571821212769 50004
1064682966270791 93 2.63592529296875 -0.9448578953743 -0.01620221138 60004
1064720882784121 93 2.4444580078125 -0.17825923860073 -0.01498365402222 70004
1064758799291451 93 -2.28912353515625 0.89547049999237 0.01510381698608 80004
1064796715802621 93 -1.34930419921875 -2.03767848014832 0.00925397872925 90004
1064455467211981 94 -3.69571423530579 -0.247155636549 0.02459916472435 4
1064493383720891 94 -2.73701477050781 0.56466233730316 0.01864469051361 10004
1064531300230861 94 -0.19378662109375 3.6385498046875 0.00051784515381 20004
1064569216714491 94 -0.8048095703125 -2.36713624000549 0.00502240657806 30004
1064607133250781 94 -3.9918212890625 0.9491171836853 0.025475025177 40004
1064645049762091 94 -3.66830444335938 -0.49264335632324 0.02460193634033 50004
1064682966270791 94 2.36907958984375 -1.11820077896118 -0.01620149612427 60004
1064720882784121 94 2.3377685546875 -0.49556824564934 -0.01498174667358 70004
1064758799291451 94 -2.64727783203125 0.94295418262482 0.0171275138855 80004
1064796715802621 94 -1.1639404296875 -2.35765528678894 0.0081353187561 90004
1064455467211981 95 -3.97678375244141 -0.33744406700134 0.02631295286119 4
1064493383720891 95 -2.39541625976563 0.39549544453621 0.01639807224274 10004
1064531300230861 95 -0.06591796875 3.19149804115295 0.00051581859589 20004
1064569216714491 95 -0.84295654296875 -2.85547280311584 0.00501835346222 30004
1064607133250781 95 -4.0980224609375 0.94423818588257 0.02547192573547 40004
1064645049762091 95 -3.29925537109375 -0.50072234869003 0.02236032485962 50004
1064682966270791 95 2.05804443359375 -1.20190572738647 -0.01419997215271 60004
1064720882784121 95 2.1234130859375 -0.80692625045776 -0.01296091079712 70004
1064758799291451 95 -2.89776611328125 1.04411900043488 0.01914119720459 80004
1064796715802621 95 -1.0169677734375 -2.69411730766296 0.00701475143433 90004
1064455467211981 96 -4.16922378540039 -0.32178935408592 0.02631291374564 4
1064493383720891 96 -2.07252502441406 0.18846510350704 0.01415032148361 10004
1064531300230861 96 0.19990539550781 2.80671620368958 -0.00060844421387 20004
1064569216714491 96 -0.93585205078125 -3.33949780464172 0.00702273845673 30004
1064607133250781 96 -4.0980224609375 0.94423818588257 0.02546811103821 40004
1064645049762091 96 -2.88568115234375 -0.4938115477562 0.01884984970093 50004
1064682966270791 96 1.73260498046875 -1.26098346710205 -0.0121796131134 60004
1064720882784121 96 1.8306884765625 -1.05914807319641 -0.01295852661133 70004
1064758799291451 96 -3.00543212890625 1.13040745258331 0.01913928985596 80004
1064796715802621 96 -0.9288330078125 -3.05888342857361 0.00701570510864 90004
1064455467211981 97 -4.33606052398682 -0.24778339266777 0.02833103388548 4
1064493383720891 97 -1.69339752197266 0.09503044188023 0.01190221309662 10004
1064531300230861 97 0.58277893066406 2.52338337898254 -0.00285661220551 20004
1064569216714491 97 -0.86651611328125 -3.83645749092102 0.00590062141418 30004
1064607133250781 97 -4.0980224609375 0.94423818588257 0.02546429634094 40004
1064645049762091 97 -2.47747802734375 -0.585489153862 0.01645803451538 50004
1064682966270791 97 1.438720703125 -1.42475032806396 -0.01010131835938 60004
1064720882784121 97 1.5093994140625 -1.27602124214172 -0.0108470916748 70004
1064758799291451 97 -3.00543212890625 1.13040745258331 0.01913928985596 80004
1064796715802621 97 -0.7930908203125 -3.40964484214783 0.00589799880981 90004
1064455467211981 98 -4.33606815338135 -0.24778339266777 0.02833103947341 4
1064493383720891 98 -1.3892822265625 -0.14986509084702 0.00965481996536 10004
1064531300230861 98 0.86616516113281 2.14083409309387 -0.00510430335999 20004
1064569216714491 98 -0.75567626953125 -4.32580709457397 0.00590133666992 30004
1064607133250781 98 -4.0980224609375 0.94423818588257 0.02546048164368 40004
1064645049762091 98 -2.05886840820313 -0.59545314311981 0.01421880722046 50004
1064682966270791 98 1.24224853515625 -1.69741535186768 -0.00808787345886 60004
1064720882784121 98 1.3111572265625 -1.607905626297 -0.00877666473389 70004
1064758799291451 98 -3.00543212890625 1.13040745258331 0.01913928985596 80004
1064796715802621 98 -0.7891845703125 -3.78641104698181 0.00590038299561 90004
1064455467211981 99 -4.34935235977173 -0.20172014832497 0.02833103388548 4
1064493383720891 99 -1.10966491699219 -0.42144867777824 0.00740885734558 10004
1064531300230861 99 1.24806213378906 1.86936402320862 -0.00735259056091 20004
1064569216714491 99 -0.74136352539063 -4.82421445846558 0.00477468967438 30004
1064607133250781 99 -4.0980224609375 0.94423818588257 0.02545666694641 40004
1064645049762091 99 -1.67379760742188 -0.73733460903168 0.01085758209229 50004
1064682966270791 99 1.0413818359375 -1.96688747406006 -0.00600910186768 60004
1064720882784121 99 1.10260009765625 -1.93381905555725 -0.00675249099731 70004
1064758799291451 99 -3.00543212890625 1.13040745258331 0.01913928985596 80004
1064796715802621 99 -0.7545166015625 -4.16102313995361 0.00590372085571 90004
1064455467211981 100 -4.35400152206421 -0.12091979384422 0.028331046924 4
1064493383720891 100 -0.91007995605469 -0.74618381261826 0.00628489255905 10004
1064531300230861 100 1.59346008300781 1.55828976631165 -0.00960052013397 20004
1064569216714491 100 -0.65249633789063 -5.30610227584839 0.00477015972137 30004
1064607133250781 100 -4.0684814453125 0.99101781845093 0.02647948265076 40004
1064645049762091 100 -1.33050537109375 -0.9687956571579 0.0086190700531 50004
1064682966270791 100 0.8533935546875 -2.24540209770203 -0.00600624084473 60004
1064720882784121 100 0.96954345703125 -2.28721690177917 -0.00675010681152 70004
1064758799291451 100 -3.00543212890625 1.13040745258331 0.01913928985596 80004
1064796715802621 100 -0.7257080078125 -4.53624439239502 0.00478410720825 90004
1064455467211981 101 -4.34770202636719 -0.04578144103289 0.02833104133606 4
1064493383720891 101 -0.8245849609375 -1.11998689174652 0.00628381967545 10004
1064531300230861 101 1.90461730957031 1.20890069007874 -0.01184844970703 20004
1064569216714491 101 -0.51055908203125 -5.77822065353394 0.00364434719086 30004
1064607133250781 101 -4.024169921875 1.06118726730347 0.0264744758606 40004
1064645049762091 101 -1.06805419921875 -1.23936462402344 0.00749802589417 50004
1064682966270791 101 0.7149658203125 -2.54554438591003 -0.00399565696716 60004
1064720882784121 101 0.87579345703125 -2.65535235404968 -0.00674867630005 70004
1064758799291451 101 -3.00543212890625 1.13040745258331 0.01913928985596 80004
1064796715802621 101 -0.7325439453125 -4.91146945953369 0.0047869682312 90004
1064455467211981 102 -4.34770965576172 -0.04578144103289 0.02833102829754 4
1064493383720891 102 -0.86490631103516 -1.50831544399261 0.00628304481506 10004
1064531300230861 102 2.31913757324219 0.9744588136673 -0.01409661769867 20004
1064569216714491 102 -0.52911376953125 -6.27964735031128 0.00364363193512 30004
1064607133250781 102 -4.024169921875 1.06118726730347 0.02647066116333 40004
1064645049762091 102 -0.95867919921875 -1.49043846130371 0.00637578964233 50004
1064682966270791 102 0.6798095703125 -2.8802535533905 -0.00399327278137 60004
1064720882784121 102 0.66485595703125 -2.97927355766296 -0.0046968460083 70004
1064758799291451 102 -3.00543212890625 1.13040745258331 0.01913928985596 80004
1064796715802621 102 -0.7979736328125 -5.28272342681885 0.00478982925415 90004
1064455467211981 103 -4.34771728515625 -0.04578144103289 0.02833101339638 4
1064493383720891 103 -0.73748779296875 -1.87729346752167 0.00515961647034 10004
1064531300230861 103 2.5792236328125 0.6102648973465 -0.01634526252747 20004
1064569216714491 103 -0.33419799804688 -6.74199628829956 0.00251877307892 30004
1064607133250781 103 -4.024169921875 1.06118726730347 0.02646684646606 40004
1064645049762091 103 -0.96942138671875 -1.90882301330566 0.00637650489807 50004
1064682966270791 103 0.5069580078125 -3.16887354850769 -0.00399041175842 60004
1064720882784121 103 0.50177001953125 -3.32979846000671 -0.00268220901489 70004
1064758799291451 103 -3.00250244140625 1.13009083271027 0.01913642883301 80004
1064796715802621 103 -0.7149658203125 -5.5955057144165 0.00479555130005 90004
1064455467211981 104 -4.23917531967163 -0.02624580636621 0.02833100408316 4
1064493383720891 104 -0.673583984375 -2.26056861877441 0.00515967607498 10004
1064531300230861 104 2.70989990234375 0.16797868907452 -0.01635098457336 20004
1064569216714492 104 0.0904541015625 -7.80586242675781 -0.00000095367432 30004
1064607133250781 104 -3.8707275390625 1.01322793960571 0.0253381729126 40004
1064645049762091 104 -0.85162353515625 -2.30325794219971 0.00637722015381 50004
1064682966270791 104 0.4373779296875 -3.49206042289734 -0.00198817253113 60004
1064720882784121 104 0.46099853515625 -3.70749163627625 -0.00267553329468 70004
1064758799291451 104 -2.89483642578125 1.10307657718658 0.01913261413574 80004
1064796715802621 104 -0.5133056640625 -5.88969135284424 0.00367736816406 90004
1064455467211981 105 -3.99406814575195 0.00845118612051 0.02608482167125 4
1064493383720891 105 -0.71475219726563 -2.63949966430664 0.00515967607498 10004
1064531300230861 105 2.71272277832031 -0.22370627522469 -0.01747512817383 20004
1064569216714492 105 0.1507568359375 -7.46026611328125 -0.00000357627869 30004
1064607133250781 105 -3.66299438476563 0.91742563247681 0.02420616149902 40004
1064645049762091 105 -0.78009033203125 -2.70555591583252 0.00525522232056 50004
1064682966270791 105 0.4324951171875 -3.82717776298523 -0.00199031829834 60004
1064720882784121 105 0.37945556640625 -4.0761284828186 -0.0026707649231 70004
1064758799291451 105 -2.67999267578125 1.00301516056061 0.01800394058228 80004
1064796715802621 105 -0.3443603515625 -6.21553134918213 0.00255918502808 90004
1064455467211981 106 -3.64378714561462 0.08332525193691 0.02383870072663 4
1064493383720891 106 -0.80282592773438 -2.97051858901978 0.00515991449356 10004
1064531300230861 106 2.62849426269531 -0.48821499943733 -0.01747584342957 20004
1064569216714492 106 0.1964111328125 -7.03805160522461 -0.00112926959991 30004
1064607133250781 106 -3.41806030273438 0.76496624946594 0.02307724952698 40004
1064645049762091 106 -0.80828857421875 -3.12271118164063 0.00525593757629 50004
1064682966270791 106 0.4219970703125 -4.15757083892822 -0.00199270248413 60004
1064720882784121 106 0.25714111328125 -4.43570947647095 -0.00266885757446 70004
1064758799291451 106 -2.38385009765625 0.8361097574234 0.01575231552124 80004
1064796715802622 106 0.0419921875 -7.90993690490723 -0.00000190734863 90004
1064455467211981 107 -3.27900648117065 0.25279706716537 0.02159259282053 4
1064493383720891 107 -0.77934265136719 -3.18523263931274 0.00516033172607 10004
1064531300230861 107 2.53546142578125 -0.60119450092316 -0.01546192169189 20004
1064569216714492 107 0.3790283203125 -6.64622116088867 -0.00225019454956 30004
1064607133250781 107 -3.0721435546875 0.53810524940491 0.02083230018616 40004
1064645049762091 107 -0.86834716796875 -3.53689956665039 0.00525641441345 50004
1064682966270791 107 0.3038330078125 -4.47256565093994 -0.00199460983276 60004
1064720882784121 107 0.25714111328125 -4.82245874404907 -0.00266885757446 70004
1064758799291451 107 -2.06060791015625 0.6611191034317 0.01350164413452 80004
1064796715802622 107 0.2099609375 -7.54968452453613 -0.00113248825073 90004
1064455467211981 108 -2.87795400619507 0.28356105089188 0.0191999822855 4
1064493383720891 108 -0.74772644042969 -3.57435083389282 0.00516074895859 10004
1064531300230861 108 2.23811340332031 -0.7431126832962 -0.01419103145599 20004
1064569216714492 108 0.3790283203125 -6.2354850769043 -0.00224828720093 30004
1064607133250781 108 -2.64877319335938 0.47711470723152 0.01731538772583 40004
1064645049762091 108 -0.74774169921875 -3.93766021728516 0.00525832176208 50004
1064682966270791 108 0.2589111328125 -4.80604648590088 -0.00199580192566 60004
1064720882784121 108 0.09405517578125 -5.17298364639282 -0.00064563751221 70004
1064758799291451 108 -1.78717041015625 0.41468471288681 0.01237297058105 80004
1064796715802622 108 0.2568359375 -7.15491676330566 -0.00113916397095 90004
1064455467211981 109 -2.49533605575562 0.18504571914673 0.01695385947824 4
1064493383720891 109 -0.62884521484375 -3.94256615638733 0.00516086816788 10004
1064531300230861 109 1.86314392089844 -0.78129363059998 -0.01154124736786 20004
1064569216714492 109 0.5159912109375 -5.83892822265625 -0.00224590301514 30004
1064607133250781 109 -2.24325561523438 0.34524813294411 0.01506567001343 40004
1064645049762091 109 -0.76263427734375 -4.34849500656128 0.00525832176208 50004
1064682966270791 109 0.2022705078125 -5.13762760162354 -0.0019965171814 60004
1064720882784121 109 0.05328369140625 -5.55067682266235 -0.00064516067505 70004
1064758799291451 109 -1.57452392578125 0.11774341762066 0.01124429702759 80004
1064796715802622 109 0.2216796875 -6.76180839538574 -0.00114297866821 90004
1064455467211981 110 -2.1065776348114 0.12962412834167 0.01358471252024 4
1064493383720891 110 -0.56402587890625 -4.31819343566895 0.0040368437767 10004
1064531300230861 110 1.51017761230469 -0.84217417240143 -0.00890731811523 20004
1064569216714492 110 0.6072998046875 -5.44689559936523 -0.00336682796478 30004
1064607133250781 110 -1.96896362304688 0.19009591639042 0.01281142234802 40004
1064645049762091 110 -0.73236083984375 -4.75597333908081 0.0052592754364 50004
1064682966270791 110 0.2144775390625 -5.46595478057861 -0.00199770927429 60004
1064720882784121 110 0.11724853515625 -5.92652750015259 -0.00064516067505 70004
1064758799291451 110 -1.4559326171875 -0.22188358008862 0.01010513305664 80004
1064796715802622 110 0.2451171875 -6.37444114685059 -0.00114917755127 90004
1064455467211981 111 -1.71166110038757 0.11729527264833 0.01133860368282 4
1064493383720891 111 -0.58074951171875 -4.70822906494141 0.00403624773026 10004
1064531300230861 111 1.18989562988281 -1.00725889205933 -0.00755548477173 20004
1064569216714492 111 0.566162109375 -5.05276107788086 -0.00336515903473 30004
1064607133250781 111 -1.84072875976563 0.02258254773915 0.01280117034912 40004
1064645049762091 111 -0.65692138671875 -5.16009473800659 0.00413775444031 50004
1064682966270791 111 0.2860107421875 -5.7940034866333 -0.00199913978577 60004
1064720882784121 111 0.28082275390625 -6.26940774917603 -0.00176525115967 70004
1064758799291451 111 -1.4110107421875 -0.58711355924606 0.01008701324463 80004
1064796715802622 111 0.34912109375 -5.99089050292969 -0.00115871429443 90004
1064455467211981 112 -1.33518648147583 -0.02431349083781 0.009092499502 4
1064493383720891 112 -0.59234619140625 -5.09846496582031 0.00403565168381 10004
1064531300230861 112 0.82476806640625 -1.31307435035706 -0.00554597377777 20004
1064569216714492 112 0.401611328125 -4.65292739868164 -0.00336360931396 30004
1064607133250781 112 -1.77188110351563 -0.18303319811821 0.01167845726013 40004
1064645049762091 112 -0.71697998046875 -5.57428693771362 0.00413918495178 50004
1064682966270791 112 0.3172607421875 -6.12907886505127 -0.0020010471344 60004
1064720882784122 112 0 -8 0 70004
1064758799291451 112 -1.36138916015625 -0.95160216093063 0.00894641876221 80004
1064796715802622 112 0.43701171875 -5.60322570800781 -0.00228881835938 90004
1064455467211981 113 -0.97691679000854 -0.20713579654694 0.00684640835971 4
1064493383720891 113 -0.43797302246094 -5.45706081390381 0.00291132926941 10004
1064531300230861 113 0.66555786132813 -1.65365469455719 -0.00353634357452 20004
1064569216714492 113 0.421630859375 -4.22104263305664 -0.00336003303528 30004
1064607133250781 113 -1.81924438476563 -0.60885894298553 0.01168036460876 40004
1064645049762091 113 -0.59674072265625 -5.97505140304565 0.00414395332336 50004
1064682966270791 113 0.2039794921875 -6.44590473175049 -0.00200200080872 60004
1064720882784122 113 0.09375 -7.79824066162109 0.00000190734863 70004
1064758799291451 113 -1.162109375 -1.26111733913422 0.00780725479126 80004
1064796715802622 113 0.35302734375 -5.21475219726563 -0.0022931098938 90004
1064455467211981 114 -0.73388355970383 -0.44951725006104 0.00572335440665 4
1064493383720891 114 -0.30136108398438 -5.82259368896484 0.00291192531586 10004
1064531300230861 114 0.45150756835938 -2.05071425437927 -0.00353741645813 20004
1064569216714492 114 0.5262451171875 -3.8045482635498 -0.00335729122162 30004
1064607133250781 114 -1.72854614257813 -1.01962029933929 0.01168441772461 40004
1064645049762091 114 -0.53179931640625 -6.38713979721069 0.00415301322937 50004
1064682966270792 114 0.04541015625 -7.90204429626465 -0.00000190734863 60004
1064720882784122 114 0.1171875 -7.48441505432129 0.00000286102295 70004
1064758799291451 114 -1.075927734375 -1.61186254024506 0.00779104232788 80004
1064796715802622 114 0.39794921875 -4.82688522338867 -0.0022988319397 90004
1064455467211981 115 -0.59149038791656 -0.75472193956375 0.00460029672831 4
1064493383720891 115 -0.22494506835938 -6.20142030715942 0.0017883181572 10004
1064531300230861 115 0.31809997558594 -2.49615478515625 -0.00149881839752 20004
1064569216714492 115 0.6715087890625 -3.39763450622559 -0.00335443019867 30004
1064607133250781 115 -1.68392944335938 -1.43540322780609 0.01168727874756 40004
1064645049762092 115 0.0537109375 -7.88468170166016 0.00000143051147 50004
1064682966270792 115 0.0771484375 -7.82515525817871 -0.00000286102295 60004
1064720882784122 115 0.19140625 -7.14968681335449 -0.0011191368103 70004
1064758799291451 115 -1.035888671875 -1.97736394405365 0.00777292251587 80004
1064796715802622 115 0.39990234375 -4.43881607055664 -0.00230503082275 90004
1064455467211981 116 -0.55233609676361 -1.11417829990387 0.00347724161111 4
1064493383720892 116 0.03341674804688 -7.92833709716797 0 10004
1064531300230861 116 0.23405456542969 -2.95641708374023 -0.00149941444397 20004
1064569216714492 116 0.86886596679688 -3.02128505706787 -0.00448060035706 30004
1064607133250781 116 -1.72213745117188 -1.8181289434433 0.01168751716614 40004
1064645049762092 116 0.13427734375 -7.62968635559082 0.00000476837158 50004
1064682966270792 116 0.108154296875 -7.76220321655273 -0.00000476837158 60004
1064720882784122 116 0.302734375 -6.8670825958252 -0.00111675262451 70004
1064758799291451 116 -0.966796875 -2.33203935623169 0.00663280487061 80004
1064796715802622 116 0.35888671875 -4.05054473876953 -0.00230884552002 90004
1064455467211981 117 -0.63618916273117 -1.50749826431274 0.00347724184394 4
1064493383720892 117 0.16708374023438 -7.64171981811523 -0.00000095367432 10004
1064531300230861 117 0.00178527832031 -3.37225270271301 0.00055658817291 20004
1064569216714492 117 1.18197631835938 -2.72327327728271 -0.00673055648804 30004
1064607133250781 117 -1.73287963867188 -2.07155585289001 0.01168942451477 40004
1064645049762092 117 0.13427734375 -7.30161476135254 0.00000858306885 50004
1064682966270792 117 0.223388671875 -7.57990646362305 -0.00113105773926 60004
1064720882784122 117 0.302734375 -6.69149208068848 -0.00111675262451 70004
1064758799291451 117 -0.7841796875 -2.65120363235474 0.00549077987671 80004
1064796715802622 117 0.44677734375 -3.66287660598755 -0.00231647491455 90004
1064455467211981 118 -0.54594892263412 -1.8994607925415 0.00347724184394 4
1064493383720892 118 0.16708374023438 -7.32548904418945 -0.00000286102295 10004
1064531300230861 118 -0.03312683105469 -3.84730458259583 0.00055587291718 20004
1064569216714492 118 1.24905395507813 -2.30086493492126 -0.00710093975067 30004
1064607133250781 118 -1.84085083007813 -2.22749018669128 0.01262211799622 40004
1064645049762092 118 0.27294921875 -7.00428199768066 -0.00111198425293 50004
1064682966270792 118 0.258544921875 -7.30634689331055 -0.00113391876221 60004
1064720882784122 118 0.3701171875 -6.50641059875488 -0.00223684310913 70004
1064758799291451 118 -0.7529296875 -3.01771593093872 0.00547361373901 80004
1064796715802622 118 0.43310546875 -3.26562547683716 -0.00232028961182 90004
1064455467211981 119 -0.50113236904144 -2.29827165603638 0.0034772423096 4
1064493383720892 119 0.23435211181641 -7.0189208984375 -0.0011277794838 10004
1064531300230861 119 0.07698059082031 -4.30286121368408 0.00055408477783 20004
1064569216714492 119 1.48358154296875 -1.97674036026001 -0.00934588909149 30004
1064607133250781 119 -1.87945556640625 -2.23193073272705 0.01300835609436 40004
1064645049762092 119 0.3076171875 -6.68389511108398 -0.00111103057861 50004
1064682966270792 119 0.333251953125 -6.95698738098145 -0.001136302948 60004
1064720882784122 119 0.369384765625 -6.25895881652832 -0.00223398208618 70004
1064758799291451 119 -0.84033203125 -3.36823225021362 0.00546216964722 80004
1064796715802622 119 0.5452880859375 -2.89183759689331 -0.00344705581665 90004
1064455467211981 120 -0.406374335289 -2.68335843086243 0.00347723904997 4
1064493383720892 120 0.32816314697266 -6.7399959564209 -0.00112920999527 10004
1064531300230861 120 0.13345336914063 -4.76444339752197 -0.00056993961334 20004
1064569216714492 120 1.81829833984375 -1.70545244216919 -0.01159179210663 30004
1064607133250781 120 -2.00152587890625 -2.23193073272705 0.01309466362 40004
1064645049762092 120 0.376953125 -6.37119293212891 -0.00223255157471 50004
1064682966270792 120 0.338134765625 -6.58131980895996 -0.00225710868835 60004
1064720882784122 120 0.393798828125 -6.02504539489746 -0.00223302841187 70004
1064758799291451 120 -0.890625 -3.69702863693237 0.00544834136963 80004
1064796715802622 120 0.7684326171875 -2.57579946517944 -0.00456476211548 90004
1064455467211981 121 -0.28788462281227 -3.01042175292969 0.00235419208184 4
1064493383720892 121 0.39612579345703 -6.47021675109863 -0.00225359201431 10004
1064531300230861 121 0.03854370117188 -5.22259521484375 -0.00056993961334 20004
1064569216714492 121 2.14056396484375 -1.42895078659058 -0.01271283626556 30004
1064607133250781 121 -2.17779541015625 -2.23087215423584 0.01309013366699 40004
1064645049762092 121 0.48095703125 -6.06617546081543 -0.00223064422607 50004
1064682966270792 121 0.301513671875 -6.20513153076172 -0.00225329399109 60004
1064720882784122 121 0.447265625 -5.8661937713623 -0.00223302841187 70004
1064758799291451 121 -0.8251953125 -4.01112604141235 0.00543117523193 80004
1064796715802622 121 1.0264892578125 -2.28472566604614 -0.00568294525146 90004
1064455467211981 122 -0.29344272613525 -3.2114372253418 0.00235419371165 4
1064493383720892 122 0.37427520751953 -6.15474891662598 -0.00225454568863 10004
1064531300230861 122 -0.20347595214844 -5.63285827636719 0.00147294998169 20004
1064569216714492 122 2.361083984375 -1.05663061141968 -0.01496136188507 30004
1064607133250781 122 -2.19732666015625 -2.226637840271 0.01308631896973 40004
1064645049762092 122 0.48095703125 -5.73810386657715 -0.00223064422607 50004
1064682966270792 122 0.389404296875 -5.83050537109375 -0.00224804878235 60004
1064720882784122 122 0.4443359375 -5.82954216003418 -0.00223159790039 70004
1064758799291451 122 -0.6435546875 -4.33029413223267 0.00429773330688 80004
1064796715802622 122 1.1798095703125 -1.91875886917114 -0.0067892074585 90004
1064455467211981 123 -0.47340229153633 -3.57106304168701 0.00235419394448 4
1064493383720892 123 0.32520294189453 -5.84235572814941 -0.0022554397583 10004
1064531300230861 123 -0.24937438964844 -6.10696411132813 0.00147032737732 20004
1064569216714492 123 2.399658203125 -0.84391856193542 -0.0149632692337 30004
1064607133250781 123 -2.38336181640625 -2.08473110198975 0.01509213447571 40004
1064645049762092 123 0.61962890625 -5.44077110290527 -0.00335121154785 50004
1064682966270792 123 0.311279296875 -5.45379638671875 -0.00224494934082 60004
1064720882784122 123 0.423828125 -5.6181697845459 -0.00223016738892 70004
1064758799291451 123 -0.6142578125 -4.69681024551392 0.00429248809814 80004
1064796715802622 123 1.47320556640625 -1.65265130996704 -0.00901556015015 90004
1064455467211981 124 -0.52672517299652 -3.962482213974 0.00235419161618 4
1064493383720892 124 0.37866973876953 -5.53634262084961 -0.00225698947906 10004
1064531300230861 124 -0.14179992675781 -6.5622878074646 0.00146818161011 20004
1064569216714492 124 2.382568359375 -0.53745126724243 -0.0149644613266 30004
1064607133250781 124 -2.5203857421875 -1.87650585174561 0.01712608337402 40004
1064645049762092 124 0.654296875 -5.12038421630859 -0.00335121154785 50004
1064682966270792 124 0.347412109375 -5.07642364501953 -0.00224041938782 60004
1064720882784122 124 0.506591796875 -5.31693840026855 -0.00222778320313 70004
1064758799291451 124 -0.702880859375 -5.04732751846313 0.00428485870361 80004
1064796715802622 124 1.79351806640625 -1.41968584060669 -0.01124811172485 90004
1064455467211981 125 -0.45235112309456 -4.34803676605225 0.00323436502367 4
1064493383720892 125 0.40106964111328 -5.24783706665039 -0.00225853919983 10004
1064531300230862 125 0.0609130859375 -7.86935806274414 -0.00000023841858 20004
1064569216714492 125 2.253173828125 -0.18337728083134 -0.01496565341949 30004
1064607133250781 125 -2.5906982421875 -1.54737377166748 0.01712369918823 40004
1064645049762092 125 0.7236328125 -4.80768203735352 -0.00447273254395 50004
1064682966270792 125 0.338134765625 -4.70083618164063 -0.00223684310913 60004
1064720882784122 125 0.549072265625 -4.98569679260254 -0.00334930419922 70004
1064758799291451 125 -0.78216552734375 -5.40315103530884 0.0042781829834 80004
1064796715802622 125 2.15289306640625 -1.27785062789917 -0.01348257064819 90004
1064455467211981 126 -0.33388125896454 -4.6757435798645 0.00323436129838 4
1064493383720892 126 0.37711334228516 -4.96436309814453 -0.00225973129272 10004
1064531300230862 126 0.15228271484375 -7.64832878112793 -0.00000095367432 20004
1064569216714492 126 2.0673828125 0.20094418525696 -0.01293897628784 30004
1064607133250781 126 -2.5650634765625 -1.12735366821289 0.01712107658386 40004
1064645049762092 126 0.82763671875 -4.50266456604004 -0.00446939468384 50004
1064682966270792 126 0.287109375 -4.32625198364258 -0.00223326683044 60004
1064720882784122 126 0.55078125 -4.6533317565918 -0.00334787368774 70004
1064758799291451 126 -0.77410888671875 -5.76434373855591 0.00426769256592 80004
1064796715802622 126 2.54473876953125 -1.23635387420654 -0.0157208442688 90004
1064455467211981 127 -0.33951079845428 -4.87934923171997 0.00323435803875 4
1064493383720892 127 0.40982818603516 -4.64981842041016 -0.00226175785065 10004
1064531300230862 127 0.15228271484375 -7.54806327819824 -0.00000095367432 20004
1064569216714492 127 1.99365234375 0.62694191932678 -0.01293671131134 30004
1064607133250781 127 -2.4024658203125 -0.73107081651688 0.01599431037903 40004
1064645049762092 127 0.82763671875 -4.17459297180176 -0.00446557998657 50004
1064682966270792 127 0.361328125 -3.94865870475769 -0.0022280216217 60004
1064720882784122 127 0.654296875 -4.31776809692383 -0.00334501266479 70004
1064758799291451 127 -0.64947509765625 -6.1097264289856 0.00426006317139 80004
1064796715802622 127 2.94024658203125 -1.25562381744385 -0.01795816421509 90004
1064455467211981 128 -0.4794128537178 -5.25640678405762 0.00323435454629 4
1064493383720892 128 0.30655670166016 -4.35094451904297 -0.00226271152496 10004
1064531300230862 128 0.25408935546875 -7.27837944030762 -0.00112497806549 20004
1064569216714492 128 1.74658203125 0.98184609413147 -0.01090288162231 30004
1064607133250781 128 -2.08694458007813 -0.44069415330887 0.01373934745789 40004
1064645049762092 128 0.7568359375 -3.85420417785645 -0.00446438789368 50004
1064682966270792 128 0.5751953125 -3.6285560131073 -0.00334572792053 60004
1064720882784122 128 0.6064453125 -3.96988296508789 -0.00334453582764 70004
1064758799291451 128 -0.57232666015625 -6.4689793586731 0.0042552947998 80004
1064796715802622 128 3.2916259765625 -1.44088077545166 -0.02020645141602 90004
1064455467211981 129 -0.48996749520302 -5.65131998062134 0.00323434756137 4
1064493383720892 129 0.24449157714844 -4.04186820983887 -0.00226408243179 10004
1064531300230862 129 0.36033630371094 -7.07390975952148 -0.00224936008453 20004
1064569216714492 129 1.6295166015625 1.39007115364075 -0.01090276241302 30004
1064607133250781 129 -1.70208740234375 -0.27055591344833 0.01148581504822 40004
1064645049762092 129 0.7926025390625 -3.5339527130127 -0.00446200370789 50004
1064682966270792 129 0.6513671875 -3.39901041984558 -0.00334143638611 60004
1064720882784122 129 0.45166015625 -3.66164875030518 -0.003342628479 70004
1064758799291452 129 0.046875 -7.8989086151123 -0.00000286102295 80004
1064796715802622 129 3.4693603515625 -1.60589456558228 -0.02133226394653 90004
1064455467211981 130 -0.37422209978104 -6.02654123306274 0.00323434360325 4
1064493383720892 130 0.26451110839844 -3.73376202583313 -0.00226628780365 10004
1064531300230862 130 0.41661071777344 -6.97068405151367 -0.00225222110748 20004
1064569216714492 130 1.4691162109375 1.78052258491516 -0.00881767272949 30004
1064607133250781 130 -1.28622436523438 -0.23284178972244 0.00924110412598 40004
1064645049762092 130 0.92791748046875 -3.24383926391602 -0.0055820941925 50004
1064682966270792 130 0.7734375 -3.13927912712097 -0.00445866584778 60004
1064720882784122 130 0.32421875 -3.34150981903076 -0.00132608413696 70004
1064758799291452 130 0.078125 -7.83151435852051 -0.00000381469727 80004
1064796715802622 130 3.5279541015625 -1.68502759933472 -0.0224494934082 90004
1064455467211981 131 -0.21688365936279 -6.38893556594849 0.00211129384115 4
1064493383720892 131 0.31854248046875 -3.42784237861633 -0.00226783752441 10004
1064531300230862 131 0.45060729980469 -6.90955352783203 -0.00225460529327 20004
1064569216714492 131 1.2657470703125 2.15320038795471 -0.00881969928741 30004
1064607133250781 131 -0.87716674804688 -0.33108523488045 0.00586986541748 40004
1064645049762092 131 1.09451293945313 -2.97145652770996 -0.0066990852356 50004
1064682966270792 131 0.948486328125 -2.80410766601563 -0.00557684898376 60004
1064720882784122 131 0.224853515625 -3.01111793518066 -0.00132465362549 70004
1064758799291452 131 0.11328125 -7.78944206237793 -0.00000476837158 80004
1064796715802622 131 3.5269775390625 -1.68502759933472 -0.02244520187378 90004
1064455467211982 132 0 -8 0 4
1064493383720892 132 0.27011108398438 -3.11536526679993 -0.00226879119873 10004
1064531300230862 132 0.57315063476563 -6.73619079589844 -0.00338137149811 20004
1064569216714492 132 1.19244384765625 2.57919907569885 -0.00679683685303 30004
1064607133250781 132 -0.51492309570313 -0.56016796827316 0.00361728668213 40004
1064645049762092 132 1.16238403320313 -2.66198921203613 -0.00668883323669 50004
1064682966270792 132 1.007080078125 -2.42372894287109 -0.00557255744934 60004
1064720882784122 132 0.020751953125 -2.72533226013184 0.00072622299194 70004
1064758799291452 132 0.25390625 -7.62115287780762 -0.00112962722778 80004
1064796715802622 132 3.5260009765625 -1.68502759933472 -0.0224404335022 90004
1064455467211982 133 0.09217273443937 -7.80233478546143 0.00000000023283 4
1064493383720892 133 0.09422302246094 -2.85267472267151 -0.00023114681244 10004
1064531300230862 133 0.59567260742188 -6.67192840576172 -0.00338184833527 20004
1064569216714492 133 0.94537353515625 2.93410325050354 -0.00679862499237 30004
1064607133250781 133 -0.19073486328125 -0.83964985609055 0.00136590003967 40004
1064645049762092 133 1.24874877929688 -2.40196800231934 -0.00709962844849 50004
1064682966270792 133 1.207275390625 -2.12301254272461 -0.00668907165527 60004
1064720882784122 133 -0.134521484375 -2.4101390838623 0.00072717666626 70004
1064758799291452 133 0.25390625 -7.62115287780762 -0.00112962722778 80004
1064796715802622 133 3.5172119140625 -1.71579694747925 -0.02243614196777 90004
1064455467211982 134 0.11521419882774 -7.72745895385742 0.00000000116415 4
1064493383720892 134 -0.08433532714844 -2.59178948402405 -0.00023114681244 10004
1064531300230862 134 0.60110473632813 -6.65586280822754 -0.00338232517242 20004
1064569216714492 134 0.82867431640625 3.34232831001282 -0.00474977493286 30004
1064607133250781 134 0.15951538085938 -1.08466494083405 -0.00088119506836 40004
1064645049762092 134 1.4661865234375 -2.22362899780273 -0.00933718681335 50004
1064682966270792 134 1.50018310546875 -1.88874626159668 -0.00894165039063 60004
1064720882784122 134 -0.37872314453125 -2.16617679595947 0.00283145904541 70004
1064758799291452 134 0.25390625 -7.62115287780762 -0.00112962722778 80004
1064796715802622 134 3.5106201171875 -1.72781372070313 -0.02243089675903 90004
1064455467211982 135 0.11518457531929 -7.60144805908203 0.00000000197906 4
1064493383720892 135 -0.31037139892578 -2.38161468505859 0.00177437067032 10004
1064531300230862 135 0.61892700195313 -6.56363868713379 -0.00338304042816 20004
1064569216714492 135 0.81451416015625 3.7703869342804 -0.00475263595581 30004
1064607133250781 135 0.39584350585938 -1.29228556156158 -0.00200605392456 40004
1064645049762092 135 1.7117919921875 -2.01806259155273 -0.01045346260071 50004
1064682966270792 135 1.76251220703125 -1.61872005462646 -0.01119446754456 60004
1064720882784122 135 -0.65655517578125 -1.95032835006714 0.00494527816772 70004
1064758799291452 135 0.23876953125 -7.51264762878418 -0.0011305809021 80004
1064796715802622 135 3.5072021484375 -1.73069667816162 -0.02242660522461 90004
1064455467211982 136 0.15402336418629 -7.35445070266724 0.00000000256114 4
1064493383720892 136 -0.55966949462891 -2.19649696350098 0.00370913743973 10004
1064531300230862 136 0.62332153320313 -6.33400917053223 -0.00338387489319 20004
1064569216714492 136 0.81280517578125 4.19505453109741 -0.00475597381592 30004
1064607133250781 136 0.49374389648438 -1.53488028049469 -0.0031304359436 40004
1064645049762092 136 1.907958984375 -1.75518655776978 -0.01156973838806 50004
1064682966270792 136 1.95953369140625 -1.34233665466309 -0.0123245716095 60004
1064720882784122 136 -0.92144775390625 -1.72965097427368 0.00495290756226 70004
1064758799291452 136 0.241943359375 -7.26587104797363 -0.00113248825073 80004
1064796715802622 136 3.45672607421875 -1.7319598197937 -0.02242231369019 90004
1064455467211982 137 0.30956187844276 -7.02066135406494 -0.00112304277718 4
1064493383720892 137 -0.73908233642578 -1.9362199306488 0.00370788574219 10004
1064531300230862 137 0.5333251953125 -5.96883583068848 -0.0033848285675 20004
1064569216714492 137 0.67092895507813 4.60337209701538 -0.00475776195526 30004
1064607133250781 137 0.54550170898438 -1.96011412143707 -0.00313138961792 40004
1064645049762092 137 2.092041015625 -1.48374605178833 -0.01268887519836 50004
1064682966270792 137 2.14410400390625 -1.22061157226563 -0.0134551525116 60004
1064720882784122 137 -1.13726806640625 -1.48137331008911 0.00697088241577 70004
1064758799291452 137 0.345458984375 -6.92979621887207 -0.00113487243652 80004
1064796715802622 137 3.25848388671875 -1.73701238632202 -0.02036380767822 90004
1064455467211982 138 0.32495811581612 -6.79168796539307 -0.0011230413802 4
1064493383720892 138 -1.01166534423828 -1.77616572380066 0.00581163167953 10004
1064531300230862 138 0.60601806640625 -5.59993934631348 -0.00338661670685 20004
1064569216714492 138 0.71487426757813 5.03348684310913 -0.00476109981537 30004
1064607133250781 138 0.47714233398438 -2.38302278518677 -0.00313210487366 40004
1064645049762092 138 2.286376953125 -1.36763048171997 -0.01380848884583 50004
1064682966270792 138 2.52496337890625 -1.16406059265137 -0.01585030555725 60004
1064720882784122 138 -1.394775390625 -1.24236345291138 0.00899314880371 70004
1064758799291452 138 0.305419921875 -6.64190864562988 -0.001136302948 80004
1064796715802622 138 3.22137451171875 -1.72092771530151 -0.02036619186401 90004
1064455467211982 139 0.46206140518188 -6.49252367019653 -0.00224608322605 4
1064493383720892 139 -1.21450805664063 -1.54091453552246 0.00767803192139 10004
1064531300230862 139 0.60125732421875 -5.36854362487793 -0.00338733196259 20004
1064569216714492 139 0.63687133789063 5.45284986495972 -0.004763007164 30004
1064607133250781 139 0.27951049804688 -2.75454473495483 -0.001051902771 40004
1064645049762092 139 2.37744140625 -1.29078960418701 -0.01492738723755 50004
1064682966270792 139 2.9095458984375 -1.1350154876709 -0.01810097694397 60004
1064720882784122 139 -1.71002197265625 -1.10170269012451 0.01101446151733 70004
1064758799291452 139 0.39208984375 -6.25588226318359 -0.00226211547852 80004
1064796715802622 139 3.09344482421875 -1.5825572013855 -0.02036762237549 90004
1064455467211982 140 0.55707061290741 -6.23939371109009 -0.00336912530474 4
1064493383720892 140 -1.4405517578125 -1.33073425292969 0.00956183671951 10004
1064531300230862 140 0.62359619140625 -5.09159278869629 -0.00338792800903 20004
1064569216714492 140 0.53701782226563 5.87308835983276 -0.00274384021759 30004
1064607133250781 140 0.12496948242188 -3.14319562911987 -0.00105261802673 40004
1064645049762092 140 2.44189453125 -1.13946151733398 -0.01492524147034 50004
1064682966270792 140 3.1912841796875 -1.16117763519287 -0.02034640312195 60004
1064720882784122 140 -2.005615234375 -0.92825919389725 0.01303243637085 70004
1064758799291452 140 0.42626953125 -5.82950210571289 -0.00226354598999 80004
1064796715802622 140 2.96893310546875 -1.33917093276978 -0.01836252212524 90004
1064455467211982 141 0.57164460420609 -6.00970697402954 -0.0033691204153 4
1064493383720892 141 -1.68985748291016 -1.14561605453491 0.01142752170563 10004
1064531300230862 141 0.66172790527344 -4.73879051208496 -0.00338876247406 20004
1064569216714493 141 0.0264892578125 7.58921575546265 -0.00000047683716 30004
1064607133250781 141 0.06613159179688 -3.56720495223999 -0.00105309486389 40004
1064645049762092 141 2.48599243164063 -0.87893456220627 -0.01604628562927 50004
1064682966270792 141 3.3253173828125 -1.21532821655273 -0.02034640312195 60004
1064720882784122 141 -2.28173828125 -0.72203308343887 0.01510000228882 70004
1064758799291452 141 0.3212890625 -5.41199493408203 -0.00226449966431 80004
1064796715802622 141 2.83514404296875 -1.03396368026733 -0.01836490631104 90004
1064455467211982 142 0.59288477897644 -5.64208459854126 -0.00336911529303 4
1064493383720892 142 -1.86931610107422 -0.88532257080078 0.01142740249634 10004
1064531300230862 142 0.58872985839844 -4.4326000213623 -0.00338959693909 20004
1064569216714493 142 0.1324462890625 7.81619787216187 -0.00000190734863 30004
1064607133250781 142 0.03585815429688 -3.99451589584351 -0.00105357170105 40004
1064645049762092 142 2.44351196289063 -0.55354660749435 -0.01604390144348 50004
1064682966270792 142 3.3253173828125 -1.21532821655273 -0.02034640312195 60004
1064720882784122 142 -2.61572265625 -0.61415535211563 0.0171160697937 70004
1064758799291452 142 0.0830078125 -5.04402923583984 -0.00026416778564 80004
1064796715802622 142 2.572021484375 -0.73605489730835 -0.01636362075806 90004
1064455467211982 143 0.45969048142433 -5.30726671218872 -0.00336911273189 4
1064493383720892 143 -2.14196014404297 -0.72526836395264 0.01331114768982 10004
1064531300230862 143 0.66392517089844 -4.06426048278809 -0.00339031219482 20004
1064569216714493 143 0.1998291015625 7.87276220321655 -0.00112557411194 30004
1064607133250781 143 0.08761596679688 -4.41976308822632 -0.00105404853821 40004
1064645049762092 143 2.26809692382813 -0.27635011076927 -0.01401710510254 50004
1064682966270792 143 3.3253173828125 -1.21532821655273 -0.02034640312195 60004
1064720882784122 143 -2.84326171875 -0.40269547700882 0.01916217803955 70004
1064758799291452 143 0.0224609375 -4.61000823974609 -0.00026512145996 80004
1064796715802622 143 2.350341796875 -0.40522146224976 -0.01428461074829 90004
1064455467211982 144 0.37190505862236 -5.07284832000732 -0.00336910970509 4
1064493383720892 144 -2.38259887695313 -0.52253437042236 0.01517653465271 10004
1064531300230862 144 0.61734008789063 -3.69779777526855 -0.00339102745056 20004
1064569216714493 144 0.353271484375 7.92348432540894 -0.00224804878235 30004
1064607133250781 144 0.00094604492188 -4.8315691947937 -0.00105428695679 40004
1064645049762092 144 2.19326782226563 0.03699018806219 -0.01401805877686 50004
1064682966270792 144 3.3253173828125 -1.21532821655273 -0.02034640312195 60004
1064720882784122 144 -2.9755859375 -0.16434437036514 0.01916217803955 70004
1064758799291452 144 0.10400390625 -4.18744850158691 -0.00026702880859 80004
1064796715802622 144 2.244384765625 -0.02858480997384 -0.01428127288818 90004
1064455467211982 145 0.35202956199646 -4.78897333145142 -0.00136468978599 4
1064493383720892 145 -2.54950714111328 -0.28334629535675 0.01719534397125 10004
1064531300230862 145 0.61135864257813 -3.33070945739746 -0.0033917427063 20004
1064569216714493 145 0.447509765625 7.9473032951355 -0.00224566459656 30004
1064607133250781 145 -0.040283203125 -5.24785566329956 0.00098824501038 40004
1064645049762092 145 2.0848388671875 0.3382825255394 -0.01402020454407 50004
1064682966270792 145 3.2872314453125 -1.27627849578857 -0.02034640312195 60004
1064720882784122 145 -3.0234375 0.00493318913504 0.01916217803955 70004
1064758799291452 145 0.13818359375 -3.76107001304626 -0.00026941299438 80004
1064796715802622 145 2.097412109375 0.33091843128204 -0.01427602767944 90004
1064455467211982 146 0.35633754730225 -4.45759630203247 -0.00136468885466 4
1064493383720892 146 -2.64250946044922 -0.01477807946503 0.01719552278519 10004
1064531300230862 146 0.72381591796875 -2.97899913787842 -0.00451576709747 20004
1064569216714493 146 0.4522705078125 7.94645071029663 -0.00224459171295 30004
1064607133250781 146 -0.00775146484375 -5.67375326156616 0.00098443031311 40004
1064645049762092 146 1.8983154296875 0.6069358587265 -0.01198983192444 50004
1064682966270792 146 3.2078857421875 -1.38204622268677 -0.02034640312195 60004
1064720882784122 146 -3.007080078125 0.09745965898037 0.01916265487671 70004
1064758799291452 146 0.059326171875 -3.33128809928894 -0.00026988983154 80004
1064796715802622 146 1.9033203125 0.67272531986237 -0.01219892501831 90004
1064455467211982 147 0.27491515874863 -4.23237705230713 -0.00136468815617 4
1064493383720892 147 -2.70279693603516 0.27504599094391 0.01719570159912 10004
1064531300230862 147 0.94818115234375 -2.6771764755249 -0.00564157962799 20004
1064569216714493 147 0.4522705078125 7.94645071029663 -0.00224459171295 30004
1064607133250781 147 -0.02972412109375 -6.10160207748413 0.00098299980164 40004
1064645049762092 147 1.6781005859375 0.84995973110199 -0.00995326042175 50004
1064682966270792 147 3.1190185546875 -1.4394154548645 -0.02034568786621 60004
1064720882784122 147 -2.956298828125 0.19384489953518 0.01916265487671 70004
1064758799291452 147 -0.074462890625 -2.9142119884491 -0.00027084350586 80004
1064796715802622 147 1.806640625 1.05864679813385 -0.01219463348389 90004
1064455467211982 148 0.30780166387558 -3.86561059951782 -0.001364688389 4
1064493383720892 148 -2.65235137939453 0.48961937427521 0.01719617843628 10004
1064531300230862 148 1.2376708984375 -2.49843120574951 -0.00702977180481 20004
1064569216714493 148 0.4522705078125 7.94645071029663 -0.00224459171295 30004
1064607133250781 148 -0.02337646484375 -6.52994680404663 0.00098156929016 40004
1064645049762092 148 1.4578857421875 1.09302461147308 -0.00995087623596 50004
1064682966270792 148 2.8641357421875 -1.47503328323364 -0.01832437515259 60004
1064720882784122 148 -2.729736328125 0.36558264493942 0.01803970336914 70004
1064758799291452 148 -0.2861328125 -2.53017497062683 0.00175952911377 80004
1064796715802622 148 1.55670166015625 1.36816370487213 -0.01018667221069 90004
1064455467211982 149 0.22213231027126 -3.51421093940735 -0.00136468850542 4
1064493383720892 149 -2.54970550537109 0.65739154815674 0.01719659566879 10004
1064531300230862 149 1.34257507324219 -2.18770980834961 -0.00831437110901 20004
1064569216714493 149 0.4522705078125 7.94645071029663 -0.00224459171295 30004
1064607133250782 149 0.08642578125 -7.81480026245117 -0.00000143051147 40004
1064645049762092 149 1.30844116210938 1.38119208812714 -0.00793766975403 50004
1064682966270792 149 2.74407958984375 -1.46631956100464 -0.01832866668701 60004
1064720882784122 149 -2.444580078125 0.45750707387924 0.015793800354 70004
1064758799291452 149 -0.427001953125 -2.11735606193542 0.00175619125366 80004
1064796715802622 149 1.42169189453125 1.73498404026031 -0.01018285751343 90004
1064455467211982 150 0.02968203648925 -3.21064519882202 0.0006471251836 4
1064493383720892 150 -2.35460662841797 0.80144762992859 0.01607286930084 10004
1064531300230862 150 1.55718994140625 -1.91363143920898 -0.00943851470947 20004
1064569216714493 150 0.4212646484375 7.86098623275757 -0.0022439956665 30004
1064607133250782 150 0.14404296875 -7.53539276123047 -0.00000143051147 40004
1064645049762092 150 1.25009155273438 1.64304339885712 -0.00793266296387 50004
1064682966270792 150 2.60552978515625 -1.36331129074097 -0.01632595062256 60004
1064720882784122 150 -2.152099609375 0.59610885381699 0.01466989517212 70004
1064758799291452 150 -0.628173828125 -1.73932814598084 0.00378370285034 80004
1064796715802622 150 1.29376220703125 2.11034464836121 -0.00816583633423 90004
1064455467211982 151 -0.2250669747591 -2.94510507583618 0.00064712506719 4
1064493383720892 151 -2.07307434082031 0.90578937530518 0.0138253569603 10004
1064531300230862 151 1.85231018066406 -1.68484544754028 -0.01168823242188 20004
1064569216714493 151 0.3826904296875 7.64218664169312 -0.00224256515503 30004
1064607133250782 151 0.174560546875 -7.23593521118164 -0.00000143051147 40004
1064645049762092 151 1.23739624023438 1.869011759758 -0.00792741775513 50004
1064682966270792 151 2.41632080078125 -1.13783502578735 -0.0163254737854 60004
1064720882784122 151 -1.8564453125 0.77344006299973 0.01242685317993 70004
1064758799291452 151 -0.94122314453125 -1.44350695610046 0.00578594207764 80004
1064796715802622 151 1.17681884765625 2.48327994346619 -0.00815486907959 90004
1064455467211982 152 -0.46473640203476 -2.66562962532043 0.00268156453967 4
1064493383720892 152 -1.75699615478516 0.9152843952179 0.01157838106155 10004
1064531300230862 152 2.09518432617188 -1.39758157730103 -0.01281309127808 20004
1064569216714493 152 0.4144287109375 7.27977514266968 -0.00223970413208 30004
1064607133250782 152 0.296630859375 -6.97375106811523 -0.00112628936768 40004
1064645049762092 152 1.15878295898438 2.11138224601746 -0.00792217254639 50004
1064682966270792 152 2.26593017578125 -0.78350627422333 -0.01431703567505 60004
1064720882784122 152 -1.51422119140625 0.84711426496506 0.01019191741943 70004
1064758799291452 152 -1.33966064453125 -1.26115107536316 0.00780057907104 80004
1064796715802622 152 1.18658447265625 2.88062262535095 -0.00814342498779 90004
1064455467211982 153 -0.64100384712219 -2.34239888191223 0.00471622962505 4
1064493383720892 153 -1.46641540527344 0.79028975963593 0.01045423746109 10004
1064531300230862 153 2.43641662597656 -1.23979043960571 -0.01506090164185 20004
1064569216714493 153 0.2899169921875 6.93792486190796 -0.0022383928299 30004
1064607133250782 153 0.296630859375 -6.8243522644043 -0.00112628936768 40004
1064645049762092 153 0.93515014648438 2.35183787345886 -0.00588965415955 50004
1064682966270792 153 2.27960205078125 -0.39893314242363 -0.01431703567505 60004
1064720882784122 153 -1.163330078125 0.85396927595139 0.0079493522644 70004
1064758799291452 153 -1.62310791015625 -0.92750787734985 0.00990581512451 80004
1064796715802622 153 1.02740478515625 3.24542212486267 -0.00612258911133 90004
1064455467211982 154 -0.90732353925705 -2.09777116775513 0.0047162277624 4
1064493383720892 154 -1.17595672607422 0.66486704349518 0.00820624828339 10004
1064531300230862 154 2.70375061035156 -0.98489475250244 -0.01730954647064 20004
1064569216714493 154 0.2093505859375 6.58411550521851 -0.00223684310913 30004
1064607133250782 154 0.3834228515625 -6.60064125061035 -0.00225019454956 40004
1064645049762092 154 0.80368041992188 2.64614081382751 -0.00588965415955 50004
1064682966270792 154 2.17022705078125 -0.03704316169024 -0.01431679725647 60004
1064720882784122 154 -0.8408203125 0.97163242101669 0.00571870803833 70004
1064758799291452 154 -1.99298095703125 -0.70732998847961 0.01201105117798 80004
1064796715802622 154 0.99493408203125 3.63462901115417 -0.00611972808838 90004
1064455467211982 155 -1.14364302158356 -1.8269270658493 0.00678604468703 4
1064493383720892 155 -0.89751434326172 0.5169323682785 0.00595885515213 10004
1064531300230862 155 2.87429809570313 -0.65980911254883 -0.01843190193176 20004
1064569216714493 155 0.0709228515625 6.25698232650757 -0.00022041797638 30004
1064607133250782 155 0.4412841796875 -6.41728401184082 -0.00225114822388 40004
1064645049762092 155 0.69650268554688 2.95610785484314 -0.0038628578186 50004
1064682966270792 155 2.01202392578125 0.31375139951706 -0.01228427886963 60004
1064720882784122 155 -0.57470703125 1.18561804294586 0.00461053848267 70004
1064758799291452 155 -2.33428955078125 -0.44933018088341 0.0140962600708 80004
1064796715802622 155 0.92022705078125 4.015700340271 -0.00611639022827 90004
1064455467211982 156 -1.34993648529053 -1.52988767623901 0.00880486797541 4
1064493383720892 156 -0.63230895996094 0.34454503655434 0.00483441352844 10004
1064531300230862 156 2.96212768554688 -0.29471719264984 -0.01843047142029 20004
1064569216714493 156 -0.10360717773438 5.94518041610718 -0.00022149085999 30004
1064607133250782 156 0.4681396484375 -6.26613998413086 -0.00225162506104 40004
1064645049762092 156 0.61788940429688 3.26861262321472 -0.00386142730713 50004
1064682966270792 156 1.84332275390625 0.65969532728195 -0.01228785514832 60004
1064720882784122 156 -0.39013671875 1.47587788105011 0.003502368927 70004
1064758799291452 156 -2.57647705078125 -0.09349451959133 0.01620244979858 80004
1064796715802622 156 0.80328369140625 4.38863658905029 -0.00611305236816 90004
1064455467211982 157 -1.64627242088318 -1.31145429611206 0.01082955021411 4
1064493383720892 157 -0.37118530273438 0.16599099338055 0.00258660316467 10004
1064531300230862 157 3.01901245117188 0.07692826539278 -0.01842939853668 20004
1064569216714493 157 -0.1693115234375 5.58738470077515 0.00179386138916 30004
1064607133250782 157 0.5755615234375 -6.01626205444336 -0.00337553024292 40004
1064645049762092 157 0.64474487304688 3.5955855846405 -0.00385904312134 50004
1064682966270792 157 1.66656494140625 1.00168967247009 -0.0102903842926 60004
1064720882784122 157 -0.30810546875 1.81679928302765 0.00239515304565 70004
1064758799291452 157 -2.69268798828125 0.3289175927639 0.01823711395264 80004
1064796715802622 157 0.81304931640625 4.78598308563232 -0.0061092376709 90004
1064455467211982 158 -1.82255017757416 -0.98822796344757 0.01082954648882 4
1064493383720892 158 -0.21022033691406 -0.10614317655563 0.00146377086639 10004
1064531300230862 158 3.15568542480469 0.3716131746769 -0.01955378055573 20004
1064569216714493 158 -0.1351318359375 5.22519445419312 0.00179195404053 30004
1064607133250782 158 0.5697021484375 -5.82193374633789 -0.00337624549866 40004
1064645049762092 158 0.53097534179688 3.90326762199402 -0.00385761260986 50004
1064682966270792 158 1.62554931640625 1.38435530662537 -0.01029419898987 60004
1064720882784122 158 -0.08843994140625 2.09017205238342 0.00128126144409 70004
1064758799291452 158 -2.61944580078125 0.7609446644783 0.01710891723633 80004
1064796715802622 158 0.65386962890625 5.15078258514404 -0.00409936904907 90004
1064455467211982 159 -2.08887887001038 -0.74358946084976 0.01289328746498 4
1064493383720892 159 -0.09431457519531 -0.39897781610489 0.00146281719208 10004
1064531300230862 159 3.38780212402344 0.62981402873993 -0.02180182933807 20004
1064569216714493 159 -0.2181396484375 4.87764692306519 0.00179123878479 30004
1064607133250782 159 0.6605224609375 -5.55844879150391 -0.00337767601013 40004
1064645049762092 159 0.4595947265625 4.22250556945801 -0.00385618209839 50004
1064682966270792 159 1.46661376953125 1.72725129127502 -0.01029777526855 60004
1064720882784122 159 0.02972412109375 2.41420769691467 0.00016212463379 70004
1064758799291452 159 -2.45465087890625 1.08133327960968 0.01598072052002 80004
1064796715802622 159 0.60675048828125 5.54003238677979 -0.0040979385376 90004
1064455467211982 160 -2.3692684173584 -0.50630193948746 0.01499189995229 4
1064493383720892 160 -0.06172180175781 -0.70596289634705 0.00033974647522 10004
1064531300230862 160 3.69148254394531 0.80867516994476 -0.02292811870575 20004
1064569216714493 160 -0.2620849609375 4.52521848678589 0.00179016590118 30004
1064607133250782 160 0.74594116210938 -5.26095581054688 -0.00450587272644 40004
1064645049762092 160 0.38394165039063 4.54124641418457 -0.00185394287109 50004
1064682966270792 160 1.2818603515625 2.00233006477356 -0.00826668739319 60004
1064720882784122 160 0.03802490234375 2.75696206092834 0.00016403198242 70004
1064758799291452 160 -2.27447509765625 1.27128517627716 0.01485300064087 80004
1064796715802622 160 0.64630126953125 5.93227481842041 -0.00409650802612 90004
1064455467211982 161 -2.60045313835144 -0.22821635007858 0.01705299504101 4
1064493383720892 161 -0.08125305175781 -1.02038991451263 0.00033938884735 10004
1064531300230862 161 4.029541015625 0.88257682323456 -0.02517592906952 20004
1064569216714493 161 -0.237548828125 4.16263341903687 0.00178933143616 30004
1064607133250782 161 0.75949096679688 -4.95485687255859 -0.0045120716095 40004
1064645049762092 161 0.32559204101563 4.85818099975586 -0.00185227394104 50004
1064682966270792 161 1.1326904296875 2.25646424293518 -0.00827026367188 60004
1064720882784122 161 0.00848388671875 3.10063195228577 0.00016450881958 70004
1064758799291452 161 -2.04864501953125 1.35349190235138 0.01372528076172 80004
1064796715802623 161 0.02294921875 7.58150053024292 -0.00000095367432 90004
1064455467211982 162 -2.73189520835876 0.11571738868952 0.01705298572779 4
1064493383720892 162 -0.05317687988281 -1.33535993099213 0.00033897161484 10004
1064531300230862 162 4.35087585449219 0.84313476085663 -0.0274246931076 20004
1064569216714493 162 -0.241943359375 3.79886603355408 0.00178873538971 30004
1064607133250782 162 0.67156982421875 -4.65580749511719 -0.00451564788818 40004
1064645049762092 162 0.37344360351563 5.18274307250977 -0.00185036659241 50004
1064682966270792 162 1.05084228515625 2.61144089698792 -0.0062530040741 60004
1064720882784122 162 0.09246826171875 3.44155526161194 0.00016832351685 70004
1064758799291452 162 -1.64044189453125 1.39213669300079 0.01147365570068 80004
1064796715802623 162 0.11474609375 7.77762174606323 -0.00000858306885 90004
1064455467211982 163 -2.71248698234558 0.38752573728561 0.01705297268927 4
1064493383720892 163 -0.08723449707031 -1.64975011348724 0.00033897161484 10004
1064531300230862 163 4.46551513671875 0.77128684520721 -0.0285496711731 20004
1064569216714493 163 -0.399658203125 3.47100043296814 0.00178813934326 30004
1064607133250782 163 0.69485473632813 -4.34474945068359 -0.00452256202698 40004
1064645049762092 163 0.39053344726563 5.51037216186523 -0.00184845924377 50004
1064682966270792 163 0.81353759765625 2.91449189186096 -0.00625014305115 60004
1064720882784122 163 0.02508544921875 3.78614068031311 0.00016975402832 70004
1064758799291452 163 -1.204345703125 1.44427216053009 0.00794315338135 80004
1064796715802623 163 0.14208984375 7.80030393600464 -0.00001621246338 90004
1064455467211982 164 -2.67539596557617 0.51344037055969 0.01705295220017 4
1064493383720892 164 -0.01927947998047 -1.95284783840179 0.00033837556839 10004
1064531300230862 164 4.4942626953125 0.75332486629486 -0.02855205535889 20004
1064569216714493 164 -0.63204956054688 3.19598364830017 0.00387322902679 30004
1064607133250782 164 0.61767578125 -4.04838562011719 -0.0045268535614 40004
1064645049762092 164 0.30252075195313 5.82040023803711 -0.00184726715088 50004
1064682966270792 164 0.71466064453125 3.1613552570343 -0.00419998168945 60004
1064720882784122 164 0.07122802734375 4.12797784805298 0.00017166137695 70004
1064758799291452 164 -0.816650390625 1.63063681125641 0.00567865371704 80004
1064796715802623 164 0.14892578125 7.80597448348999 -0.00001621246338 90004
1064455467211982 165 -2.54354119300842 0.63201457262039 0.01705291867256 4
1064493383720892 165 0.01463317871094 -2.25970983505249 0.00033807754517 10004
1064531300230862 165 4.4967041015625 0.73621594905853 -0.02855396270752 20004
1064569216714493 165 -0.82272338867188 2.89631819725037 0.00589191913605 30004
1064607133250782 165 0.573486328125 -3.74712228775024 -0.00351738929749 40004
1064645049762093 165 0.07666015625 7.69673109054565 0.00000095367432 50004
1064682966270792 165 0.69268798828125 3.46777653694153 -0.00419735908508 60004
1064720882784122 165 0.07952880859375 4.47073221206665 0.00017309188843 70004
1064758799291452 165 -0.5125732421875 1.92957842350006 0.00342512130737 80004
1064796715802623 165 0.14892578125 7.80597448348999 -0.00001621246338 90004
1064455467211982 166 -2.30716991424561 0.76556801795959 0.01592985168099 4
1064493383720892 166 -0.04728698730469 -2.55561447143555 0.00033795833588 10004
1064531300230862 166 4.48406982421875 0.65733993053436 -0.02855598926544 20004
1064569216714493 166 -0.98007202148438 2.57552027702332 0.00589275360107 30004
1064607133250782 166 0.6282958984375 -3.44573831558228 -0.00351881980896 40004
1064645049762093 166 0.226318359375 7.97224760055542 -0.00111865997314 50004
1064682966270792 166 0.66070556640625 3.84443688392639 -0.00419497489929 60004
1064720882784122 166 0.04998779296875 4.81440401077271 0.00017642974854 70004
1064758799291452 166 -0.3194580078125 2.31308794021606 0.00229787826538 80004
1064796715802623 166 0.14892578125 7.80597448348999 -0.00001621246338 90004
1064455467211982 167 -2.02379703521729 0.82021588087082 0.01368374563754 4
1064493383720892 167 -0.19270324707031 -2.79604434967041 0.00033724308014 10004
1064531300230862 167 4.41888427734375 0.44448935985565 -0.02855777740479 20004
1064569216714493 167 -1.23739624023438 2.318119764328 0.00797975063324 30004
1064607133250782 167 0.78054809570313 -3.17337656021118 -0.00464534759521 40004
1064645049762093 167 0.364990234375 8.08874797821045 -0.00223970413208 50004
1064682966270792 167 0.50640869140625 4.19695329666138 -0.00419306755066 60004
1064720882784122 167 0.13397216796875 5.15532350540161 0.00017833709717 70004
1064758799291452 167 -0.2589111328125 2.7467999458313 0.00229215621948 80004
1064796715802623 167 0.14892578125 7.80597448348999 -0.00001621246338 90004
1064455467211982 168 -1.65690231323242 0.85203778743744 0.01143763773143 4
1064493383720892 168 -0.29483795166016 -2.86448884010315 0.00222432613373 10004
1064531300230862 168 4.29119873046875 0.3027691245079 -0.02855944633484 20004
1064569216714493 168 -1.41854858398438 2.00263285636902 0.01000559329987 30004
1064607133250782 168 0.8038330078125 -2.86231851577759 -0.00465178489685 40004
1064645049762093 168 0.500244140625 8.17576885223389 -0.00223731994629 50004
1064682966270792 168 0.51519775390625 4.58166551589966 -0.00419044494629 60004
1064720882784122 168 0.06658935546875 5.49991273880005 0.00017929077148 70004
1064758799291452 168 -0.2354736328125 3.18421983718872 0.00228643417358 80004
1064796715802623 168 0.14892578125 7.80597448348999 -0.00001621246338 90004
1064455467211982 169 -1.29367351531982 0.91071206331253 0.00919154193252 4
1064493383720892 169 -0.32035064697266 -2.88158822059631 0.0022234916687 10004
1064531300230862 169 3.99972534179688 0.15713945031166 -0.02523565292358 20004
1064569216714493 169 -1.6866455078125 1.76672768592834 0.01000511646271 30004
1064607133250782 169 0.8031005859375 -2.55074548721313 -0.00465655326843 40004
1064645049762093 169 0.5340576171875 8.19752407073975 -0.00336027145386 50004
1064682966270792 169 0.41998291015625 4.94959497451782 -0.00217938423157 60004
1064720882784122 169 -0.08502197265625 5.81245279312134 0.00018119812012 70004
1064758799291452 169 -0.13519287109375 3.60811853408813 0.00115489959717 80004
1064796715802623 169 0.14892578125 7.80597448348999 -0.00001621246338 90004
1064455467211982 170 -0.96291041374207 1.05166554450989 0.00694543123245 4
1064493383720892 170 -0.32035064697266 -2.88158822059631 0.00222253799438 10004
1064531300230862 170 3.64744567871094 0.02663577347994 -0.02254891395569 20004
1064569216714493 170 -1.95172119140625 1.52227520942688 0.01204323768616 30004
1064607133250782 170 0.8609619140625 -2.25165796279907 -0.00466227531433 40004
1064645049762093 170 0.5340576171875 8.19752407073975 -0.00336027145386 50004
1064682966270792 170 0.35650634765625 5.32316446304321 -0.00217604637146 60004
1064720882784123 170 0.09423828125 7.734290599823 0.00000095367432 70004
1064758799291452 170 -0.07025146484375 4.03688478469849 0.00114250183105 80004
1064796715802623 170 0.1181640625 7.72088384628296 -0.00002002716064 90004
1064455467211982 171 -0.69306302070618 1.29256439208984 0.0046993335709 4
1064493383720892 171 -0.32035064697266 -2.88158822059631 0.00222158432007 10004
1064531300230862 171 3.28543090820313 -0.04691305011511 -0.02125108242035 20004
1064569216714493 171 -2.18994140625 1.28257489204407 0.01407384872437 30004
1064607133250782 171 1.01211547851563 -1.98497343063354 -0.00579285621643 40004
1064645049762093 171 0.5340576171875 8.19752407073975 -0.00336027145386 50004
1064682966270792 171 0.31866455078125 5.69928979873657 -0.00217390060425 60004
1064720882784123 171 0.2783203125 8.07280731201172 -0.00112056732178 70004
1064758799291452 171 -0.05926513671875 4.47467660903931 0.00112962722778 80004
1064796715802623 171 0.07666015625 7.54054594039917 -0.00002241134644 90004
1064455467211982 172 -0.51218163967133 1.61333107948303 0.00357628334314 4
1064493383720892 172 -0.32035064697266 -2.88158822059631 0.00222063064575 10004
1064531300230862 172 2.91232299804688 0.00113050220534 -0.01856565475464 20004
1064569216714493 172 -2.4453125 1.16235661506653 0.01607513427734 30004
1064607133250782 172 1.2445068359375 -1.77752637863159 -0.00692057609558 40004
1064645049762093 172 0.5340576171875 8.19752407073975 -0.00336027145386 50004
1064682966270793 172 0 7.53247022628784 0 60004
1064720882784123 172 0.44921875 8.21595001220703 -0.0022406578064 70004
1064758799291452 172 -0.02410888671875 4.91142129898071 0.00111246109009 80004
1064796715802623 172 0.09521484375 7.3297381401062 -0.00002574920654 90004
1064455467211982 173 -0.48046708106995 1.98020005226135 0.00357627705671 4
1064493383720892 173 -0.32035064697266 -2.88158822059631 0.00221967697144 10004
1064531300230862 173 2.54704284667969 0.09067897498608 -0.01590311527252 20004
1064569216714493 173 -2.59130859375 0.98729646205902 0.01607728004456 30004
1064607133250782 173 1.3670654296875 -1.49109601974487 -0.00804495811462 40004
1064645049762093 173 0.5340576171875 8.19752407073975 -0.00336027145386 50004
1064682966270793 173 0.1025390625 7.75338697433472 -0.00000238418579 60004
1064720882784123 173 0.44921875 8.21595001220703 -0.0022406578064 70004
1064758799291452 173 0.07159423828125 5.33910226821899 -0.00001668930054 80004
1064796715802623 173 0.01611328125 6.97620725631714 -0.00002908706665 90004
1064455467211982 174 -0.33469191193581 2.31124591827393 0.00245322706178 4
1064493383720892 174 -0.31797027587891 -2.76369976997375 0.00221914052963 10004
1064531300230862 174 2.20709228515625 0.24614550173283 -0.01327264308929 20004
1064569216714493 174 -2.6878662109375 0.7280421257019 0.01809203624725 30004
1064607133250782 174 1.57229614257813 -1.26390314102173 -0.00917315483093 40004
1064645049762093 174 0.5340576171875 8.19752407073975 -0.00336027145386 50004
1064682966270793 174 0.128173828125 7.80861616134644 -0.00000238418579 60004
1064720882784123 174 0.44921875 8.21595001220703 -0.0022406578064 70004
1064758799291452 174 0.13433837890625 5.77231645584106 -0.0000205039978 80004
1064796715802623 174 0.054931640625 6.62253904342651 -0.0000319480896 90004
1064455467211982 175 -0.2269371598959 2.65423059463501 0.00245322706178 4
1064493383720892 175 -0.30698394775391 -2.52771878242493 0.00221902132034 10004
1064531300230862 175 1.85356140136719 0.34521272778511 -0.01190268993378 20004
1064569216714493 175 -2.7274169921875 0.52616739273071 0.01809167861938 30004
1064607133250782 175 1.83816528320313 -1.11538553237915 -0.01142477989197 40004
1064645049762093 175 0.4989013671875 8.1139669418335 -0.00335931777954 50004
1064682966270793 175 0.128173828125 7.80861616134644 -0.00000238418579 60004
1064720882784123 175 0.44921875 8.21595001220703 -0.0022406578064 70004
1064758799291453 175 0.07861328125 7.70054578781128 -0.00000095367432 80004
1064796715802623 175 0.057373046875 6.28048276901245 -0.00004196166992 90004
1064455467211982 176 -0.22828759253025 3.01400828361511 0.00133018009365 4
1064493383720892 176 -0.30429840087891 -2.21341061592102 0.00221800804138 10004
1064531300230862 176 1.48908996582031 0.40509393811226 -0.00918292999268 20004
1064569216714493 176 -2.7142333984375 0.36530601978302 0.01809132099152 30004
1064607133250782 176 2.13897705078125 -1.0339150428772 -0.0136706829071 40004
1064645049762093 176 0.4412841796875 7.90261745452881 -0.00335836410522 50004
1064682966270793 176 0.128173828125 7.80861616134644 -0.00000238418579 60004
1064720882784123 176 0.44921875 8.21595001220703 -0.0022406578064 70004
1064758799291453 176 0.231201171875 7.98341131210327 -0.00112867355347 80004
1064796715802623 176 0.02197265625 5.94425535202026 -0.00004816055298 90004
1064455467211982 177 -0.32882764935493 3.35251641273499 0.001330178231 4
1064493383720892 177 -0.34995269775391 -1.90050935745239 0.00221759080887 10004
1064531300230862 177 1.15754699707031 0.58253294229507 -0.0065131187439 20004
1064569216714493 177 -2.6644287109375 0.07115137577057 0.01809072494507 30004
1064607133250782 177 2.44619750976563 -0.97679799795151 -0.01479983329773 40004
1064645049762093 177 0.4217529296875 7.55856227874756 -0.00335478782654 50004
1064682966270793 177 0.128173828125 7.80861616134644 -0.00000238418579 60004
1064720882784123 177 0.44921875 8.21595001220703 -0.0022406578064 70004
1064758799291453 177 0.369873046875 8.10641384124756 -0.00225257873535 80004
1064796715802623 177 0.10009765625 5.59054136276245 -0.00005388259888 90004
1064455467211982 178 -0.27466213703156 3.71676707267761 0.00133017334156 4
1064493383720892 178 -0.25913238525391 -1.59758687019348 0.00221699476242 10004
1064531300230862 178 0.78329467773438 0.61799246072769 -0.00515842437744 20004
1064569216714493 178 -2.4578857421875 -0.22830156981945 0.0158439874649 30004
1064607133250782 178 2.68572998046875 -1.01921606063843 -0.01705002784729 40004
1064645049762093 178 0.2498779296875 7.2393102645874 -0.00128865242004 50004
1064682966270793 178 0.187744140625 7.76718854904175 -0.00112724304199 60004
1064720882784123 178 0.4677734375 8.00637054443359 -0.0022406578064 70004
1064758799291453 178 0.377685546875 8.10870265960693 -0.00225353240967 80004
1064796715802623 178 0.24169921875 5.25707578659058 -0.00118350982666 90004
1064455467211982 179 -0.28460612893105 4.08299255371094 0.00133017078042 4
1064493383720892 179 -0.23798370361328 -1.28469443321228 0.00221592187881 10004
1064531300230862 179 0.44651794433594 0.76962238550186 -0.00245594978333 20004
1064569216714493 179 -2.20565795898438 -0.4884746670723 0.01472222805023 30004
1064607133250782 179 2.93585205078125 -1.07305335998535 -0.01817226409912 40004
1064645049762093 179 0.1915283203125 6.88807773590088 -0.00128698348999 50004
1064682966270793 179 0.20263671875 7.75683164596558 -0.00113105773926 60004
1064720882784123 179 0.469482421875 7.91092300415039 -0.00223970413208 70004
1064758799291453 179 0.379638671875 8.10927486419678 -0.00225353240967 80004
1064796715802623 179 0.267578125 4.90222120285034 -0.00118970870972 90004
1064455467211982 180 -0.29024106264114 4.36664390563965 0.00133016810287 4
1064493383720892 180 -0.18958282470703 -1.0187828540802 0.00221538543701 10004
1064531300230862 180 0.21641540527344 0.96337956190109 -0.0011510848999 20004
1064569216714493 180 -1.99703979492188 -0.72624099254608 0.01359641551971 30004
1064607133250782 180 3.16653442382813 -1.10722970962524 -0.01929879188538 40004
1064645049762093 180 0.18182373046875 6.57120132446289 -0.00128602981567 50004
1064682966270793 180 0.207763671875 7.69790887832642 -0.00113320350647 60004
1064720882784123 180 0.416259765625 7.79055690765381 -0.00223875045776 70004
1064758799291453 180 0.379638671875 8.10927486419678 -0.00225353240967 80004
1064796715802623 180 0.2008056640625 4.59962701797485 -0.00119161605835 90004
1064455467211982 181 -0.24334515631199 4.64004850387573 0.00133016437758 4
1064493383720892 181 -0.06304168701172 -0.72927975654602 0.00109040737152 10004
1064531300230862 181 0.04997253417969 1.23968815803528 -0.0011510848999 20004
1064569216714493 181 -1.78424072265625 -1.01677000522614 0.0124716758728 30004
1064607133250782 181 3.42123413085938 -1.12678146362305 -0.02155065536499 40004
1064645049762093 181 0.16412353515625 6.21288299560547 -0.00128436088562 50004
1064682966270793 181 0.23388671875 7.51214838027954 -0.00113463401794 60004
1064720882784123 181 0.294677734375 7.54991245269775 -0.00223731994629 70004
1064758799291453 181 0.379638671875 8.10927486419678 -0.00225353240967 80004
1064796715802623 181 0.0587158203125 4.27062749862671 -0.0011944770813 90004
1064455467211982 182 -0.05527009442449 4.95666599273682 0.00133016402833 4
1064493383720892 182 0.02545928955078 -0.42568090558052 -0.00003349781036 10004
1064531300230862 182 -0.01284790039063 1.61045551300049 0.00087308883667 20004
1064569216714493 182 -1.47518920898438 -1.20877707004547 0.01022386550903 30004
1064607133250782 182 3.52767944335938 -1.18324661254883 -0.02267980575562 40004
1064645049762093 182 0.01220703125 5.88369750976563 0.00074195861816 50004
1064682966270793 182 0.34716796875 7.1259560585022 -0.00113654136658 60004
1064720882784123 182 0.279052734375 7.33582401275635 -0.00223588943481 70004
1064758799291453 182 0.379638671875 8.10927486419678 -0.00225353240967 80004
1064796715802623 182 0.0499267578125 3.90853643417358 -0.00119781494141 90004
1064455467211982 183 0.00030069606146 5.31685066223145 0.00020711716206 4
1064493383720892 183 0.09633636474609 -0.11756145209074 -0.00003409385681 10004
1064531300230862 183 0.06636047363281 1.97401475906372 -0.00025141239166 20004
1064569216714493 183 -1.21908569335938 -1.4651848077774 0.00797867774963 30004
1064607133250782 183 3.61276245117188 -1.21227288246155 -0.02268743515015 40004
1064645049762093 183 -0.0059814453125 5.5253791809082 0.00074625015259 50004
1064682966270793 183 0.29638671875 6.65448808670044 -0.00225639343262 60004
1064720882784123 183 0.0899658203125 6.97527027130127 -0.00015354156494 70004
1064758799291453 183 0.379638671875 8.10927486419678 -0.00225353240967 80004
1064796715802623 183 0.17529296875 3.57272434234619 -0.00120306015015 90004
1064455467211982 184 -0.06197628378868 5.67146253585815 0.00020711692923 4
1064493383720892 184 0.07917022705078 0.19117191433907 -0.00003451108932 10004
1064531300230862 184 0.16438293457031 2.33704137802124 -0.0002521276474 20004
1064569216714493 184 -1.05752563476563 -1.77409064769745 0.00685632228851 30004
1064607133250782 184 3.64352416992188 -1.22168779373169 -0.02268886566162 40004
1064645049762093 184 -0.100830078125 5.18370819091797 0.00075101852417 50004
1064682966270793 184 0.24658203125 6.16811037063599 -0.00225353240967 60004
1064720882784123 184 0 6.698410987854 -0.00015163421631 70004
1064758799291453 184 0.3607177734375 7.99496698379517 -0.00225400924683 80004
1064796715802623 184 0.2239990234375 3.22189569473267 -0.00121068954468 90004
1064455467211983 185 0.02202516235411 7.64991807937622 -0.0000000000291 4
1064493383720892 185 0.06200408935547 0.49990370869637 -0.00003492832184 10004
1064531300230862 185 0.20326232910156 2.68642950057983 -0.00137591362 20004
1064569216714493 185 -0.94320678710938 -2.11183333396912 0.00685727596283 30004
1064607133250782 185 3.64352416992188 -1.22168779373169 -0.02268886566162 40004
1064645049762093 185 -0.1956787109375 4.84203720092773 0.00075554847717 50004
1064682966270793 185 0.1396484375 5.70055818557739 -0.00023055076599 60004
1064720882784123 185 -0.011962890625 6.41017627716064 -0.00014925003052 70004
1064758799291453 185 0.327880859375 7.74224710464478 -0.00225448608398 80004
1064796715802623 185 0.272705078125 2.87106704711914 -0.00121307373047 90004
1064455467211983 186 0.08501744270325 7.94015312194824 0.00000000017462 4
1064493383720892 186 0.13307952880859 0.80795174837112 -0.000035405159 10004
1064531300230862 186 0.16474914550781 3.01721858978271 -0.00137603282928 20004
1064569216714493 186 -0.8211669921875 -2.45472455024719 0.00573134422302 30004
1064607133250782 186 3.64352416992188 -1.22168779373169 -0.02268886566162 40004
1064645049762093 186 -0.2138671875 4.48371887207031 0.00076031684875 50004
1064682966270793 186 -0.060791015625 5.27393293380737 -0.00023245811462 60004
1064720882784123 186 0.003662109375 5.99819755554199 -0.00014686584473 70004
1064758799291453 186 0.271728515625 7.37941789627075 -0.00225448608398 80004
1064796715802623 186 0.4061279296875 2.53578090667725 -0.00233602523804 90004
1064455467211983 187 0.17781421542168 8.06966686248779 -0.00112304533832 4
1064493383720892 187 0.22328186035156 1.11110031604767 -0.00115984678268 10004
1064531300230862 187 0.26167297363281 3.38055992126465 -0.00137674808502 20004
1064569216714493 187 -0.70651245117188 -2.80030941963196 0.00460314750671 30004
1064607133250782 187 3.64352416992188 -1.22168779373169 -0.02268886566162 40004
1064645049762093 187 -0.3662109375 4.15453338623047 0.00281262397766 50004
1064682966270793 187 -0.078369140625 4.89507246017456 -0.00023293495178 60004
1064720882784123 187 0.169677734375 5.58505058288574 -0.00014495849609 70004
1064758799291453 187 0.082275390625 7.06039476394653 -0.00019788742065 80004
1064796715802623 187 0.4617919921875 2.17789745330811 -0.00233602523804 90004
1064455467211983 188 0.18941685557365 8.08586025238037 -0.00112304207869 4
1064493383720892 188 0.19398498535156 1.42267906665802 -0.00116103887558 10004
1064531300230862 188 0.25306701660156 3.75436449050903 -0.00137734413147 20004
1064569216714493 188 -0.58193969726563 -3.14240956306458 0.00460159778595 30004
1064607133250782 188 3.64352416992188 -1.22168779373169 -0.02268886566162 40004
1064645049762093 188 -0.3843994140625 3.79621505737305 0.00281715393066 50004
1064682966270793 188 -0.2783203125 4.46844720840454 0.00182199478149 60004
1064720882784123 188 0.169921875 5.14426612854004 -0.00014305114746 70004
1064758799291453 188 0.0389404296875 6.82206106185913 -0.00019979476929 80004
1064796715802623 188 0.635498046875 1.88257801532745 -0.00345468521118 90004
1064455467211983 189 0.18941661715508 8.08586025238037 -0.00112303905189 4
1064493383720892 189 0.23303985595703 1.72945129871368 -0.00116258859634 10004
1064531300230862 189 0.32994079589844 4.11393737792969 -0.00137805938721 20004
1064569216714493 189 -0.553955078125 -3.49705576896667 0.00347757339478 30004
1064607133250782 189 3.64352416992188 -1.22168779373169 -0.02268886566162 40004
1064645049762093 189 -0.479248046875 3.45454406738281 0.00282192230225 50004
1064682966270793 189 -0.3763427734375 4.00043249130249 0.00181460380554 60004
1064720882784123 189 0.0299072265625 4.73187732696533 -0.00014162063599 70004
1064758799291453 189 0.052490234375 6.5405421257019 -0.00020265579224 80004
1064796715802623 189 0.740478515625 1.55150735378265 -0.00457239151001 90004
1064455467211983 190 0.18941639363766 8.08586025238037 -0.00112303614151 4
1064493383720892 190 0.27495574951172 2.01666378974915 -0.00116395950317 10004
1064531300230862 190 0.40834045410156 4.45005512237549 -0.0025030374527 20004
1064569216714493 190 -0.5887451171875 -3.8362181186676 0.00347721576691 30004
1064607133250782 190 3.64352416992188 -1.22168779373169 -0.02268886566162 40004
1064645049762093 190 -0.65261840820313 3.16671323776245 0.00484466552734 50004
1064682966270793 190 -0.4603271484375 3.55950593948364 0.00381588935852 60004
1064720882784123 190 -0.108642578125 4.3472843170166 -0.00014066696167 70004
1064758799291453 190 0.0494384765625 6.23088407516479 -0.00020408630371 80004
1064796715802623 190 0.83660888671875 1.23383963108063 -0.00456380844116 90004
1064455467211983 191 0.18941615521908 8.08586025238037 -0.00112303299829 4
1064493383720892 191 0.23711395263672 2.32885479927063 -0.00116521120071 10004
1064531300230862 191 0.38810729980469 4.82532405853271 -0.00250494480133 20004
1064569216714493 191 -0.62872314453125 -4.19579601287842 0.00347697734833 30004
1064607133250782 191 3.64352416992188 -1.22168779373169 -0.02268886566162 40004
1064645049762093 191 -0.89395141601563 2.89896607398987 0.00484609603882 50004
1064682966270793 191 -0.67413330078125 3.12260031700134 0.00381422042847 60004
1064720882784123 191 -0.14263916015625 3.90524673461914 -0.00013828277588 70004
1064758799291453 191 -0.02056884765625 5.86868381500244 -0.00020551681519 80004
1064796715802623 191 1.04351806640625 0.94016164541245 -0.00567817687988 90004
1064455467211983 192 0.1894159168005 8.08586025238037 -0.0011230299715 4
1064493383720892 192 0.32730865478516 2.63199400901794 -0.0011665225029 10004
1064531300230862 192 0.41966247558594 5.20004940032959 -0.00250828266144 20004
1064569216714493 192 -0.52130126953125 -4.54342937469482 0.00347602367401 30004
1064607133250782 192 3.64352416992188 -1.22168779373169 -0.02268886566162 40004
1064645049762093 192 -1.00918579101563 2.55532670021057 0.00688576698303 50004
1064682966270793 192 -0.69659423828125 2.63384222984314 0.00381350517273 60004
1064720882784123 192 -0.3359375 3.50363540649414 0.00194549560547 70004
1064758799291453 192 0.06048583984375 5.50668430328369 -0.00020837783813 80004
1064796715802623 192 1.35113525390625 0.75286382436752 -0.00790405273438 90004
1064455467211983 193 0.18941567838192 8.08586025238037 -0.0011230269447 4
1064493383720892 193 0.30641174316406 2.94297981262207 -0.00116723775864 10004
1064531300230862 193 0.32014465332031 5.557044506073 -0.00251030921936 20004
1064569216714493 193 -0.53964233398438 -4.90166282653809 0.00347518920898 30004
1064607133250782 193 3.64352416992188 -1.22168779373169 -0.02268886566162 40004
1064645049762093 193 -1.23391723632813 2.27746057510376 0.00688648223877 50004
1064682966270793 193 -0.8341064453125 2.28740119934082 0.00585222244263 60004
1064720882784123 193 -0.376953125 3.06648898124695 0.00195360183716 70004
1064758799291453 193 0.0106201171875 5.14451122283936 -0.00020980834961 80004
1064796715802623 193 1.64410400390625 0.54179871082306 -0.01013994216919 90004
1064455467211983 194 0.18941543996334 8.08586025238037 -0.0011230239179 4
1064493383720892 194 0.33673858642578 3.25034213066101 -0.00116789340973 10004
1064531300230862 194 0.28103637695313 5.92220878601074 -0.00251293182373 20004
1064569216714493 194 -0.52328491210938 -5.26068592071533 0.00347423553467 30004
1064607133250782 194 3.63226318359375 -1.23046612739563 -0.02269077301025 40004
1064645049762093 194 -1.4649658203125 1.99891364574432 0.00888991355896 50004
1064682966270793 194 -1.12451171875 1.98318588733673 0.00787162780762 60004
1064720882784123 194 -0.27734375 2.64348173141479 0.00196552276611 70004
1064758799291453 194 0.02117919921875 4.7824182510376 -0.00021171569824 80004
1064796715802623 194 1.89959716796875 0.2903245985508 -0.01125574111938 90004
1064455467211983 195 0.18705014884472 8.03613090515137 -0.00112302135676 4
1064493383720892 195 0.38414001464844 3.55650568008423 -0.00229227542877 10004
1064531300230863 195 0.02899169921875 7.59716749191284 -0.00000023841858 20004
1064569216714493 195 -0.50314331054688 -5.61748361587524 0.00347352027893 30004
1064607133250782 195 3.607666015625 -1.24367117881775 -0.02269339561462 40004
1064645049762093 195 -1.68325805664063 1.70929348468781 0.01090264320374 50004
1064682966270793 195 -1.4747314453125 1.65089523792267 0.00990414619446 60004
1064720882784123 195 -0.0601806640625 2.26048755645752 0.00085544586182 70004
1064758799291453 195 0.0665283203125 4.41809415817261 -0.00021457672119 80004
1064796715802623 195 2.142822265625 0.025260893628 -0.01349306106567 90004
1064455467211983 196 0.17754112184048 7.86717557907104 -0.0011230193777 4
1064493383720892 196 0.34616851806641 3.86868357658386 -0.00229322910309 10004
1064531300230863 196 0.11962890625 7.79443502426147 -0.0000011920929 20004
1064569216714493 196 -0.57388305664063 -5.97227334976196 0.0034726858139 30004
1064607133250782 196 3.56338500976563 -1.24904489517212 -0.02269649505615 40004
1064645049762093 196 -1.91171264648438 1.42997884750366 0.01294684410095 50004
1064682966270793 196 -1.75006103515625 1.25023639202118 0.01193928718567 60004
1064720882784123 196 0.23480224609375 1.92653155326843 -0.00138759613037 70004
1064758799291453 196 0.02923583984375 4.04940700531006 -0.00021505355835 80004
1064796715802623 196 2.40374755859375 -0.20553989708424 -0.01460838317871 90004
1064455467211983 197 0.13892389833927 7.55089902877808 -0.00112301774789 4
1064493383720892 197 0.43625640869141 4.17184782028198 -0.00229513645172 10004
1064531300230863 197 0.17822265625 7.8452467918396 -0.00112557411194 20004
1064569216714493 197 -0.49722290039063 -6.32786417007446 0.00347149372101 30004
1064607133250782 197 3.37481689453125 -1.21617746353149 -0.02269887924194 40004
1064645049762093 197 -2.23428344726563 1.26366567611694 0.0150728225708 50004
1064682966270793 197 -2.16510009765625 0.9913232922554 0.01405119895935 60004
1064720882784123 197 0.51605224609375 1.58109927177429 -0.00250768661499 70004
1064758799291453 197 -0.06939697265625 3.69198846817017 -0.00021648406982 80004
1064796715802623 197 2.47698974609375 -0.37032821774483 -0.01572370529175 90004
1064455467211983 198 0.02414821833372 7.25615119934082 -0.00112301704939 4
1064493383720892 198 0.41535949707031 4.48283195495605 -0.00229632854462 10004
1064531300230863 198 0.189208984375 7.8547739982605 -0.00112557411194 20004
1064569216714494 198 0.14599609375 -7.68652868270874 -0.00000143051147 30004
1064607133250782 198 3.13153076171875 -1.06506788730621 -0.02064347267151 40004
1064645049762093 198 -2.384765625 1.11595070362091 0.01507639884949 50004
1064682966270793 198 -2.5111083984375 0.91005301475525 0.01605272293091 60004
1064720882784123 198 0.8187255859375 1.25494396686554 -0.00475072860718 70004
1064758799291453 198 -0.03790283203125 3.32775473594666 -0.00021839141846 80004
1064796715802623 198 2.4891357421875 -0.49478110671043 -0.01571893692017 90004
1064455467211983 199 -0.03233391046524 6.95012950897217 0.00089377345284 4
1064493383720892 199 0.36837005615234 4.79554128646851 -0.00229728221893 10004
1064531300230863 199 0.189208984375 7.8547739982605 -0.00112557411194 20004
1064569216714494 199 0.231201171875 -7.29253816604614 -0.00112318992615 30004
1064607133250782 199 2.93170166015625 -0.83525896072388 -0.01860904693604 40004
1064645049762093 199 -2.47802734375 0.85428553819656 0.01508021354675 50004
1064682966270793 199 -2.77691650390625 0.84465211629868 0.01813220977783 60004
1064720882784123 199 1.17449951171875 0.99834507703781 -0.00699090957642 70004
1064758799291453 199 0.10711669921875 2.9957869052887 -0.00022125244141 80004
1064796715802623 199 2.48773193359375 -0.54515695571899 -0.01571464538574 90004
1064455467211983 200 -0.07197014987469 6.6405029296875 0.00089377316181 4
1064493383720892 200 0.36369323730469 5.10530424118042 -0.00229847431183 10004
1064531300230863 200 0.189208984375 7.8547739982605 -0.00112557411194 20004
1064569216714494 200 0.30364990234375 -6.88933181762695 -0.00112187862396 30004
1064607133250782 200 2.81558227539063 -0.55269885063171 -0.01861238479614 40004
1064645049762093 200 -2.50869750976563 0.50049239397049 0.01709485054016 50004
1064682966270793 200 -3.00616455078125 0.75896275043488 0.02019882202148 60004
1064720882784123 200 1.52435302734375 0.75363194942474 -0.00922918319702 70004
1064758799291453 200 0.335693359375 2.70599889755249 -0.00134515762329 80004
1064796715802623 200 2.48675537109375 -0.54515695571899 -0.01571035385132 90004
1064455467211983 201 -0.19597424566746 6.35798263549805 0.00089377240511 4
1064493383720892 201 0.44438934326172 5.40928173065186 -0.00230032205582 10004
1064531300230863 201 0.189208984375 7.8547739982605 -0.00112557411194 20004
1064569216714494 201 0.49725341796875 -6.49112367630005 -0.00224208831787 30004
1064607133250782 201 2.77972412109375 -0.24461165070534 -0.01861619949341 40004
1064645049762093 201 -2.42739868164063 0.15669946372509 0.01597690582275 50004
1064682966270793 201 -3.24993896484375 0.67638921737671 0.02019715309143 60004
1064720882784123 201 1.784912109375 0.43141305446625 -0.01147413253784 70004
1064758799291453 201 0.596923828125 2.44548034667969 -0.00359439849854 80004
1064796715802623 201 2.48577880859375 -0.54515695571899 -0.01570653915405 90004
1064455467211983 202 -0.19460588693619 6.18473434448242 0.00089377106633 4
1064493383720892 202 0.39702606201172 5.72194719314575 -0.00230133533478 10004
1064531300230863 202 0.189208984375 7.8547739982605 -0.00112557411194 20004
1064569216714494 202 0.50408935546875 -6.26206636428833 -0.00223970413208 30004
1064607133250782 202 2.6231689453125 0.0251847282052 -0.01658225059509 40004
1064645049762093 202 -2.28384399414063 -0.03173919394612 0.01486110687256 50004
1064682966270793 202 -3.27532958984375 0.66518926620483 0.02019238471985 60004
1064720882784123 202 2.177490234375 0.22545325756073 -0.0138635635376 70004
1064758799291453 202 0.733642578125 2.1005973815918 -0.00472021102905 80004
1064796715802623 202 2.48480224609375 -0.54515695571899 -0.01570272445679 90004
1064455467211983 203 -0.30188298225403 5.91680669784546 0.00089376943652 4
1064493383720892 203 0.46064758300781 6.0270733833313 -0.00230318307877 10004
1064531300230863 203 0.189208984375 7.8547739982605 -0.00112557411194 20004
1064569216714494 203 0.45895385742188 -5.84962129592896 -0.00223875045776 30004
1064607133250782 203 2.385986328125 0.2207190990448 -0.01452708244324 40004
1064645049762093 203 -2.19424438476563 -0.35481816530228 0.01486873626709 50004
1064682966270793 203 -3.3353271484375 0.6392080783844 0.02220106124878 60004
1064720882784123 203 2.46929931640625 -0.10042314976454 -0.01498317718506 70004
1064758799291453 203 0.978271484375 1.8288289308548 -0.00584697723389 80004
1064796715802623 203 2.338623046875 -0.52103090286255 -0.01569843292236 90004
1064455467211983 204 -0.35836651921272 5.61078071594238 0.00294015929103 4
1064493383720893 204 0.03831481933594 7.6145715713501 0 10004
1064531300230863 204 0.189208984375 7.8547739982605 -0.00112557411194 20004
1064569216714494 204 0.42462158203125 -5.39302778244019 -0.00223708152771 30004
1064607133250782 204 2.14340209960938 0.3640541434288 -0.01452970504761 40004
1064645049762093 204 -2.03704833984375 -0.67193096876144 0.01375317573547 50004
1064682966270793 204 -3.365234375 0.62634897232056 0.02219772338867 60004
1064720882784123 204 2.629638671875 -0.45422929525375 -0.01608991622925 70004
1064758799291453 204 1.173095703125 1.52331626415253 -0.00697183609009 80004
1064796715802623 204 2.075439453125 -0.42062300443649 -0.01368522644043 90004
1064455467211983 205 -0.37672227621078 5.31464147567749 0.00294015835971 4
1064493383720893 205 0.08620452880859 7.71582841873169 -0.00000029802322 10004
1064531300230863 205 0.19647216796875 7.81818342208862 -0.00112557411194 20004
1064569216714494 205 0.4423828125 -4.96732902526855 -0.00223624706268 30004
1064607133250782 205 1.90585327148438 0.44949367642403 -0.01248741149902 40004
1064645049762093 205 -1.86727905273438 -0.95867896080017 0.01263737678528 50004
1064682966270793 205 -3.372802734375 0.63011503219604 0.02219438552856 60004
1064720882784123 205 2.67474365234375 -0.73173671960831 -0.01720094680786 70004
1064758799291453 205 1.322509765625 1.21183109283447 -0.00809669494629 80004
1064796715802623 205 1.759033203125 -0.31313562393188 -0.01162958145142 90004
1064455467211983 206 -0.45706349611282 5.00631523132324 0.00294015510008 4
1064493383720893 206 0.09059906005859 7.71952867507935 -0.00000059604645 10004
1064531300230863 206 0.22552490234375 7.67182111740112 -0.00112652778625 20004
1064569216714494 206 0.55908203125 -4.52407646179199 -0.00335717201233 30004
1064607133250782 206 1.59481811523438 0.47207430005074 -0.01045727729797 40004
1064645049762093 206 -1.79110717773438 -1.31282794475555 0.01264500617981 50004
1064682966270793 206 -3.403076171875 0.645179271698 0.02219152450562 60004
1064720882784123 206 2.6439208984375 -0.86825042963028 -0.01719427108765 70004
1064758799291453 206 1.54522705078125 0.91431331634521 -0.00922918319702 80004
1064796715802623 206 1.39605712890625 -0.31055784225464 -0.00950717926025 90004
1064455467211983 207 -0.39956718683243 4.69289207458496 0.00294014834799 4
1064493383720893 207 0.09059906005859 7.71952867507935 -0.00000059604645 10004
1064531300230863 207 0.15447998046875 7.38201856613159 -0.00112676620483 20004
1064569216714494 207 0.4775390625 -4.0731029510498 -0.0033552646637 30004
1064607133250782 207 1.36660766601563 0.59920489788055 -0.00841093063354 40004
1064645049762093 207 -1.57235717773438 -1.60113322734833 0.01040601730347 50004
1064682966270793 207 -3.403076171875 0.645179271698 0.02218770980835 60004
1064720882784123 207 2.5931396484375 -0.93347507715225 -0.01718521118164 70004
1064758799291453 207 1.8719482421875 0.73826789855957 -0.01149034500122 80004
1064796715802623 207 1.06597900390625 -0.46129369735718 -0.00737810134888 90004
1064455467211983 208 -0.40608298778534 4.37647724151611 0.00294014741667 4
1064493383720893 208 0.09059906005859 7.71952867507935 -0.00000059604645 10004
1064531300230863 208 0.0572509765625 7.10043954849243 -0.00112688541412 20004
1064569216714494 208 0.544677734375 -3.62791728973389 -0.00335311889648 30004
1064607133250782 208 1.12893676757813 0.77999103069305 -0.0084114074707 40004
1064645049762093 208 -1.46054077148438 -1.93882119655609 0.010413646698 50004
1064682966270793 208 -3.403076171875 0.645179271698 0.02218389511108 60004
1064720882784123 208 2.3768310546875 -1.05522882938385 -0.01512670516968 70004
1064758799291453 208 2.2091064453125 0.58503484725952 -0.01375150680542 80004
1064796715802623 208 0.80694580078125 -0.70583033561707 -0.00529527664185 90004
1064455467211983 209 -0.38181033730507 4.11273574829102 0.00294014229439 4
1064493383720893 209 0.09059906005859 7.71952867507935 -0.00000059604645 10004
1064531300230863 209 0.01260375976563 6.84416055679321 0.00091361999512 20004
1064569216714494 209 0.58251953125 -3.29354572296143 -0.00335049629211 30004
1064607133250782 209 0.94192504882813 1.02015674114227 -0.00633192062378 40004
1064645049762093 209 -1.396484375 -2.23479151725769 0.01006865501404 50004
1064682966270793 209 -3.403076171875 0.645179271698 0.02218008041382 60004
1064720882784123 209 2.0179443359375 -1.1350656747818 -0.01295137405396 70004
1064758799291453 209 2.439697265625 0.44318389892578 -0.01487731933594 80004
1064796715802623 209 0.64044189453125 -1.01832699775696 -0.00326061248779 90004
1064455467211983 210 -0.33134695887566 3.87732911109924 0.00294013717212 4
1064493383720893 210 0.09059906005859 7.71952867507935 -0.00000059604645 10004
1064531300230863 210 0.03109741210938 6.59453058242798 0.00091230869293 20004
1064569216714494 210 0.576171875 -3.03159618377686 -0.0033483505249 30004
1064607133250782 210 0.84097290039063 1.30936944484711 -0.00633502006531 40004
1064645049762093 210 -1.27243041992188 -2.33801627159119 0.00894784927368 50004
1064682966270793 210 -3.403076171875 0.645179271698 0.02217626571655 60004
1064720882784123 210 1.5718994140625 -1.15660393238068 -0.01079654693604 70004
1064758799291453 210 2.531005859375 0.33962917327881 -0.01600170135498 80004
1064796715802623 210 0.53521728515625 -1.31760573387146 -0.00325870513916 90004
1064455467211983 211 -0.35867619514465 3.56588196754456 0.00294013367966 4
1064493383720893 211 0.09059906005859 7.71952867507935 -0.00000059604645 10004
1064531300230863 211 0.05570983886719 6.29714441299438 -0.00021147727966 20004
1064569216714494 211 0.673828125 -2.66025829315186 -0.00334572792053 30004
1064607133250782 211 0.83853149414063 1.62124001979828 -0.00633835792542 40004
1064645049762093 211 -1.10397338867188 -2.65901923179626 0.00782680511475 50004
1064682966270793 211 -3.403076171875 0.645179271698 0.02217245101929 60004
1064720882784123 211 1.12713623046875 -1.18552505970001 -0.0064959526062 70004
1064758799291453 211 2.530029296875 0.33962917327881 -0.0160026550293 80004
1064796715802623 211 0.40789794921875 -1.46715140342712 -0.00326061248779 90004
1064455467211983 212 -0.39672580361366 3.24952793121338 0.00294013111852 4
1064493383720893 212 0.10317230224609 7.57633256912231 -0.00000083446503 10004
1064531300230863 212 -0.04756164550781 6.01722192764282 -0.00021171569824 20004
1064569216714494 212 0.96734619140625 -2.30777645111084 -0.00559544563293 30004
1064607133250782 212 0.70513916015625 1.90290009975433 -0.00429940223694 40004
1064645049762093 212 -1.09420776367188 -2.86654257774353 0.0078272819519 50004
1064682966270793 212 -3.20318603515625 0.75231027603149 0.02104258537292 60004
1064720882784123 212 0.681640625 -1.20299446582794 -0.00434350967407 70004
1064758799291453 212 2.515380859375 0.2428774535656 -0.01600408554077 80004
1064796715802623 212 0.31121826171875 -1.81634116172791 -0.00125789642334 90004
1064455467211983 213 -0.53235524892807 2.96749544143677 0.00294012832455 4
1064493383720893 213 0.02959442138672 7.32983112335205 -0.00000125169754 10004
1064531300230863 213 -0.05488586425781 5.72419404983521 -0.00021171569824 20004
1064569216714494 213 1.12826538085938 -1.88721370697021 -0.00672209262848 30004
1064607133250782 213 0.67034912109375 2.20721817016602 -0.0043032169342 40004
1064645049762093 213 -0.97018432617188 -3.15000891685486 0.00670480728149 50004
1064682966270793 213 -2.83868408203125 0.79707598686218 0.01879549026489 60004
1064720882784123 213 0.264892578125 -1.34236490726471 -0.00223827362061 70004
1064758799291453 213 2.43115234375 0.09581910818815 -0.01600503921509 80004
1064796715802623 213 0.32659912109375 -2.17236256599426 -0.0012640953064 90004
1064455467211983 214 -0.71575963497162 2.70768427848816 0.00499253068119 4
1064493383720893 214 -0.00824737548828 7.03737354278564 -0.00000143051147 10004
1064531300230863 214 -0.09419250488281 5.43554735183716 -0.0002121925354 20004
1064569216714494 214 1.33309936523438 -1.48934555053711 -0.00784754753113 30004
1064607133250782 214 0.62689208984375 2.51309204101563 -0.00430679321289 40004
1064645049762093 214 -0.87667846679688 -3.48521780967712 0.00670528411865 50004
1064682966270793 214 -2.40216064453125 0.71851181983948 0.01640462875366 60004
1064720882784123 214 -0.085205078125 -1.60001814365387 -0.00010633468628 70004
1064758799291453 214 2.2685546875 -0.13651587069035 -0.01393127441406 80004
1064796715802623 214 0.30120849609375 -2.52509236335754 -0.00127029418945 90004
1064455467211983 215 -0.93607324361801 2.48548579216003 0.00499252323061 4
1064493383720893 215 -0.01483917236328 6.73644542694092 -0.00000166893005 10004
1064531300230863 215 -0.16546630859375 5.15125894546509 0.00179779529572 20004
1064569216714494 215 1.64398193359375 -1.15563297271729 -0.01009345054626 30004
1064607133250782 215 0.57131958007813 2.79065418243408 -0.00431108474731 40004
1064645049762093 215 -0.82626342773438 -3.84134554862976 0.00558400154114 50004
1064682966270793 215 -1.94000244140625 0.56905794143677 0.01289176940918 60004
1064720882784123 215 -0.336669921875 -1.95843756198883 0.00196838378906 70004
1064758799291453 215 2.04144287109375 -0.42883336544037 -0.01393842697144 80004
1064796715802623 215 0.23675537109375 -2.87503743171692 -0.00127506256104 90004
1064455467211983 216 -1.22136354446411 2.34375214576721 0.00708584813401 4
1064493383720893 216 -0.12100219726563 6.44473552703857 -0.00000190734863 10004
1064531300230863 216 -0.14080810546875 4.85387277603149 0.00179624557495 20004
1064569216714494 216 2.00872802734375 -0.87822294235229 -0.0123393535614 30004
1064607133250782 216 0.60501098632813 3.00127124786377 -0.00431776046753 40004
1064645049762093 216 -0.69931030273438 -4.18094491958618 0.00558400154114 50004
1064682966270793 216 -1.452880859375 0.51455926895142 0.00937175750732 60004
1064720882784123 216 -0.461669921875 -2.3862099647522 0.00197601318359 70004
1064758799291453 216 1.78363037109375 -0.69557428359985 -0.01190042495728 80004
1064796715802623 216 0.28948974609375 -3.23333668708801 -0.00128269195557 90004
1064455467211983 217 -1.42003512382507 2.09470844268799 0.00912845041603 4
1064493383720893 217 -0.09365844726563 6.13543128967285 -0.00000321865082 10004
1064531300230863 217 -0.07679748535156 4.56244516372681 0.00067150592804 20004
1064569216714494 217 2.45709228515625 -0.78098630905151 -0.01473391056061 30004
1064607133250782 217 0.51956176757813 3.30114841461182 -0.00432133674622 40004
1064645049762093 217 -0.72811889648438 -4.54229593276978 0.00558471679688 50004
1064682966270793 217 -1.20733642578125 0.36549666523933 0.00824570655823 60004
1064720882784123 217 -0.395263671875 -2.82629251480103 0.00307369232178 70004
1064758799291453 217 1.49481201171875 -0.92789602279663 -0.00985193252563 80004
1064796715802623 217 0.18597412109375 -3.58049702644348 -0.00128650665283 90004
1064455467211983 218 -1.64316177368164 1.86816799640656 0.01115280855447 4
1064493383720893 218 -0.13503265380859 5.8303337097168 -0.00000375509262 10004
1064531300230863 218 -0.08100891113281 4.2666802406311 0.00067067146301 20004
1064569216714494 218 2.81625366210938 -0.78135704994202 -0.01712906360626 30004
1064607133250782 218 0.53518676757813 3.6071138381958 -0.00342488288879 40004
1064645049762093 218 -0.63998413085938 -4.88733339309692 0.00446367263794 50004
1064682966270793 218 -0.95806884765625 0.04464872181416 0.00711989402771 60004
1064720882784123 218 -0.34423828125 -3.268394947052 0.00308895111084 70004
1064758799291453 218 1.29949951171875 -1.23553490638733 -0.00782346725464 80004
1064796715802623 218 0.01361083984375 -3.89610314369202 0.00077486038208 90004
1064455467211983 219 -1.90989744663239 1.70825278759003 0.01312165334821 4
1064493383720893 219 -0.13214111328125 5.52725458145142 0.00089526176453 10004
1064531300230863 219 -0.04402160644531 3.97774696350098 0.0006697177887 20004
1064569216714494 219 3.087158203125 -0.80138278007507 -0.0193772315979 30004
1064607133250782 219 0.51712036132813 3.91104984283447 -0.00342535972595 40004
1064645049762093 219 -0.59091186523438 -5.23780870437622 0.00447106361389 50004
1064682966270793 219 -0.79595947265625 -0.3862906396389 0.00599455833435 60004
1064720882784123 219 -0.38287353515625 -3.70395135879517 0.00309944152832 70004
1064758799291453 219 1.08514404296875 -1.53183197975159 -0.00782346725464 80004
1064796715802623 219 -0.10797119140625 -4.22815084457397 0.00077056884766 90004
1064455467211983 220 -2.21566557884216 1.64176988601685 0.01495820470154 4
1064493383720893 220 -0.07295227050781 5.22303676605225 0.00089395046234 10004
1064531300230863 220 0.080810546875 3.71126174926758 -0.00045502185822 20004
1064569216714494 220 3.24609375 -0.80674147605896 -0.02049911022186 30004
1064607133250782 220 0.45144653320313 4.21391296386719 -0.00342583656311 40004
1064645049762093 220 -0.58078002929688 -5.59372186660767 0.00447678565979 50004
1064682966270793 220 -0.77545166015625 -0.86646270751953 0.00486922264099 60004
1064720882784123 220 -0.45806884765625 -4.13514566421509 0.00310897827148 70004
1064758799291453 220 0.85028076171875 -1.81198811531067 -0.00572776794434 80004
1064796715802623 220 -0.16558837890625 -4.58529615402222 0.00076675415039 90004
1064455467211983 221 -2.53214120864868 1.67815637588501 0.01674182154238 4
1064493383720893 221 -0.04646301269531 4.91368770599365 0.00089311599731 10004
1064531300230863 221 0.278076171875 3.48729705810547 -0.00157880783081 20004
1064569216714494 221 3.24609375 -0.80674147605896 -0.02049911022186 30004
1064607133250782 221 0.44509887695313 4.52572631835938 -0.00342631340027 40004
1064645049762093 221 -0.454345703125 -5.93332147598267 0.00336360931396 50004
1064682966270793 221 -0.91314697265625 -1.33584380149841 0.00486826896667 60004
1064720882784123 221 -0.38970947265625 -4.57491159439087 0.00312423706055 70004
1064758799291453 221 0.70477294921875 -2.15306401252747 -0.00371408462524 80004
1064796715802623 221 -0.25250244140625 -4.93685102462769 0.00076389312744 90004
1064455467211983 222 -2.69136095046997 1.67781686782837 0.0167418140918 4
1064493383720893 222 -0.15314483642578 4.62216424942017 0.00089234113693 10004
1064531300230863 222 0.362060546875 3.20097351074219 -0.00157976150513 20004
1064569216714494 222 3.24609375 -0.80674147605896 -0.02049911022186 30004
1064607133250782 222 0.53494262695313 4.82445526123047 -0.00342726707458 40004
1064645049762093 222 -0.339111328125 -6.27672815322876 0.00224876403809 50004
1064682966270793 222 -0.83990478515625 -1.81961226463318 0.00596189498901 60004
1064720882784123 222 -0.51275634765625 -5.00324869155884 0.00313186645508 70004
1064758799291453 222 0.62274169921875 -2.51478505134583 -0.00371599197388 80004
1064796715802623 222 -0.18316650390625 -5.29231977462769 0.00075721740723 90004
1064455467211983 223 -2.73117017745972 1.67773199081421 0.01840542815626 4
1064493383720893 223 -0.15995025634766 4.31726884841919 0.00089055299759 10004
1064531300230863 223 0.472412109375 2.92422294616699 -0.00270509719849 20004
1064569216714494 223 3.24609375 -0.80674147605896 -0.02049911022186 30004
1064607133250782 223 0.58230590820313 5.13173294067383 -0.00342726707458 40004
1064645049762094 223 0.0780029296875 -7.83293914794922 0.00000190734863 50004
1064682966270793 223 -0.73516845703125 -2.2972149848938 0.00483655929565 60004
1064720882784123 223 -0.49224853515625 -5.44015741348267 0.00314521789551 70004
1064758799291453 223 0.43157958984375 -2.82509636878967 -0.00371742248535 80004
1064796715802623 223 -0.16290283203125 -5.65282392501831 0.00075197219849 90004
1064455467211983 224 -2.73117017745972 1.67773199081421 0.01840539835393 4
1064493383720893 224 -0.13962554931641 4.00751161575317 0.00088894367218 10004
1064531300230863 224 0.59956359863281 2.65427017211914 -0.00383126735687 20004
1064569216714494 224 3.24609375 -0.80674147605896 -0.02049911022186 30004
1064607133250782 224 0.58401489257813 5.44203567504883 -0.00342917442322 40004
1064645049762094 224 0.1300048828125 -7.66012191772461 0.00000333786011 50004
1064682966270793 224 -0.66729736328125 -2.77941751480103 0.00483417510986 60004
1064720882784123 224 -0.44915771484375 -5.88250970840454 0.00315952301025 70004
1064758799291453 224 0.27679443359375 -3.15254426002502 -0.00165510177612 80004
1064796715802623 224 -0.09356689453125 -6.00205945968628 0.00074672698975 90004
1064455467211983 225 -2.73117017745972 1.67773199081421 0.01840536855161 4
1064493383720893 225 -0.10239410400391 3.70197248458862 0.00088745355606 10004
1064531300230863 225 0.75862121582031 2.40838050842285 -0.0038321018219 20004
1064569216714494 225 3.24609375 -0.80674147605896 -0.02049911022186 30004
1064607133250782 225 0.52212524414063 5.74211692810059 -0.0034294128418 40004
1064645049762094 225 0.1158447265625 -7.5328483581543 0.00000357627869 50004
1064682966270793 225 -0.69903564453125 -3.25896310806274 0.00483202934265 60004
1064720882784123 225 -0.38494873046875 -6.31495523452759 0.00317478179932 70004
1064758799291453 225 0.15838623046875 -3.49712872505188 -0.00165510177612 80004
1064796715802623 225 0.00238037109375 -6.34468793869019 0.00074052810669 90004
1064455467211983 226 -2.73117017745972 1.67773199081421 0.01840533874929 4
1064493383720893 226 0.00405120849609 3.41031813621521 0.00088649988174 10004
1064531300230863 226 0.99322509765625 2.2238597869873 -0.00608122348785 20004
1064569216714494 226 3.24609375 -0.80674147605896 -0.02049911022186 30004
1064607133250783 226 0 7.53247022628784 0 40004
1064645049762094 226 0.0592041015625 -7.39241409301758 0.000004529953 50004
1064682966270793 226 -0.88751220703125 -3.71057367324829 0.00483131408691 60004
1064720882784124 226 0 -8 0 70004
1064758799291453 226 -0.06915283203125 -3.79030346870422 0.00037956237793 80004
1064796715802624 226 0 -8 0 90004
1064455467211983 227 -2.73117017745972 1.67773199081421 0.01840530894697 4
1064493383720893 227 0.06887054443359 3.10667562484741 -0.0002373456955 10004
1064531300230863 227 1.12774658203125 1.9575138092041 -0.00720477104187 20004
1064569216714494 227 3.24609375 -0.80674147605896 -0.02049911022186 30004
1064607133250783 227 0.173828125 7.90524244308472 -0.00000143051147 40004
1064645049762094 227 0.0645751953125 -7.29072952270508 0.00000596046448 50004
1064682966270793 227 -0.86798095703125 -4.17846155166626 0.00483131408691 60004
1064720882784124 227 0.1396484375 -7.70032501220703 0.00000286102295 70004
1064758799291453 227 -0.15118408203125 -4.15202617645264 0.0003776550293 80004
1064796715802624 227 0.064453125 -7.86264038085938 -0.00000667572021 90004
1064455467211983 228 -2.73117017745972 1.67773199081421 0.01840527914464 4
1064493383720893 228 0.22542572021484 2.84491205215454 -0.00136113166809 10004
1064531300230863 228 1.3126220703125 1.7256031036377 -0.00833106040955 20004
1064569216714494 228 3.0743408203125 -0.81594610214233 -0.02049839496613 30004
1064607133250783 228 0.320556640625 8.08521556854248 -0.00112581253052 40004
1064645049762094 228 0.14501953125 -7.11648941040039 0.00000834465027 50004
1064682966270793 228 -0.69464111328125 -4.62130975723267 0.00482892990112 60004
1064720882784124 228 0.174560546875 -7.31066513061523 -0.00112009048462 70004
1064758799291453 228 -0.11309814453125 -4.51432323455811 0.00037527084351 80004
1064796715802624 228 0.08056640625 -7.79530143737793 -0.00000858306885 90004
1064455467211983 229 -2.73117017745972 1.67773199081421 0.01840524934232 4
1064493383720893 229 0.37134552001953 2.57483911514282 -0.00136208534241 10004
1064531300230863 229 1.457275390625 1.47299385070801 -0.00833094120026 20004
1064569216714494 229 2.74737548828125 -0.73649787902832 -0.01849019527435 30004
1064607133250783 229 0.389404296875 8.14306926727295 -0.00224924087524 40004
1064645049762094 229 0.2041015625 -6.89455413818359 -0.0011134147644 50004
1064682966270793 229 -0.57208251953125 -5.08299112319946 0.00370240211487 60004
1064720882784124 229 0.263427734375 -6.91067123413086 -0.00112009048462 70004
1064758799291453 229 -0.11505126953125 -4.87642955780029 0.00037431716919 80004
1064796715802624 229 0.13427734375 -7.65790748596191 -0.00001430511475 90004
1064455467211983 230 -2.73117017745972 1.67773199081421 0.01840521954 4
1064493383720893 230 0.50440216064453 2.30039000511169 -0.00248688459396 10004
1064531300230863 230 1.57435607910156 1.20429611206055 -0.00945663452148 20004
1064569216714494 230 2.34939575195313 -0.52520871162415 -0.01431596279144 30004
1064607133250783 230 0.389404296875 8.14306926727295 -0.00224924087524 40004
1064645049762094 230 0.242431640625 -6.65621376037598 -0.00111246109009 50004
1064682966270793 230 -0.50054931640625 -5.55826234817505 0.00370097160339 60004
1064720882784124 230 0.396728515625 -6.53914260864258 -0.00224304199219 70004
1064758799291453 230 -0.15899658203125 -5.23878765106201 0.00037240982056 80004
1064796715802624 230 0.21484375 -7.4570198059082 -0.00114488601685 90004
1064455467211983 231 -2.73117017745972 1.67773199081421 0.01840518973768 4
1064493383720893 231 0.72286224365234 2.07964491844177 -0.00361144542694 10004
1064531300230863 231 1.77552795410156 0.98386383056641 -0.01058280467987 20004
1064569216714494 231 2.0330810546875 -0.19355992972851 -0.01227855682373 30004
1064607133250783 231 0.389404296875 8.14306926727295 -0.00224924087524 40004
1064645049762094 231 0.357666015625 -6.43918800354004 -0.00223255157471 50004
1064682966270793 231 -0.27593994140625 -5.99276399612427 0.00257587432861 60004
1064720882784124 231 0.396728515625 -6.19402694702148 -0.00224304199219 70004
1064758799291453 231 -0.08868408203125 -5.60304546356201 0.00037050247192 80004
1064796715802624 231 0.21484375 -7.3458366394043 -0.00115251541138 90004
1064455467211983 232 -2.73117017745972 1.67773199081421 0.01840515993536 4
1064493383720893 232 0.83219146728516 1.96937346458435 -0.00473600625992 10004
1064531300230863 232 2.05119323730469 0.86909008026123 -0.01283144950867 20004
1064569216714494 232 1.7215576171875 0.09576248377562 -0.01027011871338 30004
1064607133250783 232 0.389404296875 8.14306926727295 -0.00224924087524 40004
1064645049762094 232 0.364013671875 -6.31646919250488 -0.00223159790039 50004
1064682966270793 232 -0.25543212890625 -6.48162508010864 0.0025737285614 60004
1064720882784124 232 0.461181640625 -5.77934646606445 -0.00224113464355 70004
1064758799291453 232 -0.11309814453125 -5.97310924530029 0.00036907196045 80004
1064796715802624 232 0.3505859375 -7.05415725708008 -0.00115919113159 90004
1064455467211983 233 -2.7191104888916 1.68398237228394 0.01840512827039 4
1064493383720893 233 1.07093811035156 1.84391093254089 -0.00586032867432 10004
1064531300230863 233 2.26594543457031 0.68019008636475 -0.01395547389984 20004
1064569216714494 233 1.514404296875 0.48657143115997 -0.01026856899261 30004
1064607133250783 233 0.389404296875 8.14306926727295 -0.00224924087524 40004
1064645049762094 233 0.3568115234375 -6.10167121887207 -0.00223016738892 50004
1064682966270794 233 0.0498046875 -7.77016258239746 -0.00000143051147 60004
1064720882784124 233 0.389404296875 -5.37338638305664 -0.00223970413208 70004
1064758799291453 233 -0.19244384765625 -6.33405208587646 0.00036811828613 80004
1064796715802624 233 0.384521484375 -6.89785003662109 -0.00228404998779 90004
1064455467211983 234 -2.6224160194397 1.69186151027679 0.01728206500411 4
1064493383720893 234 1.31194305419922 1.65994811058044 -0.00810772180557 10004
1064531300230863 234 2.38423156738281 0.50659704208374 -0.01508092880249 20004
1064569216714494 234 1.439208984375 0.92775547504425 -0.00825262069702 30004
1064607133250783 234 0.389404296875 8.14306926727295 -0.00224924087524 40004
1064645049762094 234 0.3907470703125 -5.8626651763916 -0.00222826004028 50004
1064682966270794 234 0.044921875 -7.44893455505371 -0.00000333786011 60004
1064720882784124 234 0.363037109375 -4.96451950073242 -0.00223731994629 70004
1064758799291454 234 0.0703125 -7.84953689575195 -0.00000095367432 80004
1064796715802624 234 0.403564453125 -6.68246841430664 -0.00228786468506 90004
1064455467211983 235 -2.41721272468567 1.66736268997192 0.01615899242461 4
1064493383720893 235 1.53238677978516 1.44928860664368 -0.00923085212708 10004
1064531300230863 235 2.41407775878906 0.3952556848526 -0.01508212089539 20004
1064569216714494 235 1.41262817382813 1.37721300125122 -0.00937151908875 30004
1064607133250783 235 0.3868408203125 8.12991619110107 -0.00224924087524 40004
1064645049762094 235 0.4439697265625 -5.62717819213867 -0.00222563743591 50004
1064682966270794 235 -0.001708984375 -7.10967636108398 -0.00000381469727 60004
1064720882784124 235 0.382080078125 -4.5527458190918 -0.00223445892334 70004
1064758799291454 235 0.17578125 -7.56981658935547 -0.00112581253052 80004
1064796715802624 235 0.399169921875 -6.34273910522461 -0.00229454040527 90004
1064455467211983 236 -2.12830877304077 1.54709732532501 0.01391286682338 4
1064493383720893 236 1.81406402587891 1.31875348091125 -0.01147753000259 10004
1064531300230863 236 2.40821838378906 0.35062229633331 -0.01508319377899 20004
1064569216714494 236 1.2406005859375 1.80184984207153 -0.00732493400574 30004
1064607133250783 236 0.3765869140625 8.07730388641357 -0.0022497177124 40004
1064645049762094 236 0.4180908203125 -5.38279342651367 -0.00222444534302 50004
1064682966270794 236 0.040283203125 -6.76066207885742 -0.00000667572021 60004
1064720882784124 236 0.264892578125 -4.14969253540039 -0.00223302841187 70004
1064758799291454 236 0.17578125 -7.35371398925781 -0.00112581253052 80004
1064796715802624 236 0.267333984375 -5.94256210327148 -0.0022988319397 90004
1064455467211983 237 -1.9134327173233 1.31176888942719 0.01278981007636 4
1064493383720893 237 2.01412200927734 1.08137822151184 -0.01260143518448 10004
1064531300230863 237 2.30348205566406 0.18703079223633 -0.01508414745331 20004
1064569216714494 237 1.1864013671875 2.25696301460266 -0.00732481479645 30004
1064607133250783 237 0.3399658203125 7.98013591766357 -0.00225019454956 40004
1064645049762094 237 0.4976806640625 -5.15027236938477 -0.00222206115723 50004
1064682966270794 237 -0.069091796875 -6.42660140991211 -0.00000810623169 60004
1064720882784124 237 0.113525390625 -3.75822067260742 -0.00021505355835 70004
1064758799291454 237 0.1162109375 -6.95891571044922 -0.00112724304199 80004
1064796715802624 237 0.065185546875 -5.57281112670898 -0.00029373168945 90004
1064455467211983 238 -1.78192627429962 1.02696442604065 0.01166674215347 4
1064493383720893 238 2.27411651611328 0.92146611213684 -0.01372486352921 10004
1064531300230863 238 2.14414978027344 -0.03366614878178 -0.01308071613312 20004
1064569216714494 238 0.991943359375 2.66295170783997 -0.00732457637787 30004
1064607133250783 238 0.3330078125 7.7045373916626 -0.0022509098053 40004
1064645049762094 238 0.4981689453125 -4.90885353088379 -0.00222015380859 50004
1064682966270794 238 -0.070068359375 -6.12357139587402 -0.00000929832458 60004
1064720882784124 238 -0.121337890625 -3.41495704650879 -0.00021362304688 70004
1064758799291454 238 0.07861328125 -6.5729923248291 -0.00112771987915 80004
1064796715802624 238 -0.003662109375 -5.19028854370117 -0.00029706954956 90004
1064455467211983 239 -1.63585519790649 0.74782359600067 0.01054367609322 4
1064493383720893 239 2.47019195556641 0.7862594127655 -0.01484823226929 10004
1064531300230863 239 1.97764587402344 -0.28097394108772 -0.01308107376099 20004
1064569216714494 239 0.84432983398438 3.08531498908997 -0.0052535533905 30004
1064607133250783 239 0.29931640625 7.30837345123291 -0.00225114822388 40004
1064645049762094 239 0.4998779296875 -4.66464805603027 -0.00221872329712 50004
1064682966270794 239 -0.034912109375 -5.80234718322754 -0.00001168251038 60004
1064720882784124 239 -0.35028076171875 -3.06504249572754 0.00183629989624 70004
1064758799291454 239 0.13818359375 -6.18205833435059 -0.00112915039063 80004
1064796715802624 239 0.060791015625 -4.80072021484375 -0.00030279159546 90004
1064455467211983 240 -1.47899222373962 0.47695058584213 0.01054367981851 4
1064493383720893 240 2.55542755126953 0.67885953187943 -0.01597201824188 10004
1064531300230863 240 1.799072265625 -0.51330018043518 -0.01104462146759 20004
1064569216714494 240 0.74337768554688 3.52405381202698 -0.00525546073914 30004
1064607133250783 240 0.2789306640625 6.85440158843994 -0.00225186347961 40004
1064645049762094 240 0.5048828125 -4.42258262634277 -0.00333952903748 50004
1064682966270794 240 -0.0029296875 -5.45232772827148 -0.00001311302185 60004
1064720882784124 240 -0.57928466796875 -2.72152805328369 0.00390529632568 70004
1064758799291454 240 0.241943359375 -5.77675437927246 -0.00113105773926 80004
1064796715802624 240 0.169189453125 -4.40134048461914 -0.00030851364136 90004
1064455467211983 241 -1.41682851314545 0.16442260146141 0.00942063611001 4
1064493383720893 241 2.56055450439453 0.6583269238472 -0.01597213745117 10004
1064531300230863 241 1.55055236816406 -0.67856621742249 -0.0097451210022 20004
1064569216714494 241 0.50216674804688 3.91367173194885 -0.00316500663757 30004
1064607133250783 241 0.4083251953125 6.41027164459229 -0.00225281715393 40004
1064645049762094 241 0.43701171875 -4.18639945983887 -0.00333786010742 50004
1064682966270794 241 0.01953125 -5.10153579711914 -0.00001645088196 60004
1064720882784124 241 -0.91229248046875 -2.46537494659424 0.00601625442505 70004
1064758799291454 241 0.208740234375 -5.35224723815918 -0.00113344192505 80004
1064796715802624 241 0.142822265625 -3.98089218139648 -0.00031232833862 90004
1064455467211983 242 -1.22839915752411 -0.09256506711245 0.00829758588225 4
1064493383720893 242 2.56043243408203 0.6583269238472 -0.01597225666046 10004
1064531300230863 242 1.39527893066406 -0.93329346179962 -0.00974655151367 20004
1064569216714494 242 0.44796752929688 4.36878728866577 -0.00316309928894 30004
1064607133250783 242 0.3380126953125 5.95301914215088 -0.00225329399109 40004
1064645049762094 242 0.275390625 -4.0010814666748 -0.00128579139709 50004
1064682966270794 242 -0.087890625 -4.76682662963867 -0.00001740455627 60004
1064720882784124 242 -1.10662841796875 -2.09274005889893 0.00602388381958 70004
1064758799291454 242 0.358154296875 -4.95334434509277 -0.00225830078125 80004
1064796715802624 242 -0.006591796875 -3.58707046508789 -0.00031518936157 90004
1064455467211983 243 -1.13466918468475 -0.3912016749382 0.00829756073654 4
1064493383720893 243 2.54300689697266 0.63414984941483 -0.01597237586975 10004
1064531300230863 243 1.24130249023438 -1.18886840343475 -0.00773227214813 20004
1064569216714494 243 0.48678588867188 4.82231283187866 -0.00316071510315 30004
1064607133250783 243 0.1278076171875 5.55018329620361 -0.00019097328186 40004
1064645049762094 243 0.18408203125 -3.77761554718018 -0.00128412246704 50004
1064682966270794 243 -0.081787109375 -4.42158317565918 -0.00001931190491 60004
1064720882784124 243 -1.40496826171875 -1.80746650695801 0.00807666778564 70004
1064758799291454 243 0.37060546875 -4.53523826599121 -0.00226163864136 80004
1064796715802624 243 -0.270751953125 -3.26835346221924 0.00171279907227 90004
1064455467211983 244 -1.08491158485413 -0.70568871498108 0.00717450818047 4
1064493383720893 244 2.49976348876953 0.52591544389725 -0.01597267389297 10004
1064531300230863 244 1.14901733398438 -1.46519458293915 -0.00773346424103 20004
1064569216714494 244 0.45748901367188 5.26880407333374 -0.00315856933594 30004
1064607133250783 244 -0.0428466796875 5.24285221099854 -0.00019145011902 40004
1064645049762094 244 0.169189453125 -3.53812694549561 -0.00128197669983 50004
1064682966270794 244 -0.113525390625 -4.0798511505127 -0.00002026557922 60004
1064720882784124 244 -1.653076171875 -1.5213508605957 0.01012563705444 70004
1064758799291454 244 0.4287109375 -4.12353324890137 -0.00226259231567 80004
1064796715802624 244 -0.497314453125 -2.92460155487061 0.00372219085693 90004
1064455467211983 245 -1.0149974822998 -1.01078414916992 0.00717450818047 4
1064493383720893 245 2.39850616455078 0.33181822299957 -0.01597326993942 10004
1064531300230863 245 1.09512329101563 -1.75577390193939 -0.00773465633392 20004
1064569216714494 245 0.32589721679688 5.70782613754272 -0.00315678119659 30004
1064607133250783 245 -0.0965576171875 4.95512676239014 -0.00019145011902 40004
1064645049762094 245 0.2320556640625 -3.30505466461182 -0.00127863883972 50004
1064682966270794 245 -0.182373046875 -3.74162840843201 0.00201368331909 60004
1064720882784124 245 -1.85992431640625 -1.22025394439697 0.01218795776367 70004
1064758799291454 245 0.532470703125 -3.71823120117188 -0.00338888168335 80004
1064796715802624 245 -0.685791015625 -2.55581474304199 0.00372552871704 90004
1064455467211983 246 -0.84739881753922 -1.28180980682373 0.00605145236477 4
1064493383720893 246 2.18306732177734 0.10829189419746 -0.01389807462692 10004
1064531300230863 246 0.97257995605469 -2.02782654762268 -0.00571572780609 20004
1064569216714495 246 0 7.53247022628784 0 30004
1064607133250783 246 -0.0579833984375 4.49412059783936 -0.00019240379333 40004
1064645049762094 246 0.3692626953125 -3.10114765167236 -0.00127625465393 50004
1064682966270794 246 -0.1380615234375 -3.39287352561951 0.00200796127319 60004
1064720882784124 246 -2.192138671875 -0.96410101652145 0.01425790786743 70004
1064758799291454 246 0.499267578125 -3.29372406005859 -0.00339078903198 80004
1064796715802624 246 -0.988525390625 -2.26213264465332 0.0058479309082 90004
1064455467211983 247 -0.81004554033279 -1.5982551574707 0.00605145469308 4
1064493383720893 247 1.92024993896484 -0.05687752738595 -0.01205861568451 10004
1064531300230863 247 0.75491333007813 -2.23191285133362 -0.00571548938751 20004
1064569216714495 247 0.1005859375 7.74785566329956 -0.0000011920929 30004
1064607133250783 247 -0.2178955078125 4.05993938446045 0.00182938575745 40004
1064645049762094 247 0.4385986328125 -2.86533451080322 -0.00239634513855 50004
1064682966270794 247 -0.1837158203125 -3.04433989524841 0.00200366973877 60004
1064720882784124 247 -2.385498046875 -0.59146612882614 0.01425790786743 70004
1064758799291454 247 0.593994140625 -3.04057693481445 -0.00339269638062 80004
1064796715802624 247 -1.348876953125 -2.04272270202637 0.00789022445679 90004
1064455467211983 248 -0.79923903942108 -1.91634166240692 0.00605145609006 4
1064493383720893 248 1.70587921142578 -0.27728879451752 -0.01205897331238 10004
1064531300230863 248 0.61701965332031 -2.49067521095276 -0.00365710258484 20004
1064569216714495 248 0.1356201171875 7.80989027023315 -0.0000022649765 30004
1064607133250783 248 -0.229736328125 3.60563898086548 0.00182747840881 40004
1064645049762094 248 0.577880859375 -2.66805076599121 -0.00351643562317 50004
1064682966270794 248 -0.3355712890625 -2.73481631278992 0.00199627876282 60004
1064720882784124 248 -2.4404296875 -0.34107309579849 0.01630592346191 70004
1064758799291454 248 0.722412109375 -2.67569541931152 -0.00451946258545 80004
1064796715802624 248 -1.6138916015625 -1.72473323345184 0.00992012023926 90004
1064455467211983 249 -0.73003870248795 -2.21964335441589 0.00492840725929 4
1064493383720893 249 1.55019378662109 -0.5412654876709 -0.01004409790039 10004
1064531300230863 249 0.55575561523438 -2.77827286720276 -0.00365829467773 20004
1064569216714495 249 0.1422119140625 7.81534910202026 -0.00000262260437 30004
1064607133250783 249 -0.291015625 3.158043384552 0.00182509422302 40004
1064645049762094 249 0.706787109375 -2.4625186920166 -0.0035126209259 50004
1064682966270794 249 -0.57757568359375 -2.49208331108093 0.00406384468079 60004
1064720882784124 249 -2.3837890625 -0.09005102515221 0.01630592346191 70004
1064758799291454 249 0.930908203125 -2.31317520141602 -0.00564527511597 80004
1064796715802624 249 -1.91119384765625 -1.43960273265839 0.01200103759766 90004
1064455467211983 250 -0.62721782922745 -2.51527857780457 0.00492840819061 4
1064493383720893 250 1.43601226806641 -0.82993388175964 -0.01004427671432 10004
1064531300230863 250 0.53677368164063 -3.07576560974121 -0.00366008281708 20004
1064569216714495 250 0.147705078125 7.81550168991089 -0.00000309944153 30004
1064607133250783 250 -0.48995971679688 2.74796438217163 0.00384330749512 40004
1064645049762094 250 0.82455444335938 -2.25125217437744 -0.00463795661926 50004
1064682966270794 250 -0.84735107421875 -2.2762439250946 0.00609564781189 60004
1064720882784124 250 -2.21484375 0.19996726512909 0.01518201828003 70004
1064758799291454 250 1.18408203125 -1.97453880310059 -0.00676918029785 80004
1064796715802624 250 -2.25103759765625 -1.19583976268768 0.01412630081177 90004
1064455467211983 251 -0.62526047229767 -2.83391261100769 0.00492841005325 4
1064493383720893 251 1.31892395019531 -1.1174590587616 -0.00802332162857 10004
1064531300230863 251 0.49453735351563 -3.37112617492676 -0.00366163253784 20004
1064569216714495 251 0.169677734375 7.81611204147339 -0.00000476837158 30004
1064607133250783 251 -0.80587768554688 2.41020345687866 0.00587797164917 40004
1064645049762094 251 1.0062255859375 -2.08605670928955 -0.00575828552246 50004
1064682966270794 251 -1.03582763671875 -1.97972345352173 0.00609421730042 60004
1064720882784124 251 -1.905517578125 0.48284474015236 0.01293802261353 70004
1064758799291454 251 1.36474609375 -1.58873558044434 -0.00789213180542 80004
1064796715802624 251 -2.5291748046875 -0.87902301549911 0.01622629165649 90004
1064455467211983 252 -0.54538083076477 -3.14238905906677 0.00380536075681 4
1064493383720893 252 1.23725891113281 -1.41697192192078 -0.00802397727966 10004
1064531300230863 252 0.33146667480469 -3.62090754508972 -0.00165152549744 20004
1064569216714495 252 0.212646484375 7.79742002487183 -0.00112557411194 30004
1064607133250783 252 -1.14669799804688 2.09719610214233 0.00791573524475 40004
1064645049762094 252 1.21084594726563 -1.95135903358459 -0.00687408447266 50004
1064682966270794 252 -1.32293701171875 -1.77704668045044 0.00819039344788 60004
1064720882784124 252 -1.54156494140625 0.68900811672211 0.01069974899292 70004
1064758799291454 252 1.6871337890625 -1.30954360961914 -0.01015090942383 80004
1064796715802624 252 -2.5916748046875 -0.66332668066025 0.01622915267944 90004
1064455467211983 253 -0.56888669729233 -3.45449161529541 0.00380535749719 4
1064493383720893 253 1.14359283447266 -1.71288752555847 -0.00802439451218 10004
1064531300230863 253 0.25901794433594 -3.90491461753845 -0.00165176391602 20004
1064569216714495 253 0.223388671875 7.79274702072144 -0.0011248588562 30004
1064607133250783 253 -1.36410522460938 1.69820499420166 0.0079140663147 40004
1064645049762094 253 1.35830688476563 -1.7609646320343 -0.0079870223999 50004
1064682966270794 253 -1.52532958984375 -1.49757289886475 0.01020383834839 60004
1064720882784124 253 -1.2674560546875 0.99654114246368 0.00845384597778 70004
1064758799291454 253 2.01617431640625 -1.03882598876953 -0.01241207122803 80004
1064796715802624 253 -2.5970458984375 -0.54291313886642 0.01623249053955 90004
1064455467211983 254 -0.55792886018753 -3.76538801193237 0.00380535237491 4
1064493383720893 254 0.98829650878906 -1.97318351268768 -0.00602227449417 10004
1064531300230863 254 0.15635681152344 -4.17748546600342 -0.00165176391602 20004
1064569216714495 254 0.223388671875 7.79274702072144 -0.0011248588562 30004
1064607133250783 254 -1.61679077148438 1.32175922393799 0.00993990898132 40004
1064645049762094 254 1.52481079101563 -1.58913540840149 -0.00909876823425 50004
1064682966270794 254 -1.7554931640625 -1.24369812011719 0.01019930839539 60004
1064720882784124 254 -1.08734130859375 1.36839306354523 0.00733613967896 70004
1064758799291454 254 2.34759521484375 -0.86347138881683 -0.01466798782349 80004
1064796715802624 254 -2.5125732421875 -0.38224741816521 0.01623439788818 90004
1064455467211983 255 -0.51251065731049 -4.07507658004761 0.00380534678698 4
1064493383720893 255 0.79506683349609 -2.19072651863098 -0.0060225725174 10004
1064531300230863 255 0.02325439453125 -4.43866729736328 0.00039529800415 20004
1064569216714495 255 0.21533203125 7.73817443847656 -0.00112450122833 30004
1064607133250783 255 -1.97268676757813 1.03889894485474 0.01201796531677 40004
1064645049762094 255 1.7110595703125 -1.43587136268616 -0.01021528244019 50004
1064682966270794 255 -2.0350341796875 -1.0315899848938 0.01224994659424 60004
1064720882784124 255 -0.93035888671875 1.74875795841217 0.00622844696045 70004
1064758799291454 255 2.62200927734375 -0.78272616863251 -0.01579236984253 80004
1064796715802624 255 -2.3177490234375 -0.13935430347919 0.01512813568115 90004
1064455467211983 256 -0.57047873735428 -4.38838672637939 0.00380534376018 4
1064493383720893 256 0.66069030761719 -2.38339376449585 -0.00401574373245 10004
1064531300230863 256 -0.01922607421875 -4.73406219482422 0.00039458274841 20004
1064569216714495 256 0.18310546875 7.51988220214844 -0.00112318992615 30004
1064607133250783 256 -2.40805053710938 0.88317614793777 0.01627564430237 40004
1064645049762094 256 1.8404541015625 -1.22691178321838 -0.01133441925049 50004
1064682966270794 256 -2.2918701171875 -0.79118692874908 0.01425695419312 60004
1064720882784124 256 -0.65399169921875 2.06307744979858 0.00512075424194 70004
1064758799291454 256 2.72650146484375 -0.70819652080536 -0.01691627502441 80004
1064796715802624 256 -1.9993896484375 0.1341817677021 0.01289892196655 90004
1064455467211983 257 -0.49059784412384 -4.69686603546143 0.00380533793941 4
1064493383720893 257 0.60733032226563 -2.68923711776733 -0.00401639938354 10004
1064531300230863 257 0.06671142578125 -5.01966094970703 0.00039315223694 20004
1064569216714495 257 0.1171875 7.08352661132813 -0.00112187862396 30004
1064607133250783 257 -2.86947631835938 0.84817916154861 0.01830840110779 40004
1064645049762094 257 2.0460205078125 -1.09221291542053 -0.01245260238647 50004
1064682966270794 257 -2.3572998046875 -0.62805140018463 0.01425862312317 60004
1064720882784124 257 -0.53680419921875 2.46545553207397 0.0040135383606 70004
1064758799291454 257 2.896484375 -0.41126987338066 -0.01804876327515 80004
1064796715802624 257 -1.5950927734375 0.24667409062386 0.01067066192627 90004
1064455467211983 258 -0.41615349054337 -5.00667238235474 0.002682285849 4
1064493383720893 258 0.59408569335938 -2.99855375289917 -0.00401711463928 10004
1064531300230863 258 0.05633544921875 -5.31260681152344 0.00039184093475 20004
1064569216714495 258 0.03662109375 6.64970016479492 -0.0011203289032 30004
1064607133250783 258 -3.19277954101563 0.82792216539383 0.02038955688477 40004
1064645049762094 258 2.2757568359375 -1.01161313056946 -0.01357221603394 50004
1064682966270794 258 -2.3604736328125 -0.34308540821075 0.01532936096191 60004
1064720882784124 258 -0.30023193359375 2.8017897605896 0.00290584564209 70004
1064758799291454 258 3.153076171875 -0.12649044394493 -0.01918697357178 80004
1064796715802624 258 -1.254150390625 0.47994935512543 0.00843286514282 90004
1064455467211983 259 -0.41247871518135 -5.31773805618286 0.00268228701316 4
1064493383720893 259 0.52859497070313 -3.29448652267456 -0.00401782989502 10004
1064531300230863 259 0.07806396484375 -5.60310363769531 0.00039088726044 20004
1064569216714495 259 -0.0439453125 6.21581268310547 0.00091242790222 30004
1064607133250783 259 -3.3544921875 0.8191311955452 0.02239727973938 40004
1064645049762094 259 2.48272705078125 -0.90692496299744 -0.0158154964447 50004
1064682966270794 259 -2.3160400390625 -0.11403346061707 0.01533102989197 60004
1064720882784124 259 -0.1033935546875 3.16013860702515 0.00067472457886 70004
1064758799291454 259 3.328369140625 0.10162927210331 -0.02032518386841 80004
1064796715802624 259 -1.00836181640625 0.80837911367416 0.00731468200684 90004
1064455467211983 260 -0.44328367710114 -5.62920045852661 0.00268228817731 4
1064493383720893 260 0.43026733398438 -3.58314275741577 -0.0019868016243 10004
1064531300230863 260 0.13212585449219 -5.89115142822266 -0.00073325634003 20004
1064569216714495 260 -0.13235473632813 5.78407859802246 0.00091028213501 30004
1064607133250783 260 -3.388916015625 0.81745249032974 0.02239561080933 40004
1064645049762094 260 2.65338134765625 -0.78653764724731 -0.01693367958069 50004
1064682966270794 260 -2.2117919921875 0.04912055656314 0.0153329372406 60004
1064720882784124 260 -0.0296630859375 3.56568193435669 0.00067710876465 70004
1064758799291454 260 3.37744140625 0.23326118290424 -0.02146148681641 80004
1064796715802624 260 -0.87994384765625 1.20119225978851 0.00619554519653 90004
1064455467211983 261 -0.37518662214279 -5.92007970809937 0.00268228864297 4
1064493383720893 261 0.43026733398438 -3.87421250343323 -0.0019868016243 10004
1064531300230863 261 0.092529296875 -6.16808414459229 -0.00073349475861 20004
1064569216714495 261 -0.25137329101563 5.38792705535889 0.00090670585632 30004
1064607133250783 261 -3.388916015625 0.81745249032974 0.02239561080933 40004
1064645049762094 261 2.7989501953125 -0.74798715114594 -0.01692986488342 50004
1064682966270794 261 -2.0213623046875 0.2882142663002 0.0130889415741 60004
1064720882784124 261 -0.0882568359375 3.95478105545044 0.00067758560181 70004
1064758799291454 261 3.37744140625 0.23326118290424 -0.02146863937378 80004
1064796715802624 261 -0.884521484375 1.59614396095276 0.00619745254517 90004
1064455467211983 262 -0.25506016612053 -6.19320487976074 0.00268229003996 4
1064493383720893 262 0.31544494628906 -4.13985633850098 -0.00198704004288 10004
1064531300230863 262 0.16551208496094 -6.43644523620605 -0.00073397159576 20004
1064569216714495 262 -0.20333862304688 4.97931861877441 0.00089979171753 30004
1064607133250783 262 -3.388916015625 0.81745249032974 0.02239561080933 40004
1064645049762094 262 2.9022216796875 -0.76245939731598 -0.01804900169373 50004
1064682966270794 262 -1.9368896484375 0.60319191217422 0.01309132575989 60004
1064720882784124 262 -0.1502685546875 4.34325265884399 0.00067853927612 70004
1064758799291454 262 3.37744140625 0.23326118290424 -0.02147579193115 80004
1064796715802624 262 -0.73358154296875 1.9578822851181 0.00508069992065 90004
1064455467211984 263 0.08867778629065 -7.80982971191406 0.00000000029104 4
1064493383720893 263 0.26632690429688 -4.43942546844482 -0.00198763608932 10004
1064531300230864 263 0.04257202148438 -7.9088191986084 0 20004
1064569216714495 263 -0.25869750976563 4.55141830444336 0.00089454650879 30004
1064607133250783 263 -3.40570068359375 0.86948138475418 0.02239441871643 40004
1064645049762094 263 3.03640747070313 -0.83641493320465 -0.01916718482971 50004
1064682966270794 263 -1.7694091796875 0.9031942486763 0.01196980476379 60004
1064720882784124 263 -0.1348876953125 4.75779867172241 0.00068140029907 70004
1064758799291454 263 3.37744140625 0.23326118290424 -0.02148342132568 80004
1064796715802624 263 -0.64007568359375 2.36323571205139 0.00508451461792 90004
1064455467211984 264 0.17734920978546 -7.52606248855591 -0.0011230452219 4
1064493383720893 264 0.22543334960938 -4.72140789031982 -0.00198835134506 10004
1064531300230864 264 0.0885009765625 -7.81109619140625 -0.00000011920929 20004
1064569216714495 264 -0.36593627929688 4.1522388458252 0.00291442871094 30004
1064607133250783 264 -3.41744995117188 0.96139919757843 0.02239227294922 40004
1064645049762094 264 3.14031982421875 -0.91985547542572 -0.01916217803955 50004
1064682966270794 264 -1.60601806640625 1.18183732032776 0.0108425617218 60004
1064720882784124 264 -0.08453369140625 5.14772510528564 0.00068426132202 70004
1064758799291454 264 3.37744140625 0.23326118290424 -0.02149057388306 80004
1064796715802624 264 -0.5701904296875 2.69282555580139 0.00396537780762 90004
1064455467211984 265 0.17587567865849 -7.22430276870728 -0.0011230428936 4
1064493383720893 265 0.10254669189453 -5.00461578369141 0.00001847743988 10004
1064531300230864 265 0.09857177734375 -7.79146957397461 -0.00000047683716 20004
1064569216714495 265 -0.44412231445313 3.71989607810974 0.00291347503662 30004
1064607133250783 265 -3.40228271484375 1.08114981651306 0.02238988876343 40004
1064645049762094 265 3.16915893554688 -0.97022199630737 -0.0202796459198 50004
1064682966270794 265 -1.51348876953125 1.51942050457001 0.01083183288574 60004
1064720882784124 265 -0.06353759765625 5.56453371047974 0.00068712234497 70004
1064758799291454 265 3.37744140625 0.23326118290424 -0.02149820327759 80004
1064796715802624 265 -0.4437255859375 2.92293429374695 0.00396966934204 90004
1064455467211984 266 0.15230284631252 -6.88944101333618 -0.00112304126378 4
1064493383720893 266 0.10266876220703 -5.31509399414063 0.00001811981201 10004
1064531300230864 266 0.09857177734375 -7.79146957397461 -0.00000047683716 20004
1064569216714495 266 -0.36209106445313 3.28621459007263 0.00291299819946 30004
1064607133250783 266 -3.40130615234375 1.08248114585876 0.02238750457764 40004
1064645049762094 266 3.16915893554688 -0.97022199630737 -0.02027583122253 50004
1064682966270794 266 -1.2930908203125 1.79437053203583 0.0085768699646 60004
1064720882784124 266 -0.21099853515625 5.95741701126099 0.00068855285645 70004
1064758799291454 266 3.37744140625 0.23326118290424 -0.02150583267212 80004
1064796715802624 266 -0.3978271484375 3.34150576591492 0.00285243988037 90004
1064455467211984 267 0.24551925063133 -6.57194805145264 -0.00112303858623 4
1064493383720893 267 0.00182342529297 -5.60451936721802 0.00001794099808 10004
1064531300230864 267 0.14955139160156 -7.69208288192749 -0.00000143051147 20004
1064569216714495 267 -0.4351806640625 2.85744571685791 0.00291240215302 30004
1064607133250783 267 -3.401123046875 1.08273077011108 0.02238726615906 40004
1064645049762094 267 3.16915893554688 -0.97022199630737 -0.02027201652527 50004
1064682966270794 267 -1.1689453125 2.11930060386658 0.00857448577881 60004
1064720882784125 267 0.07537841796875 7.69424867630005 0.00000190734863 70004
1064758799291454 267 3.37744140625 0.23326118290424 -0.02151346206665 80004
1064796715802624 267 -0.21148681640625 3.71179103851318 0.0017352104187 90004
1064455467211984 268 0.28483027219772 -6.24644136428833 -0.00112303777132 4
1064493383720893 268 -0.048095703125 -5.9035964012146 0.00001788139343 10004
1064531300230864 268 0.17755126953125 -7.62219047546387 -0.00112509727478 20004
1064569216714495 268 -0.64016723632813 2.47828555107117 0.00495266914368 30004
1064607133250783 268 -3.30294799804688 1.09637784957886 0.022385597229 40004
1064645049762094 268 3.16915893554688 -0.97022199630737 -0.020268201828 50004
1064682966270794 268 -0.99249267578125 2.41382765769959 0.00744891166687 60004
1064720882784125 268 0.11981201171875 7.79185724258423 0.00000476837158 70004
1064758799291454 268 3.37744140625 0.23326118290424 -0.02152109146118 80004
1064796715802624 268 -0.08966064453125 4.10436248779297 0.00061559677124 90004
1064455467211984 269 0.30617421865463 -5.91826057434082 -0.00112303742208 4
1064493383720893 269 -0.0079345703125 -6.20756673812866 0.00001782178879 10004
1064531300230864 269 0.20164489746094 -7.55570459365845 -0.00112569332123 20004
1064569216714495 269 -0.95660400390625 2.18375372886658 0.0049501657486 30004
1064607133250783 269 -3.06195068359375 1.07559251785278 0.0201416015625 40004
1064645049762094 269 3.16915893554688 -0.97022199630737 -0.02026438713074 50004
1064682966270794 269 -0.79962158203125 2.69903540611267 0.00520062446594 60004
1064720882784125 269 0.12451171875 7.80468702316284 0.00000524520874 70004
1064758799291454 269 3.37744140625 0.23326118290424 -0.02152872085571 80004
1064796715802624 269 -0.0445556640625 4.52322721481323 0.00061082839966 90004
1064455467211984 270 0.41741725802422 -5.60435581207275 -0.00224608019926 4
1064493383720894 270 0.00950622558594 -7.97960758209229 0 10004
1064531300230864 270 0.27197265625 -7.41447401046753 -0.00112640857697 20004
1064569216714495 270 -1.35589599609375 1.99586153030396 0.00918567180634 30004
1064607133250783 270 -2.66830444335938 0.96717256307602 0.01789331436157 40004
1064645049762094 270 3.1614990234375 -0.96951895952225 -0.02026057243347 50004
1064682966270794 270 -0.69024658203125 3.0312716960907 0.00519824028015 60004
1064720882784125 270 0.12451171875 7.80468702316284 0.00000524520874 70004
1064758799291454 270 3.36895751953125 0.22678276896477 -0.02153635025024 80004
1064796715802624 270 -0.00653076171875 4.94281196594238 0.00060415267944 90004
1064455467211984 271 0.39486229419708 -5.28395938873291 -0.00224607647397 4
1064493383720894 271 0.16160583496094 -7.65335750579834 -0.00000059604645 10004
1064531300230864 271 0.27294921875 -7.38535261154175 -0.00112676620483 20004
1064569216714495 271 -1.77529907226563 1.85902070999146 0.01119387149811 30004
1064607133250783 271 -2.210205078125 1.03077745437622 0.01451969146729 40004
1064645049762094 271 3.0389404296875 -0.95827037096024 -0.02025747299194 50004
1064682966270794 271 -0.46368408203125 3.30009341239929 0.00407528877258 60004
1064720882784125 271 0.12451171875 7.80468702316284 0.00000524520874 70004
1064758799291454 271 3.23321533203125 0.12312813848257 -0.02154350280762 80004
1064796715802624 271 0.01593017578125 5.3635196685791 0.00059747695923 90004
1064455467211984 272 0.4807548224926 -4.98878192901611 -0.0022460706532 4
1064493383720894 272 0.19023895263672 -7.32221984863281 -0.00112473964691 10004
1064531300230864 272 0.30096435546875 -7.25807571411133 -0.00112760066986 20004
1064569216714495 272 -2.09564208984375 1.60735511779785 0.01327109336853 30004
1064607133250783 272 -1.79229736328125 0.94069349765778 0.01226472854614 40004
1064645049762094 272 2.85638427734375 -0.86329388618469 -0.01822352409363 50004
1064682966270794 272 -0.35235595703125 3.60501980781555 0.00295233726501 60004
1064720882784125 272 0.12451171875 7.80468702316284 0.00000524520874 70004
1064758799291454 272 2.94482421875 0.04629369080067 -0.01943922042847 80004
1064796715802624 272 -0.0780029296875 5.74284410476685 0.00059461593628 90004
1064455467211984 273 0.53364539146423 -4.72991514205933 -0.00336911273189 4
1064493383720894 273 0.26647186279297 -6.9791088104248 -0.00112628936768 10004
1064531300230864 273 0.29473876953125 -7.06182861328125 -0.00112819671631 20004
1064569216714495 273 -2.46649169921875 1.38826274871826 0.01534807682037 30004
1064607133250783 273 -1.39999389648438 0.71761476993561 0.01001739501953 40004
1064645049762094 273 2.63934326171875 -0.74720931053162 -0.01614475250244 50004
1064682966270794 273 -0.30987548828125 3.950434923172 0.00295090675354 60004
1064720882784125 273 0.12451171875 7.80468702316284 0.00000524520874 70004
1064758799291454 273 2.55645751953125 -0.00617186585441 -0.0173192024231 80004
1064796715802625 273 0.0732421875 7.68949842453003 -0.00000476837158 90004
1064455467211984 274 0.52871841192245 -4.49299192428589 -0.00336911040358 4
1064493383720894 274 0.38056182861328 -6.65614795684814 -0.00225037336349 10004
1064531300230864 274 0.2728271484375 -6.82226943969727 -0.00112843513489 20004
1064569216714495 274 -2.82366943359375 1.24907398223877 0.01750230789185 30004
1064607133250783 274 -1.07577514648438 0.40676745772362 0.00776958465576 40004
1064645049762094 274 2.43035888671875 -0.62198185920715 -0.01614189147949 50004
1064682966270794 274 -0.30621337890625 4.30147218704224 0.00294852256775 60004
1064720882784125 274 0.12451171875 7.80468702316284 0.00000524520874 70004
1064758799291454 274 2.1378173828125 0.01098490320146 -0.01314735412598 80004
1064796715802625 274 0.21630859375 7.95288228988647 -0.00113439559937 90004
1064455467211984 275 0.55214869976044 -4.1581072807312 -0.0033691059798 4
1064493383720894 275 0.38056182861328 -6.34303760528564 -0.00225132703781 10004
1064531300230864 275 0.3338623046875 -6.55424880981445 -0.00112986564636 20004
1064569216714495 275 -2.99407958984375 1.1028413772583 0.0195392370224 30004
1064607133250783 275 -0.80868530273438 0.0938117057085 0.00552129745483 40004
1064645049762094 275 2.25845336914063 -0.44611001014709 -0.01408648490906 50004
1064682966270794 275 -0.2703857421875 4.65121126174927 0.00181889533997 60004
1064720882784125 275 0.12451171875 7.80468702316284 0.00000524520874 70004
1064758799291454 275 1.7403564453125 0.16480867564678 -0.01106929779053 80004
1064796715802625 275 0.34912109375 8.06425285339355 -0.00114297866821 90004
1064455467211984 276 0.43536329269409 -3.85383558273315 -0.00336910248734 4
1064493383720894 276 0.47113800048828 -5.99463748931885 -0.00225323438644 10004
1064531300230864 276 0.2760009765625 -6.28554153442383 -0.00113046169281 20004
1064569216714495 276 -3.26480102539063 0.94835758209229 0.02164101600647 30004
1064607133250783 276 -0.68515014648438 -0.35203343629837 0.00551843643188 40004
1064645049762094 276 2.12832641601563 -0.23774646222591 -0.01408743858337 50004
1064682966270794 276 -0.0897216796875 4.95320558547974 0.00068736076355 60004
1064720882784125 276 0.13037109375 7.77358198165894 0.00000667572021 70004
1064758799291454 276 1.43017578125 0.26590242981911 -0.00901985168457 80004
1064796715802625 276 0.34912109375 8.06425285339355 -0.00114297866821 90004
1064455467211984 277 0.30087852478027 -3.54911279678345 -0.00133416522294 4
1064493383720894 277 0.44489288330078 -5.6420373916626 -0.00225454568863 10004
1064531300230864 277 0.30731201171875 -6.01734924316406 -0.00113153457642 20004
1064569216714495 277 -3.52407836914063 0.63966250419617 0.02164077758789 30004
1064607133250783 277 -0.71176147460938 -0.80568885803223 0.00439047813416 40004
1064645049762094 277 2.07302856445313 -0.00270812213421 -0.01408791542053 50004
1064682966270794 277 -0.0184326171875 5.29100847244263 0.0006844997406 60004
1064720882784125 277 0.099609375 7.63752889633179 0.00000810623169 70004
1064758799291454 277 1.080322265625 0.45837512612343 -0.0068941116333 80004
1064796715802625 277 0.34912109375 8.06425285339355 -0.00114297866821 90004
1064455467211984 278 0.10264232754707 -3.28819179534912 -0.00133416452445 4
1064493383720894 278 0.35358428955078 -5.29491519927979 -0.00225567817688 10004
1064531300230864 278 0.32867431640625 -5.7462043762207 -0.00113272666931 20004
1064569216714495 278 -3.78131103515625 0.38558632135391 0.02373933792114 30004
1064607133250783 278 -0.68832397460938 -1.25674057006836 0.00438404083252 40004
1064645049762094 278 1.99270629882813 0.22343869507313 -0.01204776763916 50004
1064682966270794 278 -0.0570068359375 5.63237810134888 0.00068283081055 60004
1064720882784125 278 0.1142578125 7.36734914779663 0.00000858306885 70004
1064758799291454 278 0.687255859375 0.59419924020767 -0.00484561920166 80004
1064796715802625 278 0.34912109375 8.06425285339355 -0.00114297866821 90004
1064455467211984 279 -0.12450551986694 -3.04924988746643 0.00069386209361 4
1064493383720894 279 0.27496337890625 -4.95023059844971 -0.002257168293 10004
1064531300230864 279 0.32550048828125 -5.47260093688965 -0.00113332271576 20004
1064569216714495 279 -4.00250244140625 0.2667447924614 0.02581882476807 30004
1064607133250783 279 -0.61441040039063 -1.7051887512207 0.00437569618225 40004
1064645049762094 279 1.84341430664063 0.41314971446991 -0.01204538345337 50004
1064682966270795 279 0.043701171875 7.62597990036011 0 60004
1064720882784125 279 0.144287109375 6.99334669113159 0.00000953674316 70004
1064758799291454 279 0.279296875 0.68646913766861 -0.00280523300171 80004
1064796715802625 279 0.34912109375 8.06425285339355 -0.00114297866821 90004
1064455467211984 280 -0.26490095257759 -2.74439024925232 0.0006938619772 4
1064493383720894 280 0.31246948242188 -4.59221363067627 -0.00225901603699 10004
1064531300230864 280 0.36793518066406 -5.20099449157715 -0.00225853919983 20004
1064569216714495 280 -4.10797119140625 0.23553973436356 0.02582001686096 30004
1064607133250783 280 -0.69097900390625 -2.16144824028015 0.00437140464783 40004
1064645049762094 280 1.63735961914063 0.54690319299698 -0.01001644134521 50004
1064682966270795 280 0.218505859375 8.00001907348633 -0.00112533569336 60004
1064720882784125 280 0.047607421875 6.60530805587769 0.00001049041748 70004
1064758799291454 280 -0.08404541015625 0.90940195322037 0.00133657455444 80004
1064796715802625 280 0.34912109375 8.06425285339355 -0.00114297866821 90004
1064455467211984 281 -0.36593627929688 -2.42427778244019 0.0027300931979 4
1064493383720894 281 0.37411499023438 -4.23756122589111 -0.00226080417633 10004
1064531300230864 281 0.29161071777344 -4.93697452545166 -0.00226044654846 20004
1064569216714495 281 -4.10797119140625 0.23553973436356 0.02582192420959 30004
1064607133250783 281 -0.56695556640625 -2.60729479789734 0.0043625831604 40004
1064645049762094 281 1.50698852539063 0.755266726017 -0.01001381874084 50004
1064682966270795 281 0.376708984375 8.13266372680664 -0.0022509098053 60004
1064720882784125 281 0.123779296875 6.21273756027222 0.0000114440918 70004
1064758799291454 281 -0.20220947265625 1.08708918094635 0.00133466720581 80004
1064796715802625 281 0.34912109375 8.06425285339355 -0.00114297866821 90004
1064455467211984 282 -0.56131190061569 -2.15872812271118 0.00273009343073 4
1064493383720894 282 0.54389190673828 -3.92738246917725 -0.00338590145111 10004
1064531300230864 282 0.30162048339844 -4.66686344146729 -0.00226354598999 20004
1064569216714495 282 -4.10797119140625 0.23553973436356 0.02582383155823 30004
1064607133250783 282 -0.59295654296875 -3.06095194816589 0.00435709953308 40004
1064645049762094 282 1.45169067382813 0.99030500650406 -0.01001191139221 50004
1064682966270795 282 0.416259765625 8.16582489013672 -0.00224614143372 60004
1064720882784125 282 0.0703125 5.82356595993042 0.00001335144043 70004
1064758799291454 282 -0.27935791015625 1.44743072986603 0.00133228302002 80004
1064796715802625 282 0.34912109375 8.06425285339355 -0.00114297866821 90004
1064455467211984 283 -0.80415999889374 -1.92822885513306 0.00474042305723 4
1064493383720894 283 0.67751312255859 -3.60238170623779 -0.0033854842186 10004
1064531300230864 283 0.29930114746094 -4.39510059356689 -0.00226640701294 20004
1064569216714495 283 -4.10797119140625 0.23553973436356 0.02582573890686 30004
1064607133250783 283 -0.56890869140625 -3.51200556755066 0.00434994697571 40004
1064645049762094 283 1.41018676757813 1.23230087757111 -0.01000905036926 50004
1064682966270795 283 0.416259765625 8.16582489013672 -0.00224232673645 60004
1064720882784125 283 0.06005859375 5.43326139450073 0.00001525878906 70004
1064758799291454 283 -0.25152587890625 1.86211693286896 0.00132894515991 80004
1064796715802625 283 0.33251953125 7.97920799255371 -0.00114297866821 90004
1064455467211984 284 -1.03439462184906 -1.69226801395416 0.0067469929345 4
1064493383720894 284 0.77495574951172 -3.26254987716675 -0.00450825691223 10004
1064531300230864 284 0.28312683105469 -4.12482929229736 -0.00226855278015 20004
1064569216714495 284 -4.10797119140625 0.23553973436356 0.02582764625549 30004
1064607133250783 284 -0.49490356445313 -3.96045565605164 0.00321912765503 40004
1064645049762094 284 1.3341064453125 1.46191561222076 -0.00798797607422 50004
1064682966270795 284 0.416259765625 8.16582489013672 -0.00223851203918 60004
1064720882784125 284 0.13134765625 5.03985166549683 0.00001907348633 70004
1064758799291454 284 -0.1767578125 2.27353286743164 0.0013165473938 80004
1064796715802625 284 0.278564453125 7.77004432678223 -0.00114822387695 90004
1064455467211984 285 -1.17875063419342 -1.38925647735596 0.00674699572846 4
1064493383720894 285 0.98067474365234 -2.96719312667847 -0.00563210248947 10004
1064531300230864 285 0.34886169433594 -3.85787320137024 -0.00227236747742 20004
1064569216714495 285 -4.10797119140625 0.23553973436356 0.02582955360413 30004
1064607133250783 285 -0.57156372070313 -4.4167160987854 0.00321483612061 40004
1064645049762094 285 1.1885986328125 1.66018640995026 -0.00798225402832 50004
1064682966270795 285 0.416259765625 8.16582489013672 -0.00223469734192 60004
1064720882784125 285 0.18798828125 4.64392423629761 -0.00110101699829 70004
1064758799291454 285 -0.2392578125 2.69475936889648 0.00130748748779 80004
1064796715802625 285 0.162353515625 7.44365882873535 -0.00115203857422 90004
1064455467211984 286 -1.43761730194092 -1.17564928531647 0.00884656049311 4
1064493383720894 286 1.04224395751953 -2.61255979537964 -0.00563371181488 10004
1064531300230864 286 0.52171325683594 -3.64371609687805 -0.00227630138397 20004
1064569216714495 286 -4.10797119140625 0.23553973436356 0.02583146095276 30004
1064607133250783 286 -0.44802856445313 -4.86256265640259 0.0032057762146 40004
1064645049762094 286 1.1402587890625 1.90126192569733 -0.00797700881958 50004
1064682966270795 286 0.416259765625 8.16582489013672 -0.00223088264465 60004
1064720882784125 286 0.19287109375 4.24403715133667 -0.00109910964966 70004
1064758799291454 286 -0.1181640625 3.1029052734375 0.0012903213501 80004
1064796715802625 286 0.194580078125 7.09865760803223 -0.00115776062012 90004
1064455467211984 287 -1.70752763748169 -0.97647702693939 0.0109482742846 4
1064493383720894 287 1.21179962158203 -2.30237674713135 -0.0067566037178 10004
1064531300230864 287 0.60873413085938 -3.4103672504425 -0.00340068340302 20004
1064569216714495 287 -4.10797119140625 0.23553973436356 0.02583336830139 30004
1064607133250783 287 -0.47463989257813 -5.31621980667114 0.00320053100586 40004
1064645049762094 287 1.041015625 2.12422823905945 -0.00594830513 50004
1064682966270795 287 0.416259765625 8.16582489013672 -0.00222706794739 60004
1064720882784125 287 0.0703125 3.87069606781006 -0.00109767913818 70004
1064758799291454 287 -0.134765625 3.52086162567139 0.0012788772583 80004
1064796715802625 287 0.115478515625 6.76761817932129 -0.00116300582886 90004
1064455467211984 288 -1.94558906555176 -0.74548554420471 0.01298380643129 4
1064493383720894 288 1.42783355712891 -2.01474857330322 -0.00900393724442 10004
1064531300230864 288 0.72406005859375 -3.18341565132141 -0.00452482700348 20004
1064569216714495 288 -4.05084228515625 0.26979142427444 0.02583527565002 30004
1064607133250783 288 -0.45120239257813 -5.76727342605591 0.0031943321228 40004
1064645049762094 288 0.97607421875 2.35540843009949 -0.00594687461853 50004
1064682966270795 288 0.386474609375 8.06697082519531 -0.00222396850586 60004
1064720882784125 288 -0.009765625 3.48850727081299 0.00095462799072 70004
1064758799291454 288 -0.10546875 3.93554782867432 0.00126552581787 80004
1064796715802625 288 -0.013916015625 6.47394752502441 0.00085926055908 90004
1064455467211984 289 -2.17166304588318 -0.50554192066193 0.01298379991204 4
1064493383720894 289 1.64328002929688 -1.72734498977661 -0.01012706756592 10004
1064531300230864 289 0.8697509765625 -2.95606732368469 -0.00452888011932 20004
1064569216714495 289 -3.87713623046875 0.3303011059761 0.02583742141724 30004
1064607133250783 289 -0.34420776367188 -6.2163872718811 0.00318694114685 40004
1064645049762094 289 0.936767578125 2.5937135219574 -0.00594520568848 50004
1064682966270795 289 0.351806640625 7.84985113143921 -0.00221991539001 60004
1064720882784125 289 0.02880859375 3.0949010848999 -0.00016498565674 70004
1064758799291454 289 -0.0302734375 4.3469614982605 0.00012969970703 80004
1064796715802625 289 -0.13525390625 6.25065994262695 0.00085496902466 90004
1064455467211984 290 -2.46831345558167 -0.34860900044441 0.01504822541028 4
1064493383720894 290 1.82630920410156 -1.4174222946167 -0.01125133037567 10004
1064531300230864 290 0.9354248046875 -2.68914532661438 -0.00565254688263 20004
1064569216714495 290 -3.52420043945313 0.36682969331741 0.02358794212341 30004
1064607133250784 290 0 -8 0 40004
1064645049762094 290 0.8206787109375 2.81064391136169 -0.00594449043274 50004
1064682966270795 290 0.391845703125 7.5744833946228 -0.00221419334412 60004
1064720882784125 290 0.16845703125 2.72013759613037 -0.00016212463379 70004
1064758799291454 290 -0.0927734375 4.76818799972534 0.00012826919556 80004
1064796715802625 290 -0.19287109375 6.14037704467773 0.00085163116455 90004
1064455467211984 291 -2.56956624984741 -0.21481390297413 0.01708397269249 4
1064493383720894 291 2.12319183349609 -1.21392059326172 -0.01349830627441 10004
1064531300230864 291 1.07197570800781 -2.51946377754211 -0.00677621364594 20004
1064569216714495 291 -3.10311889648438 0.23366817831993 0.02006959915161 30004
1064607133250784 291 0.10400390625 -7.77727508544922 -0.00000143051147 40004
1064645049762094 291 0.8118896484375 2.9722421169281 -0.00594592094421 50004
1064682966270795 291 0.290283203125 7.2350287437439 -0.00221157073975 60004
1064720882784125 291 0.45361328125 2.43948268890381 -0.00240516662598 70004
1064758799291454 291 -0.0263671875 4.99214887619019 0.00012636184692 80004
1064796715802625 291 -0.19287109375 6.14037704467773 0.00085163116455 90004
1064455467211984 292 -2.59488606452942 -0.18136082589626 0.01708396524191 4
1064493383720894 292 2.38909149169922 -0.97293269634247 -0.01462203264236 10004
1064531300230864 292 1.15583801269531 -2.27685189247131 -0.00677919387817 20004
1064569216714495 292 -2.74151611328125 -0.0084049589932 0.01782488822937 30004
1064607133250784 292 0.1300048828125 -7.69994163513184 -0.00000190734863 40004
1064645049762094 292 0.722900390625 3.17533946037292 -0.00394535064697 50004
1064682966270795 292 0.276611328125 6.84084272384644 -0.0022087097168 60004
1064720882784125 292 0.724853515625 2.1460018157959 -0.00464868545532 70004
1064758799291454 292 -0.056640625 5.36405897140503 0.00012493133545 80004
1064796715802625 292 -0.170166015625 6.01238059997559 0.00084590911865 90004
1064455467211984 293 -2.59488606452942 -0.18136082589626 0.01708396524191 4
1064493383720894 293 2.57915496826172 -0.67732322216034 -0.01574581861496 10004
1064531300230864 293 1.27520751953125 -2.03631234169006 -0.00790572166443 20004
1064569216714495 293 -2.43609619140625 -0.32278871536255 0.01670134067535 30004
1064607133250784 293 0.1693115234375 -7.6012020111084 -0.00000333786011 40004
1064645049762094 293 0.658447265625 3.40651965141296 -0.00394368171692 50004
1064682966270795 293 0.204345703125 6.44451093673706 -0.00220608711243 60004
1064720882784125 293 1.0421142578125 1.91860866546631 -0.00576877593994 70004
1064758799291454 293 -0.1630859375 5.77379941940308 0.00012493133545 80004
1064796715802625 293 -0.112548828125 5.75903511047363 0.00083923339844 90004
1064455467211984 294 -2.59046053886414 -0.17567244172096 0.01708396151662 4
1064493383720894 294 2.66863250732422 -0.37712204456329 -0.01686996221542 10004
1064531300230864 294 1.42930603027344 -1.81172752380371 -0.00902938842773 20004
1064569216714495 294 -2.15884399414063 -0.66593217849731 0.01445627212524 30004
1064607133250784 294 0.228271484375 -7.47474479675293 -0.00112676620483 40004
1064645049762094 294 0.642333984375 3.65171694755554 -0.00394296646118 50004
1064682966270795 294 0.088134765625 6.05622816085815 -0.00018167495728 60004
1064720882784125 294 1.38385009765625 1.7263970375061 -0.00800180435181 70004
1064758799291455 294 0.0234375 7.58278799057007 -0.00000095367432 80004
1064796715802625 294 -0.042724609375 5.43315505981445 0.00083065032959 90004
1064455467211984 295 -2.57276105880737 -0.15292254090309 0.01708393543959 4
1064493383720894 295 2.65300750732422 -0.18956577777863 -0.01687091588974 10004
1064531300230864 295 1.52940368652344 -1.55586433410645 -0.00902938842773 20004
1064569216714495 295 -1.85614013671875 -0.98733472824097 0.01220715045929 30004
1064607133250784 295 0.228271484375 -7.47474479675293 -0.00112676620483 40004
1064645049762094 295 0.617431640625 3.89621615409851 -0.00394129753113 50004
1064682966270795 295 0.103759765625 5.64379835128784 -0.00018310546875 60004
1064720882784125 295 1.6500244140625 1.42864084243774 -0.01024723052979 70004
1064758799291455 295 0.1171875 7.78405904769897 -0.00000381469727 80004
1064796715802625 295 -0.018310546875 5.13772201538086 0.00082302093506 90004
1064455467211984 296 -2.42464447021484 -0.02353583276272 0.01596085168421 4
1064493383720894 296 2.47442626953125 0.12285883724689 -0.01687151193619 10004
1064531300230864 296 1.728515625 -1.36643600463867 -0.01015520095825 20004
1064569216714495 296 -1.72723388671875 -1.28603887557983 0.0122035741806 30004
1064607133250784 296 0.228271484375 -7.47474479675293 -0.00112676620483 40004
1064645049762094 296 0.543212890625 4.09327030181885 -0.00393986701965 50004
1064682966270795 296 -0.056396484375 5.2635645866394 -0.00018429756165 60004
1064720882784125 296 2.01654052734375 1.27161073684692 -0.0124888420105 70004
1064758799291455 296 0.130859375 7.79618978500366 -0.00000476837158 80004
1064796715802625 296 -0.110107421875 4.80365371704102 0.00081920623779 90004
1064455467211984 297 -2.14574098587036 0.07880605012178 0.01483778376132 4
1064493383720894 297 2.20929718017578 0.35671079158783 -0.01484972238541 10004
1064531300230864 297 1.853759765625 -1.12718152999878 -0.01128160953522 20004
1064569216714495 297 -1.70452880859375 -1.69158506393433 0.01107883453369 30004
1064607133250784 297 0.228271484375 -7.47474479675293 -0.00112676620483 40004
1064645049762094 297 0.53857421875 4.32634258270264 -0.00393772125244 50004
1064682966270795 297 -0.08837890625 4.9593710899353 -0.00018501281738 60004
1064720882784125 297 2.30657958984375 1.00903606414795 -0.01473188400269 70004
1064758799291455 297 0.13427734375 7.79922246932983 -0.0000114440918 80004
1064796715802625 297 -0.08984375 4.46388053894043 0.00081253051758 90004
1064455467211984 298 -1.85806000232697 0.23590998351574 0.01259166654199 4
1064493383720894 298 1.89965057373047 0.53736066818237 -0.01293140649796 10004
1064531300230864 298 2.003662109375 -0.90453630685806 -0.01240766048431 20004
1064569216714495 298 -1.76019287109375 -2.01080465316772 0.01107728481293 30004
1064607133250784 298 0.228271484375 -7.47474479675293 -0.00112676620483 40004
1064645049762094 298 0.50439453125 4.56385326385498 -0.00393629074097 50004
1064682966270795 298 -0.091796875 4.61378622055054 -0.0001859664917 60004
1064720882784125 298 2.49554443359375 0.66984701156616 -0.01584768295288 70004
1064758799291455 298 0.13427734375 7.79922246932983 -0.00001907348633 80004
1064796715802625 298 0.0126953125 4.1860294342041 0.00080585479736 90004
1064455467211984 299 -1.6344792842865 0.4783191382885 0.01146862469614 4
1064493383720894 299 1.56556701660156 0.65301579236984 -0.00913965702057 10004
1064531300230864 299 2.21795654296875 -0.74059158563614 -0.01353049278259 20004
1064569216714495 299 -1.83416748046875 -2.15876245498657 0.01107656955719 30004
1064607133250784 299 0.221435546875 -7.42095565795898 -0.00112676620483 40004
1064645049762094 299 0.42611694335938 4.79639530181885 -0.00191903114319 50004
1064682966270795 299 -0.0654296875 4.20924139022827 -0.00018739700317 60004
1064720882784125 299 2.56854248046875 0.30171647667885 -0.01583194732666 70004
1064758799291455 299 0.13427734375 7.79922246932983 -0.00002670288086 80004
1064796715802625 299 0.1376953125 3.94009017944336 -0.00032472610474 90004
1064455467211984 300 -1.49867701530457 0.78534299135208 0.01034556701779 4
1064493383720894 300 1.20560455322266 0.65471571683884 -0.00725626945496 10004
1064531300230864 300 2.47834777832031 -0.65309482812881 -0.01577866077423 20004
1064569216714495 300 -1.83416748046875 -2.15876245498657 0.01107656955719 30004
1064607133250784 300 0.194091796875 -7.2057991027832 -0.00112724304199 40004
1064645049762094 300 0.37484741210938 5.03673648834229 -0.00191783905029 50004
1064682966270795 300 0.0927734375 3.82803106307983 -0.00018978118896 60004
1064720882784125 300 2.52069091796875 -0.02894046902657 -0.01582288742065 70004
1064758799291455 300 0.13427734375 7.79922246932983 -0.00003433227539 80004
1064796715802625 300 0.1953125 3.59841537475586 -0.00033140182495 90004
1064455467211984 301 -1.48786807060242 1.12086725234985 0.01034555956721 4
1064493383720894 301 1.00296783447266 0.71324390172958 -0.00725680589676 10004
1064531300230864 301 2.73597717285156 -0.55732399225235 -0.0169050693512 20004
1064569216714495 301 -1.83416748046875 -2.15876245498657 0.01107656955719 30004
1064607133250784 301 0.326416015625 -6.79272842407227 -0.00112771987915 40004
1064645049762094 301 0.42807006835938 5.27663516998291 -0.00191450119019 50004
1064682966270795 301 0.0751953125 3.41570425033569 -0.00019097328186 60004
1064720882784125 301 2.38885498046875 -0.22953799366951 -0.01581382751465 70004
1064758799291455 301 0.17724609375 7.72899389266968 -0.00003623962402 80004
1064796715802625 301 0.3916015625 3.31315994262695 -0.00146102905273 90004
1064455467211984 302 -1.37146329879761 1.42940104007721 0.00922250002623 4
1064493383720894 302 0.73820495605469 0.89228993654251 -0.00543534755707 10004
1064531300230864 302 2.90280151367188 -0.54166680574417 -0.01802825927734 20004
1064569216714495 302 -1.86126708984375 -2.15315771102905 0.01107656955719 30004
1064607133250784 302 0.3184814453125 -6.36672592163086 -0.00225210189819 40004
1064645049762094 302 0.40182495117188 5.51661396026611 -0.00191259384155 50004
1064682966270795 302 0.189453125 3.02671480178833 -0.00019383430481 60004
1064720882784125 302 2.10028076171875 -0.43809831142426 -0.01368093490601 70004
1064758799291455 302 0.18798828125 7.71143674850464 -0.00115919113159 80004
1064796715802625 302 0.4852294921875 2.98588180541992 -0.00259113311768 90004
1064455467211984 303 -1.2125198841095 1.72499060630798 0.0080994470045 4
1064493383720894 303 0.51247406005859 1.16155159473419 -0.0033523440361 10004
1064531300230864 303 2.97079467773438 -0.5471904873848 -0.01802694797516 20004
1064569216714495 303 -1.97186279296875 -2.08072805404663 0.01311993598938 30004
1064607133250784 303 0.3572998046875 -5.94503402709961 -0.00225281715393 40004
1064645049762094 303 0.38766479492188 5.75888919830322 -0.00191068649292 50004
1064682966270795 303 0.3642578125 2.65324449539185 -0.00131916999817 60004
1064720882784125 303 1.73944091796875 -0.60587167739868 -0.01162242889404 70004
1064758799291455 303 0.15576171875 7.61485624313354 -0.00116014480591 80004
1064796715802625 303 0.6121826171875 2.67326736450195 -0.00370931625366 90004
1064455467211984 304 -1.06171047687531 2.02348852157593 0.00697640283033 4
1064493383720894 304 0.38397216796875 1.49093317985535 -0.00335210561752 10004
1064531300230864 304 2.97030639648438 -0.5471904873848 -0.01802575588226 20004
1064569216714495 304 -2.15594482421875 -1.89395570755005 0.01311886310577 30004
1064607133250784 304 0.44287109375 -5.52765274047852 -0.00225353240967 40004
1064645049762095 304 0.0040283203125 7.54099798202515 0.00000095367432 50004
1064682966270795 304 0.5390625 2.28058099746704 -0.00243711471558 60004
1064720882784125 304 1.380859375 -0.76745104789734 -0.00949382781982 70004
1064758799291455 304 0.118896484375 7.36875486373901 -0.00116157531738 80004
1064796715802625 304 0.8316650390625 2.41317653656006 -0.00482654571533 90004
1064455467211984 305 -0.95731610059738 2.34255814552307 0.0069763995707 4
1064493383720894 305 0.36834716796875 1.85054469108582 -0.00335186719894 10004
1064531300230864 305 2.96981811523438 -0.5471904873848 -0.01802468299866 20004
1064569216714495 305 -2.33673095703125 -1.55902528762817 0.01511812210083 30004
1064607133250784 305 0.38818359375 -5.09733963012695 -0.00225377082825 40004
1064645049762095 305 0.0201416015625 7.57510900497437 0.00000238418579 50004
1064682966270795 305 0.6640625 1.88711786270142 -0.00355672836304 60004
1064720882784125 305 1.087890625 -1.04077136516571 -0.00747299194336 70004
1064758799291455 305 0.164794921875 6.96383237838745 -0.00116443634033 80004
1064796715802625 305 1.1207275390625 2.22464275360107 -0.00706577301025 90004
1064455467211984 306 -0.72785329818726 2.58761858940125 0.00473029026762 4
1064493383720894 306 0.30497741699219 2.20486927032471 -0.00132763385773 10004
1064531300230864 306 2.96932983398438 -0.5471904873848 -0.01802361011505 20004
1064569216714495 306 -2.36163330078125 -1.1251072883606 0.01511657238007 30004
1064607133250784 306 0.32177734375 -4.66869735717773 -0.00225448608398 40004
1064645049762095 306 0.0201416015625 7.57510900497437 0.00000238418579 50004
1064682966270795 306 0.81640625 1.50355958938599 -0.00467395782471 60004
1064720882784125 306 0.86309814453125 -1.3714998960495 -0.0054292678833 70004
1064758799291455 306 0.111083984375 6.55983304977417 -0.00116443634033 80004
1064796715802625 306 1.3023681640625 1.93089962005615 -0.00816869735718 90004
1064455467211984 307 -0.59218746423721 2.88818717002869 0.00473028933629 4
1064493383720894 307 0.28009033203125 2.56326770782471 -0.00132787227631 10004
1064531300230864 307 2.96884155273438 -0.5471904873848 -0.01802241802216 20004
1064569216714495 307 -2.24517822265625 -0.70891046524048 0.01511418819427 30004
1064607133250784 307 0.124267578125 -4.29122734069824 -0.00024604797363 40004
1064645049762095 307 0.0201416015625 7.57510900497437 0.00000238418579 50004
1064682966270795 307 1.079345703125 1.19524478912354 -0.0069146156311 60004
1064720882784125 307 0.66412353515625 -1.71803271770477 -0.00341176986694 70004
1064758799291455 307 0.1328125 6.15521574020386 -0.00116539001465 80004
1064796715802625 307 1.50579833984375 1.65198659896851 -0.00927686691284 90004
1064455467211984 308 -0.56010520458221 3.21435284614563 0.00360724120401 4
1064493383720894 308 0.19265747070313 2.90359139442444 -0.00132882595062 10004
1064531300230864 308 2.96688842773438 -0.54897671937943 -0.01802146434784 20004
1064569216714495 308 -2.00250244140625 -0.35220074653625 0.01398754119873 30004
1064607133250784 308 -0.029541015625 -3.89669895172119 -0.00024676322937 40004
1064645049762095 308 0.0201416015625 7.57510900497437 0.00000238418579 50004
1064682966270795 308 1.42596435546875 0.98871028423309 -0.00916171073914 60004
1064720882784125 308 0.48638916015625 -2.07606649398804 -0.00341081619263 70004
1064758799291455 308 0.091796875 5.75950574874878 -0.00116682052612 80004
1064796715802625 308 1.7646484375 1.43568563461304 -0.01038837432861 90004
1064455467211984 309 -0.5642928481102 3.5437171459198 0.00360723817721 4
1064493383720894 309 0.06805419921875 3.21526622772217 -0.001329600811 10004
1064531300230864 309 2.93212890625 -0.56688576936722 -0.01802027225494 20004
1064569216714495 309 -1.70938110351563 -0.10740467905998 0.01173830032349 30004
1064607133250784 309 -0.1396484375 -3.48511219024658 -0.00024700164795 40004
1064645049762095 309 0.0201416015625 7.57510900497437 0.00000238418579 50004
1064682966270795 309 1.79559326171875 0.82052481174469 -0.01141500473022 60004
1064720882784125 309 0.35919189453125 -2.4491868019104 -0.00139236450195 70004
1064758799291455 309 0.0068359375 5.36835241317749 0.0008692741394 80004
1064796715802625 309 2.04193115234375 1.25414562225342 -0.01262760162354 90004
1064455467211984 310 -0.46036431193352 3.86136245727539 0.00360723538324 4
1064493383720894 310 0.05853271484375 3.49931240081787 -0.00133013725281 10004
1064531300230864 310 2.803466796875 -0.62780457735062 -0.01801955699921 20004
1064569216714495 310 -1.49978637695313 -0.03760945051908 0.01061487197876 30004
1064607133250784 310 -0.38128662109375 -3.1247034072876 0.00183987617493 40004
1064645049762095 310 0.0201416015625 7.57510900497437 0.00000238418579 50004
1064682966270795 310 2.09539794921875 0.53729116916656 -0.01254510879517 60004
1064720882784125 310 0.34552001953125 -2.84887170791626 -0.00139141082764 70004
1064758799291455 310 0.0537109375 4.96352910995483 -0.00025653839111 80004
1064796715802625 310 2.23333740234375 1.00388240814209 -0.01374292373657 90004
1064455467211984 311 -0.40399822592735 4.19229650497437 0.0036072335206 4
1064493383720894 311 0.19964599609375 3.83049273490906 -0.00032073259354 10004
1064531300230864 311 2.52867126464844 -0.62967389822006 -0.01545441150665 20004
1064569216714495 311 -1.05938720703125 -0.06513261049986 0.00724649429321 30004
1064607133250784 311 -0.54483032226563 -2.72303867340088 0.00385665893555 40004
1064645049762095 311 0.0201416015625 7.57510900497437 0.00000238418579 50004
1064682966270795 311 2.48699951171875 0.40745508670807 -0.0159170627594 60004
1064720882784125 311 0.17266845703125 -3.20954370498657 -0.00139045715332 70004
1064758799291455 311 0.0146484375 4.5579047203064 -0.0002589225769 80004
1064796715802625 311 2.52337646484375 0.81665515899658 -0.01598072052002 90004
1064455467211984 312 -0.37259748578072 4.52620887756348 0.00248418492265 4
1064493383720894 312 0.22586059570313 4.18309688568115 -0.00144499540329 10004
1064531300230864 312 2.2724609375 -0.54428619146347 -0.01419687271118 20004
1064569216714495 312 -0.64242553710938 -0.19700898230076 0.00499844551086 30004
1064607133250784 312 -0.82449340820313 -2.40150260925293 0.00586771965027 40004
1064645049762095 312 0.0201416015625 7.57510900497437 0.00000238418579 50004
1064682966270795 312 2.8106689453125 0.16257019340992 -0.01704573631287 60004
1064720882784125 312 0.12652587890625 -3.5996356010437 -0.00138854980469 70004
1064758799291455 312 0.020263671875 4.15125036239624 -0.00025987625122 80004
1064796715802625 312 2.66400146484375 0.66000509262085 -0.01709508895874 90004
1064455467211984 313 -0.27982491254807 4.84056091308594 0.00248418422416 4
1064493383720894 313 0.19174194335938 4.54073619842529 -0.00144588947296 10004
1064531300230864 313 2.00993347167969 -0.48798406124115 -0.01288878917694 20004
1064569216714495 313 -0.33969116210938 -0.38622224330902 0.00275099277496 30004
1064607133250784 313 -1.18338012695313 -2.16965484619141 0.00792026519775 40004
1064645049762095 313 -0.0118408203125 7.47608709335327 0.00000309944153 50004
1064682966270795 313 2.9986572265625 -0.074936658144 -0.01929116249084 60004
1064720882784125 313 0.06304931640625 -3.98986768722534 -0.00138711929321 70004
1064758799291455 313 0.125732421875 3.76758456230164 -0.00026178359985 80004
1064796715802625 313 2.72454833984375 0.46140241622925 -0.01708650588989 90004
1064455467211984 314 -0.15220804512501 5.14462900161743 0.00136113434564 4
1064493383720894 314 0.14279174804688 4.89711093902588 -0.00144666433334 10004
1064531300230864 314 1.741455078125 -0.4607675075531 -0.01027345657349 20004
1064569216714495 314 -0.16818237304688 -0.62046539783478 0.00162649154663 30004
1064607133250784 314 -1.55557250976563 -1.96252822875977 0.01001024246216 40004
1064645049762095 314 -0.056396484375 7.29958868026733 0.00000667572021 50004
1064682966270795 314 3.0557861328125 -0.21877104043961 -0.01929116249084 60004
1064720882784125 314 -0.01678466796875 -4.37450742721558 0.0006365776062 70004
1064758799291455 314 0.273681640625 3.39558482170105 -0.00138473510742 80004
1064796715802625 314 2.72601318359375 0.2077399045229 -0.01707935333252 90004
1064455467211984 315 -0.12912820279598 5.47953653335571 0.00136113108601 4
1064493383720894 315 0.11544799804688 5.25602054595947 -0.00144743919373 10004
1064531300230864 315 1.49140930175781 -0.34629368782043 -0.00896549224854 20004
1064569216714495 315 -0.07110595703125 -0.92214024066925 0.00050234794617 30004
1064607133250784 315 -1.8463134765625 -1.64062881469727 0.01201462745667 40004
1064645049762095 315 -0.042724609375 7.18772649765015 0.00000786781311 50004
1064682966270795 315 3.0557861328125 -0.21877104043961 -0.01929116249084 60004
1064720882784125 315 0.03302001953125 -4.77135801315308 0.00064039230347 70004
1064758799291455 315 0.294189453125 2.98858332633972 -0.0013861656189 80004
1064796715802625 315 2.64105224609375 -0.05466713011265 -0.01707553863525 90004
1064455467211984 316 -0.24973714351654 5.79278898239136 0.00136112910695 4
1064493383720894 316 -0.06108093261719 5.56970453262329 0.00055396556854 10004
1064531300230864 316 1.21640014648438 -0.34816285967827 -0.00766694545746 20004
1064569216714495 316 -0.12493896484375 -1.36012279987335 0.00049912929535 30004
1064607133250784 316 -2.24557495117188 -1.47176170349121 0.0141167640686 40004
1064645049762095 316 -0.067626953125 6.8678183555603 0.00000953674316 50004
1064682966270795 316 3.0557861328125 -0.21877104043961 -0.01929116249084 60004
1064720882784125 316 0.07012939453125 -5.16952848434448 0.00064039230347 70004
1064758799291455 316 0.484619140625 2.62825083732605 -0.00251293182373 80004
1064796715802625 316 2.42718505859375 -0.28549829125404 -0.01503324508667 90004
1064455467211985 317 0.05265862122178 7.6453971862793 0.00000000023283 4
1064493383720894 317 -0.13900756835938 5.91595315933228 0.00055295228958 10004
1064531300230864 317 0.96018981933594 -0.26277479529381 -0.00634896755219 20004
1064569216714495 317 -0.03619384765625 -1.78453981876373 0.0004950761795 30004
1064607133250784 317 -2.56332397460938 -1.18812036514282 0.01616382598877 40004
1064645049762095 317 -0.2274169921875 6.5158896446228 0.00207829475403 50004
1064682966270795 317 3.0557861328125 -0.21877104043961 -0.01929116249084 60004
1064720882784125 317 0.19293212890625 -5.5467791557312 -0.00047969818115 70004
1064758799291455 317 0.776123046875 2.35356020927429 -0.00475978851318 80004
1064796715802625 317 2.13787841796875 -0.45466080307961 -0.01295328140259 90004
1064455467211985 318 0.0912032276392 7.72538709640503 0.00000000023283 4
1064493383720895 318 0.0721435546875 7.68720197677612 -0.00000011920929 10004
1064531300230864 318 0.74609375 -0.1008545011282 -0.00504243373871 20004
1064569216714495 318 0.00457763671875 -2.21347951889038 0.00049459934235 30004
1064607133250784 318 -2.74057006835938 -0.92351770401001 0.01826953887939 40004
1064645049762095 318 -0.3392333984375 6.21703863143921 0.00208258628845 50004
1064682966270795 318 2.9576416015625 -0.25107198953629 -0.01929116249084 60004
1064720882784125 318 0.26715087890625 -5.93187284469604 -0.00160026550293 70004
1064758799291455 318 1.033935546875 2.05032229423523 -0.00588369369507 80004
1064796715802625 318 1.81756591796875 -0.58941781520844 -0.01089525222778 90004
1064455467211985 319 0.0963646247983 7.7324538230896 0.00000000023283 4
1064493383720895 319 0.20494842529297 7.93985033035278 -0.00112426280975 10004
1064531300230864 319 0.59893798828125 0.10577258467674 -0.00300276279449 20004
1064569216714495 319 -0.05447387695313 -2.62265586853027 0.00049459934235 30004
1064607133250784 319 -2.78543090820313 -0.74558299779892 0.01826643943787 40004
1064645049762095 319 -0.32586669921875 5.96764183044434 0.00208711624146 50004
1064682966270795 319 2.77655029296875 -0.29547801613808 -0.0172381401062 60004
1064720882784125 319 0.2427978515625 -6.30346536636353 -0.0015983581543 70004
1064758799291455 319 1.23773193359375 1.73392224311829 -0.00700664520264 80004
1064796715802625 319 1.52716064453125 -0.72637784481049 -0.01089096069336 90004
1064455467211985 320 0.0963646247983 7.7324538230896 0.00000000023283 4
1064493383720895 320 0.33586120605469 8.04959487915039 -0.00112575292587 10004
1064531300230864 320 0.52589416503906 0.37079960107803 -0.00300407409668 20004
1064569216714495 320 -0.15228271484375 -3.05299186706543 0.00049197673798 30004
1064607133250784 320 -2.76882934570313 -0.62582153081894 0.01826143264771 40004
1064645049762095 320 -0.18035888671875 5.57792472839355 0.0020956993103 50004
1064682966270795 320 2.59588623046875 -0.27390256524086 -0.0172426700592 60004
1064720882784125 320 0.1246337890625 -6.68565225601196 -0.00159740447998 70004
1064758799291455 320 1.563720703125 1.48777890205383 -0.0092625617981 80004
1064796715802625 320 1.283935546875 -0.97320020198822 -0.00879192352295 90004
1064455467211985 321 0.0963646247983 7.7324538230896 0.00000000023283 4
1064493383720895 321 0.34403228759766 8.05645275115967 -0.00112754106522 10004
1064531300230864 321 0.5390625 0.62722426652908 -0.0030061006546 20004
1064569216714495 321 -0.0760498046875 -3.45736312866211 0.00048613548279 30004
1064607133250784 321 -2.60714721679688 -0.37020349502563 0.01713275909424 40004
1064645049762095 321 -0.19998168945313 5.19040155410767 0.00210070610046 50004
1064682966270795 321 2.2669677734375 -0.3774705529213 -0.0151195526123 60004
1064720882784126 321 0.066650390625 -7.85695934295654 0.00000095367432 70004
1064758799291455 321 1.7510986328125 1.1571056842804 -0.01039981842041 80004
1064796715802625 321 1.1661376953125 -1.27430236339569 -0.00675535202026 90004
1064455467211985 322 0.0963646247983 7.7324538230896 0.00000000023283 4
1064493383720895 322 0.34403228759766 8.05645275115967 -0.00112944841385 10004
1064531300230864 322 0.48577880859375 0.89068228006363 -0.00300848484039 20004
1064569216714495 322 -0.10232543945313 -3.88809823989868 0.00048518180847 30004
1064607133250784 322 -2.37136840820313 -0.0502966940403 0.01600646972656 40004
1064645049762095 322 -0.12130737304688 4.79118585586548 0.00098466873169 50004
1064682966270795 322 1.9427490234375 -0.59915345907211 -0.01307511329651 60004
1064720882784126 322 0.09521484375 -7.57344055175781 0.00000190734863 70004
1064758799291455 322 2.0260009765625 0.86814278364182 -0.01266098022461 80004
1064796715802625 322 1.1417236328125 -1.61234152317047 -0.00673770904541 90004
1064455467211985 323 0.0963646247983 7.7324538230896 0.00000000023283 4
1064493383720895 323 0.34403228759766 8.05645275115967 -0.00113123655319 10004
1064531300230864 323 0.43122863769531 1.13700342178345 -0.00301039218903 20004
1064569216714495 323 -0.1339111328125 -4.29186964035034 0.00048100948334 30004
1064607133250784 323 -2.1141357421875 0.26452422142029 0.01375389099121 40004
1064645049762095 323 -0.04058837890625 4.4179105758667 0.0009913444519 50004
1064682966270795 323 1.68670654296875 -0.88538479804993 -0.01096653938293 60004
1064720882784126 323 0.108642578125 -7.21467781066895 0.00000286102295 70004
1064758799291455 323 2.3197021484375 0.62520378828049 -0.01491737365723 80004
1064796715802625 323 1.1246337890625 -1.92997527122498 -0.00672101974487 90004
1064455467211985 324 0.0963646247983 7.7324538230896 0.00000000023283 4
1064493383720895 324 0.34403228759766 8.05645275115967 -0.00113314390182 10004
1064531300230864 324 0.44413757324219 1.41007101535797 -0.00301384925842 20004
1064569216714495 324 -0.0521240234375 -4.72319984436035 0.0004768371582 30004
1064607133250784 324 -1.818359375 0.57903122901917 0.01262140274048 40004
1064645049762095 324 -0.06436157226563 4.00373458862305 0.00099611282349 50004
1064682966270795 324 1.479736328125 -1.23953020572662 -0.00895690917969 60004
1064720882784126 324 0.13983154296875 -6.77914428710938 0.0000057220459 70004
1064758799291455 324 2.59588623046875 0.34632986783981 -0.01604032516479 80004
1064796715802625 324 0.99951171875 -2.25148153305054 -0.00671100616455 90004
1064455467211985 325 0.0963646247983 7.7324538230896 0.00000000023283 4
1064493383720895 325 0.34403228759766 8.05645275115967 -0.00113505125046 10004
1064531300230864 325 0.34672546386719 1.66705310344696 -0.00301539897919 20004
1064569216714495 325 -0.14993286132813 -5.15353584289551 0.00047409534454 30004
1064607133250784 325 -1.42086791992188 0.75082325935364 0.00925827026367 40004
1064645049762095 325 0.04620361328125 3.60262298583984 -0.00011944770813 50004
1064682966270795 325 1.430908203125 -1.64926493167877 -0.00896048545837 60004
1064720882784126 325 -0.00567626953125 -6.3648681640625 0.00000762939453 70004
1064758799291455 325 2.67889404296875 0.16114717721939 -0.017165184021 80004
1064796715802625 325 0.75537109375 -2.49830389022827 -0.00460958480835 90004
1064455467211985 326 0.0963646247983 7.7324538230896 0.00000000023283 4
1064493383720895 326 0.34403228759766 8.05645275115967 -0.0011368393898 10004
1064531300230864 326 0.34365844726563 1.92083203792572 -0.00201070308685 20004
1064569216714495 326 -0.09756469726563 -5.5577712059021 0.00046837329865 30004
1064607133250784 326 -1.12973022460938 1.02605032920837 0.008131980896 40004
1064645049762095 326 0.26995849609375 3.29006409645081 -0.00124073028564 50004
1064682966270795 326 1.2587890625 -1.98891949653625 -0.00896406173706 60004
1064720882784126 326 -0.000732421875 -5.9594783782959 0.00000953674316 70004
1064758799291455 326 2.6937255859375 0.12642540037632 -0.01716661453247 80004
1064796715802625 326 0.6217041015625 -2.78944659233093 -0.00460720062256 90004
1064455467211985 327 0.0963646247983 7.7324538230896 0.00000000023283 4
1064493383720895 327 0.31485748291016 7.97624635696411 -0.00113826990128 10004
1064531300230864 327 0.30508422851563 2.18642401695251 -0.00201117992401 20004
1064569216714495 327 -0.099853515625 -5.98863744735718 0.00046670436859 30004
1064607133250784 327 -0.92318725585938 1.39582896232605 0.00700569152832 40004
1064645049762095 327 0.46087646484375 2.93127465248108 -0.00236082077026 50004
1064682966270795 327 1.03662109375 -2.33674359321594 -0.0068986415863 60004
1064720882784126 327 0.040771484375 -5.52238655090332 0.00001239776611 70004
1064758799291455 327 2.6849365234375 0.11005975306034 -0.01716661453247 80004
1064796715802625 327 0.5787353515625 -3.12517428398132 -0.00352430343628 90004
1064455467211985 328 0.09499079734087 7.67366743087769 0.00000000017462 4
1064493383720895 328 0.27862548828125 7.77091455459595 -0.00113904476166 10004
1064531300230864 328 0.22535705566406 2.44758200645447 -0.00201141834259 20004
1064569216714496 328 0.03173828125 -7.93183517456055 -0.00000047683716 30004
1064607133250784 328 -0.78329467773438 1.80542492866516 0.0058798789978 40004
1064645049762095 328 0.61199951171875 2.55132412910461 -0.0034818649292 50004
1064682966270795 328 0.851806640625 -2.69776272773743 -0.00482106208801 60004
1064720882784126 328 0.123779296875 -5.09837913513184 0.00001525878906 70004
1064758799291455 328 2.6319580078125 0.0475055128336 -0.01716661453247 80004
1064796715802625 328 0.6121826171875 -3.46990847587585 -0.00351905822754 90004
1064455467211985 329 0.08949532359838 7.43852186203003 0.00000000029104 4
1064493383720895 329 0.30842590332031 7.43081140518188 -0.00113987922668 10004
1064531300230864 329 0.19898986816406 2.72120261192322 -0.00201141834259 20004
1064569216714496 329 0.15869140625 -7.65917587280273 -0.00000166893005 30004
1064607133250784 329 -0.59649658203125 2.1972029209137 0.00474905967712 40004
1064645049762095 329 0.88290405273438 2.23485684394836 -0.00460433959961 50004
1064682966270795 329 0.792236328125 -3.10621762275696 -0.00481843948364 60004
1064720882784126 329 0.335693359375 -4.71404838562012 -0.00110483169556 70004
1064758799291455 329 2.4698486328125 -0.10451754927635 -0.01516056060791 80004
1064796715802625 329 0.6522216796875 -3.81393313407898 -0.00351333618164 90004
1064455467211985 330 -0.11920266598463 7.01697206497192 0.00000000017462 4
1064493383720895 330 0.22050476074219 7.10096025466919 -0.00114071369171 10004
1064531300230864 330 0.29072570800781 2.98029947280884 -0.00201153755188 20004
1064569216714496 330 0.15869140625 -7.35832595825195 -0.00000166893005 30004
1064607133250784 330 -0.54171752929688 2.62758088111877 0.00361728668213 40004
1064645049762095 330 1.11642456054688 1.89076733589172 -0.00684666633606 50004
1064682966270795 330 0.764892578125 -3.51799893379211 -0.00481581687927 60004
1064720882784126 330 0.365966796875 -4.27599143981934 -0.00222587585449 70004
1064758799291455 330 2.14208984375 -0.34730857610703 -0.01311779022217 80004
1064796715802625 330 0.5438232421875 -4.14327621459961 -0.00351047515869 90004
1064455467211985 331 -0.17548105120659 6.73522806167603 0.00204634899274 4
1064493383720895 331 0.17206573486328 6.76383829116821 -0.00114166736603 10004
1064531300230864 331 0.29414367675781 3.2502875328064 -0.00201177597046 20004
1064569216714496 331 0.25390625 -7.0786190032959 -0.00112342834473 30004
1064607133250784 331 -0.35498046875 3.01058030128479 0.00248527526855 40004
1064645049762095 331 1.44247436523438 1.6451199054718 -0.00908303260803 50004
1064682966270795 331 0.608642578125 -3.89208626747131 -0.00481200218201 60004
1064720882784126 331 0.532470703125 -3.87822914123535 -0.00334501266479 70004
1064758799291455 331 1.808349609375 -0.5813085436821 -0.01111125946045 80004
1064796715802625 331 0.39129638671875 -4.45343589782715 -0.00351285934448 90004
1064455467211985 332 -0.26317909359932 6.44605922698975 0.00204634899274 4
1064493383720895 332 0.11298370361328 6.51798105239868 -0.00114250183105 10004
1064531300230864 332 0.32710266113281 3.51662373542786 -0.00201213359833 20004
1064569216714496 332 0.3173828125 -6.7918643951416 -0.00112223625183 30004
1064607133250784 332 -0.21337890625 3.40937256813049 0.00248241424561 40004
1064645049762095 332 1.73822021484375 1.36665844917297 -0.01019930839539 50004
1064682966270795 332 0.495361328125 -4.27873754501343 -0.00273513793945 60004
1064720882784126 332 0.653564453125 -3.4670352935791 -0.00334215164185 70004
1064758799291455 332 1.47021484375 -0.80828207731247 -0.00907611846924 80004
1064796715802625 332 0.29656982421875 -4.7782039642334 -0.00151109695435 90004
1064455467211985 333 -0.39311391115189 6.08087539672852 0.00204634782858 4
1064493383720895 333 0.04630279541016 6.32917928695679 -0.00114315748215 10004
1064531300230864 333 0.38960266113281 3.77930092811584 -0.0020124912262 20004
1064569216714496 333 0.3277587890625 -6.49172782897949 -0.00112175941467 30004
1064607133250784 333 -0.145263671875 3.83678364753723 0.00135684013367 40004
1064645049762095 333 2.00347900390625 1.05538296699524 -0.01244211196899 50004
1064682966270795 333 0.425048828125 -4.67795324325562 -0.00273275375366 60004
1064720882784126 333 0.729248046875 -3.04240989685059 -0.00446128845215 70004
1064758799291455 333 1.1611328125 -1.06198287010193 -0.00701904296875 80004
1064796715802625 333 0.25384521484375 -5.12022399902344 -0.0015172958374 90004
1064455467211985 334 -0.40319219231606 5.64960861206055 0.00204634619877 4
1064493383720895 334 0.02787017822266 6.03044271469116 -0.00114381313324 10004
1064531300230864 334 0.36347961425781 4.05294466018677 -0.00201284885406 20004
1064569216714496 334 0.3692626953125 -6.1937313079834 -0.00224220752716 30004
1064607133250784 334 -0.03244018554688 4.25529432296753 0.00023055076599 40004
1064645049762095 334 2.36126708984375 0.84254956245422 -0.01468515396118 50004
1064682966270795 334 0.225830078125 -5.0394721031189 -0.00067281723022 60004
1064720882784126 334 0.941162109375 -2.65807914733887 -0.00558233261108 70004
1064758799291455 334 0.9462890625 -1.40815329551697 -0.00701999664307 80004
1064796715802625 334 0.15032958984375 -5.45098876953125 -0.00152063369751 90004
1064455467211985 335 -0.61187720298767 5.22805738449097 0.00412720674649 4
1064493383720895 335 -0.03278350830078 5.69449377059937 0.00086051225662 10004
1064531300230864 335 0.45552062988281 4.31197023391724 -0.00201380252838 20004
1064569216714496 335 0.2808837890625 -5.90618705749512 -0.00224077701569 30004
1064607133250784 335 -0.10617065429688 4.682776927948 0.00023031234741 40004
1064645049762095 335 2.47817993164063 0.6705048084259 -0.01580476760864 50004
1064682966270795 335 0.198486328125 -5.45125341415405 -0.0006742477417 60004
1064720882784126 335 1.2637939453125 -2.38958048820496 -0.00710821151733 70004
1064758799291455 335 0.8974609375 -1.81275153160095 -0.00501489639282 80004
1064796715802625 335 0.19622802734375 -5.79441833496094 -0.00152826309204 90004
1064455467211985 336 -0.6681734919548 4.9463095664978 0.0041272030212 4
1064493383720895 336 -0.00519561767578 5.3580470085144 0.00086033344269 10004
1064531300230864 336 0.45985412597656 4.57201433181763 -0.00201487541199 20004
1064569216714496 336 0.2034912109375 -5.61558151245117 -0.00223898887634 30004
1064607133250784 336 -0.03927612304688 5.1035304069519 0.00022912025452 40004
1064645049762095 336 2.53543090820313 0.45007288455963 -0.01579999923706 50004
1064682966270795 336 0.29345703125 -5.8465895652771 -0.00179958343506 60004
1064720882784126 336 1.54278564453125 -2.09335017204285 -0.00934934616089 70004
1064758799291455 336 0.72412109375 -2.17352986335754 -0.00501585006714 80004
1064796715802625 336 0.13006591796875 -6.12834930419922 -0.00153255462646 90004
1064455467211985 337 -0.60395640134811 4.60324192047119 0.0041271946393 4
1064493383720895 337 -0.02198028564453 5.02515745162964 0.00085914134979 10004
1064531300230864 337 0.46449279785156 4.83857774734497 -0.00201559066772 20004
1064569216714496 337 0.1658935546875 -5.3193473815918 -0.00021958351135 30004
1064607133250784 337 -0.01925659179688 5.526526927948 0.0002281665802 40004
1064645049762095 337 2.54373168945313 0.29514873027802 -0.01579713821411 50004
1064682966270795 337 0.34033203125 -6.24680089950562 -0.00180125236511 60004
1064720882784126 337 1.88165283203125 -1.81627535820007 -0.01159286499023 70004
1064758799291455 337 0.59228515625 -2.54891514778137 -0.00301074981689 80004
1064796715802626 337 0.07666015625 -7.83520889282227 -0.00000381469727 90004
1064455467211985 338 -0.5208153128624 4.14868402481079 0.00412718951702 4
1064493383720895 338 -0.07569122314453 4.69412755966187 0.00085872411728 10004
1064531300230864 338 0.46907043457031 5.10855150222778 -0.00314021110535 20004
1064569216714496 338 0.1326904296875 -5.02569007873535 -0.00022077560425 30004
1064607133250785 338 0.0352783203125 7.60813093185425 0 40004
1064645049762095 338 2.48147583007813 0.18634077906609 -0.01579475402832 50004
1064682966270796 338 0.02392578125 -7.9484806060791 -0.00000095367432 60004
1064720882784126 338 2.18927001953125 -1.51528811454773 -0.01383638381958 70004
1064758799291455 338 0.54736328125 -2.95389294624329 -0.00301170349121 80004
1064796715802626 338 0.191650390625 -7.51376724243164 -0.00113248825073 90004
1064455467211985 339 -0.59002566337585 3.6833815574646 0.00412718625739 4
1064493383720895 339 -0.01868438720703 4.35751581192017 0.00085681676865 10004
1064531300230864 339 0.38484191894531 5.37015676498413 -0.00314176082611 20004
1064569216714496 339 0.0042724609375 -4.75358772277832 -0.00022125244141 30004
1064607133250785 339 0.1763916015625 7.91077375411987 -0.00112438201904 40004
1064645049762095 339 2.29556274414063 -0.02902978658676 -0.01579308509827 50004
1064682966270796 339 0.11962890625 -7.74240303039551 -0.00000333786011 60004
1064720882784126 339 2.39141845703125 -1.12677645683289 -0.01495599746704 70004
1064758799291455 339 0.51416015625 -3.36000943183899 -0.003014087677 80004
1064796715802626 339 0.191650390625 -7.21674728393555 -0.00113248825073 90004
1064455467211985 340 -0.72642344236374 3.23319387435913 0.00412718392909 4
1064493383720895 340 -0.05750274658203 4.01832818984985 0.00085633993149 10004
1064531300230864 340 0.26596069335938 5.61790370941162 -0.00110518932343 20004
1064569216714496 340 0.0028076171875 -4.45274543762207 -0.00022161006927 30004
1064607133250785 340 0.2921142578125 8.007887840271 -0.00112533569336 40004
1064645049762095 340 2.10269165039063 -0.39791896939278 -0.01376175880432 50004
1064682966270796 340 0.11962890625 -7.70034217834473 -0.00000715255737 60004
1064720882784126 340 2.41119384765625 -0.68820571899414 -0.01495456695557 70004
1064758799291455 340 0.31201171875 -3.71388745307922 -0.00301504135132 80004
1064796715802626 340 0.295166015625 -6.8680305480957 -0.00114011764526 90004
1064455467211985 341 -0.82113409042358 2.77309679985046 0.00613358896226 4
1064493383720895 341 -0.06391143798828 3.67749929428101 0.00085592269897 10004
1064531300230864 341 0.23458862304688 5.82815265655518 -0.00110578536987 20004
1064569216714496 341 0.096923828125 -4.17262268066406 -0.0002224445343 30004
1064607133250785 341 0.321044921875 8.03216457366943 -0.00112533569336 40004
1064645049762095 341 1.8692626953125 -0.74173253774643 -0.01169085502625 50004
1064682966270796 341 0.161376953125 -7.60005378723145 -0.00000810623169 60004
1064720882784126 341 2.29083251953125 -0.27372670173645 -0.01495409011841 70004
1064758799291455 341 0.236572265625 -4.10694313049316 -0.00098705291748 80004
1064796715802626 341 0.28076171875 -6.5111198425293 -0.00114393234253 90004
1064455467211985 342 -0.9960994720459 2.34847807884216 0.00613358616829 4
1064493383720895 342 -0.08345031738281 3.33750200271606 0.00085550546646 10004
1064531300230865 342 0.0872802734375 7.71975660324097 -0.00000023841858 20004
1064569216714496 342 0.1591796875 -3.88559174537659 -0.00022375583649 30004
1064607133250785 342 0.321044921875 8.03216457366943 -0.00112533569336 40004
1064645049762095 342 1.6392822265625 -1.08819282054901 -0.01168847084045 50004
1064682966270796 342 0.189208984375 -7.54020500183105 -0.00113105773926 60004
1064720882784126 342 2.04571533203125 0.07857950031757 -0.01288318634033 70004
1064758799291455 342 0.118896484375 -4.48693656921387 -0.00098705291748 80004
1064796715802626 342 0.3056640625 -6.15694046020508 -0.00114917755127 90004
1064455467211985 343 -1.29962456226349 2.00015115737915 0.00822411477566 4
1064493383720895 343 -0.14871215820313 3.00469923019409 0.00085455179214 10004
1064531300230865 343 0.25604248046875 8.03246307373047 -0.00112426280975 20004
1064569216714496 343 0.1259765625 -3.59193158149719 -0.00022435188293 30004
1064607133250785 343 0.321044921875 8.03216457366943 -0.00112533569336 40004
1064645049762095 343 1.4686279296875 -1.45982491970062 -0.00961303710938 50004
1064682966270796 343 0.18603515625 -7.49398612976074 -0.00113153457642 60004
1064720882784126 343 1.76153564453125 0.40381452441216 -0.01080083847046 70004
1064758799291455 343 -0.041015625 -4.8538703918457 0.00106906890869 80004
1064796715802626 343 0.369873046875 -5.80549240112305 -0.00228023529053 90004
1064455467211985 344 -1.70650112628937 1.764235496521 0.01029515080154 4
1064493383720895 344 -0.27932739257813 2.68933081626892 0.00085359811783 10004
1064531300230865 344 0.40760803222656 8.15956878662109 -0.00224947929382 20004
1064569216714496 344 -0.00244140625 -3.31982922554016 -0.00022506713867 30004
1064607133250785 344 0.321044921875 8.03216457366943 -0.00112533569336 40004
1064645049762095 344 1.4261474609375 -1.8739560842514 -0.00961065292358 50004
1064682966270796 344 0.17333984375 -7.30911064147949 -0.00113248825073 60004
1064720882784126 344 1.59454345703125 0.81026285886765 -0.01079893112183 70004
1064758799291455 344 -0.07421875 -5.25998306274414 0.00106048583984 80004
1064796715802626 344 0.316162109375 -5.44585037231445 -0.00228357315063 90004
1064455467211985 345 -1.9755756855011 1.37843251228333 0.01236620545387 4
1064493383720895 345 -0.53099060058594 2.45872092247009 0.00294411182404 10004
1064531300230865 345 0.40785217285156 8.15956878662109 -0.00225138664246 20004
1064569216714496 345 -0.2337646484375 -3.12745785713196 0.00179553031921 30004
1064607133250785 345 0.321044921875 8.03216457366943 -0.00112533569336 40004
1064645049762095 345 1.2125244140625 -2.23142051696777 -0.00755262374878 50004
1064682966270796 345 0.30615234375 -6.9631175994873 -0.00113534927368 60004
1064720882784126 345 1.61505126953125 1.24883329868317 -0.01079750061035 70004
1064758799291455 345 0.029296875 -5.65398788452148 -0.00007724761963 80004
1064796715802626 345 0.136474609375 -5.1297492980957 -0.00022745132446 90004
1064455467211985 346 -2.19742727279663 1.12298667430878 0.0144310016185 4
1064493383720895 346 -0.69189453125 2.16453337669373 0.00497776269913 10004
1064531300230865 346 0.40809631347656 8.15956878662109 -0.00225329399109 20004
1064569216714496 346 -0.387939453125 -2.87528824806213 0.00179505348206 30004
1064607133250785 346 0.321044921875 8.03216457366943 -0.00112533569336 40004
1064645049762095 346 1.10595703125 -2.62853527069092 -0.00754737854004 50004
1064682966270796 346 0.3203125 -6.59930610656738 -0.00113773345947 60004
1064720882784126 346 1.50433349609375 1.63976573944092 -0.01079511642456 70004
1064758799291455 346 0.0009765625 -6.05326843261719 -0.00007724761963 80004
1064796715802626 346 0.07177734375 -4.8076000213623 -0.00023126602173 90004
1064455467211985 347 -2.37781715393066 0.79487687349319 0.01443098857999 4
1064493383720895 347 -0.88308715820313 1.89154100418091 0.00497794151306 10004
1064531300230865 347 0.40834045410156 8.15956878662109 -0.00225532054901 20004
1064569216714496 347 -0.56787109375 -2.64305138587952 0.00380229949951 30004
1064607133250785 347 0.291015625 7.94577693939209 -0.00112557411194 40004
1064645049762095 347 0.95193481445313 -3.00482654571533 -0.00547409057617 50004
1064682966270796 347 0.3740234375 -6.24143409729004 -0.00226187705994 60004
1064720882784126 347 1.39984130859375 2.04508566856384 -0.00874185562134 70004
1064758799291455 347 0.015625 -6.45116806030273 -0.00007820129395 80004
1064796715802626 347 0.06591796875 -4.46384239196777 -0.00023508071899 90004
1064455467211985 348 -2.48190879821777 0.34468248486519 0.01644349656999 4
1064493383720895 348 -1.138671875 1.66556787490845 0.0070344209671 10004
1064531300230865 348 0.40858459472656 8.15956878662109 -0.00225722789764 20004
1064569216714496 348 -0.7850341796875 -2.43748211860657 0.0058581829071 30004
1064607133250785 348 0.25537109375 7.72525119781494 -0.0011260509491 40004
1064645049762095 348 0.75653076171875 -3.36409759521484 -0.00547409057617 50004
1064682966270796 348 0.470458984375 -5.93572044372559 -0.00225758552551 60004
1064720882784126 348 1.26580810546875 2.41954946517944 -0.00756120681763 70004
1064758799291456 348 0.018798828125 -7.95994186401367 0 80004
1064796715802626 348 0.0556640625 -4.1029109954834 -0.00023937225342 90004
1064455467211985 349 -2.43432950973511 -0.12333658337593 0.01644346676767 4
1064493383720895 349 -1.40605926513672 1.45349192619324 0.00913625955582 10004
1064531300230865 349 0.40882873535156 8.15956878662109 -0.00225913524628 20004
1064569216714496 349 -0.9593505859375 -2.19231915473938 0.00585877895355 30004
1064607133250785 349 0.29296875 7.36147403717041 -0.00112795829773 40004
1064645049762095 349 0.68621826171875 -3.77442932128906 -0.00547552108765 50004
1064682966270796 349 0.457763671875 -5.75084495544434 -0.00225496292114 60004
1064720882784126 349 0.97406005859375 2.7392897605896 -0.00544834136963 70004
1064758799291456 349 0.093994140625 -7.79970932006836 -0.00000286102295 80004
1064796715802626 349 -0.029296875 -3.74923515319824 -0.00024223327637 90004
1064455467211985 350 -2.31386184692383 -0.32538399100304 0.01532041281462 4
1064493383720895 350 -1.55876922607422 1.14824032783508 0.00913548469543 10004
1064531300230865 350 0.40956115722656 8.15323638916016 -0.0022611618042 20004
1064569216714496 350 -1.1966552734375 -2.00735211372375 0.00788545608521 30004
1064607133250785 350 0.17333984375 7.01593112945557 -0.00112795829773 40004
1064645049762095 350 0.44940185546875 -4.1166787147522 -0.00338053703308 50004
1064682966270796 350 0.278076171875 -5.4266185760498 -0.00225234031677 60004
1064720882784126 350 0.92034912109375 3.16556310653687 -0.00544548034668 70004
1064758799291456 350 0.126220703125 -7.54999160766602 -0.0000057220459 80004
1064796715802626 350 -0.25640869140625 -3.46445274353027 0.00177145004272 90004
1064455467211985 351 -2.19371938705444 -0.47078466415405 0.0141973644495 4
1064493383720895 351 -1.79754638671875 0.9128623008728 0.011166036129 10004
1064531300230865 351 0.39949035644531 7.9855432510376 -0.00226306915283 20004
1064569216714496 351 -1.3585205078125 -1.76017594337463 0.00788617134094 30004
1064607133250785 351 0.1339111328125 6.71382427215576 -0.00112843513489 40004
1064645049762095 351 0.33746337890625 -4.5099892616272 -0.00137209892273 50004
1064682966270796 351 0.214111328125 -5.0682487487793 -0.00224924087524 60004
1064720882784126 351 0.73114013671875 3.55068063735962 -0.00544357299805 70004
1064758799291456 351 0.029541015625 -7.1576976776123 -0.00000762939453 80004
1064796715802626 351 -0.37774658203125 -3.12800025939941 0.00177335739136 90004
1064455467211985 352 -2.06872892379761 -0.7282851934433 0.01419736072421 4
1064493383720895 352 -2.09733581542969 0.76724261045456 0.01327282190323 10004
1064531300230865 352 0.32072448730469 7.74290561676025 -0.00226497650146 20004
1064569216714496 352 -1.5113525390625 -1.50178742408752 0.00991225242615 30004
1064607133250785 352 0.0430908203125 6.40786647796631 -0.00112867355347 40004
1064645049762095 352 0.34503173828125 -4.91888284683228 -0.00137066841125 50004
1064682966270796 352 0.162841796875 -4.70210647583008 -0.00023078918457 60004
1064720882784126 352 0.54461669921875 3.9446587562561 -0.00338935852051 70004
1064758799291456 352 -0.010498046875 -6.70900917053223 -0.00000810623169 80004
1064796715802626 352 -0.53448486328125 -2.80877113342285 0.00383615493774 90004
1064455467211985 353 -1.90108501911163 -1.09361839294434 0.01307429280132 4
1064493383720895 353 -2.39769744873047 0.69908916950226 0.01525187492371 10004
1064531300230865 353 0.20762634277344 7.46232891082764 -0.00226640701294 20004
1064569216714496 353 -1.69500732421875 -1.26637673377991 0.00991082191467 30004
1064607133250785 353 -0.0860595703125 6.11898326873779 0.00093603134155 40004
1064645049762095 353 0.38543701171875 -5.32580423355103 -0.00249004364014 50004
1064682966270796 353 0.04931640625 -4.35621452331543 -0.00023221969604 60004
1064720882784126 353 0.45306396484375 4.36612749099731 -0.00338745117188 70004
1064758799291456 353 0.010009765625 -6.25305366516113 -0.00000810623169 80004
1064796715802626 353 -0.74859619140625 -2.51517200469971 0.00383806228638 90004
1064455467211985 354 -1.62030160427094 -1.38956618309021 0.01082818582654 4
1064493383720895 354 -2.60295104980469 0.66401588916779 0.01712864637375 10004
1064531300230865 354 0.1866455078125 7.13112831115723 -0.00026774406433 20004
1064569216714496 354 -1.92398071289063 -1.07132935523987 0.01194965839386 30004
1064607133250785 354 -0.0948486328125 5.93631267547607 0.0009343624115 40004
1064645049762095 354 0.29071044921875 -5.73112344741821 -0.00248861312866 50004
1064682966270796 354 -0.17333984375 -4.06024742126465 0.00178933143616 60004
1064720882784126 354 0.50286865234375 4.802330493927 -0.00338172912598 70004
1064758799291456 354 -0.086669921875 -5.80190467834473 -0.00000905990601 80004
1064796715802626 354 -0.92242431640625 -2.19512271881104 0.00590515136719 90004
1064455467211985 355 -1.47107708454132 -1.83571064472198 0.00970513280481 4
1064493383720895 355 -2.66642761230469 0.68136513233185 0.01712882518768 10004
1064531300230865 355 0.3438720703125 6.72967720031738 -0.00139153003693 20004
1064569216714496 355 -2.1663818359375 -0.89328849315643 0.01401650905609 30004
1064607133250785 355 -0.2637939453125 5.6117582321167 0.0009331703186 40004
1064645049762095 355 0.37615966796875 -6.13857889175415 -0.00248575210571 50004
1064682966270796 355 -0.24951171875 -3.69771385192871 0.00178170204163 60004
1064720882784126 355 0.36419677734375 5.21888780593872 -0.00337982177734 70004
1064758799291456 355 0.015869140625 -5.35213661193848 -0.00001096725464 80004
1064796715802626 355 -1.21539306640625 -1.97802829742432 0.00794458389282 90004
1064455467211985 356 -1.27061402797699 -2.26009440422058 0.0085820555687 4
1064493383720895 356 -2.68238830566406 0.68570244312286 0.01712918281555 10004
1064531300230865 356 0.3626708984375 6.30662536621094 -0.00139272212982 20004
1064569216714496 356 -2.4427490234375 -0.78255569934845 0.0160961151123 30004
1064607133250785 356 -0.3170166015625 5.28431987762451 0.00293660163879 40004
1064645049762095 356 0.49017333984375 -6.53860139846802 -0.00248289108276 50004
1064682966270796 356 -0.219482421875 -3.33317756652832 0.00176858901978 60004
1064720882784126 356 0.13323974609375 5.58720254898071 -0.00134563446045 70004
1064758799291456 356 0.188720703125 -4.98934364318848 -0.00113582611084 80004
1064796715802626 356 -1.4189453125 -1.68371772766113 0.01001071929932 90004
1064455467211985 357 -1.15141081809998 -2.70363807678223 0.00745900487527 4
1064493383720895 357 -2.68251037597656 0.68570244312286 0.01712960004807 10004
1064531300230865 357 0.300537109375 5.8814697265625 -0.00139319896698 20004
1064569216714496 357 -2.6832275390625 -0.65107500553131 0.01814568042755 30004
1064607133250785 357 -0.3306884765625 4.93736553192139 0.00293517112732 40004
1064645049762096 357 0.048583984375 -7.89577102661133 0.00000286102295 50004
1064682966270796 357 -0.234619140625 -2.97170639038086 0.00175714492798 60004
1064720882784126 357 -0.04205322265625 5.97833108901978 0.00071620941162 70004
1064758799291456 357 0.308837890625 -4.59279441833496 -0.00113868713379 80004
1064796715802626 357 -1.634765625 -1.39574146270752 0.01001358032227 90004
1064455467211985 358 -1.08136999607086 -3.16039800643921 0.00745900673792 4
1064493383720895 358 -2.68263244628906 0.68570244312286 0.01712995767593 10004
1064531300230865 358 0.250244140625 5.46100044250488 -0.00139343738556 20004
1064569216714496 358 -2.8482666015625 -0.47266328334808 0.01814556121826 30004
1064607133250785 358 -0.3045654296875 4.57915019989014 0.00293350219727 40004
1064645049762096 358 0.122314453125 -7.71463966369629 0.00000405311584 50004
1064682966270796 358 -0.365966796875 -2.63259220123291 0.00174951553345 60004
1064720882784127 358 0.02734375 7.59129476547241 0.00000190734863 70004
1064758799291456 358 0.317626953125 -4.13551330566406 -0.00114107131958 80004
1064796715802626 358 -1.88812255859375 -1.134192943573 0.01210260391235 90004
1064455467211985 359 -0.86383086442947 -3.57752466201782 0.00633595651016 4
1064493383720895 359 -2.68275451660156 0.68570244312286 0.0171303153038 10004
1064531300230865 359 0.33984375 5.0393009185791 -0.0013941526413 20004
1064569216714496 359 -2.9283447265625 -0.28300988674164 0.01814556121826 30004
1064607133250785 359 -0.1619873046875 4.24281597137451 0.00180721282959 40004
1064645049762096 359 0.125732421875 -7.61548805236816 0.00000524520874 50004
1064682966270796 359 -0.60491943359375 -2.34935092926025 0.00377798080444 60004
1064720882784127 359 0.13671875 7.82659292221069 0.00000190734863 70004
1064758799291456 359 0.220947265625 -3.68427753448486 -0.00114154815674 80004
1064796715802626 359 -2.12249755859375 -0.85570859909058 0.0141429901123 90004
1064455467211985 360 -0.84296041727066 -4.04748964309692 0.0063359523192 4
1064493383720895 360 -2.68287658691406 0.68570244312286 0.01713067293167 10004
1064531300230865 360 0.242919921875 4.61924171447754 -0.00139462947845 20004
1064569216714496 360 -2.9263916015625 -0.22754037380219 0.01814568042755 30004
1064607133250785 360 -0.1746826171875 3.87730693817139 0.00180578231812 40004
1064645049762096 360 0.254638671875 -7.36081123352051 -0.0011157989502 50004
1064682966270796 360 -0.94085693359375 -2.19368457794189 0.00578451156616 60004
1064720882784127 360 0.1982421875 7.87812185287476 -0.00111818313599 70004
1064758799291456 360 0.324462890625 -3.23460102081299 -0.00114440917969 80004
1064796715802626 360 -2.42620849609375 -0.65481328964233 0.01620244979858 90004
1064455467211985 361 -0.67458748817444 -4.47782707214355 0.00521289557219 4
1064493383720895 361 -2.68299865722656 0.68570244312286 0.0171309709549 10004
1064531300230865 361 0.285888671875 4.19795227050781 -0.00139498710632 20004
1064569216714496 361 -2.9259033203125 -0.21367299556732 0.01814568042755 30004
1064607133250785 361 -0.3023681640625 3.54128360748291 0.00180459022522 40004
1064645049762096 361 0.32861328125 -7.02088737487793 -0.00111532211304 50004
1064682966270796 361 -1.11419677734375 -2.04855251312256 0.0078296661377 60004
1064720882784127 361 0.213623046875 7.89100408554077 -0.00111627578735 70004
1064758799291456 361 0.5634765625 -2.84928894042969 -0.00339412689209 80004
1064796715802626 361 -2.6507568359375 -0.37586405873299 0.01620626449585 90004
1064455467211985 362 -0.55538082122803 -4.92137479782104 0.00408984581009 4
1064493383720895 362 -2.68312072753906 0.68570244312286 0.01713138818741 10004
1064531300230865 362 0.4019775390625 3.7836742401123 -0.00251913070679 20004
1064569216714496 362 -2.8878173828125 -0.18393421173096 0.01814568042755 30004
1064607133250785 362 -0.39138793945313 3.19543170928955 0.00180149078369 40004
1064645049762096 362 0.375 -6.65138053894043 -0.00223612785339 50004
1064682966270796 362 -1.32708740234375 -1.87380123138428 0.0078284740448 60004
1064720882784127 362 0.213623046875 7.89100408554077 -0.00111627578735 70004
1064758799291456 362 0.82568359375 -2.47029304504395 -0.00451946258545 80004
1064796715802626 362 -2.7625732421875 -0.13335281610489 0.01824903488159 90004
1064455467211985 363 -0.4853435754776 -5.3781270980835 0.00408984534442 4
1064493383720895 363 -2.68324279785156 0.68570244312286 0.01713174581528 10004
1064531300230865 363 0.49861145019531 3.37128353118896 -0.00252246856689 20004
1064569216714496 363 -2.7705078125 -0.12549585103989 0.01814556121826 30004
1064607133250785 363 -0.44192504882813 2.83975124359131 0.00179743766785 40004
1064645049762096 363 0.3720703125 -6.28544616699219 -0.00223326683044 50004
1064682966270796 363 -1.6038818359375 -1.63836669921875 0.00985479354858 60004
1064720882784127 363 0.213623046875 7.89100408554077 -0.00111627578735 70004
1064758799291456 363 1.101806640625 -2.11073780059814 -0.00676774978638 80004
1064796715802626 363 -2.7706298828125 0.03796744719148 0.01824235916138 90004
1064455467211985 364 -0.26780319213867 -5.79525566101074 0.00184375059325 4
1064493383720895 364 -2.68336486816406 0.68570244312286 0.01713216304779 10004
1064531300230865 364 0.45613098144531 2.94229030609131 -0.00252449512482 20004
1064569216714496 364 -2.52978515625 -0.07017523050308 0.01702189445496 30004
1064607133250785 364 -0.607421875 2.51355648040771 0.00385069847107 40004
1064645049762096 364 0.2490234375 -5.93373107910156 -0.00223207473755 50004
1064682966270796 364 -1.7943115234375 -1.32027435302734 0.01188516616821 60004
1064720882784127 364 0.213623046875 7.89100408554077 -0.00111627578735 70004
1064758799291456 364 1.48602294921875 -1.85492038726807 -0.00901699066162 80004
1064796715802626 364 -2.7266845703125 0.18308299779892 0.01823091506958 90004
1064455467211985 365 -0.11241149902344 -6.23929023742676 0.00184374721721 4
1064493383720895 365 -2.52242279052734 0.74247992038727 0.01713263988495 10004
1064531300230865 365 0.59893798828125 2.53543376922607 -0.0036506652832 20004
1064569216714496 365 -2.29244995117188 0.11476726084948 0.01477766036987 30004
1064607133250785 365 -0.89501953125 2.28780269622803 0.0058958530426 40004
1064645049762096 365 0.2861328125 -5.56305694580078 -0.00222826004028 50004
1064682966270796 365 -2.1009521484375 -1.11239242553711 0.01397943496704 60004
1064720882784127 365 0.213623046875 7.89100408554077 -0.00111627578735 70004
1064758799291456 365 1.7271728515625 -1.46078586578369 -0.01015472412109 80004
1064796715802626 365 -2.5030517578125 0.43099397420883 0.01710653305054 90004
1064455467211986 366 0.10952948778868 -7.76511287689209 0.00000000005821 4
1064493383720895 366 -2.22930145263672 0.7496612071991 0.0148857831955 10004
1064531300230865 366 0.86024475097656 2.20236015319824 -0.00477588176727 20004
1064569216714496 366 -2.02728271484375 0.25507888197899 0.01365160942078 30004
1064607133250785 366 -1.091064453125 1.9867182970047 0.00790309906006 40004
1064645049762096 366 0.2694091796875 -5.19219398498535 -0.00222659111023 50004
1064682966270796 366 -2.4185791015625 -0.92123460769653 0.01600170135498 60004
1064720882784127 366 0.213623046875 7.89100408554077 -0.00111627578735 70004
1064758799291456 366 2.07525634765625 -1.17038917541504 -0.01241588592529 80004
1064796715802626 366 -2.3165283203125 0.73139435052872 0.01600027084351 90004
1064455467211986 367 0.18254408240318 -7.43700504302979 -0.00112304463983 4
1064493383720895 367 -1.90806579589844 0.66858416795731 0.01263862848282 10004
1064531300230865 367 1.16015625 1.89256358146667 -0.00702393054962 20004
1064569216714496 367 -1.79287719726563 0.43242010474205 0.0125253200531 30004
1064607133250785 367 -1.27099609375 1.74740993976593 0.00790190696716 40004
1064645049762096 367 0.3148193359375 -4.83130836486816 -0.00222492218018 50004
1064682966270796 367 -2.6436767578125 -0.76179456710815 0.01600289344788 60004
1064720882784127 367 0.204833984375 7.8668532371521 -0.00111532211304 70004
1064758799291456 367 2.49407958984375 -1.00769805908203 -0.01579284667969 80004
1064796715802626 367 -2.0831298828125 0.99708276987076 0.01377153396606 90004
1064455467211986 368 0.21905468404293 -7.10141563415527 -0.00112304103095 4
1064493383720895 368 -1.59384918212891 0.54907351732254 0.01039159297943 10004
1064531300230865 368 1.48432922363281 1.62026906013489 -0.00927221775055 20004
1064569216714496 368 -1.62686157226563 0.67688131332397 0.01139950752258 30004
1064607133250785 368 -1.475830078125 1.56331312656403 0.00990915298462 40004
1064645049762096 368 0.4002685546875 -4.47544288635254 -0.00222206115723 50004
1064682966270796 368 -2.7403564453125 -0.6618218421936 0.01802253723145 60004
1064720882784127 368 0.191650390625 7.83062696456909 -0.00111198425293 70004
1064758799291456 368 2.9483642578125 -0.97619837522507 -0.01804542541504 80004
1064796715802626 368 -1.7752685546875 1.17445766925812 0.01154279708862 90004
1064455467211986 369 0.3650883436203 -6.788245677948 -0.0022460850887 4
1064493383720895 369 -1.25297546386719 0.52947300672531 0.0081439614296 10004
1064531300230865 369 1.88629150390625 1.46443104743958 -0.01152157783508 20004
1064569216714496 369 -1.54705810546875 0.96698427200317 0.01027464866638 30004
1064607133250785 369 -1.712158203125 1.28419744968414 0.00990724563599 40004
1064645049762096 369 0.3656005859375 -4.10451698303223 -0.00222086906433 50004
1064682966270796 369 -2.7403564453125 -0.6618218421936 0.01802635192871 60004
1064720882784127 369 0.191650390625 7.83062696456909 -0.0011043548584 70004
1064758799291456 369 3.4024658203125 -1.05889141559601 -0.02172231674194 80004
1064796715802626 369 -1.419677734375 1.24351704120636 0.00931262969971 90004
1064455467211986 370 0.3650883436203 -6.54513502120972 -0.00224607763812 4
1064493383720895 370 -0.95223236083984 0.36764287948608 0.00701969861984 10004
1064531300230865 370 2.04716491699219 1.29690289497375 -0.01264715194702 20004
1064569216714496 370 -1.35223388671875 1.19623219966888 0.00915217399597 30004
1064607133250785 370 -2.04434204101563 1.13109457492828 0.0139753818512 40004
1064645049762096 370 0.4910888671875 -3.75367450714111 -0.00221753120422 50004
1064682966270796 370 -2.7403564453125 -0.6618218421936 0.01803016662598 60004
1064720882784127 370 0.143798828125 7.70026350021362 -0.00110292434692 70004
1064758799291456 370 3.6182861328125 -1.21141254901886 -0.02285385131836 80004
1064796715802626 370 -1.07220458984375 1.34647953510284 0.00707149505615 90004
1064455467211986 371 0.47461599111557 -6.24947357177734 -0.00224607042037 4
1064493383720895 371 -0.700439453125 0.14171993732452 0.00477296113968 10004
1064531300230865 371 2.27935791015625 0.99522572755814 -0.01376938819885 20004
1064569216714496 371 -1.24383544921875 1.47112214565277 0.00802934169769 30004
1064607133250785 371 -2.30441284179688 0.88348209857941 0.01396894454956 40004
1064645049762096 371 0.4964599609375 -3.38776969909668 -0.00333833694458 50004
1064682966270796 371 -2.7403564453125 -0.6618218421936 0.01803398132324 60004
1064720882784127 371 0.144287109375 7.52683591842651 -0.00110244750977 70004
1064758799291456 371 3.6846923828125 -1.27123081684113 -0.02285385131836 80004
1064796715802626 371 -0.78265380859375 1.55275499820709 0.00595331192017 90004
1064455467211986 372 0.54763221740723 -5.92012214660645 -0.00336911622435 4
1064493383720895 372 -0.495849609375 -0.12894941866398 0.00364768505096 10004
1064531300230865 372 2.45066833496094 0.61082679033279 -0.01489520072937 20004
1064569216714496 372 -1.10662841796875 1.73079812526703 0.00803053379059 30004
1064607133250785 372 -2.47067260742188 0.56751120090485 0.01597332954407 40004
1064645049762096 372 0.5418701171875 -3.02688598632813 -0.00333547592163 50004
1064682966270796 372 -2.6636962890625 -0.60999774932861 0.01803684234619 60004
1064720882784127 372 0.095947265625 7.27757978439331 -0.00110149383545 70004
1064758799291456 372 3.6929931640625 -1.28568947315216 -0.02285385131836 80004
1064796715802626 372 -0.57562255859375 1.83979094028473 0.00371217727661 90004
1064455467211986 373 0.5215772986412 -5.57861757278442 -0.00336911575869 4
1064493383720895 373 -0.35737609863281 -0.43442356586456 0.00252330303192 10004
1064531300230865 373 2.49021911621094 0.18920654058456 -0.01602137088776 20004
1064569216714496 373 -0.94061279296875 1.97526013851166 0.00690817832947 30004
1064607133250785 373 -2.53109741210938 0.2348789870739 0.0159707069397 40004
1064645049762096 373 0.701416015625 -2.69750022888184 -0.00445556640625 50004
1064682966270796 373 -2.4708251953125 -0.48213911056519 0.0169153213501 60004
1064720882784127 373 0.018798828125 6.95514440536499 0.00002908706665 70004
1064758799291456 373 3.6929931640625 -1.28568947315216 -0.02285385131836 80004
1064796715802626 373 -0.42767333984375 2.17111563682556 0.00371599197388 90004
1064455467211986 374 0.41736140847206 -5.24921846389771 -0.00336911296472 4
1064493383720895 374 -0.32441711425781 -0.77424067258835 0.0025223493576 10004
1064531300230865 374 2.38978576660156 -0.23002070188522 -0.01602232456207 20004
1064569216714496 374 -0.86056518554688 2.26536393165588 0.00578260421753 30004
1064607133250785 374 -2.48422241210938 -0.03717046231031 0.01596593856812 40004
1064645049762096 374 0.962646484375 -2.43248176574707 -0.00557565689087 50004
1064682966270796 374 -2.1593017578125 -0.28164911270142 0.01467132568359 60004
1064720882784127 374 0.050048828125 6.59759283065796 0.0000319480896 70004
1064758799291456 374 3.6929931640625 -1.28568947315216 -0.02285385131836 80004
1064796715802626 374 -0.26654052734375 2.49633765220642 0.00259304046631 90004
1064455467211986 375 0.46212741732597 -4.90657949447632 -0.00336910714395 4
1064493383720895 375 -0.43806457519531 -1.0961252450943 0.00252199172974 10004
1064531300230865 375 2.12167358398438 -0.56754517555237 -0.01401710510254 20004
1064569216714496 375 -0.74435424804688 2.54323029518127 0.00577712059021 30004
1064607133250785 375 -2.40365600585938 -0.15304650366306 0.01596403121948 40004
1064645049762096 375 1.08743286132813 -2.08164024353027 -0.00669360160828 50004
1064682966270796 375 -1.9610595703125 0.03180472552776 0.01355028152466 60004
1064720882784127 375 -0.072998046875 6.26032018661499 0.00003290176392 70004
1064758799291456 375 3.6929931640625 -1.28568947315216 -0.02285385131836 80004
1064796715802626 375 -0.24957275390625 2.85953116416931 0.00259876251221 90004
1064455467211986 376 0.39515855908394 -4.57387590408325 -0.00336910318583 4
1064493383720895 376 -0.44173431396484 -1.43145859241486 0.00252151489258 10004
1064531300230865 376 1.76545715332031 -0.79635882377625 -0.01073956489563 20004
1064569216714496 376 -0.72479248046875 2.83812546730042 0.00465226173401 30004
1064607133250785 376 -2.27716064453125 -0.24389423429966 0.01483583450317 40004
1064645049762096 376 1.31411743164063 -1.79516589641571 -0.00780725479126 50004
1064682966270796 376 -1.67742919921875 0.26053532958031 0.01130437850952 60004
1064720882784127 376 -0.080322265625 5.90783834457397 0.00003671646118 70004
1064758799291456 376 3.6929931640625 -1.28568947315216 -0.02285385131836 80004
1064796715802626 376 -0.19708251953125 3.21847319602966 0.00148153305054 90004
1064455467211986 377 0.36544626951218 -4.23786783218384 -0.00135058653541 4
1064493383720895 377 -0.39650726318359 -1.76964485645294 0.00252103805542 10004
1064531300230865 377 1.43856811523438 -1.06144177913666 -0.00934290885925 20004
1064569216714496 377 -0.67315673828125 3.12734436988831 0.00465106964111 30004
1064607133250785 377 -2.03292846679688 -0.30100691318512 0.0137026309967 40004
1064645049762096 377 1.50674438476563 -1.48723495006561 -0.00891947746277 50004
1064682966270796 377 -1.42059326171875 0.51750689744949 0.01017260551453 60004
1064720882784127 377 -0.010498046875 5.55805730819702 0.0000376701355 70004
1064758799291456 377 3.5782470703125 -1.27505123615265 -0.02285385131836 80004
1064796715802626 377 -0.21075439453125 3.57329916954041 0.00148582458496 90004
1064455467211986 378 0.41851621866226 -3.89674067497253 -0.0024736309424 4
1064493383720895 378 -0.37590789794922 -2.10437607765198 0.00252038240433 10004
1064531300230865 378 1.21258544921875 -1.41936254501343 -0.00724458694458 20004
1064569216714496 378 -0.54318237304688 3.39769005775452 0.00352644920349 30004
1064607133250785 378 -1.6845703125 -0.34263324737549 0.01145052909851 40004
1064645049762096 378 1.636962890625 -1.1871622800827 -0.01003575325012 50004
1064682966270796 378 -1.2586669921875 0.84451752901077 0.00904631614685 60004
1064720882784127 378 0.059326171875 5.21255445480347 0.0000376701355 70004
1064758799291456 378 3.3065185546875 -1.20091021060944 -0.02083539962769 80004
1064796715802626 378 -0.26666259765625 3.92729735374451 0.00148820877075 90004
1064455467211986 379 0.49650150537491 -3.56011295318604 -0.00247362931259 4
1064493383720895 379 -0.46598815917969 -2.43363404273987 0.00252014398575 10004
1064531300230865 379 1.11235046386719 -1.83862829208374 -0.00724613666534 20004
1064569216714496 379 -0.37277221679688 3.64547371864319 0.00240194797516 30004
1064607133250785 379 -1.32638549804688 -0.413978099823 0.00920534133911 40004
1064645049762096 379 1.782958984375 -1.03940188884735 -0.01115489006042 50004
1064682966270796 379 -1.21063232421875 1.21219897270203 0.00792050361633 60004
1064720882784127 379 0.013427734375 4.85657453536987 0.00003910064697 70004
1064758799291456 379 2.9080810546875 -0.96817553043365 -0.0187520980835 80004
1064796715802626 379 -0.21490478515625 4.2869086265564 0.00149393081665 90004
1064455467211986 380 0.42491939663887 -3.22208666801453 -0.00247362907976 4
1064493383720895 380 -0.40849304199219 -2.7701895236969 0.00251966714859 10004
1064531300230865 380 0.85906982421875 -2.18740272521973 -0.00520288944244 20004
1064569216714496 380 -0.32296752929688 3.94215035438538 0.00240051746368 30004
1064607133250785 380 -0.96359252929688 -0.36904335021973 0.00695705413818 40004
1064645049762096 380 2.058349609375 -0.78841197490692 -0.01227402687073 50004
1064682966270796 380 -1.01239013671875 1.52565264701843 0.00679469108582 60004
1064720882784127 380 -0.070556640625 4.5076060295105 0.00004053115845 70004
1064758799291456 380 2.5570068359375 -0.66806089878082 -0.01665878295898 80004
1064796715802626 380 -0.29400634765625 4.64209508895874 0.00149631500244 90004
1064455467211986 381 0.46551367640495 -2.88510847091675 -0.00247362814844 4
1064493383720895 381 -0.45802307128906 -3.10226464271545 0.00251930952072 10004
1064531300230865 381 0.7340087890625 -2.59199523925781 -0.0052045583725 20004
1064569216714496 381 -0.29330444335938 4.24128770828247 0.00239944458008 30004
1064607133250785 381 -0.60009765625 -0.38828492164612 0.00470685958862 40004
1064645049762096 381 2.393798828125 -0.6423214673996 -0.01451635360718 50004
1064682966270796 381 -0.92767333984375 1.87977719306946 0.00679230690002 60004
1064720882784127 381 -0.20892333984375 4.17794370651245 0.00209903717041 70004
1064758799291456 381 2.3138427734375 -0.28336942195892 -0.01462650299072 80004
1064796715802626 381 -0.25592041015625 4.99705266952515 0.00150156021118 90004
1064455467211986 382 0.61098039150238 -2.58072805404663 -0.00359667278826 4
1064493383720895 382 -0.46919250488281 -3.43538117408752 0.00251793861389 10004
1064531300230865 382 0.64013671875 -3.01255226135254 -0.00520610809326 20004
1064569216714496 382 -0.28085327148438 4.54168748855591 0.00239908695221 30004
1064607133250785 382 -0.3260498046875 -0.46510314941406 0.00245380401611 40004
1064645049762096 382 2.66171264648438 -0.56726443767548 -0.01675844192505 50004
1064682966270796 382 -0.80511474609375 2.22034454345703 0.00566649436951 60004
1064720882784127 382 -0.29046630859375 3.83688688278198 0.00210666656494 70004
1064758799291456 382 2.1016845703125 0.12648217380047 -0.01463270187378 80004
1064796715802626 382 -0.23004150390625 5.35589742660522 0.00150537490845 90004
1064455467211986 383 0.81712836027145 -2.3037736415863 -0.00471971742809 4
1064493383720895 383 -0.39993286132813 -3.76949906349182 0.00251734256744 10004
1064531300230865 383 0.57061767578125 -3.43338775634766 -0.00318050384521 20004
1064569216714496 383 -0.31076049804688 4.83568048477173 0.00239825248718 30004
1064607133250785 383 -0.146484375 -0.61262512207031 0.00132870674133 40004
1064645049762096 383 2.79745483398438 -0.53802192211151 -0.01787781715393 50004
1064682966270796 383 -0.64471435546875 2.54735469818115 0.00454020500183 60004
1064720882784127 383 -0.33001708984375 3.48511362075806 0.00211429595947 70004
1064758799291456 383 1.8892822265625 0.53601759672165 -0.01259994506836 80004
1064796715802626 383 -0.22833251953125 5.69867658615112 0.00150728225708 90004
1064455467211986 384 1.00286257266998 -2.01237988471985 -0.00584275927395 4
1064493383720895 384 -0.31045532226563 -4.09900951385498 0.00251650810242 10004
1064531300230865 384 0.60943603515625 -3.86270904541016 -0.00318133831024 20004
1064569216714496 384 -0.43624877929688 5.10912561416626 0.00239753723145 30004
1064607133250785 384 0.01980590820313 -0.86370468139648 0.00020360946655 40004
1064645049762096 384 2.79696655273438 -0.53802192211151 -0.01787567138672 50004
1064682966270796 384 -0.59783935546875 2.91503429412842 0.00453734397888 60004
1064720882784127 384 -0.47064208984375 3.15468072891235 0.00212240219116 70004
1064758799291456 384 1.6929931640625 0.95370024442673 -0.01059675216675 80004
1064796715802627 384 0 7.53247022628784 0 90004
1064455467211986 385 1.19657349586487 -1.72622680664063 -0.00696579227224 4
1064493383720895 385 -0.36868286132813 -4.4354043006897 0.00251603126526 10004
1064531300230865 385 0.46360778808594 -4.26840972900391 -0.0031830072403 20004
1064569216714496 385 -0.43429565429688 5.40996789932251 0.00239717960358 30004
1064607133250785 385 0.07449340820313 -1.22527730464935 0.00020217895508 40004
1064645049762096 385 2.79647827148438 -0.53802192211151 -0.01787352561951 50004
1064682966270796 385 -0.39959716796875 3.22848796844482 0.00341153144836 60004
1064720882784127 385 -0.45892333984375 2.79598474502563 0.00213050842285 70004
1064758799291456 385 1.4801025390625 1.36309933662415 -0.01060342788696 80004
1064796715802627 385 0.1552734375 7.86444807052612 -0.00000667572021 90004
1064455467211986 386 1.46737802028656 -1.52157986164093 -0.00921187549829 4
1064493383720895 386 -0.31613159179688 -4.76663446426392 0.00251519680023 10004
1064531300230865 386 0.45664978027344 -4.69182395935059 -0.00318598747253 20004
1064569216714496 386 -0.40158081054688 5.70852708816528 0.00239622592926 30004
1064607133250785 386 0.02078247070313 -1.54491698741913 0.0002007484436 40004
1064645049762096 386 2.79598999023438 -0.53802192211151 -0.01787137985229 50004
1064682966270796 386 -0.31488037109375 3.58261108398438 0.00228667259216 60004
1064720882784127 386 -0.56146240234375 2.45848608016968 0.00416564941406 70004
1064758799291456 386 1.3004150390625 1.78718113899231 -0.0085973739624 80004
1064796715802627 386 0.279052734375 8.01880359649658 -0.00113534927368 90004
1064455467211986 387 1.77461850643158 -1.36518788337708 -0.01033489592373 4
1064493383720895 387 -0.17063903808594 -5.06919956207275 0.00139093399048 10004
1064531300230865 387 0.40342712402344 -5.10931205749512 -0.0031886100769 20004
1064569216714497 387 0.0810546875 7.70614194869995 -0.00000071525574 30004
1064607133250785 387 0.00320434570313 -1.87853419780731 0.00019907951355 40004
1064645049762096 387 2.79550170898438 -0.53802192211151 -0.0178689956665 50004
1064682966270796 387 -0.32757568359375 3.94823265075684 0.00228452682495 60004
1064720882784127 387 -0.76556396484375 2.17314481735229 0.00417327880859 70004
1064758799291456 387 1.23052978515625 2.2319700717926 -0.00860738754272 80004
1064796715802627 387 0.335693359375 8.06638050079346 -0.00114679336548 90004
1064455467211986 388 2.07085299491882 -1.19945931434631 -0.0125809814781 4
1064493383720895 388 -0.00316619873047 -5.35967206954956 0.00026720762253 10004
1064531300230865 388 0.303955078125 -5.5208797454834 -0.00118660926819 20004
1064569216714497 388 0.2393798828125 7.99744367599487 -0.00112366676331 30004
1064607133250785 388 0.01846313476563 -2.23742961883545 0.00019669532776 40004
1064645049762096 388 2.79501342773438 -0.53802192211151 -0.01786684989929 50004
1064682966270796 388 -0.35980224609375 4.3109016418457 0.00228357315063 60004
1064720882784127 388 -1.00140380859375 1.91034984588623 0.00620269775391 70004
1064758799291456 388 1.20654296875 2.6846649646759 -0.00710153579712 80004
1064796715802627 388 0.335693359375 8.06638050079346 -0.00116205215454 90004
1064455467211986 389 2.30184626579285 -0.94245946407318 -0.01370399165899 4
1064493383720895 389 0.06275177001953 -5.69462776184082 0.00026643276215 10004
1064531300230865 389 0.34326171875 -5.9502010345459 -0.00118780136108 20004
1064569216714497 389 0.3863525390625 8.12061309814453 -0.00224471092224 30004
1064607133250785 389 -0.08456420898438 -2.58829402923584 0.0001962184906 40004
1064645049762096 389 2.79452514648438 -0.53802192211151 -0.01786470413208 50004
1064682966270796 389 -0.27191162109375 4.6708869934082 0.00228118896484 60004
1064720882784127 389 -1.14202880859375 1.57991886138916 0.00824117660522 70004
1064758799291456 389 1.03662109375 3.11363911628723 -0.00710248947144 80004
1064796715802627 389 0.335693359375 8.06638050079346 -0.00117015838623 90004
1064455467211986 390 2.402587890625 -0.61192101240158 -0.01482705399394 4
1064493383720895 390 -0.01903533935547 -6.0261173248291 0.00026595592499 10004
1064531300230865 390 0.324951171875 -6.38092613220215 -0.00118851661682 20004
1064569216714497 390 0.3863525390625 8.12061309814453 -0.00224471092224 30004
1064607133250785 390 -0.02987670898438 -2.94986629486084 0.0001962184906 40004
1064645049762096 390 2.79403686523438 -0.53802192211151 -0.01786231994629 50004
1064682966270796 390 -0.31390380859375 5.0391731262207 0.00227975845337 60004
1064720882784127 390 -1.40960693359375 1.3396692276001 0.00824117660522 70004
1064758799291456 390 0.82666015625 3.52431797981262 -0.00505828857422 80004
1064796715802627 390 0.335693359375 8.06638050079346 -0.00117778778076 90004
1064455467211986 391 2.40962958335876 -0.40099328756332 -0.01482706423849 4
1064493383720895 391 0.00995635986328 -6.3602123260498 0.00026535987854 10004
1064531300230866 391 0.11151123046875 -7.76073837280273 0 20004
1064569216714497 391 0.3863525390625 8.12061309814453 -0.00224471092224 30004
1064607133250785 391 -0.09347534179688 -3.30340766906738 0.00019526481628 40004
1064645049762096 391 2.73751831054688 -0.55526602268219 -0.01786041259766 50004
1064682966270796 391 -0.23577880859375 5.39482498168945 0.00227689743042 60004
1064720882784127 391 -1.6441650390625 1.06883525848389 0.01034355163574 70004
1064758799291456 391 0.76171875 3.97280812263489 -0.00505876541138 80004
1064796715802627 391 0.335693359375 8.06638050079346 -0.00118541717529 90004
1064455467211986 392 2.30332112312317 -0.17066621780396 -0.01482707448304 4
1064493383720896 392 0.02215576171875 -7.95249176025391 0 10004
1064531300230866 392 0.18585205078125 -7.48302841186523 -0.00112593173981 20004
1064569216714497 392 0.3863525390625 8.12061309814453 -0.00224471092224 30004
1064607133250785 392 -0.11764526367188 -3.65962600708008 0.00019526481628 40004
1064645049762096 392 2.58419799804688 -0.55069077014923 -0.015793800354 50004
1064682966270796 392 -0.1971435546875 5.75468826293945 0.00114798545837 60004
1064720882784127 392 -1.9171142578125 0.84814929962158 0.01238250732422 70004
1064758799291456 392 0.697265625 4.42708921432495 -0.00505924224854 80004
1064796715802627 392 0.335693359375 8.06638050079346 -0.00119304656982 90004
1064455467211986 393 2.1358745098114 0.10272541642189 -0.01482708379626 4
1064493383720896 393 0.05691528320313 -7.84914398193359 -0.00000041723251 10004
1064531300230866 393 0.2230224609375 -7.22597122192383 -0.00112783908844 20004
1064569216714497 393 0.3863525390625 8.12061309814453 -0.00224471092224 30004
1064607133250785 393 -0.10238647460938 -4.01852130889893 0.00019526481628 40004
1064645049762096 393 2.3223876953125 -0.4965432882309 -0.01579189300537 50004
1064682966270797 393 0.031005859375 7.59916257858276 -0.00000095367432 60004
1064720882784127 393 -2.22308349609375 0.66600155830383 0.01445245742798 70004
1064758799291456 393 0.540283203125 4.85218954086304 -0.00305080413818 80004
1064796715802627 393 0.317138671875 8.01510334014893 -0.00119972229004 90004
1064455467211986 394 2.03127312660217 0.32767587900162 -0.01281303912401 4
1064493383720896 394 0.06301879882813 -7.72080230712891 -0.00000065565109 10004
1064531300230866 394 0.37178039550781 -6.90695571899414 -0.00225150585175 20004
1064569216714497 394 0.3863525390625 8.12061309814453 -0.00224471092224 30004
1064607133250785 394 -0.2054443359375 -4.36938190460205 0.00222373008728 40004
1064645049762096 394 1.96969604492188 -0.37638127803802 -0.01372861862183 50004
1064682966270797 394 0.155029296875 7.86593198776245 -0.00000333786011 60004
1064720882784127 394 -2.48284912109375 0.41843995451927 0.01651430130005 70004
1064758799291456 394 0.249267578125 5.21017599105835 -0.0010142326355 80004
1064796715802627 394 0.242919921875 7.8099946975708 -0.0012035369873 90004
1064455467211986 395 1.78220999240875 0.56703650951385 -0.01073605008423 4
1064493383720896 395 0.08596801757813 -7.35642957687378 -0.00000065565109 10004
1064531300230866 395 0.37202453613281 -6.55496597290039 -0.00225341320038 20004
1064569216714497 395 0.3863525390625 8.12061309814453 -0.00224471092224 30004
1064607133250785 395 -0.2464599609375 -4.73282337188721 0.00222182273865 40004
1064645049762096 395 1.59906005859375 -0.41650760173798 -0.00950479507446 50004
1064682966270797 395 0.267333984375 7.96053647994995 -0.00112891197205 60004
1064720882784127 395 -2.61370849609375 0.08424396812916 0.01651477813721 70004
1064758799291456 395 0.136962890625 5.65764760971069 -0.0010142326355 80004
1064796715802627 395 0.268310546875 7.51965045928955 -0.00121116638184 90004
1064455467211986 396 1.62647938728333 0.86857372522354 -0.01073604729027 4
1064493383720896 396 0.17722320556641 -6.92086362838745 -0.00112473964691 10004
1064531300230866 396 0.2606201171875 -6.22774410247803 -0.00225532054901 20004
1064569216714497 396 0.3863525390625 8.12061309814453 -0.00224471092224 30004
1064607133250785 396 -0.169921875 -5.08360767364502 0.00109624862671 40004
1064645049762096 396 1.24191284179688 -0.33641767501831 -0.00748133659363 50004
1064682966270797 396 0.29541015625 7.98418760299683 -0.00113272666931 60004
1064720882784127 396 -2.73358154296875 -0.10214984416962 0.01651477813721 70004
1064758799291456 396 0.17333984375 6.10954809188843 -0.00101613998413 80004
1064796715802627 396 0.28271484375 7.11976337432861 -0.00121545791626 90004
1064455467211986 397 1.47204291820526 1.17578208446503 -0.0086861718446 4
1064493383720896 397 0.18900299072266 -6.45898771286011 -0.00112617015839 10004
1064531300230866 397 0.186279296875 -5.89229106903076 -0.00225555896759 20004
1064569216714497 397 0.3621826171875 8.02789306640625 -0.0022439956665 30004
1064607133250785 397 -0.132568359375 -5.43861103057861 0.0010941028595 40004
1064645049762096 397 0.903564453125 -0.18353176116943 -0.0053973197937 50004
1064682966270797 397 0.29541015625 7.98418760299683 -0.00113654136658 60004
1064720882784127 397 -2.79168701171875 -0.17071306705475 0.01854753494263 70004
1064758799291457 397 0.056640625 7.65443754196167 -0.00000190734863 80004
1064796715802627 397 0.24072265625 6.792893409729 -0.00121927261353 90004
1064455467211986 398 1.32290613651276 1.48063933849335 -0.00868617091328 4
1064493383720896 398 0.09677124023438 -5.99485540390015 -0.0011271238327 10004
1064531300230866 398 0.14912414550781 -5.54855108261108 -0.00019764900208 20004
1064569216714497 398 0.326171875 7.79299640655518 -0.00224268436432 30004
1064607133250785 398 -0.1343994140625 -5.79783344268799 0.00109243392944 40004
1064645049762096 398 0.60748291015625 0.03185852244496 -0.00331449508667 50004
1064682966270797 398 0.29541015625 7.98418760299683 -0.00114035606384 60004
1064720882784127 398 -2.82733154296875 -0.17060554027557 0.01854753494263 70004
1064758799291457 398 0.15625 7.8497462272644 -0.0000057220459 80004
1064796715802627 398 0.17236328125 6.52078914642334 -0.00122356414795 90004
1064455467211986 399 1.27934348583221 1.82339787483215 -0.00868616718799 4
1064493383720896 399 0.00022888183594 -5.53160715103149 0.0009024143219 10004
1064531300230866 399 0.00044250488281 -5.2295355796814 -0.00019764900208 20004
1064569216714497 399 0.3271484375 7.40974903106689 -0.00224137306213 30004
1064607133250785 399 -0.0186767578125 -6.14439868927002 0.00108957290649 40004
1064645049762096 399 0.39312744140625 0.33659037947655 -0.0033130645752 50004
1064682966270797 399 0.29541015625 7.98418760299683 -0.00114417076111 60004
1064720882784127 399 -2.96990966796875 -0.17017543315887 0.01854753494263 70004
1064758799291457 399 0.21484375 7.89917707443237 -0.00112962722778 80004
1064796715802627 399 0.18310546875 6.08438777923584 -0.0012264251709 90004
1064455467211986 400 1.24001502990723 2.16666674613953 -0.00868616253138 4
1064493383720896 400 0.10850524902344 -5.07091188430786 -0.00022125244141 10004
1064531300230866 400 0.00044250488281 -4.87754583358765 -0.00019764900208 20004
1064569216714497 400 0.166015625 7.06191730499268 -0.00019156932831 30004
1064607133250785 400 -0.05972290039063 -6.50784015655518 0.00108766555786 40004
1064645049762096 400 0.32769775390625 0.70334279537201 -0.00129890441895 50004
1064682966270797 400 0.29541015625 7.98418760299683 -0.00114798545837 60004
1064720882784127 400 -2.99334716796875 -0.15905177593231 0.01854801177979 70004
1064758799291457 400 0.21484375 7.89917707443237 -0.00112962722778 80004
1064796715802627 400 0.00927734375 5.68412685394287 0.00081205368042 90004
1064455467211986 401 1.09467124938965 2.47332835197449 -0.00661662220955 4
1064493383720896 401 0.35523986816406 -4.67691850662231 -0.00134539604187 10004
1064531300230866 401 -0.11106872558594 -4.55036115646362 -0.00019764900208 20004
1064569216714497 401 0.12646484375 6.68752384185791 -0.00019240379333 30004
1064607133250786 401 0.0545654296875 -7.88293266296387 -0.00000047683716 40004
1064645049762096 401 0.38311767578125 1.06506776809692 -0.0024197101593 50004
1064682966270797 401 0.29541015625 7.98418760299683 -0.00115180015564 60004
1064720882784127 401 -2.99920654296875 -0.15627086162567 0.01855421066284 70004
1064758799291457 401 0.21484375 7.89917707443237 -0.00112962722778 80004
1064796715802627 401 -0.026123046875 5.256760597229 0.000807762146 90004
1064455467211986 402 0.98465609550476 2.79219818115234 -0.00661661615595 4
1064493383720896 402 0.52876281738281 -4.37586259841919 -0.00247037410736 10004
1064531300230866 402 -0.23306274414063 -4.22326946258545 0.00183582305908 20004
1064569216714497 402 0.1416015625 6.30483341217041 -0.00019323825836 30004
1064607133250786 402 0.0909423828125 -7.75250816345215 -0.00000333786011 40004
1064645049762096 402 0.43585205078125 1.43129873275757 -0.00241684913635 50004
1064682966270797 402 0.29541015625 7.9840235710144 -0.00115561485291 60004
1064720882784127 402 -2.99920654296875 -0.15627086162567 0.0185604095459 70004
1064758799291457 402 0.21484375 7.89917707443237 -0.00112962722778 80004
1064796715802627 402 -0.105712890625 4.83749485015869 0.00080442428589 90004
1064455467211986 403 0.9099902510643 3.1232590675354 -0.00661661429331 4
1064493383720896 403 0.54528045654297 -4.08728837966919 -0.00359576940536 10004
1064531300230866 403 -0.35618591308594 -3.91235446929932 0.00183367729187 20004
1064569216714497 403 0.1298828125 5.92855739593506 -0.00019443035126 30004
1064607133250786 403 0.1016845703125 -7.60016441345215 -0.00000619888306 40004
1064645049762096 403 0.42413330078125 1.80177164077759 -0.0024151802063 50004
1064682966270797 403 0.28857421875 7.94753980636597 -0.00115871429443 60004
1064720882784127 403 -2.99920654296875 -0.15627086162567 0.0185604095459 70004
1064758799291457 403 0.21484375 7.89917707443237 -0.00112962722778 80004
1064796715802627 403 -0.229248046875 4.42683506011963 0.00080060958862 90004
1064455467211986 404 0.72930335998535 3.41772294044495 -0.00455442396924 4
1064493383720896 404 0.44872283935547 -3.62403154373169 -0.00359636545181 10004
1064531300230866 404 -0.56234741210938 -3.67427921295166 0.0038994550705 20004
1064569216714497 404 -0.0048828125 5.56985378265381 -0.00019538402557 30004
1064607133250786 404 0.1446533203125 -7.30506706237793 -0.00000762939453 40004
1064645049762096 404 0.34796142578125 2.16642236709595 -0.00241351127625 50004
1064682966270797 404 0.26123046875 7.80258893966675 -0.00116014480591 60004
1064720882784127 404 -2.99920654296875 -0.15627086162567 0.0185604095459 70004
1064758799291457 404 0.21484375 7.89917707443237 -0.00112962722778 80004
1064796715802627 404 -0.213623046875 3.99058604240417 0.00079679489136 90004
1064455467211986 405 0.6899756193161 3.76099848747253 -0.00455441744998 4
1064493383720896 405 0.55699920654297 -3.16332674026489 -0.00359755754471 10004
1064531300230866 405 -0.65512084960938 -3.34818816184998 0.00389897823334 20004
1064569216714497 405 0.0244140625 5.18772029876709 -0.00019609928131 30004
1064607133250786 405 0.1270751953125 -6.91850852966309 -0.00000810623169 40004
1064645049762096 405 0.43292236328125 2.52915048599243 -0.0024106502533 50004
1064682966270797 405 0.33349609375 7.51736402511597 -0.00116539001465 60004
1064720882784127 405 -2.99920654296875 -0.15627086162567 0.0185604095459 70004
1064758799291457 405 0.21484375 7.89917707443237 -0.00112962722778 80004
1064796715802627 405 -0.38409423828125 3.58845973014832 0.00279855728149 90004
1064455467211986 406 0.6061749458313 4.09515428543091 -0.0045544099994 4
1064493383720896 406 0.76415252685547 -2.74221611022949 -0.00472187995911 10004
1064531300230866 406 -0.63656616210938 -3.00597929954529 0.00389885902405 20004
1064569216714497 406 -0.0693359375 4.82315921783447 -0.00019681453705 30004
1064607133250786 406 0.2332763671875 -6.55351066589355 -0.00113272666931 40004
1064645049762096 406 0.41571044921875 2.80339574813843 -0.0024094581604 50004
1064682966270797 406 0.310546875 7.22912931442261 -0.00116872787476 60004
1064720882784127 406 -2.88275146484375 -0.08932440727949 0.0185604095459 70004
1064758799291457 406 0.186279296875 7.77543783187866 -0.0011305809021 80004
1064796715802627 406 -0.41583251953125 3.16073870658875 0.00280094146729 90004
1064455467211986 407 0.58214330673218 4.43162155151367 -0.00349357258528 4
1064493383720896 407 1.02519989013672 -2.3481867313385 -0.00584679841995 10004
1064531300230866 407 -0.63996887207031 -2.65899085998535 0.00389730930328 20004
1064569216714497 407 -0.12188720703125 4.45274066925049 0.0018208026886 30004
1064607133250786 407 0.3001708984375 -6.22638130187988 -0.00113344192505 40004
1064645049762096 407 0.43255615234375 3.10713529586792 -0.00240707397461 50004
1064682966270797 407 0.29833984375 6.93812894821167 -0.00117063522339 60004
1064720882784127 407 -2.63177490234375 0.0008545583114 0.01743745803833 70004
1064758799291457 407 0.190673828125 7.51361608505249 -0.00113201141357 80004
1064796715802627 407 -0.49395751953125 2.74154925346375 0.00280332565308 90004
1064455467211986 408 0.62927061319351 4.77387809753418 -0.00349356047809 4
1064493383720896 408 1.33025360107422 -1.99073421955109 -0.00809425115585 10004
1064531300230866 408 -0.73738098144531 -2.3273401260376 0.00389671325684 20004
1064569216714497 408 -0.06869506835938 4.07544040679932 0.00069355964661 30004
1064607133250786 408 0.3267822265625 -5.91459274291992 -0.00113391876221 40004
1064645049762096 408 0.47723388671875 3.47034406661987 -0.00240516662598 50004
1064682966270797 408 0.297119140625 6.64899587631226 -0.00117230415344 60004
1064720882784127 408 -2.28338623046875 0.05313703417778 0.01519060134888 70004
1064758799291457 408 0.20556640625 7.18051862716675 -0.00113391876221 80004
1064796715802627 408 -0.70343017578125 2.36679244041443 0.00481271743774 90004
1064455467211986 409 0.66610711812973 5.11744499206543 -0.00349354743958 4
1064493383720896 409 1.70462799072266 -1.70136988162994 -0.01034033298492 10004
1064531300230866 409 -0.94041442871094 -2.03976464271545 0.00593662261963 20004
1064569216714497 409 0.05484008789063 3.71263980865479 0.00069189071655 30004
1064607133250786 409 0.4742431640625 -5.55678176879883 -0.00225877761841 40004
1064645049762096 409 0.40106201171875 3.83499479293823 -0.0024037361145 50004
1064682966270797 409 0.201416015625 6.37075185775757 -0.00117349624634 60004
1064720882784127 409 -1.92999267578125 -0.01102118566632 0.01294469833374 70004
1064758799291457 409 0.12451171875 6.92410230636597 -0.00113534927368 80004
1064796715802627 409 -1.02862548828125 2.07414412498474 0.00691318511963 90004
1064455467211986 410 0.55430203676224 5.44437122344971 -0.00349354068749 4
1064493383720896 410 1.92160797119141 -1.28086030483246 -0.01146423816681 10004
1064531300230866 410 -1.20492553710938 -1.80761742591858 0.00795662403107 20004
1064569216714497 410 0.31655883789063 3.43274402618408 -0.00155448913574 30004
1064607133250786 410 0.4566650390625 -5.17022323608398 -0.00225949287415 40004
1064645049762096 410 0.48602294921875 4.19772100448608 -0.00240087509155 50004
1064682966270797 410 0.180908203125 6.07712697982788 -0.00117444992065 60004
1064720882784127 410 -1.6290283203125 -0.2030935138464 0.01071119308472 70004
1064758799291457 410 0.17431640625 6.54279279708862 -0.00113534927368 80004
1064796715802627 410 -1.30963134765625 1.73964095115662 0.0089259147644 90004
1064455467211986 411 0.34678202867508 5.71284341812134 -0.0014832993038 4
1064493383720896 411 2.25670623779297 -0.95870935916901 -0.01371115446091 10004
1064531300230866 411 -1.42420959472656 -1.53455078601837 0.01003265380859 20004
1064569216714497 411 0.47134399414063 3.08953666687012 -0.00267493724823 30004
1064607133250786 411 0.3226318359375 -4.82560157775879 -0.0022599697113 40004
1064645049762096 411 0.45013427734375 4.56189298629761 -0.0023992061615 50004
1064682966270797 411 0.240966796875 5.79269170761108 -0.00117588043213 60004
1064720882784127 411 -1.29205322265625 -0.31362277269363 0.00846529006958 70004
1064758799291457 411 0.2080078125 6.15984106063843 -0.00113725662231 80004
1064796715802627 411 -1.67730712890625 1.51755023002625 0.0109486579895 90004
1064455467211987 412 0.06957100331783 7.68166589736938 -0.0000000000291 4
1064493383720896 412 2.67475128173828 -0.76203674077988 -0.01610440015793 10004
1064531300230866 412 -1.61000061035156 -1.23623144626617 0.0100337266922 20004
1064569216714497 412 0.58242797851563 2.72280311584473 -0.00267267227173 30004
1064607133250786 412 0.1300048828125 -4.4985179901123 -0.00023698806763 40004
1064645049762096 412 0.34686279296875 4.91868162155151 -0.0023980140686 50004
1064682966270797 412 0.263916015625 5.50623464584351 -0.00117802619934 60004
1064720882784127 412 -0.946533203125 -0.40276843309402 0.00622749328613 70004
1064758799291457 412 0.1904296875 5.77845525741577 -0.00113868713379 80004
1064796715802627 412 -2.01617431640625 1.25798869132996 0.01302576065063 90004
1064455467211987 413 0.19813258945942 7.92576026916504 -0.00112304696813 4
1064493383720896 413 3.07997894287109 -0.68831378221512 -0.01962012052536 10004
1064531300230866 413 -1.8057861328125 -0.95132958889008 0.01205050945282 20004
1064569216714497 413 0.72296142578125 2.3731746673584 -0.00379872322083 30004
1064607133250786 413 -0.078857421875 -4.17282485961914 -0.00023794174194 40004
1064645049762096 413 0.25640869140625 5.2732253074646 -0.00239539146423 50004
1064682966270797 413 0.204833984375 5.21960973739624 -0.00117993354797 60004
1064720882784127 413 -0.620849609375 -0.5320582985878 0.00511980056763 70004
1064758799291457 413 0.16845703125 5.4013819694519 -0.00114011764526 80004
1064796715802627 413 -2.26837158203125 0.90595245361328 0.015061378479 90004
1064455467211987 414 0.29497364163399 8.00701904296875 -0.00112304568756 4
1064493383720896 414 3.31593322753906 -0.70536923408508 -0.02074426412582 10004
1064531300230866 414 -2.087890625 -0.74110525846481 0.01404869556427 20004
1064569216714497 414 0.97314453125 2.08212852478027 -0.0060487985611 30004
1064607133250786 414 -0.2774658203125 -3.84062767028809 0.0017683506012 40004
1064645049762096 414 0.28570556640625 5.64463186264038 -0.00239205360413 50004
1064682966270797 414 0.091552734375 4.94773626327515 -0.00118136405945 60004
1064720882784127 414 -0.349365234375 -0.76438862085342 0.00288915634155 70004
1064758799291457 414 0.27099609375 5.03090620040894 -0.0011420249939 80004
1064796715802627 414 -2.43341064453125 0.50131702423096 0.01507043838501 90004
1064455467211987 415 0.29497364163399 8.00701904296875 -0.00112304568756 4
1064493383720896 415 3.31581115722656 -0.70536923408508 -0.02074402570724 10004
1064531300230866 415 -2.347900390625 -0.50392693281174 0.0140472650528 20004
1064569216714497 415 1.322265625 1.92372703552246 -0.00829672813416 30004
1064607133250786 415 -0.40277099609375 -3.4743709564209 0.00176644325256 40004
1064645049762096 415 0.25836181640625 6.01617574691772 -0.00239062309265 50004
1064682966270797 415 0.104248046875 4.65365362167358 -0.00118207931519 60004
1064720882784127 415 -0.167724609375 -1.07281064987183 0.00178146362305 70004
1064758799291457 415 0.20751953125 4.65163373947144 -0.00114345550537 80004
1064796715802627 415 -2.46173095703125 0.28475093841553 0.01507997512817 90004
1064455467211987 416 0.29497364163399 8.00701904296875 -0.00112304568756 4
1064493383720896 416 3.31568908691406 -0.70536923408508 -0.02074378728867 10004
1064531300230866 416 -2.4635009765625 -0.32277804613113 0.01606261730194 20004
1064569216714497 416 1.59640502929688 1.66584062576294 -0.00941824913025 30004
1064607133250786 416 -0.44500732421875 -3.09280204772949 0.00376558303833 40004
1064645049762097 416 0.0567626953125 7.6545844078064 0.00000190734863 50004
1064682966270797 416 0.128662109375 4.3603835105896 -0.00118374824524 60004
1064720882784127 416 -0.09625244140625 -1.41774654388428 0.00067043304443 70004
1064758799291457 416 0.2685546875 4.27895879745483 -0.00114583969116 80004
1064796715802627 416 -2.43438720703125 0.11982468515635 0.01509523391724 90004
1064455467211987 417 0.29497364163399 8.00701904296875 -0.00112304568756 4
1064493383720896 417 3.31556701660156 -0.70536923408508 -0.02074360847473 10004
1064531300230866 417 -2.4937744140625 -0.15725690126419 0.01606106758118 20004
1064569216714497 417 1.79537963867188 1.34368181228638 -0.01054131984711 30004
1064607133250786 417 -0.54071044921875 -2.72738075256348 0.00376081466675 40004
1064645049762097 417 0.0946044921875 7.7359938621521 0.00000286102295 50004
1064682966270797 417 0.140380859375 4.06672430038452 -0.00118470191956 60004
1064720882784127 417 -0.06402587890625 -1.77521705627441 0.00067234039307 70004
1064758799291457 417 0.4306640625 3.93647241592407 -0.00227165222168 80004
1064796715802627 417 -2.28546142578125 -0.09096250683069 0.01511383056641 90004
1064455467211987 418 0.29497364163399 8.00701904296875 -0.00112304568756 4
1064493383720896 418 3.31544494628906 -0.70536923408508 -0.02074337005615 10004
1064531300230866 418 -2.44883728027344 0.04571662098169 0.01605916023254 20004
1064569216714497 418 1.96627807617188 1.00371360778809 -0.01166439056396 30004
1064607133250786 418 -0.74969482421875 -2.40995979309082 0.0037567615509 40004
1064645049762097 418 0.0946044921875 7.7359938621521 0.00000286102295 50004
1064682966270797 418 0.166748046875 3.77881598472595 -0.00118613243103 60004
1064720882784127 418 -0.01788330078125 -2.12982845306396 0.00067615509033 70004
1064758799291457 418 0.61376953125 3.60596990585327 -0.00339603424072 80004
1064796715802627 418 -2.04840087890625 -0.39410746097565 0.01400804519653 90004
1064455467211987 419 0.29497364163399 8.00701904296875 -0.00112304568756 4
1064493383720896 419 3.31532287597656 -0.70536923408508 -0.02074313163757 10004
1064531300230866 419 -2.29039001464844 0.35184034705162 0.01493549346924 20004
1064569216714497 419 2.20477294921875 0.70365047454834 -0.01390886306763 30004
1064607133250786 419 -1.05535888671875 -2.17278480529785 0.00576949119568 40004
1064645049762097 419 0.0946044921875 7.7359938621521 0.00000286102295 50004
1064682966270797 419 0.286865234375 3.51013159751892 -0.00118851661682 60004
1064720882784127 419 0.08172607421875 -2.47477245330811 -0.0004448890686 70004
1064758799291457 419 0.68115234375 3.22744512557983 -0.00339794158936 80004
1064796715802627 419 -1.85601806640625 -0.78510248661041 0.01290369033813 90004
1064455467211987 420 0.29497364163399 8.00701904296875 -0.00112304568756 4
1064493383720896 420 3.31520080566406 -0.70536923408508 -0.02074289321899 10004
1064531300230866 420 -2.12356567382813 0.66152107715607 0.01381230354309 20004
1064569216714497 420 2.54803466796875 0.53246021270752 -0.01615750789642 30004
1064607133250786 420 -1.23211669921875 -1.82861423492432 0.00780940055847 40004
1064645049762097 420 0.0946044921875 7.7359938621521 0.00000286102295 50004
1064682966270797 420 0.303466796875 3.21626257896423 -0.00118851661682 60004
1064720882784127 420 0.05340576171875 -2.6520414352417 -0.00044345855713 70004
1064758799291457 420 0.58251953125 2.85582113265991 -0.00339937210083 80004
1064796715802627 420 -1.79644775390625 -1.21729052066803 0.01179790496826 90004
1064455467211987 421 0.24294836819172 7.86407995223999 -0.00112304557115 4
1064493383720896 421 3.24611663818359 -0.73881602287292 -0.02074271440506 10004
1064531300230866 421 -1.93600463867188 0.95907413959503 0.01268589496613 20004
1064569216714497 421 2.75128173828125 0.34172627329826 -0.01728284358978 30004
1064607133250786 421 -1.45977783203125 -1.51763916015625 0.00985169410706 40004
1064645049762097 421 0.0946044921875 7.7359938621521 0.00000286102295 50004
1064682966270797 421 0.412353515625 2.94837737083435 -0.00231075286865 60004
1064720882784127 421 0.01263427734375 -2.96344661712646 -0.00044107437134 70004
1064758799291457 421 0.6083984375 2.47902154922485 -0.0034008026123 80004
1064796715802627 421 -1.60430908203125 -1.59960949420929 0.01069068908691 90004
1064455467211987 422 0.21858081221581 7.65089511871338 -0.00112304277718 4
1064493383720896 422 3.03077697753906 -0.76366680860519 -0.01884913444519 10004
1064531300230866 422 -1.68865966796875 1.19777882099152 0.01155996322632 20004
1064569216714497 422 2.85333251953125 0.14426349103451 -0.01728498935699 30004
1064607133250786 422 -1.7562255859375 -1.28344917297363 0.01197242736816 40004
1064645049762097 422 0.0946044921875 7.7359938621521 0.00000286102295 50004
1064682966270797 422 0.600341796875 2.73076224327087 -0.00343084335327 60004
1064720882784127 422 -0.06207275390625 -3.31313991546631 -0.00044059753418 70004
1064758799291457 422 0.7529296875 2.13251161575317 -0.00452661514282 80004
1064796715802627 422 -1.455322265625 -1.99855148792267 0.00957727432251 90004
1064455467211987 423 0.20579716563225 7.39642143249512 -0.00112303928472 4
1064493383720896 423 2.665771484375 -0.72655433416367 -0.01694053411484 10004
1064531300230866 423 -1.41534423828125 1.40908062458038 0.00931406021118 20004
1064569216714497 423 2.88900756835938 -0.00684618204832 -0.01841485500336 30004
1064607133250786 423 -2.07852172851563 -1.08211898803711 0.01403307914734 40004
1064645049762097 423 0.0946044921875 7.7359938621521 0.00000286102295 50004
1064682966270797 423 0.8125 2.5339515209198 -0.00455069541931 60004
1064720882784127 423 -0.12799072265625 -3.65944385528564 0.00159549713135 70004
1064758799291457 423 1.000244140625 1.84481811523438 -0.00565147399902 80004
1064796715802627 423 -1.2967529296875 -2.29070973396301 0.00870800018311 90004
1064455467211987 424 0.09278175979853 7.08591365814209 -0.0011230383534 4
1064493383720896 424 2.22188568115234 -0.56273573637009 -0.01497507095337 10004
1064531300230866 424 -1.22100830078125 1.7025910615921 0.00818836688995 20004
1064569216714497 424 2.88705444335938 -0.01825376786292 -0.01841902732849 30004
1064607133250786 424 -2.32296752929688 -0.78220868110657 0.01402616500854 40004
1064645049762097 424 0.0946044921875 7.7359938621521 0.00000286102295 50004
1064682966270797 424 0.9521484375 2.27472758293152 -0.00566840171814 60004
1064720882784127 424 -0.07818603515625 -4.01485157012939 0.00159740447998 70004
1064758799291457 424 1.324462890625 1.63752937316895 -0.00790071487427 80004
1064796715802627 424 -0.96234130859375 -2.4517662525177 0.00646448135376 90004
1064455467211987 425 0.12813831865788 6.68179178237915 -0.00112303812057 4
1064493383720896 425 1.88888549804688 -0.22666424512863 -0.01296555995941 10004
1064531300230866 425 -1.16900634765625 2.05071258544922 0.00818598270416 20004
1064569216714497 425 2.79867553710938 -0.13817818462849 -0.01842308044434 30004
1064607133250786 425 -2.39181518554688 -0.52269768714905 0.01604032516479 40004
1064645049762097 425 0.0946044921875 7.7359938621521 0.00000286102295 50004
1064682966270797 425 1.0224609375 1.98891913890839 -0.00566267967224 60004
1064720882784127 425 0.04290771484375 -4.35271167755127 0.00047731399536 70004
1064758799291457 425 1.53179931640625 1.31279563903809 -0.00903367996216 80004
1064796715802627 425 -0.90277099609375 -2.88395237922668 0.00646924972534 90004
1064455467211987 426 0.03293424472213 6.29490518569946 -0.00112303765491 4
1064493383720896 426 1.68576049804688 0.19139742851257 -0.01095497608185 10004
1064531300230866 426 -1.01002502441406 2.35787582397461 0.00705909729004 20004
1064569216714497 426 2.5518798828125 -0.29002490639687 -0.0163379907608 30004
1064607133250786 426 -2.35775756835938 -0.17217341065407 0.01603651046753 40004
1064645049762097 426 0.0946044921875 7.7359938621521 0.00000286102295 50004
1064682966270797 426 1.178466796875 1.74551284313202 -0.00677943229675 60004
1064720882784127 426 0.10614013671875 -4.70436191558838 -0.00064277648926 70004
1064758799291457 426 1.8272705078125 1.0761456489563 -0.01129388809204 80004
1064796715802627 426 -0.71063232421875 -3.26627087593079 0.00535154342651 90004
1064455467211987 427 -0.01874122582376 5.9022650718689 0.00089810148347 4
1064493383720896 427 1.53579711914063 0.64005273580551 -0.01095592975616 10004
1064531300230866 427 -0.83358764648438 2.66173362731934 0.00593411922455 20004
1064569216714497 427 2.21096801757813 -0.38286343216896 -0.01421999931335 30004
1064607133250786 427 -2.22518920898438 0.18482249975204 0.01490831375122 40004
1064645049762097 427 0.0946044921875 7.7359938621521 0.00000286102295 50004
1064682966270797 427 1.40447998046875 1.56598746776581 -0.00902962684631 60004
1064720882784127 427 0.07244873046875 -5.0531587600708 -0.00063800811768 70004
1064758799291457 427 2.1798095703125 0.94700050354004 -0.01355504989624 80004
1064796715802627 427 -0.56268310546875 -3.66521191596985 0.00423383712769 90004
1064455467211987 428 -0.02690981328487 5.50388240814209 0.00089810159989 4
1064493383720896 428 1.44649505615234 1.09626722335815 -0.00894814729691 10004
1064531300230866 428 -0.70120239257813 2.98432350158691 0.00481140613556 20004
1064569216714497 428 1.83889770507813 -0.44388702511787 -0.01221930980682 30004
1064607133250786 428 -1.99740600585938 0.48934799432755 0.0137779712677 40004
1064645049762097 428 0.0946044921875 7.7359938621521 0.00000286102295 50004
1064682966270797 428 1.650390625 1.41133582592011 -0.01015996932983 60004
1064720882784127 428 -0.02984619140625 -5.39688777923584 -0.00063705444336 70004
1064758799291457 428 2.5447998046875 0.85692715644836 -0.01580381393433 80004
1064796715802627 428 -0.47283935546875 -4.08850717544556 0.0031156539917 90004
1064455467211987 429 -0.16564421355724 5.12271213531494 0.00089810148347 4
1064493383720896 429 1.51024627685547 1.56516408920288 -0.00894755125046 10004
1064531300230866 429 -0.64675903320313 3.33206748962402 0.00480997562408 20004
1064569216714497 429 1.49758911132813 -0.61841243505478 -0.01021349430084 30004
1064607133250786 429 -1.67852783203125 0.70806080102921 0.01152753829956 40004
1064645049762097 429 0.0946044921875 7.7359938621521 0.00000286102295 50004
1064682966270797 429 1.83544921875 1.18206298351288 -0.0112898349762 60004
1064720882784127 429 -0.10504150390625 -5.74776363372803 0.00137710571289 70004
1064758799291457 429 2.86749267578125 0.64963841438293 -0.01805448532104 80004
1064796715802627 429 -0.29217529296875 -4.48512887954712 0.00199794769287 90004
1064455467211987 430 -0.13028770685196 4.71859073638916 0.00089810055215 4
1064493383720896 430 1.4400634765625 1.79115390777588 -0.00894755125046 10004
1064531300230866 430 -0.68997192382813 3.68140602111816 0.00480878353119 20004
1064569216714497 430 1.26223754882813 -0.92078632116318 -0.0081342458725 30004
1064607133250786 430 -1.41769409179688 0.99290519952774 0.00928497314453 40004
1064645049762097 430 0.0633544921875 7.54567861557007 0.000004529953 50004
1064682966270797 430 2.09619140625 1.04527175426483 -0.01241993904114 60004
1064720882784127 430 -0.02496337890625 -6.09769344329834 0.00025415420532 70004
1064758799291457 430 3.04327392578125 0.37196207046509 -0.01919174194336 80004
1064796715802627 430 -0.25994873046875 -4.92033243179321 0.00200223922729 90004
1064455467211987 431 -0.22549487650394 4.33169412612915 0.00089810008649 4
1064493383720896 431 1.28700256347656 2.17565512657166 -0.00894784927368 10004
1064531300230866 431 -0.61929321289063 4.01986408233643 0.00480782985687 20004
1064569216714497 431 1.13931274414063 -1.27655124664307 -0.00813376903534 30004
1064607133250786 431 -1.21420288085938 1.31943702697754 0.00815868377686 40004
1064645049762097 431 -0.0814208984375 7.29774236679077 0.0000057220459 50004
1064682966270797 431 2.3818359375 1.00070416927338 -0.01467084884644 60004
1064720882784127 431 0.10638427734375 -6.4302225112915 0.00025701522827 70004
1064758799291457 431 3.11212158203125 0.10807789862156 -0.01920604705811 80004
1064796715802627 431 -0.13836669921875 -5.3357892036438 0.00200748443604 90004
1064455467211987 432 -0.27717751264572 3.93906569480896 0.0019977693446 4
1064493383720896 432 1.20712280273438 2.63070559501648 -0.00690972805023 10004
1064531300230866 432 -0.54141235351563 4.36168384552002 0.00368356704712 20004
1064569216714497 432 0.97891235351563 -1.6145191192627 -0.00612080097198 30004
1064607133250786 432 -1.11068725585938 1.68279266357422 0.00815534591675 40004
1064645049762097 432 -0.1898193359375 7.06235647201538 0.00205707550049 50004
1064682966270797 432 2.59375 0.95959317684174 -0.01579308509827 60004
1064720882784128 432 0.01025390625 -7.9232177734375 0.00000143051147 70004
1064758799291457 432 3.11846923828125 -0.05453957617283 -0.0192174911499 80004
1064796715802627 432 -0.078857421875 -5.75782823562622 0.00087785720825 90004
1064455467211987 433 -0.26058822870255 3.53505206108093 0.00199776864611 4
1064493383720896 433 1.17760467529297 3.0946261882782 -0.00690972805023 10004
1064531300230866 433 -0.45852661132813 4.69733142852783 0.00368213653564 20004
1064569216714497 433 0.78106689453125 -1.93468999862671 -0.00412201881409 30004
1064607133250786 433 -1.04745483398438 2.05761241912842 0.00702857971191 40004
1064645049762097 433 -0.189697265625 6.81674718856812 0.00206208229065 50004
1064682966270797 433 2.69232177734375 0.90829646587372 -0.01692342758179 60004
1064720882784128 433 -0.001220703125 -7.72244071960449 0.00000238418579 70004
1064758799291457 433 3.09283447265625 -0.11511969566345 -0.01922464370728 80004
1064796715802627 433 -0.0830078125 -6.19125413894653 0.00087356567383 90004
1064455467211987 434 -0.30029824376106 3.131352186203 0.00199776841328 4
1064493383720896 434 0.99684143066406 3.53198504447937 -0.0069095492363 10004
1064531300230866 434 -0.26802062988281 4.99349689483643 0.0025554895401 20004
1064569216714497 434 0.69610595703125 -2.30825185775757 -0.00412392616272 30004
1064607133250786 434 -0.86337280273438 2.39803981781006 0.00590252876282 40004
1064645049762097 434 -0.086669921875 6.44519567489624 0.00094771385193 50004
1064682966270797 434 2.69329833984375 0.90829646587372 -0.01692962646484 60004
1064720882784128 434 -0.108642578125 -7.38002586364746 0.00000476837158 70004
1064758799291457 434 3.05181884765625 -0.15959548950195 -0.01923227310181 80004
1064796715802628 434 0 -8 0 90004
1064455467211987 435 -0.50685596466064 2.78230881690979 0.0040407795459 4
1064493383720896 435 1.01795959472656 4.00475549697876 -0.0069100856781 10004
1064531300230866 435 -0.22042846679688 5.34230518341064 0.00142776966095 20004
1064569216714497 435 0.62628173828125 -2.68499135971069 -0.00412583351135 30004
1064607133250786 435 -0.55960083007813 2.63820171356201 0.00365090370178 40004
1064645049762097 435 0.03549194335938 6.07949590682983 -0.00016784667969 50004
1064682966270797 435 2.69427490234375 0.90829646587372 -0.01693534851074 60004
1064720882784128 435 -0.088134765625 -7.22646141052246 0.00000810623169 70004
1064758799291457 435 2.81842041015625 -0.2558012008667 -0.01923990249634 80004
1064796715802628 435 0.173828125 -7.62662506103516 -0.00000762939453 90004
1064455467211987 436 -0.79680240154266 2.50600457191467 0.00404077908024 4
1064493383720896 436 0.88775634765625 4.45095205307007 -0.00484758615494 10004
1064531300230866 436 -0.25222778320313 5.6898889541626 0.00142514705658 20004
1064569216714497 436 0.5009765625 -3.04552888870239 -0.00412738323212 30004
1064607133250786 436 -0.39620971679688 2.87283039093018 0.00364232063293 40004
1064645049762097 436 0.03402709960938 5.70054388046265 -0.00016593933105 50004
1064682966270797 436 2.69525146484375 0.90829646587372 -0.0169415473938 60004
1064720882784128 436 -0.070556640625 -6.91915130615234 0.00000810623169 70004
1064758799291457 436 2.47125244140625 -0.26665937900543 -0.01512861251831 80004
1064796715802628 436 0.21728515625 -7.22430229187012 -0.00113868713379 90004
1064455467211987 437 -1.13350462913513 2.28255367279053 0.00809980463237 4
1064493383720896 437 0.66229248046875 4.86384439468384 -0.00484836101532 10004
1064531300230867 437 0.0794677734375 7.70299482345581 -0.00000047683716 20004
1064569216714497 437 0.438720703125 -3.41447496414185 -0.00210881233215 30004
1064607133250786 437 -0.33270263671875 3.18262386322021 0.00251579284668 40004
1064645049762097 437 0.02572631835938 5.31641149520874 -0.00016355514526 50004
1064682966270797 437 2.68939208984375 0.89972913265228 -0.01694750785828 60004
1064720882784128 437 0.027587890625 -6.55680084228516 0.00000810623169 70004
1064758799291457 437 2.09326171875 -0.30843698978424 -0.01298904418945 80004
1064796715802628 437 0.30419921875 -6.83162879943848 -0.00114631652832 90004
1064455467211987 438 -1.46028554439545 2.05469489097595 0.01015421655029 4
1064493383720896 438 0.43943786621094 5.27171897888184 -0.00277972221375 10004
1064531300230867 438 0.22509765625 7.99731206893921 -0.00112426280975 20004
1064569216714497 438 0.4173583984375 -3.79032564163208 -0.00210738182068 30004
1064607133250786 438 -0.36309814453125 3.56153392791748 0.00251460075378 40004
1064645049762097 438 0.05502319335938 4.93175840377808 -0.00016164779663 50004
1064682966270797 438 2.65521240234375 0.85279810428619 -0.01695346832275 60004
1064720882784128 438 0.163330078125 -6.23120307922363 0.00001192092896 70004
1064758799291457 438 1.741455078125 -0.44640874862671 -0.01089906692505 80004
1064796715802628 438 0.4345703125 -6.50010108947754 -0.00227499008179 90004
1064455467211987 439 -1.70034158229828 1.72776329517365 0.01015420909971 4
1064493383720896 439 0.35862731933594 5.73798942565918 -0.00278037786484 10004
1064531300230867 439 0.330810546875 8.15142631530762 -0.00112521648407 20004
1064569216714497 439 0.2733154296875 -4.1454610824585 -0.00210607051849 30004
1064607133250786 439 -0.51641845703125 3.91676616668701 0.00251030921936 40004
1064645049762097 439 0.09310913085938 4.54783201217651 -0.000159740448 50004
1064682966270797 439 2.55657958984375 0.71647799015045 -0.01695919036865 60004
1064720882784128 439 0.167236328125 -6.0272388458252 0.0000147819519 70004
1064758799291457 439 1.44775390625 -0.69485712051392 -0.00885534286499 80004
1064796715802628 439 0.4345703125 -6.29411506652832 -0.00227499008179 90004
1064455467211987 440 -1.77973222732544 1.32997739315033 0.01218122150749 4
1064493383720896 440 0.35569763183594 6.21121788024902 -0.00278031826019 10004
1064531300230867 440 0.330810546875 8.15142631530762 -0.00112521648407 20004
1064569216714497 440 0.0594482421875 -4.46335506439209 -0.00004327297211 30004
1064607133250786 440 -0.50518798828125 4.30356884002686 0.00250649452209 40004
1064645049762097 440 -0.00161743164063 4.1738543510437 -0.00015783309937 50004
1064682966270797 440 2.4293212890625 0.45116102695465 -0.01496076583862 60004
1064720882784128 440 0.247314453125 -5.62713813781738 -0.00110530853271 70004
1064758799291457 440 1.28753662109375 -1.0440526008606 -0.00886297225952 80004
1064796715802628 440 0.49658203125 -5.88698768615723 -0.00228023529053 90004
1064455467211987 441 -1.97962605953217 0.98532658815384 0.01218121405691 4
1064493383720897 441 0.08441162109375 7.71348714828491 -0.00000059604645 10004
1064531300230867 441 0.330810546875 8.15142631530762 -0.00112521648407 20004
1064569216714497 441 -0.0386962890625 -4.82676219940186 -0.00004386901855 30004
1064607133250786 441 -0.6171875 4.66669368743896 0.00454616546631 40004
1064645049762097 441 0.02890014648438 3.79612302780151 -0.00015735626221 50004
1064682966270797 441 2.2266845703125 0.24489235877991 -0.01496028900146 60004
1064720882784128 441 0.19482421875 -5.22978973388672 -0.00110292434692 70004
1064758799291457 441 1.21282958984375 -1.41764259338379 -0.00887060165405 80004
1064796715802628 441 0.425048828125 -5.48850631713867 -0.00227928161621 90004
1064455467211987 442 -2.27749752998352 0.72444730997086 0.01427171099931 4
1064493383720897 442 0.16339111328125 7.85320425033569 -0.0000011920929 10004
1064531300230867 442 0.330810546875 8.15142631530762 -0.00112521648407 20004
1064569216714497 442 -0.0155029296875 -5.20021343231201 -0.00004458427429 30004
1064607133250786 442 -0.68948364257813 4.98814678192139 0.00454115867615 40004
1064645049762097 442 0.17782592773438 3.45014524459839 -0.00015640258789 50004
1064682966270797 442 1.9937744140625 0.0654125213623 -0.01294279098511 60004
1064720882784128 442 0.0859375 -4.83674621582031 -0.00110149383545 70004
1064758799291457 442 1.08831787109375 -1.77170944213867 -0.00686883926392 80004
1064796715802628 442 0.334228515625 -5.08742904663086 -0.00228214263916 90004
1064455467211987 443 -2.60427808761597 0.49658963084221 0.01632627286017 4
1064493383720897 443 0.19766998291016 7.88182210922241 -0.00112575292587 10004
1064531300230867 443 0.330810546875 8.15142631530762 -0.00112521648407 20004
1064569216714497 443 0.049072265625 -5.57110118865967 -0.0000456571579 30004
1064607133250786 443 -0.63967895507813 5.29037380218506 0.0045337677002 40004
1064645049762097 443 0.38729858398438 3.12779760360718 -0.00240039825439 50004
1064682966270797 443 1.7791748046875 -0.12813295423985 -0.01094055175781 60004
1064720882784128 443 0.0087890625 -4.44342803955078 0.00092601776123 70004
1064758799291457 443 0.92034912109375 -2.11138153076172 -0.00686979293823 80004
1064796715802628 443 0.312255859375 -4.68336296081543 -0.00228595733643 90004
1064455467211987 444 -2.84431958198547 0.16965846717358 0.01839138753712 4
1064493383720897 444 0.19779205322266 7.88182210922241 -0.00112670660019 10004
1064531300230867 444 0.330810546875 8.15142631530762 -0.00112521648407 20004
1064569216714497 444 -0.010498046875 -5.94967937469482 -0.00004613399506 30004
1064607133250786 444 -0.4656982421875 5.63626003265381 0.00340151786804 40004
1064645049762097 444 0.54843139648438 2.77732610702515 -0.0035195350647 50004
1064682966270797 444 1.6356201171875 -0.3851934671402 -0.01094388961792 60004
1064720882784128 444 0.0634765625 -4.03912353515625 -0.00019407272339 70004
1064758799291457 444 0.85784912109375 -2.4908332824707 -0.00485992431641 80004
1064796715802628 444 0.423583984375 -4.28676414489746 -0.00228595733643 90004
1064455467211987 445 -2.9237232208252 -0.2281277179718 0.01839140057564 4
1064493383720897 445 0.19791412353516 7.88182210922241 -0.00112766027451 10004
1064531300230867 445 0.330810546875 8.15142631530762 -0.00112521648407 20004
1064569216714497 445 0.095458984375 -6.31800365447998 -0.00004732608795 30004
1064607133250786 445 -0.4544677734375 6.02306270599365 0.00339770317078 40004
1064645049762097 445 0.84326171875 2.52784490585327 -0.00464344024658 50004
1064682966270797 445 1.50689697265625 -0.64968246221542 -0.00891757011414 60004
1064720882784128 445 -0.0576171875 -3.64947104454041 -0.00019264221191 70004
1064758799291457 445 0.64105224609375 -2.80845260620117 -0.00485992431641 80004
1064796715802628 445 0.357177734375 -3.88020777702332 -0.00228977203369 90004
1064455467211987 446 -2.99820184707642 -0.4694975912571 0.01839140988886 4
1064493383720897 446 0.19803619384766 7.88182210922241 -0.00112861394882 10004
1064531300230867 446 0.330810546875 8.15142631530762 -0.00112521648407 20004
1064569216714498 446 0.1285400390625 -7.72398567199707 -0.0000011920929 30004
1064607133250787 446 0.0428466796875 7.67319822311401 -0.00000095367432 40004
1064645049762097 446 1.03689575195313 2.20262098312378 -0.00576400756836 50004
1064682966270797 446 1.43902587890625 -0.93356221914291 -0.00892114639282 60004
1064720882784128 446 -0.27813720703125 -3.31192374229431 0.00181818008423 70004
1064758799291457 446 0.53997802734375 -3.17244625091553 -0.00283908843994 80004
1064796715802628 446 0.424072265625 -3.48111605644226 -0.0023021697998 90004
1064455467211987 447 -3.06538319587708 -0.59378492832184 0.02039879933 4
1064493383720897 447 0.19815826416016 7.88182210922241 -0.00112956762314 10004
1064531300230867 447 0.3046875 8.10529899597168 -0.00112569332123 20004
1064569216714498 447 0.2142333984375 -7.33694648742676 -0.00112318992615 30004
1064607133250787 447 0.0985107421875 7.79708433151245 -0.00000381469727 40004
1064645049762097 447 1.26376342773438 1.90264546871185 -0.00800180435181 50004
1064682966270797 447 1.36529541015625 -1.21709132194519 -0.00892496109009 60004
1064720882784128 447 -0.45245361328125 -2.95330023765564 0.00182580947876 70004
1064758799291457 447 0.40032958984375 -3.52098178863525 -0.0028395652771 80004
1064796715802628 447 0.562255859375 -3.09450793266296 -0.00342607498169 90004
1064455467211987 448 -3.11153244972229 -0.63827013969421 0.02039876952767 4
1064493383720897 448 0.20339202880859 7.85567426681519 -0.00113064050674 10004
1064531300230867 448 0.26104736328125 8.02725410461426 -0.0011260509491 20004
1064569216714498 448 0.2288818359375 -6.93195152282715 -0.00112128257751 30004
1064607133250787 448 0.13916015625 7.84218549728394 -0.00000667572021 40004
1064645049762097 448 1.52389526367188 1.62791812419891 -0.00911474227905 50004
1064682966270797 448 1.244873046875 -1.48245644569397 -0.00892782211304 60004
1064720882784128 448 -0.58697509765625 -2.57545447349548 0.00386428833008 70004
1064758799291457 448 0.22210693359375 -3.85405921936035 -0.00076389312744 80004
1064796715802628 448 0.740966796875 -2.72524046897888 -0.00454378128052 90004
1064455467211987 449 -3.11152863502502 -0.63827013969421 0.02039873413742 4
1064493383720897 449 0.22402191162109 7.75108289718628 -0.00113260746002 10004
1064531300230867 449 0.24322509765625 7.9918384552002 -0.00112652778625 20004
1064569216714498 449 0.2874755859375 -6.53014945983887 -0.00111889839172 30004
1064607133250787 449 0.13916015625 7.84218549728394 -0.00000667572021 40004
1064645049762097 449 1.68463134765625 1.27744662761688 -0.01022982597351 50004
1064682966270797 449 1.063232421875 -1.71377396583557 -0.00685381889343 60004
1064720882784128 449 -0.84088134765625 -2.25527548789978 0.00595092773438 70004
1064758799291457 449 0.15960693359375 -4.23350858688354 -0.00076484680176 80004
1064796715802628 449 0.960693359375 -2.37801146507263 -0.00566101074219 90004
1064455467211987 450 -3.11152482032776 -0.63827013969421 0.02039869874716 4
1064493383720897 450 0.14854431152344 7.44683790206909 -0.00113362073898 10004
1064531300230867 450 0.23931884765625 7.85882759094238 -0.00112688541412 20004
1064569216714498 450 0.1707763671875 -6.14119529724121 -0.00111782550812 30004
1064607133250787 450 0.13916015625 7.84218549728394 -0.00000667572021 40004
1064645049762097 450 1.97906494140625 1.02796733379364 -0.0124728679657 50004
1064682966270797 450 0.995849609375 -2.00034737586975 -0.00685119628906 60004
1064720882784128 450 -1.20611572265625 -2.07198309898376 0.00797748565674 70004
1064758799291457 450 0.16644287109375 -4.61795377731323 -0.00076580047607 80004
1064796715802628 450 1.235107421875 -2.07259917259216 -0.00789213180542 90004
1064455467211987 451 -3.11152100563049 -0.63827013969421 0.02039866521955 4
1064493383720897 451 0.17067718505859 7.06303358078003 -0.00113523006439 10004
1064531300230867 451 0.1297607421875 7.60949325561523 -0.00112724304199 20004
1064569216714498 451 -0.01953125 -5.78562927246094 0.00089538097382 30004
1064607133250787 451 0.13916015625 7.84218549728394 -0.00000667572021 40004
1064645049762097 451 2.33172607421875 0.88929241895676 -0.01471590995789 50004
1064682966270797 451 0.8427734375 -2.24547791481018 -0.00477743148804 60004
1064720882784128 451 -1.487548828125 -1.78602576255798 0.01001310348511 70004
1064758799291457 451 0.21136474609375 -4.9991602897644 -0.00076818466187 80004
1064796715802628 451 1.39306640625 -1.70101284980774 -0.00787162780762 90004
1064455467211987 452 -3.11151719093323 -0.63827013969421 0.02039862982929 4
1064493383720897 452 0.23421478271484 6.65403318405151 -0.00113701820374 10004
1064531300230867 452 0.052490234375 7.29647445678711 -0.00112736225128 20004
1064569216714498 452 -0.13906860351563 -5.51264953613281 0.00089240074158 30004
1064607133250787 452 0.13916015625 7.84218549728394 -0.00000667572021 40004
1064645049762097 452 2.60098266601563 0.76727598905563 -0.01583361625671 50004
1064682966270797 452 0.71826171875 -2.50442337989807 -0.00477480888367 60004
1064720882784128 452 -1.79656982421875 -1.53429102897644 0.01207256317139 70004
1064758799291457 452 0.18597412109375 -5.37371397018433 -0.0007700920105 80004
1064796715802628 452 1.591552734375 -1.35148453712463 -0.01010894775391 90004
1064455467211987 453 -3.11363101005554 -0.62482279539108 0.02039859443903 4
1064493383720897 453 0.26152038574219 6.24833345413208 -0.00113862752914 10004
1064531300230867 453 0.0146484375 6.953369140625 -0.00112736225128 20004
1064569216714498 453 -0.12576293945313 -5.26497077941895 0.00088775157928 30004
1064607133250787 453 0.142822265625 7.82824277877808 -0.00000691413879 40004
1064645049762097 453 2.74234008789063 0.6250404715538 -0.01695227622986 50004
1064682966270797 453 0.657470703125 -2.79223275184631 -0.0047721862793 60004
1064720882784128 453 -2.13336181640625 -1.31677842140198 0.01412773132324 70004
1064758799291457 453 0.11907958984375 -5.74548101425171 -0.0007700920105 80004
1064796715802628 453 1.89227294921875 -1.08243823051453 -0.01122426986694 90004
1064455467211987 454 -3.12209963798523 -0.57103365659714 0.02039857022464 4
1064493383720897 454 0.15444183349609 5.84853029251099 -0.00113958120346 10004
1064531300230867 454 -0.10763549804688 6.59491443634033 0.00089740753174 20004
1064569216714498 454 -0.00003051757813 -4.87882423400879 0.00088441371918 30004
1064607133250787 454 0.157470703125 7.77247190475464 -0.00000810623169 40004
1064645049762097 454 2.80679321289063 0.48297733068466 -0.01807117462158 50004
1064682966270797 454 0.616455078125 -3.08374428749084 -0.00476884841919 60004
1064720882784128 454 -2.38629150390625 -0.99659949541092 0.0162091255188 70004
1064758799291457 454 0.17669677734375 -6.12560796737671 -0.00077295303345 80004
1064796715802628 454 2.27020263671875 -0.9224898815155 -0.01457834243774 90004
1064455467211987 455 -3.12209582328796 -0.57103365659714 0.02039854042232 4
1064493383720897 455 0.11794281005859 5.43621492385864 -0.00114053487778 10004
1064531300230867 455 -0.06735229492188 6.21842670440674 0.00089740753174 20004
1064569216714498 455 -0.04934692382813 -4.47577095031738 0.00088369846344 30004
1064607133250787 455 0.113525390625 7.52787351608276 -0.00000929832458 40004
1064645049762097 455 2.80484008789063 0.22332280874252 -0.01806902885437 50004
1064682966270797 455 0.456298828125 -3.33070015907288 -0.00270414352417 60004
1064720882784128 455 -2.48004150390625 -0.59953051805496 0.0162091255188 70004
1064758799291457 455 0.10345458984375 -6.50308752059937 -0.00077390670776 80004
1064796715802628 455 2.55731201171875 -0.62884879112244 -0.01569318771362 90004
1064455467211987 456 -3.02217864990234 -0.45630398392677 0.02039849199355 4
1064493383720897 456 0.06441497802734 5.02587938308716 -0.00114119052887 10004
1064531300230867 456 -0.13345336914063 5.85064792633057 0.00089681148529 20004
1064569216714498 456 0.03244018554688 -4.08539772033691 0.00088202953339 30004
1064607133250787 456 0.17578125 7.19011449813843 -0.0000102519989 40004
1064645049762097 456 2.69522094726563 -0.07214815169573 -0.01806688308716 50004
1064682966270797 456 0.385498046875 -3.61107277870178 -0.00270104408264 60004
1064720882784128 456 -2.44195556640625 -0.20475074648857 0.0162091255188 70004
1064758799291458 456 0.03515625 -7.85082054138184 -0.00000190734863 80004
1064796715802628 456 2.73089599609375 -0.26425290107727 -0.01680755615234 90004
1064455467211987 457 -2.815425157547 -0.30988785624504 0.01815239526331 4
1064493383720897 457 0.01345062255859 4.61519622802734 -0.00114178657532 10004
1064531300230867 457 -0.15333557128906 5.4814395904541 0.00089573860168 20004
1064569216714498 457 0.07052612304688 -3.69079780578613 -0.00024199485779 30004
1064607133250787 457 0.20458984375 6.89341878890991 -0.00113415718079 40004
1064645049762097 457 2.47378540039063 -0.34909445047379 -0.01606154441833 50004
1064682966270797 457 0.284912109375 -3.88030648231506 -0.00269794464111 60004
1064720882784128 457 -2.32135009765625 0.09906467795372 0.01508617401123 70004
1064758799291458 457 0.01904296875 -7.56135368347168 -0.00000381469727 80004
1064796715802628 457 2.78851318359375 0.03239636868238 -0.01792335510254 90004
1064455467211987 458 -2.50380849838257 -0.20230346918106 0.01702930405736 4
1064493383720897 458 -0.07176971435547 4.21762609481812 0.00087291002274 10004
1064531300230867 458 -0.13240051269531 5.11007499694824 0.00089478492737 20004
1064569216714498 458 0.06491088867188 -3.29197120666504 -0.0002429485321 30004
1064607133250787 458 0.198974609375 6.63278150558472 -0.00113415718079 40004
1064645049762097 458 2.1578369140625 -0.55844670534134 -0.01403260231018 50004
1064682966270797 458 0.154541015625 -4.13840103149414 -0.00063562393188 60004
1064720882784128 458 -2.11212158203125 0.30764523148537 0.01396322250366 70004
1064758799291458 458 -0.01806640625 -7.18185424804688 -0.00000429153442 80004
1064796715802628 458 2.77288818359375 0.18618462979794 -0.01791906356812 90004
1064455467211987 459 -2.09826278686523 -0.19155418872833 0.0136601543054 4
1064493383720897 459 -0.284423828125 3.86258029937744 0.00087183713913 10004
1064531300230867 459 -0.23382568359375 4.74523735046387 0.00089347362518 20004
1064569216714498 459 0.19039916992188 -2.90582466125488 -0.00024437904358 30004
1064607133250787 459 0.296630859375 6.26396894454956 -0.00113558769226 40004
1064645049762097 459 1.7847900390625 -0.65640717744827 -0.01190257072449 50004
1064682966270797 459 0.113525390625 -4.42991256713867 -0.00063705444336 60004
1064720882784128 459 -1.75384521484375 0.50112479925156 0.01172351837158 70004
1064758799291458 459 0.07080078125 -6.80393981933594 -0.00000429153442 80004
1064796715802628 459 2.77191162109375 0.18618462979794 -0.01791429519653 90004
1064455467211987 460 -1.73525047302246 -0.01041836291552 0.01141403988004 4
1064493383720897 460 -0.32713317871094 3.45085859298706 0.00287795066833 10004
1064531300230867 460 -0.17166137695313 4.37166404724121 0.00089013576508 20004
1064569216714498 460 0.46725463867188 -2.60894584655762 -0.00248849391937 30004
1064607133250787 460 0.229248046875 5.88837385177612 -0.00113654136658 40004
1064645049762097 460 1.4791259765625 -0.89191228151321 -0.00981307029724 50004
1064682966270797 460 0.125244140625 -4.72401809692383 -0.00063824653625 60004
1064720882784128 460 -1.5340576171875 0.79779571294785 0.01060581207275 70004
1064758799291458 460 -0.00830078125 -6.42391204833984 -0.00000524520874 80004
1064796715802628 460 2.65765380859375 0.26856225728989 -0.01791000366211 90004
1064455467211987 461 -1.34032595157623 0.04292852804065 0.0091679347679 4
1064493383720897 461 -0.49739837646484 3.08162546157837 0.00287801027298 10004
1064531300230867 461 -0.23226928710938 4.00465774536133 0.0008887052536 20004
1064569216714498 461 0.71444702148438 -2.2877254486084 -0.0036096572876 30004
1064607133250787 461 0.28564453125 5.5178656578064 -0.00113701820374 40004
1064645049762097 461 1.26953125 -1.20772421360016 -0.00780367851257 50004
1064682966270797 461 0.125244140625 -5.01828956604004 -0.00063943862915 60004
1064720882784128 461 -1.3653564453125 1.1560001373291 0.00948286056519 70004
1064758799291458 461 -0.01416015625 -6.03808784484863 -0.0000057220459 80004
1064796715802628 461 2.38958740234375 0.39132446050644 -0.01585960388184 90004
1064455467211987 462 -0.9389523267746 0.00699336593971 0.00692183850333 4
1064493383720897 462 -0.64606475830078 2.70152473449707 0.0048987865448 10004
1064531300230867 462 -0.25180053710938 3.63548421859741 0.00190806388855 20004
1064569216714498 462 0.97854614257813 -1.98078942298889 -0.00585854053497 30004
1064607133250787 462 0.30078125 5.1456618309021 -0.00113797187805 40004
1064645049762097 462 1.15380859375 -1.57005560398102 -0.0077977180481 50004
1064682966270797 462 0.161376953125 -5.30758857727051 -0.00064158439636 60004
1064720882784128 462 -1.24530029296875 1.54424476623535 0.00835990905762 70004
1064758799291458 462 -0.00146484375 -5.65013694763184 -0.00000619888306 80004
1064796715802628 462 2.02337646484375 0.45284932851791 -0.01380300521851 90004
1064455467211987 463 -0.55979359149933 -0.11565385758877 0.00467574130744 4
1064493383720897 463 -0.75971221923828 2.30712604522705 0.00489813089371 10004
1064531300230867 463 -0.23020935058594 3.2641167640686 0.00190401077271 20004
1064569216714498 463 1.23123168945313 -1.6723096370697 -0.00698292255402 30004
1064607133250787 463 0.2698974609375 4.77061223983765 -0.00113892555237 40004
1064645049762097 463 1.0865478515625 -1.94924509525299 -0.00779247283936 50004
1064682966270797 463 0.20654296875 -5.59340476989746 -0.00064444541931 60004
1064720882784128 463 -1.12713623046875 1.93048429489136 0.00835990905762 70004
1064758799291458 463 0.046142578125 -5.27179336547852 -0.00000715255737 80004
1064796715802628 463 1.620361328125 0.39875060319901 -0.00964403152466 90004
1064455467211987 464 -0.23473300039768 -0.35839265584946 0.00242964574136 4
1064493383720897 464 -0.96009063720703 1.94505977630615 0.00696438550949 10004
1064531300230867 464 -0.33152770996094 2.89924502372742 0.00190186500549 20004
1064569216714498 464 1.37332153320313 -1.29199957847595 -0.00810611248016 30004
1064607133250787 464 0.3485107421875 4.39719915390015 -0.00114035606384 40004
1064645049762097 464 0.9786376953125 -2.31975555419922 -0.00575041770935 50004
1064682966270797 464 0.15869140625 -5.88385581970215 -0.00064587593079 60004
1064720882784128 464 -0.9219970703125 2.28211975097656 0.00612878799438 70004
1064758799291458 464 0.216064453125 -4.92285537719727 -0.00113201141357 80004
1064796715802628 464 1.24749755859375 0.22187791764736 -0.00754165649414 90004
1064455467211987 465 0.1213231831789 -0.5528347492218 0.00018355192151 4
1064493383720897 465 -1.16484069824219 1.79618287086487 0.00696367025375 10004
1064531300230867 465 -0.56759643554688 2.60324358940125 0.00393271446228 20004
1064569216714498 465 1.6627197265625 -1.00746321678162 -0.01035130023956 30004
1064607133250787 465 0.3587646484375 4.01577520370483 -0.00226402282715 40004
1064645049762097 465 1.0367431640625 -2.70099258422852 -0.00574684143066 50004
1064682966270797 465 0.10205078125 -6.17270469665527 -0.00064730644226 60004
1064720882784128 465 -0.8819580078125 2.68794631958008 0.00614404678345 70004
1064758799291458 465 0.222900390625 -4.53470993041992 -0.00113344192505 80004
1064796715802628 465 0.84906005859375 0.11374197900295 -0.0054874420166 90004
1064455467211987 466 0.39072409272194 -0.84646463394165 -0.00206253980286 4
1064493383720897 466 -1.36634826660156 1.48740351200104 0.00901538133621 10004
1064531300230867 466 -0.7952880859375 2.30086207389832 0.00597405433655 20004
1064569216714498 466 2.022216796875 -0.83474397659302 -0.01259744167328 30004
1064607133250787 466 0.2474365234375 3.65785264968872 -0.00226449966431 40004
1064645049762097 466 0.97213745117188 -3.06752967834473 -0.00574660301208 50004
1064682966270797 466 0.140625 -6.45920753479004 -0.00064945220947 60004
1064720882784128 466 -0.7694091796875 3.07718467712402 0.00503635406494 70004
1064758799291458 466 0.21142578125 -4.14681625366211 -0.00113487243652 80004
1064796715802628 466 0.43975830078125 0.08790121972561 -0.00338459014893 90004
1064455467211987 467 0.54643678665161 -1.1862713098526 -0.00318558048457 4
1064493383720897 467 -1.63394165039063 1.18466675281525 0.01106142997742 10004
1064531300230867 467 -1.07424926757813 2.05810046195984 0.00732433795929 20004
1064569216714498 467 2.37109375 -0.63841247558594 -0.01484477519989 30004
1064607133250787 467 0.1766357421875 3.29209756851196 -0.00022339820862 40004
1064645049762097 467 0.93380737304688 -3.34491157531738 -0.00574398040771 50004
1064682966270798 467 0.0078125 -7.97292327880859 -0.00000095367432 60004
1064720882784128 467 -0.6629638671875 3.46929931640625 0.005051612854 70004
1064758799291458 467 0.27685546875 -3.77348518371582 -0.00113534927368 80004
1064796715802628 467 0.03741455078125 0.15131850540638 -0.00122833251953 90004
1064455467211987 468 0.57570672035217 -1.54951322078705 -0.0031855723355 4
1064493383720897 468 -1.98653411865234 0.98233664035797 0.01308256387711 10004
1064531300230867 468 -1.3800048828125 1.84624791145325 0.00866293907166 20004
1064569216714498 468 2.62872314453125 -0.39976179599762 -0.01597058773041 30004
1064607133250787 468 0.2269287109375 2.92071294784546 -0.00134778022766 40004
1064645049762097 468 0.93588256835938 -3.55640316009521 -0.00574207305908 50004
1064682966270798 468 0.011962890625 -7.88505363464355 -0.00000166893005 60004
1064720882784128 468 -0.5992431640625 3.87145614624023 0.0039439201355 70004
1064758799291458 468 0.3837890625 -3.40739345550537 -0.00226068496704 80004
1064796715802628 468 -0.332763671875 0.31509512662888 0.00296258926392 90004
1064455467211987 469 0.480055809021 -1.9437130689621 -0.00318556698039 4
1064493383720897 469 -2.39266967773438 0.90319550037384 0.01504403352737 10004
1064531300230867 469 -1.60502624511719 1.54173803329468 0.01073551177979 20004
1064569216714498 469 2.71661376953125 -0.21680843830109 -0.01709580421448 30004
1064607133250787 469 0.3973388671875 2.57943487167358 -0.0024721622467 40004
1064645049762097 469 0.85775756835938 -3.82298946380615 -0.00574040412903 50004
1064682966270798 469 -0.018310546875 -7.69603538513184 -0.00000262260437 60004
1064720882784128 469 -0.5728759765625 4.27852249145508 0.00395917892456 70004
1064758799291458 469 0.3662109375 -3.0195837020874 -0.0022611618042 80004
1064796715802628 469 -0.636474609375 0.59447050094604 0.00296545028687 90004
1064455467211987 470 0.31672927737236 -2.31496691703796 -0.00116281409282 4
1064493383720897 470 -2.72390747070313 0.66233986616135 0.01715183258057 10004
1064531300230867 470 -1.93765258789063 1.36079549789429 0.0134209394455 20004
1064569216714498 470 2.71807861328125 -0.08670580387115 -0.01709687709808 30004
1064607133250787 470 0.6961669921875 2.34224843978882 -0.00359892845154 40004
1064645049762097 470 0.76104736328125 -4.19652652740479 -0.00574159622192 50004
1064682966270798 470 0.093017578125 -7.3078670501709 -0.000004529953 60004
1064720882784128 470 -0.3775634765625 4.63563919067383 0.00285148620605 70004
1064758799291458 470 0.4130859375 -2.63419246673584 -0.00226306915283 80004
1064796715802628 470 -0.715576171875 0.7850489616394 0.00504350662231 90004
1064455467211987 471 0.07846595346928 -2.63922119140625 -0.00116281234659 4
1064493383720897 471 -2.95713806152344 0.33056116104126 0.01918017864227 10004
1064531300230867 471 -2.18959045410156 1.08715927600861 0.01341986656189 20004
1064569216714498 471 2.61553955078125 0.17353251576424 -0.0170978307724 30004
1064607133250787 471 1.02261352539063 2.14582014083862 -0.00585246086121 40004
1064645049762097 471 0.79031372070313 -4.5743932723999 -0.00466346740723 50004
1064682966270798 471 0.065185546875 -6.85820388793945 -0.00000667572021 60004
1064720882784128 471 -0.3089599609375 5.03021812438965 0.00286674499512 70004
1064758799291458 471 0.57861328125 -2.2906551361084 -0.00338792800903 80004
1064796715802628 471 -0.7227783203125 1.124626994133 0.00505208969116 90004
1064455467211987 472 -0.10722175985575 -2.98898124694824 0.00086110481061 4
1064493383720897 472 -3.14118957519531 0.01150376722217 0.01917988061905 10004
1064531300230867 472 -2.33432006835938 0.77664452791214 0.01549661159515 20004
1064569216714498 472 2.39288330078125 0.45772507786751 -0.01508903503418 30004
1064607133250787 472 1.28799438476563 1.92035818099976 -0.00810170173645 40004
1064645049762097 472 0.77786254882813 -4.95081615447998 -0.00466656684875 50004
1064682966270798 472 0.093505859375 -6.39430999755859 -0.00000739097595 60004
1064720882784128 472 -0.2713623046875 5.43619346618652 0.00175857543945 70004
1064758799291458 472 0.84375 -2.01985359191895 -0.00451278686523 80004
1064796715802628 472 -0.6192626953125 1.50162971019745 0.00505685806274 90004
1064455467211987 473 -0.17155085504055 -3.38220405578613 0.00086110411212 4
1064493383720897 473 -3.29097747802734 -0.21167105436325 0.02123934030533 10004
1064531300230867 473 -2.36392211914063 0.46106201410294 0.01549685001373 20004
1064569216714498 473 2.06732177734375 0.69341361522675 -0.01298010349274 30004
1064607133250787 473 1.51898193359375 1.67358589172363 -0.00922775268555 40004
1064645049762097 473 0.65911865234375 -5.31546115875244 -0.00466775894165 50004
1064682966270798 473 0.173095703125 -5.93354988098145 -0.00113320350647 60004
1064720882784128 473 -0.2662353515625 5.83693313598633 0.00177192687988 70004
1064758799291458 473 1.151611328125 -1.78778791427612 -0.00675868988037 80004
1064796715802628 473 -0.47265625 1.87807929515839 0.0039381980896 90004
1064455467211987 474 -0.10436011105776 -3.78227353096008 0.00086110364646 4
1064493383720897 474 -3.38741302490234 -0.27607029676437 0.02123862504959 10004
1064531300230867 474 -2.28897094726563 0.14829117059708 0.01549685001373 20004
1064569216714498 474 1.68936157226563 0.84186446666718 -0.01085066795349 30004
1064607133250787 474 1.85394287109375 1.49074172973633 -0.01147842407227 40004
1064645049762097 474 0.47308349609375 -5.65343570709229 -0.0026273727417 50004
1064682966270798 474 0.098876953125 -5.46338844299316 -0.00113368034363 60004
1064720882784129 474 0 7.53247022628784 0 70004
1064758799291458 474 1.40753173828125 -1.49557638168335 -0.00901222229004 80004
1064796715802628 474 -0.4549560546875 2.28959369659424 0.00394248962402 90004
1064455467211987 475 -0.21252888441086 -4.17321109771729 0.0008611031808 4
1064493383720897 475 -3.38741302490234 -0.27607029676437 0.02123767137527 10004
1064531300230867 475 -2.05316162109375 -0.14790531992912 0.01324844360352 20004
1064569216714498 475 1.28424072265625 0.81667697429657 -0.00879657268524 30004
1064607133250787 475 2.08001708984375 1.18349456787109 -0.01260137557983 40004
1064645049762097 475 0.44720458984375 -6.03836917877197 -0.00262594223022 50004
1064682966270798 475 0.148681640625 -4.99001502990723 -0.0011351108551 60004
1064720882784129 475 0.1474609375 7.84878492355347 0.00000381469727 70004
1064758799291458 475 1.6064453125 -1.16119527816772 -0.0101490020752 80004
1064796715802628 475 -0.4002685546875 2.69771671295166 0.00282382965088 90004
1064455467211987 476 -0.18917618691921 -4.57100105285645 0.00086110190023 4
1064493383720897 476 -3.38741302490234 -0.27607029676437 0.02123671770096 10004
1064531300230867 476 -1.927734375 -0.49807929992676 0.01324510574341 20004
1064569216714498 476 0.88128662109375 0.76957046985626 -0.00667858123779 30004
1064607133250787 476 2.3883056640625 0.96954965591431 -0.01485228538513 40004
1064645049762097 476 0.46014404296875 -6.42330837249756 -0.00262355804443 50004
1064682966270798 476 0.1142578125 -4.51772880554199 -0.00113582611084 60004
1064720882784129 476 0.263427734375 7.99416494369507 -0.0011191368103 70004
1064758799291458 476 1.89630126953125 -0.91281753778458 -0.01128721237183 80004
1064796715802628 476 -0.3697509765625 3.10820293426514 0.00283241271973 90004
1064455467211987 477 -0.20966428518295 -4.96650362014771 0.00086110114353 4
1064493383720897 477 -3.44069671630859 -0.24186944961548 0.02301698923111 10004
1064531300230867 477 -1.79920959472656 -0.78763675689697 0.01211726665497 20004
1064569216714498 477 0.4822998046875 0.78767883777618 -0.00248229503632 30004
1064607133250787 477 2.6319580078125 0.77477598190308 -0.01598072052002 40004
1064645049762098 477 0.03662109375 -7.92166900634766 0.00000143051147 50004
1064682966270798 477 0.154296875 -4.05471992492676 -0.00113725662231 60004
1064720882784129 477 0.364013671875 8.10455513000488 -0.00224113464355 70004
1064758799291458 477 2.19757080078125 -0.66969400644302 -0.01354837417603 80004
1064796715802628 477 -0.2618408203125 3.49515247344971 0.00171232223511 90004
1064455467211987 478 -0.27398982644081 -5.35971307754517 0.0019587255083 4
1064493383720897 478 -3.52062225341797 -0.19054561853409 0.02301675081253 10004
1064531300230867 478 -1.6407470703125 -1.0348242521286 0.01099002361298 20004
1064569216714498 478 0.143798828125 0.88490903377533 -0.0004106760025 30004
1064607133250787 478 2.7486572265625 0.60359239578247 -0.01710343360901 40004
1064645049762098 478 0.091552734375 -7.80417251586914 0.00000333786011 50004
1064682966270798 478 0.24560546875 -3.59616756439209 -0.00113916397095 60004
1064720882784129 478 0.435791015625 8.20384407043457 -0.00224018096924 70004
1064758799291458 478 2.44342041015625 -0.37958055734634 -0.0146746635437 80004
1064796715802628 478 -0.1112060546875 3.86993980407715 0.00171613693237 90004
1064455467211987 479 -0.20680040121078 -5.75977563858032 0.00195872690529 4
1064493383720897 479 -3.52062225341797 -0.19054561853409 0.02301675081253 10004
1064531300230867 479 -1.5115966796875 -1.39072978496552 0.00986731052399 20004
1064569216714498 479 -0.022216796875 1.00194108486176 -0.00041115283966 30004
1064607133250787 479 2.7613525390625 0.53896760940552 -0.01710343360901 40004
1064645049762098 479 0.091552734375 -7.80417251586914 0.00000333786011 50004
1064682966270798 479 0.18310546875 -3.12423992156982 -0.00114059448242 60004
1064720882784129 479 0.435791015625 8.20384407043457 -0.00224018096924 70004
1064758799291458 479 2.58502197265625 -0.01873693428934 -0.01580047607422 80004
1064796715802628 479 -0.08843994140625 4.28121614456177 0.00059366226196 90004
1064455467211987 480 0.02317334152758 -6.0939679145813 0.0008356802864 4
1064493383720897 480 -3.52062225341797 -0.19054561853409 0.02301675081253 10004
1064531300230867 480 -1.5450439453125 -1.76797091960907 0.00986778736115 20004
1064569216714498 480 -0.22381591796875 1.35430467128754 0.00165331363678 30004
1064607133250787 480 2.7608642578125 0.53896760940552 -0.01710319519043 40004
1064645049762098 480 0.161376953125 -7.60303115844727 0.0000057220459 50004
1064682966270798 480 0.32568359375 -2.67014598846436 -0.00114393234253 60004
1064720882784129 480 0.435791015625 8.20384407043457 -0.00224018096924 70004
1064758799291458 480 2.56158447265625 0.36879721283913 -0.01580142974854 80004
1064796715802628 480 0.10687255859375 4.64384126663208 -0.00053691864014 90004
1064455467211987 481 0.13069102168083 -6.47536945343018 -0.00028736557579 4
1064493383720897 481 -3.52062225341797 -0.19054561853409 0.02301675081253 10004
1064531300230867 481 -1.5052490234375 -1.99574649333954 0.00986933708191 20004
1064569216714498 481 -0.32623291015625 1.70006787776947 0.00165247917175 30004
1064607133250787 481 2.6710205078125 0.42719411849976 -0.01710319519043 40004
1064645049762098 481 0.1575927734375 -7.34607696533203 -0.00111627578735 50004
1064682966270798 481 0.602294921875 -2.29324245452881 -0.00338578224182 60004
1064720882784129 481 0.435791015625 8.20384407043457 -0.00224018096924 70004
1064758799291458 481 2.41656494140625 0.72188603878021 -0.01580238342285 80004
1064796715802628 481 0.17401123046875 5.04295587539673 -0.00054359436035 90004
1064455467211988 482 0.06076940149069 -7.86967945098877 0 4
1064493383720897 482 -3.52062225341797 -0.19054561853409 0.02301675081253 10004
1064531300230867 482 -1.34495544433594 -2.22381591796875 0.00874674320221 20004
1064569216714498 482 -0.31304931640625 2.06917810440063 0.00165176391602 30004
1064607133250787 482 2.56631469726563 0.16727209091187 -0.0171046257019 40004
1064645049762098 482 0.2132568359375 -7.00715255737305 -0.00111365318298 50004
1064682966270798 482 0.870849609375 -1.90542125701904 -0.00450372695923 60004
1064720882784129 482 0.435791015625 8.20384407043457 -0.00224018096924 70004
1064758799291458 482 2.1722412109375 1.01442897319794 -0.01378154754639 80004
1064796715802628 482 0.11004638671875 5.44002389907837 -0.00054979324341 90004
1064455467211988 483 0.15191671252251 -7.60546636581421 0.00000000174623 4
1064493383720897 483 -3.47273254394531 -0.17090874910355 0.02301663160324 10004
1064531300230867 483 -1.12400817871094 -2.52096843719482 0.00762176513672 20004
1064569216714498 483 -0.25933837890625 2.46505880355835 0.00165128707886 30004
1064607133250787 483 2.43936157226563 -0.18535330891609 -0.01505613327026 40004
1064645049762098 483 0.3074951171875 -6.60333442687988 -0.00111103057861 50004
1064682966270798 483 1.12646484375 -1.51366281509399 -0.00674390792847 60004
1064720882784129 483 0.435791015625 8.20384407043457 -0.00224018096924 70004
1064758799291458 483 1.8509521484375 1.22025954723358 -0.01171016693115 80004
1064796715802628 483 0.00189208984375 5.82998704910278 -0.00055503845215 90004
1064455467211988 484 0.15191671252251 -7.33048009872437 0.00000000547152 4
1064493383720897 484 -3.28128814697266 -0.09235855937004 0.02189350128174 10004
1064531300230867 484 -1.01072692871094 -2.87501811981201 0.00761866569519 20004
1064569216714498 484 -0.33160400390625 2.86461019515991 0.00165128707886 30004
1064607133250787 484 2.20108032226563 -0.48341605067253 -0.01505899429321 40004
1064645049762098 484 0.2655029296875 -6.19493293762207 -0.00110983848572 50004
1064682966270798 484 1.50286865234375 -1.22003602981567 -0.00899410247803 60004
1064720882784129 484 0.435791015625 8.20384407043457 -0.00224018096924 70004
1064758799291458 484 1.4742431640625 1.31314551830292 -0.00961685180664 80004
1064796715802629 484 0 7.53247022628784 0 90004
1064455467211988 485 0.32137286663055 -6.96707963943481 -0.00112303951755 4
1064493383720897 485 -2.87711334228516 -0.00319263339043 0.01964622735977 10004
1064531300230867 485 -0.905517578125 -3.23882579803467 0.00649106502533 20004
1064569216714498 485 -0.26568603515625 3.2653021812439 0.00165057182312 30004
1064607133250787 485 1.92080688476563 -0.74244350194931 -0.01300740242004 40004
1064645049762098 485 0.3641357421875 -5.78066444396973 -0.00223088264465 50004
1064682966270798 485 1.77618408203125 -0.8295750617981 -0.01124739646912 60004
1064720882784129 485 0.414306640625 7.99347066879272 -0.00223875045776 70004
1064758799291458 485 1.0933837890625 1.23803222179413 -0.00747966766357 80004
1064796715802629 485 0.0751953125 7.69434309005737 -0.00000762939453 90004
1064455467211988 486 0.3637361228466 -6.57552003860474 -0.00224608625285 4
1064493383720897 486 -2.47245788574219 -0.04602386802435 0.01612985134125 10004
1064531300230867 486 -0.73976135253906 -3.57701587677002 0.00536715984344 20004
1064569216714498 486 -0.19940185546875 3.66589403152466 0.00164937973022 30004
1064607133250787 486 1.5892333984375 -0.89091891050339 -0.01097893714905 40004
1064645049762098 486 0.3309326171875 -5.39463424682617 -0.00222849845886 50004
1064682966270798 486 2.15338134765625 -0.55286407470703 -0.01350092887878 60004
1064720882784129 486 0.30712890625 7.64033651351929 -0.00223731994629 70004
1064758799291458 486 0.7073974609375 1.21518123149872 -0.00533151626587 80004
1064796715802629 486 0.093994140625 7.73481130599976 -0.00001525878906 90004
1064455467211988 487 0.41372826695442 -6.18089485168457 -0.00224608229473 4
1064493383720897 487 -2.06826782226563 -0.04325895383954 0.01388251781464 10004
1064531300230867 487 -0.63204956054688 -3.93060970306396 0.00424373149872 20004
1064569216714498 487 -0.18939208984375 4.06788301467896 0.00164830684662 30004
1064607133250787 487 1.2747802734375 -1.07624483108521 -0.00887513160706 40004
1064645049762098 487 0.3416748046875 -4.99919128417969 -0.00222563743591 50004
1064682966270798 487 2.49566650390625 -0.23823690414429 -0.01574897766113 60004
1064720882784129 487 0.2626953125 7.2297797203064 -0.00223541259766 70004
1064758799291458 487 0.3387451171875 1.12798297405243 -0.00330257415771 80004
1064796715802629 487 0.093994140625 7.73481130599976 -0.00002288818359 90004
1064455467211988 488 0.47034350037575 -5.79113531112671 -0.00224607484415 4
1064493383720897 488 -1.66298675537109 0.01253865938634 0.01163554191589 10004
1064531300230867 488 -0.61618041992188 -4.30822515487671 0.00424230098724 20004
1064569216714498 488 -0.19207763671875 4.46674013137817 0.00164759159088 30004
1064607133250787 488 1.0283203125 -1.35880613327026 -0.00681781768799 40004
1064645049762098 488 0.394287109375 -4.58419036865234 -0.00222444534302 50004
1064682966270798 488 2.7215576171875 0.17184819281101 -0.01687860488892 60004
1064720882784129 488 0.281005859375 6.8643946647644 -0.00223445892334 70004
1064758799291458 488 -0.0203857421875 0.9999006986618 0.00076150894165 80004
1064796715802629 488 0.093994140625 7.73481130599976 -0.00003051757813 90004
1064455467211988 489 0.39686086773872 -5.39698266983032 -0.00224607181735 4
1064493383720897 489 -1.25252532958984 -0.04135769605637 0.00811821222305 10004
1064531300230867 489 -0.64132690429688 -4.68608617782593 0.00424134731293 20004
1064569216714498 489 -0.06369018554688 4.85191011428833 0.00052297115326 30004
1064607133250787 489 0.88381958007813 -1.71196889877319 -0.00480771064758 40004
1064645049762098 489 0.308837890625 -4.1669921875 -0.00222277641296 50004
1064682966270798 489 2.805419921875 0.64080864191055 -0.01801300048828 60004
1064720882784129 489 0.213623046875 6.66403913497925 -0.00223302841187 70004
1064758799291458 489 -0.40838623046875 0.99447047710419 0.00278949737549 80004
1064796715802629 489 0.093994140625 7.73481130599976 -0.00003814697266 90004
1064455467211988 490 0.4618618786335 -5.00132846832275 -0.00224606413394 4
1064493383720897 490 -0.86412811279297 -0.184695571661 0.00572460889816 10004
1064531300230867 490 -0.50460815429688 -5.03923559188843 0.00423967838287 20004
1064569216714498 490 -0.10980224609375 5.25532960891724 0.00052046775818 30004
1064607133250787 490 0.69024658203125 -2.04055547714233 -0.00481128692627 40004
1064645049762098 490 0.407470703125 -3.75272369384766 -0.00222086906433 50004
1064682966270798 490 2.941162109375 0.83603817224503 -0.01801300048828 60004
1064720882784129 490 0.260498046875 6.24364423751831 -0.00222826004028 70004
1064758799291458 490 -0.783203125 0.89013373851776 0.00492811203003 80004
1064796715802629 490 0.093994140625 7.73481130599976 -0.00004577636719 90004
1064455467211988 491 0.39689061045647 -4.61288595199585 -0.00224605947733 4
1064493383720897 491 -0.46539306640625 -0.29429769515991 0.00333106517792 10004
1064531300230867 491 -0.48727416992188 -5.41104459762573 0.00311577320099 20004
1064569216714498 491 -0.0640869140625 5.65537881851196 0.0005156993866 30004
1064607133250787 491 0.53997802734375 -2.39019918441772 -0.00280833244324 40004
1064645049762098 491 0.3680419921875 -3.33626079559326 -0.00221872329712 50004
1064682966270798 491 2.97509765625 0.88484555482864 -0.01913595199585 60004
1064720882784129 491 0.215087890625 5.82654523849487 -0.00222587585449 70004
1064758799291458 491 -1.118408203125 0.701784491539 0.00697326660156 80004
1064796715802629 491 0.093994140625 7.73481130599976 -0.00005340576172 90004
1064455467211988 492 0.34616348147392 -4.21942520141602 -0.00224605668336 4
1064493383720897 492 -0.10282897949219 -0.4730179309845 0.00108343362808 10004
1064531300230867 492 -0.5550537109375 -5.78072786331177 0.00311493873596 20004
1064569216714499 492 0.093017578125 7.73185682296753 -0.00000047683716 30004
1064607133250787 492 0.48260498046875 -2.75902700424194 -0.00280904769897 40004
1064645049762098 492 0.3746337890625 -2.92052936553955 -0.00221729278564 50004
1064682966270798 492 3.0087890625 0.8919203877449 -0.01913547515869 60004
1064720882784129 492 0.114013671875 5.41661024093628 -0.00019788742065 70004
1064758799291458 492 -1.40130615234375 0.44270396232605 0.0090479850769 80004
1064796715802629 492 0.093994140625 7.73481130599976 -0.00006103515625 90004
1064455467211988 493 0.37144353985786 -3.82055878639221 -0.00224605132826 4
1064493383720897 493 0.18511199951172 -0.76013171672821 -0.00116354227066 10004
1064531300230867 493 -0.62741088867188 -6.14555978775024 0.00421321392059 20004
1064569216714499 493 0.274658203125 8.06629085540771 -0.00112307071686 30004
1064607133250787 493 0.46282958984375 -3.13330221176147 -0.00281023979187 40004
1064645049762098 493 0.4901123046875 -2.52853298187256 -0.00221395492554 50004
1064682966270798 493 3.11279296875 0.89002400636673 -0.01913547515869 60004
1064720882784129 493 0.03369140625 5.00892019271851 -0.00019645690918 70004
1064758799291458 493 -1.61224365234375 0.12334603071213 0.01104831695557 80004
1064796715802629 493 0.080810546875 7.67798185348511 -0.00006723403931 90004
1064455467211988 494 0.45204955339432 -3.4277822971344 -0.00224604411051 4
1064493383720897 494 0.36833953857422 -1.13138401508331 -0.00228816270828 10004
1064531300230868 494 0 -8 0 20004
1064569216714499 494 0.443115234375 8.20770931243896 -0.00224351882935 30004
1064607133250787 494 0.32073974609375 -3.48742437362671 -0.00281071662903 40004
1064645049762098 494 0.6561279296875 -2.20335292816162 -0.00333404541016 50004
1064682966270798 494 3.32666015625 0.83998948335648 -0.02138090133667 60004
1064720882784129 494 0.09033203125 4.58976888656616 -0.00019359588623 70004
1064758799291458 494 -1.72357177734375 -0.24866205453873 0.01104831695557 80004
1064796715802629 494 0.028076171875 7.45066404342651 -0.00007104873657 90004
1064455467211988 495 0.62741297483444 -3.06719446182251 -0.0033690854907 4
1064493383720897 495 0.37737274169922 -1.54522716999054 -0.0022891163826 10004
1064531300230868 495 0.056884765625 -7.87815856933594 -0.00000047683716 20004
1064569216714499 495 0.443115234375 8.20770931243896 -0.00224161148071 30004
1064607133250787 495 0.34173583984375 -3.86841726303101 -0.00281143188477 40004
1064645049762098 495 0.99163818359375 -1.94144725799561 -0.00557732582092 50004
1064682966270798 495 3.46826171875 0.72900468111038 -0.02138042449951 60004
1064720882784129 495 -0.03564453125 4.18589925765991 -0.00019216537476 70004
1064758799291458 495 -1.71966552734375 -0.44272667169571 0.01104593276978 80004
1064796715802629 495 0.067138671875 6.98556852340698 -0.0000786781311 90004
1064455467211988 496 0.90475153923035 -2.78752565383911 -0.00561516871676 4
1064493383720897 496 0.31114959716797 -1.95146572589874 -0.00229001045227 10004
1064531300230868 496 0.07110595703125 -7.59202575683594 -0.00000214576721 20004
1064569216714499 496 0.443115234375 8.20770931243896 -0.00223970413208 30004
1064607133250787 496 0.25213623046875 -4.23361444473267 -0.00078296661377 40004
1064645049762098 496 1.22018432617188 -1.59150075912476 -0.00781464576721 50004
1064682966270798 496 3.585693359375 0.53858000040054 -0.02250289916992 60004
1064720882784129 496 -0.024658203125 3.77056837081909 -0.00019025802612 70004
1064758799291458 496 -1.68719482421875 -0.55607289075851 0.01104164123535 80004
1064796715802629 496 -0.0439453125 6.5407862663269 -0.00008678436279 90004
1064455467211988 497 1.14810061454773 -2.48087906837463 -0.00673820544034 4
1064493383720897 497 0.18193817138672 -2.34258699417114 -0.00229120254517 10004
1064531300230868 497 0.17437744140625 -7.20020294189453 -0.00000333786011 20004
1064569216714499 497 0.443115234375 8.20770931243896 -0.00223779678345 30004
1064607133250787 497 0.20745849609375 -4.60344552993774 -0.00078344345093 40004
1064645049762098 497 1.48410034179688 -1.27090120315552 -0.00892758369446 50004
1064682966270798 497 3.643310546875 0.33236873149872 -0.02250289916992 60004
1064720882784129 497 -0.059326171875 3.35905790328979 -0.00018739700317 70004
1064758799291458 497 -1.55340576171875 -0.69044893980026 0.01103687286377 80004
1064796715802629 497 -0.10498046875 6.08923292160034 -0.00008678436279 90004
1064455467211988 498 1.35745775699615 -2.14726400375366 -0.00786124914885 4
1064493383720897 498 0.05850982666016 -2.72999906539917 -0.00022947788239 10004
1064531300230868 498 0.32928466796875 -6.74601173400879 -0.00112783908844 20004
1064569216714499 498 0.443115234375 8.20770931243896 -0.00223588943481 30004
1064607133250787 498 0.20367431640625 -4.97822618484497 -0.0007848739624 40004
1064645049762098 498 1.8388671875 -1.04761648178101 -0.01116895675659 50004
1064682966270798 498 3.64208984375 0.17251914739609 -0.02250289916992 60004
1064720882784129 498 -0.2252197265625 2.97792863845825 0.00183486938477 70004
1064758799291458 498 -1.31121826171875 -0.86912149190903 0.00877332687378 80004
1064796715802629 498 -0.115966796875 5.63090848922729 -0.00009536743164 90004
1064455467211988 499 1.66879642009735 -1.89456033706665 -0.01010731887072 4
1064493383720897 499 0.06681060791016 -3.14385557174683 -0.00022965669632 10004
1064531300230868 499 0.32928466796875 -6.25749397277832 -0.00113165378571 20004
1064569216714499 499 0.443115234375 8.20770931243896 -0.00223398208618 30004
1064607133250787 499 0.07720947265625 -5.33815813064575 -0.00078558921814 40004
1064645049762098 499 2.2509765625 -0.94019460678101 -0.01341104507446 50004
1064682966270798 499 3.61962890625 0.11967343091965 -0.02250289916992 60004
1064720882784129 499 -0.5103759765625 2.66502046585083 0.00388669967651 70004
1064758799291458 499 -1.0245361328125 -1.03687584400177 0.0076322555542 80004
1064796715802629 499 -0.27783203125 5.1928973197937 0.00195026397705 90004
1064455467211988 500 1.84416103363037 -1.53397226333618 -0.01123035699129 4
1064493383720897 500 0.09891510009766 -3.556556224823 -0.00023013353348 10004
1064531300230868 500 0.38426208496094 -5.77205085754395 -0.00225746631622 20004
1064569216714499 500 0.443115234375 8.20770931243896 -0.00223207473755 30004
1064607133250787 500 0.11431884765625 -5.71788835525513 -0.0007860660553 40004
1064645049762098 500 2.62301635742188 -0.73345899581909 -0.01677918434143 50004
1064682966270798 500 3.61962890625 0.11967343091965 -0.02250289916992 60004
1064720882784129 500 -0.8834228515625 2.46409273147583 0.00603294372559 70004
1064758799291458 500 -0.6383056640625 -1.07318985462189 0.00425004959106 80004
1064796715802629 500 -0.24365234375 4.76242399215698 0.00195598602295 90004
1064455467211988 501 2.12150263786316 -1.25430393218994 -0.01347644813359 4
1064493383720897 501 0.20764923095703 -3.95338821411133 -0.00023084878922 10004
1064531300230868 501 0.30093383789063 -5.29742431640625 -0.00225985050201 20004
1064569216714499 501 0.396240234375 8.07873439788818 -0.00223064422607 30004
1064607133250787 501 0.18109130859375 -6.06112909317017 -0.00078701972961 40004
1064645049762098 501 2.90267944335938 -0.4232337474823 -0.01789808273315 50004
1064682966270798 501 3.448974609375 0.06790992617607 -0.02250266075134 60004
1064720882784129 501 -1.1663818359375 2.15930700302124 0.00804901123047 70004
1064758799291458 501 -0.2520751953125 -1.08000814914703 0.00199937820435 80004
1064796715802629 501 -0.09930419921875 4.33281469345093 0.00083303451538 90004
1064455467211988 502 2.34834241867065 -0.98160320520401 -0.01459947507828 4
1064493383720897 502 0.25307464599609 -4.35497951507568 -0.0013552904129 10004
1064531300230868 502 0.20730590820313 -4.81939697265625 -0.00226140022278 20004
1064569216714499 502 0.382568359375 7.79201793670654 -0.00222897529602 30004
1064607133250787 502 0.18792724609375 -6.41481256484985 -0.00078749656677 40004
1064645049762098 502 3.0946044921875 -0.04876732826233 -0.01901507377625 50004
1064682966270798 502 3.099365234375 0.06711861491203 -0.02034759521484 60004
1064720882784129 502 -1.479248046875 1.8891396522522 0.010169506073 70004
1064758799291458 502 0.11651611328125 -0.99538677930832 -0.00025033950806 80004
1064796715802629 502 -0.01580810546875 3.88491868972778 0.00082683563232 90004
1064455467211988 503 2.45673537254334 -0.66186273097992 -0.01572250947356 4
1064493383720897 503 0.23946380615234 -4.76538944244385 -0.0013564825058 10004
1064531300230868 503 0.20231628417969 -4.33957481384277 -0.00025379657745 20004
1064569216714499 503 0.3792724609375 7.40948390960693 -0.0022269487381 30004
1064607133250788 503 0.0220947265625 -7.95260238647461 -0.00000047683716 40004
1064645049762098 503 3.2362060546875 0.32814288139343 -0.02013325691223 50004
1064682966270798 503 2.62701416015625 0.11790728569031 -0.01616811752319 60004
1064720882784129 503 -1.82171630859375 1.65359115600586 0.01226902008057 70004
1064758799291458 503 0.44049072265625 -0.79588836431503 -0.00249814987183 80004
1064796715802629 503 0.01812744140625 3.42773485183716 0.00082159042358 90004
1064455467211988 504 2.46328210830688 -0.26096379756927 -0.01572250761092 4
1064493383720897 504 0.31612396240234 -5.17220401763916 -0.00135779380798 10004
1064531300230868 504 0.35514831542969 -3.87558674812317 -0.00137805938721 20004
1064569216714499 504 0.2606201171875 7.08374691009521 -0.00222551822662 30004
1064607133250788 504 0.1104736328125 -7.76301193237305 -0.00000143051147 40004
1064645049762098 504 3.3997802734375 0.62315058708191 -0.0212504863739 50004
1064682966270798 504 2.15142822265625 0.11875581741333 -0.01406240463257 60004
1064720882784129 504 -2.0740966796875 1.31418609619141 0.01227235794067 70004
1064758799291458 504 0.68756103515625 -0.49657961726189 -0.00362300872803 80004
1064796715802629 504 0.20074462890625 2.99841737747192 -0.00030708312988 90004
1064455467211988 505 2.30090427398682 0.10263854265213 -0.01572250947356 4
1064493383720897 505 0.21363067626953 -5.57321834564209 -0.00135862827301 10004
1064531300230868 505 0.29753112792969 -3.39047169685364 -0.00137865543365 20004
1064569216714499 505 0.2991943359375 6.64542293548584 -0.00222265720367 30004
1064607133250788 505 0.1104736328125 -7.6268196105957 -0.00000143051147 40004
1064645049762098 505 3.5003662109375 0.69624781608582 -0.02236771583557 50004
1064682966270798 505 1.71685791015625 -0.07576862722635 -0.01204085350037 60004
1064720882784129 505 -2.4461669921875 1.11325645446777 0.01639699935913 70004
1064758799291458 505 0.78521728515625 -0.12083669751883 -0.00474786758423 80004
1064796715802629 505 0.54803466796875 2.68669939041138 -0.00255918502808 90004
1064455467211988 506 2.17548775672913 0.45580485463142 -0.0136799486354 4
1064493383720897 506 0.11758422851563 -5.94918298721313 -0.00135934352875 10004
1064531300230868 506 0.38819885253906 -2.95020294189453 -0.00137877464294 20004
1064569216714499 506 0.2054443359375 6.25158834457397 -0.00222074985504 30004
1064607133250788 506 0.20010375976563 -7.40050840377808 -0.00112533569336 40004
1064645049762098 506 3.5255126953125 0.71452212333679 -0.0223662853241 50004
1064682966270798 506 1.28759765625 -0.18873353302479 -0.00791335105896 60004
1064720882784129 506 -2.71240234375 0.82968360185623 0.01639747619629 70004
1064758799291458 506 0.76129150390625 0.23556549847126 -0.00475025177002 80004
1064796715802629 506 0.78485107421875 2.32608723640442 -0.00479984283447 90004
1064455467211988 507 2.01324796676636 0.78861576318741 -0.01367995794863 4
1064493383720897 507 0.06482696533203 -6.32991313934326 -0.00135999917984 10004
1064531300230868 507 0.5999755859375 -2.55574297904968 -0.0036278963089 20004
1064569216714499 507 0.13531494140625 5.85464572906494 -0.00019955635071 30004
1064607133250788 507 0.2734375 -7.16092205047607 -0.00112581253052 40004
1064645049762098 507 3.5255126953125 0.71452212333679 -0.0223662853241 50004
1064682966270798 507 0.8519287109375 -0.19920228421688 -0.00584864616394 60004
1064720882784129 507 -2.87939453125 0.5155234336853 0.01841163635254 70004
1064758799291458 507 0.64007568359375 0.57083910703659 -0.00475120544434 80004
1064796715802629 507 1.04742431640625 1.99005782604218 -0.00591611862183 90004
1064455467211988 508 1.78294217586517 1.08550465106964 -0.01162489037961 4
1064493383720898 508 0.00719451904297 -7.97967910766602 0 10004
1064531300230868 508 0.90220642089844 -2.21531820297241 -0.00475323200226 20004
1064569216714499 508 0.15966796875 5.44527101516724 -0.0002007484436 30004
1064607133250788 508 0.27130126953125 -6.94749355316162 -0.0011260509491 40004
1064645049762098 508 3.5255126953125 0.71452212333679 -0.0223662853241 50004
1064682966270798 508 0.42364501953125 -0.08222272247076 -0.00379776954651 60004
1064720882784129 508 -2.93634033203125 0.21959063410759 0.01841163635254 70004
1064758799291458 508 0.4456787109375 0.87602859735489 -0.00274133682251 80004
1064796715802629 508 1.38665771484375 1.71995639801025 -0.00814342498779 90004
1064455467211988 509 1.56384599208832 1.42121696472168 -0.00957010500133 4
1064493383720898 509 0.12230682373047 -7.65456390380859 -0.00000059604645 10004
1064531300230868 509 1.05503845214844 -1.75133168697357 -0.00587666034698 20004
1064569216714499 509 0.00927734375 5.03181123733521 -0.00020122528076 30004
1064607133250788 509 0.23712158203125 -6.60443019866943 -0.00112652778625 40004
1064645049762098 509 3.5255126953125 0.71452212333679 -0.0223662853241 50004
1064682966270798 509 0.05157470703125 0.21517860889435 0.00031042098999 60004
1064720882784129 509 -2.90411376953125 0.08582585304976 0.01841163635254 70004
1064758799291458 509 0.3841552734375 1.25933134555817 -0.00274229049683 80004
1064796715802629 509 1.60693359375 1.30878353118896 -0.00925540924072 90004
1064455467211988 510 1.4567711353302 1.77753591537476 -0.00957009755075 4
1064493383720898 510 0.11550903320313 -7.29888868331909 -0.00000107288361 10004
1064531300230868 510 1.33491516113281 -1.39739775657654 -0.00812482833862 20004
1064569216714499 510 0.010009765625 4.62554454803467 -0.00020205974579 30004
1064607133250788 510 0.31640625 -6.29614639282227 -0.00112771987915 40004
1064645049762098 510 3.5255126953125 0.71452212333679 -0.0223662853241 50004
1064682966270798 510 -0.1719970703125 0.58112776279449 0.00030946731567 60004
1064720882784129 510 -2.8482666015625 -0.00198335666209 0.01841163635254 70004
1064758799291458 510 0.28619384765625 1.60931062698364 -0.0027437210083 80004
1064796715802629 510 1.9271240234375 1.02220165729523 -0.0114917755127 90004
1064455467211988 511 1.29028391838074 2.13174962997437 -0.00756434258074 4
1064493383720898 511 0.16244506835938 -6.91633176803589 -0.00000149011612 10004
1064531300230868 511 1.66975402832031 -1.04171919822693 -0.01037275791168 20004
1064569216714499 511 -0.0458984375 4.19965267181396 -0.00020277500153 30004
1064607133250788 511 0.3564453125 -5.96197509765625 -0.00225210189819 40004
1064645049762098 511 3.5255126953125 0.71452212333679 -0.0223662853241 50004
1064682966270798 511 -0.2796630859375 1.02587282657623 0.00237727165222 60004
1064720882784129 511 -2.6729736328125 -0.11512555927038 0.01728868484497 70004
1064758799291458 511 0.25494384765625 1.9870285987854 -0.0007152557373 80004
1064796715802629 511 2.3377685546875 0.82246553897858 -0.01485204696655 90004
1064455467211988 512 1.08451271057129 2.4675133228302 -0.0075643430464 4
1064493383720898 512 0.25196075439453 -6.53895711898804 -0.00112622976303 10004
1064531300230868 512 2.02497863769531 -0.71084046363831 -0.01262068748474 20004
1064569216714499 512 -0.18231201171875 3.78215289115906 0.00184178352356 30004
1064607133250788 512 0.3363037109375 -5.61867141723633 -0.00225234031677 40004
1064645049762098 512 3.5255126953125 0.71452212333679 -0.0223662853241 50004
1064682966270798 512 -0.2799072265625 1.5015527009964 0.00237607955933 60004
1064720882784129 512 -2.3541259765625 -0.22513374686241 0.0161657333374 70004
1064758799291458 512 0.33526611328125 2.36354494094849 -0.00183868408203 80004
1064796715802629 512 2.7618408203125 0.6590713262558 -0.01723480224609 90004
1064455467211988 513 0.99654430150986 2.85865616798401 -0.00554612278938 4
1064493383720898 513 0.21424102783203 -6.14600706100464 -0.00112730264664 10004
1064531300230868 513 2.44000244140625 -0.45365157723427 -0.01486682891846 20004
1064569216714499 513 -0.27752685546875 3.3525378704071 0.00184082984924 30004
1064607133250788 513 0.3582763671875 -5.2746467590332 -0.00225353240967 40004
1064645049762098 513 3.5255126953125 0.71452212333679 -0.0223662853241 50004
1064682966270798 513 -0.2486572265625 1.97654736042023 0.00237369537354 60004
1064720882784129 513 -1.931396484375 -0.2372268140316 0.01279735565186 70004
1064758799291458 513 0.49835205078125 2.71573686599731 -0.00296449661255 80004
1064796715802629 513 3.11187744140625 0.36596357822418 -0.01948404312134 90004
1064455467211988 514 1.08211886882782 3.25037741661072 -0.0066691627726 4
1064493383720898 514 0.34607696533203 -5.77384567260742 -0.0011288523674 10004
1064531300230868 514 2.74737548828125 -0.07390275597572 -0.0171160697937 20004
1064569216714499 514 -0.54019165039063 2.99962878227234 0.00389242172241 30004
1064607133250788 514 0.2327880859375 -4.95346450805664 -0.00225400924683 40004
1064645049762098 514 3.4434814453125 0.61478018760681 -0.02236342430115 50004
1064682966270798 514 -0.01898193359375 2.39372658729553 0.00012397766113 60004
1064720882784129 514 -1.51776123046875 -0.1578982770443 0.01056051254272 70004
1064758799291458 514 0.49737548828125 3.10393953323364 -0.00296592712402 80004
1064796715802629 514 3.29547119140625 -0.02635802328587 -0.02060699462891 90004
1064455467211988 515 1.03752291202545 3.6416802406311 -0.00666915206239 4
1064493383720898 515 0.35868072509766 -5.47021150588989 -0.00225305557251 10004
1064531300230868 515 2.97990417480469 0.33093976974487 -0.01823925971985 20004
1064569216714499 515 -0.68313598632813 2.59054064750671 0.00389206409454 30004
1064607133250788 515 0.2178955078125 -4.61515045166016 -0.00119352340698 40004
1064645049762098 515 3.23068237304688 0.49783203005791 -0.02027654647827 50004
1064682966270798 515 0.06182861328125 2.85426735877991 0.00012159347534 60004
1064720882784129 515 -1.10723876953125 -0.21583339571953 0.00816774368286 70004
1064758799291458 515 0.47589111328125 3.49134397506714 -0.00296688079834 80004
1064796715802629 515 3.34136962890625 -0.32033959031105 -0.02061367034912 90004
1064455467211988 516 0.95038312673569 4.03301858901978 -0.00666914461181 4
1064493383720898 516 0.24615478515625 -5.15909242630005 -0.00225400924683 10004
1064531300230868 516 3.17611694335938 0.61031246185303 -0.01936340332031 20004
1064569216714499 516 -0.87161254882813 2.2044951915741 0.00589466094971 30004
1064607133250788 516 0.1661376953125 -4.28254699707031 -0.00119471549988 40004
1064645049762098 516 2.8895263671875 0.43431326746941 -0.01818156242371 50004
1064682966270798 516 0.05889892578125 3.32906746864319 0.00011992454529 60004
1064720882784129 516 -0.69268798828125 -0.25936171412468 0.00481367111206 70004
1064758799291458 516 0.43682861328125 3.87738180160522 -0.0029673576355 80004
1064796715802629 516 3.33697509765625 -0.51864033937454 -0.0206184387207 90004
1064455467211988 517 0.82475876808167 4.40624761581421 -0.00466314889491 4
1064493383720898 517 0.08892059326172 -4.80468845367432 -0.00024461746216 10004
1064531300230868 517 3.31454467773438 0.71946620941162 -0.02048790454865 20004
1064569216714499 517 -1.11062622070313 1.84153866767883 0.00793325901031 30004
1064607133250788 517 0.009765625 -3.98212242126465 -0.00119519233704 40004
1064645049762098 517 2.4736328125 0.3850679397583 -0.01612186431885 50004
1064682966270798 517 0.05694580078125 3.80116391181946 0.00011825561523 60004
1064720882784129 517 -0.28009033203125 -0.28777295351028 0.00243616104126 70004
1064758799291458 517 0.42877197265625 4.25861167907715 -0.00296878814697 80004
1064796715802629 517 3.33038330078125 -0.62019020318985 -0.02062034606934 90004
1064455467211988 518 0.59633201360703 4.70469760894775 -0.00466314889491 4
1064493383720898 518 0.05596160888672 -4.43605995178223 -0.00024479627609 10004
1064531300230868 518 3.31454467773438 0.71946620941162 -0.02048790454865 20004
1064569216714499 518 -1.23651123046875 1.44872915744781 0.00793397426605 30004
1064607133250788 518 -0.22415161132813 -3.75885534286499 0.00087881088257 40004
1064645049762098 518 2.11337280273438 0.21264219284058 -0.01406025886536 50004
1064682966270798 518 0.15399169921875 4.23669767379761 0.00011587142944 60004
1064720882784129 518 0.08477783203125 -0.44109562039375 0.00019550323486 70004
1064758799291458 518 0.53863525390625 4.60558223724365 -0.00297069549561 80004
1064796715802629 518 3.33038330078125 -0.62019020318985 -0.02062034606934 90004
1064455467211988 519 0.50560748577118 5.06718778610229 -0.00266078230925 4
1064493383720898 519 0.17125701904297 -4.08663654327393 -0.00024527311325 10004
1064531300230868 519 3.31454467773438 0.71946620941162 -0.02048790454865 20004
1064569216714499 519 -1.50637817382813 1.13993692398071 0.01004230976105 30004
1064607133250788 519 -0.3499755859375 -3.46293640136719 0.0028920173645 40004
1064645049762098 519 1.716796875 0.19733802974224 -0.01199769973755 50004
1064682966270798 519 0.07073974609375 4.67255163192749 -0.00100779533386 60004
1064720882784129 519 0.4765625 -0.49782478809357 -0.00204849243164 70004
1064758799291458 519 0.50238037109375 4.96553707122803 -0.00297260284424 80004
1064796715802629 519 3.16546630859375 -0.74045997858047 -0.02062129974365 90004
1064455467211988 520 0.3594591319561 5.4225025177002 -0.00266078207642 4
1064493383720898 520 0.19963836669922 -3.7016704082489 -0.00136935710907 10004
1064531300230868 520 3.42120361328125 0.63989758491516 -0.021613240242 20004
1064569216714499 520 -1.87271118164063 0.91479730606079 0.01218283176422 30004
1064607133250788 520 -0.44863891601563 -3.13332843780518 0.00288772583008 40004
1064645049762098 520 1.31475830078125 0.30572408437729 -0.00783705711365 50004
1064682966270798 520 0.01031494140625 5.14359998703003 -0.00100898742676 60004
1064720882784129 520 0.857421875 -0.65870213508606 -0.00541162490845 70004
1064758799291458 520 0.35369873046875 5.31466770172119 -0.0029730796814 80004
1064796715802629 520 2.93792724609375 -0.82275420427322 -0.0185866355896 90004
1064455467211988 521 0.23619110882282 5.7810230255127 -0.00063955021324 4
1064493383720898 521 0.22801971435547 -3.31669306755066 -0.00137060880661 10004
1064531300230868 521 3.52830505371094 0.5603289604187 -0.02161812782288 20004
1064569216714499 521 -2.23904418945313 0.68965768814087 0.01431381702423 30004
1064607133250788 521 -0.55899047851563 -2.80900907516479 0.00288367271423 40004
1064645049762098 521 0.96429443359375 0.53373265266418 -0.00573086738586 50004
1064682966270798 521 -0.02703857421875 5.61813879013062 0.0010027885437 60004
1064720882784129 521 1.1226806640625 -0.86632537841797 -0.00652599334717 70004
1064758799291458 521 0.19842529296875 5.66281414031982 -0.0009183883667 80004
1064796715802629 521 2.60693359375 -0.87263733148575 -0.01640844345093 90004
1064455467211989 522 0.01358540728688 7.56160402297974 0.00000000002183 4
1064493383720898 522 0.34548187255859 -2.94250082969666 -0.00137168169022 10004
1064531300230868 522 3.52879333496094 0.5603289604187 -0.02162325382233 20004
1064569216714499 522 -2.51727294921875 0.35467821359634 0.01632583141327 30004
1064607133250788 522 -0.72604370117188 -2.50961637496948 0.00491857528687 40004
1064645049762098 522 0.697021484375 0.85984981060028 -0.00364899635315 50004
1064682966270799 522 0.0130615234375 7.56043767929077 0 60004
1064720882784129 522 1.2230224609375 -1.03761768341064 -0.00763463973999 70004
1064758799291459 522 0.0205078125 7.57642602920532 0 80004
1064796715802629 522 2.142578125 -0.90715724229813 -0.01434993743896 90004
1064455467211989 523 0.12226144224405 7.7946605682373 0.00000000034925 4
1064493383720898 523 0.34474945068359 -2.54772162437439 -0.00137215852737 10004
1064531300230868 523 3.52928161621094 0.5603289604187 -0.02162837982178 20004
1064569216714499 523 -2.65155029296875 -0.06431812047958 0.01632761955261 30004
1064607133250788 523 -0.96759033203125 -2.26402997970581 0.00697922706604 40004
1064645049762098 523 0.570068359375 1.26630616188049 -0.00364756584167 50004
1064682966270799 523 0.1175537109375 7.78417730331421 -0.00000238418579 60004
1064720882784129 523 1.239501953125 -1.16330242156982 -0.00762510299683 70004
1064758799291459 523 0.1845703125 7.92807245254517 -0.00112295150757 80004
1064796715802629 523 1.681640625 -0.82616549730301 -0.01025867462158 90004
1064455467211989 524 0.20668199658394 7.90058422088623 -0.00112304487266 4
1064493383720898 524 0.47964477539063 -2.20738935470581 -0.00249618291855 10004
1064531300230868 524 3.45620727539063 0.3759705722332 -0.02163183689117 20004
1064569216714499 524 -2.71078491210938 -0.29035383462906 0.01833784580231 30004
1064607133250788 524 -1.17672729492188 -2.01789569854736 0.00697803497314 40004
1064645049762098 524 0.59942626953125 1.66016399860382 -0.00364661216736 50004
1064682966270799 524 0.1417236328125 7.82138729095459 -0.00000357627869 60004
1064720882784129 524 1.24066162109375 -1.17901301383972 -0.00761651992798 70004
1064758799291459 524 0.29632568359375 8.10044384002686 -0.00112581253052 80004
1064796715802629 524 1.25665283203125 -0.91423338651657 -0.00823879241943 90004
1064455467211989 525 0.24483095109463 7.94194221496582 -0.00112304266077 4
1064493383720898 525 0.72034454345703 -1.90539181232452 -0.00362080335617 10004
1064531300230868 525 3.21669006347656 0.08838410675526 -0.02163410186768 20004
1064569216714499 525 -2.733642578125 -0.38386377692223 0.01833760738373 30004
1064607133250788 525 -1.42550659179688 -1.78200054168701 0.00905132293701 40004
1064645049762098 525 0.55181884765625 2.07337927818298 -0.00364661216736 50004
1064682966270799 525 0.147705078125 7.82636404037476 -0.00000476837158 60004
1064720882784129 525 1.15948486328125 -1.26711392402649 -0.00760841369629 70004
1064758799291459 525 0.345458984375 8.16959095001221 -0.00112676620483 80004
1064796715802629 525 0.7978515625 -1.00005638599396 -0.00605773925781 90004
1064455467211989 526 0.24483072757721 7.94194221496582 -0.00112304114737 4
1064493383720898 526 0.966552734375 -1.63792681694031 -0.00586831569672 10004
1064531300230868 526 2.85826110839844 -0.18595841526985 -0.01801431179047 20004
1064569216714499 526 -2.733642578125 -0.38386377692223 0.01833760738373 30004
1064607133250788 526 -1.65081787109375 -1.55854725837708 0.01110529899597 40004
1064645049762098 526 0.477783203125 2.45820617675781 -0.00364661216736 50004
1064682966270799 526 0.147705078125 7.82636404037476 -0.00000476837158 60004
1064720882784129 526 1.0294189453125 -1.47579741477966 -0.00760078430176 70004
1064758799291459 526 0.345458984375 8.16959095001221 -0.00112676620483 80004
1064796715802629 526 0.38037109375 -1.10252392292023 -0.00198364257813 90004
1064455467211989 527 0.24483048915863 7.94194221496582 -0.00112303963397 4
1064493383720898 527 1.13008117675781 -1.27857375144959 -0.00699210166931 10004
1064531300230868 527 2.40277099609375 -0.36257460713387 -0.01508402824402 20004
1064569216714499 527 -2.733642578125 -0.38386377692223 0.01833760738373 30004
1064607133250788 527 -1.80657958984375 -1.25086522102356 0.0111083984375 40004
1064645049762098 527 0.533447265625 2.88042068481445 -0.00364661216736 50004
1064682966270799 527 0.147705078125 7.82636404037476 -0.00000476837158 60004
1064720882784129 527 0.9044189453125 -1.87981581687927 -0.00558519363403 70004
1064758799291459 527 0.345458984375 8.16959095001221 -0.00112676620483 80004
1064796715802629 527 -0.01416015625 -1.35130321979523 0.00007724761963 90004
1064455467211989 528 0.24483025074005 7.94194221496582 -0.00112303800415 4
1064493383720898 528 1.43009948730469 -1.02197313308716 -0.00811618566513 10004
1064531300230868 528 1.91514587402344 -0.33015158772469 -0.01237416267395 20004
1064569216714499 528 -2.733642578125 -0.38386377692223 0.01833760738373 30004
1064607133250788 528 -2.07763671875 -1.03772664070129 0.01311922073364 40004
1064645049762098 528 0.405517578125 3.28663635253906 -0.00364661216736 50004
1064682966270799 528 0.147705078125 7.82636404037476 -0.00000476837158 60004
1064720882784129 528 0.9620361328125 -2.29889845848084 -0.00558137893677 70004
1064758799291459 528 0.345458984375 8.16959095001221 -0.00112676620483 80004
1064796715802629 528 -0.26739501953125 -1.74366390705109 0.00215339660645 90004
1064455467211989 529 0.24483001232147 7.94194221496582 -0.00112303637434 4
1064493383720898 529 1.78707885742188 -0.86773204803467 -0.01148563623428 10004
1064531300230868 529 1.4722900390625 -0.1455060839653 -0.00957489013672 20004
1064569216714499 529 -2.733642578125 -0.38386377692223 0.01833760738373 30004
1064607133250788 529 -2.391845703125 -0.90615296363831 0.01515531539917 40004
1064645049762098 529 0.33432006835938 3.70517730712891 -0.00161576271057 50004
1064682966270799 529 0.147705078125 7.82636404037476 -0.00000476837158 60004
1064720882784129 529 0.8826904296875 -2.70668292045593 -0.00557947158813 70004
1064758799291459 529 0.345458984375 8.16959095001221 -0.00112676620483 80004
1064796715802629 529 -0.37921142578125 -2.18857026100159 0.00215625762939 90004
1064455467211989 530 0.25689053535461 7.88667869567871 -0.00112303416245 4
1064493383720898 530 2.12010192871094 -0.67376905679703 -0.01260954141617 10004
1064531300230868 530 1.07424926757813 0.13272859156132 -0.00612425804138 20004
1064569216714499 530 -2.733642578125 -0.38386377692223 0.01833760738373 30004
1064607133250788 530 -2.64309692382813 -0.77392029762268 0.01727175712585 40004
1064645049762098 530 0.35189819335938 4.12490749359131 -0.00161385536194 50004
1064682966270799 530 0.151123046875 7.78742742538452 -0.00000619888306 60004
1064720882784129 530 0.7064208984375 -3.08702921867371 -0.0055775642395 70004
1064758799291459 530 0.377685546875 8.0781831741333 -0.00225067138672 80004
1064796715802629 530 -0.34356689453125 -2.64269661903381 0.00216054916382 90004
1064455467211989 531 0.26958841085434 7.77983093261719 -0.00112303392962 4
1064493383720898 531 2.42787170410156 -0.43305069208145 -0.01485615968704 10004
1064531300230868 531 0.71795654296875 0.46569529175758 -0.00406897068024 20004
1064569216714499 531 -2.733642578125 -0.38386377692223 0.01833760738373 30004
1064607133250788 531 -2.78543090820313 -0.62494540214539 0.01726961135864 40004
1064645049762098 531 0.41708374023438 4.54398441314697 -0.00161099433899 50004
1064682966270799 531 0.1298828125 7.65682172775269 -0.00000953674316 60004
1064720882784129 531 0.5218505859375 -3.45937037467957 -0.00351476669312 70004
1064758799291459 531 0.41748046875 7.85118293762207 -0.00225305557251 80004
1064796715802629 531 -0.25787353515625 -3.09267544746399 0.00216484069824 90004
1064455467211989 532 0.24801653623581 7.68402099609375 -0.00112303369679 4
1064493383720898 532 2.78900909423828 -0.27361714839935 -0.01710313558578 10004
1064531300230868 532 0.39717102050781 0.83416879177094 -0.00200283527374 20004
1064569216714499 532 -2.733642578125 -0.38386377692223 0.01833760738373 30004
1064607133250788 532 -2.83328247070313 -0.50928568840027 0.01726794242859 40004
1064645049762098 532 0.41561889648438 4.96986484527588 -0.00160956382751 50004
1064682966270799 532 0.0244140625 7.36801862716675 -0.00001072883606 60004
1064720882784129 532 0.4661865234375 -3.87871241569519 -0.00351142883301 70004
1064758799291459 532 0.38330078125 7.49161720275879 -0.00225400924683 80004
1064796715802629 532 -0.32232666015625 -3.55509686470032 0.00216722488403 90004
1064455467211989 533 0.29637125134468 7.46245002746582 -0.00112303253263 4
1064493383720898 533 2.98637390136719 -0.27769294381142 -0.0182272195816 10004
1064531300230868 533 0.26219177246094 1.30368506908417 -0.00200307369232 20004
1064569216714499 533 -2.735107421875 -0.35051569342613 0.01833724975586 30004
1064607133250788 533 -2.82791137695313 -0.39506170153618 0.01726627349854 40004
1064645049762098 533 0.23397827148438 5.3551721572876 -0.00160789489746 50004
1064682966270799 533 0.04296875 7.15390729904175 -0.00001215934753 60004
1064720882784129 533 0.3216552734375 -4.27627229690552 -0.00147485733032 70004
1064758799291459 533 0.31396484375 7.24333381652832 -0.00225496292114 80004
1064796715802629 533 -0.18658447265625 -4.00092792510986 0.00217247009277 90004
1064455467211989 534 0.26610019803047 7.21892738342285 -0.00112303183414 4
1064493383720898 534 3.13025665283203 -0.32520416378975 -0.01935148239136 10004
1064531300230868 534 0.28541564941406 1.78298366069794 -0.00200319290161 20004
1064569216714499 534 -2.7010498046875 -0.25956985354424 0.01833724975586 30004
1064607133250788 534 -2.72695922851563 -0.17598339915276 0.01726341247559 40004
1064645049762098 534 0.18746948242188 5.77090930938721 -0.00160622596741 50004
1064682966270799 534 -0.066650390625 6.78738927841187 -0.00001358985901 60004
1064720882784129 534 0.3133544921875 -4.69166803359985 -0.00147294998169 70004
1064758799291459 534 0.32373046875 7.01561546325684 -0.00225496292114 80004
1064796715802629 534 -0.20098876953125 -4.45920467376709 0.00105285644531 90004
1064455467211989 535 0.24667225778103 6.96524667739868 -0.00112303043716 4
1064493383720898 535 3.19325256347656 -0.35619184374809 -0.02047538757324 10004
1064531300230868 535 0.25602722167969 2.25900459289551 -0.00200366973877 20004
1064569216714499 535 -2.5682373046875 -0.10404977202415 0.01721382141113 30004
1064607133250788 535 -2.55337524414063 0.03287557512522 0.01725959777832 40004
1064645049762099 535 0.07080078125 7.68450498580933 0.00000238418579 50004
1064682966270799 535 -0.122802734375 6.35043096542358 0.00101590156555 60004
1064720882784129 535 0.2596435546875 -5.10111856460571 -0.00147294998169 70004
1064758799291459 535 0.30615234375 6.77718162536621 -0.00225496292114 80004
1064796715802629 535 -0.29278564453125 -4.91614055633545 0.00105571746826 90004
1064455467211989 536 0.23678067326546 6.71287393569946 -0.00112302950583 4
1064493383720898 536 3.19325256347656 -0.35619184374809 -0.02047538757324 10004
1064531300230868 536 0.17379760742188 2.73173666000366 -0.00091433525085 20004
1064569216714499 536 -2.29843139648438 0.07963670045137 0.01482307910919 30004
1064607133250788 536 -2.35269165039063 0.23200216889381 0.01613187789917 40004
1064645049762099 536 0.2091064453125 7.93951368331909 -0.0011191368103 50004
1064682966270799 536 -0.132080078125 5.90030813217163 0.00101399421692 60004
1064720882784129 536 0.1605224609375 -5.5046238899231 -0.00147199630737 70004
1064758799291459 536 0.2685546875 6.48948097229004 -0.00225639343262 80004
1064796715802629 536 -0.36187744140625 -5.36952686309814 0.00307035446167 90004
1064455467211989 537 0.14435186982155 6.47296667098999 -0.00112302787602 4
1064493383720898 537 3.19325256347656 -0.35619184374809 -0.02047538757324 10004
1064531300230868 537 0.24996948242188 3.2142767906189 -0.00091528892517 20004
1064569216714499 537 -1.87783813476563 0.21169742941856 0.01257407665253 30004
1064607133250788 537 -2.19302368164063 0.53744399547577 0.01500415802002 40004
1064645049762099 537 0.3375244140625 8.04734325408936 -0.00111675262451 50004
1064682966270799 537 -0.28857421875 5.46960592269897 0.0010085105896 60004
1064720882784129 537 0.1976318359375 -5.92596483230591 -0.00146913528442 70004
1064758799291459 537 0.33203125 6.10669136047363 -0.00225830078125 80004
1064796715802629 537 -0.28082275390625 -5.82873249053955 0.00195217132568 90004
1064455467211989 538 0.1619745194912 6.21643590927124 -0.00112302461639 4
1064493383720898 538 3.19325256347656 -0.35619184374809 -0.02047538757324 10004
1064531300230868 538 0.11495971679688 3.68380117416382 -0.00091552734375 20004
1064569216714499 538 -1.4417724609375 0.15400776267052 0.01017951965332 30004
1064607133250788 538 -1.9185791015625 0.74671065807343 0.01274871826172 40004
1064645049762099 538 0.3375244140625 8.04734325408936 -0.00110912322998 50004
1064682966270799 538 -0.24658203125 5.01300954818726 0.00099396705627 60004
1064720882784129 538 0.0531005859375 -6.32352495193481 0.00054264068604 70004
1064758799291459 538 0.2275390625 5.73298072814941 -0.00225925445557 80004
1064796715802629 538 -0.28277587890625 -6.29546070098877 0.00195455551147 90004
1064455467211989 539 0.09706243127584 5.97238302230835 -0.00112302298658 4
1064493383720898 539 3.19325256347656 -0.35619184374809 -0.02047538757324 10004
1064531300230868 539 0.13838195800781 4.16309309005737 -0.00091576576233 20004
1064569216714499 539 -1.054443359375 -0.03788728266954 0.00681054592133 30004
1064607133250788 539 -1.69342041015625 1.00397884845734 0.01162457466125 40004
1064645049762099 539 0.3375244140625 8.04734325408936 -0.00110149383545 50004
1064682966270799 539 -0.35345458984375 4.57583379745483 0.00302886962891 60004
10647208827841210 539 -0.0556640625 -7.75763130187988 0.00000190734863 70004
1064758799291459 539 0.238037109375 5.3508358001709 -0.00120544433594 80004
10647967158026210 539 0.13037109375 -7.71971130371094 -0.0000057220459 90004
1064455467211989 540 0.05849006399512 5.7412748336792 -0.00112302228808 4
1064493383720898 540 3.10682678222656 -0.403738707304 -0.02047556638718 10004
1064531300230868 540 0.10896301269531 4.63912916183472 -0.00091636180878 20004
1064569216714499 540 -0.70654296875 -0.30519157648087 0.00456166267395 30004
1064607133250788 540 -1.55181884765625 1.30885803699493 0.01050448417664 40004
1064645049762099 540 0.3375244140625 8.04734325408936 -0.00109386444092 50004
1064682966270799 540 -0.41204833984375 4.13218450546265 0.00302720069885 60004
10647208827841210 540 -0.05810546875 -7.43393516540527 0.00000286102295 70004
1064758799291459 540 0.202880859375 4.97365760803223 -0.00120687484741 80004
10647967158026210 540 0.21728515625 -7.32269287109375 -0.00113677978516 90004
1064455467211989 541 0.05527976155281 5.51194667816162 -0.00112302182242 4
1064493383720898 541 2.95808410644531 -0.4763477742672 -0.01864832639694 10004
1064531300230868 541 0.02693176269531 5.11186933517456 -0.00091660022736 20004
1064569216714499 541 -0.42135620117188 -0.63039475679398 0.00343692302704 30004
1064607133250788 541 -1.44381713867188 1.62954199314117 0.0093846321106 40004
1064645049762099 541 0.3375244140625 8.04734325408936 -0.00108623504639 50004
1064682966270799 541 -0.42132568359375 3.68205976486206 0.00302600860596 60004
10647208827841210 541 -0.024658203125 -7.10997009277344 0.0000057220459 70004
1064758799291459 541 0.125732421875 4.60036849975586 -0.00120782852173 80004
10647967158026210 541 0.26171875 -6.91221809387207 -0.00114631652832 90004
1064455467211989 542 -0.00337122869678 5.26163816452026 0.00089364504674 4
1064493383720898 542 2.88216400146484 -0.48140463232994 -0.01864808797836 10004
1064531300230868 542 0.10310363769531 5.59445142745972 -0.00091660022736 20004
1064569216714499 542 -0.25387573242188 -1.03727233409882 0.00231230258942 30004
1064607133250788 542 -1.23385620117188 1.90281164646149 0.00825881958008 40004
1064645049762099 542 0.3375244140625 8.04734325408936 -0.00107860565186 50004
1064682966270799 542 -0.57855224609375 3.2513575553894 0.00302481651306 60004
10647208827841210 542 -0.098876953125 -6.78681182861328 0.00000810623169 70004
1064758799291459 542 0.174560546875 4.21541213989258 -0.00120973587036 80004
10647967158026210 542 0.439453125 -6.53127479553223 -0.00227403640747 90004
1064455467211989 543 0.04925434663892 5.00994825363159 -0.00022940183408 4
1064493383720898 543 2.62724304199219 -0.38260918855667 -0.01679867506027 10004
1064531300230868 543 -0.03167724609375 6.06391525268555 0.00109219551086 20004
1064569216714499 543 -0.27389526367188 -1.47680747509003 0.00231158733368 30004
1064607133250788 543 -1.04879760742188 2.19372749328613 0.0071325302124 40004
1064645049762099 543 0.3394775390625 8.02576732635498 -0.00107669830322 50004
1064682966270799 543 -0.90277099609375 2.92725706100464 0.00505924224854 60004
10647208827841210 543 -0.099853515625 -6.45525360107422 0.00001001358032 70004
1064758799291459 543 0.055419921875 3.84601211547852 -0.00120973587036 80004
10647967158026210 543 0.439453125 -6.32111549377441 -0.00227403640747 90004
1064455467211989 544 0.02576458454132 4.75770425796509 -0.0002294019796 4
1064493383720898 544 2.26815795898438 -0.37762233614922 -0.01477497816086 10004
1064531300230869 544 0.1131591796875 7.77526807785034 -0.00000047683716 20004
1064569216714499 544 -0.15328979492188 -1.89184939861298 0.00118684768677 30004
1064607133250788 544 -0.96884155273438 2.5228328704834 0.00712966918945 40004
1064645049762099 544 0.291259765625 7.8868842124939 -0.00107431411743 50004
1064682966270799 544 -1.10174560546875 2.52320528030396 0.00714683532715 60004
10647208827841210 544 0.00390625 -6.14654922485352 0.00001287460327 70004
1064758799291459 544 -0.1435546875 3.51666069030762 0.00086688995361 80004
10647967158026210 544 0.457763671875 -5.95388603210449 -0.00228023529053 90004
1064455467211989 545 0.03253632038832 4.50676202774048 -0.0002294019796 4
1064493383720898 545 1.88722991943359 -0.31945270299911 -0.01287263631821 10004
1064531300230869 545 0.240478515625 7.98071622848511 -0.00112402439117 20004
1064569216714499 545 -0.07992553710938 -2.31505513191223 0.00118780136108 30004
1064607133250788 545 -0.85385131835938 2.83920860290527 0.00600337982178 40004
1064645049762099 545 0.2734375 7.63077688217163 -0.00107192993164 50004
1064682966270799 545 -1.34228515625 2.14580392837524 0.00919675827026 60004
10647208827841210 545 0.07275390625 -5.83022689819336 0.00001382827759 70004
1064758799291459 545 -0.29150390625 3.16788864135742 0.0008659362793 80004
10647967158026210 545 0.392333984375 -5.5487117767334 -0.00228452682495 90004
1064455467211989 546 0.10920688509941 4.26273727416992 -0.00022940163035 4
1064493383720898 546 1.51271820068359 -0.21905072033405 -0.00895810127258 10004
1064531300230869 546 0.31829833984375 8.04608631134033 -0.00112497806549 20004
1064569216714499 546 -0.1058349609375 -2.75417542457581 0.00118792057037 30004
1064607133250788 546 -0.708984375 3.10012531280518 0.00487446784973 40004
1064645049762099 546 0.2667236328125 7.30128812789917 -0.00107026100159 50004
1064682966270799 546 -1.62445068359375 1.79505360126495 0.01121520996094 60004
10647208827841210 546 0.089111328125 -5.50042533874512 0.00001573562622 70004
1064758799291459 546 -0.4014892578125 2.80273151397705 0.00287389755249 80004
10647967158026210 546 0.281982421875 -5.15074348449707 -0.00228881835938 90004
1064455467211989 547 0.22867105901241 4.03503370285034 -0.00135244696867 4
1064493383720898 547 1.11884307861328 -0.24532826244831 -0.00705564022064 10004
1064531300230869 547 0.31829833984375 8.04608631134033 -0.00112497806549 20004
1064569216714499 547 -0.1488037109375 -3.19205689430237 0.00118744373322 30004
1064607133250788 547 -0.68569946289063 3.2710428237915 0.0048668384552 40004
1064645049762099 547 0.1519775390625 6.98601865768433 -0.00106883049011 50004
1064682966270799 547 -1.78070068359375 1.3643513917923 0.01120972633362 60004
10647208827841210 547 0.157470703125 -5.17589378356934 0.00001764297485 70004
1064758799291459 547 -0.6280517578125 2.48672962188721 0.00489616394043 80004
10647967158026210 547 0.306396484375 -4.73115730285645 -0.00229549407959 90004
1064455467211989 548 0.38421905040741 3.83026504516602 -0.00135244405828 4
1064493383720898 548 0.75080871582031 -0.10270418226719 -0.0050784945488 10004
1064531300230869 548 0.31829833984375 8.04608631134033 -0.00112497806549 20004
1064569216714499 548 -0.3157958984375 -3.59912323951721 0.00118708610535 30004
1064607133250788 548 -0.567138671875 3.59507465362549 0.00373482704163 40004
1064645049762099 548 0.1812744140625 6.65179014205933 -0.00106596946716 50004
1064682966270799 548 -2.1044921875 1.04025280475616 0.01332187652588 60004
10647208827841210 548 0.082275390625 -4.85306358337402 0.00001955032349 70004
1064758799291459 548 -0.9554443359375 2.27745532989502 0.00696325302124 80004
10647967158026210 548 0.151123046875 -4.34039497375488 -0.00028085708618 90004
1064455467211989 549 0.46393349766731 3.59058594703674 -0.00247548660263 4
1064493383720898 549 0.45384216308594 0.14655202627182 -0.00297063589096 10004
1064531300230869 549 0.31829833984375 8.04608631134033 -0.00112497806549 20004
1064569216714499 549 -0.349853515625 -3.86570763587952 0.00324356555939 30004
1064607133250788 549 -0.5604248046875 3.9336404800415 0.00372982025146 40004
1064645049762099 549 0.1025390625 6.33178091049194 -0.00106430053711 50004
1064682966270799 549 -2.508544921875 0.84165585041046 0.01536560058594 60004
10647208827841210 549 -0.052978515625 -4.55249214172363 0.0000205039978 70004
1064758799291459 549 -1.1932373046875 1.97932624816895 0.00695419311523 80004
10647967158026210 549 0.130615234375 -3.92801403999329 -0.00028705596924 90004
1064455467211989 550 0.52817052602768 3.34181261062622 -0.00247547915205 4
1064493383720898 550 0.16081237792969 0.40935075283051 -0.00084900856018 10004
1064531300230869 550 0.31829833984375 8.04608631134033 -0.00112497806549 20004
1064569216714499 550 -0.3369140625 -4.19544982910156 0.00324165821075 30004
1064607133250788 550 -0.5167236328125 4.26736068725586 0.00372362136841 40004
1064645049762099 550 0.059814453125 6.00703191757202 -0.00106167793274 50004
1064682966270799 550 -2.952880859375 0.756796002388 0.01959085464478 60004
10647208827841210 550 -0.1893310546875 -4.25091743469238 0.00206708908081 70004
1064758799291459 550 -1.46051025390625 1.71081638336182 0.00895595550537 80004
10647967158026210 550 0.065185546875 -3.52283787727356 -0.00029373168945 90004
1064455467211989 551 0.57446432113647 3.09351754188538 -0.00359852123074 4
1064493383720898 551 -0.10923004150391 0.65838873386383 0.00116574764252 10004
1064531300230869 551 0.31829833984375 8.04608631134033 -0.00112497806549 20004
1064569216714499 551 -0.347412109375 -4.63297271728516 0.00211751461029 30004
1064607133250788 551 -0.42169189453125 4.5963077545166 0.00371336936951 40004
1064645049762099 551 0.08935546875 5.67282438278198 -0.00105834007263 50004
1064682966270799 551 -3.37432861328125 0.71649563312531 0.0216166973114 60004
10647208827841210 551 -0.2723388671875 -3.93575286865234 0.00207662582397 70004
1064758799291459 551 -1.76934814453125 1.48054599761963 0.01100492477417 80004
10647967158026210 551 -0.091552734375 -3.13269448280334 -0.0002965927124 90004
1064455467211989 552 0.53750765323639 2.83907508850098 -0.00359852029942 4
1064493383720898 552 -0.25113677978516 0.93212789297104 0.00116467475891 10004
1064531300230869 552 0.31829833984375 8.04608631134033 -0.00112497806549 20004
1064569216714499 552 -0.436279296875 -5.06388092041016 0.00211715698242 30004
1064607133250788 552 -0.39413452148438 4.94001197814941 0.00257992744446 40004
1064645049762099 552 0.11962890625 5.33867979049683 -0.00105500221252 50004
1064682966270799 552 -3.68682861328125 0.59416401386261 0.02367901802063 60004
10647208827841210 552 -0.24981689453125 -3.60508728027344 0.00209140777588 70004
1064758799291459 552 -2.02325439453125 1.18728160858154 0.01305103302002 80004
10647967158026210 552 -0.25347900390625 -2.74440789222717 0.00172901153564 90004
1064455467211989 553 0.61155724525452 2.59281516075134 -0.0035985193681 4
1064493383720898 553 -0.26773834228516 1.32655608654022 0.00116372108459 10004
1064531300230869 553 0.24261474609375 7.8378586769104 -0.00112545490265 20004
1064569216714499 553 -0.334716796875 -5.49201965332031 0.00211644172668 30004
1064607133250788 553 -0.51522827148438 5.2628345489502 0.00257587432861 40004
1064645049762099 553 0.005859375 5.02308225631714 -0.00105285644531 50004
1064682966270799 553 -3.79327392578125 0.60089790821075 0.02367663383484 60004
10647208827841210 553 -0.13330078125 -3.29521942138672 0.00098133087158 70004
1064758799291459 553 -2.37774658203125 1.0288610458374 0.01511192321777 80004
10647967158026210 553 -0.56402587890625 -2.46051836013794 0.00382518768311 90004
1064455467211989 554 0.75845563411713 2.38733506202698 -0.00472156191245 4
1064493383720898 554 -0.16748809814453 1.70227336883545 0.00116211175919 10004
1064531300230869 554 0.24310302734375 7.56452989578247 -0.00112640857697 20004
1064569216714499 554 -0.3759765625 -5.9222354888916 0.00211596488953 30004
1064607133250788 554 -0.52536010742188 5.601318359375 0.00360894203186 40004
1064645049762099 554 -0.00070190429688 4.69357442855835 0.00095820426941 50004
1064682966270799 554 -3.81988525390625 0.60258138179779 0.02367305755615 60004
10647208827841210 554 -0.1220703125 -2.96973323822021 0.00098371505737 70004
1064758799291459 554 -2.65679931640625 0.7693076133728 0.01713180541992 80004
10647967158026210 554 -0.79840087890625 -2.11542558670044 0.00583171844482 90004
1064455467211989 555 0.88888329267502 2.17088937759399 -0.00472155306488 4
1064493383720898 555 -0.11273956298828 2.08382773399353 0.00116032361984 10004
1064531300230869 555 0.18731689453125 7.20842027664185 -0.00112700462341 20004
1064569216714499 555 -0.51022338867188 -6.33855247497559 0.00415623188019 30004
1064607133250788 555 -0.55953979492188 5.93886184692383 0.00360131263733 40004
1064645049762099 555 0.00027465820313 4.35926198959351 0.00096702575684 50004
1064682966270799 555 -3.81988525390625 0.60258138179779 0.02366924285889 60004
10647208827841210 555 -0.21484375 -2.65961170196533 0.0009880065918 70004
1064758799291459 555 -2.87310791015625 0.45043954253197 0.01915740966797 80004
10647967158026210 555 -1.07379150390625 -1.80950343608856 0.00583553314209 90004
1064455467211989 556 0.98343884944916 1.93193435668945 -0.00584460236132 4
1064493383720898 556 -0.17212677001953 2.47054696083069 0.00115931034088 10004
1064531300230869 556 0.0972900390625 6.78552627563477 -0.00112724304199 20004
10645692167144910 556 0.0233154296875 -7.95001029968262 -0.00000047683716 30004
1064607133250789 556 0.016357421875 7.56747198104858 0 40004
1064645049762099 556 0.00927734375 4.02984952926636 0.00097274780273 50004
1064682966270799 556 -3.81988525390625 0.60258138179779 0.02366542816162 60004
10647208827841210 556 -0.37896728515625 -2.37153720855713 0.00304174423218 70004
1064758799291459 556 -3.06134033203125 0.15036617219448 0.01915550231934 80004
10647967158026210 556 -1.38140869140625 -1.5329407453537 0.00785970687866 90004
1064455467211989 557 1.09264802932739 1.69914162158966 -0.00696765165776 4
1064493383720898 557 -0.32006072998047 2.83651995658875 0.00115841627121 10004
1064531300230869 557 0.1495361328125 6.34540176391602 -0.00112771987915 20004
10645692167144910 557 0.1165771484375 -7.75005149841309 -0.00000166893005 30004
1064607133250789 557 0.081787109375 7.70747900009155 -0.00000143051147 40004
1064645049762099 557 0.12686157226563 3.71564412117004 -0.00014591217041 50004
1064682966270799 557 -3.81988525390625 0.60258138179779 0.02366161346436 60004
10647208827841210 557 -0.55181884765625 -2.08789157867432 0.00304937362671 70004
1064758799291459 557 -3.27874755859375 -0.01651266589761 0.02118301391602 80004
10647967158026210 557 -1.5855712890625 -1.16574370861053 0.00992345809937 90004
1064455467211989 558 1.29002416133881 1.53429758548737 -0.00809067301452 4
1064493383720898 558 -0.29943084716797 3.23076915740967 0.00216567516327 10004
1064531300230869 558 0.0169677734375 5.92261457443237 -0.00112760066986 20004
10645692167144910 558 0.1165771484375 -7.32210350036621 -0.00000166893005 30004
1064607133250789 558 0.081787109375 7.70747900009155 -0.00000143051147 40004
1064645049762099 558 0.10049438476563 3.38116002082825 -0.00014424324036 50004
1064682966270799 558 -3.81988525390625 0.60258138179779 0.02365779876709 60004
10647208827841210 558 -0.82818603515625 -1.90338337421417 0.00505781173706 70004
1064758799291459 558 -3.48968505859375 -0.06342652440071 0.02324771881104 80004
10647967158026210 558 -1.92724609375 -0.91939210891724 0.01198291778564 90004
1064455467211989 559 1.42127645015717 1.31849110126495 -0.00809066276997 4
1064493383720898 559 -0.23055267333984 3.61848783493042 0.00216484069824 10004
1064531300230869 559 0.02719116210938 5.48742485046387 0.0008852481842 20004
10645692167144910 559 0.2008056640625 -6.89707374572754 -0.0011248588562 30004
1064607133250789 559 0.081787109375 7.70747900009155 -0.00000143051147 40004
1064645049762099 559 0.18215942382813 3.0618851184845 -0.00014233589172 50004
1064682966270799 559 -3.81988525390625 0.60258138179779 0.02365398406982 60004
10647208827841210 559 -1.07012939453125 -1.67767727375031 0.00709629058838 70004
1064758799291459 559 -3.55853271484375 -0.07176092267036 0.0232515335083 80004
10647967158026210 559 -2.205322265625 -0.60772776603699 0.01401376724243 90004
1064455467211989 560 1.57457196712494 1.1196665763855 -0.00921370089054 4
1064493383720898 560 -0.23104095458984 4.00391149520874 0.00216394662857 10004
1064531300230869 560 0.02601623535156 5.04826164245605 -0.0002384185791 20004
10645692167144910 560 0.2183837890625 -6.4691104888916 -0.00112295150757 30004
1064607133250789 560 0.081787109375 7.70747900009155 -0.00000143051147 40004
1064645049762099 560 0.25711059570313 2.73780751228333 -0.00126242637634 50004
1064682966270799 560 -3.81988525390625 0.60258138179779 0.02365016937256 60004
10647208827841210 560 -1.26495361328125 -1.4123603105545 0.00710439682007 70004
1064758799291459 560 -3.56976318359375 -0.0694982111454 0.02325534820557 80004
10647967158026210 560 -2.379638671875 -0.2358361184597 0.0160493850708 90004
1064455467211989 561 1.78304862976074 0.97415125370026 -0.01145976502448 4
1064493383720898 561 -0.27425384521484 4.38927984237671 0.00216346979141 10004
1064531300230869 561 0.01325988769531 4.61312246322632 -0.00023853778839 20004
10645692167144910 561 0.1885986328125 -6.03919410705566 -0.00112175941467 30004
1064607133250789 561 0.081787109375 7.70747900009155 -0.00000143051147 40004
1064645049762099 561 0.30410766601563 2.40662693977356 -0.00125956535339 50004
1064682966270799 561 -3.81988525390625 0.60258138179779 0.02364635467529 60004
10647208827841210 561 -1.4505615234375 -1.14473783969879 0.00915288925171 70004
1064758799291459 561 -3.57073974609375 -0.0694982111454 0.02325916290283 80004
10647967158026210 561 -2.4375 0.12322142720222 0.01605892181396 90004
1064455467211989 562 2.02486419677734 0.88660997152328 -0.01258281152695 4
1064493383720898 562 -0.18929290771484 4.77481031417847 0.00216215848923 10004
1064531300230869 562 0.14387512207031 4.18962240219116 -0.00023996829987 20004
10645692167144910 562 0.3009033203125 -5.61513710021973 -0.00111937522888 30004
1064607133250789 562 0.081787109375 7.70747900009155 -0.00000143051147 40004
1064645049762099 562 0.39541625976563 2.08375477790833 -0.00238037109375 50004
1064682966270799 562 -3.81988525390625 0.60258138179779 0.02364253997803 60004
10647208827841210 562 -1.7181396484375 -0.94783270359039 0.01125574111938 70004
1064758799291459 562 -3.57171630859375 -0.0694982111454 0.02326250076294 80004
10647967158026210 562 -2.3935546875 0.32840621471405 0.01607656478882 90004
1064455467211989 563 2.28168845176697 0.87345910072327 -0.01370583660901 4
1064493383720898 563 -0.27523040771484 5.16012525558472 0.00216174125671 10004
1064531300230869 563 0.08332824707031 3.75060653686523 -0.00024032592773 20004
10645692167144910 563 0.2237548828125 -5.18326759338379 -0.00111842155457 30004
1064607133250789 563 0.081787109375 7.70747900009155 -0.00000143051147 40004
1064645049762099 563 0.61465454101563 1.82967936992645 -0.00350046157837 50004
1064682966270799 563 -3.59039306640625 0.60202443599701 0.02363729476929 60004
10647208827841210 563 -2.0439453125 -0.88211500644684 0.0133204460144 70004
1064758799291459 563 -3.57269287109375 -0.0694982111454 0.02326583862305 80004
10647967158026210 563 -2.220703125 0.5564306974411 0.01497173309326 90004
1064455467211989 564 2.51630043983459 0.7798285484314 -0.01595193706453 4
1064493383720898 564 -0.23299407958984 5.54560232162476 0.00216084718704 10004
1064531300230869 564 0.16615295410156 3.3232250213623 -0.00024032592773 20004
10645692167144910 564 0.01513671875 -4.80623245239258 -0.00111722946167 30004
1064607133250789 564 0.0850830078125 7.66835737228394 -0.00000190734863 40004
1064645049762099 564 0.89944458007813 1.66290891170502 -0.00574707984924 50004
1064682966270799 564 -3.19610595703125 0.6706520318985 0.02138566970825 60004
10647208827841210 564 -2.3251953125 -0.71800673007965 0.015380859375 70004
1064758799291459 564 -3.57366943359375 -0.0694982111454 0.02327013015747 80004
10647967158026210 564 -2.03466796875 0.8935409784317 0.01386499404907 90004
1064455467211989 565 2.66865372657776 0.66830092668533 -0.01707493513823 4
1064493383720898 565 -0.23348236083984 5.93102407455444 0.00216007232666 10004
1064531300230869 565 0.38014221191406 2.94715690612793 -0.00136542320251 20004
10645692167144910 565 -0.14080810546875 -4.45870971679688 0.00094389915466 30004
1064607133250789 565 0.0457763671875 7.52827787399292 -0.00000262260437 40004
1064645049762099 565 1.1612548828125 1.46703660488129 -0.00686454772949 50004
1064682966270799 565 -2.7489013671875 0.66315138339996 0.01801776885986 60004
10647208827841210 565 -2.5244140625 -0.49825155735016 0.015380859375 70004
1064758799291459 565 -3.53363037109375 -0.03124382905662 0.02327585220337 80004
10647967158026210 565 -1.828125 1.25776827335358 0.01276111602783 90004
1064455467211989 566 2.72678923606873 0.59134036302567 -0.01707489788532 4
1064493383720899 566 0.02279663085938 7.58135747909546 -0.00000011920929 10004
1064531300230869 566 0.68072509765625 2.6215353012085 -0.00361382961273 20004
10645692167144910 566 -0.20245361328125 -4.09814262390137 0.00094044208527 30004
1064607133250789 566 -0.0081787109375 7.26251173019409 -0.00000286102295 40004
1064645049762099 566 1.4012451171875 1.24206244945526 -0.007976770401 50004
1064682966270799 566 -2.3004150390625 0.580282330513 0.01577353477478 60004
10647208827841210 566 -2.625 -0.2887374162674 0.0174126625061 70004
1064758799291459 566 -3.41058349609375 0.0460150167346 0.02216005325317 80004
10647967158026210 566 -1.60205078125 1.61048519611359 0.01053047180176 90004
1064455467211989 567 2.72678542137146 0.59134036302567 -0.01707485318184 4
1064493383720899 567 0.11398315429688 7.77688360214233 -0.00000059604645 10004
1064531300230869 567 0.99070739746094 2.30494594573975 -0.00586187839508 20004
10645692167144910 567 -0.27032470703125 -3.66473650932312 0.00093686580658 30004
1064607133250789 567 0.0250244140625 6.8834376335144 -0.00000429153442 40004
1064645049762099 567 1.70681762695313 1.10439383983612 -0.01021409034729 50004
1064682966270799 567 -1.8424072265625 0.5688773393631 0.0122606754303 60004
10647208827841210 567 -2.6318359375 -0.1784964799881 0.0174126625061 70004
1064758799291459 567 -3.16156005859375 0.1255240291357 0.02104330062866 80004
10647967158026210 567 -1.36492919921875 1.95640575885773 0.00941944122314 90004
1064455467211989 568 2.69801783561707 0.46604964137077 -0.01707483641803 4
1064493383720899 568 0.14205932617188 7.80044317245483 -0.00000143051147 10004
1064531300230869 568 1.13809204101563 1.88695108890533 -0.00698602199554 20004
10645692167144910 568 -0.51535034179688 -3.30072283744812 0.00297844409943 30004
1064607133250789 568 -0.0994873046875 6.52386426925659 -0.00000476837158 40004
1064645049762099 568 1.92605590820313 0.85031843185425 -0.01133275032043 50004
1064682966270799 568 -1.38287353515625 0.59583866596222 0.00986051559448 60004
10647208827841210 568 -2.5341796875 0.07103589177132 0.0174126625061 70004
1064758799291459 568 -2.774169921875 0.10693703591824 0.01864767074585 80004
10647967158026210 568 -1.29461669921875 2.37082314491272 0.00942420959473 90004
1064455467211989 569 2.57230997085571 0.28265970945358 -0.01707481779158 4
1064493383720899 569 0.14907836914063 7.80633306503296 -0.00000154972076 10004
1064531300230869 569 1.40751647949219 1.54501068592072 -0.00811064243317 20004
10645692167144910 569 -0.62789916992188 -2.88466429710388 0.00297820568085 30004
1064607133250789 569 -0.101318359375 6.15008878707886 -0.0000057220459 40004
1064645049762099 569 2.21047973632813 0.68354749679565 -0.01357340812683 50004
1064682966270799 569 -0.93170166015625 0.53147256374359 0.00619554519653 60004
10647208827841210 569 -2.365478515625 0.27091988921165 0.01628971099854 70004
1064758799291459 569 -2.40771484375 0.21249760687351 0.01639795303345 80004
10647967158026210 569 -1.14105224609375 2.76122999191284 0.00813341140747 90004
1064455467211989 570 2.39578533172607 0.09757001698017 -0.0150366332382 4
1064493383720899 570 0.14907836914063 7.80633306503296 -0.00000154972076 10004
1064531300230869 570 1.76991271972656 1.30878555774689 -0.01035964488983 20004
10645692167144910 570 -0.76266479492188 -2.47327589988709 0.00498366355896 30004
1064607133250789 570 0.015869140625 5.79757642745972 -0.0000057220459 40004
1064645049762099 570 2.43508911132813 0.53138113021851 -0.01469326019287 50004
1064682966270799 570 -0.52447509765625 0.3463476896286 0.00379967689514 60004
10647208827841210 570 -2.114013671875 0.42065820097923 0.01404285430908 70004
1064758799291459 570 -2.0341796875 0.27667561173439 0.01414632797241 80004
10647967158026210 570 -0.93792724609375 3.11665296554565 0.00701522827148 90004
1064455467211989 571 2.22299337387085 -0.08654531091452 -0.01503661833704 4
1064493383720899 571 0.14907836914063 7.80633306503296 -0.00000154972076 10004
1064531300230869 571 2.18197631835938 1.14647018909454 -0.01387524604797 20004
10645692167144910 571 -1.00106811523438 -2.11438727378845 0.00710952281952 30004
1064607133250789 571 0.172119140625 5.45806264877319 -0.00000810623169 40004
1064645049762099 571 2.54559326171875 0.39379501342773 -0.01581335067749 50004
1064682966270799 571 -0.1407470703125 0.10391668230295 0.00155067443848 60004
10647208827841210 571 -1.8238525390625 0.5668917298317 0.01180124282837 70004
1064758799291459 571 -1.64935302734375 0.28658345341682 0.0106258392334 80004
10647967158026210 571 -0.69525146484375 3.44934034347534 0.00477409362793 90004
1064455467211989 572 2.1169764995575 -0.32074749469757 -0.01303261052817 4
1064493383720899 572 0.14907836914063 7.80633306503296 -0.00000154972076 10004
1064531300230869 572 2.58610534667969 0.96479141712189 -0.0161224603653 20004
10645692167144910 572 -1.34872436523438 -1.84694147109985 0.00920879840851 30004
1064607133250789 572 0.211181640625 5.07955312728882 -0.00113248825073 40004
1064645049762099 572 2.55926513671875 0.34344005584717 -0.01581120491028 50004
1064682966270799 572 0.2947998046875 -0.03948386386037 -0.0008442401886 60004
10647208827841210 572 -1.59283447265625 0.80339914560318 0.01068687438965 70004
1064758799291459 572 -1.2716064453125 0.38197615742683 0.00836372375488 80004
10647967158026210 572 -0.57122802734375 3.8502345085144 0.00477886199951 90004
1064455467211989 573 1.92786633968353 -0.4948638677597 -0.0130325993523 4
1064493383720899 573 0.14907836914063 7.80633306503296 -0.00000154972076 10004
1064531300230869 573 2.77458190917969 0.74635708332062 -0.01724755764008 20004
10645692167144910 573 -1.55087280273438 -1.45757341384888 0.00920939445496 30004
1064607133250789 573 0.346435546875 4.72388601303101 -0.00113439559937 40004
1064645049762099 573 2.52362060546875 0.12620830535889 -0.01580929756165 50004
1064682966270799 573 0.5321044921875 -0.26221498847008 -0.00309062004089 60004
10647208827841210 573 -1.48248291015625 1.11595439910889 0.00956392288208 70004
1064758799291459 573 -0.89056396484375 0.3094873726368 0.00610017776489 80004
10647967158026210 573 -0.557861328125 4.27029371261597 0.00365924835205 90004
1064455467211989 574 1.79020881652832 -0.70869916677475 -0.01102339383215 4
1064493383720899 574 0.14907836914063 7.80633306503296 -0.00000154972076 10004
1064531300230869 574 2.83760070800781 0.6353155374527 -0.01724684238434 20004
10645692167144910 574 -1.862060546875 -1.15964651107788 0.01125478744507 30004
1064607133250789 574 0.359375 4.35033178329468 -0.00225806236267 40004
1064645049762099 574 2.40960693359375 -0.08199771493673 -0.01580715179443 50004
1064682966270799 574 0.7943115234375 -0.59551137685776 -0.00420880317688 60004
10647208827841210 574 -1.31573486328125 1.39995813369751 0.00956392288208 70004
1064758799291459 574 -0.56060791015625 0.12127507477999 0.00384473800659 80004
10647967158026210 574 -0.5712890625 4.69013547897339 0.00365924835205 90004
1064455467211989 575 1.64219188690186 -0.91615378856659 -0.01102338451892 4
1064493383720899 575 0.12802124023438 7.71930837631226 -0.00000178813934 10004
1064531300230869 575 2.84822082519531 0.59769356250763 -0.01724421977997 20004
10645692167144910 575 -2.24362182617188 -0.95533263683319 0.01335299015045 30004
1064607133250789 575 0.291259765625 3.97820425033569 -0.00226187705994 40004
1064645049762099 575 2.22479248046875 -0.30707582831383 -0.01375508308411 50004
1064682966270799 575 0.9554443359375 -0.91225379705429 -0.00532650947571 60004
10647208827841210 575 -1.198486328125 1.70088720321655 0.00844097137451 70004
1064758799291459 575 -0.29644775390625 -0.15252627432346 0.00271606445313 80004
10647967158026210 575 -0.50439453125 5.09479475021362 0.00366401672363 90004
1064455467211989 576 1.49066543579102 -1.11812496185303 -0.00899786967784 4
1064493383720899 576 0.1141357421875 7.50100660324097 -0.00000214576721 10004
1064531300230869 576 2.83064270019531 0.57184541225433 -0.01724112033844 20004
10645692167144910 576 -2.63449096679688 -0.77357065677643 0.01739954948425 30004
1064607133250789 576 0.223876953125 3.61054944992065 -0.00126147270203 40004
1064645049762099 576 2.013916015625 -0.56530296802521 -0.01375269889832 50004
1064682966270799 576 0.9669189453125 -1.22100281715393 -0.00532197952271 60004
10647208827841210 576 -1.114013671875 2.01503753662109 0.00731945037842 70004
1064758799291459 576 -0.11944580078125 -0.48888444900513 0.0015869140625 80004
10647967158026210 576 -0.392822265625 5.49189901351929 0.00254774093628 90004
1064455467211989 577 1.41097009181976 -1.36256980895996 -0.00899786595255 4
1064493383720899 577 0.18497467041016 7.14994382858276 -0.00112634897232 10004
1064531300230869 577 2.76028442382813 0.46845266222954 -0.01724112033844 20004
10645692167144910 577 -2.95138549804688 -0.47006571292877 0.01944041252136 30004
1064607133250789 577 0.279541015625 3.2341456413269 -0.00126147270203 40004
1064645049762099 577 1.85946655273438 -0.86333477497101 -0.01171469688416 50004
1064682966270799 577 0.8575439453125 -1.66600060462952 -0.00531911849976 60004
10647208827841210 577 -0.930419921875 2.28952407836914 0.00621223449707 70004
1064758799291459 577 -0.0584716796875 -0.87186861038208 0.00045919418335 80004
10647967158026211 577 0 7.53247022628784 0 90004
1064455467211989 578 1.23548877239227 -1.55037379264832 -0.00899786129594 4
1064493383720899 578 0.10076904296875 6.80187559127808 -0.00112724304199 10004
1064531300230869 578 2.46267700195313 0.29098436236382 -0.01587772369385 20004
10645692167144910 578 -3.07241821289063 -0.28714525699615 0.01943981647491 30004
1064607133250789 578 0.489013671875 2.91661024093628 -0.00238585472107 40004
1064645049762099 578 1.67587280273438 -1.14428675174713 -0.0117130279541 50004
1064682966270799 578 0.5704345703125 -2.02290201187134 -0.00330853462219 60004
10647208827841210 578 -0.879638671875 2.61689376831055 0.00622749328613 70004
1064758799291459 578 -0.1639404296875 -1.24525654315948 0.00045919418335 80004
10647967158026211 578 0.1875 7.93476819992065 -0.0011305809021 90004
1064455467211989 579 1.13184809684753 -1.78067350387573 -0.00694371853024 4
1064493383720899 579 0.13125610351563 6.45914030075073 -0.00112861394882 10004
1064531300230869 579 2.11062622070313 0.0637376382947 -0.01324760913849 20004
10645692167144910 579 -3.10220336914063 -0.24141515791416 0.01943671703339 30004
1064607133250789 579 0.77041625976563 2.66662359237671 -0.00463390350342 40004
1064645049762099 579 1.59445190429688 -1.46362268924713 -0.00970005989075 50004
1064682966270799 579 0.4166259765625 -2.44587755203247 -0.00330591201782 60004
10647208827841210 579 -0.798095703125 2.93729686737061 0.0062427520752 70004
1064758799291459 579 -0.1434326171875 -1.62584173679352 0.00045919418335 80004
10647967158026211 579 0.24169921875 8.19873046875 -0.00113582611084 90004
1064455467211989 580 1.05976176261902 -2.02733659744263 -0.00694371107966 4
1064493383720899 580 0.12350463867188 6.11462736129761 -0.00112992525101 10004
1064531300230869 580 1.8094482421875 -0.24687817692757 -0.01190769672394 20004
10645692167144910 580 -3.09756469726563 -0.22752620279789 0.01943361759186 30004
1064607133250789 580 1.01348876953125 2.38534879684448 -0.0057647228241 40004
1064645049762099 580 1.47897338867188 -1.77016413211823 -0.00969839096069 50004
1064682966270799 580 0.3551025390625 -2.89744234085083 -0.00330328941345 60004
10647208827841210 580 -0.678466796875 3.24433994293213 0.00513505935669 70004
1064758799291459 580 -0.1649169921875 -2.00402784347534 0.00045680999756 80004
10647967158026211 580 0.24658203125 8.30765533447266 -0.00113773345947 90004
1064455467211989 581 0.97115594148636 -2.26408815383911 -0.00694370362908 4
1064493383720899 581 0.07803344726563 5.76580381393433 -0.00113093852997 10004
1064531300230869 581 1.62252807617188 -0.63991779088974 -0.0098705291748 20004
10645692167144910 581 -3.04971313476563 -0.16019375622272 0.01943039894104 30004
1064607133250789 581 1.22457885742188 2.07717180252075 -0.00689244270325 40004
1064645049762099 581 1.32931518554688 -2.0639111995697 -0.00769376754761 50004
1064682966270799 581 0.2933349609375 -3.34336709976196 -0.00130081176758 60004
10647208827841210 581 -0.564697265625 3.54916572570801 0.00402545928955 70004
1064758799291459 581 -0.22894287109375 -2.37981367111206 0.00246858596802 80004
10647967158026211 581 0.24658203125 8.30765533447266 -0.00113773345947 90004
1064455467211989 582 0.8101532459259 -2.46448683738709 -0.00492304284126 4
1064493383720899 582 0.14883422851563 5.41471433639526 -0.00113236904144 10004
1064531300230869 582 1.57150268554688 -1.08014523983002 -0.00987195968628 20004
10645692167144910 582 -2.88516235351563 0.02580226957798 0.01943016052246 30004
1064607133250789 582 1.52911376953125 1.84970009326935 -0.00914216041565 40004
1064645049762099 582 1.27316284179688 -2.39132905006409 -0.00731754302979 50004
1064682966270799 582 0.0872802734375 -3.75267648696899 -0.00130200386047 60004
10647208827841210 582 -0.552001953125 3.88045310974121 0.00403308868408 70004
1064758799291459 582 -0.16839599609375 -2.76279783248901 0.00134134292603 80004
10647967158026211 582 0.24658203125 8.30765533447266 -0.00113773345947 90004
1064455467211989 583 0.74890738725662 -2.71419143676758 -0.00492303911597 4
1064493383720899 583 0.06460571289063 5.06664609909058 -0.00113320350647 10004
1064531300230869 583 1.33920288085938 -1.45747590065002 -0.00786948204041 20004
10645692167144910 583 -2.48526000976563 0.2057458460331 0.01606047153473 30004
1064607133250789 583 1.70928955078125 1.51462090015411 -0.01027226448059 40004
1064645049762099 583 1.08908081054688 -2.67228150367737 -0.00731205940247 50004
1064682966270799 583 0.0736083984375 -4.21080636978149 -0.00130271911621 60004
10647208827841210 583 -0.401611328125 4.17499971389771 0.00292539596558 70004
1064758799291459 583 -0.27484130859375 -3.13618421554565 0.00133895874023 80004
10647967158026211 583 0.24658203125 8.30765533447266 -0.00113773345947 90004
1064455467211989 584 0.62650221586227 -2.9369158744812 -0.00492303306237 4
1064493383720899 584 0.09664916992188 4.71631145477295 -0.00113433599472 10004
1064531300230869 584 1.16392517089844 -1.86288213729858 -0.0078706741333 20004
10645692167144910 584 -2.06808471679688 0.34001460671425 0.013667345047 30004
1064607133250789 584 1.98321533203125 1.26024687290192 -0.01252007484436 40004
1064645049762099 584 0.963623046875 -2.98142647743225 -0.00530576705933 50004
1064682966270799 584 -0.0843505859375 -4.63232088088989 0.0007381439209 60004
10647208827841210 584 -0.3544921875 4.49710512161255 0.00293493270874 70004
1064758799291459 584 -0.25604248046875 -3.51676893234253 0.00133371353149 80004
10647967158026211 584 0.24658203125 8.30765533447266 -0.00113773345947 90004
1064455467211989 585 0.53555911779404 -3.17086410522461 -0.00291964667849 4
1064493383720899 585 0.08993530273438 4.36673259735107 -0.00113558769226 10004
1064531300230869 585 1.07176208496094 -2.29135274887085 -0.00787162780762 20004
10645692167144910 585 -1.69036865234375 0.54271054267883 0.01141810417175 30004
1064607133250789 585 2.25009155273438 0.99404674768448 -0.01364612579346 40004
1064645049762099 585 0.84030151367188 -3.29301285743713 -0.00530409812927 50004
1064682966270799 585 -0.193603515625 -5.06604051589966 0.00073313713074 60004
10647208827841210 585 -0.27294921875 4.81002473831177 0.00182342529297 70004
1064758799291459 585 -0.27899169921875 -3.89495420455933 0.00133037567139 80004
10647967158026211 585 0.24658203125 8.30765533447266 -0.00113773345947 90004
1064455467211989 586 0.47053137421608 -3.41490268707275 -0.00291964202188 4
1064493383720899 586 0.04446411132813 4.01791715621948 -0.00008767843246 10004
1064531300230869 586 0.99737548828125 -2.72026300430298 -0.00586879253387 20004
10645692167144910 586 -1.39590454101563 0.85747051239014 0.00917160511017 30004
1064607133250789 586 2.43093872070313 0.71878010034561 -0.0147750377655 40004
1064645049762099 586 0.73519897460938 -3.60536122322083 -0.00530576705933 50004
1064682966270799 586 -0.15771484375 -5.51491403579712 0.00072503089905 60004
10647208827841210 586 -0.156982421875 5.11375856399536 0.0018367767334 70004
1064758799291459 586 -0.34368896484375 -4.27074289321899 0.00239753723145 80004
10647967158026211 586 0.24658203125 8.30765533447266 -0.00113773345947 90004
1064455467211989 587 0.3277333676815 -3.62864470481873 -0.00291964085773 4
1064493383720899 587 0.11526489257813 3.66684293746948 -0.00008815526962 10004
1064531300230869 587 0.78472900390625 -3.10907292366028 -0.00586807727814 20004
10645692167144910 587 -1.21572875976563 1.25746595859528 0.00804924964905 30004
1064607133250789 587 2.470458984375 0.5324998497963 -0.01590442657471 40004
1064645049762099 587 0.73666381835938 -3.94086384773254 -0.00530743598938 50004
1064682966270799 587 0.02294921875 -5.93601846694946 0.00072407722473 60004
10647208827841210 587 -0.144287109375 5.44504976272583 0.00184440612793 70004
1064758799291459 587 -0.28314208984375 -4.65373086929321 0.00239229202271 80004
10647967158026211 587 0.24658203125 8.30765533447266 -0.00113773345947 90004
1064455467211989 588 0.28863912820816 -3.88275218009949 -0.0029196399264 4
1064493383720899 588 0.32788848876953 3.37857890129089 -0.00121253728867 10004
1064531300230869 588 0.724853515625 -3.5481743812561 -0.00384640693665 20004
10645692167144910 588 -0.93692016601563 1.59635984897614 0.00692689418793 30004
1064607133250789 588 2.470458984375 0.5324998497963 -0.01590442657471 40004
1064645049762099 588 0.59603881835938 -4.24549722671509 -0.0032913684845 50004
1064682966270799 588 0.14501953125 -6.37781381607056 -0.00040102005005 60004
10647208827841210 588 -0.273193359375 5.75100374221802 0.00185203552246 70004
1064758799291459 588 -0.38958740234375 -5.02712106704712 0.00239038467407 80004
10647967158026211 588 0.24658203125 8.30765533447266 -0.00113773345947 90004
1064455467211989 589 0.22403329610825 -4.13116216659546 -0.00091610837262 4
1064493383720899 589 0.43412017822266 3.04320096969604 -0.00233751535416 10004
1064531300230869 589 0.80812072753906 -3.97540330886841 -0.00497114658356 20004
10645692167144910 589 -0.78436279296875 1.99975407123566 0.00579929351807 30004
1064607133250789 589 2.470458984375 0.5324998497963 -0.01590442657471 40004
1064645049762099 589 0.56198120117188 -4.57328271865845 -0.00329065322876 50004
10646829662707910 589 0.090087890625 -7.68389129638672 -0.00000238418579 60004
10647208827841211 589 0.1201171875 7.7904257774353 0.00000286102295 70004
1064758799291459 589 -0.37078857421875 -5.40770959854126 0.00238609313965 80004
10647967158026211 589 0.20703125 8.1430549621582 -0.00114059448242 90004
1064455467211989 590 0.206424087286 -4.38157224655151 -0.00091610685922 4
1064493383720899 590 0.57582092285156 2.72353935241699 -0.00346279144287 10004
1064531300230869 590 0.84388732910156 -4.40659761428833 -0.00497400760651 20004
10645692167144910 590 -0.66131591796875 2.42093873023987 0.00467240810394 30004
1064607133250789 590 2.393310546875 0.47695881128311 -0.01590538024902 40004
1064645049762099 590 0.53952026367188 -4.90716409683228 -0.00328922271729 50004
10646829662707910 590 0.115478515625 -7.25675582885742 -0.00000429153442 60004
10647208827841211 590 0.2333984375 8.0513162612915 -0.00111865997314 70004
1064758799291459 590 -0.23260498046875 -5.7596116065979 0.00238132476807 80004
10647967158026211 590 0.22509765625 7.8132472038269 -0.00114250183105 90004
1064455467211989 591 0.22255478799343 -4.63540983200073 -0.00091610470554 4
1064493383720899 591 0.81392669677734 2.46447968482971 -0.00458711385727 10004
1064531300230869 591 0.73908996582031 -4.82911729812622 -0.00497603416443 20004
10645692167144910 591 -0.48477172851563 2.81438565254211 0.00354731082916 30004
1064607133250789 591 2.21075439453125 0.36830741167068 -0.01385116577148 40004
1064645049762099 591 0.45907592773438 -5.22671937942505 -0.00328779220581 50004
10646829662707910 591 0.031494140625 -6.82736206054688 -0.00000596046448 60004
10647208827841211 591 0.283203125 8.18469715118408 -0.0011157989502 70004
1064758799291459 591 -0.053955078125 -6.09597063064575 0.00124073028564 80004
10647967158026211 591 0.2666015625 7.37925481796265 -0.00114440917969 90004
1064455467211989 592 0.17336575686932 -4.88777542114258 -0.00091610377422 4
1064493383720899 592 1.12834167480469 2.29304242134094 -0.00683343410492 10004
1064531300230869 592 0.49937438964844 -5.20175647735596 -0.00294935703278 20004
10645692167144910 592 -0.18594360351563 3.1357433795929 0.00129759311676 30004
1064607133250789 592 1.94284057617188 0.26694804430008 -0.01178574562073 40004
1064645049762099 592 0.27645874023438 -5.50816011428833 -0.00127816200256 50004
10646829662707910 592 -0.096435546875 -6.40816497802734 -0.00000643730164 60004
10647208827841211 592 0.283203125 8.18469715118408 -0.0011157989502 70004
10647587992914510 592 0 -8 0 80004
10647967158026211 592 0.166015625 6.96372747421265 -0.00114822387695 90004
1064455467211989 593 0.11922179162502 -5.1391167640686 -0.00091610313393 4
1064493383720899 593 1.33625030517578 2.01095819473267 -0.00795710086823 10004
1064531300230869 593 0.43955993652344 -5.64088153839111 -0.00295114517212 20004
10645692167144910 593 -0.05148315429688 3.55322003364563 0.00129747390747 30004
1064607133250789 593 1.67721557617188 -0.00552046298981 -0.01178550720215 40004
1064645049762099 593 0.23007202148438 -5.84042024612427 -0.00127673149109 50004
10646829662707910 593 -0.034912109375 -5.97417449951172 -0.00000786781311 60004
10647208827841211 593 0.283203125 8.18469715118408 -0.0011157989502 70004
10647587992914510 593 0.1669921875 -7.64176177978516 -0.00000381469727 80004
10647967158026211 593 0.2509765625 6.52008581161499 -0.00115585327148 90004
1064455467211989 594 0.09413733333349 -5.39444589614868 -0.00091610266827 4
1064493383720899 594 1.62400817871094 1.8118611574173 -0.01020354032516 10004
1064531300230869 594 0.41691589355469 -6.08295154571533 -0.00295281410217 20004
10645692167144910 594 -0.05859375 3.9841148853302 0.00017368793488 30004
1064607133250789 594 1.42074584960938 -0.28662499785423 -0.00975584983826 40004
1064645049762099 594 0.29208374023438 -6.16409730911255 -0.00127387046814 50004
10646829662707910 594 -0.115478515625 -5.55127906799316 -0.00001049041748 60004
10647208827841211 594 0.283203125 8.18469715118408 -0.0011157989502 70004
10647587992914510 594 0.208740234375 -7.35993576049805 -0.00112676620483 80004
10647967158026211 594 0.189453125 6.08081007003784 -0.00116014480591 90004
1064455467211989 595 0.13370405137539 -5.64235925674438 -0.00091610185336 4
1064493383720899 595 1.88739776611328 1.58200407028198 -0.01132762432098 10004
1064531300230869 595 0.32194519042969 -6.50697803497314 -0.00295448303223 20004
10645692167144910 595 -0.018310546875 4.4105372428894 0.0001722574234 30004
1064607133250789 595 1.239013671875 -0.61082553863525 -0.00769758224487 40004
10646450497620910 595 0.01904296875 -7.95929336547852 0.00000143051147 50004
10646829662707910 595 -0.14849853515625 -5.12468528747559 0.00199317932129 60004
10647208827841211 595 0.283203125 8.18469715118408 -0.0011157989502 70004
10647587992914510 595 0.292236328125 -7.05263900756836 -0.00112676620483 80004
10647967158026211 595 0.1767578125 5.64007902145386 -0.00116491317749 90004
1064455467211989 596 0.2007492184639 -5.88588905334473 -0.00091610068921 4
1064493383720899 596 2.12540435791016 1.32294619083405 -0.01357460021973 10004
10645313002308610 596 0.02532958984375 -7.94569778442383 0 20004
10645692167144910 596 0.0692138671875 4.83248853683472 0.0001722574234 30004
1064607133250789 596 1.12075805664063 -0.97230172157288 -0.00769853591919 40004
10646450497620910 596 0.047607421875 -7.89823341369629 0.00000286102295 50004
10646829662707910 596 -0.13433837890625 -4.69439315795898 0.00086832046509 60004
10647208827841211 596 0.283203125 8.18469715118408 -0.0011157989502 70004
10647587992914510 596 0.438232421875 -6.68734931945801 -0.00225353240967 80004
10647967158026211 596 0.212890625 5.19789266586304 -0.00117158889771 90004
1064455467211989 597 0.18535068631172 -6.14254951477051 -0.0009160998161 4
1064493383720899 597 2.43984222412109 1.15150451660156 -0.01469826698303 10004
10645313002308610 597 0.12664794921875 -7.72848892211914 -0.00000095367432 20004
10645692167144910 597 0.0150146484375 5.26785230636597 0.0001722574234 30004
1064607133250789 597 0.97769165039063 -1.32495319843292 -0.00570058822632 40004
10646450497620910 597 0.047607421875 -7.89823341369629 0.00000286102295 50004
10646829662707910 597 -0.26153564453125 -4.27519607543945 0.00086259841919 60004
10647208827841211 597 0.283203125 8.18469715118408 -0.0011157989502 70004
10647587992914510 597 0.521240234375 -6.30090522766113 -0.0022554397583 80004
10647967158026211 597 0.1025390625 4.76007223129272 -0.00117492675781 90004
1064455467211989 598 0.14855767786503 -6.39702033996582 -0.00091609923402 4
1064493383720899 598 2.65233612060547 0.86323577165604 -0.01694512367249 10004
10645313002308610 598 0.12664794921875 -7.5944938659668 -0.00000095367432 20004
10645692167144910 598 0.0526123046875 5.70497846603394 0.00017058849335 30004
1064607133250789 598 0.81314086914063 -1.66797649860382 -0.00570440292358 40004
10646450497620910 598 0.072509765625 -7.6538028717041 0.00000667572021 50004
10646829662707910 598 -0.19805908203125 -3.84120559692383 0.00084853172302 60004
10647208827841211 598 0.2841796875 8.17975330352783 -0.00111436843872 70004
10647587992914510 598 0.433349609375 -5.91555213928223 -0.00225687026978 80004
10647967158026211 598 0.0869140625 4.30872488021851 -0.00117874145508 90004
