# framerate: 30 fps
# id frame x/m y/m z/m
1103160840046980 0 0 -8 0 4
1103200769823560 0 0 -8 0 10004
1103240699599310 0 0 -8 0 20004
1103280629375040 0 0 -8 0 30004
1103320559151080 0 0 -8 0 40004
1103360488926650 0 0 -8 0 50004
1103400418700850 0 0 -8 0 60004
1103440348478230 0 0 -8 0 70004
1103480278279740 0 0 -8 0 80004
1103520208056190 0 0 -8 0 90004
1103160840046980 1 0 -8 0 4
1103200769823560 1 0 -8 0 10004
1103240699599310 1 0 -8 0 20004
1103280629375040 1 0 -8 0 30004
1103320559151080 1 0 -8 0 40004
1103360488926650 1 0 -8 0 50004
1103400418700850 1 0 -8 0 60004
1103440348478230 1 0 -8 0 70004
1103480278279740 1 0 -8 0 80004
1103520208056190 1 0 -8 0 90004
1103160840046980 2 0.03997785970569 -7.91426706314087 0.0000000000291 4
1103200769823560 2 0.02526092529297 -7.94581651687622 -0.00000023841858 10004
1103240699599310 2 0.03054809570313 -7.93444776535034 -0.00000047683716 20004
1103280629375040 2 0.03781127929688 -7.9187798500061 -0.00000047683716 30004
1103320559151080 2 0.00469970703125 -7.920982837677 -0.00000023841858 40004
1103360488926650 2 0.03097534179688 -7.93346977233887 0.00000047683716 50004
1103400418700850 2 0.0247802734375 -7.94659090042114 -0.00000143051147 60004
1103440348478230 2 0.001708984375 -7.99519348144531 0.00000047683716 70004
1103480278279740 2 0.0350341796875 -7.92486810684204 -0.00000190734863 80004
1103520208056190 2 0.00213623046875 -7.99573421478271 -0.00000143051147 90004
1103160840046980 3 0.14252954721451 -7.67909574508667 0.00000000046566 4
1103200769823560 3 0.09430694580078 -7.82662200927734 -0.00000083446503 10004
1103240699599310 3 0.10838317871094 -7.79499959945679 -0.00000095367432 20004
1103280629375040 3 0.11480712890625 -7.71722221374512 -0.00000262260437 30004
1103320559151080 3 0.045654296875 -7.71454000473022 -0.00000071525574 40004
1103360488926650 3 0.1177978515625 -7.75424385070801 0.00000333786011 50004
1103400418700850 3 0.0806884765625 -7.83912563323975 -0.00000524520874 60004
1103440348478230 3 0.0030517578125 -7.97130966186523 0.00000238418579 70004
1103480278279740 3 0.10009765625 -7.78533744812012 -0.00000381469727 80004
1103520208056190 3 0.0244140625 -7.96296691894531 -0.00000524520874 90004
1103160840046980 4 0.29353350400925 -7.27393960952759 -0.00112304394133 4
1103200769823560 4 0.21247100830078 -7.72754526138306 -0.00112497806549 10004
1103240699599310 4 0.22093200683594 -7.70055532455444 -0.00112664699554 20004
1103280629375040 4 0.15093994140625 -7.44671440124512 -0.00000643730164 30004
1103320559151080 4 0.217529296875 -7.39615774154663 -0.00112533569336 40004
1103360488926650 4 0.2740478515625 -7.45733833312988 -0.00111770629883 50004
1103400418700850 4 0.1334228515625 -7.79498195648193 -0.00000858306885 60004
1103440348478230 4 -0.0067138671875 -7.89153671264648 0.00000333786011 70004
1103480278279740 4 0.10009765625 -7.78533744812012 -0.00000381469727 80004
1103520208056190 4 0.1220703125 -7.83045959472656 -0.00001287460327 90004
1103160840046980 5 0.33095791935921 -6.87133312225342 -0.00112304184586 4
1103200769823560 5 0.21997833251953 -7.72135066986084 -0.00112599134445 10004
1103240699599310 5 0.33969116210938 -7.45495414733887 -0.00112760066986 20004
1103280629375040 5 0.3463134765625 -7.12775135040283 -0.00112819671631 30004
1103320559151080 5 0.48248291015625 -7.18736934661865 -0.00225162506104 40004
1103360488926650 5 0.390625 -7.33812522888184 -0.00223827362061 50004
1103400418700850 5 0.13671875 -7.79222297668457 -0.00000858306885 60004
1103440348478230 5 0.079833984375 -7.61745929718018 0.00000524520874 70004
1103480278279740 5 0.10009765625 -7.78533744812012 -0.00000381469727 80004
1103520208056190 5 0.128173828125 -7.82217788696289 -0.00001287460327 90004
1103160840046980 6 0.25829786062241 -6.45301675796509 -0.00112304114737 4
1103200769823560 6 0.27396392822266 -7.63304424285889 -0.00112760066986 10004
1103240699599310 6 0.38786315917969 -7.14557456970215 -0.00225281715393 20004
1103280629375040 6 0.46173095703125 -6.75375270843506 -0.00224912166595 30004
1103320559151080 6 0.70223999023438 -7.08363342285156 -0.0044994354248 40004
1103360488926650 6 0.4730224609375 -7.20597076416016 -0.00223731994629 50004
1103400418700850 6 0.13671875 -7.79222297668457 -0.00000858306885 60004
1103440348478230 6 0.3240966796875 -7.27989482879639 -0.00111389160156 70004
1103480278279740 6 0.1153564453125 -7.77352619171143 -0.0000057220459 80004
1103520208056190 6 0.1422119140625 -7.81945991516113 -0.00001811981201 90004
1103160840046980 7 0.19268545508385 -6.03538513183594 -0.00112303951755 4
1103200769823560 7 0.33010101318359 -7.52382755279541 -0.00112813711166 10004
1103240699599310 7 0.42802429199219 -6.82151508331299 -0.0022554397583 20004
1103280629375040 7 0.4775390625 -6.35651683807373 -0.00224721431732 30004
1103320559151080 7 0.81381225585938 -7.06085014343262 -0.00450563430786 40004
1103360488926650 7 0.50872802734375 -7.05186939239502 -0.00223445892334 50004
1103400418700850 7 0.13671875 -7.79222297668457 -0.00000858306885 60004
1103440348478230 7 0.5789794921875 -6.90934276580811 -0.00335884094238 70004
1103480278279740 7 0.2291259765625 -7.73933887481689 -0.00113248825073 80004
1103520208056190 7 0.15625 -7.81674194335938 -0.00002336502075 90004
1103160840046980 8 0.24093097448349 -5.60576438903809 -0.00112303625792 4
1103200769823560 8 0.33275604248047 -7.45599746704102 -0.00112956762314 10004
1103240699599310 8 0.51695251464844 -6.50647926330566 -0.00225973129272 20004
1103280629375040 8 0.4305419921875 -5.94960975646973 -0.00224614143372 30004
1103320559151080 8 0.81430053710938 -7.06085014343262 -0.00450944900513 40004
1103360488926650 8 0.50079345703125 -6.85845565795898 -0.00223207473755 50004
1103400418700850 8 0.13671875 -7.79222297668457 -0.00000858306885 60004
1103440348478230 8 0.6844482421875 -6.51137924194336 -0.00335884094238 70004
1103480278279740 8 0.484619140625 -7.68988800048828 -0.00225830078125 80004
1103520208056190 8 0.15625 -7.81674194335938 -0.00002336502075 90004
1103160840046980 9 0.2715051472187 -5.17447853088379 -0.00112303486094 4
1103200769823560 9 0.31041717529297 -7.3039665222168 -0.00113016366959 10004
1103240699599310 9 0.48143005371094 -6.17780494689941 -0.00226306915283 20004
1103280629375040 9 0.3690185546875 -5.54456520080566 -0.00224483013153 30004
1103320559151080 9 0.81478881835938 -7.06085014343262 -0.00451326370239 40004
1103360488926650 9 0.45440673828125 -6.52607345581055 -0.00223064422607 50004
1103400418700850 9 0.13671875 -7.79222297668457 -0.00000858306885 60004
1103440348478230 9 0.6326904296875 -6.09617233276367 -0.00335788726807 70004
1103480278279740 9 0.689697265625 -7.71196746826172 -0.00338315963745 80004
1103520208056190 9 0.15625 -7.81674194335938 -0.00002336502075 90004
1103160840046980 10 0.14009606838226 -4.76726770401001 -0.00112303358037 4
1103200769823560 10 0.37235260009766 -7.06843948364258 -0.00225424766541 10004
1103240699599310 10 0.50410461425781 -5.84864330291748 -0.0022668838501 20004
1103280629375040 10 0.46258544921875 -5.15003490447998 -0.00224256515503 30004
1103320559151080 10 0.81527709960938 -7.06085014343262 -0.00451707839966 40004
1103360488926650 10 0.534912109375 -6.20383834838867 -0.00335192680359 50004
1103400418700850 10 0.13671875 -7.79222297668457 -0.00000858306885 60004
1103440348478230 10 0.7569580078125 -5.6399097442627 -0.00447702407837 70004
1103480278279740 10 0.71533203125 -7.7147274017334 -0.00450611114502 80004
1103520208056190 10 0.15625 -7.81674194335938 -0.00002336502075 90004
1103160840046980 11 -0.00892298016697 -4.36147689819336 0.0008830971783 4
1103200769823560 11 0.37003326416016 -6.7710657119751 -0.00225555896759 10004
1103240699599310 11 0.60092163085938 -5.53696441650391 -0.00339293479919 20004
1103280629375040 11 0.467529296875 -4.74949645996094 -0.00224137306213 30004
1103320559151080 11 0.81576538085938 -7.06085014343262 -0.00452089309692 40004
1103360488926650 11 0.60394287109375 -5.87628173828125 -0.00334906578064 50004
1103400418700850 11 0.13671875 -7.79222297668457 -0.00000858306885 60004
1103440348478230 11 0.7757568359375 -5.16531753540039 -0.00447463989258 70004
1103480278279740 11 0.71533203125 -7.7147274017334 -0.00450611114502 80004
1103520208056190 11 0.15625 -7.81674194335938 -0.00002336502075 90004
1103160840046980 12 -0.16051688790321 -3.98627662658691 0.00088309688726 4
1103200769823560 12 0.36957550048828 -6.46742534637451 -0.00225675106049 10004
1103240699599310 12 0.68461608886719 -5.24542856216431 -0.00339376926422 20004
1103280629375040 12 0.41427612304688 -4.36918783187866 -0.00224018096924 30004
1103320559151080 12 0.82351684570313 -7.09530401229858 -0.00452542304993 40004
1103360488926650 12 0.60684204101563 -5.56830215454102 -0.00334692001343 50004
1103400418700850 12 0.13671875 -7.79222297668457 -0.00000858306885 60004
1103440348478230 12 0.69580078125 -4.71834468841553 -0.0044732093811 70004
1103480278279740 12 0.71533203125 -7.7147274017334 -0.00450611114502 80004
1103520208056190 12 0.15625 -7.81674194335938 -0.00002336502075 90004
1103160840046980 13 -0.36319780349731 -3.60712599754334 0.00291177351028 4
1103200769823560 13 0.45542144775391 -6.14975643157959 -0.00225871801376 10004
1103240699599310 13 0.68524169921875 -4.91531372070313 -0.0033951997757 20004
1103280629375040 13 0.35671997070313 -3.96576189994812 -0.00223886966705 30004
1103320559151080 13 0.84585571289063 -7.19866561889648 -0.00453186035156 40004
1103360488926650 13 0.51803588867188 -5.24522066116333 -0.00334525108337 50004
1103400418700850 13 0.13671875 -7.79222297668457 -0.00000858306885 60004
1103440348478230 13 0.55462646484375 -4.25387001037598 -0.00447130203247 70004
1103480278279740 13 0.71533203125 -7.7147274017334 -0.00450611114502 80004
1103520208056190 13 0.15625 -7.81674194335938 -0.00002336502075 90004
1103160840046980 14 -0.70200234651566 -3.33864855766296 0.00491852732375 4
1103200769823560 14 0.40805816650391 -5.82231998443604 -0.00225973129272 10004
1103240699599310 14 0.75794982910156 -4.5927734375 -0.00452148914337 20004
1103280629375040 14 0.14627075195313 -3.61442065238953 -0.00016903877258 30004
1103320559151080 14 0.84634399414063 -7.19866561889648 -0.00453567504883 40004
1103360488926650 14 0.49606323242188 -4.91035890579224 -0.0033438205719 50004
1103400418700850 14 0.13671875 -7.79222297668457 -0.00000858306885 60004
1103440348478230 14 0.34661865234375 -3.81484413146973 -0.00246047973633 70004
1103480278279740 14 0.71533203125 -7.7147274017334 -0.00450611114502 80004
1103520208056190 14 0.15625 -7.81674194335938 -0.00002336502075 90004
1103160840046980 15 -0.91074287891388 -2.99841690063477 0.00491851987317 4
1103200769823560 15 0.46802520751953 -5.52254199981689 -0.00226151943207 10004
1103240699599310 15 0.71885681152344 -4.29000282287598 -0.00452363491058 20004
1103280629375040 15 -0.067138671875 -3.29523491859436 -0.00016951560974 30004
1103320559151080 15 0.8468017578125 -7.19866561889648 -0.00453925132751 40004
1103360488926650 15 0.5831298828125 -4.61296844482422 -0.00334167480469 50004
1103400418700850 15 0.13671875 -7.79222297668457 -0.00000858306885 60004
1103440348478230 15 0.027099609375 -3.49999141693115 -0.00043535232544 70004
1103480278279740 15 0.71533203125 -7.7147274017334 -0.00450611114502 80004
1103520208056190 15 0.15625 -7.81674194335938 -0.00002336502075 90004
1103160840046980 16 -1.16021525859833 -2.65212965011597 0.0069641051814 4
1103200769823560 16 0.48834991455078 -5.20018482208252 -0.00226360559464 10004
1103240699599310 16 0.58358764648438 -3.99700331687927 -0.00452542304993 20004
1103280629375040 16 -0.2738037109375 -2.94275498390198 0.00184047222137 30004
1103320559151080 16 0.8472900390625 -7.19866561889648 -0.00454330444336 40004
1103360488926650 16 0.7181396484375 -4.30605316162109 -0.00446176528931 50004
1103400418700850 16 0.13671875 -7.79222297668457 -0.00000858306885 60004
1103440348478230 16 -0.263916015625 -3.12545490264893 0.0016713142395 70004
1103480278279740 16 0.71533203125 -7.7147274017334 -0.00450611114502 80004
1103520208056190 16 0.14453125 -7.81913757324219 -0.0000262260437 90004
1103160840046980 17 -1.42606151103973 -2.32100820541382 0.00902932416648 4
1103200769823560 17 0.47293853759766 -4.87556934356689 -0.0022651553154 10004
1103240699599310 17 0.38542175292969 -3.73253703117371 -0.00249528884888 20004
1103280629375040 17 -0.46676635742188 -2.5821316242218 0.00385761260986 30004
1103320559151080 17 0.8477783203125 -7.19866561889648 -0.0045473575592 40004
1103360488926650 17 0.8441162109375 -3.99767875671387 -0.00445938110352 50004
1103400418700850 17 0.13671875 -7.79222297668457 -0.00000858306885 60004
1103440348478230 17 -0.4320068359375 -2.67533588409424 0.00368642807007 70004
1103480278279740 17 0.71533203125 -7.7147274017334 -0.00450611114502 80004
1103520208056190 17 0.126953125 -7.82273101806641 -0.00003099441528 90004
1103160840046980 18 -1.57346951961517 -1.91460514068604 0.00902931764722 4
1103200769823560 18 0.56484222412109 -4.55771732330322 -0.00339013338089 10004
1103240699599310 18 0.19305419921875 -3.46377110481262 -0.00045549869537 20004
1103280629375040 18 -0.69381713867188 -2.24128079414368 0.00385713577271 30004
1103320559151080 18 0.8482666015625 -7.19866561889648 -0.00455117225647 40004
1103360488926650 18 0.9017333984375 -3.66725730895996 -0.00557661056519 50004
1103400418700850 18 0.13671875 -7.79222297668457 -0.00000858306885 60004
1103440348478230 18 -0.4808349609375 -2.19193744659424 0.0036940574646 70004
1103480278279740 18 0.71533203125 -7.7147274017334 -0.00450611114502 80004
1103520208056190 18 0.126953125 -7.82273101806641 -0.00003862380981 90004
1103160840046980 19 -1.86882448196411 -1.59894382953644 0.01107640285045 4
1103200769823560 19 0.78242492675781 -4.30844211578369 -0.00451391935349 10004
1103240699599310 19 -0.09512329101563 -3.30145597457886 0.00085771083832 20004
1103280629375040 19 -1.03854370117188 -2.02016949653625 0.00596725940704 30004
1103320559151080 19 0.8487548828125 -7.19866561889648 -0.00455498695374 40004
1103360488926650 19 0.9891357421875 -3.35355567932129 -0.00557374954224 50004
1103400418700850 19 0.13671875 -7.79222297668457 -0.00000858306885 60004
1103440348478230 19 -0.6048583984375 -1.72197699546814 0.00370168685913 70004
1103480278279740 19 0.71533203125 -7.7147274017334 -0.00450611114502 80004
1103520208056190 19 0.126953125 -7.82273101806641 -0.00004625320435 90004
1103160840046980 20 -2.04338645935059 -1.21180808544159 0.01309761125594 4
1103200769823560 20 0.88353729248047 -4.08389282226563 -0.00563752651215 10004
1103240699599310 20 -0.31149291992188 -3.05932235717773 0.0028715133667 20004
1103280629375040 20 -1.21774291992188 -1.81801068782806 0.00804781913757 30004
1103320559151080 20 0.8492431640625 -7.19866561889648 -0.00455904006958 40004
1103360488926650 20 1.1749267578125 -3.08443450927734 -0.00668978691101 50004
1103400418700850 20 0.13671875 -7.79222297668457 -0.00000858306885 60004
1103440348478230 20 -0.8299560546875 -1.29573225975037 0.0057692527771 70004
1103480278279740 20 0.71533203125 -7.7147274017334 -0.00450611114502 80004
1103520208056190 20 0.126953125 -7.82273101806641 -0.00005388259888 90004
1103160840046980 21 -2.084557056427 -0.79171472787857 0.01309761498123 4
1103200769823560 21 1.02356719970703 -3.85108804702759 -0.00563895702362 10004
1103240699599310 21 -0.43807983398438 -2.76239967346191 0.00287103652954 20004
1103280629375040 21 -1.45211791992188 -1.60953366756439 0.0101557970047 30004
1103320559151080 21 0.8497314453125 -7.19866561889648 -0.00456309318542 40004
1103360488926650 21 1.3289794921875 -2.79580307006836 -0.00780272483826 50004
1103400418700850 21 0.13671875 -7.79222297668457 -0.00000858306885 60004
1103440348478230 21 -1.1600341796875 -0.95251458883286 0.00792980194092 70004
1103480278279740 21 0.71533203125 -7.7147274017334 -0.00450611114502 80004
1103520208056190 21 0.126953125 -7.82273101806641 -0.00006151199341 90004
1103160840046980 22 -1.98845934867859 -0.37800580263138 0.01309762243181 4
1103200769823560 22 1.20951080322266 -3.58467245101929 -0.00676226615906 10004
1103240699599310 22 -0.53178405761719 -2.45147228240967 0.00287044048309 20004
1103280629375040 22 -1.76589965820313 -1.3576682806015 0.01222586631775 30004
1103320559151080 22 0.8485107421875 -7.19625663757324 -0.00456690788269 40004
1103360488926650 22 1.450927734375 -2.48998641967773 -0.0089156627655 50004
1103400418700850 22 0.13671875 -7.79222297668457 -0.00000858306885 60004
1103440348478230 22 -1.567138671875 -0.68738216161728 0.01002836227417 70004
1103480278279740 22 0.72607421875 -7.65972518920898 -0.00450611114502 80004
1103520208056190 22 0.126953125 -7.82273101806641 -0.00006914138794 90004
1103160840046980 23 -1.75995695590973 -0.01092973351479 0.01197457034141 4
1103200769823560 23 1.24903869628906 -3.26682329177856 -0.00710141658783 10004
1103240699599310 23 -0.72425842285156 -2.18267774581909 0.00490987300873 20004
1103280629375040 23 -1.98806762695313 -1.0135463476181 0.01222455501556 30004
1103320559151080 23 0.8421630859375 -7.18662071228027 -0.00457119941711 40004
1103360488926650 23 1.66970825195313 -2.23572540283203 -0.01003122329712 50004
1103400418700850 23 0.13671875 -7.79222297668457 -0.00000858306885 60004
1103440348478230 23 -1.9925537109375 -0.45113891363144 0.01206588745117 70004
1103480278279740 23 0.76904296875 -7.43971633911133 -0.00450897216797 80004
1103520208056190 23 0.126953125 -7.82273101806641 -0.00007677078247 90004
1103160840046980 24 -1.70799887180328 0.41830393671989 0.01197454705834 4
1103200769823560 24 1.27956390380859 -2.99645972251892 -0.00822645425797 10004
1103240699599310 24 -1.01240539550781 -2.02036285400391 0.0074622631073 20004
1103280629375040 24 -2.33447265625 -0.79560601711273 0.01430344581604 30004
1103320559151080 24 0.8109130859375 -6.99665641784668 -0.00457525253296 40004
1103360488926650 24 1.91726684570313 -2.00908279418945 -0.01227331161499 50004
1103400418700850 24 0.13671875 -7.79222297668457 -0.00000858306885 60004
1103440348478230 24 -2.4417724609375 -0.26557868719101 0.01630592346191 70004
1103480278279740 24 0.83349609375 -6.98358535766602 -0.0045108795166 80004
1103520208056190 24 0.1376953125 -7.81353759765625 -0.00008058547974 90004
1103160840046980 25 -1.52363181114197 0.80092012882233 0.0108514809981 4
1103200769823560 25 1.35623931884766 -2.69046425819397 -0.00822919607162 10004
1103240699599310 25 -1.22871398925781 -1.77817225456238 0.00746119022369 20004
1103280629375040 25 -2.5877685546875 -0.48302948474884 0.01639556884766 30004
1103320559151080 25 0.8470458984375 -6.78073692321777 -0.00458192825317 40004
1103360488926650 25 2.11575317382813 -1.74095058441162 -0.01339149475098 50004
1103400418700850 25 0.13671875 -7.79222297668457 -0.00000858306885 60004
1103440348478230 25 -2.6785888671875 -0.08640606701374 0.01630687713623 70004
1103480278279740 25 0.744873046875 -6.52704238891602 -0.00451231002808 80004
1103520208056190 25 0.140380859375 -7.81123924255371 -0.00008201599121 90004
1103160840046980 26 -1.38340055942535 1.19907975196838 0.00972843915224 4
1103200769823560 26 1.50713348388672 -2.41136384010315 -0.00935435295105 10004
1103240699599310 26 -1.46905517578125 -1.56265044212341 0.0094758272171 20004
1103280629375040 26 -2.7269287109375 -0.1080581843853 0.01841425895691 30004
1103320559151080 26 0.85848999023438 -6.57032203674316 -0.00458931922913 40004
1103360488926650 26 2.34896850585938 -1.51065254211426 -0.01451277732849 50004
1103400418700850 26 0.1533203125 -7.71444129943848 -0.00000953674316 60004
1103440348478230 26 -2.7615966796875 0.00211570970714 0.01832723617554 70004
1103480278279740 26 0.708251953125 -6.06234741210938 -0.00451564788818 80004
1103520208056190 26 0.140380859375 -7.81123924255371 -0.00008201599121 90004
1103160840046980 27 -1.28730607032776 1.61277544498444 0.00860539823771 4
1103200769823560 27 1.72940826416016 -2.17987275123596 -0.01047867536545 10004
1103240699599310 27 -1.73333740234375 -1.37371873855591 0.0107513666153 20004
1103280629375040 27 -2.7506103515625 0.25622716546059 0.01841306686401 30004
1103320559151080 27 0.81222534179688 -6.33474731445313 -0.00459313392639 40004
1103360488926650 27 2.6434326171875 -1.35927581787109 -0.01675534248352 50004
1103400418700850 27 0.197509765625 -7.52065467834473 -0.00113487243652 60004
1103440348478230 27 -2.7615966796875 0.00211570970714 0.01832723617554 70004
1103480278279740 27 0.814697265625 -5.60269546508789 -0.00451564788818 80004
1103520208056190 27 0.1552734375 -7.80817604064941 -0.00008392333984 90004
1103160840046980 28 -1.05880188941956 1.97985363006592 0.0074823522009 4
1103200769823560 28 1.98902130126953 -1.97495865821838 -0.0127244591713 10004
1103240699599310 28 -1.92570495605469 -1.10493957996368 0.01280224323273 20004
1103280629375040 28 -2.6768798828125 0.49590650200844 0.01728999614716 30004
1103320559151080 28 0.73556518554688 -5.98122406005859 -0.00459694862366 40004
1103360488926650 28 2.97067260742188 -1.2896728515625 -0.01899695396423 50004
1103400418700850 28 0.274658203125 -7.21219825744629 -0.00113677978516 60004
1103440348478230 28 -2.7615966796875 0.00211570970714 0.01832723617554 70004
1103480278279740 28 1.041259765625 -5.18221664428711 -0.00563859939575 80004
1103520208056190 28 0.21484375 -7.79592323303223 -0.00121355056763 90004
1103160840046980 29 -0.90590101480484 2.38429641723633 0.00635929685086 4
1103200769823560 29 2.13782501220703 -1.67946004867554 -0.01272517442703 10004
1103240699599310 29 -2.21377563476563 -0.94262611865997 0.01415479183197 20004
1103280629375040 29 -2.4019775390625 0.79967945814133 0.01616775989532 30004
1103320559151080 29 0.51638793945313 -5.69345092773438 -0.00255990028381 40004
1103360488926650 29 3.21774291992188 -1.27084922790527 -0.02011394500732 50004
1103400418700850 29 0.325439453125 -6.89840126037598 -0.00113916397095 60004
1103440348478230 29 -2.6658935546875 0.22538542747498 0.01720428466797 70004
1103480278279740 29 1.068603515625 -4.7055778503418 -0.0067663192749 80004
1103520208056190 29 0.3544921875 -7.82892036437988 -0.00122022628784 90004
1103160840046980 30 -0.84962350130081 2.80917692184448 0.00635929219425 4
1103200769823560 30 2.20426177978516 -1.35919833183289 -0.01384860277176 10004
1103240699599310 30 -2.43026733398438 -0.70041435956955 0.01543140411377 20004
1103280629375040 30 -2.1351318359375 1.11120653152466 0.01391983032227 30004
1103320559151080 30 0.43264770507813 -5.48893928527832 -0.00256037712097 40004
1103360488926650 30 3.38900756835938 -1.2983341217041 -0.02123117446899 50004
1103400418700850 30 0.273681640625 -6.59042930603027 -0.00114178657532 60004
1103440348478230 30 -2.3709716796875 0.52424395084381 0.01607942581177 70004
1103480278279740 30 1.227783203125 -4.2622241973877 -0.00789022445679 80004
1103520208056190 30 0.4931640625 -7.91945838928223 -0.00235176086426 90004
1103160840046980 31 -0.73545426130295 3.21557402610779 0.00523623544723 4
1103200769823560 31 2.30529022216797 -1.06348967552185 -0.0138493180275 10004
1103240699599310 31 -2.55685424804688 -0.40357226133347 0.01543033123016 20004
1103280629375040 31 -1.91824340820313 1.45471048355103 0.01279389858246 30004
1103320559151080 31 0.36917114257813 -5.22508811950684 -0.00256109237671 40004
1103360488926650 31 3.61166381835938 -1.30970573425293 -0.02234840393066 50004
1103400418700850 31 0.256103515625 -6.28051567077637 -0.00114393234253 60004
1103440348478230 31 -2.0482177734375 0.88335812091827 0.01383352279663 70004
1103480278279740 31 1.24957275390625 -3.79388332366943 -0.00710296630859 80004
1103520208056190 31 0.56103515625 -7.97431755065918 -0.00346994400024 90004
1103160840046980 32 -0.57623815536499 3.60931777954102 0.00411318056285 4
1103200769823560 32 2.45714569091797 -0.78899335861206 -0.01497256755829 10004
1103240699599310 32 -2.58186340332031 -0.07976249605417 0.01743423938751 20004
1103280629375040 32 -1.71328735351563 1.80094861984253 0.01166808605194 30004
1103320559151080 32 0.28298950195313 -4.8736400604248 -0.00256109237671 40004
1103360488926650 32 3.86734008789063 -1.30650901794434 -0.02459144592285 50004
1103400418700850 32 0.31103515625 -5.96748924255371 -0.00114679336548 60004
1103440348478230 32 -1.7484130859375 1.26270282268524 0.01159381866455 70004
1103480278279740 32 1.24908447265625 -3.32777833938599 -0.00710391998291 80004
1103520208056190 32 0.56005859375 -7.97431755065918 -0.00346755981445 90004
1103160840046980 33 -0.55216717720032 4.04101514816284 0.00411317124963 4
1103200769823560 33 2.57480621337891 -0.47981289029121 -0.01609575748444 10004
1103240699599310 33 -2.49948120117188 0.24049094319344 0.01630985736847 20004
1103280629375040 33 -1.40155029296875 2.06721305847168 0.00942063331604 30004
1103320559151080 33 0.20339965820313 -4.52068138122559 -0.00055932998657 40004
1103360488926650 33 3.98989868164063 -1.35425567626953 -0.02458667755127 50004
1103400418700850 33 0.37841796875 -5.65677452087402 -0.00226855278015 60004
1103440348478230 33 -1.39752197265625 1.59755885601044 0.00935173034668 70004
1103480278279740 33 1.24908447265625 -2.89551591873169 -0.00710391998291 80004
1103520208056190 33 0.55908203125 -7.97431755065918 -0.00346517562866 90004
1103160840046980 34 -0.37989550828934 4.4375958442688 0.00299012102187 4
1103200769823560 34 2.65030670166016 -0.15773275494576 -0.01609605550766 10004
1103240699599310 34 -2.28950500488281 0.49598839879036 0.01518583297729 20004
1103280629375040 34 -1.13690185546875 2.37758827209473 0.00829839706421 30004
1103320559151080 34 -0.01779174804688 -4.23448753356934 -0.00055980682373 40004
1103360488926650 34 3.98892211914063 -1.35425567626953 -0.02458119392395 50004
1103400418700850 34 0.30810546875 -5.34667778015137 -0.00226593017578 60004
1103440348478230 34 -0.96624755859375 1.81778705120087 0.00711107254028 70004
1103480278279740 34 1.6170654296875 -2.58940553665161 -0.00936412811279 80004
1103520208056190 34 0.55810546875 -7.97431755065918 -0.00346231460571 90004
1103160840046980 35 -0.34543037414551 4.86089992523193 0.00299011915922 4
1103200769823560 35 2.82276153564453 0.11775717884302 -0.01722061634064 10004
1103240699599310 35 -2.09371948242188 0.76211786270142 0.01406121253967 20004
1103280629375040 35 -0.98870849609375 2.75130081176758 0.00717604160309 30004
1103320559151080 35 -0.13311767578125 -3.89821887016296 0.00144457817078 40004
1103360488926650 35 3.98794555664063 -1.35425567626953 -0.02457618713379 50004
1103400418700850 35 0.341064453125 -5.03611755371094 -0.00226068496704 60004
1103440348478230 35 -0.52825927734375 2.0227518081665 0.00361156463623 70004
1103480278279740 35 1.992919921875 -2.29528284072876 -0.01177072525024 80004
1103520208056190 35 0.55712890625 -7.97431755065918 -0.00345945358276 90004
1103160840046980 36 -0.26503014564514 5.2752947807312 0.00186707102694 4
1103200769823560 36 3.02144622802734 0.38214701414108 -0.01834398508072 10004
1103240699599310 36 -1.95834350585938 1.05743598937988 0.01293516159058 20004
1103280629375040 36 -0.80096435546875 3.10453605651855 0.00605356693268 30004
1103320559151080 36 -0.18975830078125 -3.54156184196472 0.0014431476593 40004
1103360488926650 36 3.98696899414063 -1.35425567626953 -0.02457094192505 50004
1103400418700850 36 0.339599609375 -4.72571182250977 -0.00225639343262 60004
1103440348478230 36 -0.1505126953125 2.30681705474854 0.0012321472168 70004
1103480278279740 36 2.3409423828125 -1.97218346595764 -0.01402902603149 80004
1103520208056190 36 0.55615234375 -7.97431755065918 -0.00345659255981 90004
1103160840046980 37 -0.13869339227676 5.68078279495239 0.00186706916429 4
1103200769823560 37 3.19673919677734 0.66060292720795 -0.01946860551834 10004
1103240699599310 37 -1.84725952148438 1.3627552986145 0.01293206214905 20004
1103280629375040 37 -0.5733642578125 3.43697643280029 0.00380384922028 30004
1103320559151080 37 -0.23883056640625 -3.18410181999207 0.00144171714783 40004
1103360488926650 37 3.98599243164063 -1.35425567626953 -0.02456569671631 50004
1103400418700850 37 0.267578125 -4.41600227355957 -0.00225377082825 60004
1103440348478230 37 0.1973876953125 2.63297557830811 -0.00101184844971 70004
1103480278279740 37 2.6124267578125 -1.59091687202454 -0.01627779006958 80004
1103520208056190 37 0.55517578125 -7.97431755065918 -0.00345420837402 90004
1103160840046981 38 0 7.53247022628784 0 4
1103200769823560 38 3.31920623779297 0.96795308589935 -0.0205911397934 10004
1103240699599310 38 -1.64065551757813 1.62114381790161 0.0106840133667 20004
1103280629375040 38 -0.4639892578125 3.83180141448975 0.0038024187088 30004
1103320559151080 38 -0.33551025390625 -2.83531641960144 0.00144052505493 40004
1103360488926650 38 3.98501586914063 -1.35425567626953 -0.02456045150757 50004
1103400418700850 38 0.1904296875 -4.10745429992676 -0.0022509098053 60004
1103440348478230 38 0.6397705078125 2.83285427093506 -0.00340127944946 70004
1103480278279740 38 2.7491455078125 -1.13407063484192 -0.01740169525146 80004
1103520208056190 38 0.55419921875 -7.97431755065918 -0.00345182418823 90004
1103160840046981 39 0.15928666293621 7.87406253814697 0.00000000034925 4
1103200769823560 39 3.37767791748047 1.29358649253845 -0.02171409130096 10004
1103240699599310 39 -1.56326293945313 1.94250917434692 0.01068496704102 20004
1103280629375040 39 -0.19772338867188 4.14344692230225 0.00155436992645 30004
1103320559151080 39 -0.57040405273438 -2.55994081497192 0.00347852706909 40004
1103360488926650 39 3.98403930664063 -1.35425567626953 -0.02455472946167 50004
1103400418700850 39 -0.009765625 -3.86024904251099 -0.00020337104797 60004
1103440348478230 39 0.9561767578125 3.20110607147217 -0.00564527511597 70004
1103480278279740 39 2.6866455078125 -0.66069531440735 -0.01740312576294 80004
1103520208056190 39 0.54248046875 -7.96697044372559 -0.00344848632813 90004
1103160840046981 40 0.39682972431183 8.12536716461182 -0.00224609067664 4
1103200769823560 40 3.38991546630859 1.62312054634094 -0.02171462774277 10004
1103240699599310 40 -1.3892822265625 2.21664190292358 0.00956118106842 20004
1103280629375040 40 -0.04937744140625 4.51747417449951 0.00043118000031 30004
1103320559151080 40 -0.87228393554688 -2.37041902542114 0.00551581382751 40004
1103360488926650 40 3.98306274414063 -1.35425567626953 -0.02454948425293 50004
1103400418700850 40 -0.11767578125 -3.56703996658325 -0.00020360946655 60004
1103440348478230 40 1.1326904296875 3.64388465881348 -0.00675487518311 70004
1103480278279740 40 2.4783935546875 -0.24022714793682 -0.01532983779907 80004
1103520208056190 40 0.538818359375 -7.96513366699219 -0.00344562530518 90004
1103160840046981 41 0.60385572910309 8.25612354278564 -0.00336913065985 4
1103200769823560 41 3.31697845458984 1.93774914741516 -0.02171498537064 10004
1103240699599310 41 -1.2471923828125 2.50651884078979 0.00843501091003 20004
1103280629375040 41 0.01971435546875 4.91921138763428 0.00042951107025 30004
1103320559151080 41 -1.14727783203125 -2.14856576919556 0.00760388374329 40004
1103360488926650 41 3.9093017578125 -1.34953022003174 -0.02454423904419 50004
1103400418700850 41 -0.25592041015625 -3.28916597366333 0.0018208026886 60004
1103440348478230 41 1.1580810546875 4.11737728118896 -0.00674343109131 70004
1103480278279740 41 2.3187255859375 0.19787645339966 -0.01533126831055 80004
1103520208056190 41 0.537841796875 -7.96513366699219 -0.00344324111938 90004
1103160840046981 42 0.71664971113205 8.28634643554688 -0.00449216971174 4
1103200769823560 42 3.14671325683594 2.21358394622803 -0.01962912082672 10004
1103240699599310 42 -1.19549560546875 2.82992887496948 0.00843477249146 20004
1103280629375040 42 0.00469970703125 5.32133960723877 0.00042831897736 30004
1103320559151080 42 -1.33770751953125 -1.84853553771973 0.00760293006897 40004
1103360488926650 42 3.73019409179688 -1.30467700958252 -0.02454257011414 50004
1103400418700850 42 -0.4630126953125 -3.04916048049927 0.00383138656616 60004
1103440348478230 42 1.0623779296875 4.59286594390869 -0.00673580169678 70004
1103480278279740 42 2.24652099609375 0.66960734128952 -0.01533222198486 80004
1103520208056190 42 0.550537109375 -7.92311859130859 -0.00343990325928 90004
1103160840046981 43 0.71664875745773 8.28634643554688 -0.00449216365814 4
1103200769823560 43 2.89373779296875 2.4216570854187 -0.01962947845459 10004
1103240699599310 43 -1.22235107421875 3.15947294235229 0.00843346118927 20004
1103280629375040 43 -0.14157104492188 5.70389270782471 0.0004266500473 30004
1103320559151080 43 -1.42266845703125 -1.49682426452637 0.00962471961975 40004
1103360488926650 43 3.45431518554688 -1.1536169052124 -0.02252388000488 50004
1103400418700850 43 -0.6944580078125 -2.83074998855591 0.00383019447327 60004
1103440348478230 43 0.917724609375 5.05673313140869 -0.00673484802246 70004
1103480278279740 43 2.14593505859375 1.13640606403351 -0.01332902908325 80004
1103520208056190 43 0.604248046875 -7.75505828857422 -0.00343465805054 90004
1103160840046981 44 0.71664780378342 8.28634643554688 -0.00449215713888 4
1103200769823560 44 2.62682342529297 2.61708307266235 -0.01758652925491 10004
1103240699599310 44 -1.10725402832031 3.4695200920105 0.00730669498444 20004
1103280629375040 44 -0.11178588867188 6.11254596710205 0.00041949748993 30004
1103320559151080 44 -1.59210205078125 -1.17721176147461 0.00962376594543 40004
1103360488926650 44 3.2554931640625 -0.88319534063339 -0.02050256729126 50004
1103400418700850 44 -0.8116455078125 -2.53515672683716 0.0058388710022 60004
1103440348478230 44 0.641357421875 5.45609378814697 -0.00463342666626 70004
1103480278279740 44 1.85784912109375 1.51715672016144 -0.01125621795654 80004
1103520208056190 44 0.768310546875 -7.52721405029297 -0.00455236434937 90004
1103160840046981 45 0.7166468501091 8.28634643554688 -0.00449215108529 4
1103200769823560 45 2.440673828125 2.88339161872864 -0.01554596424103 10004
1103240699599310 45 -0.90185546875 3.72136831283569 0.00617825984955 20004
1103280629375041 45 0.0732421875 7.68948888778687 -0.00000071525574 30004
1103320559151080 45 -1.8515625 -0.93383806943893 0.01170301437378 40004
1103360488926650 45 3.1563720703125 -0.56878823041916 -0.02049922943115 50004
1103400418700850 45 -1.0145263671875 -2.29745054244995 0.0058376789093 60004
1103440348478230 45 0.5107421875 5.91503810882568 -0.002610206604 70004
1103480278279740 45 1.71038818359375 1.9624434709549 -0.01126384735107 80004
1103520208056190 45 0.84521484375 -7.40119934082031 -0.00454568862915 90004
1103160840046981 46 0.71664589643478 8.28634643554688 -0.00449214503169 4
1103200769823560 46 2.22762298583984 3.12605047225952 -0.0135115981102 10004
1103240699599310 46 -0.72695922851563 3.99261617660522 0.00505292415619 20004
1103280629375041 46 0.140625 7.81255483627319 -0.00000190734863 30004
1103320559151080 46 -2.1729736328125 -0.78712338209152 0.01379489898682 40004
1103360488926650 46 3.0240478515625 -0.26904314756393 -0.02049565315247 50004
1103400418700850 46 -1.1888427734375 -2.0404486656189 0.00784754753113 60004
1103440348478231 46 0.06005859375 7.66114377975464 0.00000190734863 70004
1103480278279740 46 1.5162353515625 2.38621830940247 -0.00917100906372 80004
1103520208056190 46 0.88232421875 -7.31924057006836 -0.00566387176514 90004
1103160840046981 47 0.70053499937057 8.24208450317383 -0.00449213851243 4
1103200769823560 47 1.9671630859375 3.32924699783325 -0.01351237297058 10004
1103240699599310 47 -0.58193969726563 4.28326177597046 0.00392806529999 20004
1103280629375041 47 0.16845703125 7.84013509750366 -0.00000309944153 30004
1103320559151080 47 -2.5107421875 -0.67603200674057 0.01593255996704 40004
1103360488926650 47 2.83963012695313 0.01007534563541 -0.01844763755798 50004
1103400418700850 47 -1.3345947265625 -1.7641499042511 0.00784659385681 60004
1103440348478231 47 0.165771484375 7.86735677719116 0.00000476837158 70004
1103480278279740 47 1.275390625 2.78848195075989 -0.00917863845825 80004
1103520208056190 47 0.8984375 -7.20776748657227 -0.00565958023071 90004
1103160840046981 48 0.63609707355499 8.06504344940186 -0.00449213152751 4
1103200769823560 48 1.72603607177734 3.55575227737427 -0.0114364027977 10004
1103240699599310 48 -0.34683227539063 4.51571416854858 0.00280332565308 20004
1103280629375041 48 0.16845703125 7.84013509750366 -0.00000309944153 30004
1103320559151080 48 -2.7998046875 -0.45807081460953 0.01804256439209 40004
1103360488926650 48 2.69949340820313 0.31528550386429 -0.01844143867493 50004
1103400418700850 48 -1.5653076171875 -1.54573941230774 0.00990629196167 60004
1103440348478231 48 0.228271484375 7.92016744613647 -0.00111532211304 70004
1103480278279740 48 1.1748046875 3.25527882575989 -0.00715112686157 80004
1103520208056190 48 0.8837890625 -6.97741317749023 -0.00565719604492 90004
1103160840046981 49 0.52795267105103 7.70405912399292 -0.00449212500826 4
1103200769823560 49 1.60328674316406 3.86292409896851 -0.00943249464035 10004
1103240699599310 49 -0.13815307617188 4.77206182479858 0.0016770362854 20004
1103280629375041 49 0.16845703125 7.84013509750366 -0.00000309944153 30004
1103320559151080 49 -2.96923828125 -0.1384588778019 0.01804041862488 40004
1103360488926650 49 2.44363403320313 0.53293687105179 -0.01633787155151 50004
1103400418700850 49 -1.73590087890625 -1.27766919136047 0.01191639900208 60004
1103440348478231 49 0.360107421875 7.95562124252319 -0.00223541259766 70004
1103480278279740 49 0.96484375 3.68416142463684 -0.00715160369873 80004
1103520208056190 49 0.93359375 -6.62713241577148 -0.00565481185913 90004
1103160840046981 50 0.31299921870232 7.40270757675171 -0.00245763175189 4
1103200769823560 50 1.38251495361328 4.05257511138916 -0.00850832462311 10004
1103240699599310 50 -0.02571105957031 5.07658910751343 0.00055241584778 20004
1103280629375041 50 0.2109375 7.81536436080933 -0.00112438201904 30004
1103320559151080 50 -3.0223388671875 0.14130459725857 0.0200662612915 40004
1103360488926650 50 2.23590087890625 0.79373955726624 -0.01430583000183 50004
1103400418700850 50 -1.91632080078125 -1.01600193977356 0.01191735267639 60004
1103440348478231 50 0.595947265625 7.92867612838745 -0.00335836410522 70004
1103480278279740 50 0.8427734375 4.14258766174316 -0.00510454177856 80004
1103520208056190 50 0.869873046875 -6.2850170135498 -0.00564956665039 90004
1103160840046981 51 0.13366694748402 7.0814847946167 -0.00036754965549 4
1103200769823560 51 1.18580627441406 4.2281436920166 -0.00850939750671 10004
1103240699599310 51 0.11865234375 5.36505651473999 -0.00057208538055 20004
1103280629375041 51 0.2392578125 7.79885053634644 -0.00112318992615 30004
1103320559151080 51 -3.0137939453125 0.31436109542847 0.02006769180298 40004
1103360488926650 51 2.11114501953125 1.09662079811096 -0.01430654525757 50004
1103400418700850 51 -2.14630126953125 -0.80743670463562 0.01398658752441 60004
1103440348478231 51 0.816650390625 7.8448634147644 -0.00447845458984 70004
1103480278279740 51 0.85302734375 4.60857200622559 -0.00510549545288 80004
1103520208056190 51 0.843994140625 -5.9401798248291 -0.00564765930176 90004
1103160840046981 52 0.0479722507298 6.71661758422852 -0.00036754945177 4
1103200769823560 52 1.08860015869141 4.54109191894531 -0.00649684667587 10004
1103240699599310 52 0.29541015625 5.63746404647827 -0.00169587135315 20004
1103280629375041 52 0.2467041015625 7.75481557846069 -0.00112247467041 30004
1103320559151080 52 -2.94174194335938 0.41954874992371 0.0189471244812 40004
1103360488926650 52 2.01995849609375 1.41334939002991 -0.01229763031006 50004
1103400418700850 52 -2.37725830078125 -0.65732431411743 0.01598978042603 60004
1103440348478231 52 0.967041015625 7.7163405418396 -0.00559854507446 70004
1103480278279740 52 0.914794921875 5.07341003417969 -0.00510740280151 80004
1103520208056190 52 0.88916015625 -5.58934020996094 -0.00563955307007 90004
1103160840046981 53 0.02965010330081 6.34018325805664 -0.00036754918983 4
1103200769823560 53 1.06809234619141 4.8713059425354 -0.00649678707123 10004
1103240699599311 53 0 7.53247022628784 0 20004
1103280629375041 53 0.2764892578125 7.57867574691772 -0.0011203289032 30004
1103320559151080 53 -2.74642944335938 0.601402759552 0.01781940460205 40004
1103360488926650 53 1.82806396484375 1.6885359287262 -0.01229739189148 50004
1103400418700850 53 -2.47198486328125 -0.52966737747192 0.0159912109375 60004
1103440348478231 53 1.055419921875 7.56189107894897 -0.00671768188477 70004
1103480278279740 53 0.822021484375 5.54168701171875 -0.00510835647583 80004
1103520208056190 53 0.92041015625 -5.23682403564453 -0.00563335418701 90004
1103160840046981 54 -0.14600393176079 6.00681114196777 0.00167098944075 4
1103200769823560 54 0.91010284423828 5.16193246841431 -0.00649708509445 10004
1103240699599311 54 0.02392578125 7.87597608566284 -0.00000059604645 20004
1103280629375041 54 0.1871337890625 7.25300741195679 -0.0011191368103 30004
1103320559151080 54 -2.43441772460938 0.78432035446167 0.01669120788574 40004
1103360488926650 54 1.75726318359375 2.01656556129456 -0.01229476928711 50004
1103400418700850 54 -2.53155517578125 -0.23693755269051 0.01599264144897 60004
1103440348478231 54 1.054443359375 7.56189107894897 -0.00671005249023 70004
1103480278279740 54 0.672607421875 5.99525451660156 -0.00510931015015 80004
1103520208056190 54 0.87841796875 -4.91689300537109 -0.0056300163269 90004
1103160840046981 55 -0.30243337154388 5.66417789459229 0.00167098897509 4
1103200769823560 55 0.85532379150391 5.4822359085083 -0.00649738311768 10004
1103240699599311 55 0.092529296875 8.07480812072754 -0.00000107288361 20004
1103280629375041 55 0.153076171875 6.90383291244507 -0.00111770629883 30004
1103320559151080 55 -2.2020263671875 1.05334687232971 0.01443910598755 40004
1103360488926650 55 1.63043212890625 2.32536625862122 -0.01028656959534 50004
1103400418700850 55 -2.49078369140625 0.06819394230843 0.01599526405334 60004
1103440348478231 55 1.00201416015625 7.41966962814331 -0.00670480728149 70004
1103480278279741 55 0.101806640625 7.75146436691284 -0.00000190734863 80004
1103520208056190 55 0.947021484375 -4.58395576477051 -0.0056209564209 90004
1103160840046981 56 -0.37235954403877 5.30295848846436 0.00167098792735 4
1103200769823560 56 0.821533203125 5.81106472015381 -0.0044811964035 10004
1103240699599311 56 0.187744140625 8.18896675109863 -0.0011260509491 20004
1103280629375041 56 0.073486328125 6.56170415878296 -0.00111627578735 30004
1103320559151080 56 -1.97531127929688 1.33455204963684 0.01330590248108 40004
1103360488926650 56 1.49908447265625 2.63381314277649 -0.01028418540955 50004
1103400418700850 56 -2.37457275390625 0.36083072423935 0.01599764823914 60004
1103440348478231 56 0.95953369140625 7.30141401290894 -0.00670433044434 70004
1103480278279741 56 0.231201171875 7.9492335319519 -0.00112867355347 80004
1103520208056190 56 0.982177734375 -4.23910713195801 -0.00561857223511 90004
1103160840046981 57 -0.40224772691727 4.93397378921509 0.00167098687962 4
1103200769823561 57 0.03488159179688 7.60726499557495 0 10004
1103240699599311 57 0.2679443359375 8.24725151062012 -0.00112724304199 20004
1103280629375041 57 -0.0550537109375 6.2294020652771 0.00093054771423 30004
1103320559151080 57 -1.75775146484375 1.61729073524475 0.01217699050903 40004
1103360488926650 57 1.4078369140625 2.95352673530579 -0.00823831558228 50004
1103400418700850 57 -2.20391845703125 0.62797063589096 0.01487731933594 60004
1103440348478231 57 0.91241455078125 7.22529363632202 -0.0067024230957 70004
1103480278279741 57 0.331298828125 8.02900218963623 -0.00113153457642 80004
1103520208056190 57 0.98486328125 -3.89129686355591 -0.00561475753784 90004
1103160840046981 58 -0.55224734544754 4.58826065063477 0.00371429091319 4
1103200769823561 58 0.17440795898438 7.906409740448 -0.00000059604645 10004
1103240699599311 58 0.2679443359375 8.24725151062012 -0.00112915039063 20004
1103280629375041 58 -0.13824462890625 5.88193655014038 0.00092816352844 30004
1103320559151080 58 -1.62689208984375 1.95420289039612 0.01105523109436 40004
1103360488926650 58 1.3946533203125 3.28887295722961 -0.00823307037354 50004
1103400418700850 58 -1.99591064453125 0.86850541830063 0.01375579833984 60004
1103440348478231 58 0.77081298828125 7.06146001815796 -0.00464820861816 70004
1103480278279741 58 0.362548828125 8.03744029998779 -0.00225734710693 80004
1103520208056190 58 1.10107421875 -3.55732774734497 -0.00672626495361 90004
1103160840046981 59 -0.73277848958969 4.25750303268433 0.00371428672224 4
1103200769823561 59 0.30106353759766 8.01251888275146 -0.00112551450729 10004
1103240699599311 59 0.2679443359375 8.24725151062012 -0.00113105773926 20004
1103280629375041 59 -0.36050415039063 5.60229635238647 0.00299489498138 30004
1103320559151080 59 -1.49716186523438 2.29169702529907 0.00993347167969 40004
1103360488926650 59 1.2408447265625 3.58742260932922 -0.00822782516479 50004
1103400418700850 59 -1.90899658203125 1.17437589168549 0.01263499259949 60004
1103440348478231 59 0.66046142578125 6.67316198348999 -0.00464630126953 70004
1103480278279741 59 0.362548828125 8.03744029998779 -0.00226497650146 80004
1103520208056190 59 1.2442626953125 -3.27319765090942 -0.00707101821899 90004
1103160840046981 60 -0.86134219169617 3.90474796295166 0.00573466811329 4
1103200769823561 60 0.33267974853516 8.03903865814209 -0.00112551450729 10004
1103240699599311 60 0.2679443359375 8.24725151062012 -0.00113296508789 20004
1103280629375041 60 -0.47879028320313 5.27178716659546 0.00299441814423 30004
1103320559151080 60 -1.26901245117188 2.56410551071167 0.00880718231201 40004
1103360488926650 60 1.1082763671875 3.89559388160706 -0.00822186470032 50004
1103400418700850 60 -1.730712890625 1.43124377727509 0.01151156425476 60004
1103440348478231 60 0.44317626953125 6.34049367904663 -0.00262403488159 70004
1103480278279741 60 0.362548828125 8.03744029998779 -0.002272605896 80004
1103520208056190 60 1.3992919921875 -2.98777723312378 -0.00817584991455 90004
1103160840046981 61 -1.04343843460083 3.5850887298584 0.005734664388 4
1103200769823561 61 0.33267974853516 8.03903865814209 -0.00112551450729 10004
1103240699599311 61 0.2679443359375 8.24725151062012 -0.00113487243652 20004
1103280629375041 61 -0.63186645507813 4.95823431015015 0.00299394130707 30004
1103320559151080 61 -1.07345581054688 2.85820913314819 0.00768089294434 40004
1103360488926650 61 0.9693603515625 4.20087289810181 -0.0061936378479 50004
1103400418700850 61 -1.573974609375 1.70218169689178 0.01037788391113 60004
1103440348478231 61 0.26837158203125 5.98753881454468 -0.00262308120728 70004
1103480278279741 61 0.362548828125 8.03744029998779 -0.00228023529053 80004
1103520208056190 61 1.56732177734375 -2.67968702316284 -0.0092887878418 90004
1103160840046981 62 -1.26097393035889 3.28560066223145 0.00776449870318 4
1103200769823561 62 0.33267974853516 8.03903865814209 -0.00112551450729 10004
1103240699599311 62 0.2685546875 8.2254467010498 -0.00113642215729 20004
1103280629375041 62 -0.81924438476563 4.66163778305054 0.00500929355621 30004
1103320559151080 62 -0.92514038085938 3.18636655807495 0.0065553188324 40004
1103360488926650 62 0.7979736328125 4.4866623878479 -0.00619292259216 50004
1103400418700850 62 -1.44091796875 1.98575246334076 0.01036763191223 60004
1103440348478231 62 0.13262939453125 5.61516904830933 -0.0005898475647 70004
1103480278279741 62 0.362548828125 8.03744029998779 -0.00228786468506 80004
1103520208056190 62 1.725830078125 -2.37057256698608 -0.01040124893188 90004
1103160840046981 63 -1.37221467494965 2.92555999755859 0.00776448566467 4
1103200769823561 63 0.33267974853516 8.03903865814209 -0.00112551450729 10004
1103240699599311 63 0.27099609375 8.13822746276855 -0.00113689899445 20004
1103280629375041 63 -0.9027099609375 4.31417226791382 0.00500702857971 30004
1103320559151080 63 -0.72299194335938 3.48651456832886 0.00542950630188 40004
1103360488926650 63 0.5694580078125 4.73228311538696 -0.00410413742065 50004
1103400418700850 63 -1.2196044921875 2.21600770950317 0.00811815261841 60004
1103440348478231 63 -0.12030029296875 5.30104398727417 0.00141191482544 70004
1103480278279741 63 0.362548828125 8.03744029998779 -0.00229549407959 80004
1103520208056190 63 1.97882080078125 -2.12510442733765 -0.01263856887817 90004
1103160840046981 64 -1.62517833709717 2.64626717567444 0.00978020578623 4
1103200769823561 64 0.33267974853516 8.03903865814209 -0.00112551450729 10004
1103240699599311 64 0.174072265625 7.8976149559021 -0.00113725662231 20004
1103280629375041 64 -1.1253662109375 4.03453207015991 0.00702559947968 30004
1103320559151080 64 -0.66683959960938 3.84395933151245 0.00430345535278 40004
1103360488926650 64 0.46560668945313 5.05152750015259 -0.00209784507751 50004
1103400418700850 64 -1.1141357421875 2.5160984992981 0.00811576843262 60004
1103440348478231 64 -0.4671630859375 5.09441709518433 0.00353240966797 70004
1103480278279741 64 0.317626953125 7.88281393051147 -0.00229644775391 80004
1103520208056190 64 2.24249267578125 -1.89077520370483 -0.01375246047974 90004
1103160840046981 65 -1.92191112041473 2.41725659370422 0.01181652769446 4
1103200769823561 65 0.33267974853516 8.03903865814209 -0.00112551450729 10004
1103240699599311 65 0.16357421875 7.57957601547241 -0.00113773345947 20004
1103280629375041 65 -1.24365234375 3.70402646064758 0.00702655315399 30004
1103320559151080 65 -0.59371948242188 4.19821119308472 0.0042941570282 40004
1103360488926650 65 0.40969848632813 5.38121461868286 -0.0020968914032 50004
1103400418700850 65 -0.9537353515625 2.78826856613159 0.00698947906494 60004
1103440348478231 65 -0.7247314453125 4.79242086410522 0.00354051589966 70004
1103480278279741 65 0.146728515625 7.66258573532104 -0.00025987625122 80004
1103520208056190 65 2.54205322265625 -1.7080659866333 -0.01598596572876 90004
1103160840046981 66 -2.17380523681641 2.14913964271545 0.01382166799158 4
1103200769823561 66 0.31870269775391 7.96027278900146 -0.00112587213516 10004
1103240699599311 66 0.12809753417969 7.2413763999939 -0.00113797187805 20004
1103280629375041 66 -1.396728515625 3.39047741889954 0.00905323028564 30004
1103320559151080 66 -0.52828979492188 4.5539698600769 0.00428533554077 40004
1103360488926650 66 0.35110473632813 5.71110582351685 -0.0020956993103 50004
1103400418700850 66 -0.7999267578125 3.0650897026062 0.00586414337158 60004
1103440348478231 66 -0.8712158203125 4.42632818222046 0.00561714172363 70004
1103480278279741 66 -0.005126953125 7.38691282272339 -0.00026035308838 80004
1103520208056190 66 2.82525634765625 -1.50912952423096 -0.01710271835327 90004
1103160840046981 67 -2.38478255271912 1.83958232402802 0.01587224006653 4
1103200769823561 67 0.29938507080078 7.76088428497314 -0.00112611055374 10004
1103240699599311 67 0.06523132324219 6.90599584579468 -0.00113809108734 20004
1103280629375041 67 -1.5845947265625 3.09388470649719 0.01108026504517 30004
1103320559151080 67 -0.44049072265625 4.8985800743103 0.00315284729004 40004
1103360488926651 67 0.0167236328125 7.56829786300659 0 50004
1103400418700850 67 -0.6929931640625 3.36200761795044 0.00473880767822 60004
1103440348478231 67 -0.9771728515625 4.0440821647644 0.00562477111816 70004
1103480278279741 67 -0.12646484375 7.09445142745972 -0.00026035308838 80004
1103520208056190 67 3.08349609375 -1.27552843093872 -0.01935195922852 90004
1103160840046981 68 -2.65130114555359 1.57323157787323 0.01791067235172 4
1103200769823561 68 0.30597686767578 7.43592548370361 -0.0011265873909 10004
1103240699599311 68 0.08110046386719 6.56200933456421 -0.00113809108734 20004
1103280629375041 68 -1.6680908203125 2.74642300605774 0.0110787153244 30004
1103320559151080 68 -0.24383544921875 5.20203161239624 0.00202345848083 40004
1103360488926651 68 0.0836181640625 7.71160840988159 0.00000238418579 50004
1103400418700850 68 -0.6519775390625 3.6773419380188 0.00473690032959 60004
1103440348478231 68 -1.2047119140625 3.71029615402222 0.00769853591919 70004
1103480278279741 68 -0.34033203125 6.85235548019409 0.00175523757935 80004
1103520208056190 68 3.34619140625 -1.03823518753052 -0.02047872543335 90004
1103160840046981 69 -2.89277768135071 1.38054132461548 0.01791067048907 4
1103200769823561 69 0.17266082763672 7.13406562805176 -0.00112760066986 10004
1103240699599311 69 -0.05009460449219 6.24365139007568 0.00089466571808 20004
1103280629375041 69 -1.8106689453125 2.41869473457336 0.01107740402222 30004
1103320559151080 69 -0.19451904296875 5.56036138534546 0.00202059745789 40004
1103360488926651 69 0.1348876953125 7.80451917648315 0.00000476837158 50004
1103400418700850 69 -0.6256103515625 3.99418306350708 0.0047345161438 60004
1103440348478231 69 -1.2701416015625 3.31190061569214 0.00770616531372 70004
1103480278279741 69 -0.43212890625 6.5431056022644 0.00175333023071 80004
1103520208056190 69 3.5328369140625 -0.73770678043365 -0.02272319793701 90004
1103160840046981 70 -3.12202477455139 1.159548163414 0.01996171660721 4
1103200769823561 70 -0.0281982421875 6.87646102905273 0.00094419717789 10004
1103240699599311 70 -0.07124328613281 5.90606594085693 0.00089383125305 20004
1103280629375041 70 -1.9495849609375 2.08940720558167 0.01310980319977 30004
1103320559151080 70 -0.24334716796875 5.91440534591675 0.00201892852783 40004
1103360488926651 70 0.147705078125 7.82774686813354 0.0000057220459 50004
1103400418700850 70 -0.5003662109375 4.28037118911743 0.00360989570618 60004
1103440348478231 70 -1.456787109375 2.96196222305298 0.0097770690918 70004
1103480278279741 70 -0.45068359375 6.22421407699585 0.00375986099243 80004
1103520208056190 70 3.6085205078125 -0.41070950031281 -0.02271270751953 90004
1103160840046981 71 -3.38288617134094 0.92812073230743 0.02201321348548 4
1103200769823561 71 -0.18981170654297 6.59773254394531 0.00094324350357 10004
1103240699599311 71 0.01457214355469 5.58072948455811 0.00089251995087 20004
1103280629375041 71 -2.1414794921875 1.81223797798157 0.01310837268829 30004
1103320559151081 71 0.042236328125 7.62329816818237 -0.00000047683716 40004
1103360488926651 71 0.147705078125 7.82774686813354 0.0000057220459 50004
1103400418700850 71 -0.4080810546875 4.57677698135376 0.00360703468323 60004
1103440348478231 71 -1.743896484375 2.69175386428833 0.01189422607422 70004
1103480278279741 71 -0.51318359375 5.91578817367554 0.00375604629517 80004
1103520208056190 71 3.5948486328125 -0.06880367547274 -0.0227108001709 90004
1103160840046981 72 -3.67885160446167 0.69493186473846 0.02404259704053 4
1103200769823561 72 -0.25408172607422 6.27998161315918 0.00094217061996 10004
1103240699599311 72 0.18252563476563 5.28110980987549 -0.0002316236496 20004
1103280629375041 72 -2.360107421875 1.56138777732849 0.01512944698334 30004
1103320559151081 72 0.151123046875 7.79772138595581 -0.00000143051147 40004
1103360488926651 72 0.147705078125 7.82774686813354 0.0000057220459 50004
1103400418700850 72 -0.3487548828125 4.88340044021606 0.00248265266418 60004
1103440348478231 72 -2.06103515625 2.45333433151245 0.0139422416687 70004
1103480278279741 72 -0.671142578125 5.64054441452026 0.00375366210938 80004
1103520208056190 72 3.4932861328125 0.26411551237106 -0.02270698547363 90004
1103160840046981 73 -3.97304582595825 0.45950782299042 0.02605698630214 4
1103200769823561 73 -0.21160125732422 5.95265769958496 0.00094026327133 10004
1103240699599311 73 0.38516235351563 5.00271320343018 -0.00247859954834 20004
1103280629375041 73 -2.497314453125 1.23158049583435 0.01512825489044 30004
1103320559151081 73 0.333251953125 7.95044660568237 -0.00112724304199 40004
1103360488926651 73 0.147705078125 7.82774686813354 0.0000057220459 50004
1103400418700850 73 -0.19024658203125 5.15937089920044 0.00135469436646 60004
1103440348478231 73 -2.28759765625 2.11954832077026 0.0139422416687 70004
1103480278279741 73 -0.90960693359375 5.42380857467651 0.00583600997925 80004
1103520208056190 73 3.287109375 0.55181807279587 -0.02064371109009 90004
1103160840046981 74 -4.17923498153687 0.40936866402626 0.02785941399634 4
1103200769823561 74 -0.27361297607422 5.62850141525269 0.00093936920166 10004
1103240699599311 74 0.451416015625 4.66476154327393 -0.00248229503632 20004
1103280629375041 74 -2.482177734375 0.87453973293304 0.01512706279755 30004
1103320559151081 74 0.406982421875 7.97016096115112 -0.00225162506104 40004
1103360488926651 74 0.147705078125 7.82774686813354 0.0000057220459 50004
1103400418700850 74 -0.16278076171875 5.47621202468872 0.00134634971619 60004
1103440348478231 74 -2.50146484375 1.77704954147339 0.01601982116699 70004
1103480278279741 74 -0.97210693359375 5.27522611618042 0.00582790374756 80004
1103520208056190 74 3.060546875 0.82426375150681 -0.02064561843872 90004
1103160840046981 75 -4.24832582473755 0.40034061670303 0.02785937301815 4
1103200769823561 75 -0.28884124755859 5.29992628097534 0.00093859434128 10004
1103240699599311 75 0.59359741210938 4.35453319549561 -0.00360918045044 20004
1103280629375041 75 -2.4366455078125 0.52041232585907 0.0151252746582 30004
1103320559151081 75 0.4254150390625 7.97508955001831 -0.00225162506104 40004
1103360488926651 75 0.147705078125 7.82774686813354 0.0000057220459 50004
1103400418700850 75 -0.10418701171875 5.78810930252075 0.00134420394897 60004
1103440348478231 75 -2.60546875 1.39292287826538 0.01602029800415 70004
1103480278279741 75 -0.97821044921875 4.99663877487183 0.00581932067871 80004
1103520208056190 75 2.9365234375 1.14925932884216 -0.01858854293823 90004
1103160840046981 76 -4.26000118255615 0.40268099308014 0.02785934135318 4
1103200769823561 76 -0.35822296142578 4.98528575897217 0.00296992063522 10004
1103240699599311 76 0.73458862304688 4.04188442230225 -0.00361037254333 20004
1103280629375041 76 -2.3089599609375 0.19529350101948 0.0151230096817 30004
1103320559151081 76 0.4254150390625 7.97508955001831 -0.00225162506104 40004
1103360488926651 76 0.1494140625 7.73814344406128 0.00000715255737 50004
1103400418700851 76 0.09716796875 7.74095869064331 -0.00000143051147 60004
1103440348478231 76 -2.5947265625 1.03373003005981 0.01707363128662 70004
1103480278279741 76 -1.02020263671875 4.68197202682495 0.00581073760986 80004
1103520208056190 76 2.7783203125 1.45673823356628 -0.01859045028687 90004
1103160840046981 77 -4.26000118255615 0.40268099308014 0.02785931155086 4
1103200769823561 77 -0.46261596679688 4.6783447265625 0.00297033786774 10004
1103240699599311 77 0.86128234863281 3.72238397598267 -0.00473725795746 20004
1103280629375041 77 -2.14544677734375 -0.11581172049046 0.0139969587326 30004
1103320559151081 77 0.4254150390625 7.97508955001831 -0.00225162506104 40004
1103360488926651 77 0.1156005859375 7.52182340621948 0.00000929832458 50004
1103400418700851 77 0.325439453125 8.12283992767334 -0.00112628936768 60004
1103440348478231 77 -2.465576171875 0.71432572603226 0.01595067977905 70004
1103480278279741 77 -1.04437255859375 4.39194822311401 0.00766277313232 80004
1103520208056190 77 2.567626953125 1.74006009101868 -0.01658535003662 90004
1103160840046981 78 -4.26000118255615 0.40268099308014 0.02785928174853 4
1103200769823561 78 -0.46237182617188 4.34828948974609 0.0029708147049 10004
1103240699599311 78 1.02095031738281 3.41730356216431 -0.0058616399765 20004
1103280629375041 78 -2.09027099609375 -0.46898639202118 0.01399409770966 30004
1103320559151081 78 0.4254150390625 7.97508955001831 -0.00225162506104 40004
1103360488926651 78 -0.0299072265625 7.19416379928589 0.00001072883606 50004
1103400418700851 78 0.655517578125 8.39943599700928 -0.00336790084839 60004
1103440348478231 78 -2.215576171875 0.39786052703857 0.01482772827148 70004
1103480278279741 78 -1.04437255859375 4.15408658981323 0.00764751434326 80004
1103520208056190 78 2.406494140625 2.05601072311401 -0.01657772064209 90004
1103160840046981 79 -4.28374910354614 0.58961355686188 0.02785924635828 4
1103200769823561 79 -0.60153198242188 4.04907894134521 0.00297063589096 10004
1103240699599311 79 1.29493713378906 3.20828485488892 -0.00811052322388 20004
1103280629375041 79 -1.92178344726563 -0.78429788351059 0.01286804676056 30004
1103320559151081 79 0.4254150390625 7.97508955001831 -0.00225162506104 40004
1103360488926651 79 -0.0548095703125 6.83656644821167 0.00001120567322 50004
1103400418700851 79 0.796142578125 8.54161739349365 -0.00448560714722 60004
1103440348478231 79 -2.121826171875 0.00519071146846 0.01370477676392 70004
1103480278279741 79 -1.14105224609375 3.84667539596558 0.00763940811157 80004
1103520208056190 79 2.250244140625 2.37416410446167 -0.0145525932312 90004
1103160840046981 80 -4.25836658477783 0.73411917686462 0.02785918861628 4
1103200769823561 80 -0.82586669921875 3.81501531600952 0.00498503446579 10004
1103240699599311 80 1.48280334472656 2.9272198677063 -0.00923454761505 20004
1103280629375041 80 -1.86550903320313 -1.13074910640717 0.01286590099335 30004
1103320559151081 80 0.384765625 7.86104917526245 -0.00225162506104 40004
1103360488926651 80 -0.091796875 6.49686765670776 0.00001287460327 50004
1103400418700851 80 0.831298828125 8.57716274261475 -0.00448083877563 60004
1103440348478231 80 -1.94677734375 -0.35507065057755 0.01258087158203 70004
1103480278279741 80 -1.19744873046875 3.53035497665405 0.00763082504272 80004
1103520208056190 80 2.00390625 2.62068605422974 -0.01251840591431 90004
1103160840046981 81 -4.1994423866272 0.84043544530869 0.02785911411047 4
1103200769823561 81 -1.06362152099609 3.58722066879272 0.00707411766052 10004
1103240699599311 81 1.68678283691406 2.65544748306274 -0.01036107540131 20004
1103280629375041 81 -1.77200317382813 -1.46682012081146 0.01174020767212 30004
1103320559151081 81 0.298583984375 7.6348032951355 -0.00225162506104 40004
1103360488926651 81 -0.08544921875 6.15277814865112 0.00001502037048 50004
1103400418700851 81 0.831298828125 8.57716274261475 -0.00447702407837 60004
1103440348478231 81 -1.830078125 -0.73082309961319 0.01258993148804 70004
1103480278279741 81 -1.30584716796875 3.23511838912964 0.00762224197388 80004
1103520208056190 81 1.78759765625 2.89108514785767 -0.01251459121704 90004
1103160840046981 82 -4.07332801818848 0.93037289381027 0.02673600241542 4
1103200769823561 82 -1.25565338134766 3.32612085342407 0.0070732831955 10004
1103240699599311 82 1.90681457519531 2.42180871963501 -0.01148498058319 20004
1103280629375041 82 -1.62673950195313 -1.79053819179535 0.01061379909515 30004
1103320559151081 82 0.2149658203125 7.32891607284546 -0.00124716758728 40004
1103360488926651 82 -0.0390625 5.79752683639526 0.00001883506775 50004
1103400418700851 82 0.831298828125 8.57716274261475 -0.0044732093811 60004
1103440348478231 82 -1.755126953125 -1.1197224855423 0.01148223876953 70004
1103480278279741 82 -1.44622802734375 2.95190858840942 0.00962495803833 80004
1103520208056190 82 1.66845703125 3.21821165084839 -0.0105037689209 90004
1103160840046981 83 -3.79713606834412 1.04331028461456 0.02448988333344 4
1103200769823561 83 -1.35497283935547 3.01137113571167 0.00910836458206 10004
1103240699599311 83 2.04206848144531 2.20264673233032 -0.01260936260223 20004
1103280629375041 83 -1.54995727539063 -2.13947606086731 0.01061272621155 30004
1103320559151081 83 0.2349853515625 7.00668096542358 -0.00124859809875 40004
1103360488926651 83 -0.0146484375 5.43986082077026 0.00002217292786 50004
1103400418700851 83 0.831298828125 8.57716274261475 -0.00446939468384 60004
1103440348478231 83 -1.55438232421875 -1.46918118000031 0.0103702545166 70004
1103480278279741 83 -1.48822021484375 2.63261842727661 0.00961637496948 80004
1103520208056190 83 1.66064453125 3.57225751876831 -0.01049947738647 90004
1103160840046981 84 -3.44243693351746 1.1076226234436 0.02224376052618 4
1103200769823561 84 -1.53710174560547 2.73621320724487 0.00910747051239 10004
1103240699599311 84 2.19575500488281 1.89467477798462 -0.01373171806335 20004
1103280629375041 84 -1.3330078125 -2.42315602302551 0.00949168205261 30004
1103320559151081 84 0.1168212890625 6.70624303817749 -0.00125050544739 40004
1103360488926651 84 -0.078125 5.08703947067261 0.00002384185791 50004
1103400418700851 84 0.831298828125 8.57716274261475 -0.00446557998657 60004
1103440348478231 84 -1.51922607421875 -1.87122738361359 0.0103702545166 70004
1103480278279741 84 -1.66180419921875 2.3614354133606 0.00960779190063 80004
1103520208056190 84 1.65283203125 3.92629194259644 -0.01049566268921 90004
1103160840046981 85 -3.19668292999268 1.12233853340149 0.02112071588635 4
1103200769823561 85 -1.65431213378906 2.43049669265747 0.01113522052765 10004
1103240699599311 85 2.40756225585938 1.62644100189209 -0.01485526561737 20004
1103280629375041 85 -1.2230224609375 -2.74537968635559 0.00836992263794 30004
1103320559151081 85 0.02316284179688 6.39765691757202 0.00075888633728 40004
1103360488926651 85 -0.025146484375 4.73889875411987 0.00002455711365 50004
1103400418700851 85 0.831298828125 8.57716274261475 -0.00446176528931 60004
1103440348478231 85 -1.3590087890625 -2.23383164405823 0.00924730300903 70004
1103480278279741 85 -1.80560302734375 2.07395601272583 0.01164388656616 80004
1103520208056190 85 1.54669189453125 4.03515291213989 -0.00963068008423 90004
1103160840046981 86 -2.92187476158142 1.04030418395996 0.0188746266067 4
1103200769823561 86 -1.81214904785156 2.14960670471191 0.01113510131836 10004
1103240699599311 86 2.57431030273438 1.33450031280518 -0.01598024368286 20004
1103280629375041 86 -1.0772705078125 -3.05475544929504 0.00724768638611 30004
1103320559151081 86 -0.10794067382813 6.13854360580444 0.00075817108154 40004
1103360488926651 86 0.078125 4.39582777023315 0.00002646446228 50004
1103400418700851 86 0.828857421875 8.48962306976318 -0.00445866584778 60004
1103440348478231 86 -1.24139404296875 -2.60958313941956 0.00813245773315 70004
1103480278279741 86 -1.93890380859375 1.78084564208984 0.0116400718689 80004
1103520208056190 86 1.375732421875 4.0463604927063 -0.00856351852417 90004
1103160840046981 87 -2.58109974861145 0.87925618886948 0.01662853360176 4
1103200769823561 87 -2.03007507324219 1.90187275409698 0.01314473152161 10004
1103240699599311 87 2.63919067382813 1.00253772735596 -0.01598310470581 20004
1103280629375041 87 -0.89501953125 -3.35474991798401 0.00612556934357 30004
1103320559151081 87 -0.28494262695313 5.91615629196167 0.00075674057007 40004
1103360488926651 87 0.1888427734375 4.05499792098999 -0.00109505653381 50004
1103400418700851 87 0.780029296875 8.2676305770874 -0.00445556640625 60004
1103440348478231 87 -1.16644287109375 -2.99848198890686 0.00814819335938 70004
1103480278279741 87 -2.09637451171875 1.50487565994263 0.01364183425903 80004
1103520208056190 87 1.15240478515625 4.11573457717896 -0.00855350494385 90004
1103160840046981 88 -2.23863124847412 0.72182303667068 0.01550547592342 4
1103200769823561 88 -2.24160003662109 1.64865720272064 0.01520895957947 10004
1103240699599311 88 2.59255981445313 0.66136741638184 -0.01598477363586 20004
1103280629375041 88 -0.81787109375 -3.70368790626526 0.0061274766922 30004
1103320559151081 88 -0.4638671875 5.64738035202026 0.00277471542358 40004
1103360488926651 88 0.2874755859375 3.71036291122437 -0.00109171867371 50004
1103400418700851 88 0.599365234375 7.90490102767944 -0.00445175170898 60004
1103440348478231 88 -0.96624755859375 -3.34793877601624 0.00704050064087 70004
1103480278279741 88 -2.32781982421875 1.28092050552368 0.01565456390381 80004
1103520208056190 88 0.86627197265625 4.32598543167114 -0.00646924972534 90004
1103160840046981 89 -1.86171984672546 0.72387343645096 0.01213634107262 4
1103200769823561 89 -2.32630920410156 1.32967984676361 0.01520830392838 10004
1103240699599311 89 2.40608215332031 0.37187802791595 -0.01598608493805 20004
1103280629375041 89 -0.599853515625 -3.98736786842346 0.00387668609619 30004
1103320559151081 89 -0.51220703125 5.32820463180542 0.00277042388916 40004
1103360488926651 89 0.3450927734375 3.35655355453491 -0.00221276283264 50004
1103400418700851 89 0.300537109375 7.55511617660522 -0.00243496894836 60004
1103440348478231 89 -0.93304443359375 -3.74998497962952 0.00705575942993 70004
1103480278279741 89 -2.60711669921875 1.1200909614563 0.01565217971802 80004
1103520208056190 89 0.73345947265625 4.56821870803833 -0.00441980361938 90004
1103160840046981 90 -1.50884747505188 0.61027985811234 0.00989024806768 4
1103200769823561 90 -2.30387878417969 1.00623595714569 0.01520657539368 10004
1103240699599311 90 2.2711181640625 0.05685743689537 -0.01396870613098 20004
1103280629375041 90 -0.4876708984375 -4.31999063491821 0.00387644767761 30004
1103320559151081 90 -0.634765625 5.03291845321655 0.00479292869568 40004
1103360488926651 90 0.5107421875 3.04589128494263 -0.00221037864685 50004
1103400418700851 90 0.151123046875 7.19885396957397 -0.00043249130249 60004
1103440348478231 90 -0.77459716796875 -4.11258935928345 0.00594806671143 70004
1103480278279741 90 -2.81536865234375 0.88207864761353 0.01773166656494 80004
1103520208056190 90 0.68267822265625 4.89383935928345 -0.00441741943359 90004
1103160840046981 91 -1.17750561237335 0.43290421366692 0.00764413969591 4
1103200769823561 91 -2.17991638183594 0.70879185199738 0.01408213376999 10004
1103240699599311 91 2.090576171875 -0.22668893635273 -0.01396977901459 20004
1103280629375041 91 -0.36807250976563 -4.61445474624634 0.00275218486786 30004
1103320559151081 91 -0.733642578125 4.7299017906189 0.0047881603241 40004
1103360488926651 91 0.765625 2.80613565444946 -0.00445485115051 50004
1103400418700851 91 0.126220703125 6.79094076156616 -0.00043344497681 60004
1103440348478231 91 -0.63836669921875 -4.48564767837524 0.00484037399292 70004
1103480278279741 91 -2.97894287109375 0.60567140579224 0.01978254318237 80004
1103520208056190 91 0.58599853515625 5.2260308265686 -0.0044150352478 90004
1103160840046981 92 -0.88852286338806 0.20146049559116 0.00652108388022 4
1103200769823561 92 -2.02296447753906 0.42507088184357 0.01408123970032 10004
1103240699599311 92 1.86427307128906 -0.48332723975182 -0.01193487644196 20004
1103280629375041 92 -0.23342895507813 -4.88271188735962 0.00162744522095 30004
1103320559151081 92 -0.80178833007813 4.4159140586853 0.00478434562683 40004
1103360488926651 92 1.04656982421875 2.594642162323 -0.00669813156128 50004
1103400418700851 92 0.1416015625 6.38340711593628 -0.00043559074402 60004
1103440348478231 92 -0.52581787109375 -4.86514520645142 0.00373268127441 70004
1103480278279741 92 -3.11322021484375 0.31307995319366 0.01977968215942 80004
1103520208056190 92 0.402587890625 5.52759408950806 -0.00235366821289 90004
1103160840046981 93 -0.6861025094986 -0.1164765059948 0.0053980271332 4
1103200769823561 93 -1.96478271484375 0.10013663768768 0.01295614242554 10004
1103240699599311 93 1.68849182128906 -0.77936226129532 -0.01193571090698 20004
1103280629375041 93 -0.17825317382813 -5.23576974868774 0.00162601470947 30004
1103320559151081 93 -0.92141723632813 4.11609411239624 0.00682830810547 40004
1103360488926651 93 1.24725341796875 2.29836225509644 -0.00781083106995 50004
1103400418700851 93 0.0537109375 6.12548780441284 -0.00043678283691 60004
1103440348478231 93 -0.29241943359375 -5.19315576553345 0.00262498855591 70004
1103480278279741 93 -3.22259521484375 0.00993883237243 0.01977729797363 80004
1103520208056190 93 0.177978515625 5.80094766616821 -0.00029468536377 90004
1103160840046981 94 -0.64497536420822 -0.42955958843231 0.0042749773711 4
1103200769823561 94 -1.80119323730469 -0.18657293915749 0.01183158159256 10004
1103240699599311 94 1.65432739257813 -1.12200284004211 -0.0099333524704 20004
1103280629375041 94 -0.07293701171875 -5.57716226577759 0.00050234794617 30004
1103320559151081 94 -1.15676879882813 3.89497327804565 0.00682711601257 40004
1103360488926651 94 1.55438232421875 2.11513090133667 -0.00892376899719 50004
1103400418700851 94 0.00390625 5.83862257003784 -0.00043845176697 60004
1103440348478231 94 -0.2197265625 -5.58981561660767 0.00151538848877 70004
1103480278279741 94 -3.1951904296875 -0.31090933084488 0.02086448669434 80004
1103520208056190 94 0.089111328125 6.14382028579712 -0.0003023147583 90004
1103160840046981 95 -0.5812292098999 -0.78540152311325 0.00427497923374 4
1103200769823561 95 -1.73997497558594 -0.50496423244476 0.01182806491852 10004
1103240699599311 95 1.54342651367188 -1.38008236885071 -0.00993478298187 20004
1103280629375041 95 0.04241943359375 -5.91531038284302 0.00050091743469 30004
1103320559151081 95 -1.30130004882813 3.62525701522827 0.00886273384094 40004
1103360488926651 95 1.78262329101563 1.84711313247681 -0.0111665725708 50004
1103400418700851 95 -0.048095703125 5.42416143417358 -0.00043845176697 60004
1103440348478231 95 -0.024658203125 -5.93498849868774 0.0003924369812 70004
1103480278279741 95 -3.0682373046875 -0.59994614124298 0.02087116241455 80004
1103520208056191 95 0.050537109375 7.6406512260437 -0.00000762939453 90004
1103160840046981 96 -0.51828211545944 -1.15689957141876 0.00427498016506 4
1103200769823561 96 -1.64618682861328 -0.81367421150208 0.01070177555084 10004
1103240699599311 96 1.45809936523438 -1.66631054878235 -0.00993621349335 20004
1103280629375041 96 0.14739990234375 -6.25659227371216 -0.00062334537506 30004
1103320559151081 96 -1.45999145507813 3.35935544967651 0.00886201858521 40004
1103360488926651 96 1.96646118164063 1.54015302658081 -0.01228475570679 50004
1103400418700851 96 -0.125732421875 4.97140264511108 0.0015869140625 60004
1103440348478231 96 0.130126953125 -6.29732370376587 -0.00072860717773 70004
1103480278279741 96 -2.85491943359375 -0.83108484745026 0.01862144470215 80004
1103520208056191 96 0.084228515625 7.71277189254761 -0.00001525878906 90004
1103160840046981 97 -0.46076947450638 -1.52934181690216 0.00315192877315 4
1103200769823561 97 -1.51993560791016 -1.11234772205353 0.01070040464401 10004
1103240699599311 97 1.38851928710938 -1.99727559089661 -0.00993752479553 20004
1103280629375042 97 0.022216796875 -7.95246505737305 0 30004
1103320559151081 97 -1.68170166015625 3.13325071334839 0.01091909408569 40004
1103360488926651 97 2.16213989257813 1.24750947952271 -0.01340484619141 50004
1103400418700851 97 -0.24847412109375 4.52978277206421 0.00158214569092 60004
1103440348478232 97 0.018310546875 -7.96076393127441 0.00000190734863 70004
1103480278279741 97 -2.60980224609375 -1.03462111949921 0.01749277114868 80004
1103520208056191 97 0.084228515625 7.71277189254761 -0.00002288818359 90004
1103160840046981 98 -0.39454787969589 -1.90037310123444 0.00315192178823 4
1103200769823561 98 -1.49649810791016 -1.4415694475174 0.01069957017899 10004
1103240699599311 98 1.21266174316406 -2.29338479042053 -0.00792980194092 20004
1103280629375042 98 0.111083984375 -7.76232528686523 -0.0000011920929 30004
1103320559151081 98 -1.95834350585938 2.96649503707886 0.01299715042114 40004
1103360488926651 98 2.44677734375 1.02985620498657 -0.01564836502075 50004
1103400418700851 98 -0.43316650390625 4.10887670516968 0.00358247756958 60004
1103440348478232 98 0.091552734375 -7.80381965637207 0.00000381469727 70004
1103480278279741 98 -2.42327880859375 -1.29723250865936 0.01636505126953 80004
1103520208056191 98 0.084228515625 7.71277189254761 -0.00003051757813 90004
1103160840046981 99 -0.49132826924324 -2.26460242271423 0.00315191829577 4
1103200769823561 99 -1.33609771728516 -1.73006129264832 0.00957441329956 10004
1103240699599311 99 1.17848205566406 -2.63600897789001 -0.0079311132431 20004
1103280629375042 99 0.111083984375 -7.46722793579102 -0.0000011920929 30004
1103320559151081 99 -2.13851928710938 2.69853162765503 0.01299214363098 40004
1103360488926651 99 2.7685546875 0.87401324510574 -0.01676750183105 50004
1103400418700851 99 -0.65484619140625 3.70555925369263 0.00358152389526 60004
1103440348478232 99 0.091552734375 -7.40022468566895 0.00000381469727 70004
1103480278279741 99 -2.32269287109375 -1.60321319103241 0.01523542404175 80004
1103520208056191 99 0.084228515625 7.71277189254761 -0.00003814697266 90004
1103160840046981 100 -0.46585574746132 -2.63393592834473 0.00315191410482 4
1103200769823561 100 -1.27817535400391 -2.0491042137146 0.00844979286194 10004
1103240699599311 100 1.03811645507813 -2.943683385849 -0.00588464736938 20004
1103280629375042 100 0.2044677734375 -7.19286727905273 -0.00112462043762 30004
1103320559151081 100 -2.22091674804688 2.39232206344604 0.01500391960144 40004
1103360488926651 100 2.96224975585938 0.69570428133011 -0.01900935173035 50004
1103400418700851 100 -0.87139892578125 3.29968786239624 0.00560235977173 60004
1103440348478232 100 0.2373046875 -6.9860668182373 -0.0011191368103 70004
1103480278279741 100 -2.21478271484375 -1.76771485805511 0.01523065567017 80004
1103520208056191 100 0.084228515625 7.71277189254761 -0.00004577636719 90004
1103160840046981 101 -0.48113438487053 -3.0015664100647 0.00315190851688 4
1103200769823561 101 -1.18605804443359 -2.35796022415161 0.00844830274582 10004
1103240699599311 101 0.93313598632813 -3.26306128501892 -0.00588464736938 20004
1103280629375042 101 0.2955322265625 -6.91440963745117 -0.00112223625183 30004
1103320559151081 101 -2.32980346679688 2.09501600265503 0.01500225067139 40004
1103360488926651 101 3.06039428710938 0.51515036821365 -0.01900553703308 50004
1103400418700851 101 -1.12042236328125 2.91509008407593 0.0077018737793 60004
1103440348478232 101 0.33447265625 -6.54680061340332 -0.00110864639282 70004
1103480278279741 101 -2.06634521484375 -1.87565934658051 0.0141019821167 80004
1103520208056191 101 0.084228515625 7.71277189254761 -0.00005340576172 90004
1103160840046981 102 -0.53716152906418 -3.36749005317688 0.00315190665424 4
1103200769823561 102 -1.06007385253906 -2.65663909912109 0.00732511281967 10004
1103240699599311 102 0.87162780761719 -3.5982928276062 -0.00588464736938 20004
1103280629375042 102 0.38232421875 -6.63778495788574 -0.00224316120148 30004
1103320559151081 102 -2.46469116210938 1.80806255340576 0.01500034332275 40004
1103360488926651 102 3.08309936523438 0.32806232571602 -0.01899909973145 50004
1103400418700851 102 -1.35870361328125 2.53117036819458 0.00770044326782 60004
1103440348478232 102 0.35693359375 -6.08816719055176 -0.00222015380859 70004
1103480278279741 102 -1.84613037109375 -1.95686089992523 0.01297426223755 80004
1103520208056191 102 0.084228515625 7.71277189254761 -0.00006103515625 90004
1103160840046981 103 -0.47093823552132 -3.738529920578 0.00315190013498 4
1103200769823561 103 -1.036865234375 -2.98585891723633 0.00732493400574 10004
1103240699599311 103 0.728271484375 -3.91123962402344 -0.00386321544647 20004
1103280629375042 103 0.556640625 -6.39968681335449 -0.00336372852325 30004
1103320559151081 103 -2.5006103515625 1.48721027374268 0.01700401306152 40004
1103360488926651 103 3.04061889648438 0.10563908517361 -0.01899647712708 50004
1103400418700851 103 -1.4613037109375 2.08290910720825 0.00972986221313 60004
1103440348478232 103 0.44677734375 -5.63619422912598 -0.00221633911133 70004
1103480278279741 103 -1.5240478515625 -1.98602616786957 0.01071691513062 80004
1103520208056191 103 0.084228515625 7.71277189254761 -0.00006866455078 90004
1103160840046981 104 -0.3014962375164 -4.07519817352295 0.00202884734608 4
1103200769823561 104 -1.0050048828125 -3.31435012817383 0.00732463598251 10004
1103240699599311 104 0.730224609375 -4.25556945800781 -0.00386357307434 20004
1103280629375042 104 0.69287109375 -6.13789939880371 -0.00335991382599 30004
1103320559151081 104 -2.3975830078125 1.18128299713135 0.01587677001953 40004
1103360488926651 104 2.83114624023438 -0.18522886931896 -0.01899313926697 50004
1103400418700851 104 -1.58453369140625 1.88941121101379 0.00972461700439 60004
1103440348478232 104 0.33740234375 -5.18850898742676 -0.00221538543701 70004
1103480278279741 104 -1.21990966796875 -2.09562253952026 0.00845289230347 80004
1103520208056191 104 0.093017578125 7.52531766891479 -0.00007200241089 90004
1103160840046981 105 -0.25067070126534 -4.4419059753418 0.00202884338796 4
1103200769823561 105 -0.87554931640625 -3.61220550537109 0.00620090961456 10004
1103240699599311 105 0.62286376953125 -4.5764217376709 -0.00386393070221 20004
1103280629375042 105 0.73556518554688 -5.88629722595215 -0.00448513031006 30004
1103320559151081 105 -2.27651977539063 0.88214492797852 0.01474928855896 40004
1103360488926651 105 2.54367065429688 -0.38924285769463 -0.01695203781128 50004
1103400418700851 105 -1.73785400390625 1.54867148399353 0.01174163818359 60004
1103440348478232 105 0.37744140625 -4.73760795593262 -0.00221300125122 70004
1103480278279741 105 -0.9227294921875 -2.22032785415649 0.00618839263916 80004
1103520208056191 105 0.018310546875 7.29195547103882 -0.000075340271 90004
1103160840046981 106 -0.16681149601936 -4.80171251296997 0.00202884175815 4
1103200769823561 106 -0.78224182128906 -3.92056226730347 0.00507724285126 10004
1103240699599311 106 0.5521240234375 -4.90508842468262 -0.0038651227951 20004
1103280629375042 106 0.74728393554688 -5.61475944519043 -0.0044869184494 30004
1103320559151081 106 -2.21743774414063 0.5723705291748 0.01474118232727 40004
1103360488926651 106 2.2667236328125 -0.60976266860962 -0.01493406295776 50004
1103400418700851 106 -1.98931884765625 1.19877028465271 0.01174283027649 60004
1103440348478232 106 0.55859375 -4.32583808898926 -0.00333213806152 70004
1103480278279741 106 -0.6859130859375 -2.38739442825317 0.00505208969116 80004
1103520208056191 106 -0.082275390625 6.97907400131226 -0.00007963180542 90004
1103160840046981 107 -0.0502663590014 -5.15311002731323 0.00090579374228 4
1103200769823561 107 -0.72312927246094 -4.23930501937866 0.00507777929306 10004
1103240699599311 107 0.5179443359375 -5.24156951904297 -0.00386679172516 20004
1103280629375042 107 0.79049682617188 -5.32802200317383 -0.00448930263519 30004
1103320559151081 107 -2.19277954101563 0.25614616274834 0.01473355293274 40004
1103360488926651 107 2.0040283203125 -0.8441162109375 -0.0128812789917 50004
1103400418700851 107 -2.28839111328125 0.86012852191925 0.013756275177 60004
1103440348478232 107 0.785400390625 -3.93417048454285 -0.00444364547729 70004
1103480278279741 107 -0.5452880859375 -2.56727457046509 0.00392770767212 80004
1103520208056191 107 -0.139404296875 6.60033559799194 0.00195074081421 90004
1103160840046981 108 -0.05340287089348 -5.52997922897339 0.00090579368407 4
1103200769823561 108 -0.56130218505859 -4.526939868927 0.00395447015762 10004
1103240699599311 108 0.37455749511719 -5.55453872680664 -0.00181639194489 20004
1103280629375042 108 0.92633056640625 -5.06567764282227 -0.00561618804932 30004
1103320559151081 108 -2.065185546875 -0.04072881489992 0.01359939575195 40004
1103360488926651 108 1.6739501953125 -0.98359966278076 -0.01076722145081 50004
1103400418700851 108 -2.46514892578125 0.43550884723663 0.01582336425781 60004
1103440348478232 108 0.875244140625 -3.48220133781433 -0.00556373596191 70004
1103480278279741 108 -0.5159912109375 -2.67362070083618 0.00392246246338 80004
1103520208056191 108 -0.07037353515625 6.21667623519897 0.00082159042358 90004
1103160840046981 109 0.0171134993434 -5.90021133422852 0.00090579362586 4
1103200769823561 109 -0.53615570068359 -4.85603713989258 0.00395327806473 10004
1103240699599311 109 0.34916687011719 -5.8707160949707 -0.00181698799133 20004
1103280629375042 109 1.07589721679688 -4.8111686706543 -0.00674271583557 30004
1103320559151081 109 -2.03781127929688 -0.36241763830185 0.01358985900879 40004
1103360488926651 109 1.37344360351563 -1.17936825752258 -0.00874781608582 50004
1103400418700851 109 -2.44659423828125 -0.0241810977459 0.01582551002502 60004
1103440348478232 109 1.1468505859375 -3.11063838005066 -0.00668001174927 70004
1103480278279741 109 -0.5579833984375 -2.94232034683228 0.00391912460327 80004
1103520208056191 109 -0.16900634765625 5.83957815170288 0.00081872940063 90004
1103160840046981 110 0.03196882456541 -6.27541542053223 -0.00021725309489 4
1103200769823561 110 -0.40853881835938 -5.15403461456299 0.00282943248749 10004
1103240699599311 110 0.31352233886719 -6.20634269714355 -0.00181722640991 20004
1103280629375042 110 1.19161987304688 -4.54055213928223 -0.00674629211426 30004
1103320559151081 110 -1.90985107421875 -0.65285104513168 0.01245450973511 40004
1103360488926651 110 1.15322875976563 -1.45484328269959 -0.00671696662903 50004
1103400418700851 110 -2.28302001953125 -0.44556927680969 0.01470470428467 60004
1103440348478232 110 1.49432373046875 -2.81467223167419 -0.00892066955566 70004
1103480278279741 110 -0.5025634765625 -3.24147272109985 0.00391530990601 80004
1103520208056191 110 -0.27935791015625 5.46581602096558 0.00081491470337 90004
1103160840046982 111 0.082370467484 -7.82335615158081 0.00000000011642 4
1103200769823561 111 -0.31510925292969 -5.46240329742432 0.00283014774323 10004
1103240699599312 111 0.0274658203125 -7.80978775024414 0 20004
1103280629375042 111 1.24905395507813 -4.26338386535645 -0.0071017742157 30004
1103320559151081 111 -1.8165283203125 -0.9537028670311 0.01244831085205 40004
1103360488926651 111 1.03262329101563 -1.78353667259216 -0.00671172142029 50004
1103400418700851 111 -2.16778564453125 -0.87972474098206 0.01470685005188 60004
1103440348478232 111 1.79156494140625 -2.47778677940369 -0.0111608505249 70004
1103480278279741 111 -0.4835205078125 -3.55533838272095 0.00390768051147 80004
1103520208056191 111 -0.31097412109375 5.08638334274292 0.00283622741699 90004
1103160840046982 112 0.21627396345139 -7.46150493621826 -0.00112304545473 4
1103200769823561 112 -0.27729797363281 -5.78953456878662 0.0028303861618 10004
1103240699599312 112 0.1043701171875 -7.4282398223877 -0.00000071525574 20004
1103280629375042 112 1.2490234375 -3.98087072372437 -0.00709867477417 30004
1103320559151081 112 -1.7662353515625 -1.25536417961121 0.01244449615479 40004
1103360488926651 112 0.94839477539063 -2.12555480003357 -0.00670623779297 50004
1103400418700851 112 -2.10089111328125 -1.32664752006531 0.01358556747437 60004
1103440348478232 112 2.05059814453125 -2.10784220695496 -0.01228094100952 70004
1103480278279741 112 -0.4989013671875 -3.87148523330688 0.00390577316284 80004
1103520208056191 112 -0.25360107421875 4.70110654830933 0.00171852111816 90004
1103160840046982 113 0.25768533349037 -7.07392406463623 -0.00112304277718 4
1103200769823561 113 -0.20149230957031 -6.1107964515686 0.0017067193985 10004
1103240699599312 113 0.2471923828125 -7.04332160949707 -0.00112462043762 20004
1103280629375042 113 1.2490234375 -3.68586874008179 -0.00709867477417 30004
1103320559151081 113 -1.6441650390625 -1.49694132804871 0.0113251209259 40004
1103360488926651 113 0.75558471679688 -2.42759871482849 -0.00469899177551 50004
1103400418700851 113 -1.88897705078125 -1.73526835441589 0.01246500015259 60004
1103440348478232 113 2.42169189453125 -1.83707499504089 -0.01452445983887 70004
1103480278279741 113 -0.4110107421875 -4.18078851699829 0.00277757644653 80004
1103520208056191 113 -0.17938232421875 4.31864500045776 0.00172424316406 90004
1103160840046982 114 0.22634655237198 -6.68541240692139 -0.00112304196227 4
1103200769823561 114 -0.02482604980469 -6.38957595825195 0.00058233737946 10004
1103240699599312 114 0.2139892578125 -6.63407325744629 -0.00112473964691 20004
1103280629375042 114 1.2490234375 -3.45456075668335 -0.00709867477417 30004
1103320559151081 114 -1.5299072265625 -1.79847407341003 0.01020622253418 40004
1103360488926651 114 0.551025390625 -2.72210097312927 -0.00268816947937 50004
1103400418700851 114 -1.78936767578125 -2.18449854850769 0.01246786117554 60004
1103440348478232 114 2.64337158203125 -1.43407130241394 -0.01675271987915 70004
1103480278279741 114 -0.2283935546875 -4.44451379776001 0.00165033340454 80004
1103520208056191 114 0.05029296875 4.00407743453979 0.00059843063354 90004
1103160840046982 115 0.2585264146328 -6.29869651794434 -0.00112303905189 4
1103200769823562 115 0.0113525390625 -7.71962547302246 -0.00000011920929 10004
1103240699599312 115 0.31280517578125 -6.24307250976563 -0.00112557411194 20004
1103280629375042 115 1.2490234375 -3.18458032608032 -0.00709867477417 30004
1103320559151081 115 -1.36190795898438 -2.07145953178406 0.00908541679382 40004
1103360488926651 115 0.4544677734375 -3.06069445610046 -0.0026867389679 50004
1103400418700851 115 -1.5528564453125 -2.57068037986755 0.01021528244019 60004
1103440348478232 115 2.72149658203125 -0.98852843046188 -0.01673460006714 70004
1103480278279741 115 -0.1519775390625 -4.69256639480591 0.00164461135864 80004
1103520208056191 115 0.23681640625 3.66297006607056 -0.00053310394287 90004
1103160840046982 116 0.22779239714146 -5.91940307617188 -0.00112303928472 4
1103200769823562 116 0.11456298828125 -7.34763145446777 -0.00000041723251 10004
1103240699599312 116 0.38591003417969 -5.8453254699707 -0.00225079059601 20004
1103280629375042 116 1.27734375 -2.89834833145142 -0.00822162628174 30004
1103320559151081 116 -1.23983764648438 -2.36201357841492 0.00908207893372 40004
1103360488926651 116 0.3277587890625 -3.38845705986023 -0.002685546875 50004
1103400418700851 116 -1.3616943359375 -2.97787833213806 0.00908589363098 60004
1103440348478232 116 2.66778564453125 -0.53860539197922 -0.01672077178955 70004
1103480278279741 116 -0.0987548828125 -4.97155046463013 0.0016393661499 80004
1103520208056191 116 0.3916015625 3.30551767349243 -0.00166463851929 90004
1103160840046982 117 0.12584385275841 -5.58494091033936 -0.00112303765491 4
1103200769823562 117 0.30320739746094 -7.03143405914307 -0.00112509727478 10004
1103240699599312 117 0.43241882324219 -5.44466400146484 -0.00225305557251 20004
1103280629375042 117 1.36328125 -2.62153100967407 -0.00822114944458 30004
1103320559151081 117 -1.14999389648438 -2.66610980033875 0.00795650482178 40004
1103360488926651 117 0.17138671875 -3.70398020744324 -0.00062465667725 50004
1103400418700851 117 -1.27911376953125 -3.02829146385193 0.00850701332092 60004
1103440348478232 117 2.48687744140625 -0.12323236465454 -0.01671123504639 70004
1103480278279741 117 -0.06341552734375 -5.28708505630493 0.00051355361938 80004
1103520208056191 117 0.55859375 2.95868921279907 -0.00278902053833 90004
1103160840046982 118 0.06250190734863 -5.36447143554688 -0.00112303718925 4
1103200769823562 118 0.48342132568359 -6.87707996368408 -0.00224989652634 10004
1103240699599312 118 0.60855102539063 -5.07374572753906 -0.00338006019592 20004
1103280629375042 118 1.53677368164063 -2.38303995132446 -0.00934183597565 30004
1103320559151081 118 -0.96347045898438 -2.92957949638367 0.00683093070984 40004
1103360488926651 118 0.12451171875 -4.0593695640564 -0.00062274932861 50004
1103400418700851 118 -0.99853515625 -3.02829146385193 0.00738167762756 60004
1103440348478232 118 2.17633056640625 0.21789190173149 -0.01469755172729 70004
1103480278279741 118 -0.12200927734375 -5.60380411148071 0.00051212310791 80004
1103520208056191 118 0.814453125 2.66623163223267 -0.00502586364746 90004
1103160840046982 119 0.12328141927719 -4.97943592071533 -0.00112303695641 4
1103200769823562 119 0.54923248291016 -6.73218059539795 -0.00337445735931 10004
1103240699599312 119 0.70950317382813 -4.67584991455078 -0.00450444221497 20004
1103280629375042 119 1.59341430664063 -2.09344720840454 -0.00934183597565 30004
1103320559151081 119 -0.85897827148438 -3.23504519462585 0.00570559501648 40004
1103360488926651 119 0.1455078125 -4.41722631454468 -0.00061988830566 50004
1103400418700851 119 -0.89892578125 -3.47752165794373 0.00625586509705 60004
1103440348478232 119 1.98883056640625 0.63914704322815 -0.01261949539185 70004
1103480278279741 119 -0.04193115234375 -5.91580057144165 0.00051116943359 80004
1103520208056191 119 1.169921875 2.51015329360962 -0.00725793838501 90004
1103160840046982 120 0.05776073783636 -4.60223817825317 -0.00112303602509 4
1103200769823562 120 0.66416168212891 -6.43857526779175 -0.00337433815002 10004
1103240699599312 120 0.81576538085938 -4.27924156188965 -0.00450825691223 20004
1103280629375042 120 1.69912719726563 -1.81960153579712 -0.0104649066925 30004
1103320559151081 120 -0.84054565429688 -3.55341982841492 0.00570368766785 40004
1103360488926651 120 0.0518798828125 -4.75664091110229 -0.00061798095703 50004
1103400418700851 120 -0.672607421875 -3.87013792991638 0.00513052940369 60004
1103440348478232 120 1.76910400390625 1.04426741600037 -0.01054382324219 70004
1103480278279741 120 0.09307861328125 -6.20636796951294 0.00050926208496 80004
1103520208056191 120 1.45068359375 2.25179052352905 -0.00835752487183 90004
1103160840046982 121 -0.12396191060543 -4.26794147491455 0.00091708271066 4
1103200769823562 121 0.72348785400391 -6.05877685546875 -0.00449705123901 10004
1103240699599312 121 0.95822143554688 -3.89588737487793 -0.00563335418701 20004
1103280629375042 121 1.87222290039063 -1.58941221237183 -0.01158797740936 30004
1103320559151081 121 -0.78561401367188 -3.86463618278503 0.00570249557495 40004
1103360488926651 121 -0.0035400390625 -5.10220289230347 -0.00061559677124 50004
1103400418700851 121 -0.495849609375 -4.28307008743286 0.00400471687317 60004
1103440348478232 121 1.58990478515625 1.46558928489685 -0.01054286956787 70004
1103480278279742 121 0.0361328125 -7.86925506591797 0 80004
1103520208056191 121 1.75311279296875 2.01864767074585 -0.01059532165527 90004
1103160840046982 122 -0.34271284937859 -3.95380973815918 0.00297646829858 4
1103200769823562 122 0.70038604736328 -5.64321517944336 -0.00449699163437 10004
1103240699599312 122 1.09188842773438 -3.51534748077393 -0.00675630569458 20004
1103280629375042 122 2.07083129882813 -1.37842655181885 -0.0127090215683 30004
1103320559151081 122 -0.66134643554688 -4.16267871856689 0.00457453727722 40004
1103360488926651 122 0.0548095703125 -5.44944334030151 -0.00061321258545 50004
1103400418700851 122 -0.46044921875 -4.73362398147583 0.00287914276123 60004
1103440348478232 122 1.41815185546875 1.88465762138367 -0.00843524932861 70004
1103480278279742 122 0.07275390625 -7.56888580322266 -0.00000047683716 80004
1103520208056191 122 2.073486328125 1.81201779842377 -0.01283311843872 90004
1103160840046982 123 -0.45034036040306 -3.57919883728027 0.0029764669016 4
1103200769823562 123 0.64535522460938 -5.23025131225586 -0.00449687242508 10004
1103240699599312 123 1.09555053710938 -3.10477542877197 -0.00675630569458 20004
1103280629375042 123 2.1932373046875 -1.10982990264893 -0.01383030414581 30004
1103320559151081 123 -0.52471923828125 -4.45557880401611 0.00344204902649 40004
1103360488926651 123 0.2252197265625 -5.76483488082886 -0.00061082839966 50004
1103400418700851 123 -0.57373046875 -5.17948579788208 0.00287818908691 60004
1103440348478232 123 1.115234375 2.23222613334656 -0.00636196136475 70004
1103480278279742 123 0.00244140625 -7.15187835693359 -0.00000143051147 80004
1103520208056191 123 2.314697265625 1.5069774389267 -0.01394844055176 90004
1103160840046982 124 -0.70614808797836 -3.28521752357483 0.00507828546688 4
1103200769823562 124 0.71507263183594 -4.81953048706055 -0.00449687242508 10004
1103240699599312 124 0.95948791503906 -2.71743011474609 -0.00675582885742 20004
1103280629375042 124 2.41793823242188 -0.91804832220078 -0.01495575904846 30004
1103320559151081 124 -0.52520751953125 -4.77842426300049 0.00343751907349 40004
1103360488926651 124 0.2462158203125 -6.12269163131714 -0.00060892105103 50004
1103400418700851 124 -0.48779296875 -5.63153505325317 0.00287580490112 60004
1103440348478232 124 0.98773193359375 2.67512774467468 -0.00635671615601 70004
1103480278279742 124 0.11474609375 -6.74423217773438 -0.00000429153442 80004
1103520208056191 124 2.403564453125 1.12788236141205 -0.015061378479 90004
1103160840046982 125 -0.85082721710205 -2.93076872825623 0.00507828127593 4
1103200769823562 125 0.64983367919922 -4.4155387878418 -0.00449681282043 10004
1103240699599312 125 0.95271301269531 -2.33990669250488 -0.00675487518311 20004
1103280629375042 125 2.56570434570313 -0.66865557432175 -0.01608157157898 30004
1103320559151081 125 -0.42352294921875 -5.0788106918335 0.00342965126038 40004
1103360488926651 125 0.173095703125 -6.46929311752319 -0.00060677528381 50004
1103400418700851 125 -0.26483154296875 -6.02469873428345 0.00174927711487 60004
1103440348478232 125 1.00946044921875 3.12728190422058 -0.00635385513306 70004
1103480278279742 125 0.090087890625 -6.32956504821777 -0.00000667572021 80004
1103520208056191 125 2.3671875 0.74652421474457 -0.01505756378174 90004
1103160840046982 126 -0.98019468784332 -2.56386542320251 0.00713370880112 4
1103200769823562 126 0.54564666748047 -4.01225852966309 -0.00449734926224 10004
1103240699599312 126 1.07545471191406 -1.97611999511719 -0.00675463676453 20004
1103280629375042 126 2.62527465820313 -0.38681620359421 -0.01608335971832 30004
1103320559151081 126 -0.356201171875 -5.38668346405029 0.0023021697998 40004
1103360488926652 126 -0.032958984375 -7.92938613891602 0.00000071525574 50004
1103400418700851 126 -0.08697509765625 -6.43749094009399 0.00061964988708 60004
1103440348478232 126 0.98138427734375 3.57635188102722 -0.00635051727295 70004
1103480278279742 126 0.111083984375 -5.91723823547363 -0.00000905990601 80004
1103520208056191 126 2.2119140625 0.39870393276215 -0.01505422592163 90004
1103160840046982 127 -1.15499699115753 -2.21880555152893 0.00713370135054 4
1103200769823562 127 0.48749542236328 -3.63124132156372 -0.00249379873276 10004
1103240699599312 127 1.30384826660156 -1.63752555847168 -0.0078786611557 20004
1103280629375042 127 2.63967895507813 -0.09361082315445 -0.01608514785767 30004
1103320559151081 127 -0.3277587890625 -5.70398998260498 0.00230097770691 40004
1103360488926652 127 -0.0823974609375 -7.79227638244629 0.00000286102295 50004
1103400418700852 127 -0.0048828125 -7.9362735748291 0 60004
1103440348478232 127 0.88909912109375 4.02370691299438 -0.00634860992432 70004
1103480278279742 127 0.177734375 -5.50725173950195 -0.00113487243652 80004
1103520208056191 127 1.981201171875 0.0839576125145 -0.01301860809326 90004
1103160840046982 128 -1.40072929859161 -1.91633546352386 0.00917239394039 4
1103200769823562 128 0.54962921142578 -3.32171678543091 -0.00249606370926 10004
1103240699599312 128 1.58935546875 -1.34291648864746 -0.01012516021729 20004
1103280629375042 128 2.70608520507813 0.19396445155144 -0.01721048355103 30004
1103320559151081 128 -0.2110595703125 -6.00467967987061 0.00229477882385 40004
1103360488926652 128 -0.0823974609375 -7.66752052307129 0.00000667572021 50004
1103400418700852 128 -0.0244140625 -7.68136787414551 -0.00000023841858 60004
1103440348478232 128 0.90081787109375 4.48442316055298 -0.00634717941284 70004
1103480278279742 128 0.107421875 -5.09024429321289 -0.00113582611084 80004
1103520208056191 128 1.755615234375 -0.23444348573685 -0.01099920272827 90004
1103160840046982 129 -1.49726045131683 -1.53872632980347 0.00917239394039 4
1103200769823562 129 0.70403289794922 -2.93471145629883 -0.00362002849579 10004
1103240699599312 129 1.72412109375 -0.95504748821259 -0.01012849807739 20004
1103280629375042 129 2.77542114257813 0.44992682337761 -0.01721286773682 30004
1103320559151081 129 -0.2320556640625 -6.32686901092529 0.0022931098938 40004
1103360488926652 129 -0.0560302734375 -7.6104679107666 0.00001049041748 50004
1103400418700852 129 0.119140625 -7.2987003326416 -0.00000262260437 60004
1103440348478232 129 0.71624755859375 4.90677881240845 -0.00433778762817 70004
1103480278279742 129 -0.1328125 -4.74201583862305 0.00092601776123 80004
1103520208056191 129 1.685302734375 -0.61812323331833 -0.01099491119385 90004
1103160840046982 130 -1.70666658878326 -1.21826899051666 0.01123791746795 4
1103200769823562 130 0.94524383544922 -2.64727973937988 -0.00586748123169 10004
1103240699599312 130 1.97222900390625 -0.63712394237518 -0.01237821578979 20004
1103280629375042 130 2.75503540039063 0.73198747634888 -0.01721405982971 30004
1103320559151082 130 0.0849609375 -7.71175193786621 -0.00000143051147 40004
1103360488926652 130 -0.0487060546875 -7.55134391784668 0.00001239776611 50004
1103400418700852 130 0.131591796875 -6.89728164672852 -0.00000429153442 60004
1103440348478232 130 0.46722412109375 5.29211854934692 -0.00228404998779 70004
1103480278279742 130 -0.35784912109375 -4.38397979736328 0.00298023223877 80004
1103520208056191 130 1.49871826171875 -0.95284408330917 -0.00898170471191 90004
1103160840046982 131 -1.97477209568024 -0.93696480989456 0.01331145782024 4
1103200769823562 131 1.15752410888672 -2.32665133476257 -0.00699156522751 10004
1103240699599312 131 2.18229675292969 -0.29588520526886 -0.01350152492523 20004
1103280629375042 131 2.64566040039063 0.99847841262817 -0.01721513271332 30004
1103320559151082 131 0.111572265625 -7.3215274810791 -0.00000286102295 40004
1103360488926652 131 -0.0025634765625 -7.42599678039551 0.00001430511475 50004
1103400418700852 131 0.187744140625 -6.50211334228516 -0.00112867355347 60004
1103440348478232 131 0.28509521484375 5.70422029495239 -0.00228214263916 70004
1103480278279742 131 -0.49114990234375 -4.00128936767578 0.00297784805298 80004
1103520208056191 131 1.27435302734375 -1.27185761928558 -0.00897693634033 90004
1103160840046982 132 -2.22960329055786 -0.6513147354126 0.0133114606142 4
1103200769823562 132 1.34910583496094 -1.96501278877258 -0.00811624526978 10004
1103240699599312 132 2.28518676757813 0.09764163196087 -0.01462459564209 20004
1103280629375042 132 2.50674438476563 1.25235748291016 -0.01721584796906 30004
1103320559151082 132 0.069580078125 -6.9243278503418 -0.00000333786011 40004
1103360488926652 132 0.06689453125 -7.1815128326416 0.0000171661377 50004
1103400418700852 132 0.302001953125 -6.11310768127441 -0.00113153457642 60004
1103440348478233 132 -0.01220703125 7.61205053329468 0.00000047683716 70004
1103480278279742 132 -0.58074951171875 -3.60790538787842 0.00297498703003 80004
1103520208056191 132 1.08880615234375 -1.60759055614471 -0.00689601898193 90004
1103160840046982 133 -2.38132381439209 -0.29230397939682 0.01536302547902 4
1103200769823562 133 1.65232086181641 -1.67946553230286 -0.01036238670349 10004
1103240699599312 133 2.29373168945313 0.50814074277878 -0.01462543010712 20004
1103280629375042 133 2.45645141601563 1.54120826721191 -0.01520311832428 30004
1103320559151082 133 0.081787109375 -6.52388381958008 -0.00000381469727 40004
1103360488926652 133 0.07080078125 -6.77621650695801 0.00001835823059 50004
1103400418700852 133 0.328369140625 -5.70508766174316 -0.00113296508789 60004
1103440348478233 133 -0.06103515625 7.93037176132202 0.00000190734863 70004
1103480278279742 133 -0.80108642578125 -3.24659633636475 0.00503349304199 80004
1103520208056191 133 1.02044677734375 -1.99164474010468 -0.00688505172729 90004
1103160840046982 134 -2.45230007171631 0.09093762934208 0.0153630245477 4
1103200769823562 134 1.94905853271484 -1.38714909553528 -0.01148629188538 10004
1103240699599312 134 2.12796020507813 0.88375049829483 -0.01462614536285 20004
1103280629375042 134 2.29287719726563 1.77604103088379 -0.01520419120789 30004
1103320559151082 134 0.261962890625 -6.16608047485352 -0.00112771987915 40004
1103360488926652 134 0.24560546875 -6.41049385070801 -0.00110220909119 50004
1103400418700852 134 0.304931640625 -5.29687690734863 -0.00113487243652 60004
1103440348478233 134 -0.00732421875 8.11328220367432 0.00000667572021 70004
1103480278279742 134 -1.15264892578125 -3.0120153427124 0.00708675384521 80004
1103520208056191 134 0.79583740234375 -2.31127047538757 -0.00481557846069 90004
1103160840046982 135 -2.39680504798889 0.46978378295898 0.01536301430315 4
1103200769823562 135 2.22031402587891 -1.07161259651184 -0.01373314857483 10004
1103240699599312 135 1.85488891601563 1.1804655790329 -0.01256287097931 20004
1103280629375042 135 2.10205078125 1.99740982055664 -0.01315891742706 30004
1103320559151082 135 0.316162109375 -5.77629661560059 -0.00112867355347 40004
1103360488926652 135 0.42333984375 -6.04615020751953 -0.00222325325012 50004
1103400418700852 135 0.3291015625 -4.88962745666504 -0.00113677978516 60004
1103440348478233 135 0.006103515625 8.15900897979736 0.00001430511475 70004
1103480278279742 135 -1.4049072265625 -2.68238830566406 0.0091028213501 80004
1103520208056191 135 0.68841552734375 -2.67921614646912 -0.00481271743774 90004
1103160840046982 136 -2.22398805618286 0.8088446855545 0.01536299474537 4
1103200769823562 136 2.4024658203125 -0.70795810222626 -0.01485633850098 10004
1103240699599312 136 1.59159851074219 1.48973119258881 -0.01050770282745 20004
1103280629375042 136 1.95751953125 2.24641609191895 -0.01315999031067 30004
1103320559151082 136 0.368408203125 -5.38117027282715 -0.00225305557251 40004
1103360488926652 136 0.58447265625 -5.67470169067383 -0.00334358215332 50004
1103400418700852 136 0.28125 -4.49337959289551 -0.00113868713379 60004
1103440348478233 136 0.006103515625 8.15900897979736 0.00002193450928 70004
1103480278279742 136 -1.6905517578125 -2.38444328308105 0.01112174987793 80004
1103520208056191 136 0.70404052734375 -3.05949950218201 -0.004807472229 90004
1103160840046982 137 -2.01358723640442 1.12874948978424 0.01311687938869 4
1103200769823562 137 2.45895385742188 -0.30265259742737 -0.01485681533813 10004
1103240699599312 137 1.41583251953125 1.85264813899994 -0.00843238830566 20004
1103280629375042 137 1.84039306640625 2.51148509979248 -0.0111517906189 30004
1103320559151082 137 0.423828125 -4.98960304260254 -0.00225424766541 40004
1103360488926652 137 0.73388671875 -5.29812240600586 -0.00446367263794 50004
1103400418700852 137 0.10791015625 -4.13121604919434 -0.00113964080811 60004
1103440348478233 137 0.006103515625 8.15900897979736 0.00002956390381 70004
1103480278279742 137 -2.0233154296875 -2.1284875869751 0.01324415206909 80004
1103520208056191 137 0.76165771484375 -3.43789839744568 -0.00480270385742 90004
1103160840046982 138 -1.91594064235687 1.50611340999603 0.01311686076224 4
1103200769823562 138 2.38021850585938 0.10646206140518 -0.01485699415207 10004
1103240699599312 138 1.36553955078125 2.26016449928284 -0.00843238830566 20004
1103280629375042 138 1.64019775390625 2.72836589813232 -0.01115143299103 30004
1103320559151082 138 0.36865234375 -4.59276008605957 -0.00225472450256 40004
1103360488926652 138 0.9005126953125 -4.9288444519043 -0.00558257102966 50004
1103400418700852 138 -0.17816162109375 -3.83925986289978 0.00093817710876 60004
1103440348478233 138 0.006103515625 8.15900897979736 0.00003719329834 70004
1103480278279742 138 -2.2996826171875 -1.8084077835083 0.01530742645264 80004
1103520208056191 138 0.69329833984375 -3.82195067405701 -0.00479984283447 90004
1103160840046982 139 -1.74208962917328 1.85499596595764 0.01199380215257 4
1103200769823562 139 2.17864227294922 0.47105020284653 -0.01485693454742 10004
1103240699599312 139 1.14784240722656 2.60824513435364 -0.00843369960785 20004
1103280629375042 139 1.55035400390625 3.00949764251709 -0.00915062427521 30004
1103320559151082 139 0.1650390625 -4.24761390686035 -0.00020241737366 40004
1103360488926652 139 0.8951416015625 -4.52355575561523 -0.00558137893677 50004
1103400418700852 139 -0.31292724609375 -3.45368933677673 0.00093054771423 60004
1103440348478233 139 0.006103515625 8.15900897979736 0.00004482269287 70004
1103480278279742 139 -2.4696044921875 -1.42116451263428 0.01530504226685 80004
1103520208056191 139 0.79290771484375 -4.19846725463867 -0.00479602813721 90004
1103160840046982 140 -1.50806248188019 2.1639232635498 0.00974769983441 4
1103200769823562 140 2.10685729980469 0.87391555309296 -0.01284551620483 10004
1103240699599312 140 1.05589294433594 3.00091099739075 -0.00636267662048 20004
1103280629375042 140 1.41253662109375 3.26869106292725 -0.0091507434845 30004
1103320559151082 140 -0.1260986328125 -3.98104238510132 -0.00020289421082 40004
1103360488926652 140 0.9212646484375 -4.11957168579102 -0.00557804107666 50004
1103400418700852 140 -0.56146240234375 -3.13832831382751 0.00295686721802 60004
1103440348478233 140 0.006103515625 8.15900897979736 0.0000524520874 70004
1103480278279742 140 -2.5047607421875 -1.00726795196533 0.01530313491821 80004
1103520208056191 140 0.77972412109375 -4.50640678405762 -0.00479221343994 90004
1103160840046982 141 -1.32834386825562 2.4993736743927 0.00862464029342 4
1103200769823562 141 1.99179840087891 1.2640346288681 -0.01284575462341 10004
1103240699599312 141 0.92201232910156 3.37872624397278 -0.00636255741119 20004
1103280629375042 141 1.31167602539063 3.54013538360596 -0.00915324687958 30004
1103320559151082 141 -0.38113403320313 -3.68419790267944 0.00188231468201 40004
1103360488926652 141 0.9827880859375 -3.7199239730835 -0.00557518005371 50004
1103400418700852 141 -0.77239990234375 -2.79956412315369 0.00501823425293 60004
1103440348478233 141 0.013916015625 8.12731647491455 0.00005674362183 70004
1103480278279742 141 -2.4061279296875 -0.6063289642334 0.01529884338379 80004
1103520208056191 141 0.64202880859375 -4.80875968933105 -0.00478935241699 90004
1103160840046982 142 -1.24062824249268 2.87789916992188 0.00862463284284 4
1103200769823562 142 1.81012725830078 1.63706123828888 -0.01081329584122 10004
1103240699599312 142 0.74609375 3.74165749549866 -0.00429499149323 20004
1103280629375042 142 1.23361206054688 3.81915473937988 -0.00713717937469 30004
1103320559151082 142 -0.56124877929688 -3.32675504684448 0.00392699241638 40004
1103360488926652 142 1.0538330078125 -3.32196617126465 -0.00669384002686 50004
1103400418700852 142 -0.94573974609375 -2.43739676475525 0.00501680374146 60004
1103440348478233 142 0.02099609375 8.05643558502197 0.00005769729614 70004
1103480278279742 142 -2.2630615234375 -0.21631109714508 0.01529407501221 80004
1103520208056191 142 0.456787109375 -5.14449310302734 -0.00274085998535 90004
1103160840046982 143 -1.20580911636353 3.26612234115601 0.00862462446094 4
1103200769823562 143 1.68834686279297 2.03546094894409 -0.01081424951553 10004
1103240699599312 143 0.69580078125 4.14917373657227 -0.00429534912109 20004
1103280629375042 143 1.06613159179688 4.0622091293335 -0.00713729858398 30004
1103320559151082 143 -0.71505737304688 -2.95690107345581 0.00392317771912 40004
1103360488926652 143 1.0772705078125 -2.91737937927246 -0.0066831111908 50004
1103400418700852 143 -1.23187255859375 -2.14543890953064 0.0070321559906 60004
1103440348478233 143 0.00244140625 7.96306705474854 0.00005769729614 70004
1103480278279742 143 -2.2532958984375 0.20647031068802 0.01529169082642 80004
1103520208056191 143 0.389404296875 -5.52854919433594 -0.00274419784546 90004
1103160840046982 144 -1.01017355918884 3.60327219963074 0.00750156771392 4
1103200769823562 144 1.55687713623047 2.43074369430542 -0.01081526279449 10004
1103240699599312 144 0.47807312011719 4.49724674224854 -0.00222408771515 20004
1103280629375042 144 1.01730346679688 4.35321712493896 -0.00713694095612 30004
1103320559151082 144 -0.79367065429688 -2.56410551071167 0.00592708587646 40004
1103360488926652 144 1.2691650390625 -2.56095695495605 -0.00779700279236 50004
1103400418700852 144 -1.6143798828125 -2.0018002986908 0.01118588447571 60004
1103440348478233 144 0.07470703125 7.66646671295166 0.00005769729614 70004
1103480278279742 144 -2.0657958984375 0.58556687831879 0.01416397094727 80004
1103520208056191 144 0.385498046875 -5.91843414306641 -0.00274801254272 90004
1103160840046982 145 -0.86448746919632 3.96342468261719 0.00637850817293 4
1103200769823562 145 1.46854400634766 2.83703804016113 -0.00881266593933 10004
1103240699599312 145 0.38633728027344 4.88992023468018 -0.00222599506378 20004
1103280629375042 145 0.87966918945313 4.60826206207275 -0.00512683391571 30004
1103320559151082 145 -0.99130249023438 -2.22388982772827 0.00592589378357 40004
1103360488926652 145 1.410888671875 -2.182936668396 -0.0089123249054 50004
1103400418700852 145 -1.92376708984375 -1.74692273139954 0.01321721076965 60004
1103440348478233 145 0.185791015625 7.29115962982178 -0.00106334686279 70004
1103480278279742 145 -1.9017333984375 0.97498643398285 0.01303720474243 80004
1103520208056191 145 0.49560546875 -6.28646087646484 -0.00275325775146 90004
1103160840046982 146 -0.81922090053558 4.34126091003418 0.00525545841083 4
1103200769823562 146 1.31130218505859 3.21215057373047 -0.00881266593933 10004
1103240699599312 146 0.41148376464844 5.29282474517822 -0.00222873687744 20004
1103280629375042 146 0.77154541015625 4.87529468536377 -0.00512838363647 30004
1103320559151082 146 -1.25057983398438 -1.91998183727264 0.00799465179443 40004
1103360488926652 146 1.61154174804688 -1.84239673614502 -0.01002478599548 50004
1103400418700852 146 -2.20257568359375 -1.44802403450012 0.01321816444397 60004
1103440348478233 146 0.218994140625 6.88225078582764 -0.00106048583984 70004
1103480278279742 146 -1.7562255859375 1.37179124355316 0.01190948486328 80004
1103520208056192 146 -0.00244140625 -7.83066558837891 -0.00000190734863 90004
1103160840046982 147 -0.8158346414566 4.72411775588989 0.00525546167046 4
1103200769823562 147 1.11251831054688 3.5698299407959 -0.00672888755798 10004
1103240699599312 147 0.46714782714844 5.6923246383667 -0.00223219394684 20004
1103280629375042 147 0.69305419921875 5.15431499481201 -0.00512969493866 30004
1103320559151082 147 -1.55538940429688 -1.67126739025116 0.01001501083374 40004
1103360488926652 147 1.88143920898438 -1.54052448272705 -0.01114392280579 50004
1103400418700852 147 -2.43524169921875 -1.12067914009094 0.01523804664612 60004
1103440348478233 147 0.118896484375 6.48179340362549 -0.00105953216553 70004
1103480278279742 147 -1.58135986328125 1.74888503551483 0.01077699661255 80004
1103520208056192 147 0.028564453125 -7.49941062927246 -0.00000953674316 90004
1103160840046982 148 -0.68679863214493 5.09193897247314 0.00525546260178 4
1103200769823562 148 1.03842163085938 3.97979664802551 -0.00672870874405 10004
1103240699599313 148 0 7.53247022628784 0 20004
1103280629375042 148 0.52557373046875 5.39737224578857 -0.00311529636383 30004
1103320559151082 148 -1.9310302734375 -1.53179252147675 0.01201796531677 40004
1103360488926652 148 2.13046264648438 -1.22061634063721 -0.0133855342865 50004
1103400418700852 148 -2.55145263671875 -0.72881817817688 0.01728129386902 60004
1103440348478233 148 -0.108642578125 6.12878894805908 0.00100088119507 70004
1103480278279742 148 -1.28759765625 2.05501294136047 0.0085129737854 80004
1103520208056192 148 0.167236328125 -7.19039726257324 -0.00001621246338 90004
1103160840046982 149 -0.59405344724655 5.47053384780884 0.00413242354989 4
1103200769823562 149 0.79810333251953 4.3200421333313 -0.00468134880066 10004
1103240699599313 149 0.052734375 7.72093915939331 -0.00000071525574 20004
1103280629375042 149 0.47674560546875 5.68838024139404 -0.00311398506165 30004
1103320559151082 149 -2.2120361328125 -1.24666678905487 0.01405620574951 40004
1103360488926652 149 2.22079467773438 -0.82550191879272 -0.0133810043335 50004
1103400418700852 149 -2.50164794921875 -0.38910204172134 0.01616024971008 60004
1103440348478233 149 -0.166259765625 5.71251392364502 0.0010027885437 70004
1103480278279742 149 -1.15240478515625 2.45576214790344 0.00849580764771 80004
1103520208056192 149 0.162353515625 -6.85172843933105 -0.00002384185791 90004
1103160840046982 150 -0.62782210111618 5.85190677642822 0.00413242401555 4
1103200769823562 150 0.55406951904297 4.65757942199707 -0.00468200445175 10004
1103240699599313 150 0.06591796875 7.76805639266968 -0.00000071525574 20004
1103280629375042 150 0.33892822265625 5.94342517852783 -0.00311207771301 30004
1103320559151082 150 -2.3621826171875 -0.95191514492035 0.01607012748718 40004
1103360488926652 150 2.40673828125 -0.4703471660614 -0.01450228691101 50004
1103400418700852 150 -2.32000732421875 -0.04823008179665 0.01504063606262 60004
1103440348478233 150 -0.3514404296875 5.3436918258667 0.00302314758301 70004
1103480278279742 150 -1.15380859375 2.87115693092346 0.00736093521118 80004
1103520208056192 150 0.26513671875 -6.53530120849609 -0.00115633010864 90004
1103160840046983 151 0.04186680167913 7.62225437164307 0.00000000005821 4
1103200769823562 151 0.41138458251953 4.92812252044678 -0.00262689590454 10004
1103240699599313 151 0.06591796875 7.76805639266968 -0.00000071525574 20004
1103280629375043 151 0.06396484375 7.66984891891479 -0.00000071525574 30004
1103320559151082 151 -2.3980712890625 -0.61921870708466 0.0160665512085 40004
1103360488926652 151 2.54110717773438 -0.0985065549612 -0.01562190055847 50004
1103400418700852 151 -2.03875732421875 0.2378651201725 0.01391959190369 60004
1103440348478233 151 -0.5281982421875 4.96646785736084 0.00303077697754 70004
1103480278279742 151 -1.10986328125 3.2816698551178 0.00734806060791 80004
1103520208056192 151 0.33203125 -6.21146011352539 -0.00116014480591 90004
1103160840046983 152 0.10576531291008 7.75808906555176 0.00000000052387 4
1103200769823562 152 0.33570098876953 5.17502689361572 -0.00262784957886 10004
1103240699599313 152 0.06591796875 7.76805639266968 -0.00000071525574 20004
1103280629375043 152 0.1844482421875 7.89650678634644 -0.00112569332123 30004
1103320559151082 152 -2.3214111328125 -0.25723528862 0.01606178283691 40004
1103360488926652 152 2.54928588867188 0.29951751232147 -0.01561832427979 50004
1103400418700852 152 -1.73406982421875 0.49903669953346 0.01167511940002 60004
1103440348478233 152 -0.6881103515625 4.58352565765381 0.00505590438843 70004
1103480278279742 152 -0.958251953125 3.67513394355774 0.00620794296265 80004
1103520208056192 152 0.363037109375 -5.88020515441895 -0.00228691101074 90004
1103160840046983 153 0.11017629504204 7.76276588439941 0.00000000104774 4
1103200769823562 153 0.15313720703125 5.5494589805603 -0.00055825710297 10004
1103240699599313 153 0.06591796875 7.76805639266968 -0.00000071525574 20004
1103280629375043 153 0.2825927734375 7.97886610031128 -0.00112307071686 30004
1103320559151082 153 -2.1187744140625 0.08840077370405 0.01381134986877 40004
1103360488926652 153 2.42672729492188 0.686075091362 -0.01561641693115 50004
1103400418700852 153 -1.5250244140625 0.85092341899872 0.01054763793945 60004
1103440348478233 153 -0.9527587890625 4.25608730316162 0.00506401062012 70004
1103480278279742 153 -0.756103515625 4.04674196243286 0.00506782531738 80004
1103520208056192 153 0.5013427734375 -5.57119178771973 -0.0022931098938 90004
1103160840046983 154 0.11017629504204 7.76276588439941 0.00000000104774 4
1103200769823562 154 0.14593505859375 5.96600866317749 -0.00055849552155 10004
1103240699599313 154 0.06591796875 7.76805639266968 -0.00000071525574 20004
1103280629375043 154 0.2825927734375 7.97886610031128 -0.00112116336823 30004
1103320559151082 154 -1.96551513671875 0.45887607336044 0.01267766952515 40004
1103360488926652 154 2.17706298828125 1.00565326213837 -0.01357984542847 50004
1103400418700852 154 -1.18670654296875 1.08185696601868 0.00829744338989 60004
1103440348478233 154 -1.0543212890625 3.84802150726318 0.00708627700806 70004
1103480278279742 154 -0.729736328125 4.46883821487427 0.00504875183105 80004
1103520208056192 154 0.5960693359375 -5.2465991973877 -0.00341415405273 90004
1103160840046983 155 0.11017629504204 7.76276588439941 0.00000000104774 4
1103200769823563 155 0.08331298828125 7.71116876602173 -0.00000047683716 10004
1103240699599313 155 0.06591796875 7.76805639266968 -0.00000071525574 20004
1103280629375043 155 0.2825927734375 7.97886610031128 -0.00111925601959 30004
1103320559151082 155 -1.8079833984375 0.82703864574432 0.01266813278198 40004
1103360488926652 155 2.04656982421875 1.38179385662079 -0.01357817649841 50004
1103400418700852 155 -0.9464111328125 1.40350556373596 0.0071713924408 60004
1103440348478233 155 -1.1331787109375 3.43529796600342 0.00709438323975 70004
1103480278279742 155 -0.5733642578125 4.85306596755981 0.00392389297485 80004
1103520208056192 155 0.6593017578125 -4.91476249694824 -0.00340795516968 90004
1103160840046983 156 0.11017629504204 7.76276588439941 0.00000000104774 4
1103200769823563 156 0.18068695068359 7.86534357070923 -0.00112444162369 10004
1103240699599313 156 0.06591796875 7.76805639266968 -0.00000071525574 20004
1103280629375043 156 0.2825927734375 7.97886610031128 -0.00111734867096 30004
1103320559151082 156 -1.6641845703125 1.20020186901093 0.01154828071594 40004
1103360488926652 156 1.89974975585938 1.75493800640106 -0.01153612136841 50004
1103400418700852 156 -0.8223876953125 1.78290009498596 0.0060453414917 60004
1103440348478233 156 -1.2044677734375 3.02098560333252 0.00710248947144 70004
1103480278279742 156 -0.3902587890625 5.23293352127075 0.00279855728149 80004
1103520208056192 156 0.64410400390625 -4.5832691192627 -0.00340557098389 90004
1103160840046983 157 0.11895290017128 7.7509765625 0.00000000128057 4
1103200769823563 157 0.24361419677734 7.91797685623169 -0.00112617015839 10004
1103240699599313 157 0.0560302734375 7.71524953842163 -0.00000083446503 20004
1103280629375043 157 0.2825927734375 7.97886610031128 -0.00111544132233 30004
1103320559151082 157 -1.519287109375 1.57205522060394 0.01042866706848 40004
1103360488926652 157 1.71383666992188 2.1137707233429 -0.0115339756012 50004
1103400418700852 157 -0.7403564453125 2.17604851722717 0.00491952896118 60004
1103440348478233 157 -1.31756591796875 2.62373638153076 0.0091404914856 70004
1103480278279742 157 -0.2691650390625 5.62971162796021 0.00279235839844 80004
1103520208056192 157 0.59771728515625 -4.25361633300781 -0.00340366363525 90004
1103160840046983 158 0.15405414998531 7.70382356643677 0.00000000279397 4
1103200769823563 158 0.24373626708984 7.91797685623169 -0.00112718343735 10004
1103240699599313 158 0.0164794921875 7.50402212142944 -0.0000011920929 20004
1103280629375043 158 0.2825927734375 7.97886610031128 -0.00111353397369 30004
1103320559151082 158 -1.32583618164063 1.92266404628754 0.00930547714233 40004
1103360488926652 158 1.57662963867188 2.49522137641907 -0.00948691368103 50004
1103400418700852 158 -0.5323486328125 2.52793526649475 0.00379371643066 60004
1103440348478233 158 -1.55657958984375 2.2777853012085 0.00914096832275 70004
1103480278279743 158 0 7.53247022628784 0 80004
1103520208056192 158 0.66119384765625 -3.92121124267578 -0.00339794158936 90004
1103160840046983 159 0.20271565020084 7.46811008453369 -0.00112304091454 4
1103200769823563 159 0.24385833740234 7.91797685623169 -0.00112819671631 10004
1103240699599313 159 0.0091552734375 7.07427358627319 -0.00000154972076 20004
1103280629375043 159 0.2977294921875 7.80450391769409 -0.0011123418808 30004
1103320559151082 159 -1.29849243164063 2.32234168052673 0.00930213928223 40004
1103360488926652 159 1.29147338867188 2.78302502632141 -0.00948452949524 50004
1103400418700852 159 -0.4923095703125 2.93483757972717 0.00379180908203 60004
1103440348478233 159 -1.85845947265625 1.98566722869873 0.01121139526367 70004
1103480278279743 159 0.103515625 7.75520277023315 -0.00000190734863 80004
1103520208056192 159 0.73834228515625 -3.59183502197266 -0.00451564788818 90004
1103160840046983 160 0.14856594800949 7.12942123413086 -0.00112303905189 4
1103200769823563 160 0.27428436279297 7.8999981880188 -0.0011300444603 10004
1103240699599313 160 -0.13385009765625 6.67708158493042 -0.00000166893005 20004
1103280629375043 160 0.24365234375 7.50481748580933 -0.0011111497879 30004
1103320559151082 160 -1.14627075195313 2.68521761894226 0.00817632675171 40004
1103360488926652 160 1.11679077148438 3.14106392860413 -0.00736975669861 50004
1103400418700852 160 -0.3262939453125 3.30047821998596 0.00266695022583 60004
1103440348478233 160 -2.0467529296875 1.61833000183105 0.01327657699585 70004
1103480278279743 160 0.130126953125 7.83431196212769 -0.00000476837158 80004
1103520208056192 160 0.70635986328125 -3.26058483123779 -0.00451135635376 90004
1103160840046983 161 -0.01449624355882 6.79259967803955 0.00094040221302 4
1103200769823563 161 0.29994964599609 7.87993669509888 -0.00113081932068 10004
1103240699599313 161 -0.23143005371094 6.26902294158936 0.00203025341034 20004
1103280629375043 161 0.2421875 7.16306638717651 -0.00110924243927 30004
1103320559151082 161 -0.98196411132813 3.04916071891785 0.00705051422119 40004
1103360488926652 161 0.9588623046875 3.51390099525452 -0.00530457496643 50004
1103400418700852 161 -0.20111083984375 3.67987275123596 0.00153398513794 60004
1103440348478233 161 -2.1072998046875 1.21253871917725 0.01327657699585 70004
1103480278279743 161 0.130615234375 7.84992933273315 -0.00000524520874 80004
1103520208056192 161 0.71075439453125 -2.92995929718018 -0.00450706481934 90004
1103160840046983 162 -0.21492533385754 6.47383880615234 0.00094040151453 4
1103200769823563 162 0.31060028076172 7.85302209854126 -0.0011311173439 10004
1103240699599313 162 -0.19285583496094 5.84857273101807 0.0020272731781 20004
1103280629375043 162 0.34912109375 6.83560514450073 -0.00223016738892 30004
1103320559151082 162 -0.89016723632813 3.43183970451355 0.00592470169067 40004
1103360488926652 162 0.77850341796875 3.87688946723938 -0.00530433654785 50004
1103400418700852 162 -0.14520263671875 4.08426189422607 0.00152349472046 60004
1103440348478233 162 -2.0343017578125 0.80631256103516 0.01327753067017 70004
1103480278279743 162 0.130615234375 7.84992933273315 -0.00000524520874 80004
1103520208056192 162 0.75372314453125 -2.59954833984375 -0.00450277328491 90004
1103160840046983 163 -0.30334135890007 6.10084390640259 0.00094040029217 4
1103200769823563 163 0.32024383544922 7.79381799697876 -0.00113147497177 10004
1103240699599313 163 -0.01812744140625 5.45601749420166 0.00090301036835 20004
1103280629375043 163 0.55419921875 6.55188322067261 -0.00335049629211 30004
1103320559151082 163 -0.92727661132813 3.83072352409363 0.00592350959778 40004
1103360488926652 163 0.59100341796875 4.23617315292358 -0.00324082374573 50004
1103400418700852 163 -0.04656982421875 4.48111248016357 0.00039863586426 60004
1103440348478233 163 -1.831298828125 0.43892478942871 0.01216173171997 70004
1103480278279743 163 0.130615234375 7.84992933273315 -0.00000524520874 80004
1103520208056192 163 0.69415283203125 -2.26603317260742 -0.0044994354248 90004
1103160840046983 164 -0.22582872211933 5.72537708282471 0.00203554751351 4
1103200769823563 164 0.28082275390625 7.65429162979126 -0.00113189220428 10004
1103240699599313 164 0.18022155761719 5.07480716705322 -0.00022113323212 20004
1103280629375043 164 0.6171875 6.22244596481323 -0.00334787368774 30004
1103320559151082 164 -0.79251098632813 4.20799875259399 0.00592064857483 40004
1103360488926652 164 0.57293701171875 4.64108037948608 -0.00323891639709 50004
1103400418700852 164 -0.12469482421875 4.88235759735107 0.00039744377136 60004
1103440348478233 164 -1.49212646484375 0.19216448068619 0.00991916656494 70004
1103480278279743 164 0.130615234375 7.84992933273315 -0.00000524520874 80004
1103520208056192 164 0.55157470703125 -1.95840835571289 -0.00449705123901 90004
1103160840046983 165 -0.27276813983917 5.35174608230591 0.00203554751351 4
1103200769823563 165 0.30207824707031 7.42793321609497 -0.00113320350647 10004
1103240699599313 165 0.48576354980469 4.78330707550049 -0.00246906280518 20004
1103280629375043 165 0.56884765625 5.8855128288269 -0.00334620475769 30004
1103320559151082 165 -0.57354736328125 4.53949022293091 0.00479030609131 40004
1103360488926652 165 0.49298095703125 5.03679800033569 -0.00323748588562 50004
1103400418700852 165 -0.07025146484375 5.28030681610107 0.00039553642273 60004
1103440348478233 165 -1.17919921875 -0.08665698766708 0.00767374038696 70004
1103480278279743 165 0.130615234375 7.84992933273315 -0.00000524520874 80004
1103520208056192 165 0.43292236328125 -1.64129638671875 -0.00249433517456 90004
1103160840046983 166 -0.307806879282 4.97377157211304 0.00203554751351 4
1103200769823563 166 0.28096771240234 7.1523175239563 -0.00113385915756 10004
1103240699599313 166 0.75529479980469 4.46190357208252 -0.00471758842468 20004
1103280629375043 166 0.55908203125 5.54390287399292 -0.00334429740906 30004
1103320559151082 166 -0.40579223632813 4.89287996292114 0.00365900993347 40004
1103360488926652 166 0.47393798828125 5.39930486679077 -0.00323605537415 50004
1103400418700852 166 -0.01214599609375 5.68297100067139 0.00039410591125 60004
1103440348478233 166 -0.9423828125 -0.42292052507401 0.00656604766846 70004
1103480278279743 166 0.130615234375 7.84992933273315 -0.00000524520874 80004
1103520208056192 166 0.39532470703125 -1.31274032592773 -0.00250148773193 90004
1103160840046983 167 -0.33034834265709 4.59787750244141 0.00203554867767 4
1103200769823563 167 0.23073577880859 6.85448503494263 -0.00113523006439 10004
1103240699599313 167 0.96488952636719 4.08733654022217 -0.00584411621094 20004
1103280629375043 167 0.587158203125 5.2012038230896 -0.00334215164185 30004
1103320559151082 167 -0.36004638671875 5.28371286392212 0.00253105163574 40004
1103360488926652 167 0.50115966796875 5.74798345565796 -0.00323271751404 50004
1103400418700853 167 -0.01171875 7.60240316390991 -0.00000047683716 60004
1103440348478233 167 -0.7802734375 -0.80942231416702 0.00545835494995 70004
1103480278279743 167 0.130615234375 7.84992933273315 -0.00000524520874 80004
1103520208056192 167 0.46539306640625 -0.98754119873047 -0.00250720977783 90004
1103160840046983 168 -0.47553557157516 4.24312543869019 0.0020355489105 4
1103200769823563 168 0.28029632568359 6.55093002319336 -0.00113731622696 10004
1103240699599313 168 1.20806884765625 3.73269939422607 -0.00696921348572 20004
1103280629375043 168 0.501708984375 4.86177206039429 -0.00334084033966 30004
1103320559151082 168 -0.44403076171875 5.67539834976196 0.00252676010132 40004
1103360488926653 168 0 7.53247022628784 0 50004
1103400418700853 168 -0.05859375 7.88213491439819 -0.0000011920929 60004
1103440348478233 168 -0.64453125 -1.20637392997742 0.00435066223145 70004
1103480278279743 168 0.130615234375 7.84992933273315 -0.00000524520874 80004
1103520208056192 168 0.63836669921875 -0.69725799560547 -0.00362730026245 90004
1103160840046983 169 -0.75702494382858 3.98297548294067 0.00411849003285 4
1103200769823563 169 0.19680023193359 6.2550163269043 -0.00113826990128 10004
1103240699599313 169 1.56028747558594 3.48648357391357 -0.00921750068665 20004
1103280629375043 169 0.567626953125 4.51798391342163 -0.00333821773529 30004
1103320559151082 169 -0.54461669921875 6.06319284439087 0.00252270698547 40004
1103360488926653 169 0.037109375 7.71753644943237 0.00000286102295 50004
1103400418700853 169 -0.0205078125 8.01876258850098 -0.00000357627869 60004
1103440348478233 169 -0.6884765625 -1.6244056224823 0.00435829162598 70004
1103480278279743 169 0.130615234375 7.84992933273315 -0.00000524520874 80004
1103520208056192 169 0.89031982421875 -0.47284412384033 -0.0047459602356 90004
1103160840046983 170 -0.93628221750259 3.65185213088989 0.00615812418982 4
1103200769823563 170 0.15186309814453 5.95166778564453 -0.0011391043663 10004
1103240699599313 170 1.80986022949219 3.14590549468994 -0.01146614551544 20004
1103280629375043 170 0.72708129882813 4.2118067741394 -0.00445890426636 30004
1103320559151083 170 0.0494384765625 7.69431829452515 -0.00000095367432 40004
1103360488926653 170 0.0863037109375 7.81820821762085 0.0000057220459 50004
1103400418700853 170 -0.010986328125 8.05291938781738 -0.00000405311584 60004
1103440348478233 170 -0.59765625 -2.02662706375122 0.00437164306641 70004
1103480278279743 170 0.16064453125 7.80528020858765 -0.00000715255737 80004
1103520208056192 170 1.07635498046875 -0.19519090652466 -0.00586175918579 90004
1103160840046983 171 -1.09689629077911 3.30422639846802 0.00615812186152 4
1103200769823563 171 0.05664825439453 5.66696166992188 -0.00113987922668 10004
1103240699599313 171 2.01432800292969 2.76801204681396 -0.01258981227875 20004
1103280629375043 171 0.87982177734375 3.89938426017761 -0.00558578968048 30004
1103320559151083 171 0.0950927734375 7.83402395248413 -0.00000238418579 40004
1103360488926653 171 0.1129150390625 7.85447835922241 0.00000667572021 50004
1103400418700853 171 -0.010986328125 8.05291938781738 -0.00000405311584 60004
1103440348478233 171 -0.5517578125 -2.43411874771118 0.00438261032104 70004
1103480278279743 171 0.20263671875 7.63411855697632 -0.00113296508789 80004
1103520208056192 171 1.29510498046875 0.0513556972146 -0.00808763504028 90004
1103160840046983 172 -1.23283469676971 2.95307564735413 0.00821965932846 4
1103200769823563 172 -0.09918975830078 5.40196323394775 0.00089597702026 10004
1103240699599313 172 2.23246765136719 2.40159702301025 -0.01371288299561 20004
1103280629375043 172 1.00372314453125 3.57262682914734 -0.00558984279633 30004
1103320559151083 172 0.1141357421875 7.8817343711853 -0.00000381469727 40004
1103360488926653 172 0.1129150390625 7.85447835922241 0.00000667572021 50004
1103400418700853 172 -0.010986328125 8.05291938781738 -0.00000405311584 60004
1103440348478233 172 -0.55078125 -2.84688138961792 0.00439214706421 70004
1103480278279743 172 0.205810546875 7.3189959526062 -0.00113487243652 80004
1103520208056192 172 1.565673828125 0.21192702651024 -0.00919723510742 90004
1103160840046983 173 -1.24848413467407 2.57002806663513 0.0082196528092 4
1103200769823563 173 -0.24774932861328 5.13279056549072 0.00089502334595 10004
1103240699599313 173 2.52532958984375 2.08720111846924 -0.01596093177795 20004
1103280629375043 173 1.15969848632813 3.25920748710632 -0.00671637058258 30004
1103320559151083 173 0.1141357421875 7.8817343711853 -0.00000381469727 40004
1103360488926653 173 0.1129150390625 7.85447835922241 0.00000667572021 50004
1103400418700853 173 -0.010986328125 8.05291938781738 -0.00000405311584 60004
1103440348478233 173 -0.4150390625 -3.24383115768433 0.0032844543457 70004
1103480278279743 173 0.086669921875 6.90687894821167 -0.001136302948 80004
1103520208056192 173 1.8240966796875 0.26113203167915 -0.01143455505371 90004
1103160840046983 174 -1.42452347278595 2.22953510284424 0.00821964628994 4
1103200769823563 174 -0.31902313232422 4.83368730545044 0.0029114484787 10004
1103240699599313 174 2.65814208984375 1.6784051656723 -0.01708674430847 20004
1103280629375043 174 1.41607666015625 3.02064776420593 -0.00896334648132 30004
1103320559151083 174 0.1141357421875 7.8817343711853 -0.00000381469727 40004
1103360488926653 174 0.1129150390625 7.85447835922241 0.00000667572021 50004
1103400418700853 174 0.015380859375 8.04033088684082 -0.00000500679016 60004
1103440348478233 174 -0.458984375 -3.66186475753784 0.00329208374023 70004
1103480278279743 174 0.153076171875 6.48295927047729 -0.00113725662231 80004
1103520208056192 174 2.1278076171875 0.40772464871407 -0.01367235183716 90004
1103160840046983 175 -1.53903758525848 1.86566996574402 0.01025886740535 4
1103200769823563 175 -0.29051971435547 4.53296709060669 0.00291168689728 10004
1103240699599313 175 2.77801513671875 1.26568210124969 -0.01709246635437 20004
1103280629375043 175 1.57867431640625 2.71765208244324 -0.01008641719818 30004
1103320559151083 175 0.1141357421875 7.8817343711853 -0.00000381469727 40004
1103360488926653 175 0.1129150390625 7.85447835922241 0.00000667572021 50004
1103400418700853 175 0.02197265625 8.03718376159668 -0.00000882148743 60004
1103440348478233 175 -0.3681640625 -4.06408548355103 0.00330543518066 70004
1103480278279743 175 0.343994140625 6.10644674301147 -0.00114011764526 80004
1103520208056192 175 2.3634033203125 0.64079636335373 -0.01478672027588 90004
1103160840046983 176 -1.7071647644043 1.53132879734039 0.01025885529816 4
1103200769823563 176 -0.28038787841797 4.22999429702759 0.00178819894791 10004
1103240699599313 176 2.80049133300781 0.84666621685028 -0.0182158946991 20004
1103280629375043 176 1.72930908203125 2.40240359306335 -0.01008641719818 30004
1103320559151083 176 0.1141357421875 7.8817343711853 -0.00000381469727 40004
1103360488926653 176 0.1182861328125 7.84351110458374 0.00000739097595 50004
1103400418700853 176 0.02197265625 8.03718376159668 -0.00001263618469 60004
1103440348478233 176 -0.322265625 -4.47157526016235 0.00219392776489 70004
1103480278279743 176 0.489013671875 5.71354818344116 -0.00226593017578 80004
1103520208056192 176 2.5108642578125 0.93580931425095 -0.01590251922607 90004
1103160840046983 177 -1.94718360900879 1.23251354694366 0.01232737861574 4
1103200769823563 177 -0.35311126708984 3.93684434890747 0.00178796052933 10004
1103240699599313 177 2.68701171875 0.44009229540825 -0.01821637153625 20004
1103280629375043 177 1.90142822265625 2.09764456748962 -0.01120901107788 30004
1103320559151083 177 0.1141357421875 7.8817343711853 -0.00000381469727 40004
1103360488926653 177 0.1279296875 7.76695203781128 0.00000858306885 50004
1103400418700853 177 0.019775390625 8.00179862976074 -0.00001573562622 60004
1103440348478233 177 -0.3212890625 -4.88433504104614 0.00220394134521 70004
1103480278279743 177 0.582275390625 5.29991483688354 -0.00339078903198 80004
1103520208056192 177 2.5574951171875 1.2653169631958 -0.01589632034302 90004
1103160840046983 178 -2.18054103851318 0.92843496799469 0.01432880945504 4
1103200769823563 178 -0.51953887939453 3.678297996521 0.00381976366043 10004
1103240699599313 178 2.44407653808594 0.08560284972191 -0.01616811752319 20004
1103280629375043 178 2.08013916015625 1.79667770862579 -0.01233184337616 30004
1103320559151083 178 0.1141357421875 7.8817343711853 -0.00000381469727 40004
1103360488926653 178 0.13427734375 7.52651929855347 0.00001001358032 50004
1103400418700853 178 0.010986328125 7.86025810241699 -0.00001692771912 60004
1103440348478233 178 -0.185546875 -5.28128480911255 0.00221824645996 70004
1103480278279743 178 0.782470703125 4.92064237594604 -0.00451374053955 80004
1103520208056192 178 2.4979248046875 1.59896183013916 -0.01589155197144 90004
1103160840046983 179 -2.26354551315308 0.55417931079865 0.01432880945504 4
1103200769823563 179 -0.56104278564453 3.37360668182373 0.00381922721863 10004
1103240699599313 179 2.37351989746094 -0.33835768699646 -0.01616907119751 20004
1103280629375043 179 2.25003051757813 1.68152916431427 -0.01345729827881 30004
1103320559151083 179 0.1141357421875 7.8817343711853 -0.00000381469727 40004
1103360488926653 179 -0.0146484375 7.11981916427612 0.00001168251038 50004
1103400418700853 179 -0.123779296875 7.61096000671387 -0.00001811981201 60004
1103440348478233 179 0.09075927734375 -5.59767580032349 -0.00002479553223 70004
1103480278279743 179 0.803955078125 4.49214506149292 -0.00451564788818 80004
1103520208056192 179 2.3026123046875 1.87670230865479 -0.01588726043701 90004
1103160840046983 180 -2.2838442325592 0.17309015989304 0.01432882063091 4
1103200769823563 180 -0.69267272949219 3.1012544631958 0.00381880998611 10004
1103240699599313 180 2.17369079589844 -0.71022915840149 -0.01413297653198 20004
1103280629375043 180 2.43600463867188 1.43275654315948 -0.01458251476288 30004
1103320559151083 180 0.0830078125 7.75301122665405 -0.00000429153442 40004
1103360488926653 180 -0.0244140625 6.69443082809448 0.00001382827759 50004
1103400418700853 180 -0.170654296875 7.33632469177246 0.00198435783386 60004
1103440348478233 180 0.20379638671875 -5.82813310623169 -0.00114488601685 70004
1103480278279743 180 0.95947265625 4.10056638717651 -0.00563955307007 80004
1103520208056192 180 2.1973876953125 2.19397664070129 -0.01380443572998 90004
1103160840046983 181 -2.20225048065186 -0.19221399724483 0.0143288243562 4
1103200769823563 181 -0.85483551025391 2.83998799324036 0.00585925579071 10004
1103240699599313 181 1.9755859375 -1.08811974525452 -0.01208972930908 20004
1103280629375043 181 2.55615234375 1.1128112077713 -0.01570761203766 30004
1103320559151083 181 0.088623046875 7.49261999130249 -0.00000429153442 40004
1103360488926653 181 -0.08056640625 6.27527189254761 0.00001692771912 50004
1103400418700853 181 -0.2176513671875 7.05842018127441 0.00197744369507 60004
1103440348478233 181 0.20574951171875 -6.13736772537231 -0.00114250183105 70004
1103480278279743 181 1.23046875 3.78144502639771 -0.00788545608521 80004
1103520208056192 181 2.0802001953125 2.50893330574036 -0.01380014419556 90004
1103160840046983 182 -2.02507400512695 -0.53094494342804 0.0132057601586 4
1103200769823563 182 -1.0406494140625 2.60160946846008 0.00585889816284 10004
1103240699599313 182 1.81156921386719 -1.45176696777344 -0.0120906829834 20004
1103280629375043 182 2.567626953125 0.76915401220322 -0.01570951938629 30004
1103320559151083 182 0.1571044921875 7.14734601974487 -0.00000429153442 40004
1103360488926653 182 -0.18341064453125 5.8623423576355 0.0020637512207 50004
1103400418700853 182 -0.2945556640625 6.78566932678223 0.00196981430054 60004
1103440348478234 182 -0.022705078125 -7.92607879638672 0.00000095367432 70004
1103480278279743 182 1.52618408203125 3.51489496231079 -0.00901794433594 80004
1103520208056192 182 1.8966064453125 2.7889769077301 -0.01174879074097 90004
1103160840046983 183 -1.80407726764679 -0.84424155950546 0.01208269409835 4
1103200769823563 183 -1.29634094238281 2.43083620071411 0.00774800777435 10004
1103240699599313 183 1.61602783203125 -1.7021963596344 -0.01001679897308 20004
1103280629375043 183 2.465576171875 0.43425709009171 -0.01571071147919 30004
1103320559151083 183 0.2728271484375 6.81370496749878 -0.00112867355347 40004
1103360488926653 183 -0.14776611328125 5.43072462081909 0.00207233428955 50004
1103400418700853 183 -0.3707275390625 6.51284980773926 0.00196218490601 60004
1103440348478234 183 -0.113525390625 -7.63039398193359 0.00000333786011 70004
1103480278279743 183 1.68017578125 3.22561120986938 -0.01015615463257 80004
1103520208056192 183 1.63983154296875 3.01076722145081 -0.0097222328186 90004
1103160840046983 184 -1.73619651794434 -1.22155892848969 0.01208268385381 4
1103200769823563 184 -1.45590972900391 2.16800498962402 0.00980508327484 10004
1103240699599313 184 1.51934814453125 -2.12100720405579 -0.01001811027527 20004
1103280629375043 184 2.346435546875 0.26067692041397 -0.01571154594421 30004
1103320559151083 184 0.2366943359375 6.46248579025269 -0.00112867355347 40004
1103360488926653 184 0.00555419921875 5.02587842941284 0.00095820426941 50004
1103400418700853 184 -0.4302978515625 6.23568916320801 0.00195503234863 60004
1103440348478234 184 -0.144775390625 -7.32279968261719 0.00000476837158 70004
1103480278279743 184 2.01934814453125 2.96190118789673 -0.01241731643677 80004
1103520208056192 184 1.50067138671875 3.31995987892151 -0.00971841812134 90004
1103160840046983 185 -1.56520628929138 -1.55870413780212 0.01095963548869 4
1103200769823563 185 -1.52503204345703 1.87350690364838 0.00980490446091 10004
1103240699599313 185 1.2967529296875 -2.47971343994141 -0.00794208049774 20004
1103280629375043 185 2.2734375 -0.0416970923543 -0.01571214199066 30004
1103320559151083 185 0.27490234375 6.11409330368042 -0.00112867355347 40004
1103360488926653 185 0.13882446289063 4.61394834518433 -0.00016069412231 50004
1103400418700853 185 -0.41876220703125 5.95530700683594 0.00296425819397 60004
1103440348478234 185 -0.076416015625 -7.02676391601563 0.00105667114258 70004
1103480278279743 185 2.25042724609375 2.60945653915405 -0.01355361938477 80004
1103520208056192 185 1.31121826171875 3.5995409488678 -0.00766706466675 90004
1103160840046983 186 -1.40963208675385 -1.90483248233795 0.00983656104654 4
1103200769823563 186 -1.62655639648438 1.59096086025238 0.00980460643768 10004
1103240699599313 186 1.11611938476563 -2.85845804214478 -0.00794339179993 20004
1103280629375043 186 2.14599609375 -0.35868686437607 -0.01370012760162 30004
1103320559151083 186 0.3486328125 5.76897001266479 -0.00112962722778 40004
1103360488926653 186 0.34683227539063 4.24579572677612 -0.00128269195557 50004
1103400418700853 186 -0.44464111328125 5.67967224121094 0.00296235084534 60004
1103440348478234 186 0.022705078125 -6.73378372192383 -0.00006246566772 70004
1103480278279743 186 2.40618896484375 2.21246099472046 -0.01467800140381 80004
1103520208056192 186 1.12274169921875 3.88098168373108 -0.00765752792358 90004
1103160840046983 187 -1.26738810539246 -2.25352644920349 0.00871349778026 4
1103200769823563 187 -1.76237487792969 1.32011139392853 0.01181375980377 10004
1103240699599313 187 0.97746276855469 -3.25723218917847 -0.00593411922455 20004
1103280629375043 187 1.98309326171875 -0.6615189909935 -0.01370096206665 30004
1103320559151083 187 0.442626953125 5.42909002304077 -0.00225448608398 40004
1103360488926653 187 0.59561157226563 3.90071249008179 -0.00352573394775 50004
1103400418700853 187 -0.50103759765625 5.40694808959961 0.00296092033386 60004
1103440348478234 187 0.0859375 -6.43668937683105 -0.00005912780762 70004
1103480278279743 187 2.56488037109375 1.82279872894287 -0.01580238342285 80004
1103520208056192 187 0.98675537109375 4.18520545959473 -0.00559997558594 90004
1103160840046983 188 -1.01577365398407 -2.54280185699463 0.00759044243023 4
1103200769823563 188 -1.81352233886719 1.01687908172607 0.01181262731552 10004
1103240699599313 188 0.71290588378906 -3.59592962265015 -0.00386214256287 20004
1103280629375043 188 1.92547607421875 -1.00682437419891 -0.01169002056122 30004
1103320559151083 188 0.565185546875 5.09795904159546 -0.00337839126587 40004
1103360488926653 188 0.72210693359375 3.48642110824585 -0.00464510917664 50004
1103400418700853 188 -0.46588134765625 5.12549209594727 0.00295901298523 60004
1103440348478234 188 0.048828125 -6.1296443939209 -0.00005626678467 70004
1103480278279743 188 2.845458984375 1.50005626678467 -0.01805305480957 80004
1103520208056192 188 0.95550537109375 4.52259254455566 -0.00559759140015 90004
1103160840046983 189 -0.93499892950058 -2.82417869567871 0.00646738614887 4
1103200769823563 189 -1.98793029785156 0.76370334625244 0.01181155443192 10004
1103240699599313 189 0.61598205566406 -4.01474523544312 -0.00386261940002 20004
1103280629375043 189 1.83953857421875 -1.34610736370087 -0.01168990135193 30004
1103320559151083 189 0.81661987304688 4.84966039657593 -0.0045051574707 40004
1103360488926653 189 1.01162719726563 3.16441106796265 -0.00576734542847 50004
1103400418700853 189 -0.55279541015625 4.85567855834961 0.00295782089233 60004
1103440348478234 189 0.03125 -5.8209056854248 -0.00005531311035 70004
1103480278279743 189 2.974365234375 1.090989112854 -0.01806735992432 80004
1103520208056192 189 0.78460693359375 4.81575965881348 -0.00559568405151 90004
1103160840046983 190 -0.72609293460846 -3.11147999763489 0.00534432893619 4
1103200769823563 190 -2.18733978271484 0.53041237592697 0.01381534337997 10004
1103240699599313 190 0.65840148925781 -4.43474531173706 -0.00386297702789 20004
1103280629375043 190 1.65179443359375 -1.63423955440521 -0.01168930530548 30004
1103320559151083 190 0.97149658203125 4.53923749923706 -0.0056357383728 40004
1103360488926653 190 1.17791748046875 2.77319002151489 -0.00688076019287 50004
1103400418700853 190 -0.65362548828125 4.59071159362793 0.00498223304749 60004
1103440348478234 190 0.112548828125 -5.52834892272949 -0.00005292892456 70004
1103480278279743 190 2.96484375 0.66966319084167 -0.01919984817505 80004
1103520208056192 190 0.72430419921875 5.07587051391602 -0.00559186935425 90004
1103160840046983 191 -0.54739230871201 -3.44036769866943 0.00422127917409 4
1103200769823563 191 -2.33749389648438 0.27048280835152 0.0158479809761 10004
1103240699599313 191 0.65437316894531 -4.85435056686401 -0.00386345386505 20004
1103280629375043 191 1.49798583984375 -1.93942201137543 -0.00960624217987 30004
1103320559151083 191 1.13735961914063 4.23130369186401 -0.00676584243774 40004
1103360488926653 191 1.38494873046875 2.40503931045532 -0.00799322128296 50004
1103400418700853 191 -0.77227783203125 4.33344841003418 0.00498080253601 60004
1103440348478234 191 0.160888671875 -5.23039817810059 -0.00005006790161 70004
1103480278279743 191 2.82177734375 0.27593636512756 -0.01920652389526 80004
1103520208056192 191 0.67645263671875 5.36602020263672 -0.00358581542969 90004
1103160840046983 192 -0.42867860198021 -3.80412483215332 0.00309822824784 4
1103200769823563 192 -2.41644287109375 -0.02575067989528 0.01584756374359 10004
1103240699599313 192 0.60389709472656 -5.27356100082397 -0.00386369228363 20004
1103280629375043 192 1.41558837890625 -2.2795307636261 -0.009605884552 30004
1103320559151083 192 1.31033325195313 3.93117570877075 -0.00788998603821 40004
1103360488926653 192 1.70101928710938 2.12110376358032 -0.01023054122925 50004
1103400418700853 192 -0.92510986328125 4.0989875793457 0.00497961044312 60004
1103440348478234 192 0.17626953125 -4.92705345153809 -0.00004768371582 70004
1103480278279743 192 2.58892822265625 -0.08504091203213 -0.01713848114014 80004
1103520208056192 192 0.57098388671875 5.68198204040527 -0.00358009338379 90004
1103160840046983 193 -0.27117922902107 -4.15366458892822 0.00197518011555 4
1103200769823563 193 -2.45465087890625 -0.33087605237961 0.01584684848785 10004
1103240699599313 193 0.69276428222656 -5.69395589828491 -0.00386428833008 20004
1103280629375043 193 1.34420776367188 -2.62211728096008 -0.00960803031921 30004
1103320559151083 193 1.37820434570313 3.58487367630005 -0.00789141654968 40004
1103360488926653 193 2.09945678710938 1.95139169692993 -0.01247406005859 50004
1103400418700853 193 -1.14093017578125 3.91466903686523 0.00698637962341 60004
1103440348478234 193 0.29052734375 -4.63989067077637 -0.00116777420044 70004
1103480278279743 193 2.35162353515625 -0.44282567501068 -0.01506280899048 80004
1103520208056193 193 0 7.53247022628784 0 90004
1103160840046983 194 -0.27615746855736 -4.53700351715088 0.00197517988272 4
1103200769823563 194 -2.36029052734375 -0.62359696626663 0.01584565639496 10004
1103240699599313 194 0.59584045410156 -6.11277151107788 -0.00386464595795 20004
1103280629375043 194 1.25494384765625 -2.89113354682922 -0.0076071023941 30004
1103320559151083 194 1.5006103515625 3.25378084182739 -0.00902080535889 40004
1103360488926653 194 2.38885498046875 1.62914705276489 -0.01471710205078 50004
1103400418700853 194 -1.258056640625 3.65652847290039 0.00899791717529 60004
1103440348478234 194 0.27294921875 -4.33115196228027 -0.00116634368896 70004
1103480278279743 194 2.28717041015625 -0.86715263128281 -0.01506328582764 80004
1103520208056193 194 0.1083984375 7.76499128341675 -0.00000762939453 90004
1103160840046983 195 -0.1609772592783 -4.89575386047363 0.00197517871857 4
1103200769823563 195 -2.19692230224609 -0.84756952524185 0.01472181081772 10004
1103240699599313 195 0.61097717285156 -6.53737783432007 -0.00386500358582 20004
1103280629375043 195 1.11431884765625 -3.19271683692932 -0.00760698318481 30004
1103320559151083 195 1.70556640625 2.97180891036987 -0.01015138626099 40004
1103360488926653 195 2.55496215820313 1.23779010772705 -0.01583862304688 50004
1103400418700853 195 -1.305419921875 3.38012886047363 0.0089967250824 60004
1103440348478234 195 0.259033203125 -4.08426856994629 -0.00116539001465 70004
1103480278279743 195 2.09375 -1.2415726184845 -0.01302003860474 80004
1103520208056193 195 0.18310546875 7.8633189201355 -0.00113773345947 90004
1103160840046983 196 -0.0870905816555 -5.26267957687378 0.0008521314594 4
1103200769823563 196 -2.01149749755859 -1.0711817741394 0.01359754800797 10004
1103240699599314 196 -0.026611328125 -7.89558792114258 -0.00000011920929 20004
1103280629375043 196 1.02984619140625 -3.52387452125549 -0.00760638713837 30004
1103320559151083 196 1.87109375 2.66949033737183 -0.01127600669861 40004
1103360488926653 196 2.58688354492188 0.81614643335342 -0.01583385467529 50004
1103400418700853 196 -1.334228515625 3.0981273651123 0.00899600982666 60004
1103440348478234 196 0.309814453125 -3.82751655578613 -0.00116395950317 70004
1103480278279743 196 1.79248046875 -1.53256440162659 -0.01089811325073 80004
1103520208056193 196 0.21484375 7.89011716842651 -0.00114631652832 90004
1103160840046983 197 -0.05387732386589 -5.63778972625732 0.0008521315176 4
1103200769823563 197 -1.84438323974609 -1.32702434062958 0.01247358322144 10004
1103240699599314 197 -0.06048583984375 -7.70713996887207 -0.00000023841858 20004
1103280629375043 197 0.98199462890625 -3.86439156532288 -0.00557279586792 30004
1103320559151083 197 2.003173828125 2.34881162643433 -0.01239848136902 40004
1103360488926653 197 2.50509643554688 0.39229625463486 -0.01583170890808 50004
1103400418700853 197 -1.38385009765625 2.82035636901855 0.00899410247803 60004
1103440348478234 197 0.43896484375 -3.54818248748779 -0.00228500366211 70004
1103480278279743 197 1.4150390625 -1.73067355155945 -0.00883483886719 80004
1103520208056193 197 0.21484375 7.89011716842651 -0.00115394592285 90004
1103160840046983 198 0.10135572403669 -5.98834371566772 -0.00027091501397 4
1103200769823563 198 -1.72850799560547 -1.61188399791718 0.01134967803955 10004
1103240699599314 198 -0.03631591796875 -7.57965278625488 -0.00000071525574 20004
1103280629375043 198 0.82427978515625 -4.17683076858521 -0.00557458400726 30004
1103320559151083 198 2.235595703125 2.08321332931519 -0.01352143287659 40004
1103360488926653 198 2.36105346679688 -0.01642518863082 -0.01582932472229 50004
1103400418700853 198 -1.48052978515625 2.55382347106934 0.00899267196655 60004
1103440348478234 198 0.61279296875 -3.29256343841553 -0.00340414047241 70004
1103480278279743 198 1.00323486328125 -1.85051226615906 -0.00668048858643 80004
1103520208056193 198 0.21484375 7.89011716842651 -0.00116157531738 90004
1103160840046983 199 0.09389497339725 -6.37163686752319 -0.00027091466472 4
1103200769823563 199 -1.54752349853516 -1.86050736904144 0.01022571325302 10004
1103240699599314 199 -0.12127685546875 -7.24630928039551 -0.00000071525574 20004
1103280629375043 199 0.81304931640625 -4.5267071723938 -0.00557625293732 30004
1103320559151083 199 2.4947509765625 1.84287464618683 -0.01577234268188 40004
1103360488926653 199 2.0582275390625 -0.32621052861214 -0.01377439498901 50004
1103400418700853 199 -1.45611572265625 2.27130699157715 0.00899076461792 60004
1103440348478234 199 0.87841796875 -3.13443660736084 -0.0056471824646 70004
1103480278279743 199 0.68096923828125 -2.13322329521179 -0.00461149215698 80004
1103520208056193 199 0.21484375 7.89011716842651 -0.00116920471191 90004
1103160840046984 200 0.12864217162132 -7.72412586212158 0.00000000011642 4
1103200769823563 200 -1.45805358886719 -2.14902687072754 0.01022523641586 10004
1103240699599314 200 -0.08354187011719 -6.84978008270264 0.00099837779999 20004
1103280629375043 200 0.69195556640625 -4.84850549697876 -0.00357711315155 30004
1103320559151083 200 2.665283203125 1.54012358188629 -0.01689767837524 40004
1103360488926653 200 1.69931030273438 -0.56277388334274 -0.01167106628418 50004
1103400418700853 200 -1.52252197265625 2.00077819824219 0.00898957252502 60004
1103440348478234 200 1.07470703125 -2.90319061279297 -0.00676345825195 70004
1103480278279743 200 0.47076416015625 -2.49835753440857 -0.00257635116577 80004
1103520208056193 200 0.21484375 7.89011716842651 -0.00117683410645 90004
1103160840046984 201 0.21440133452415 -7.34109020233154 -0.00112304510549 4
1103200769823563 201 -1.33805847167969 -2.42425155639648 0.00910091400146 10004
1103240699599314 201 -0.07353210449219 -6.4286527633667 0.00099742412567 20004
1103280629375043 201 0.60748291015625 -5.17966318130493 -0.00357592105865 30004
1103320559151083 201 2.739990234375 1.24328196048737 -0.01689767837524 40004
1103360488926653 201 1.38436889648438 -0.84479588270187 -0.00954437255859 50004
1103400418700853 201 -1.6552734375 1.75392055511475 0.01101779937744 60004
1103440348478234 201 1.185546875 -2.62291717529297 -0.00674819946289 70004
1103480278279743 201 0.38873291015625 -2.90912985801697 -0.00257730484009 80004
1103520208056193 201 0.25927734375 7.81576490402222 -0.00118827819824 90004
1103160840046984 202 0.25620827078819 -6.95274925231934 -0.00112304324284 4
1103200769823563 202 -1.18754577636719 -2.68617153167725 0.00797647237778 10004
1103240699599314 202 -0.08592224121094 -6.00777339935303 0.00099647045135 20004
1103280629375043 202 0.57879638671875 -5.52721261978149 -0.00357460975647 30004
1103320559151083 202 2.7120361328125 0.95942878723145 -0.01689767837524 40004
1103360488926653 202 1.1231689453125 -1.19005990028381 -0.0074622631073 50004
1103400418700853 202 -1.829345703125 1.53105306625366 0.01101279258728 60004
1103440348478234 202 1.26690673828125 -2.3305606842041 -0.00786018371582 70004
1103480278279743 202 0.35211181640625 -3.3289840221405 -0.00257873535156 80004
1103520208056193 202 0.334716796875 7.61809682846069 -0.00119781494141 90004
1103160840046984 203 0.42343336343765 -6.59413480758667 -0.00224608718418 4
1103200769823563 203 -1.12858581542969 -2.98798847198486 0.00797635316849 10004
1103240699599314 203 0.04037475585938 -5.59825801849365 -0.00012838840485 20004
1103280629375043 203 0.49774169921875 -5.86778116226196 -0.00357329845428 30004
1103320559151083 203 2.57400512695313 0.63440036773682 -0.01689863204956 40004
1103360488926653 203 0.83663940429688 -1.51545166969299 -0.00536751747131 50004
1103400418700853 203 -2.01953125 1.32113027572632 0.0130307674408 60004
1103440348478234 203 1.44268798828125 -2.07591819763184 -0.00898027420044 70004
1103480278279743 203 0.17926025390625 -3.72159266471863 -0.00055980682373 80004
1103520208056193 203 0.369873046875 7.27353811264038 -0.00232934951782 90004
1103160840046984 204 0.42343336343765 -6.18830442428589 -0.00224608345889 4
1103200769823563 204 -0.94755554199219 -3.2366099357605 0.00685179233551 10004
1103240699599314 204 -0.01797485351563 -5.1735954284668 -0.00012838840485 20004
1103280629375043 204 0.48699951171875 -6.21766519546509 -0.00357174873352 30004
1103320559151083 204 2.32452392578125 0.38468742370605 -0.01483345031738 40004
1103360488926653 204 0.71505737304688 -1.93120217323303 -0.00536894798279 50004
1103400418700853 204 -2.212890625 1.11378049850464 0.01503920555115 60004
1103440348478234 204 1.70849609375 -1.91927528381348 -0.01009798049927 70004
1103480278279743 204 0.18804931640625 -4.1505298614502 -0.00056123733521 80004
1103520208056193 204 0.256591796875 6.94638204574585 -0.00233316421509 90004
1103160840046984 205 0.46251848340034 -5.78498697280884 -0.00224607787095 4
1103200769823563 205 -0.86547088623047 -3.48719692230225 0.0057270526886 10004
1103240699599314 205 0.05093383789063 -4.79764366149902 -0.00012862682343 20004
1103280629375044 205 0.134033203125 -7.7125415802002 -0.00000071525574 30004
1103320559151083 205 2.17169189453125 0.07339849323034 -0.01483631134033 40004
1103360488926653 205 0.61361694335938 -2.35212373733521 -0.00335216522217 50004
1103400418700853 205 -2.3330078125 0.86161994934082 0.01504039764404 60004
1103440348478234 205 1.90533447265625 -1.68913269042969 -0.01121711730957 70004
1103480278279743 205 0.15875244140625 -4.57797622680664 -0.00056266784668 80004
1103520208056193 205 0.254638671875 6.60617399215698 -0.00233793258667 90004
1103160840046984 206 0.45076408982277 -5.38438892364502 -0.00224607298151 4
1103200769823563 206 -0.79660797119141 -3.76010489463806 0.00572639703751 10004
1103240699599314 206 0.07742309570313 -4.40545845031738 -0.00012910366058 20004
1103280629375044 206 0.223388671875 -7.30945014953613 -0.00112390518188 30004
1103320559151083 206 2.05401611328125 -0.25948184728622 -0.01280093193054 40004
1103360488926653 206 0.61264038085938 -2.77503061294556 -0.00335001945496 50004
1103400418700853 206 -2.36767578125 0.58688831329346 0.01504135131836 60004
1103440348478234 206 2.01715087890625 -1.40934753417969 -0.01233577728271 70004
1103480278279743 206 0.20904541015625 -4.99385452270508 -0.00056409835815 80004
1103520208056193 206 0.268310546875 6.2607569694519 -0.00234508514404 90004
1103160840046984 207 0.33479392528534 -5.0030083656311 -0.00224606972188 4
1103200769823563 207 -0.71814727783203 -4.05692195892334 0.00572639703751 10004
1103240699599314 207 -0.02442932128906 -3.99690389633179 -0.00012993812561 20004
1103280629375044 207 0.26806640625 -6.89645195007324 -0.00112318992615 30004
1103320559151083 207 1.97613525390625 -0.59783536195755 -0.0128002166748 40004
1103360488926653 207 0.65853881835938 -3.19806814193726 -0.00334763526917 50004
1103400418700853 207 -2.31201171875 0.3139328956604 0.01504421234131 60004
1103440348478234 207 2.09796142578125 -1.11699104309082 -0.01345825195313 70004
1103480278279743 207 0.30548095703125 -5.40419769287109 -0.00168895721436 80004
1103520208056193 207 0.271240234375 5.91491842269897 -0.00234842300415 90004
1103160840046984 208 0.09780009835958 -4.67365312576294 -0.00016422430053 4
1103200769823563 208 -0.66944122314453 -4.36057662963867 0.00460237264633 10004
1103240699599314 208 -0.25663757324219 -3.63672351837158 0.00194025039673 20004
1103280629375044 208 0.44677734375 -6.51317405700684 -0.00224387645721 30004
1103320559151083 208 2.00885009765625 -0.94940930604935 -0.01279973983765 40004
1103360488926653 208 0.56381225585938 -3.62071371078491 -0.00334644317627 50004
1103400418700853 208 -2.16845703125 0.06920957565308 0.01504611968994 60004
1103440348478234 208 2.27178955078125 -0.86234802007675 -0.0145788192749 70004
1103480278279743 208 0.26348876953125 -5.83114624023438 -0.00169086456299 80004
1103520208056193 208 0.306396484375 5.57039022445679 -0.00235509872437 90004
1103160840046984 209 -0.03524011000991 -4.29027700424194 -0.00016422441695 4
1103200769823563 209 -0.49690246582031 -4.61518859863281 0.00347739458084 10004
1103240699599314 209 -0.61940002441406 -3.40840625762939 0.00463855266571 20004
1103280629375044 209 0.44677734375 -6.09026908874512 -0.00224196910858 30004
1103320559151083 209 1.88970947265625 -1.28184485435486 -0.01279950141907 40004
1103360488926653 209 0.64242553710938 -4.04668569564819 -0.00334358215332 50004
1103400418700853 209 -2.14208984375 -0.21315649151802 0.01392364501953 60004
1103440348478234 209 2.32159423828125 -0.55742019414902 -0.01457500457764 70004
1103480278279743 209 0.40606689453125 -6.23595428466797 -0.00169277191162 80004
1103520208056193 209 0.418701171875 5.24275350570679 -0.00236082077026 90004
1103160840046984 210 -0.280417740345 -3.97602987289429 0.0018389490433 4
1103200769823563 210 -0.41720581054688 -4.90657043457031 0.00347572565079 10004
1103240699599314 210 -0.88427734375 -3.08120775222778 0.00463807582855 20004
1103280629375044 210 0.3292236328125 -5.69000053405762 -0.0022406578064 30004
1103320559151083 210 1.67352294921875 -1.55320620536804 -0.01073789596558 40004
1103360488926653 210 0.73202514648438 -4.47042036056519 -0.0044641494751 50004
1103400418700853 210 -2.02783203125 -0.46729052066803 0.01392602920532 60004
1103440348478234 210 2.39996337890625 -0.25921541452408 -0.01457214355469 70004
1103480278279744 210 0.160400390625 -7.65593338012695 -0.00000190734863 80004
1103520208056193 210 0.5556640625 4.92529058456421 -0.00348854064941 90004
1103160840046984 211 -0.48820042610168 -3.63875102996826 0.00387285579927 4
1103200769823563 211 -0.37649536132813 -5.21128082275391 0.00347405672073 10004
1103240699599314 211 -1.11415100097656 -2.7194676399231 0.00672876834869 20004
1103280629375044 211 0.2528076171875 -5.28219795227051 -0.00223922729492 30004
1103320559151083 211 1.48965454101563 -1.84492564201355 -0.00869917869568 40004
1103360488926653 211 0.73153686523438 -4.89332914352417 -0.00446224212646 50004
1103400418700853 211 -1.93115234375 -0.72924482822418 0.01280546188354 60004
1103440348478234 211 2.42144775390625 0.04181504249573 -0.01568794250488 70004
1103480278279744 211 0.267333984375 -7.17346572875977 -0.00112724304199 80004
1103520208056193 211 0.73828125 4.63551092147827 -0.00460863113403 90004
1103160840046984 212 -0.65862542390823 -3.27841067314148 0.00387285137549 4
1103200769823563 212 -0.312255859375 -5.50646877288818 0.00234967470169 10004
1103240699599314 212 -1.3714599609375 -2.38399529457092 0.00875866413116 20004
1103280629375044 212 0.2357177734375 -4.86122131347656 -0.00223767757416 30004
1103320559151083 212 1.38601684570313 -2.18143057823181 -0.00869917869568 40004
1103360488926653 212 0.68417358398438 -5.31619787216187 -0.00446033477783 50004
1103400418700853 212 -1.85302734375 -0.996621966362 0.01280784606934 60004
1103440348478234 212 2.34527587890625 0.33610597252846 -0.01567888259888 70004
1103480278279744 212 0.277099609375 -6.66766738891602 -0.00113105773926 80004
1103520208056193 212 0.939697265625 4.35779333114624 -0.00572681427002 90004
1103160840046984 213 -0.94118070602417 -2.9872088432312 0.0059803808108 4
1103200769823563 213 -0.15338897705078 -5.76981401443481 0.00122529268265 10004
1103240699599314 213 -1.71809387207031 -2.13179469108582 0.01089072227478 20004
1103280629375044 213 0.1556396484375 -4.44596099853516 -0.00022101402283 30004
1103320559151083 213 1.33035278320313 -2.53014349937439 -0.00870037078857 40004
1103360488926653 213 0.77743530273438 -5.73918676376343 -0.00445747375488 50004
1103400418700853 213 -1.68994140625 -1.22857463359833 0.01168775558472 60004
1103440348478234 213 2.17535400390625 0.59497863054276 -0.0136137008667 70004
1103480278279744 213 0.316162109375 -6.16301345825195 -0.00113296508789 80004
1103520208056193 213 1.083251953125 4.04338598251343 -0.00684213638306 90004
1103160840046984 214 -1.09429550170898 -2.61142992973328 0.00598037848249 4
1103200769823563 214 -0.12042999267578 -6.07560634613037 0.0012229681015 10004
1103240699599314 214 -1.92559814453125 -1.75677645206451 0.01292598247528 20004
1103280629375044 214 -0.09237670898438 -4.10342407226563 -0.00022161006927 30004
1103320559151083 214 1.21853637695313 -2.86526083946228 -0.00870060920715 40004
1103360488926653 214 0.68319702148438 -6.16201543807983 -0.00445628166199 50004
1103400418700853 214 -1.64007568359375 -1.50776088237762 0.01056694984436 60004
1103440348478234 214 1.95465087890625 0.81303340196609 -0.01361227035522 70004
1103480278279744 214 0.138427734375 -5.68902969360352 -0.00113344192505 80004
1103520208056193 214 1.325439453125 3.79728031158447 -0.00794506072998 90004
1103160840046984 215 -1.27747404575348 -2.24983310699463 0.0079905167222 4
1103200769823563 215 0.00695037841797 -6.34955596923828 0.00009804964066 10004
1103240699599314 215 -2.2374267578125 -1.47386157512665 0.0149337053299 20004
1103280629375044 215 -0.21435546875 -3.70634460449219 0.00183582305908 30004
1103320559151083 215 1.14773559570313 -3.21045470237732 -0.00667929649353 40004
1103360488926653 215 0.72958374023438 -6.58496427536011 -0.00445365905762 50004
1103400418700853 215 -1.52899169921875 -1.76719605922699 0.01055669784546 60004
1103440348478234 215 1.81890869140625 1.08526194095612 -0.01155614852905 70004
1103480278279744 215 0.120361328125 -5.19179153442383 -0.00113868713379 80004
1103520208056193 215 1.47357177734375 3.4912223815918 -0.00905609130859 90004
1103160840046984 216 -1.53700625896454 -1.95054876804352 0.01005447097123 4
1103200769823564 216 0.0950927734375 -7.79602241516113 -0.00000011920929 10004
1103240699599314 216 -2.51460266113281 -1.16024839878082 0.01697063446045 20004
1103280629375044 216 -0.37841796875 -3.32744598388672 0.00183522701263 30004
1103320559151083 216 1.02011108398438 -3.53075957298279 -0.0066819190979 40004
1103360488926654 216 0.047119140625 -7.89394760131836 0.00000143051147 50004
1103400418700853 216 -1.37274169921875 -2.0031635761261 0.00942707061768 60004
1103440348478234 216 1.72125244140625 1.37882578372955 -0.01155471801758 70004
1103480278279744 216 0.047119140625 -4.70311737060547 -0.00113868713379 80004
1103520208056193 216 1.6536865234375 3.20514869689941 -0.01017332077026 90004
1103160840046984 217 -1.82969915866852 -1.68003702163696 0.01215306017548 4
1103200769823564 217 0.23784637451172 -7.37754535675049 -0.00112438201904 10004
1103240699599314 217 -2.67762756347656 -0.77203345298767 0.01697087287903 20004
1103280629375044 217 -0.65121459960938 -3.01020240783691 0.00387859344482 30004
1103320559151083 217 0.85739135742188 -3.83694052696228 -0.00467085838318 40004
1103360488926654 217 0.115966796875 -7.63433647155762 0.00000309944153 50004
1103400418700853 217 -1.22314453125 -2.22142910957336 0.00830221176147 60004
1103440348478234 217 1.6041259765625 1.65955889225006 -0.00947093963623 70004
1103480278279744 217 -0.18017578125 -4.26104545593262 0.00093078613281 80004
1103520208056193 217 1.86456298828125 2.93905925750732 -0.01128816604614 90004
1103160840046984 218 -2.02289772033691 -1.32320487499237 0.01215304806828 4
1103200769823564 218 0.23796844482422 -6.92745685577393 -0.001125395298 10004
1103240699599314 218 -2.70716857910156 -0.34442114830017 0.01697134971619 20004
1103280629375044 218 -0.99838256835938 -2.76883888244629 0.00597536563873 30004
1103320559151083 218 0.80123901367188 -4.18549537658691 -0.00467467308044 40004
1103360488926654 218 0.108642578125 -7.23220634460449 0.000004529953 50004
1103400418700853 218 -1.16748046875 -2.4372456073761 0.00830078125 60004
1103440348478234 218 1.39959716796875 1.89196932315826 -0.00946950912476 70004
1103480278279744 218 -0.5450439453125 -3.90983390808105 0.00298118591309 80004
1103520208056193 218 1.97979736328125 2.61301708221436 -0.01240348815918 90004
1103160840046984 219 -2.34876441955566 -1.08146822452545 0.01423308998346 4
1103200769823564 219 0.42819976806641 -6.51951885223389 -0.00225031375885 10004
1103240699599314 219 -2.55311584472656 0.05564936250448 0.01697182655334 20004
1103280629375044 219 -1.21127319335938 -2.40332984924316 0.00805819034576 30004
1103320559151083 219 0.81842041015625 -4.53818702697754 -0.00467920303345 40004
1103360488926654 219 0.066650390625 -6.83222770690918 0.00000596046448 50004
1103400418700853 219 -1.10101318359375 -2.71293759346008 0.00717639923096 60004
1103440348478234 219 1.31170654296875 2.18880987167358 -0.00946807861328 70004
1103480278279744 219 -0.72760009765625 -3.43747901916504 0.00503921508789 80004
1103520208056193 219 2.22198486328125 2.36691188812256 -0.0135178565979 90004
1103160840046984 220 -2.57512927055359 -0.75339442491531 0.01633169315755 4
1103200769823564 220 0.47574615478516 -6.07997226715088 -0.00225162506104 10004
1103240699599314 220 -2.35850524902344 0.43669107556343 0.01584851741791 20004
1103280629375044 220 -1.52487182617188 -2.13092994689941 0.01006484031677 30004
1103320559151083 220 0.74700927734375 -4.88003540039063 -0.00468397140503 40004
1103360488926654 220 0.154296875 -6.44698905944824 0.00000834465027 50004
1103400418700853 220 -1.00750732421875 -2.9802610874176 0.00717353820801 60004
1103440348478234 220 1.14105224609375 2.44179105758667 -0.00742769241333 70004
1103480278279744 220 -1.03228759765625 -3.04188823699951 0.00703144073486 80004
1103520208056193 220 2.43194580078125 2.09367275238037 -0.01463270187378 90004
1103160840046984 221 -2.7105655670166 -0.37583699822426 0.01833742111921 4
1103200769823564 221 0.48484039306641 -5.63006687164307 -0.00225299596786 10004
1103240699599314 221 -2.21234130859375 0.83413153886795 0.01472520828247 20004
1103280629375044 221 -1.82052612304688 -1.83769989013672 0.01207661628723 30004
1103320559151083 221 0.72195434570313 -5.22383880615234 -0.00468945503235 40004
1103360488926654 221 0.19873046875 -6.05683708190918 -0.00111269950867 50004
1103400418700853 221 -0.95721435546875 -3.25432801246643 0.0071702003479 60004
1103440348478234 221 1.00286865234375 2.71061086654663 -0.00742244720459 70004
1103480278279744 221 -1.28314208984375 -2.61622714996338 0.00908041000366 80004
1103520208056193 221 2.56182861328125 1.78220462799072 -0.01574611663818 90004
1103160840046984 222 -2.75367665290833 -0.01605235785246 0.01833739131689 4
1103200769823564 222 0.55012512207031 -5.19279861450195 -0.0033774971962 10004
1103240699599314 222 -2.08564758300781 1.23550248146057 0.01360166072845 20004
1103280629375044 222 -2.05413818359375 -1.48580646514893 0.01409149169922 30004
1103320559151083 222 0.7357177734375 -5.57042694091797 -0.00469589233398 40004
1103360488926654 222 0.199951171875 -5.66177177429199 -0.00110936164856 50004
1103400418700853 222 -0.94281005859375 -3.53614449501038 0.00716733932495 60004
1103440348478234 222 0.95819091796875 3.01109933853149 -0.00541734695435 70004
1103480278279744 222 -1.47406005859375 -2.1527156829834 0.00907135009766 80004
1103520208056193 222 2.58514404296875 1.44291830062866 -0.01573705673218 90004
1103160840046984 223 -2.69297385215759 0.22812558710575 0.01833734475076 4
1103200769823564 223 0.75653076171875 -4.79288387298584 -0.00450026988983 10004
1103240699599314 223 -1.83125305175781 1.58046555519104 0.01247656345367 20004
1103280629375044 223 -2.25448608398438 -1.11352252960205 0.01409029960632 30004
1103320559151083 223 0.6341552734375 -5.90866088867188 -0.00469946861267 40004
1103360488926654 223 0.330810546875 -5.28144645690918 -0.00110745429993 50004
1103400418700853 223 -0.87933349609375 -3.81261086463928 0.00604200363159 60004
1103440348478234 223 1.01385498046875 3.31521844863892 -0.00540590286255 70004
1103480278279744 223 -1.77093505859375 -1.74262940883636 0.01115083694458 80004
1103520208056193 223 2.49725341796875 1.10773038864136 -0.01573324203491 90004
1103160840046984 224 -2.43777966499329 0.543716609478 0.01609126292169 4
1103200769823564 224 0.77458953857422 -4.34316158294678 -0.00450026988983 10004
1103240699599314 224 -1.74653625488281 2.00063920021057 0.01135051250458 20004
1103280629375044 224 -2.27890014648438 -0.691330909729 0.01408910751343 30004
1103320559151083 224 0.6854248046875 -6.25803375244141 -0.00470662117004 40004
1103360488926654 224 0.288818359375 -4.88146781921387 -0.00110530853271 50004
1103400418700853 224 -0.70550537109375 -4.03644943237305 0.00491571426392 60004
1103440348478234 224 0.93572998046875 3.61449670791626 -0.00540256500244 70004
1103480278279744 224 -1.99163818359375 -1.28728425502777 0.01323461532593 80004
1103520208056193 224 2.27557373046875 0.84081602096558 -0.01572895050049 90004
1103160840046984 225 -2.3005530834198 0.91800433397293 0.01496820803732 4
1103200769823564 225 0.93393707275391 -3.93079853057861 -0.00562393665314 10004
1103240699599314 225 -1.53460693359375 2.36440491676331 0.01022613048553 20004
1103280629375044 225 -2.18463134765625 -0.33358359336853 0.01408660411835 30004
1103320559151084 225 0.1094970703125 -7.69268608093262 0 40004
1103360488926654 225 0.274658203125 -4.4798469543457 -0.0011043548584 50004
1103400418700853 225 -0.61444091796875 -4.29975891113281 0.00491285324097 60004
1103440348478234 225 0.76824951171875 3.86808729171753 -0.00540256500244 70004
1103480278279744 225 -2.31707763671875 -0.90658605098724 0.01528358459473 80004
1103520208056193 225 1.98797607421875 0.65635919570923 -0.01371097564697 90004
1103160840046984 226 -2.12400341033936 1.27272832393646 0.01384511403739 4
1103200769823564 226 1.16936492919922 -3.54877543449402 -0.00674784183502 10004
1103240699599314 226 -1.32487487792969 2.73456597328186 0.00910246372223 20004
1103280629375044 226 -2.00204467773438 0.01218941807747 0.01296067237854 30004
1103320559151084 226 0.1619873046875 -7.27128791809082 -0.00112366676331 40004
1103360488926654 226 0.249267578125 -4.07897567749023 -0.00110244750977 50004
1103400418700853 226 -0.56756591796875 -4.57898712158203 0.00378704071045 60004
1103440348478234 226 0.63348388671875 4.12677526473999 -0.00337028503418 70004
1103480278279744 226 -2.58416748046875 -0.49420157074928 0.01730489730835 80004
1103520208056193 226 1.72576904296875 0.44150161743164 -0.0116081237793 90004
1103160840046984 227 -1.89022076129913 1.6016092300415 0.01272204332054 4
1103200769823564 227 1.27053833007813 -3.14797759056091 -0.00710105895996 10004
1103240699599314 227 -1.13401794433594 3.11494278907776 0.00797653198242 20004
1103280629375044 227 -1.79400634765625 0.37811225652695 0.01183462142944 30004
1103320559151084 227 0.1416015625 -6.83826065063477 -0.00112366676331 40004
1103360488926654 227 0.1622314453125 -3.69359850883484 -0.00110077857971 50004
1103400418700853 227 -0.52777099609375 -4.85930824279785 0.00378465652466 60004
1103440348478234 227 0.54437255859375 4.3782057762146 -0.00336980819702 70004
1103480278279744 227 -2.70428466796875 -0.01636034250259 0.01730155944824 80004
1103520208056193 227 1.51336669921875 0.16729326546192 -0.0095648765564 90004
1103160840046984 228 -1.72067880630493 1.97035086154938 0.01159898750484 4
1103200769823564 228 1.356689453125 -2.70614218711853 -0.00822770595551 10004
1103240699599314 228 -0.86703491210938 3.45037293434143 0.00572621822357 20004
1103280629375044 228 -1.65045166015625 0.77596324682236 0.01070845127106 30004
1103320559151084 228 0.18310546875 -6.4052848815918 -0.00112462043762 40004
1103360488926654 228 -0.04833984375 -3.35082125663757 0.00091576576233 50004
1103400418700853 228 -0.45941162109375 -5.13462257385254 0.00378227233887 60004
1103440348478234 228 0.40472412109375 4.54688405990601 -0.00336837768555 70004
1103480278279744 228 -2.66326904296875 0.48814627528191 0.01729583740234 80004
1103520208056193 228 1.30633544921875 -0.11130776256323 -0.00755405426025 90004
1103160840046984 229 -1.50957655906677 2.31698155403137 0.01047593541443 4
1103200769823564 229 1.62127685546875 -2.34200739860535 -0.00935232639313 10004
1103240699599314 229 -0.68141174316406 3.83659958839417 0.00460410118103 20004
1103280629375044 229 -1.5433349609375 1.18494594097137 0.01070761680603 30004
1103320559151084 229 0.24658203125 -5.97499465942383 -0.0011260509491 40004
1103360488926654 229 -0.38330078125 -3.12719988822937 0.00300717353821 50004
1103400418700853 229 -0.32562255859375 -5.38450813293457 0.00265669822693 60004
1103440348478234 229 0.32659912109375 4.84616231918335 -0.00134944915771 70004
1103480278279744 229 -2.41229248046875 0.92799234390259 0.01616716384888 80004
1103520208056193 229 1.23699951171875 -0.45076957345009 -0.00754404067993 90004
1103160840046984 230 -1.33349525928497 2.68193387985229 0.00935286935419 4
1103200769823564 230 1.75189208984375 -1.91960179805756 -0.01047641038895 10004
1103240699599314 230 -0.63087463378906 4.25461578369141 0.00460302829742 20004
1103280629375044 230 -1.47549438476563 1.6016081571579 0.00958669185638 30004
1103320559151084 230 0.16943359375 -5.55476951599121 -0.00112652778625 40004
1103360488926654 230 -0.76022338867188 -2.99981760978699 0.00505304336548 50004
1103400418700853 230 -0.28045654296875 -5.65934753417969 0.00265526771545 60004
1103440348478234 230 0.34881591796875 5.1490683555603 -0.00134944915771 70004
1103480278279744 230 -2.03973388671875 1.25752878189087 0.01391696929932 80004
1103520208056193 230 1.17718505859375 -0.79197555780411 -0.00753355026245 90004
1103160840046984 231 -1.25519919395447 3.07033967971802 0.00822981633246 4
1103200769823564 231 1.92695617675781 -1.51662003993988 -0.01159912347794 10004
1103240699599314 231 -0.53517150878906 4.66203689575195 0.00347828865051 20004
1103280629375044 231 -1.34072875976563 1.97865283489227 0.00958895683289 30004
1103320559151084 231 0.13916015625 -5.13118934631348 -0.00112724304199 40004
1103360488926654 231 -1.1126708984375 -2.82641100883484 0.00709795951843 50004
1103400418700853 231 -0.205322265625 -5.92586898803711 0.00152778625488 60004
1103440348478234 231 0.40399169921875 5.45331335067749 -0.00247049331665 70004
1103480278279744 231 -1.70770263671875 1.62383508682251 0.01151847839355 80004
1103520208056193 231 1.06097412109375 -1.11237108707428 -0.00752305984497 90004
1103160840046984 232 -1.21995615959167 3.46742606163025 0.00822982005775 4
1103200769823564 232 2.14682006835938 -1.13306272029877 -0.01272255182266 10004
1103240699599314 232 -0.39430236816406 5.05886268615723 0.00347721576691 20004
1103280629375044 232 -1.16641235351563 2.33461046218872 0.00846672058105 30004
1103320559151084 232 0.15576171875 -4.70425415039063 -0.00112843513489 40004
1103360488926654 232 -1.3927001953125 -2.54763197898865 0.00911974906921 50004
1103400418700853 232 -0.1007080078125 -6.18407249450684 0.00152277946472 60004
1103440348478234 232 0.42523193359375 5.75632238388062 -0.00246858596802 70004
1103480278279744 232 -1.4884033203125 2.0766806602478 0.01038360595703 80004
1103520208056193 232 0.92083740234375 -1.42284023761749 -0.00546550750732 90004
1103160840046984 233 -1.05555093288422 3.83848428726196 0.00710677634925 4
1103200769823564 233 2.23251342773438 -0.69122922420502 -0.01384603977203 10004
1103240699599314 233 -0.38893127441406 5.48747444152832 0.00347590446472 20004
1103280629375044 233 -1.11074829101563 2.75383424758911 0.00734436511993 30004
1103320559151084 233 0.03173828125 -4.28738403320313 -0.00112891197205 40004
1103360488926654 233 -1.5709228515625 -2.18704771995544 0.00912070274353 50004
1103400418700854 233 0 -8 0 60004
1103440348478235 233 0 7.53247022628784 0 70004
1103480278279744 233 -1.36761474609375 2.5685248374939 0.00924396514893 80004
1103520208056193 233 0.88763427734375 -1.76770603656769 -0.00546550750732 90004
1103160840046984 234 -0.9161325097084 4.21963024139404 0.00598372239619 4
1103200769823564 234 2.49701690673828 -0.32709616422653 -0.01496946811676 10004
1103240699599314 234 -0.46339416503906 5.90961647033691 0.00347506999969 20004
1103280629375044 234 -0.88320922851563 3.11025285720825 0.00622200965881 30004
1103320559151084 234 -0.20697021484375 -3.92334651947021 0.00092887878418 40004
1103360488926654 234 -1.74374389648438 -1.82359480857849 0.01113319396973 50004
1103400418700854 234 0.1474609375 -7.68439483642578 -0.00000333786011 60004
1103440348478235 234 0.0849609375 7.71502637863159 0.00000381469727 70004
1103480278279744 234 -1.12255859375 3.01202154159546 0.00810289382935 80004
1103520208056193 234 0.90423583984375 -2.11360239982605 -0.00546550750732 90004
1103160840046984 235 -0.77409321069717 4.59980869293213 0.0059837307781 4
1103200769823564 235 2.62739562988281 0.09530654549599 -0.01609289646149 10004
1103240699599315 235 0.15582275390625 7.86680936813354 -0.00000071525574 20004
1103280629375044 235 -0.7122802734375 3.49549913406372 0.00509643554688 30004
1103320559151084 235 -0.31353759765625 -3.50942993164063 0.00293660163879 40004
1103360488926654 235 -2.01950073242188 -1.54027056694031 0.01320147514343 50004
1103400418700854 235 0.184326171875 -7.34431648254395 -0.00112628936768 60004
1103440348478235 235 0.106201171875 7.76066541671753 0.00001049041748 70004
1103480278279744 235 -0.75537109375 3.34701681137085 0.00569343566895 80004
1103520208056193 235 0.80999755859375 -2.44083476066589 -0.00546216964722 90004
1103160840046984 236 -0.71813970804214 4.99205636978149 0.00486068055034 4
1103200769823564 236 2.61588287353516 0.53457707166672 -0.01609343290329 10004
1103240699599315 236 0.35395812988281 8.16874313354492 -0.00224781036377 20004
1103280629375044 236 -0.65066528320313 3.90385866165161 0.00509166717529 30004
1103320559151084 236 -0.46395874023438 -3.11213874816895 0.00293374061584 40004
1103360488926654 236 -2.2606201171875 -1.23023676872253 0.01522541046143 50004
1103400418700854 236 0.258056640625 -7.01239585876465 -0.00112771987915 60004
1103440348478235 236 0.106201171875 7.76066541671753 0.00001811981201 70004
1103480278279744 236 -0.4310302734375 3.71817922592163 0.0034441947937 80004
1103520208056193 236 0.75238037109375 -2.77428889274597 -0.00545740127563 90004
1103160840046984 237 -0.70566558837891 5.3905029296875 0.00486067542806 4
1103200769823564 237 2.46331787109375 0.94954794645309 -0.01609367132187 10004
1103240699599315 237 0.49574279785156 8.28730392456055 -0.00225114822388 20004
1103280629375044 237 -0.63455200195313 4.31897115707397 0.00508844852448 30004
1103320559151084 237 -0.73492431640625 -2.78177738189697 0.00498414039612 40004
1103360488926654 237 -2.399169921875 -0.85752975940704 0.01522922515869 50004
1103400418700854 237 0.36865234375 -6.68863296508789 -0.0022509098053 60004
1103440348478235 237 0.106201171875 7.76066541671753 0.00002574920654 70004
1103480278279744 237 -0.2413330078125 4.17706632614136 0.00231552124023 80004
1103520208056193 237 0.73211669921875 -3.11396479606628 -0.00545644760132 90004
1103160840046984 238 -0.56275296211243 5.77035188674927 0.00373762054369 4
1103200769823564 238 2.18009185791016 1.29929327964783 -0.01401042938232 10004
1103240699599315 238 0.49598693847656 8.28730392456055 -0.00225329399109 20004
1103280629375044 238 -0.48291015625 4.71382284164429 0.00396311283112 30004
1103320559151084 238 -1.10446166992188 -2.55245304107666 0.00701427459717 40004
1103360488926654 238 -2.436279296875 -0.4570609331131 0.01523303985596 50004
1103400418700854 238 0.36865234375 -6.34039688110352 -0.00224709510803 60004
1103440348478235 238 0.106201171875 7.76066541671753 0.00003337860107 70004
1103480278279744 238 -0.2091064453125 4.68212461471558 0.00230884552002 80004
1103520208056193 238 0.60125732421875 -3.43497538566589 -0.0034031867981 90004
1103160840046984 239 -0.59376072883606 6.17499208450317 0.00373761961237 4
1103200769823564 239 2.0711669921875 1.73599028587341 -0.01401084661484 10004
1103240699599315 239 0.49623107910156 8.28730392456055 -0.00225532054901 20004
1103280629375044 239 -0.20541381835938 5.03315114974976 0.00171530246735 30004
1103320559151084 239 -1.34274291992188 -2.1884126663208 0.00901436805725 40004
1103360488926654 239 -2.300537109375 -0.07838499546051 0.01524066925049 50004
1103400418700854 239 0.51611328125 -6.0247917175293 -0.00224328041077 60004
1103440348478235 239 0.106201171875 7.76066541671753 0.00004100799561 70004
1103480278279744 239 -0.3927001953125 5.15410947799683 0.00230836868286 80004
1103520208056193 239 0.50555419921875 -3.76804423332214 -0.0034008026123 90004
1103160840046985 240 0.04859159886837 7.69946670532227 -0.0000000000291 4
1103200769823564 240 1.83157348632813 2.10747790336609 -0.0119931101799 10004
1103240699599315 240 0.49647521972656 8.28730392456055 -0.00225746631622 20004
1103280629375044 240 -0.0489501953125 5.41792249679565 0.00059080123901 30004
1103320559151084 240 -1.6796875 -1.9254093170166 0.01101613044739 40004
1103360488926654 240 -2.07046508789063 0.24553844332695 0.01412224769592 50004
1103400418700854 240 0.552978515625 -5.68471336364746 -0.00336146354675 60004
1103440348478235 240 0.140625 7.72254514694214 0.00004482269287 70004
1103480278279744 240 -0.4144287109375 5.6508994102478 0.00230598449707 80004
1103520208056193 240 0.521240234375 -4.10782337188721 -0.00339555740356 90004
1103160840046985 241 0.1000756919384 7.83258438110352 0.00000000052387 4
1103200769823564 241 1.63558197021484 2.50070261955261 -0.0099418759346 10004
1103240699599315 241 0.49671936035156 8.28730392456055 -0.00225961208344 20004
1103280629375044 241 -0.0240478515625 5.83004331588745 0.0005898475647 30004
1103320559151084 241 -1.98385620117188 -1.62872695922852 0.0130455493927 40004
1103360488926654 241 -1.88104248046875 0.59042710065842 0.01300644874573 50004
1103400418700854 241 0.563720703125 -5.33682441711426 -0.00335669517517 60004
1103440348478235 241 0.16357421875 7.69713163375854 0.00004482269287 70004
1103480278279745 241 0.06103515625 7.68833112716675 0 80004
1103520208056193 241 0.521728515625 -4.45015430450439 -0.00339126586914 90004
1103160840046985 242 0.14963720738888 7.91290712356567 0.00000000139698 4
1103200769823564 242 1.48311614990234 2.91566824913025 -0.00994211435318 10004
1103240699599315 242 0.49696350097656 8.28730392456055 -0.00226175785065 20004
1103280629375045 242 -0.02392578125 7.58387899398804 -0.00000023841858 30004
1103320559151084 242 -2.17807006835938 -1.2480616569519 0.01304030418396 40004
1103360488926654 242 -1.77731323242188 0.97789806127548 0.01189064979553 50004
1103400418700854 242 0.62158203125 -4.99974250793457 -0.00335192680359 60004
1103440348478235 242 0.155517578125 7.63684415817261 0.00004577636719 70004
1103480278279745 242 0.19580078125 7.98649549484253 -0.00112867355347 80004
1103520208056193 242 0.47760009765625 -4.79355525970459 -0.00339126586914 90004
1103160840046985 243 0.23336720466614 8.10350704193115 -0.00112304324284 4
1103200769823564 243 1.19992828369141 3.26541757583618 -0.00792551040649 10004
1103240699599315 243 0.49720764160156 8.28730392456055 -0.00226390361786 20004
1103280629375045 243 -0.11944580078125 7.78951406478882 -0.00000143051147 30004
1103320559151084 243 -2.24008178710938 -0.81752157211304 0.01504325866699 40004
1103360488926654 243 -1.71725463867188 1.3754677772522 0.01189804077148 50004
1103400418700854 243 0.78857421875 -4.69404029846191 -0.00446915626526 60004
1103440348478235 243 0.123291015625 7.39569425582886 0.00004768371582 70004
1103480278279745 243 0.36865234375 8.24398708343506 -0.00225353240967 80004
1103520208056193 243 0.45611572265625 -5.13922786712646 -0.00339412689209 90004
1103160840046985 244 0.26060113310814 8.13236808776855 -0.00112304033246 4
1103200769823564 244 1.09093475341797 3.70210933685303 -0.00792574882507 10004
1103240699599315 244 0.50595092773438 8.26969528198242 -0.00226759910583 20004
1103280629375045 244 -0.13507080078125 7.81590414047241 -0.00000488758087 30004
1103320559151084 244 -2.12619018554688 -0.44044351577759 0.01391434669495 40004
1103360488926654 244 -1.49505615234375 1.71008539199829 0.00965905189514 50004
1103400418700854 244 0.80908203125 -4.37163734436035 -0.00446534156799 60004
1103440348478235 244 0.267822265625 6.93104887008667 -0.00107526779175 70004
1103480278279745 244 0.60693359375 8.44674587249756 -0.0033802986145 80004
1103520208056193 244 0.56304931640625 -5.46832942962646 -0.00339221954346 90004
1103160840046985 245 0.26740828156471 8.13958168029785 -0.0011230398668 4
1103200769823564 245 0.86772918701172 4.08607196807861 -0.00590819120407 10004
1103240699599315 245 0.50869750976563 8.24463653564453 -0.00227212905884 20004
1103280629375045 245 -0.14593505859375 7.88761281967163 -0.00000810623169 30004
1103320559151084 245 -1.9183349609375 -0.07326819747686 0.01278042793274 40004
1103360488926654 245 -1.39349365234375 2.09191751480103 0.00966048240662 50004
1103400418700854 245 0.786376953125 -4.03134727478027 -0.0044629573822 60004
1103440348478235 245 0.32080078125 6.45026159286499 -0.00107526779175 70004
1103480278279745 245 0.771240234375 8.52643489837646 -0.00450611114502 80004
1103520208056193 245 0.55816650390625 -5.80852031707764 -0.00338840484619 90004
1103160840046985 246 0.26740828156471 8.13958168029785 -0.0011230398668 4
1103200769823564 246 0.70077514648438 4.46523904800415 -0.00380486249924 10004
1103240699599315 246 0.50210571289063 8.21159362792969 -0.00227606296539 20004
1103280629375045 246 -0.15032958984375 7.93102025985718 -0.00001120567322 30004
1103320559151084 246 -1.7689208984375 0.32391738891602 0.01165652275085 40004
1103360488926654 246 -1.31048583984375 2.48480463027954 0.00853800773621 50004
1103400418700854 246 0.797607421875 -3.6888120174408 -0.00445938110352 60004
1103440348478235 246 0.44482421875 5.9915976524353 -0.00219631195068 70004
1103480278279745 246 0.841064453125 8.54576778411865 -0.0045108795166 80004
1103520208056193 246 0.58502197265625 -6.14657115936279 -0.00338363647461 90004
1103160840046985 247 0.26740828156471 8.13958168029785 -0.0011230398668 4
1103200769823564 247 0.62938690185547 4.82571697235107 -0.00380522012711 10004
1103240699599315 247 0.49734497070313 8.11114501953125 -0.00227880477905 20004
1103280629375045 247 -0.14984130859375 7.93102025985718 -0.00001466274261 30004
1103320559151084 247 -1.663818359375 0.73775869607925 0.01165795326233 40004
1103360488926654 247 -1.20428466796875 2.87267827987671 0.00853896141052 50004
1103400418700854 247 0.8681640625 -3.35159468650818 -0.00557804107666 60004
1103440348478235 247 0.61962890625 5.54668569564819 -0.00331830978394 70004
1103480278279745 247 0.841064453125 8.54576778411865 -0.00451850891113 80004
1103520208056194 247 0.0341796875 -7.92691612243652 -0.00000190734863 90004
1103160840046985 248 0.26740828156471 8.13958168029785 -0.0011230398668 4
1103200769823564 248 0.56163787841797 5.09166240692139 -0.00380611419678 10004
1103240699599315 248 0.52076721191406 7.82498645782471 -0.00228309631348 20004
1103280629375045 248 -0.14935302734375 7.93102025985718 -0.00001800060272 30004
1103320559151084 248 -1.42636108398438 1.10163307189941 0.00941443443298 40004
1103360488926654 248 -1.09442138671875 3.2595648765564 0.00741696357727 50004
1103400418700854 248 0.9716796875 -3.01918959617615 -0.00557279586792 60004
1103440348478235 248 0.64208984375 5.06051778793335 -0.00331449508667 70004
1103480278279745 248 0.841064453125 8.54576778411865 -0.00452613830566 80004
1103520208056194 248 0.1708984375 -7.63458061218262 -0.00000953674316 90004
1103160840046985 249 0.26740828156471 8.13958168029785 -0.0011230398668 4
1103200769823564 249 0.50841522216797 5.53858470916748 -0.00380671024323 10004
1103240699599315 249 0.34941101074219 7.36405658721924 -0.00228536128998 20004
1103280629375045 249 -0.10589599609375 7.95873022079468 0.00105023384094 30004
1103320559151084 249 -1.32431030273438 1.52443313598633 0.00941205024719 40004
1103360488926654 249 -1.02069091796875 3.44661855697632 0.00741744041443 50004
1103400418700854 249 1.2060546875 -2.76178908348084 -0.00669050216675 60004
1103440348478235 249 0.86767578125 4.62935781478882 -0.00555849075317 70004
1103480278279745 249 0.841064453125 8.54576778411865 -0.0045337677002 80004
1103520208056194 249 0.1708984375 -7.31202507019043 -0.00000953674316 90004
1103160840046985 250 0.26740828156471 8.13958168029785 -0.0011230398668 4
1103200769823564 250 0.31729888916016 5.93722009658813 -0.00176894664764 10004
1103240699599315 250 0.20304870605469 6.89479494094849 -0.00228691101074 20004
1103280629375045 250 -0.09466552734375 7.96565771102905 0.00104546546936 30004
1103320559151084 250 -1.09518432617188 1.8851432800293 0.00716233253479 40004
1103360488926654 250 -0.90374755859375 3.77850008010864 0.00629544258118 50004
1103400418700854 250 1.44671630859375 -2.50824522972107 -0.00894331932068 60004
1103440348478235 250 1.21319580078125 4.30004453659058 -0.0077953338623 70004
1103480278279745 250 0.841064453125 8.54576778411865 -0.00454139709473 80004
1103520208056194 250 0.2734375 -7.01213455200195 -0.00113725662231 90004
1103160840046985 251 0.27820947766304 8.05327033996582 -0.00112303928472 4
1103200769823565 251 -0.02862548828125 7.67003583908081 0 10004
1103240699599315 251 0.17108154296875 6.41750383377075 -0.00025451183319 20004
1103280629375045 251 -0.09417724609375 7.96565771102905 0.00104165077209 30004
1103320559151084 251 -0.90841674804688 2.26655077934265 0.00603556632996 40004
1103360488926654 251 -0.85882568359375 4.16859483718872 0.00629663467407 50004
1103400418700854 251 1.6531982421875 -2.2305428981781 -0.01007413864136 60004
1103440348478235 251 1.36114501953125 3.92360377311707 -0.00814151763916 70004
1103480278279745 251 0.841552734375 8.48178005218506 -0.00454568862915 80004
1103520208056194 251 0.341796875 -6.70468902587891 -0.0011420249939 90004
1103160840046985 252 0.33300465345383 7.8458571434021 -0.00112303858623 4
1103200769823565 252 -0.06515502929688 7.90364408493042 0 10004
1103240699599315 252 0.19207763671875 5.93760919570923 -0.00137841701508 20004
1103280629375045 252 -0.09368896484375 7.96565771102905 0.00103783607483 30004
1103320559151084 252 -0.77389526367188 2.67564368247986 0.00603365898132 40004
1103360488926654 252 -0.86187744140625 4.54997491836548 0.00629711151123 50004
1103400418700854 252 1.80645751953125 -1.96721339225769 -0.01120471954346 60004
1103440348478235 252 1.55157470703125 3.48044180870056 -0.00926160812378 70004
1103480278279745 252 0.811767578125 8.31856060028076 -0.00454664230347 80004
1103520208056194 252 0.3603515625 -6.42272758483887 -0.0022668838501 90004
1103160840046985 253 0.4873856306076 7.53404188156128 -0.00224607996643 4
1103200769823565 253 -0.03952026367188 8.01268291473389 -0.00000011920929 10004
1103240699599315 253 0.05412292480469 5.46555948257446 -0.00137865543365 20004
1103280629375045 253 -0.09320068359375 7.96565771102905 0.00103402137756 30004
1103320559151084 253 -0.54122924804688 3.04360938072205 0.00377869606018 40004
1103360488926654 253 -0.74957275390625 4.87539911270142 0.00517559051514 50004
1103400418700854 253 1.90411376953125 -1.82333445549011 -0.01121187210083 60004
1103440348478235 253 1.635986328125 3.00128531455994 -0.01038074493408 70004
1103480278279745 253 0.689697265625 8.04960918426514 -0.00454807281494 80004
1103520208056194 253 0.4345703125 -6.26254844665527 -0.00227451324463 90004
1103160840046985 254 0.49552261829376 7.18621778488159 -0.00224607624114 4
1103200769823565 254 0.05984497070313 8.1387357711792 -0.00000011920929 10004
1103240699599315 254 0.12857055664063 4.97935104370117 -0.00026607513428 20004
1103280629375045 254 -0.0081787109375 7.86191320419312 0.00103187561035 30004
1103320559151084 254 -0.48654174804688 3.47512412071228 0.0037693977356 40004
1103360488926654 254 -0.62713623046875 5.2584023475647 0.00405502319336 50004
1103400418700854 254 1.95977783203125 -1.47965502738953 -0.01234245300293 60004
1103440348478235 254 1.9066162109375 2.5979688167572 -0.01149988174438 70004
1103480278279745 254 0.631103515625 7.72014141082764 -0.00454902648926 80004
1103520208056194 254 0.4345703125 -5.93999290466309 -0.00227451324463 90004
1103160840046985 255 0.3928436934948 6.86026382446289 -0.00224607205018 4
1103200769823565 255 0.08468627929688 8.17023754119873 -0.00000011920929 10004
1103240699599315 255 0.26950073242188 4.50979042053223 -0.00138926506042 20004
1103280629375045 255 0.0372314453125 7.74154043197632 -0.00009274482727 30004
1103320559151084 255 -0.3974609375 3.90043330192566 0.00263810157776 40004
1103360488926654 255 -0.55426025390625 5.652672290802 0.00406408309937 50004
1103400418700854 255 2.03887939453125 -1.14088797569275 -0.0123496055603 60004
1103440348478235 255 2.0299072265625 2.13665652275085 -0.012619972229 70004
1103480278279745 255 0.680908203125 7.39513683319092 -0.00454998016357 80004
1103520208056194 255 0.5362548828125 -5.64010238647461 -0.0033974647522 90004
1103160840046985 256 0.32710802555084 6.52703046798706 -0.00224606879056 4
1103200769823565 256 0.08468627929688 8.17023754119873 -0.00000011920929 10004
1103240699599315 256 0.5228271484375 4.10159111022949 -0.00251388549805 20004
1103280629375045 256 0.1182861328125 7.53374624252319 -0.00009393692017 30004
1103320559151084 256 -0.23626708984375 4.29864931106567 0.00263428688049 40004
1103360488926655 256 -0.0595703125 7.66045713424683 0.00000071525574 50004
1103400418700854 256 2.19317626953125 -0.8379852771759 -0.01347994804382 60004
1103440348478235 256 2.1680908203125 1.67534947395325 -0.01373958587646 70004
1103480278279745 256 0.694580078125 7.06864452362061 -0.00455236434937 80004
1103520208056194 256 0.6090087890625 -5.33276748657227 -0.00339317321777 90004
1103160840046985 257 0.298309892416 6.18650436401367 -0.00224606553093 4
1103200769823565 257 0.08468627929688 8.17023754119873 -0.00000011920929 10004
1103240699599315 257 0.84088134765625 3.73044776916504 -0.0047619342804 20004
1103280629375045 257 0.2142333984375 7.21849966049194 -0.00121688842773 30004
1103320559151084 257 -0.05825805664063 4.68670701980591 0.00038576126099 40004
1103360488926655 257 -0.14892578125 7.88212919235229 0.00000309944153 50004
1103400418700854 257 2.38116455078125 -0.55219602584839 -0.01460552215576 60004
1103440348478235 257 2.3201904296875 1.2222044467926 -0.01486015319824 70004
1103480278279745 257 0.614013671875 6.74624919891357 -0.00455379486084 80004
1103520208056194 257 0.6534423828125 -5.01923561096191 -0.0033917427063 90004
1103160840046985 258 0.15872459113598 5.86788368225098 -0.00019182736287 4
1103200769823565 258 0.08468627929688 8.17023754119873 -0.00000011920929 10004
1103240699599315 258 1.08428955078125 3.30304145812988 -0.00588643550873 20004
1103280629375045 258 0.2083740234375 6.82653188705444 -0.00121545791626 30004
1103320559151084 258 -0.01333618164063 5.11936235427856 0.00038480758667 40004
1103360488926655 258 -0.14892578125 8.00089550018311 0.00000691413879 50004
1103400418700854 258 2.46807861328125 -0.21506682038307 -0.01572847366333 60004
1103440348478235 258 2.3221435546875 0.73553162813187 -0.01485824584961 70004
1103480278279745 258 0.467529296875 6.44507122039795 -0.00254058837891 80004
1103520208056194 258 0.7989501953125 -4.73211097717285 -0.00451040267944 90004
1103160840046985 259 0.09230876713991 5.52636766433716 -0.00019182721735 4
1103200769823565 259 0.08468627929688 8.17023754119873 -0.00000011920929 10004
1103240699599315 259 1.38861083984375 2.91649436950684 -0.00813472270966 20004
1103280629375045 259 0.2200927734375 6.43468618392944 -0.00121402740479 30004
1103320559151084 259 -0.01528930664063 5.55432176589966 0.00038409233093 40004
1103360488926655 259 -0.10104370117188 8.27904796600342 0.00106120109558 50004
1103400418700854 259 2.40460205078125 0.12734277546406 -0.01572775840759 60004
1103440348478235 259 2.1180419921875 0.29316884279251 -0.01278018951416 70004
1103480278279745 259 0.401123046875 6.15670299530029 -0.00254106521606 80004
1103520208056194 259 0.8096923828125 -4.40977668762207 -0.00450801849365 90004
1103160840046985 260 0.13881139457226 5.18778705596924 -0.00019182672258 4
1103200769823565 260 0.08468627929688 8.17023754119873 -0.00000011920929 10004
1103240699599315 260 1.7938232421875 2.65352058410645 -0.01150679588318 20004
1103280629375045 260 0.1065673828125 6.06673002243042 -0.00121259689331 30004
1103320559151084 260 -0.15493774414063 5.95807886123657 0.0003833770752 40004
1103360488926655 260 0.02825927734375 8.51707744598389 -0.0000536441803 50004
1103400418700854 260 2.23712158203125 0.4255910217762 -0.01371002197266 60004
1103440348478235 260 1.9776611328125 -0.16324758529663 -0.01277875900269 70004
1103480278279745 260 0.437255859375 5.83912372589111 -0.00254487991333 80004
1103520208056194 260 0.9215087890625 -4.11384963989258 -0.00562715530396 90004
1103160840046985 261 0.29035642743111 4.8837742805481 -0.00131487078033 4
1103200769823565 261 0.11642456054688 8.09189128875732 -0.00000047683716 10004
1103240699599315 261 2.16522216796875 2.34935569763184 -0.01389896869659 20004
1103280629375045 261 0.0133056640625 5.69134473800659 0.00079381465912 30004
1103320559151085 261 0.044921875 7.65551710128784 0 40004
1103360488926655 261 0.12078857421875 8.69844341278076 -0.00005269050598 50004
1103400418700854 261 2.05987548828125 0.72386091947556 -0.01371335983276 60004
1103440348478235 261 1.9620361328125 -0.63297486305237 -0.01277637481689 70004
1103480278279745 261 0.573486328125 5.54191303253174 -0.00366878509521 80004
1103520208056194 261 0.9996337890625 -3.80911874771118 -0.00562429428101 90004
1103160840046985 262 0.51215440034866 4.61576557159424 -0.0024379119277 4
1103200769823565 262 0.15972900390625 7.89139461517334 -0.00000143051147 10004
1103240699599315 262 2.4326171875 1.94289946556091 -0.01502418518066 20004
1103280629375045 262 -0.0584716796875 5.3130030632019 0.00079309940338 30004
1103320559151085 262 0.122314453125 7.87126111984253 -0.00000190734863 40004
1103360488926655 262 0.14166259765625 8.80200099945068 -0.00005269050598 50004
1103400418700854 262 1.87847900390625 1.01393055915833 -0.01171183586121 60004
1103440348478235 262 1.9974365234375 -1.10959601402283 -0.01277256011963 70004
1103480278279745 262 0.74267578125 5.25975513458252 -0.00367164611816 80004
1103520208056194 262 1.0440673828125 -3.4955849647522 -0.00562143325806 90004
1103160840046985 263 0.74251502752304 4.35499620437622 -0.00468399981037 4
1103200769823565 263 0.14251708984375 7.55948543548584 -0.0000022649765 10004
1103240699599315 263 2.589599609375 1.47671484947205 -0.01615011692047 20004
1103280629375045 263 -0.25140380859375 4.97196912765503 0.00078999996185 30004
1103320559151085 263 0.162353515625 7.99595594406128 -0.00000381469727 40004
1103360488926655 263 0.14166259765625 8.80200099945068 -0.00005269050598 50004
1103400418700854 263 1.61004638671875 1.23517346382141 -0.00964283943176 60004
1103440348478235 263 1.8753662109375 -1.58102011680603 -0.01277112960815 70004
1103480278279745 263 0.81298828125 4.93243885040283 -0.00479745864868 80004
1103520208056194 263 1.1895751953125 -3.2084641456604 -0.0067253112793 90004
1103160840046985 264 0.94432801008224 4.07155513763428 -0.0058070407249 4
1103200769823565 264 0.11541748046875 7.22247982025146 -0.0000022649765 10004
1103240699599315 264 2.553466796875 0.9861752986908 -0.01615011692047 20004
1103280629375045 264 -0.28216552734375 4.5811915397644 0.00078654289246 30004
1103320559151085 264 0.162353515625 7.99595594406128 -0.0000114440918 40004
1103360488926655 264 0.14166259765625 8.80200099945068 -0.00005269050598 50004
1103400418700854 264 1.4600830078125 1.54933667182922 -0.00964617729187 60004
1103440348478235 264 1.5657958984375 -1.95717597007751 -0.01076173782349 70004
1103480278279745 264 1.01513671875 4.66533374786377 -0.0059232711792 80004
1103520208056194 264 1.39471435546875 -2.96072244644165 -0.00895214080811 90004
1103160840046985 265 1.14672994613647 3.78853797912598 -0.00693007558584 4
1103200769823565 265 0.19713592529297 6.9005560874939 -0.00112617015839 10004
1103240699599315 265 2.36433410644531 0.54162210226059 -0.01615071296692 20004
1103280629375045 265 -0.39682006835938 4.20957708358765 0.00279653072357 30004
1103320559151085 265 0.1671142578125 8.00199794769287 -0.00001430511475 40004
1103360488926655 265 0.14166259765625 8.80200099945068 -0.00005269050598 50004
1103400418700854 265 1.4202880859375 1.88904023170471 -0.00964951515198 60004
1103440348478235 265 1.3975830078125 -2.40478301048279 -0.00864267349243 70004
1103480278279745 265 1.118408203125 4.35307025909424 -0.00705003738403 80004
1103520208056194 265 1.50799560546875 -2.66491842269897 -0.00894355773926 90004
1103160840046985 266 1.37876284122467 3.5323178768158 -0.00805311463773 4
1103200769823565 266 0.35993194580078 6.60858392715454 -0.0022509098053 10004
1103240699599315 266 2.22625732421875 0.08172278106213 -0.01409256458282 20004
1103280629375045 266 -0.57064819335938 3.85991978645325 0.00279605388641 30004
1103320559151085 266 0.1702880859375 8.00602626800537 -0.00001525878906 40004
1103360488926655 266 0.14166259765625 8.80200099945068 -0.00005269050598 50004
1103400418700854 266 1.3436279296875 2.22023034095764 -0.00965285301208 60004
1103440348478235 266 1.22711181640625 -2.85768675804138 -0.0086407661438 70004
1103480278279745 266 1.254638671875 4.05585956573486 -0.00705003738403 80004
1103520208056194 266 1.6517333984375 -2.38513517379761 -0.01005983352661 90004
1103160840046985 267 1.60985231399536 3.28050446510315 -0.01029920298606 4
1103200769823565 267 0.53426361083984 6.32587766647339 -0.00337558984756 10004
1103240699599315 267 2.13916015625 -0.39349669218063 -0.01409411430359 20004
1103280629375045 267 -0.77130126953125 3.52346539497375 0.00486302375793 30004
1103320559151085 267 0.1702880859375 8.00602626800537 -0.00001525878906 40004
1103360488926655 267 0.14166259765625 8.80200099945068 -0.00005269050598 50004
1103400418700854 267 1.22467041015625 2.54261517524719 -0.00765419006348 60004
1103440348478235 267 1.05743408203125 -3.30508399009705 -0.00659942626953 70004
1103480278279745 267 1.42926025390625 3.77460408210754 -0.00818729400635 80004
1103520208056194 267 1.84161376953125 -2.12711668014526 -0.01117324829102 90004
1103160840046985 268 1.74979889392853 2.96195149421692 -0.01029917784035 4
1103200769823565 268 0.60933685302734 5.99620962142944 -0.00337558984756 10004
1103240699599315 268 1.89930725097656 -0.82272976636887 -0.01206231117249 20004
1103280629375045 268 -0.96023559570313 3.1799099445343 0.00689899921417 30004
1103320559151085 268 0.1702880859375 8.00602626800537 -0.00001525878906 40004
1103360488926655 268 0.14166259765625 8.80200099945068 -0.00005269050598 50004
1103400418700854 268 1.19732666015625 2.88966488838196 -0.007657289505 60004
1103440348478235 268 1.04083251953125 -3.79152274131775 -0.006591796875 70004
1103480278279745 268 1.51617431640625 3.45088887214661 -0.00932550430298 80004
1103520208056194 268 1.98321533203125 -1.83826887607574 -0.01228809356689 90004
1103160840046985 269 1.93081593513489 2.66480851173401 -0.01142221689224 4
1103200769823565 269 0.54415130615234 5.69405126571655 -0.00337564945221 10004
1103240699599315 269 1.86317443847656 -1.31326937675476 -0.01206398010254 20004
1103280629375045 269 -1.23074340820313 2.8963520526886 0.0068998336792 30004
1103320559151085 269 0.3011474609375 8.00074672698975 -0.00113916397095 40004
1103360488926655 269 0.18023681640625 8.68896389007568 -0.00005078315735 50004
1103400418700854 269 1.02545166015625 3.19208645820618 -0.00766062736511 60004
1103440348478235 269 0.82110595703125 -4.22590398788452 -0.00452184677124 70004
1103480278279745 269 1.73095703125 3.19345021247864 -0.01046371459961 80004
1103520208056194 269 2.10528564453125 -1.54054510593414 -0.01340579986572 90004
1103160840046985 270 2.19330835342407 2.44591426849365 -0.01366829778999 4
1103200769823565 270 0.58415985107422 5.3712592124939 -0.00337564945221 10004
1103240699599315 270 1.67416381835938 -1.7578090429306 -0.01003277301788 20004
1103280629375045 270 -1.52944946289063 2.64347863197327 0.00897836685181 30004
1103320559151085 270 0.439697265625 7.94482803344727 -0.00226497650146 40004
1103360488926655 270 0.19427490234375 8.44837093353271 -0.0011727809906 50004
1103400418700854 270 0.9046630859375 3.517009973526 -0.00559020042419 60004
1103440348478235 270 0.69439697265625 -4.6924352645874 -0.00452041625977 70004
1103480278279745 270 1.84814453125 2.88630414009094 -0.01160144805908 80004
1103520208056194 270 2.24786376953125 -1.25235426425934 -0.01339673995972 90004
1103160840046985 271 2.42864155769348 2.2009379863739 -0.01479132659733 4
1103200769823565 271 0.58605194091797 5.04117965698242 -0.00337570905685 10004
1103240699599315 271 1.53610229492188 -2.21772146224976 -0.01003468036652 20004
1103280629375045 271 -1.78189086914063 2.35268425941467 0.01103949546814 30004
1103320559151085 271 0.534912109375 7.87644958496094 -0.00338840484619 40004
1103360488926655 271 0.13104248046875 8.15710353851318 -0.00117111206055 50004
1103400418700854 271 0.7689208984375 3.83579850196838 -0.00558733940125 60004
1103440348478235 271 0.66461181640625 -5.17371273040771 -0.00451564788818 70004
1103480278279745 271 1.990234375 2.59005856513977 -0.01273965835571 80004
1103520208056194 271 2.33038330078125 -0.94877952337265 -0.01451396942139 90004
1103160840046985 272 2.62655878067017 1.93670344352722 -0.01591435261071 4
1103200769823565 272 0.55135345458984 4.71090507507324 -0.00337570905685 10004
1103240699599315 272 1.44900512695313 -2.69291043281555 -0.01003634929657 20004
1103280629375045 272 -1.95352172851563 2.00348305702209 0.01305150985718 30004
1103320559151085 272 0.58349609375 7.77682685852051 -0.00338983535767 40004
1103360488926655 272 0.02642822265625 7.85088062286377 -0.00116920471191 50004
1103400418700854 272 0.6370849609375 4.15152978897095 -0.00353503227234 60004
1103440348478235 272 0.64874267578125 -5.65151309967041 -0.00450992584229 70004
1103480278279745 272 2.213134765625 2.34865212440491 -0.01387786865234 80004
1103520208056194 272 2.31158447265625 -0.63245242834091 -0.0145092010498 90004
1103160840046985 273 2.87519407272339 1.77119553089142 -0.01816040091217 4
1103200769823565 273 0.62642669677734 4.3812427520752 -0.00337570905685 10004
1103240699599315 273 1.20895385742188 -3.12216782569885 -0.00800371170044 20004
1103280629375045 273 -2.04971313476563 1.62350678443909 0.01305019855499 30004
1103320559151085 273 0.6298828125 7.5702075958252 -0.00339126586914 40004
1103360488926655 273 0.00466918945313 7.52425861358643 0.00083613395691 50004
1103400418700854 273 0.6136474609375 4.49899530410767 -0.00353240966797 60004
1103440348478235 273 0.47686767578125 -6.10679721832275 -0.00247430801392 70004
1103480278279745 273 2.5052490234375 2.18935418128967 -0.01612710952759 80004
1103520208056194 273 2.18951416015625 -0.33355495333672 -0.01450490951538 90004
1103160840046985 274 3.05621695518494 1.47405159473419 -0.01928345113993 4
1103200769823565 274 0.77611541748047 4.07817554473877 -0.0044983625412 10004
1103240699599315 274 1.03538513183594 -3.54236936569214 -0.00593531131744 20004
1103280629375045 274 -2.29757690429688 1.31987404823303 0.01514112949371 30004
1103320559151085 274 0.57421875 7.31429481506348 -0.00339198112488 40004
1103360488926655 274 0.00515747070313 7.25422382354736 0.00084066390991 50004
1103400418700854 274 0.4456787109375 4.80414819717407 -0.00352954864502 60004
1103440348478235 274 0.51300048828125 -6.59210300445557 -0.00247430801392 70004
1103480278279745 274 2.8333740234375 2.13348793983459 -0.01725196838379 80004
1103520208056194 274 1.97857666015625 -0.08888406306505 -0.01247787475586 90004
1103160840046985 275 3.13033175468445 1.14042472839355 -0.01928344368935 4
1103200769823565 275 1.01146697998047 3.84392642974854 -0.00562250614166 10004
1103240699599315 275 1.00846862792969 -4.01597166061401 -0.00593531131744 20004
1103280629375045 275 -2.43124389648438 0.95898365974426 0.01513981819153 30004
1103320559151085 275 0.4654541015625 7.07832336425781 -0.00339245796204 40004
1103360488926655 275 -0.09835815429688 6.96391582489014 0.00084495544434 50004
1103400418700854 275 0.3861083984375 5.14103555679321 -0.00352668762207 60004
1103440348478236 275 0.06005859375 -7.71935081481934 0.00000190734863 70004
1103480278279745 275 3.06964111328125 2.03283524513245 -0.01951313018799 80004
1103520208056194 275 1.85919189453125 0.20498690009117 -0.0124716758728 90004
1103160840046985 276 3.14725756645203 0.79358756542206 -0.01928343623877 4
1103200769823565 276 1.21822357177734 3.58674144744873 -0.00674575567245 10004
1103240699599315 276 0.92558288574219 -4.48898267745972 -0.00593543052673 20004
1103280629375045 276 -2.44198608398438 0.57643723487854 0.01513814926147 30004
1103320559151085 276 0.3909912109375 6.83316802978516 -0.00339245796204 40004
1103360488926655 276 -0.17428588867188 6.65185070037842 0.00084972381592 50004
1103400418700854 276 0.3719482421875 5.48886728286743 -0.00152611732483 60004
1103440348478236 276 0.24951171875 -7.33419990539551 -0.00111722946167 70004
1103480278279745 276 3.26983642578125 1.83903336524963 -0.0206503868103 80004
1103520208056194 276 1.77081298828125 0.51540887355804 -0.0124659538269 90004
1103160840046985 277 3.10598063468933 0.45433685183525 -0.01928342320025 4
1103200769823565 277 1.39662933349609 3.3066132068634 -0.00899314880371 10004
1103240699599315 277 0.75212097167969 -4.94845581054688 -0.00593519210815 20004
1103280629375045 277 -2.32882690429688 0.20807620882988 0.01513588428497 30004
1103320559151085 277 0.341552734375 6.58064460754395 -0.00136208534241 40004
1103360488926655 277 -0.22225952148438 6.33385562896729 0.0008544921875 50004
1103400418700854 277 0.3328857421875 5.82959985733032 -0.0015275478363 60004
1103440348478236 277 0.49951171875 -6.9157772064209 -0.00223636627197 70004
1103480278279745 277 3.43170166015625 1.55277848243713 -0.02178812026978 80004
1103520208056194 277 1.65216064453125 0.80950534343719 -0.01045799255371 90004
1103160840046985 278 2.95477509498596 0.14102476835251 -0.0192834213376 4
1103200769823565 278 1.66049957275391 3.09528660774231 -0.01011604070663 10004
1103240699599315 278 0.62127685546875 -5.42266845703125 -0.00390148162842 20004
1103280629375045 278 -2.09884643554688 -0.11001700907946 0.01400983333588 30004
1103320559151085 278 0.211181640625 6.3535099029541 -0.00136280059814 40004
1103360488926655 278 -0.37313842773438 6.04306888580322 0.00286245346069 50004
1103400418700855 278 0 7.53247022628784 0 60004
1103440348478236 278 0.60302734375 -6.43039512634277 -0.00335741043091 70004
1103480278279745 278 3.49322509765625 1.22382569313049 -0.02180242538452 80004
1103520208056194 278 1.44122314453125 1.05417048931122 -0.00842380523682 90004
1103160840046985 279 2.68537425994873 -0.07900020480156 -0.01721969805658 4
1103200769823565 279 1.81032562255859 2.79222464561462 -0.0112401843071 10004
1103240699599315 279 0.66448974609375 -5.91259765625 -0.00390207767487 20004
1103280629375045 279 -1.86651611328125 -0.42615565657616 0.01288366317749 30004
1103320559151085 279 0.188720703125 6.0925235748291 -0.00136351585388 40004
1103360488926655 279 -0.38681030273438 5.71600437164307 0.0028669834137 50004
1103400418700855 279 0.013671875 7.68563032150269 -0.00000071525574 60004
1103440348478236 279 0.49169921875 -5.94669151306152 -0.00335741043091 70004
1103480278279745 279 3.41021728515625 0.8995840549469 -0.02180957794189 80004
1103520208056194 279 1.35333251953125 1.36474406719208 -0.00841283798218 90004
1103160840046985 280 2.41554689407349 -0.298494130373 -0.0151577135548 4
1103200769823565 280 2.04570770263672 2.55797648429871 -0.01236391067505 10004
1103240699599315 280 0.76190185546875 -6.39360046386719 -0.00390303134918 20004
1103280629375045 280 -1.70526123046875 -0.78040856122971 0.01175725460052 30004
1103320559151085 280 0.0853271484375 5.85692596435547 -0.00136375427246 40004
1103360488926655 280 -0.50338745117188 5.41614818572998 0.00287175178528 50004
1103400418700855 280 0.01708984375 7.7239203453064 -0.00000405311584 60004
1103440348478236 280 0.54150390625 -5.46172904968262 -0.00335454940796 70004
1103480278279745 280 3.23052978515625 0.62444400787354 -0.02181577682495 80004
1103520208056194 280 1.22808837890625 1.66142165660858 -0.00840330123901 90004
1103160840046985 281 2.20454716682434 -0.56459504365921 -0.0151576930657 4
1103200769823565 281 2.29989624023438 2.33553957939148 -0.01461082696915 10004
1103240699599316 281 0.0399169921875 -7.89020156860352 -0.00000047683716 20004
1103280629375045 281 -1.49658203125 -1.1010354757309 0.01063346862793 30004
1103320559151085 281 0.0089111328125 5.61286544799805 0.00065207481384 40004
1103360488926655 281 -0.58566284179688 5.10722255706787 0.00287675857544 50004
1103400418700855 281 0.01708984375 7.7239203453064 -0.00000786781311 60004
1103440348478236 281 0.58251953125 -4.97111320495605 -0.00335311889648 70004
1103480278279745 281 3.08306884765625 0.33293673396111 -0.01978445053101 80004
1103520208056194 281 1.15826416015625 1.96872222423553 -0.00839281082153 90004
1103160840046985 282 2.02304172515869 -0.85411870479584 -0.01313289720565 4
1103200769823565 282 2.53008270263672 2.08999371528625 -0.0157345533371 10004
1103240699599316 282 0.09466552734375 -7.66730690002441 -0.00000131130219 20004
1103280629375045 282 -1.25204467773438 -1.39849698543549 0.00838875770569 30004
1103320559151085 282 -0.04052734375 5.36034202575684 0.00064730644226 40004
1103360488926655 282 -0.63357543945313 4.78922748565674 0.00490260124207 50004
1103400418700855 282 0.01708984375 7.7239203453064 -0.00001168251038 60004
1103440348478236 282 0.61376953125 -4.48458099365234 -0.00335168838501 70004
1103480278279745 282 2.96783447265625 0.02506205439568 -0.01979112625122 80004
1103520208056194 282 1.12841796875 2.28626608848572 -0.00637006759644 90004
1103160840046985 283 1.75306808948517 -1.07343912124634 -0.01110834721476 4
1103200769823565 283 2.71737670898438 1.80849313735962 -0.01685881614685 10004
1103240699599316 283 0.07415771484375 -7.43451881408691 -0.00000178813934 20004
1103280629375045 283 -1.11434936523438 -1.76545560359955 0.00726640224457 30004
1103320559151085 283 -0.1708984375 5.13320732116699 0.00064325332642 40004
1103360488926655 283 -0.78347778320313 4.49844074249268 0.00490379333496 50004
1103400418700855 283 0.01708984375 7.7239203453064 -0.00001549720764 60004
1103440348478236 283 0.80322265625 -4.0260009765625 -0.00447177886963 70004
1103480278279745 283 2.75592041015625 -0.2337112724781 -0.01774978637695 80004
1103520208056194 283 1.01513671875 2.58877539634705 -0.00635957717896 90004
1103160840046985 284 1.60105586051941 -1.38633275032043 -0.01110833510756 4
1103200769823565 284 2.94908905029297 1.56220483779907 -0.0179830789566 10004
1103240699599316 284 0.15399169921875 -7.21492195129395 -0.00000274181366 20004
1103280629375045 284 -1.14462280273438 -2.15631318092346 0.00726687908173 30004
1103320559151085 284 -0.26220703125 5.00012016296387 0.00063920021057 40004
1103360488926655 284 -0.867431640625 4.18199634552002 0.00490522384644 50004
1103400418700855 284 0.18505859375 7.82101202011108 -0.001140832901 60004
1103440348478236 284 1.1375732421875 -3.66015625 -0.00671100616455 70004
1103480278279745 284 2.5506591796875 -0.49824669957161 -0.01573371887207 80004
1103520208056194 284 1.03955078125 2.9102475643158 -0.00633859634399 90004
1103160840046985 285 1.50841414928436 -1.7196968793869 -0.00909445527941 4
1103200769823565 285 3.09151458740234 1.26153373718262 -0.01910758018494 10004
1103240699599316 285 0.2303466796875 -6.99410057067871 -0.00112688541412 20004
1103280629375045 285 -1.04891967773438 -2.52924656867981 0.00726807117462 30004
1103320559151085 285 -0.31771850585938 4.7730541229248 0.00266671180725 40004
1103360488926655 285 -1.0279541015625 3.90089130401611 0.00696396827698 50004
1103400418700855 285 0.227783203125 7.84587430953979 -0.0011420249939 60004
1103440348478236 285 1.23834228515625 -3.26645946502686 -0.00703239440918 70004
1103480278279745 285 2.4427490234375 -0.80918818712234 -0.01573467254639 80004
1103520208056194 285 0.960693359375 3.21749758720398 -0.00632619857788 90004
1103160840046985 286 1.38143563270569 -2.01110196113586 -0.00909444689751 4
1103200769823565 286 3.13155364990234 0.9338903427124 -0.02023160457611 10004
1103240699599316 286 0.2552490234375 -6.76733207702637 -0.00112736225128 20004
1103280629375045 286 -0.99520874023438 -2.90815472602844 0.00726819038391 30004
1103320559151085 286 -0.41348266601563 4.53582572937012 0.00266432762146 40004
1103360488926655 286 -1.2620849609375 3.68349933624268 0.00696516036987 50004
1103400418700855 286 0.228271484375 7.84626722335815 -0.00114274024963 60004
1103440348478236 286 1.3734130859375 -2.85733509063721 -0.00814867019653 70004
1103480278279745 286 2.3021240234375 -1.10466122627258 -0.01573610305786 80004
1103520208056194 286 0.885498046875 3.52901530265808 -0.00631618499756 90004
1103160840046985 287 1.22796297073364 -2.27819895744324 -0.00707953376696 4
1103200769823565 287 3.07649993896484 0.60273456573486 -0.02023190259933 10004
1103240699599316 287 0.2550048828125 -6.53779411315918 -0.00112807750702 20004
1103280629375045 287 -0.98348999023438 -3.29303765296936 0.00726854801178 30004
1103320559151085 287 -0.53762817382813 4.30962562561035 0.00266003608704 40004
1103360488926655 287 -1.520263671875 3.49207401275635 0.00907111167908 50004
1103400418700855 287 0.228271484375 7.84626722335815 -0.00114274024963 60004
1103440348478236 287 1.5955810546875 -2.42320919036865 -0.00926971435547 70004
1103480278279745 287 2.0892333984375 -1.36249184608459 -0.01372385025024 80004
1103520208056194 287 0.8154296875 3.83821654319763 -0.00630569458008 90004
1103160840046985 288 1.15719079971313 -2.61883783340454 -0.00707952072844 4
1103200769823565 288 2.95407867431641 0.28763449192047 -0.01823025941849 10004
1103240699599316 288 0.3302001953125 -6.31656455993652 -0.00112903118134 20004
1103280629375045 288 -0.84579467773438 -3.65999627113342 0.00614666938782 30004
1103320559151085 288 -0.59024047851563 4.05301856994629 0.00465893745422 40004
1103360488926655 288 -1.70663452148438 3.22274875640869 0.01111054420471 50004
1103400418700855 288 0.228271484375 7.84626722335815 -0.00114274024963 60004
1103440348478236 288 1.66827392578125 -1.93250906467438 -0.01039171218872 70004
1103480278279745 288 1.8538818359375 -1.60020661354065 -0.01166391372681 80004
1103520208056194 288 0.646484375 4.11344480514526 -0.00423860549927 90004
1103160840046985 289 0.94912946224213 -2.8975989818573 -0.00707950815558 4
1103200769823565 289 2.70991516113281 0.05380672588944 -0.01823055744171 10004
1103240699599316 289 0.3055419921875 -6.08420372009277 -0.00112974643707 20004
1103280629375045 289 -0.87606811523438 -4.05085325241089 0.00614714622498 30004
1103320559151085 289 -0.74612426757813 3.84265804290771 0.00465393066406 40004
1103360488926655 289 -1.76864624023438 2.90123462677002 0.01111435890198 50004
1103400418700855 289 0.228271484375 7.84626722335815 -0.00114274024963 60004
1103440348478236 289 1.93115234375 -1.51292669773102 -0.01151275634766 70004
1103480278279745 289 1.7044677734375 -1.89977860450745 -0.01167058944702 80004
1103520208056194 289 0.609375 4.43397092819214 -0.00423574447632 90004
1103160840046985 290 0.83355259895325 -3.22036194801331 -0.00500262249261 4
1103200769823565 290 2.55699157714844 -0.24099078774452 -0.01621532440186 10004
1103240699599316 290 0.35194396972656 -5.85894966125488 -0.00225377082825 20004
1103280629375045 290 -0.78036499023438 -4.42378568649292 0.00614774227142 30004
1103320559151085 290 -0.82949829101563 3.59867095947266 0.00464940071106 40004
1103360488926655 290 -1.92807006835938 2.62180328369141 0.01312947273254 50004
1103400418700855 290 0.228271484375 7.84626722335815 -0.00114274024963 60004
1103440348478236 290 2.253173828125 -1.13921940326691 -0.013756275177 70004
1103480278279745 290 1.625732421875 -2.22217607498169 -0.00966310501099 80004
1103520208056194 290 0.47344970703125 4.72052526473999 -0.00217485427856 90004
1103160840046985 291 0.79500877857208 -3.56298923492432 -0.00500262435526 4
1103200769823565 291 2.37367248535156 -0.51544564962387 -0.01621568202972 10004
1103240699599316 291 0.37208557128906 -5.63167381286621 -0.00225651264191 20004
1103280629375045 291 -0.6497802734375 -4.793616771698 0.0050196647644 30004
1103320559151085 291 -0.93960571289063 3.36789894104004 0.00666952133179 40004
1103360488926655 291 -2.10971069335938 2.34947204589844 0.01313352584839 50004
1103400418700855 291 0.228271484375 7.84626722335815 -0.00114274024963 60004
1103440348478236 291 2.503173828125 -0.72504532337189 -0.01599788665771 70004
1103480278279745 291 1.50335693359375 -2.52491617202759 -0.00967073440552 80004
1103520208056194 291 0.37139892578125 5.01840353012085 -0.00217914581299 90004
1103160840046985 292 0.79011452198029 -3.91018867492676 -0.00500262575224 4
1103200769823565 292 2.1190185546875 -0.73567813634872 -0.01414924860001 10004
1103240699599316 292 0.32345581054688 -5.40557670593262 -0.00225841999054 20004
1103280629375045 292 -0.57009887695313 -5.17042875289917 0.00389385223389 30004
1103320559151085 292 -1.07522583007813 3.149338722229 0.00666928291321 40004
1103360488926655 292 -2.26904296875 2.06435680389404 0.01515126228333 50004
1103400418700855 292 0.228271484375 7.84626722335815 -0.00114274024963 60004
1103440348478236 292 2.608154296875 -0.24924829602242 -0.01598167419434 70004
1103480278279745 292 1.34661865234375 -2.81402349472046 -0.00967836380005 80004
1103520208056194 292 0.32159423828125 5.33614873886108 -0.0021824836731 90004
1103160840046985 293 0.74751418828964 -4.25547981262207 -0.00500262808055 4
1103200769823565 293 1.8326416015625 -0.91513043642044 -0.01224333047867 10004
1103240699599316 293 0.21969604492188 -5.19627380371094 -0.0022599697113 20004
1103280629375045 293 -0.61746215820313 -5.55956602096558 0.00389325618744 30004
1103320559151085 293 -1.13430786132813 2.89414310455322 0.00666832923889 40004
1103360488926655 293 -2.3935546875 1.7616720199585 0.01515507698059 50004
1103400418700855 293 0.228271484375 7.84626722335815 -0.00114274024963 60004
1103440348478236 293 2.553466796875 0.24414272606373 -0.01597261428833 70004
1103480278279745 293 1.29095458984375 -3.14402914047241 -0.00766324996948 80004
1103520208056194 293 0.23077392578125 5.6455512046814 -0.00218534469604 90004
1103160840046985 294 0.81345343589783 -4.59711265563965 -0.00500263180584 4
1103200769823565 294 1.49712371826172 -0.95670109987259 -0.01031988859177 10004
1103240699599316 294 0.07939147949219 -5.00941276550293 -0.00024652481079 20004
1103280629375045 294 -0.67459106445313 -5.94742155075073 0.00389289855957 30004
1103320559151085 294 -1.21585083007813 2.64526081085205 0.00867462158203 40004
1103360488926655 294 -2.38037109375 1.4704122543335 0.01515889167786 50004
1103400418700855 294 0.228271484375 7.84626722335815 -0.00114274024963 60004
1103440348478236 294 2.294677734375 0.66853898763657 -0.01394033432007 70004
1103480278279745 294 1.15130615234375 -3.35419607162476 -0.00737380981445 80004
1103520208056194 294 0.06573486328125 5.9224066734314 -0.00014734268188 90004
1103160840046985 295 0.76648020744324 -4.93561029434204 -0.0050026345998 4
1103200769823565 295 1.19845581054688 -1.10167956352234 -0.00842994451523 10004
1103240699599316 295 0.00822448730469 -4.79119491577148 -0.00024652481079 20004
1103280629375045 295 -0.84231567382813 -6.29525709152222 0.00595557689667 30004
1103320559151085 295 -1.35671997070313 2.45468902587891 0.00867295265198 40004
1103360488926655 295 -2.26318359375 1.18006944656372 0.01516556739807 50004
1103400418700855 295 0.223876953125 7.78992795944214 -0.00114345550537 60004
1103440348478236 295 1.920166015625 0.98154515028 -0.01192283630371 70004
1103480278279745 295 1.04022216796875 -3.64593648910522 -0.00737428665161 80004
1103520208056195 295 0.085693359375 7.80788946151733 -0.0000057220459 90004
1103160840046985 296 0.7057049870491 -5.27730321884155 -0.0050026345998 4
1103200769823565 296 0.96131896972656 -1.33198440074921 -0.00654476881027 10004
1103240699599316 296 -0.02827453613281 -4.56072616577148 -0.00024652481079 20004
1103280629375046 296 -0.056396484375 -7.85538101196289 -0.00000023841858 30004
1103320559151085 296 -1.47976684570313 2.24531173706055 0.00867199897766 40004
1103360488926655 296 -2.07400512695313 0.91667544841766 0.01404809951782 50004
1103400418700855 296 0.211181640625 7.70923566818237 -0.00114440917969 60004
1103440348478236 296 1.52581787109375 1.28226435184479 -0.00979137420654 70004
1103480278279745 296 0.94354248046875 -3.96635580062866 -0.00535726547241 80004
1103520208056195 296 0.207763671875 8.0626163482666 -0.001136302948 90004
1103160840046985 297 0.63723570108414 -5.61357164382935 -0.00500263646245 4
1103200769823565 297 0.80769348144531 -1.62637579441071 -0.00449311733246 10004
1103240699599316 297 -0.04786682128906 -4.32807350158691 -0.00024652481079 20004
1103280629375046 297 -0.1339111328125 -7.53717041015625 0.0010073184967 30004
1103320559151085 297 -1.57321166992188 2.00093650817871 0.01068091392517 40004
1103360488926655 297 -1.8670654296875 0.6666647195816 0.01293206214905 50004
1103400418700855 297 0.1748046875 7.57726812362671 -0.00114727020264 60004
1103440348478236 297 1.16864013671875 1.62531340122223 -0.0076699256897 70004
1103480278279745 297 0.84564208984375 -4.28622198104858 -0.00535821914673 80004
1103520208056195 297 0.30517578125 8.16928672790527 -0.00114393234253 90004
1103160840046985 298 0.47417363524437 -5.92086982727051 -0.00296434224583 4
1103200769823565 298 0.75630187988281 -1.96055734157562 -0.0044931769371 10004
1103240699599316 298 -0.05152893066406 -4.09443092346191 -0.00024652481079 20004
1103280629375046 298 -0.1065673828125 -7.13204193115234 0.00099980831146 30004
1103320559151085 298 -1.68991088867188 1.76629257202148 0.01068329811096 40004
1103360488926655 298 -1.71566772460938 0.37687361240387 0.01181626319885 50004
1103400418700855 298 0.087890625 7.30819463729858 -0.00114798545837 60004
1103440348478236 298 0.86846923828125 2.02082490921021 -0.00561571121216 70004
1103480278279745 298 0.72943115234375 -4.59996557235718 -0.00535869598389 80004
1103520208056195 298 0.30517578125 8.16928672790527 -0.00115156173706 90004
1103160840046985 299 0.45624604821205 -6.26832008361816 -0.002964342013 4
1103200769823565 299 0.85079193115234 -2.28510999679565 -0.00449335575104 10004
1103240699599316 299 -0.15338134765625 -3.88424777984619 0.00176620483398 20004
1103280629375046 299 0.07122802734375 -6.80754852294922 -0.00012516975403 30004
1103320559151085 299 -1.89486694335938 1.60282897949219 0.0127329826355 40004
1103360488926655 299 -1.60873413085938 0.08728370815516 0.01070046424866 50004
1103400418700855 299 -0.0390625 7.02581548690796 0.00088715553284 60004
1103440348478236 299 0.76397705078125 2.50600099563599 -0.00561380386353 70004
1103480278279745 299 0.71185302734375 -4.9342246055603 -0.0053596496582 80004
1103520208056195 299 0.36669921875 8.16681480407715 -0.00228309631348 90004
1103160840046986 300 -0.02768747322261 -7.71018552780151 -0.00000000005821 4
1103200769823565 300 0.83602142333984 -2.61687040328979 -0.00561708211899 10004
1103240699599316 300 -0.1951904296875 -3.65717601776123 0.00176441669464 20004
1103280629375046 300 0.13543701171875 -6.42257881164551 -0.00012731552124 30004
1103320559151085 300 -2.03317260742188 1.38598012924194 0.01272749900818 40004
1103360488926655 300 -1.57138061523438 -0.21096575260162 0.01070523262024 50004
1103400418700855 300 -0.067138671875 6.66360807418823 0.00088572502136 60004
1103440348478236 300 0.82061767578125 2.99023866653442 -0.00561094284058 70004
1103480278279745 300 0.58953857421875 -5.23954725265503 -0.00329780578613 80004
1103520208056195 300 0.382080078125 8.16619682312012 -0.00228500366211 90004
1103160840046986 301 0.01878673769534 -7.33404922485352 -0.00000000010914 4
1103200769823565 301 0.71641540527344 -2.92451333999634 -0.0056174993515 10004
1103240699599316 301 -0.2135009765625 -3.42423534393311 0.00176203250885 20004
1103280629375046 301 0.07489013671875 -6.03088188171387 -0.0001277923584 30004
1103320559151085 301 -2.10397338867188 1.13830041885376 0.01272296905518 40004
1103360488926655 301 -1.48861694335938 -0.50634062290192 0.0107102394104 50004
1103400418700855 301 -0.144287109375 6.29187726974487 0.00088477134705 60004
1103440348478236 301 0.82354736328125 3.47478914260864 -0.00560855865479 70004
1103480278279745 301 0.50213623046875 -5.55451536178589 -0.00329923629761 80004
1103520208056195 301 0.392333984375 8.15278434753418 -0.00228881835938 90004
1103160840046986 302 0.10695155709982 -6.96306037902832 0.00000000029104 4
1103200769823565 302 0.56285858154297 -3.21893119812012 -0.00359618663788 10004
1103240699599316 302 -0.2452392578125 -3.1946496963501 0.00175964832306 20004
1103280629375046 302 -0.02911376953125 -5.64590072631836 -0.00012814998627 30004
1103320559151085 302 -2.10116577148438 0.88102889060974 0.01374936103821 40004
1103360488926655 302 -1.363037109375 -0.80459463596344 0.00958847999573 50004
1103400418700855 302 -0.2867431640625 5.93165731430054 0.00087809562683 60004
1103440348478236 302 0.67095947265625 3.93807935714722 -0.00349855422974 70004
1103480278279745 302 0.50628662109375 -5.88705587387085 -0.00330018997192 80004
1103520208056195 302 0.420166015625 8.07749366760254 -0.00229740142822 90004
1103160840046986 303 0.07003431767225 -6.57663774490356 0.00000000046566 4
1103200769823565 303 0.51158905029297 -3.5530948638916 -0.00359678268433 10004
1103240699599316 303 -0.3275146484375 -2.97594380378723 0.00175750255585 20004
1103280629375046 303 -0.00274658203125 -5.24077224731445 -0.000128865242 30004
1103320559151085 303 -2.012939453125 0.63409018516541 0.01373887062073 40004
1103360488926655 303 -1.317626953125 -1.12876951694489 0.00958847999573 50004
1103400418700855 303 -0.38226318359375 5.55471181869507 0.00290274620056 60004
1103440348478236 303 0.37408447265625 4.33570861816406 -0.0034966468811 70004
1103480278279745 303 0.57562255859375 -6.21444082260132 -0.00330209732056 80004
1103520208056195 303 0.469970703125 7.8568058013916 -0.00230121612549 90004
1103160840046986 304 0.19989076256752 -6.21080350875854 -0.00112304533832 4
1103200769823565 304 0.60640716552734 -3.8776798248291 -0.0035982131958 10004
1103240699599316 304 -0.49212646484375 -2.81025242805481 0.00378048419952 20004
1103280629375046 304 -0.08038330078125 -4.8422737121582 -0.00012934207916 30004
1103320559151085 304 -1.88705444335938 0.40415835380554 0.01260566711426 40004
1103360488926655 304 -1.139404296875 -1.40337812900543 0.00734353065491 50004
1103400418700855 304 -0.30999755859375 5.17272329330444 0.00290274620056 60004
1103440348478236 304 0.27252197265625 4.82161712646484 -0.00146532058716 70004
1103480278279745 304 0.50042724609375 -6.54057455062866 -0.00330352783203 80004
1103520208056195 304 0.387939453125 7.48100471496582 -0.00230503082275 90004
1103160840046986 305 0.27542835474014 -5.83139991760254 -0.00112304324284 4
1103200769823565 305 0.60295867919922 -4.21092224121094 -0.00359928607941 10004
1103240699599316 305 -0.5926513671875 -2.60392498970032 0.00377976894379 20004
1103280629375046 305 -0.2786865234375 -4.49636077880859 0.00187242031097 30004
1103320559151085 305 -1.78353881835938 0.16431674361229 0.01260018348694 40004
1103360488926655 305 -0.942138671875 -1.66430246829987 0.00622200965881 50004
1103400418700855 305 -0.36370849609375 4.79451704025269 0.00290155410767 60004
1103440348478236 305 0.02447509765625 5.2413158416748 0.00054597854614 70004
1103480278279746 305 0.0849609375 -7.81850814819336 -0.00000381469727 80004
1103520208056195 305 0.33447265625 7.10044288635254 -0.00230836868286 90004
1103160840046986 306 0.37761974334717 -5.45978498458862 -0.00224608764984 4
1103200769823565 306 0.53015899658203 -4.53892517089844 -0.00360006093979 10004
1103240699599316 306 -0.703369140625 -2.40143609046936 0.00377941131592 20004
1103280629375046 306 -0.4368896484375 -4.13291931152344 0.00187206268311 30004
1103320559151085 306 -1.65438842773438 -0.05980259552598 0.0114803314209 40004
1103360488926655 306 -0.8212890625 -1.87207472324371 0.00622391700745 50004
1103400418700855 306 -0.53460693359375 4.45540952682495 0.00290083885193 60004
1103440348478236 306 -0.17474365234375 5.68308448791504 0.00054740905762 70004
1103480278279746 306 0.1416015625 -7.47155380249023 -0.00000953674316 80004
1103520208056195 306 0.2119140625 6.74541282653809 -0.00231218338013 90004
1103160840046986 307 0.4831685423851 -5.09336376190186 -0.00224608229473 4
1103200769823565 307 0.45713043212891 -4.86287879943848 -0.00360083580017 10004
1103240699599316 307 -0.85292053222656 -2.22259783744812 0.00581657886505 20004
1103280629375046 307 -0.48974609375 -3.73268985748291 0.00388062000275 30004
1103320559151085 307 -1.49630737304688 -0.26786124706268 0.01036047935486 40004
1103360488926655 307 -0.8018798828125 -2.07277607917786 0.0062243938446 50004
1103400418700855 307 -0.76092529296875 4.14167737960815 0.0049786567688 60004
1103440348478237 307 0.0361328125 7.61004209518433 0 70004
1103480278279746 307 0.189453125 -7.03022003173828 -0.00113916397095 80004
1103520208056195 307 0.010498046875 6.41766548156738 -0.00026321411133 90004
1103160840046986 308 0.46450200676918 -4.70562267303467 -0.00224607740529 4
1103200769823565 308 0.49314117431641 -5.19906044006348 -0.00360190868378 10004
1103240699599316 308 -1.02354431152344 -2.06296801567078 0.00581681728363 20004
1103280629375046 308 -0.46847534179688 -3.32726764678955 0.00387895107269 30004
1103320559151085 308 -1.3497314453125 -0.48481404781342 0.00923681259155 40004
1103360488926655 308 -0.8385009765625 -2.39803624153137 0.00622487068176 50004
1103400418700855 308 -0.92791748046875 3.79055500030518 0.0049774646759 60004
1103440348478237 308 0.1806640625 7.92032957077026 -0.00112295150757 70004
1103480278279746 308 0.380859375 -6.62064361572266 -0.00226402282715 80004
1103520208056195 308 -0.19195556640625 6.09041023254395 0.00177097320557 90004
1103160840046986 309 0.6114559173584 -4.34630966186523 -0.00336911925115 4
1103200769823565 309 0.38578033447266 -5.51960515975952 -0.00158488750458 10004
1103240699599316 309 -1.11068725585938 -1.84618926048279 0.00784993171692 20004
1103280629375046 309 -0.40728759765625 -2.92581653594971 0.0027539730072 30004
1103320559151085 309 -1.3082275390625 -0.74346482753754 0.0092339515686 40004
1103360488926655 309 -0.7344970703125 -2.70839238166809 0.00510287284851 50004
1103400418700855 309 -0.93768310546875 3.40182971954346 0.00697779655457 60004
1103440348478237 309 0.3115234375 8.03036117553711 -0.00112009048462 70004
1103480278279746 309 0.380859375 -6.16872406005859 -0.00226402282715 80004
1103520208056195 309 -0.27496337890625 5.71466255187988 0.00177431106567 90004
1103160840046986 310 0.72669607400894 -3.97611856460571 -0.00449216039851 4
1103200769823565 310 0.29756164550781 -5.84579801559448 -0.00158512592316 10004
1103240699599316 310 -1.26045227050781 -1.67222380638123 0.00784873962402 20004
1103280629375046 310 -0.22369384765625 -2.57171821594238 0.00162971019745 30004
1103320559151085 310 -1.224609375 -0.99035394191742 0.0081090927124 40004
1103360488926655 310 -0.72607421875 -3.03085923194885 0.00510382652283 50004
1103400418700855 310 -1.03973388671875 3.03060245513916 0.00697612762451 60004
1103440348478237 310 0.34423828125 8.05786895751953 -0.00110673904419 70004
1103480278279746 310 0.5185546875 -5.74611854553223 -0.00226402282715 80004
1103520208056195 310 -0.47149658203125 5.3913745880127 0.00379037857056 90004
1103160840046986 311 0.89109915494919 -3.63072490692139 -0.0056151971221 4
1103200769823565 311 0.21843719482422 -6.17446851730347 -0.00158590078354 10004
1103240699599316 311 -1.39604187011719 -1.48702001571655 0.00985276699066 20004
1103280629375046 311 -0.08123779296875 -2.20183372497559 0.00162887573242 30004
1103320559151085 311 -1.182861328125 -1.24261605739594 0.00810742378235 40004
1103360488926655 311 -0.68359375 -3.34858345985413 0.00510406494141 50004
1103400418700855 311 -1.13836669921875 2.65616512298584 0.00697493553162 60004
1103440348478237 311 0.34423828125 8.05786895751953 -0.00221490859985 70004
1103480278279746 311 0.626953125 -5.31435203552246 -0.00339841842651 80004
1103520208056195 311 -0.63018798828125 5.05060005187988 0.00379180908203 90004
1103160840046986 312 1.12941646575928 -3.32598829269409 -0.00673823989928 4
1103200769823566 312 0.00650024414063 -7.89483642578125 -0.00000011920929 10004
1103240699599316 312 -1.50437927246094 -1.28038167953491 0.00985300540924 20004
1103280629375046 312 -0.06454467773438 -1.80339956283569 0.00050497055054 30004
1103320559151085 312 -1.1690673828125 -1.4995254278183 0.00810599327087 40004
1103360488926655 312 -0.5947265625 -3.66171193122864 0.00398659706116 50004
1103400418700855 312 -1.24188232421875 2.28847408294678 0.00697374343872 60004
1103440348478237 312 0.34423828125 8.05786895751953 -0.00220727920532 70004
1103480278279746 312 0.7021484375 -4.88628005981445 -0.00339937210083 80004
1103520208056195 312 -0.71759033203125 4.67588424682617 0.00379419326782 90004
1103160840046986 313 1.34266352653503 -3.02787303924561 -0.00835586618632 4
1103200769823566 313 0.03250122070313 -7.47418212890625 -0.00000047683716 10004
1103240699599316 313 -1.63510131835938 -1.08662509918213 0.00985324382782 20004
1103280629375046 313 -0.17889404296875 -1.41402769088745 0.00050187110901 30004
1103320559151085 313 -1.0714111328125 -1.74249303340912 0.00698018074036 40004
1103360488926655 313 -0.56298828125 -3.98739171028137 0.00399541854858 50004
1103400418700855 313 -1.46221923828125 1.96815013885498 0.009028673172 60004
1103440348478237 313 0.34423828125 8.05786895751953 -0.00219964981079 70004
1103480278279746 313 0.9033203125 -4.52608871459961 -0.0056471824646 80004
1103520208056195 313 -0.81817626953125 4.30426406860352 0.00580835342407 90004
1103160840046986 314 1.4839026927948 -2.6662802696228 -0.00947888754308 4
1103200769823566 314 0.23386383056641 -7.10389232635498 -0.00112468004227 10004
1103240699599316 314 -1.8177490234375 -0.94118070602417 0.0119127035141 20004
1103280629375046 314 -0.44732666015625 -1.10970258712769 0.00252592563629 30004
1103320559151085 314 -1.0855712890625 -2.00404953956604 0.00697922706604 40004
1103360488926655 314 -0.39605712890625 -4.26864910125732 0.00288105010986 50004
1103400418700855 314 -1.75848388671875 1.72656726837158 0.01107358932495 60004
1103440348478237 314 0.34423828125 8.05786895751953 -0.00219202041626 70004
1103480278279746 314 0.935546875 -4.09006881713867 -0.00565099716187 80004
1103520208056195 314 -1.06622314453125 4.0093879699707 0.00581169128418 90004
1103160840046986 315 1.72984278202057 -2.3748505115509 -0.01060192566365 4
1103200769823566 315 0.48485565185547 -6.76704406738281 -0.0022497177124 10004
1103240699599316 315 -2.03202819824219 -0.85687279701233 0.01321375370026 20004
1103280629375046 315 -0.69476318359375 -0.83347189426422 0.00454640388489 30004
1103320559151085 315 -1.015869140625 -2.25166535377502 0.00697612762451 40004
1103360488926655 315 -0.32403564453125 -4.58248233795166 0.00288939476013 50004
1103400418700855 315 -2.02923583984375 1.45091533660889 0.01316547393799 60004
1103440348478237 315 0.34423828125 8.05786895751953 -0.00218439102173 70004
1103480278279746 315 1.109130859375 -3.6852171421051 -0.00677490234375 80004
1103520208056195 315 -1.20367431640625 3.65695476531982 0.00791072845459 90004
1103160840046986 316 1.94087827205658 -2.06003570556641 -0.01172495353967 4
1103200769823566 316 0.67094421386719 -6.40007781982422 -0.00337302684784 10004
1103240699599316 316 -2.23281860351563 -0.74845719337463 0.01448059082031 20004
1103280629375046 316 -1.00189208984375 -0.62080633640289 0.0066431760788 30004
1103320559151085 316 -0.939208984375 -2.50113129615784 0.00697469711304 40004
1103360488926655 316 -0.30572509765625 -4.90849018096924 0.00289559364319 50004
1103400418700855 316 -2.21868896484375 1.12191295623779 0.01518487930298 60004
1103440348478237 316 0.34423828125 8.05786895751953 -0.0021767616272 70004
1103480278279746 316 1.24676513671875 -3.27404618263245 -0.00708818435669 80004
1103520208056195 316 -1.37799072265625 3.32370853424072 0.0079140663147 90004
1103160840046986 317 2.07551670074463 -1.69613254070282 -0.01284798886627 4
1103200769823566 317 0.75517272949219 -5.98870801925659 -0.00449573993683 10004
1103240699599316 317 -2.39944458007813 -0.58648204803467 0.01447987556458 20004
1103280629375046 317 -1.35748291015625 -0.43403577804565 0.00874817371368 30004
1103320559151085 317 -0.8759765625 -2.75495171546936 0.00584983825684 40004
1103360488926655 317 -0.27508544921875 -5.22851467132568 0.00177788734436 50004
1103400418700855 317 -2.29315185546875 0.74729830026627 0.01518726348877 60004
1103440348478237 317 0.353271484375 8.01604080200195 -0.00216913223267 70004
1103480278279746 317 1.304931640625 -2.85604310035706 -0.00821352005005 80004
1103520208056195 317 -1.5882568359375 3.0096492767334 0.0099196434021 90004
1103160840046986 318 2.19034767150879 -1.32531070709229 -0.01397101022303 4
1103200769823566 318 0.77862548828125 -5.56792402267456 -0.00449597835541 10004
1103240699599316 318 -2.53591918945313 -0.39698871970177 0.01650452613831 20004
1103280629375046 318 -1.6593017578125 -0.16234970092773 0.01077830791473 30004
1103320559151085 318 -0.7900390625 -3.00234627723694 0.00584745407104 40004
1103360488926655 318 -0.14080810546875 -5.52664089202881 0.00178647041321 50004
1103400418700855 318 -2.24237060546875 0.36183077096939 0.0151891708374 60004
1103440348478237 318 0.389404296875 7.84873533248901 -0.00216150283813 70004
1103480278279746 318 1.538330078125 -2.46766877174377 -0.00935173034668 80004
1103520208056195 318 -1.68853759765625 2.63802909851074 0.00992155075073 90004
1103160840046986 319 2.43912196159363 -1.0272763967514 -0.01509403809905 4
1103200769823566 319 0.62216186523438 -5.17658472061157 -0.00449585914612 10004
1103240699599316 319 -2.57939147949219 -0.16745695471764 0.01650321483612 20004
1103280629375046 319 -1.9571533203125 0.11332365870476 0.01282727718353 30004
1103320559151085 319 -0.81640625 -3.26292824745178 0.00584650039673 40004
1103360488926655 319 -0.11151123046875 -5.85258388519287 0.00179505348206 50004
1103400418700855 319 -2.03338623046875 0.03412304073572 0.01406908035278 60004
1103440348478237 319 0.313232421875 7.51485013961792 -0.00216007232666 70004
1103480278279746 319 1.907958984375 -2.20677781105042 -0.01161193847656 80004
1103520208056195 319 -1.93658447265625 2.3431568145752 0.01202392578125 90004
1103160840046986 320 2.57594513893127 -0.67134779691696 -0.01621706038713 4
1103200769823566 320 0.43714904785156 -4.79840421676636 -0.00242191553116 10004
1103240699599316 320 -2.54702758789063 0.0598349198699 0.01650047302246 20004
1103280629375046 320 -2.29986572265625 0.32587420940399 0.01489055156708 30004
1103320559151085 320 -0.758544921875 -3.51361966133118 0.00584411621094 40004
1103360488926655 320 -0.18438720703125 -6.1662015914917 0.00067758560181 50004
1103400418700855 320 -1.73504638671875 -0.20420883595943 0.01182556152344 60004
1103440348478237 320 0.2919921875 7.17461347579956 -0.00215864181519 70004
1103480278279746 320 2.168701171875 -1.84725594520569 -0.01387310028076 80004
1103520208056195 320 -2.21392822265625 2.07633113861084 0.01405048370361 90004
1103160840046986 321 2.59150266647339 -0.29267925024033 -0.01621702127159 4
1103200769823566 321 0.19849395751953 -4.45533323287964 -0.00242304801941 10004
1103240699599316 321 -2.46316528320313 0.27638640999794 0.01649713516235 20004
1103280629375046 321 -2.6043701171875 0.58104681968689 0.01690554618835 30004
1103320559151085 321 -0.62356567382813 -3.73124241828918 0.00471234321594 40004
1103360488926656 321 0.0107421875 -7.8233528137207 0.00000095367432 50004
1103400418700855 321 -1.4649658203125 -0.47233244776726 0.00957155227661 60004
1103440348478237 321 0.2978515625 6.83240079879761 -0.00215673446655 70004
1103480278279746 321 2.4056396484375 -1.46341443061829 -0.01500415802002 80004
1103520208056195 321 -2.43316650390625 1.77053689956665 0.01612949371338 90004
1103160840046986 322 2.48434925079346 0.07324035465717 -0.01621699891984 4
1103200769823566 322 -0.04468536376953 -4.12036466598511 -0.00033622980118 10004
1103240699599316 322 -2.33802795410156 0.47084572911263 0.01537275314331 20004
1103280629375046 322 -2.8162841796875 0.91896677017212 0.01893019676208 30004
1103320559151085 322 -0.46478271484375 -3.93397927284241 0.00358080863953 40004
1103360488926656 322 0.069091796875 -7.48060989379883 0.00000309944153 50004
1103400418700855 322 -1.28607177734375 -0.81309938430786 0.00844120979309 60004
1103440348478237 322 0.27587890625 6.49684286117554 -0.00215530395508 70004
1103480278279746 322 2.6114501953125 -1.07053351402283 -0.01612949371338 80004
1103520208056195 322 -2.54290771484375 1.40885353088379 0.01613426208496 90004
1103160840046986 323 2.26092457771301 0.39059954881668 -0.01415823306888 4
1103200769823566 323 -0.1689453125 -3.71769332885742 0.00168037414551 10004
1103240699599316 323 -2.16622924804688 0.62900972366333 0.01424872875214 20004
1103280629375046 323 -2.9095458984375 1.31414079666138 0.01892995834351 30004
1103320559151085 323 -0.37881469726563 -4.18137121200562 0.00244855880737 40004
1103360488926656 323 0.238037109375 -7.16952133178711 -0.00111794471741 50004
1103400418700855 323 -1.20306396484375 -1.19304513931274 0.0084388256073 60004
1103440348478237 323 0.14404296875 6.18082571029663 -0.00014400482178 70004
1103480278279746 323 2.6846923828125 -0.62486243247986 -0.0172553062439 80004
1103520208056195 323 -2.52923583984375 1.02445793151855 0.01613664627075 90004
1103160840046986 324 1.94299876689911 0.61317801475525 -0.01208303496242 4
1103200769823566 324 -0.45180511474609 -3.40530776977539 0.00373846292496 10004
1103240699599316 324 -2.00924682617188 0.80221319198608 0.01312255859375 20004
1103280629375046 324 -2.8304443359375 1.71237230300903 0.01892948150635 30004
1103320559151085 324 -0.40518188476563 -4.44195318222046 0.00244474411011 40004
1103360488926656 324 0.259521484375 -6.81622695922852 -0.00111532211304 50004
1103400418700855 324 -0.9674072265625 -1.5024151802063 0.00731420516968 60004
1103440348478237 324 0.15869140625 5.83875417709351 -0.00014305114746 70004
1103480278279746 324 2.5635986328125 -0.18929488956928 -0.01725625991821 80004
1103520208056195 324 -2.41729736328125 0.65696334838867 0.01614809036255 90004
1103160840046986 325 1.71794462203979 0.9208984375 -0.01208302844316 4
1103200769823566 325 -0.61571502685547 -3.02519607543945 0.0037379860878 10004
1103240699599316 325 -1.85939025878906 0.98152995109558 0.0119960308075 20004
1103280629375046 325 -2.630859375 2.05760741233826 0.01780593395233 30004
1103320559151085 325 -0.34756469726563 -4.6926417350769 0.00243854522705 40004
1103360488926656 325 0.3095703125 -6.46624565124512 -0.0011134147644 50004
1103400418700855 325 -0.8463134765625 -1.86471700668335 0.006187915802 60004
1103440348478237 325 0.189453125 5.49788427352905 -0.0001425743103 70004
1103480278279746 325 2.3209228515625 0.18447495996952 -0.01514673233032 80004
1103520208056195 325 -2.19757080078125 0.35128116607666 0.01504421234131 90004
1103160840046986 326 1.6039674282074 1.2823201417923 -0.01004341803491 4
1103200769823566 326 -0.81932830810547 -2.66766357421875 0.00576424598694 10004
1103240699599316 326 -1.70423889160156 1.15646147727966 0.01198971271515 20004
1103280629375046 326 -2.334228515625 2.32112860679626 0.01556003093719 30004
1103320559151085 326 -0.31851196289063 -4.94662809371948 0.00243639945984 40004
1103360488926656 326 0.292724609375 -6.1210880279541 -0.00111126899719 50004
1103400418700855 326 -0.8336181640625 -2.24695420265198 0.00618553161621 60004
1103440348478237 326 0.2783203125 5.17178106307983 -0.00126266479492 70004
1103480278279746 326 2.1263427734375 0.58068186044693 -0.01309823989868 80004
1103520208056195 326 -1.93731689453125 0.07032322883606 0.01281785964966 90004
1103160840046986 327 1.53004133701324 1.6563755273819 -0.01004341896623 4
1103200769823566 327 -1.0625 -2.33271503448486 0.005764067173 10004
1103240699599316 327 -1.54425048828125 1.3264319896698 0.01086664199829 20004
1103280629375046 327 -1.9674072265625 2.47857165336609 0.01316654682159 30004
1103320559151085 327 -0.32363891601563 -5.20575094223022 0.00243473052979 40004
1103360488926656 327 0.2093505859375 -5.77755355834961 -0.0011100769043 50004
1103400418700855 327 -0.8492431640625 -2.62858700752258 0.00618410110474 60004
1103440348478237 327 0.395263671875 4.85305166244507 -0.00238275527954 70004
1103480278279746 327 1.9759521484375 0.99840694665909 -0.01310539245605 80004
1103520208056195 327 -1.69927978515625 -0.22468885779381 0.01171207427979 90004
1103160840046986 328 1.33596110343933 1.99248373508453 -0.00797382090241 4
1103200769823566 328 -1.18679809570313 -1.93002343177795 0.00778567790985 10004
1103240699599316 328 -1.38873291015625 1.50078845024109 0.0097416639328 20004
1103280629375046 328 -1.56259155273438 2.509920835495 0.01091766357422 30004
1103320559151085 328 -0.26358032226563 -5.46049642562866 0.00243186950684 40004
1103360488926656 328 0.1556396484375 -5.42773056030273 -0.00110864639282 50004
1103400418700855 328 -0.7388916015625 -3.00153088569641 0.00505828857422 60004
1103440348478237 328 0.438232421875 4.51334524154663 -0.00238084793091 70004
1103480278279746 328 1.6937255859375 1.35157740116119 -0.01110649108887 80004
1103520208056195 328 -1.54107666015625 -0.57422381639481 0.01060581207275 90004
1103160840046986 329 1.14876115322113 2.33250093460083 -0.00797380600125 4
1103200769823566 329 -1.46964263916016 -1.61763191223145 0.00983840227127 10004
1103240699599316 329 -1.32135009765625 1.72455859184265 0.00861573219299 20004
1103280629375046 329 -1.16766357421875 2.60319399833679 0.00754964351654 30004
1103320559151085 329 -0.10147094726563 -5.66561269760132 0.0013062953949 40004
1103360488926656 329 0.2547607421875 -5.0879020690918 -0.00110626220703 50004
1103400418700855 329 -0.7125244140625 -3.38952374458313 0.00505590438843 60004
1103440348478237 329 0.620849609375 4.22347402572632 -0.00350189208984 70004
1103480278279746 329 1.5872802734375 1.79082071781158 -0.01111316680908 80004
1103520208056195 329 -1.3082275390625 -0.87989550828934 0.00948762893677 90004
1103160840046986 330 1.08249247074127 2.70797681808472 -0.00797379761934 4
1103200769823566 330 -1.68679809570313 -1.25944495201111 0.00983792543411 10004
1103240699599316 330 -1.280517578125 1.95411372184753 0.00861525535583 20004
1103280629375046 330 -0.82977294921875 2.81515097618103 0.006427526474 30004
1103320559151085 330 -0.01568603515625 -5.90795087814331 0.00018095970154 40004
1103360488926656 330 0.2872314453125 -4.73759078979492 -0.00110483169556 50004
1103400418700855 330 -0.5653076171875 -3.74204564094543 0.00392961502075 60004
1103440348478237 330 0.69873046875 3.89622640609741 -0.00349903106689 70004
1103480278279746 330 1.5372314453125 2.23872470855713 -0.00911474227905 80004
1103520208056195 330 -1.16534423828125 -1.2315309047699 0.00836944580078 90004
1103160840046986 331 0.9759162068367 3.07165288925171 -0.00596600491554 4
1103200769823566 331 -1.95172882080078 -0.94470643997192 0.01188379526138 10004
1103240699599316 331 -1.21044921875 2.17343401908875 0.00861310958862 20004
1103280629375046 331 -0.5784912109375 3.12222647666931 0.0041778087616 30004
1103320559151085 331 0.08905029296875 -6.14318799972534 0.00017905235291 40004
1103360488926656 331 0.3717041015625 -4.40250778198242 -0.00222659111023 50004
1103400418700855 331 -0.4583740234375 -4.10639095306396 0.0039267539978 60004
1103440348478237 331 0.8115234375 3.5814356803894 -0.0046181678772 70004
1103480278279746 331 1.4132080078125 2.66213703155518 -0.00912237167358 80004
1103520208056195 331 -1.07421875 -1.60412383079529 0.00725269317627 90004
1103160840046986 332 0.82902872562408 3.42348742485046 -0.00596600025892 4
1103200769823566 332 -2.25151062011719 -0.65935444831848 0.01391625404358 10004
1103240699599316 332 -1.1241455078125 2.38699221611023 0.00748717784882 20004
1103280629375046 332 -0.42886352539063 3.49496817588806 0.00305342674255 30004
1103320559151086 332 0.04296875 -7.90782737731934 -0.00000047683716 40004
1103360488926656 332 0.4932861328125 -4.07678604125977 -0.00222396850586 50004
1103400418700855 332 -0.4212646484375 -4.49306201934814 0.00280046463013 60004
1103440348478237 332 0.9755859375 3.28287267684937 -0.00573635101318 70004
1103480278279746 332 1.19189453125 3.05611133575439 -0.00710821151733 80004
1103520208056195 332 -0.9990234375 -1.98077797889709 0.00725698471069 90004
1103160840046986 333 0.80306422710419 3.81079363822937 -0.00596599560231 4
1103200769823566 333 -2.44667816162109 -0.28587627410889 0.01599270105362 10004
1103240699599316 333 -1.1033935546875 2.61975359916687 0.00748527050018 20004
1103280629375046 333 -0.38052368164063 3.89803671836853 0.00305199623108 30004
1103320559151086 333 0.21484375 -7.53913688659668 -0.00112438201904 40004
1103360488926656 333 0.5035400390625 -3.72298049926758 -0.00222158432007 50004
1103400418700855 333 -0.3519287109375 -4.87576770782471 0.00279855728149 60004
1103440348478237 333 1.0831298828125 2.95824575424194 -0.00684928894043 70004
1103480278279746 333 0.95947265625 3.4439058303833 -0.00710916519165 80004
1103520208056195 333 -0.9033203125 -2.35270714759827 0.00613832473755 90004
1103160840046986 334 0.6158754825592 4.15081596374512 -0.0039278534241 4
1103200769823566 334 -2.46572113037109 0.13513562083244 0.01599228382111 10004
1103240699599316 334 -0.9862060546875 2.82196688652039 0.00635957717896 20004
1103280629375046 334 -0.16616821289063 4.24284744262695 0.00192773342133 30004
1103320559151086 334 0.21484375 -7.13233757019043 -0.00112438201904 40004
1103360488926656 334 0.6622314453125 -3.40662002563477 -0.00334167480469 50004
1103400418700855 334 -0.3343505859375 -5.26422595977783 0.00279688835144 60004
1103440348478237 334 1.31719970703125 2.7100043296814 -0.00796222686768 70004
1103480278279746 334 0.91259765625 3.89343738555908 -0.00510501861572 80004
1103520208056195 334 -0.8671875 -2.73543572425842 0.00614404678345 90004
1103160840046986 335 0.48998010158539 4.43900012969971 -0.00392784830183 4
1103200769823566 335 -2.34999847412109 0.5326224565506 0.01599115133286 10004
1103240699599316 335 -0.94134521484375 3.04709124565125 0.00635457038879 20004
1103280629375046 335 -0.03070068359375 4.62241363525391 0.00080132484436 30004
1103320559151086 335 0.34375 -6.75411987304688 -0.00112581253052 40004
1103360488926656 335 0.7802734375 -3.07393169403076 -0.00446128845215 50004
1103400418700855 335 -0.19451904296875 -5.61979389190674 0.00166726112366 60004
1103440348478237 335 1.45733642578125 2.40447378158569 -0.00907945632935 70004
1103480278279746 335 0.7265625 4.29666614532471 -0.0051064491272 80004
1103520208056195 335 -0.71240234375 -3.07914566993713 0.00502300262451 90004
1103160840046986 336 0.44988882541656 4.76813459396362 -0.00191563088447 4
1103200769823566 336 -2.11461639404297 0.87006407976151 0.0137442946434 10004
1103240699599316 336 -0.87257385253906 3.26457858085632 0.0063511133194 20004
1103280629375046 336 0.06524658203125 5.01666641235352 -0.00032353401184 30004
1103320559151086 336 0.4296875 -6.36637496948242 -0.0022497177124 40004
1103360488926656 336 0.95098876953125 -2.77375507354736 -0.00558018684387 50004
1103400418700855 336 0.00628662109375 -5.95182514190674 0.00054049491882 60004
1103440348478237 336 1.61328125 2.10480070114136 -0.01019811630249 70004
1103480278279746 336 0.58447265625 4.71505069732666 -0.00308227539063 80004
1103520208056195 336 -0.59716796875 -3.43586182594299 0.00390720367432 90004
1103160840046986 337 0.43756705522537 5.15053510665894 -0.00191562972032 4
1103200769823566 337 -1.84174346923828 1.18141233921051 0.01262027025223 10004
1103240699599316 337 -0.77972412109375 3.47442889213562 0.00522768497467 20004
1103280629375046 337 0.11126708984375 5.41487884521484 -0.00032436847687 30004
1103320559151086 337 0.39208984375 -5.9667797088623 -0.0022497177124 40004
1103360488926656 337 1.15652465820313 -2.49313640594482 -0.00669646263123 50004
1103400418700855 337 0.18914794921875 -6.28722476959229 -0.00058388710022 60004
1103440348478237 337 1.834716796875 1.84932446479797 -0.01131725311279 70004
1103480278279746 337 0.486572265625 5.14806461334229 -0.00308322906494 80004
1103520208056195 337 -0.521484375 -3.805584192276 0.00391054153442 90004
1103160840046986 338 0.31253334879875 5.51802015304565 -0.00191562902182 4
1103200769823566 338 -1.68109893798828 1.57105243206024 0.01149666309357 10004
1103240699599316 338 -0.75946044921875 3.70719027519226 0.00522947311401 20004
1103280629375046 338 0.04632568359375 5.81566619873047 -0.0003250837326 30004
1103320559151086 338 0.24169921875 -5.58879661560059 -0.00225019454956 40004
1103360488926656 338 1.26736450195313 -2.15732860565186 -0.00780916213989 50004
1103400418700856 338 0 -8 0 60004
1103440348478237 338 2.112060546875 1.65157437324524 -0.01356029510498 70004
1103480278279746 338 0.250244140625 5.53319644927979 -0.00104951858521 80004
1103520208056195 338 -0.3271484375 -4.13628816604614 0.0027928352356 90004
1103160840046986 339 0.07580091804266 5.82556533813477 0.00016860815231 4
1103200769823566 339 -1.39008331298828 1.87597262859344 0.00924962759018 10004
1103240699599316 339 -0.83929443359375 3.92688250541687 0.00523030757904 20004
1103280629375046 339 -0.07379150390625 6.20341491699219 -0.00032544136047 30004
1103320559151086 339 0.20068359375 -5.18408012390137 -0.0022509098053 40004
1103360488926656 339 1.50955200195313 -1.90025997161865 -0.00892210006714 50004
1103400418700856 339 0.1630859375 -7.65023803710938 -0.00000238418579 60004
1103440348478237 339 2.218505859375 1.46148610115051 -0.01355791091919 70004
1103480278279746 339 0.198486328125 5.98217105865479 -0.00105047225952 80004
1103520208056195 339 -0.291015625 -4.5190167427063 0.00279664993286 90004
1103160840046987 340 0.11350244283676 7.77587747573853 0.00000000005821 4
1103200769823566 340 -1.21610260009766 2.25168323516846 0.00812429189682 10004
1103240699599316 340 -0.84405517578125 4.15637588500977 0.00523209571838 20004
1103280629375047 340 0.06005859375 7.7391791343689 -0.0000011920929 30004
1103320559151086 340 0.084228515625 -4.79690742492676 -0.00022721290588 40004
1103360488926656 340 1.71807861328125 -1.61549520492554 -0.01004242897034 50004
1103400418700856 340 0.4609375 -7.34733963012695 -0.00224781036377 60004
1103440348478237 340 2.314697265625 1.16717076301575 -0.01467847824097 70004
1103480278279747 340 0.134765625 7.82090711593628 -0.00000095367432 80004
1103520208056195 340 -0.147216796875 -4.86881494522095 0.00167798995972 90004
1103160840046987 341 0.32274553179741 8.05737113952637 -0.00112304626964 4
1103200769823566 341 -1.11501312255859 2.6593644618988 0.00812381505966 10004
1103240699599316 341 -0.77557373046875 4.373863697052 0.00523388385773 20004
1103280629375047 341 0.132080078125 7.91369009017944 -0.00000357627869 30004
1103320559151086 341 -0.08984375 -4.43094062805176 -0.00022745132446 40004
1103360488926656 341 1.96807861328125 -1.37692022323608 -0.01228308677673 50004
1103400418700856 341 0.7265625 -7.00117874145508 -0.00448894500732 60004
1103440348478237 341 2.333740234375 0.83355307579041 -0.01467657089233 70004
1103480278279747 341 0.3056640625 8.08139038085938 -0.00112771987915 80004
1103520208056195 341 -0.04779052734375 -5.20509958267212 0.00055265426636 90004
1103160840046987 342 0.60057467222214 8.28109359741211 -0.00336913531646 4
1103200769823566 342 -1.01003265380859 3.06157779693604 0.00699979066849 10004
1103240699599316 342 -0.68296813964844 4.58371019363403 0.00523591041565 20004
1103280629375047 342 0.1868896484375 7.99085760116577 -0.0011283159256 30004
1103320559151086 342 -0.2822265625 -4.07328224182129 0.00185251235962 40004
1103360488926656 342 2.27972412109375 -1.21360301971436 -0.01452565193176 50004
1103400418700856 342 0.867919921875 -6.58566474914551 -0.00448560714722 60004
1103440348478237 342 2.3037109375 0.49509859085083 -0.01467514038086 70004
1103480278279747 342 0.42724609375 8.18367767333984 -0.00225257873535 80004
1103520208056195 342 0.01153564453125 -5.54011583328247 0.00054454803467 90004
1103160840046987 343 0.91042459011078 8.46060657501221 -0.00561521854252 4
1103200769823566 343 -0.79182434082031 3.42220592498779 0.0058753490448 10004
1103240699599316 343 -0.66261291503906 4.81646776199341 0.00523686408997 20004
1103280629375047 343 0.2142333984375 8.07929706573486 -0.00112569332123 30004
1103320559151086 343 -0.430908203125 -3.69447827339172 0.00184988975525 40004
1103360488926656 343 2.61758422851563 -1.1097936630249 -0.01676750183105 50004
1103400418700856 343 0.867919921875 -6.13874244689941 -0.00448560714722 60004
1103440348478237 343 2.34765625 0.15581361949444 -0.01467180252075 70004
1103480278279747 343 0.42724609375 8.18367767333984 -0.00225257873535 80004
1103520208056195 343 0.19317626953125 -5.87893724441528 -0.00058317184448 90004
1103160840046987 344 1.08871817588806 8.47728443145752 -0.00673825712875 4
1103200769823566 344 -0.73274230957031 3.83949279785156 0.00475227832794 10004
1103240699599316 344 -0.5626220703125 5.02759599685669 0.0041139125824 20004
1103280629375047 344 0.2142333984375 8.07929706573486 -0.0011237859726 30004
1103320559151086 344 -0.66281127929688 -3.36038708686829 0.00390005111694 40004
1103360488926656 344 2.87930297851563 -0.87270122766495 -0.01788592338562 50004
1103400418700856 344 0.878662109375 -5.69195747375488 -0.00560522079468 60004
1103440348478237 344 2.287109375 -0.18134291470051 -0.01466989517212 70004
1103480278279747 344 0.42724609375 8.18367767333984 -0.00225257873535 80004
1103520208056195 344 0.21466064453125 -6.26295518875122 -0.00058841705322 90004
1103160840046987 345 1.13329613208771 8.48145389556885 -0.00673824967816 4
1103200769823566 345 -0.54550933837891 4.20874834060669 0.00362813472748 10004
1103240699599316 345 -0.53668212890625 5.23302507400513 0.00411260128021 20004
1103280629375047 345 0.2142333984375 8.07929706573486 -0.00112187862396 30004
1103320559151086 345 -0.77279663085938 -2.97620511054993 0.0038959980011 40004
1103360488926656 345 3.1431884765625 -0.63735371828079 -0.02012705802917 50004
1103400418700856 345 0.923095703125 -5.24764442443848 -0.00559878349304 60004
1103440348478237 345 2.1240234375 -0.47594797611237 -0.01466798782349 70004
1103480278279747 345 0.42724609375 8.18367767333984 -0.00225257873535 80004
1103520208056196 345 0.123046875 -7.73555564880371 -0.00000476837158 90004
1103160840046987 346 1.13329613208771 8.48145389556885 -0.00673824222758 4
1103200769823566 346 -0.33452606201172 4.57300043106079 0.0025035738945 10004
1103240699599316 346 -0.58477783203125 5.441002368927 0.00411152839661 20004
1103280629375047 346 0.2142333984375 8.07929706573486 -0.00111997127533 30004
1103320559151086 346 -0.92343139648438 -2.60872006416321 0.00591826438904 40004
1103360488926656 346 3.3458251953125 -0.35761147737503 -0.02124404907227 50004
1103400418700856 346 1.023193359375 -4.81441307067871 -0.00559687614441 60004
1103440348478237 346 1.892578125 -0.72452223300934 -0.01265716552734 70004
1103480278279747 346 0.455078125 8.16450500488281 -0.00225257873535 80004
1103520208056196 346 0.205078125 -7.3322696685791 -0.00113534927368 90004
1103160840046987 347 1.13329613208771 8.48145389556885 -0.006738234777 4
1103200769823566 347 -0.18672180175781 4.95972681045532 0.00137948989868 10004
1103240699599316 347 -0.657470703125 5.65873956680298 0.00411057472229 20004
1103280629375047 347 0.2142333984375 8.07929706573486 -0.0011180639267 30004
1103320559151086 347 -1.16964721679688 -2.28659176826477 0.00800943374634 40004
1103360488926656 347 3.4488525390625 -0.02561678737402 -0.02123785018921 50004
1103400418700856 347 1.11962890625 -4.3860969543457 -0.00671553611755 60004
1103440348478237 347 1.654296875 -0.96329057216644 -0.01060485839844 70004
1103480278279747 347 0.496826171875 8.13574600219727 -0.00225257873535 80004
1103520208056196 347 0.2529296875 -6.88892364501953 -0.00114297866821 90004
1103160840046987 348 1.13329613208771 8.48145389556885 -0.00673822732642 4
1103200769823566 348 -0.17134094238281 5.38089990615845 0.00137913227081 10004
1103240699599317 348 0 7.53247022628784 0 20004
1103280629375047 348 0.2142333984375 8.07929706573486 -0.00111615657806 30004
1103320559151086 348 -1.45870971679688 -2.00035214424133 0.01010394096375 40004
1103360488926656 348 3.4390869140625 0.32820656895638 -0.02123475074768 50004
1103400418700856 348 1.07177734375 -3.94175338745117 -0.0067126750946 60004
1103440348478237 348 1.498046875 -1.26818215847015 -0.01060247421265 70004
1103480278279747 348 0.496826171875 8.13574600219727 -0.00225257873535 80004
1103520208056196 348 0.4443359375 -6.47747802734375 -0.00227355957031 90004
1103160840046987 349 1.12020003795624 8.30291080474854 -0.00673821894452 4
1103200769823566 349 -0.33547210693359 5.76903772354126 0.00137913227081 10004
1103240699599317 349 0.143798828125 7.92938947677612 -0.0000011920929 20004
1103280629375047 349 0.2142333984375 8.07929706573486 -0.00111424922943 30004
1103320559151086 349 -1.59786987304688 -1.62313199043274 0.01010227203369 40004
1103360488926656 349 3.2808837890625 0.64483404159546 -0.02123188972473 50004
1103400418700856 349 1.21636962890625 -3.51877975463867 -0.0078284740448 60004
1103440348478237 349 1.39141845703125 -1.59353196620941 -0.00857543945313 70004
1103480278279747 349 0.516357421875 7.92447566986084 -0.00225830078125 80004
1103520208056196 349 0.451171875 -6.02355194091797 -0.00227785110474 90004
1103160840046987 350 0.98594743013382 8.02386856079102 -0.00673821475357 4
1103200769823567 350 0.12264251708984 7.79545259475708 -0.00000059604645 10004
1103240699599317 350 0.3297119140625 8.17899513244629 -0.00112497806549 20004
1103280629375047 350 0.2933349609375 7.96287441253662 -0.00111162662506 30004
1103320559151086 350 -1.84963989257813 -1.31414723396301 0.0121545791626 40004
1103360488926656 350 3.0391845703125 0.89590191841125 -0.01917195320129 50004
1103400418700856 350 1.2286376953125 -3.17408084869385 -0.00706791877747 60004
1103440348478237 350 1.29669189453125 -1.92253816127777 -0.00857543945313 70004
1103480278279747 350 0.521240234375 7.87165927886963 -0.00225925445557 80004
1103520208056196 350 0.600341796875 -5.6036491394043 -0.00339889526367 90004
1103160840046987 351 0.88554030656815 7.68906736373901 -0.00673820730299 4
1103200769823567 351 0.21833801269531 8.12849617004395 -0.00112533569336 10004
1103240699599317 351 0.52886962890625 8.32341957092285 -0.00337469577789 20004
1103280629375047 351 0.3763427734375 7.69910335540771 -0.00223255157471 30004
1103320559151086 351 -2.1607666015625 -1.05453991889954 0.01418709754944 40004
1103360488926656 351 2.74002075195313 1.07612586021423 -0.01710104942322 50004
1103400418700856 351 1.29974365234375 -2.80653095245361 -0.00818920135498 60004
1103440348478237 351 1.19012451171875 -2.24758124351501 -0.00857543945313 70004
1103480278279747 351 0.511962890625 7.76596927642822 -0.0022611618042 80004
1103520208056196 351 0.700927734375 -5.17240524291992 -0.00339365005493 90004
1103160840046987 352 0.8222444653511 7.34309577941895 -0.0047286786139 4
1103200769823567 352 0.25712585449219 8.39600944519043 -0.00112736225128 10004
1103240699599317 352 0.67791748046875 8.38966178894043 -0.00337600708008 20004
1103280629375047 352 0.39599609375 7.32871913909912 -0.00223028659821 30004
1103320559151086 352 -2.46197509765625 -0.79190683364868 0.01619982719421 40004
1103360488926656 352 2.43240356445313 1.23901677131653 -0.01501631736755 50004
1103400418700856 352 1.50408935546875 -2.41691875457764 -0.00931978225708 60004
1103440348478237 352 1.10345458984375 -2.57284903526306 -0.00656509399414 70004
1103480278279747 352 0.445068359375 7.51550769805908 -0.0022611618042 80004
1103520208056196 352 0.7486572265625 -4.72734451293945 -0.00451517105103 90004
1103160840046987 353 0.64760679006577 7.03055620193481 -0.0047286786139 4
1103200769823567 353 0.32861328125 8.51968193054199 -0.00112843513489 10004
1103240699599317 353 0.68280029296875 8.38958549499512 -0.0033768415451 20004
1103280629375047 353 0.29296875 6.96410274505615 -0.00222885608673 30004
1103320559151086 353 -2.66656494140625 -0.44029960036278 0.01619815826416 40004
1103360488926656 353 2.18954467773438 1.49688076972961 -0.0150158405304 50004
1103400418700856 353 1.82806396484375 -2.10794734954834 -0.01157331466675 60004
1103440348478237 353 1.12591552734375 -2.91433310508728 -0.00654983520508 70004
1103480278279747 353 0.233154296875 7.14780139923096 -0.00226259231567 80004
1103520208056196 353 0.9224853515625 -4.30887985229492 -0.00563287734985 90004
1103160840046987 354 0.53744280338287 6.68990612030029 -0.00269582448527 4
1103200769823567 354 0.32861328125 8.51968193054199 -0.0011293888092 10004
1103240699599317 354 0.68231201171875 8.38958549499512 -0.00337791442871 20004
1103280629375047 354 0.353515625 6.59010982513428 -0.00222623348236 30004
1103320559151086 354 -2.70318603515625 -0.03516813367605 0.01820373535156 40004
1103360488926656 354 2.07870483398438 1.83305478096008 -0.01297879219055 50004
1103400418700856 354 2.04779052734375 -1.7189474105835 -0.01270389556885 60004
1103440348478237 354 1.003173828125 -3.23419547080994 -0.00654458999634 70004
1103480278279747 354 0.197021484375 6.7250337600708 -0.00226259231567 80004
1103520208056196 354 0.9039306640625 -3.8552360534668 -0.00563049316406 90004
1103160840046987 355 0.4683318734169 6.33942699432373 -0.0026958247181 4
1103200769823567 355 0.32861328125 8.51968193054199 -0.00113034248352 10004
1103240699599317 355 0.68182373046875 8.38958549499512 -0.00337898731232 20004
1103280629375047 355 0.2913818359375 6.22314929962158 -0.00222444534302 30004
1103320559151086 355 -2.60906982421875 0.35317021608353 0.01707720756531 40004
1103360488926656 355 1.95687866210938 2.16527771949768 -0.01297616958618 50004
1103400418700856 355 2.34222412109375 -1.3871750831604 -0.01495289802551 60004
1103440348478237 355 0.990966796875 -3.57027411460876 -0.00654220581055 70004
1103480278279747 355 0.297119140625 6.320387840271 -0.00115728378296 80004
1103520208056196 355 1.0296630859375 -3.42797660827637 -0.00562620162964 90004
1103160840046987 356 0.34077546000481 6.01398944854736 -0.00269582658075 4
1103200769823567 356 0.32861328125 8.51968193054199 -0.00113129615784 10004
1103240699599317 356 0.69441223144531 8.33819389343262 -0.00338017940521 20004
1103280629375047 356 0.2701416015625 5.85384464263916 -0.00222206115723 30004
1103320559151086 356 -2.39691162109375 0.68885576725006 0.01594996452332 40004
1103360488926656 356 1.76718139648438 2.45413422584534 -0.0109486579895 50004
1103400418700856 356 2.58050537109375 -1.02165460586548 -0.01607537269592 60004
1103440348478237 356 0.942138671875 -3.9009473323822 -0.00654029846191 70004
1103480278279747 356 0.351806640625 5.90970134735107 -0.00228404998779 80004
1103520208056196 356 1.2835693359375 -3.06631088256836 -0.00785160064697 90004
1103160840046987 357 0.17716190218925 5.70270109176636 -0.00068939104676 4
1103200769823567 357 0.32861328125 8.51968193054199 -0.00113224983215 10004
1103240699599317 357 0.71864318847656 8.1819896697998 -0.00450599193573 20004
1103280629375047 357 0.3687744140625 5.49502849578857 -0.00221920013428 30004
1103320559151086 357 -2.14688110351563 1.00101387500763 0.01481914520264 40004
1103360488926656 357 1.53732299804688 2.71844506263733 -0.01094627380371 50004
1103400418700856 357 2.6904296875 -0.59649467468262 -0.01720094680786 60004
1103440348478237 357 0.856689453125 -4.22621536254883 -0.00453424453735 70004
1103480278279747 357 0.336669921875 5.48720455169678 -0.00228691101074 80004
1103520208056196 357 1.57861328125 -2.73304462432861 -0.01008653640747 90004
1103160840046987 358 0.12174372375011 5.34895944595337 -0.00068939063931 4
1103200769823567 358 0.32861328125 8.51968193054199 -0.00113320350647 10004
1103240699599317 358 0.73793029785156 7.86552572250366 -0.00450813770294 20004
1103280629375047 358 0.5816650390625 5.18174266815186 -0.00333988666534 30004
1103320559151086 358 -2.00863647460938 1.38375389575958 0.01368474960327 40004
1103360488926656 358 1.379150390625 3.03526711463928 -0.00889039039612 50004
1103400418700856 358 2.6572265625 -0.15089091658592 -0.01720714569092 60004
1103440348478237 358 0.881103515625 -4.56769943237305 -0.00565528869629 70004
1103480278279747 358 0.384521484375 5.06552028656006 -0.00228786468506 80004
1103520208056196 358 1.753173828125 -2.31457996368408 -0.01120138168335 90004
1103160840046987 359 -0.04434823989868 5.03181791305542 -0.00068939052289 4
1103200769823567 359 0.447998046875 8.39426612854004 -0.00225812196732 10004
1103240699599317 359 0.58290100097656 7.47288799285889 -0.00450992584229 20004
1103280629375047 359 0.6422119140625 4.80774974822998 -0.00333750247955 30004
1103320559151086 359 -1.80596923828125 1.73649322986603 0.01255226135254 40004
1103360488926656 359 1.209716796875 3.34637475013733 -0.00888442993164 50004
1103400418700856 359 2.43817138671875 0.23847205936909 -0.01520252227783 60004
1103440348478237 359 0.759033203125 -4.8875617980957 -0.00565528869629 70004
1103480278279747 359 0.563232421875 4.68073177337646 -0.00341272354126 80004
1103520208056196 359 2.073486328125 -1.99461078643799 -0.01231622695923 90004
1103160840046987 360 -0.21951478719711 4.71962404251099 0.00136186694726 4
1103200769823567 360 0.53251647949219 8.2005033493042 -0.00338327884674 10004
1103240699599317 360 0.51763916015625 7.0592679977417 -0.00250613689423 20004
1103280629375047 360 0.80184936523438 4.46926784515381 -0.00446176528931 30004
1103320559151086 360 -1.50689697265625 2.00021481513977 0.01030874252319 40004
1103360488926656 360 1.15087890625 3.68912529945374 -0.00684380531311 50004
1103400418700856 360 2.27850341796875 0.65425986051559 -0.01520204544067 60004
1103440348478237 360 0.740234375 -5.22402954101563 -0.00565242767334 70004
1103480278279747 360 0.851806640625 4.3796854019165 -0.00454235076904 80004
1103520208056196 360 2.269287109375 -1.59504795074463 -0.01455450057983 90004
1103160840046987 361 -0.40200257301331 4.41167736053467 0.00338138407096 4
1103200769823567 361 0.55265808105469 7.94730520248413 -0.00338327884674 10004
1103240699599317 361 0.39492797851563 6.66588497161865 -0.00250804424286 20004
1103280629375047 361 1.04251098632813 4.18320369720459 -0.00671172142029 30004
1103320559151086 361 -1.23953247070313 2.29360890388489 0.008061170578 40004
1103360488926656 361 1.05517578125 4.02132797241211 -0.00683879852295 50004
1103400418700856 361 2.05877685546875 1.03242743015289 -0.01316285133362 60004
1103440348478237 361 0.68310546875 -5.5533447265625 -0.00361347198486 70004
1103480278279747 361 1.103759765625 4.05072498321533 -0.00679111480713 80004
1103520208056196 361 2.333740234375 -1.15534687042236 -0.01454877853394 90004
1103160840046987 362 -0.55219274759293 4.09366512298584 0.00338138127699 4
1103200769823567 362 0.54402160644531 7.63453054428101 -0.0033832192421 10004
1103240699599317 362 0.22850036621094 6.28619003295898 -0.00250959396362 20004
1103280629375047 362 1.29837036132813 3.91297721862793 -0.00783705711365 30004
1103320559151086 362 -1.07888793945313 2.65949463844299 0.0080578327179 40004
1103360488926656 362 0.86431884765625 4.31610107421875 -0.00482869148254 50004
1103400418700856 362 1.80120849609375 1.38803780078888 -0.01111149787903 60004
1103440348478237 362 0.589599609375 -5.87631607055664 -0.00361204147339 70004
1103480278279747 362 1.319091796875 3.69385051727295 -0.00791501998901 80004
1103520208056196 362 2.260986328125 -0.71525603532791 -0.01454401016235 90004
1103160840046987 363 -0.59244686365128 3.73788356781006 0.00338137568906 4
1103200769823567 363 0.60725402832031 7.252845287323 -0.0033832192421 10004
1103240699599317 363 0.19287109375 5.86556053161621 -0.0005007982254 20004
1103280629375047 363 1.45611572265625 3.56852149963379 -0.00896000862122 30004
1103320559151086 363 -1.04421997070313 3.06482529640198 0.00693202018738 40004
1103360488926656 363 0.60955810546875 4.56188201904297 -0.00483012199402 50004
1103400418700856 363 1.67034912109375 1.81526100635529 -0.01111483573914 60004
1103440348478237 363 0.605224609375 -6.21831893920898 -0.00361061096191 70004
1103480278279747 363 1.645263671875 3.4207181930542 -0.01017141342163 80004
1103520208056196 363 2.046142578125 -0.31481868028641 -0.0124945640564 90004
1103160840046987 364 -0.55285203456879 3.38199901580811 0.00338136591017 4
1103200769823567 364 0.50324249267578 6.88025808334351 -0.00338315963745 10004
1103240699599317 364 -0.01220703125 5.49659729003906 -0.00050103664398 20004
1103280629375047 364 1.57232666015625 3.20793724060059 -0.01008331775665 30004
1103320559151086 364 -0.84158325195313 3.41756272315979 0.0058057308197 40004
1103360488926656 364 0.48260498046875 4.89228057861328 -0.00282859802246 50004
1103400418700856 364 1.37115478515625 2.14699959754944 -0.0090925693512 60004
1103440348478237 364 0.645263671875 -6.5583610534668 -0.00360774993896 70004
1103480278279747 364 1.82452392578125 3.03592967987061 -0.01130962371826 80004
1103520208056196 364 1.780517578125 0.05375375598669 -0.01249074935913 90004
1103160840046987 365 -0.62882822751999 3.03861284255981 0.00338135939091 4
1103200769823567 365 0.29064178466797 6.56493902206421 -0.00133001804352 10004
1103240699599317 365 -0.08599853515625 5.08857536315918 -0.00050103664398 20004
1103280629375047 365 1.70867919921875 2.85472869873047 -0.01008307933807 30004
1103320559151086 365 -0.76492309570313 3.80974507331848 0.00580334663391 40004
1103360488926656 365 0.25970458984375 5.15921592712402 -0.00282692909241 50004
1103400418700856 365 1.18707275390625 2.54682660102844 -0.00705337524414 60004
1103440348478238 365 0.05712890625 -7.87700462341309 0.00000095367432 70004
1103480278279747 365 2.11309814453125 2.73488330841064 -0.01357078552246 80004
1103520208056196 365 1.617431640625 0.47258099913597 -0.01041460037231 90004
1103160840046987 366 -0.80963146686554 2.73948359489441 0.00546047836542 4
1103200769823567 366 0.1162109375 6.23000478744507 -0.00133097171783 10004
1103240699599317 366 -0.20362854003906 4.69354152679443 0.00150763988495 20004
1103280629375047 366 1.90887451171875 2.54020309448242 -0.01120615005493 30004
1103320559151086 366 -0.6458740234375 4.1887788772583 0.00467562675476 40004
1103360488926656 366 0.07562255859375 5.42966270446777 -0.00072860717773 50004
1103400418700856 366 1.01226806640625 2.95680928230286 -0.00705075263977 60004
1103440348478238 366 0.13427734375 -7.63835334777832 0.00000190734863 70004
1103480278279747 366 2.36383056640625 2.40592288970947 -0.01470136642456 80004
1103520208056196 366 1.414794921875 0.87083679437637 -0.00839138031006 90004
1103160840046987 367 -1.02357017993927 2.46041822433472 0.00748898182064 4
1103200769823567 367 0.01902770996094 5.85562467575073 0.00067830085754 10004
1103240699599317 367 -0.42681884765625 4.33736896514893 0.00357973575592 20004
1103280629375047 367 2.17831420898438 2.27519130706787 -0.01345300674438 30004
1103320559151086 367 -0.47048950195313 4.55241870880127 0.00354433059692 40004
1103360488926656 367 -0.05084228515625 5.7291431427002 -0.0007266998291 50004
1103400418700856 367 0.85479736328125 3.36653733253479 -0.00500011444092 60004
1103440348478238 367 0.177490234375 -7.32415580749512 -0.00111818313599 70004
1103480278279747 367 2.55303955078125 2.02797317504883 -0.01582622528076 80004
1103520208056196 367 1.1214599609375 1.21604895591736 -0.00838088989258 90004
1103160840046987 368 -1.13808119297028 2.12116980552673 0.00748898042366 4
1103200769823567 368 -0.06916809082031 5.47893857955933 0.00067758560181 10004
1103240699599317 368 -0.70440673828125 4.0194263458252 0.00357913970947 20004
1103280629375047 368 2.48355102539063 2.05004787445068 -0.01570117473602 30004
1103320559151086 368 -0.37869262695313 4.94876575469971 0.00353670120239 40004
1103360488926657 368 0 7.53247022628784 0 50004
1103400418700856 368 0.83721923828125 3.81312394142151 -0.00499749183655 60004
1103440348478238 368 0.115966796875 -7.00729179382324 -0.00111675262451 70004
1103480278279747 368 2.77960205078125 1.67053806781769 -0.01695203781128 80004
1103520208056196 368 0.7777099609375 1.51409888267517 -0.00420475006104 90004
1103160840046987 369 -1.38517582416534 1.86215007305145 0.00956532172859 4
1103200769823567 369 -0.30818176269531 5.17484855651855 0.00273513793945 10004
1103240699599317 369 -0.82177734375 3.6139018535614 0.00562167167664 20004
1103280629375047 369 2.78091430664063 1.81548058986664 -0.01682615280151 30004
1103320559151086 369 -0.27896118164063 5.34290790557861 0.00240993499756 40004
1103360488926657 369 0.140625 7.85097455978394 0.00000286102295 50004
1103400418700856 369 0.96221923828125 4.24226808547974 -0.00611710548401 60004
1103440348478238 369 0.049560546875 -6.69132804870605 -0.00111532211304 70004
1103480278279747 369 2.8353271484375 1.24993526935577 -0.01808309555054 80004
1103520208056196 369 0.5921630859375 1.92894339561462 -0.00420188903809 90004
1103160840046987 370 -1.69700908660889 1.6996488571167 0.01160369813442 4
1103200769823567 370 -0.43415832519531 4.81631278991699 0.00273513793945 10004
1103240699599317 370 -1.05937194824219 3.27408671379089 0.00765383243561 20004
1103280629375047 370 3.09906005859375 1.610222697258 -0.01907527446747 30004
1103320559151086 370 -0.31082153320313 5.74127292633057 0.00240802764893 40004
1103360488926657 370 0.2603759765625 8.00459766387939 -0.00111818313599 50004
1103400418700856 370 0.94219970703125 4.68081521987915 -0.00611400604248 60004
1103440348478238 370 0.087890625 -6.37656593322754 -0.00111293792725 70004
1103480278279747 370 2.7542724609375 0.84106695652008 -0.0180926322937 80004
1103520208056196 370 0.5509033203125 2.37308192253113 -0.00419902801514 90004
1103160840046987 371 -1.98725843429565 1.50498509407043 0.01364205684513 4
1103200769823567 371 -0.59777069091797 4.47594499588013 0.00273507833481 10004
1103240699599317 371 -1.27421569824219 2.91823172569275 0.00765299797058 20004
1103280629375047 371 3.36712646484375 1.35530841350555 -0.02131998538971 30004
1103320559151087 371 0.070556640625 7.70517301559448 0 40004
1103360488926657 371 0.3167724609375 8.05392932891846 -0.00111722946167 50004
1103400418700856 371 0.78399658203125 5.0873818397522 -0.00611114501953 60004
1103440348478238 371 0.09130859375 -6.06140327453613 -0.0011100769043 70004
1103480278279747 371 2.54742431640625 0.48187458515167 -0.01604175567627 80004
1103520208056196 371 0.5113525390625 2.8229968547821 -0.00419616699219 90004
1103160840046987 372 -2.20123481750488 1.22589564323425 0.01364206429571 4
1103200769823567 372 -0.81208038330078 4.15772485733032 0.00479191541672 10004
1103240699599317 372 -1.46444702148438 2.54979157447815 0.00970017910004 20004
1103280629375047 372 3.60687255859375 1.070680975914 -0.02244138717651 30004
1103320559151087 372 0.2105712890625 7.99590826034546 -0.0011248588562 40004
1103360488926657 372 0.3167724609375 8.05392932891846 -0.00111722946167 50004
1103400418700856 372 0.58087158203125 5.47639131546021 -0.00410389900208 60004
1103440348478238 372 0.059814453125 -5.74584007263184 -0.00110912322998 70004
1103480278279747 372 2.30010986328125 0.14556451141834 -0.01402568817139 80004
1103520208056196 372 0.38116455078125 3.24961447715759 -0.00218057632446 90004
1103160840046987 373 -2.31572365760803 0.8866753578186 0.01567262224853 4
1103200769823567 373 -0.95221710205078 3.79721283912659 0.00679302215576 10004
1103240699599317 373 -1.76853942871094 2.25724625587463 0.0117210149765 20004
1103280629375047 373 3.93203735351563 0.87519299983978 -0.02469003200531 30004
1103320559151087 373 0.3472900390625 8.12263202667236 -0.00112581253052 40004
1103360488926657 373 0.3167724609375 8.05392932891846 -0.00111722946167 50004
1103400418700857 373 0 7.53247022628784 0 60004
1103440348478238 373 0.133056640625 -5.43147850036621 -0.00110530853271 70004
1103480278279747 373 2.17279052734375 -0.25939205288887 -0.01402997970581 80004
1103520208056196 373 0.11651611328125 3.61830496788025 -0.00012874603271 90004
1103160840046987 374 -2.27612709999084 0.53080362081528 0.01567255519331 4
1103200769823567 374 -1.23161315917969 3.52976441383362 0.00679212808609 10004
1103240699599317 374 -1.92459106445313 1.86507797241211 0.01172006130219 20004
1103280629375047 374 4.14639282226563 0.61775243282318 -0.02581369876862 30004
1103320559151087 374 0.3472900390625 8.12263202667236 -0.00112581253052 40004
1103360488926657 374 0.3167724609375 8.05392932891846 -0.00111722946167 50004
1103400418700857 374 0.03515625 7.91936445236206 -0.00000238418579 60004
1103440348478238 374 0.076416015625 -5.11356925964355 -0.00110340118408 70004
1103480278279747 374 1.88665771484375 -0.57281994819641 -0.01201772689819 80004
1103520208056196 374 0.03253173828125 4.06439542770386 -0.00013208389282 90004
1103160840046987 375 -2.12650799751282 0.21247240900993 0.01454947888851 4
1103200769823567 375 -1.50536346435547 3.25656628608704 0.00887382030487 10004
1103240699599317 375 -2.12306213378906 1.49354267120361 0.0137597322464 20004
1103280629375047 375 4.29629516601563 0.28600537776947 -0.02693748474121 30004
1103320559151087 375 0.3472900390625 8.12263202667236 -0.00112581253052 40004
1103360488926657 375 0.3167724609375 8.05392932891846 -0.00111722946167 50004
1103400418700857 375 0.04541015625 8.16178226470947 -0.00000381469727 60004
1103440348478238 375 0.12451171875 -4.80019187927246 -0.00110006332397 70004
1103480278279747 375 1.60870361328125 -0.89347624778748 -0.00997447967529 80004
1103520208056196 375 -0.171630859375 4.4630560874939 0.00194883346558 90004
1103160840046987 376 -2.00108551979065 -0.11653932183981 0.0134264184162 4
1103200769823567 376 -1.70640563964844 2.93688321113586 0.01096594333649 10004
1103240699599317 376 -2.24867248535156 1.10104560852051 0.01375806331635 20004
1103280629375047 376 4.34368896484375 -0.08091634511948 -0.02806270122528 30004
1103320559151087 376 0.3472900390625 8.12263202667236 -0.00112581253052 40004
1103360488926657 376 0.4005126953125 8.00069141387939 -0.00223922729492 50004
1103400418700857 376 0.04638671875 8.25891208648682 -0.00000429153442 60004
1103440348478238 376 0.26953125 -4.52056312561035 -0.00109910964966 70004
1103480278279747 376 1.41436767578125 -1.25954449176788 -0.00998210906982 80004
1103520208056196 376 -0.403076171875 4.85379934310913 0.00195217132568 90004
1103160840046987 377 -1.90083050727844 -0.45367297530174 0.01230333000422 4
1103200769823567 377 -1.87018585205078 2.59314560890198 0.01096594333649 10004
1103240699599317 377 -2.24189758300781 0.68643397092819 0.013756275177 20004
1103280629375047 377 4.27093505859375 -0.44577035307884 -0.02806603908539 30004
1103320559151087 377 0.3515625 8.11600589752197 -0.00224876403809 40004
1103360488926657 377 0.5589599609375 7.8693151473999 -0.00336027145386 50004
1103400418700857 377 0.04638671875 8.25891208648682 -0.00000429153442 60004
1103440348478238 377 0.445556640625 -4.25705337524414 -0.00221920013428 70004
1103480278279747 377 1.29766845703125 -1.66760456562042 -0.00793886184692 80004
1103520208056196 377 -0.57373046875 5.26604795455933 0.00397777557373 90004
1103160840046987 378 -1.69346415996552 -0.7456162571907 0.01118027791381 4
1103200769823567 378 -2.13465118408203 2.31092667579651 0.01298642158508 10004
1103240699599317 378 -2.09918212890625 0.28909382224083 0.01375365257263 20004
1103280629375047 378 4.08071899414063 -0.77320396900177 -0.02602887153625 30004
1103320559151087 378 0.36865234375 8.08950138092041 -0.00224924087524 40004
1103360488926657 378 0.6903076171875 7.66321468353271 -0.00335836410522 50004
1103400418700857 378 0.04638671875 8.25891208648682 -0.00000429153442 60004
1103440348478238 378 0.528564453125 -3.9451858997345 -0.0033392906189 70004
1103480278279747 378 1.17071533203125 -2.07263231277466 -0.00793886184692 80004
1103520208056196 378 -0.60302734375 5.71913480758667 0.00398111343384 90004
1103160840046987 379 -1.53668141365051 -1.067551612854 0.01005721837282 4
1103200769823567 379 -2.25511932373047 1.9433342218399 0.01502972841263 10004
1103240699599317 379 -1.80206298828125 -0.01067204773426 0.01262748241425 20004
1103280629375047 379 3.769775390625 -0.98938763141632 -0.02396249771118 30004
1103320559151087 379 0.36865234375 8.08950138092041 -0.00224924087524 40004
1103360488926657 379 0.7200927734375 7.43773555755615 -0.00447797775269 50004
1103400418700857 379 0.04638671875 8.25891208648682 -0.00000429153442 60004
1103440348478238 379 0.533447265625 -3.62238621711731 -0.00333738327026 70004
1103480278279747 379 1.22735595703125 -2.49320268630981 -0.00793981552124 80004
1103520208056196 379 -0.68310546875 6.16619443893433 0.00398397445679 90004
1103160840046987 380 -1.41650915145874 -1.40409755706787 0.01005721371621 4
1103200769823567 380 -2.45069122314453 1.61311531066895 0.01502877473831 10004
1103240699599317 380 -1.62060546875 -0.38358584046364 0.01150333881378 20004
1103280629375047 380 3.411865234375 -1.09175217151642 -0.02193284034729 30004
1103320559151087 380 0.32763671875 7.95669078826904 -0.0022497177124 40004
1103360488926657 380 0.6380615234375 7.0975980758667 -0.00447511672974 50004
1103400418700857 380 0.04638671875 8.25891208648682 -0.00000429153442 60004
1103440348478238 380 0.64013671875 -3.32389378547668 -0.00333547592163 70004
1103480278279747 380 1.20709228515625 -2.91474580764771 -0.00794124603271 80004
1103520208056197 380 0.08935546875 7.72433042526245 -0.0000057220459 90004
1103160840046987 381 -1.32340359687805 -1.74951767921448 0.00893415603787 4
1103200769823567 381 -2.61556243896484 1.26867353916168 0.01708108186722 10004
1103240699599317 381 -1.42218017578125 -0.75038123130798 0.00925779342651 20004
1103280629375047 381 3.042236328125 -1.07426083087921 -0.01982772350311 30004
1103320559151087 381 0.2529296875 7.68831157684326 -0.00225043296814 40004
1103360488926657 381 0.469482421875 6.74242305755615 -0.00243067741394 50004
1103400418700857 381 0.04638671875 8.25891208648682 -0.00000429153442 60004
1103440348478238 381 0.828125 -3.06838536262512 -0.00445556640625 70004
1103480278279747 381 1.07427978515625 -3.30718088150024 -0.00794124603271 80004
1103520208056197 381 0.2802734375 7.96261167526245 -0.00113534927368 90004
1103160840046987 382 -1.2360954284668 -2.09640073776245 0.00893414672464 4
1103200769823567 382 -2.68309020996094 0.89471614360809 0.01708126068115 10004
1103240699599317 382 -1.20855712890625 -1.10575842857361 0.00813233852386 20004
1103280629375047 382 2.674560546875 -1.01581156253815 -0.01776790618896 30004
1103320559151087 382 0.1588134765625 7.32817363739014 -0.00022888183594 40004
1103360488926657 382 0.279541015625 6.39799404144287 -0.00242924690247 50004
1103400418700857 382 0.04638671875 8.25891208648682 -0.00000429153442 60004
1103440348478238 382 1.03466796875 -2.82802510261536 -0.00557374954224 70004
1103480278279747 382 0.89801025390625 -3.68489980697632 -0.00588989257813 80004
1103520208056197 382 0.557373046875 8.14977645874023 -0.0033860206604 90004
1103160840046987 383 -1.12158870697021 -2.43568134307861 0.00781109184027 4
1103200769823567 383 -2.62547302246094 0.51219069957733 0.01708209514618 10004
1103240699599317 383 -1.11944580078125 -1.5183846950531 0.00812995433807 20004
1103280629375047 383 2.301025390625 -1.08023607730865 -0.01568210124969 30004
1103320559151087 383 0.0665283203125 6.96663951873779 -0.00022959709167 40004
1103360488926657 383 0.171630859375 6.01625728607178 -0.00042247772217 50004
1103400418700857 383 0.04638671875 8.25891208648682 -0.00000429153442 60004
1103440348478238 383 1.15283203125 -2.52846455574036 -0.00668144226074 70004
1103480278279747 383 0.85211181640625 -4.10676717758179 -0.00588989257813 80004
1103520208056197 383 0.877685546875 8.23618698120117 -0.00562715530396 90004
1103160840046987 384 -1.01576638221741 -2.77776217460632 0.00668803136796 4
1103200769823567 384 -2.41139984130859 0.18996240198612 0.01595920324326 10004
1103240699599317 384 -0.89578247070313 -1.8766553401947 0.00588035583496 20004
1103280629375047 384 1.92236328125 -1.07639467716217 -0.01357293128967 30004
1103320559151087 384 0.1358642578125 6.60003185272217 -0.00023102760315 40004
1103360488926657 384 -0.087158203125 5.71581172943115 -0.00042057037354 50004
1103400418700857 384 0.04638671875 8.25891208648682 -0.00000429153442 60004
1103440348478238 384 1.38763427734375 -2.30783772468567 -0.00892305374146 70004
1103480278279747 384 0.72125244140625 -4.51034688949585 -0.00386047363281 80004
1103520208056197 384 1.033935546875 8.27239608764648 -0.00562334060669 90004
1103160840046987 385 -0.8089434504509 -3.06227731704712 0.00556498393416 4
1103200769823567 385 -2.19753265380859 -0.13235205411911 0.01483505964279 10004
1103240699599317 385 -0.80215454101563 -2.28051805496216 0.00588202476501 20004
1103280629375047 385 1.5445556640625 -1.09840548038483 -0.00930893421173 30004
1103320559151087 385 0.26708984375 6.25282192230225 -0.00135540962219 40004
1103360488926657 385 -0.23324584960938 5.35439777374268 0.00161170959473 50004
1103400418700857 385 0.0478515625 8.25599384307861 -0.00000524520874 60004
1103440348478238 385 1.53656005859375 -2.02801060676575 -0.00892114639282 70004
1103480278279747 385 0.72735595703125 -4.92712736129761 -0.00386238098145 80004
1103520208056197 385 1.236328125 8.28452682495117 -0.00784969329834 90004
1103160840046987 386 -0.63578850030899 -3.36598324775696 0.00444192672148 4
1103200769823567 386 -2.06116485595703 -0.48471185564995 0.01371085643768 10004
1103240699599317 386 -0.683349609375 -2.67922067642212 0.00475943088531 20004
1103280629375047 386 1.19146728515625 -1.2074009180069 -0.00726079940796 30004
1103320559151087 386 0.33984375 5.89593029022217 -0.00135612487793 40004
1103360488926657 386 -0.33505249023438 4.97094058990479 0.0016176700592 50004
1103400418700857 386 0.04443359375 8.15490436553955 -0.00000619888306 60004
1103440348478238 386 1.69012451171875 -1.74737954139709 -0.01004123687744 70004
1103480278279747 386 0.68780517578125 -5.33950757980347 -0.00386524200439 80004
1103520208056197 386 1.246826171875 8.28255844116211 -0.00783491134644 90004
1103160840046987 387 -0.54788613319397 -3.71165490150452 0.00444191601127 4
1103200769823567 387 -1.96329498291016 -0.85189247131348 0.01370966434479 10004
1103240699599317 387 -0.52032470703125 -3.06606912612915 0.00363516807556 20004
1103280629375047 387 0.88995361328125 -1.42516958713531 -0.00514185428619 30004
1103320559151087 387 0.35888671875 5.52597522735596 -0.00135707855225 40004
1103360488926657 387 -0.46871948242188 4.60479259490967 0.00366139411926 50004
1103400418700857 387 0.02978515625 7.90939617156982 -0.00000762939453 60004
1103440348478238 387 1.8592529296875 -1.47563195228577 -0.01116180419922 70004
1103480278279747 387 0.60260009765625 -5.74748754501343 -0.00386524200439 80004
1103520208056197 387 1.245849609375 8.28255844116211 -0.0078239440918 90004
1103160840046987 388 -0.51374340057373 -4.06808948516846 0.00331886019558 4
1103200769823567 388 -1.74837493896484 -1.17356991767883 0.01146292686462 10004
1103240699599317 388 -0.42999267578125 -3.47842645645142 0.00363516807556 20004
1103280629375047 388 0.67074584960938 -1.73415625095367 -0.00514352321625 30004
1103320559151087 388 0.4541015625 5.16527271270752 -0.00248193740845 40004
1103360488926657 388 -0.71759033203125 4.29573345184326 0.00366520881653 50004
1103400418700857 388 -0.00244140625 7.52222728729248 -0.00000858306885 60004
1103440348478238 388 1.9715576171875 -1.17374634742737 -0.01228189468384 70004
1103480278279747 388 0.65435791015625 -6.16866827011108 -0.00386714935303 80004
1103520208056197 388 1.244873046875 8.28255844116211 -0.00781345367432 90004
1103160840046987 389 -0.3321530520916 -4.37671804428101 0.00219581113197 4
1103200769823567 389 -1.44401550292969 -1.41237509250641 0.01033937931061 10004
1103240699599317 389 -0.26506042480469 -3.86722421646118 0.00250804424286 20004
1103280629375047 389 0.60238647460938 -2.10686755180359 -0.00312936306 30004
1103320559151087 389 0.69287109375 4.87866687774658 -0.00360679626465 40004
1103360488926657 389 -0.94952392578125 3.97387933731079 0.00575089454651 50004
1103400418700857 389 -0.12255859375 7.15270519256592 -0.00000953674316 60004
1103440348478238 389 2.1600341796875 -0.91337954998016 -0.0134015083313 70004
1103480278279747 389 0.80670166015625 -6.56471014022827 -0.00499200820923 80004
1103520208056197 389 1.243896484375 8.28255844116211 -0.00780344009399 90004
1103160840046987 390 -0.26114723086357 -4.72120761871338 0.00219581276178 4
1103200769823567 390 -1.12076568603516 -1.62414002418518 0.00809186697006 10004
1103240699599317 390 -0.23497009277344 -4.28082466125488 0.00250291824341 20004
1103280629375047 390 0.65707397460938 -2.47499251365662 -0.00312721729279 30004
1103320559151087 390 0.82476806640625 4.53648853302002 -0.00473570823669 40004
1103360488926657 390 -1.19577026367188 3.66318273544312 0.00783562660217 50004
1103400418700857 390 -0.11669921875 6.77110958099365 0.00107431411743 60004
1103440348478238 390 2.2708740234375 -0.61511290073395 -0.01452159881592 70004
1103480278279748 390 0.087890625 -7.81229400634766 -0.00000190734863 80004
1103520208056197 390 1.247314453125 8.23944854736328 -0.00779247283936 90004
1103160840046987 391 -0.15328387916088 -5.05373668670654 0.00107276684139 4
1103200769823567 391 -0.84946441650391 -1.88701736927032 0.00584423542023 10004
1103240699599317 391 -0.16018676757813 -4.68615913391113 0.00137591362 20004
1103280629375047 391 0.67144775390625 -2.84464621543884 -0.00425267219543 30004
1103320559151087 391 0.93685913085938 4.18085193634033 -0.00586652755737 40004
1103360488926657 391 -1.37277221679688 3.31817960739136 0.00783681869507 50004
1103400418700857 391 -0.13232421875 6.38810253143311 0.00107288360596 60004
1103440348478238 391 2.2864990234375 -0.30039718747139 -0.0145206451416 70004
1103480278279748 391 0.146484375 -7.48012161254883 -0.00000381469727 80004
1103520208056197 391 1.21044921875 8.10245418548584 -0.00709772109985 90004
1103160840046987 392 0.02850920706987 -5.36224460601807 -0.0000502805633 4
1103200769823567 392 -0.67562103271484 -2.22495055198669 0.00472062826157 10004
1103240699599317 392 -0.03643798828125 -5.08329582214355 0.00025081634521 20004
1103280629375047 392 0.63421630859375 -3.21794772148132 -0.00425481796265 30004
1103320559151087 392 1.08419799804688 3.84035491943359 -0.00587463378906 40004
1103360488926657 392 -1.47756958007813 2.93553113937378 0.00987005233765 50004
1103400418700857 392 -0.1688232421875 6.00826358795166 0.00106763839722 60004
1103440348478238 392 2.2003173828125 0.00512001290917 -0.01452016830444 70004
1103480278279748 392 0.19482421875 -7.06400489807129 -0.00112676620483 80004
1103520208056197 392 1.09228515625 7.87865543365479 -0.00708723068237 90004
1103160840046987 393 0.21091394126415 -5.67039346694946 -0.00117332593072 4
1103200769823567 393 -0.61910247802734 -2.60766649246216 0.0047190785408 10004
1103240699599317 393 -0.03399658203125 -5.50543785095215 0.00025069713593 20004
1103280629375047 393 0.68890380859375 -3.59302020072937 -0.00425803661346 30004
1103320559151087 393 1.29043579101563 3.53007888793945 -0.00812339782715 40004
1103360488926657 393 -1.58645629882813 2.55402708053589 0.00987386703491 50004
1103400418700857 393 -0.0799560546875 5.63008975982666 0.0010666847229 60004
1103440348478238 393 2.0167236328125 0.27159479260445 -0.01248931884766 70004
1103480278279748 393 0.38818359375 -6.64174842834473 -0.00225162506104 80004
1103520208056197 393 0.85107421875 7.63302707672119 -0.00502395629883 90004
1103160840046987 394 0.24599820375443 -6.02674388885498 -0.00117332406808 4
1103200769823567 394 -0.40607452392578 -2.93066596984863 0.00359386205673 10004
1103240699599317 394 0.14642333984375 -5.88703727722168 -0.00087320804596 20004
1103280629375047 394 0.62493896484375 -3.8050639629364 -0.0042599439621 30004
1103320559151087 394 1.34609985351563 3.16131210327148 -0.00812339782715 40004
1103360488926657 394 -1.84671020507813 2.25414609909058 0.01189541816711 50004
1103400418700857 394 -0.1590576171875 5.24969577789307 0.00106501579285 60004
1103440348478238 394 1.8253173828125 0.53243190050125 -0.01248741149902 70004
1103480278279748 394 0.38525390625 -6.17734718322754 -0.00225257873535 80004
1103520208056197 394 0.73681640625 7.30897617340088 -0.00502109527588 90004
1103160840046987 395 0.3323036134243 -6.37295007705688 -0.00117332185619 4
1103200769823567 395 -0.31035614013672 -3.29845142364502 0.00246983766556 10004
1103240699599317 395 0.193359375 -6.29904365539551 -0.00087332725525 20004
1103280629375047 395 0.64996337890625 -4.13938045501709 -0.0042632818222 30004
1103320559151087 395 1.51495361328125 2.83641338348389 -0.00925016403198 40004
1103360488926657 395 -2.05450439453125 1.91805601119995 0.01394557952881 50004
1103400418700857 395 -0.327392578125 4.90427494049072 0.00105881690979 60004
1103440348478238 395 1.7430419921875 0.76748591661453 -0.01048612594604 70004
1103480278279748 395 0.529541015625 -5.74455451965332 -0.00337839126587 80004
1103520208056197 395 0.732421875 6.97165012359619 -0.0050163269043 90004
1103160840046988 396 0.02252278663218 -7.90861511230469 0.00000000005821 4
1103200769823567 396 -0.17545318603516 -3.65126466751099 0.00134563446045 10004
1103240699599318 396 0.0357666015625 -7.90275192260742 -0.00000047683716 20004
1103280629375047 396 0.71173095703125 -4.51331233978271 -0.00426685810089 30004
1103320559151087 396 1.64678955078125 2.49689197540283 -0.01038074493408 40004
1103360488926657 396 -2.19113159179688 1.58387613296509 0.01394701004028 50004
1103400418700857 396 -0.56365966796875 4.59956455230713 0.00312972068787 60004
1103440348478238 396 1.6517333984375 1.02707886695862 -0.01048421859741 70004
1103480278279748 396 0.624755859375 -5.30122566223145 -0.00337982177734 80004
1103520208056197 396 0.69140625 6.63874912261963 -0.00501155853271 90004
1103160840046988 397 0.04179175570607 -7.69793176651001 0.00000000026193 4
1103200769823567 397 -0.00149536132813 -3.98914289474487 0.00022107362747 10004
1103240699599318 397 0.08056640625 -7.6517162322998 -0.00000143051147 20004
1103280629375047 397 0.73944091796875 -4.88452434539795 -0.004270195961 30004
1103320559151087 397 1.74102783203125 2.14274787902832 -0.01038837432861 40004
1103360488926657 397 -2.23580932617188 1.2461986541748 0.01394748687744 50004
1103400418700857 397 -0.80169677734375 4.30143642425537 0.0052318572998 60004
1103440348478238 397 1.5379638671875 1.32656645774841 -0.01048231124878 70004
1103480278279748 397 0.6708984375 -4.84736061096191 -0.00338172912598 80004
1103520208056197 397 0.571044921875 6.31704425811768 -0.00300455093384 90004
1103160840046988 398 -0.01626501977444 -7.4035062789917 0.00000000028376 4
1103200769823567 398 0.05490112304688 -4.37184953689575 0.00022041797638 10004
1103240699599318 398 0.045166015625 -7.2310619354248 -0.00000178813934 20004
1103280629375047 398 0.64373779296875 -5.25100994110107 -0.00427198410034 30004
1103320559151087 398 1.94805908203125 1.83247077465057 -0.01151299476624 40004
1103360488926657 398 -2.16403198242188 0.85608863830566 0.01394891738892 50004
1103400418700857 398 -0.93353271484375 3.93589615821838 0.00523090362549 60004
1103440348478238 398 1.4930419921875 1.64633727073669 -0.0104808807373 70004
1103480278279748 398 0.8642578125 -4.42510414123535 -0.00450754165649 80004
1103520208056197 398 0.4327392578125 6.0023775100708 -0.00300359725952 90004
1103160840046988 399 0.06873954832554 -7.05860280990601 0.00000000061118 4
1103200769823567 399 -0.05560302734375 -4.74259233474731 0.00022006034851 10004
1103240699599318 399 0.13720703125 -6.81118583679199 -0.00000274181366 20004
1103280629375047 399 0.71258544921875 -5.62379741668701 -0.00427567958832 30004
1103320559151087 399 2.26730346679688 1.63882339000702 -0.01376175880432 40004
1103360488926657 399 -1.93426513671875 0.53284549713135 0.01283288002014 50004
1103400418700857 399 -1.18060302734375 3.6356794834137 0.00725173950195 60004
1103440348478238 399 1.31707763671875 1.91738104820251 -0.00845909118652 70004
1103480278279748 399 0.861328125 -3.96070289611816 -0.00451135635376 80004
1103520208056197 399 0.4405517578125 5.65904712677002 -0.00300693511963 90004
1103160840046988 400 0.03845300897956 -6.71101665496826 0.00000000090222 4
1103200769823567 400 -0.04925537109375 -5.12341547012329 0.00021982192993 10004
1103240699599318 400 0.2830810546875 -6.40819549560547 -0.00112628936768 20004
1103280629375047 400 0.72027587890625 -6.00099086761475 -0.00427806377411 30004
1103320559151087 400 2.53668212890625 1.38448083400726 -0.01601481437683 40004
1103360488926657 400 -1.61920166015625 0.30517974495888 0.01059460639954 50004
1103400418700857 400 -1.364990234375 3.29638409614563 0.00927352905273 60004
1103440348478238 400 1.24017333984375 2.22497010231018 -0.00845718383789 70004
1103480278279748 400 0.927978515625 -3.50281047821045 -0.00563621520996 80004
1103520208056197 400 0.3392333984375 5.33721446990967 -0.00301122665405 90004
1103160840046988 401 0.04659779369831 -6.36432504653931 0.00000000093132 4
1103200769823567 401 0.07511138916016 -5.47998285293579 0.00021904706955 10004
1103240699599318 401 0.35551452636719 -5.99481582641602 -0.00225102901459 20004
1103280629375047 401 0.78839111328125 -6.3646879196167 -0.00428092479706 30004
1103320559151087 401 2.71856689453125 1.06939256191254 -0.01713895797729 40004
1103360488926657 401 -1.31124877929688 0.06302335858345 0.00947523117065 50004
1103400418700857 401 -1.4945068359375 2.93192219734192 0.00927209854126 60004
1103440348478238 401 1.145263671875 2.5289671421051 -0.00845527648926 70004
1103480278279748 401 1.109619140625 -3.08733081817627 -0.00676107406616 80004
1103520208056197 401 0.1414794921875 5.06636333465576 -0.00096750259399 90004
1103160840046988 402 0.09831405431032 -6.01767349243164 0.0000000015134 4
1103200769823567 402 0.260498046875 -5.817711353302 -0.00090450048447 10004
1103240699599318 402 0.35392761230469 -5.56604766845703 -0.0022531747818 20004
1103280629375048 402 0.00830078125 -7.95756149291992 0 30004
1103320559151087 402 2.81475830078125 0.71027457714081 -0.01713895797729 40004
1103360488926657 402 -1.07601928710938 -0.24748481810093 0.00723171234131 50004
1103400418700857 402 -1.6134033203125 2.56452965736389 0.00927114486694 60004
1103440348478238 402 1.00787353515625 2.82096219062805 -0.00642776489258 70004
1103480278279748 402 1.337158203125 -2.69197273254395 -0.00788497924805 80004
1103520208056197 402 -0.086669921875 4.81742000579834 0.00106906890869 90004
1103160840046988 403 0.05017152801156 -5.66575241088867 0.00000000160071 4
1103200769823567 403 0.39102172851563 -6.18183565139771 -0.0020278096199 10004
1103240699599318 403 0.40470886230469 -5.13916778564453 -0.00225698947906 20004
1103280629375048 403 0.04150390625 -7.78780746459961 -0.00000143051147 30004
1103320559151087 403 2.86407470703125 0.34060943126678 -0.01826119422913 40004
1103360488926657 403 -0.95101928710938 -0.623998939991 0.00723171234131 50004
1103400418700857 403 -1.8009033203125 2.22476601600647 0.01132798194885 60004
1103440348478238 403 0.89752197265625 3.12427258491516 -0.00642585754395 70004
1103480278279748 403 1.42755126953125 -2.23624992370605 -0.00901412963867 80004
1103520208056197 403 -0.225341796875 4.50275325775146 0.00107145309448 90004
1103160840046988 404 0.15527194738388 -5.32644367218018 0.00000000267755 4
1103200769823567 404 0.663330078125 -6.45660066604614 -0.00315129756927 10004
1103240699599318 404 0.51042175292969 -4.72240447998047 -0.0022611618042 20004
1103280629375048 404 0.01611328125 -7.4097785949707 -0.00000214576721 30004
1103320559151087 404 2.75323486328125 -0.01574589125812 -0.01826071739197 40004
1103360488926657 404 -0.99691772460938 -1.01796758174896 0.00723171234131 50004
1103400418700857 404 -2.01812744140625 1.90280473232269 0.01332664489746 60004
1103440348478238 404 0.92584228515625 3.44589734077454 -0.00642395019531 70004
1103480278279748 404 1.70208740234375 -1.86101412773132 -0.0101523399353 80004
1103520208056197 404 -0.484130859375 4.27571773529053 0.00312376022339 90004
1103160840046988 405 0.30911049246788 -5.00771808624268 -0.00112304161303 4
1103200769823568 405 0.0574951171875 -7.87677574157715 -0.00000035762787 10004
1103240699599318 405 0.59954833984375 -4.30205917358398 -0.00338661670685 20004
1103280629375048 405 0.12109375 -7.02716636657715 -0.00000333786011 30004
1103320559151087 405 2.53707885742188 -0.31203749775887 -0.01620674133301 40004
1103360488926657 405 -0.91464233398438 -1.39884555339813 0.00611019134521 50004
1103400418700857 405 -2.30767822265625 1.65032517910004 0.01542639732361 60004
1103440348478238 405 0.85015869140625 3.75378632545471 -0.00642061233521 70004
1103480278279748 405 1.950927734375 -1.469158411026 -0.01241302490234 80004
1103520208056197 405 -0.72021484375 4.02597713470459 0.00521278381348 90004
1103160840046988 406 0.40532580018044 -4.67453384399414 -0.00224608229473 4
1103200769823568 406 0.15815734863281 -7.62646102905273 -0.00000107288361 10004
1103240699599318 406 0.76840209960938 -3.9180269241333 -0.00451147556305 20004
1103280629375048 406 0.242919921875 -6.6347713470459 -0.00112557411194 30004
1103320559151087 406 2.29644775390625 -0.59678047895432 -0.01412582397461 40004
1103360488926657 406 -0.79183959960938 -1.77607142925262 0.00611066818237 50004
1103400418700857 406 -2.55816650390625 1.36547601222992 0.01542782783508 60004
1103440348478238 406 0.69146728515625 4.0294132232666 -0.00439786911011 70004
1103480278279748 406 2.179931640625 -1.06529831886292 -0.01355028152466 80004
1103520208056197 406 -0.8837890625 3.73265933990479 0.00521612167358 90004
1103160840046988 407 0.4646070599556 -4.33068895339966 -0.0022460767068 4
1103200769823568 407 0.24356842041016 -7.27169227600098 -0.00112575292587 10004
1103240699599318 407 0.98019409179688 -3.55275058746338 -0.00563609600067 20004
1103280629375048 407 0.2935791015625 -6.23342895507813 -0.00112390518188 30004
1103320559151087 407 2.04257202148438 -0.86261624097824 -0.01412868499756 40004
1103360488926657 407 -0.71408081054688 -2.15787672996521 0.00499367713928 50004
1103400418700857 407 -2.70538330078125 1.01327645778656 0.01749420166016 60004
1103440348478238 407 0.51544189453125 4.29339218139648 -0.00439691543579 70004
1103480278279748 407 2.347900390625 -0.64160370826721 -0.01467990875244 80004
1103520208056197 407 -1.014892578125 3.42133712768555 0.00729417800903 90004
1103160840046988 408 0.63468897342682 -4.01882934570313 -0.00336911901832 4
1103200769823568 408 0.21036529541016 -6.86179399490356 -0.00112682580948 10004
1103240699599318 408 1.06417846679688 -3.13121509552002 -0.00675928592682 20004
1103280629375048 408 0.2105712890625 -5.83000946044922 -0.00112247467041 30004
1103320559151087 408 1.71786499023438 -1.04631233215332 -0.01208162307739 40004
1103360488926657 408 -0.76486206054688 -2.55128645896912 0.00499439239502 50004
1103400418700857 408 -2.73175048828125 0.62561738491058 0.01749587059021 60004
1103440348478238 408 0.43243408203125 4.60548782348633 -0.00237655639648 70004
1103480278279748 408 2.3695068359375 -0.17779791355133 -0.01468181610107 80004
1103520208056197 408 -1.243408203125 3.16402816772461 0.00729751586914 90004
1103160840046988 409 0.67908895015717 -3.66640973091125 -0.00336911156774 4
1103200769823568 409 0.32830047607422 -6.46774339675903 -0.00112837553024 10004
1103240699599318 409 1.31854248046875 -2.78469181060791 -0.00788342952728 20004
1103280629375048 409 0.2110595703125 -5.41816711425781 -0.00112116336823 30004
1103320559151087 409 1.46395874023438 -1.31986236572266 -0.01002240180969 40004
1103360488926657 409 -0.64425659179688 -2.92922377586365 0.00499582290649 50004
1103400418700857 409 -2.59112548828125 0.26332128047943 0.01749873161316 60004
1103440348478238 409 0.22540283203125 4.85342788696289 -0.00237464904785 70004
1103480278279748 409 2.194091796875 0.25257954001427 -0.01468515396118 80004
1103520208056197 409 -1.34161376953125 2.83470153808594 0.00930833816528 90004
1103160840046988 410 0.83208227157593 -3.35281181335449 -0.00449214503169 4
1103200769823568 410 0.31288909912109 -6.06407976150513 -0.00225239992142 10004
1103240699599318 410 1.44480895996094 -2.38190937042236 -0.00900650024414 20004
1103280629375048 410 0.3419189453125 -5.03542137145996 -0.0011191368103 30004
1103320559151087 410 1.31448364257813 -1.65460681915283 -0.00798535346985 40004
1103360488926657 410 -0.65280151367188 -3.31876540184021 0.00500011444092 50004
1103400418700857 410 -2.34576416015625 -0.02903638035059 0.0152542591095 60004
1103440348478238 410 0.11138916015625 5.14948463439941 -0.00034236907959 70004
1103480278279748 410 1.954833984375 0.64834761619568 -0.01259660720825 80004
1103520208056197 410 -1.53717041015625 2.55938816070557 0.00931262969971 90004
1103160840046988 411 1.0759425163269 -3.10621786117554 -0.00673823338002 4
1103200769823568 411 0.34181976318359 -5.66359376907349 -0.00225365161896 10004
1103240699599318 411 1.61358642578125 -1.99787986278534 -0.01013028621674 20004
1103280629375048 411 0.4293212890625 -4.64297676086426 -0.00224053859711 30004
1103320559151087 411 1.16604614257813 -1.99509620666504 -0.00798559188843 40004
1103360488926657 411 -0.61813354492188 -3.70443892478943 0.00500249862671 50004
1103400418700857 411 -2.02154541015625 -0.22624823451042 0.01413369178772 60004
1103440348478238 411 0.08062744140625 5.46660423278809 -0.00034093856812 70004
1103480278279748 411 1.787353515625 1.06970036029816 -0.01059913635254 80004
1103520208056197 411 -1.73150634765625 2.2786169052124 0.011399269104 90004
1103160840046988 412 1.34714603424072 -2.8866503238678 -0.00786127150059 4
1103200769823568 412 0.43273162841797 -5.26524114608765 -0.00225532054901 10004
1103240699599318 412 1.82537841796875 -1.63260161876678 -0.01125717163086 20004
1103280629375048 412 0.4732666015625 -4.2408332824707 -0.00223898887634 30004
1103320559151087 412 1.02301025390625 -2.3325023651123 -0.00598335266113 40004
1103360488926657 412 -0.50790405273438 -4.08485174179077 0.00388932228088 50004
1103400418700857 412 -1.648193359375 -0.31801143288612 0.01061987876892 60004
1103440348478238 412 0.06744384765625 5.78343391418457 -0.00033807754517 70004
1103480278279748 412 1.66650390625 1.50961315631866 -0.01060676574707 80004
1103520208056197 412 -1.91558837890625 1.99292278289795 0.01140785217285 90004
1103160840046988 413 1.53633332252502 -2.58599853515625 -0.00898429937661 4
1103200769823568 413 0.44335174560547 -4.85412359237671 -0.00225639343262 10004
1103240699599318 413 1.90936279296875 -1.21106421947479 -0.01126050949097 20004
1103280629375048 413 0.6475830078125 -3.8677864074707 -0.00335991382599 30004
1103320559151087 413 0.99615478515625 -2.70461845397949 -0.0059871673584 40004
1103360488926657 413 -0.42529296875 -4.47269201278687 0.00277543067932 50004
1103400418700857 413 -1.25775146484375 -0.30892816185951 0.00836420059204 60004
1103440348478239 413 0 7.53247022628784 0 70004
1103480278279748 413 1.406005859375 1.89384472370148 -0.0085334777832 80004
1103520208056197 413 -2.17144775390625 1.76284694671631 0.0134916305542 90004
1103160840046988 414 1.83487021923065 -2.39346146583557 -0.01123037189245 4
1103200769823568 414 0.33296203613281 -4.45798826217651 -0.00225740671158 10004
1103240699599318 414 2.13758850097656 -0.84682315587997 -0.01350712776184 20004
1103280629375048 414 0.6710205078125 -3.45661163330078 -0.00335812568665 30004
1103320559151087 414 0.81451416015625 -3.03045463562012 -0.00599098205566 40004
1103360488926657 414 -0.484375 -4.86498785018921 0.0027801990509 50004
1103400418700857 414 -0.88067626953125 -0.21466711163521 0.00611543655396 60004
1103440348478239 414 0.0869140625 7.71789503097534 0.00000381469727 70004
1103480278279748 414 1.332763671875 2.35231804847717 -0.00854063034058 80004
1103520208056197 414 -2.30621337890625 1.44657421112061 0.01552629470825 90004
1103160840046988 415 2.05139589309692 -2.11983680725098 -0.01235340815037 4
1103200769823568 415 0.18441772460938 -4.07530927658081 -0.00225877761841 10004
1103240699599318 415 2.29660034179688 -0.45009255409241 -0.01463031768799 20004
1103280629375048 415 0.79324340820313 -3.1386661529541 -0.00448250770569 30004
1103320559151087 415 0.74896240234375 -3.39100074768066 -0.00398969650269 40004
1103360488926657 415 -0.415283203125 -5.24829483032227 0.00278854370117 50004
1103400418700857 415 -0.50006103515625 -0.24649897217751 0.00386667251587 60004
1103440348478239 415 0.111572265625 7.76709508895874 0.0000057220459 70004
1103480278279748 415 1.11932373046875 2.75511002540588 -0.00647640228271 80004
1103520208056197 415 -2.33111572265625 1.11010265350342 0.0155348777771 90004
1103160840046988 416 2.19511747360229 -1.81874024868011 -0.01347642950714 4
1103200769823568 416 -0.04927825927734 -3.74890661239624 -0.00024515390396 10004
1103240699599318 416 2.34054565429688 -0.0327667593956 -0.01463222503662 20004
1103280629375048 416 1.03594970703125 -2.87206649780273 -0.0056095123291 30004
1103320559151087 416 0.68914794921875 -3.75771903991699 -0.003990650177 40004
1103360488926657 416 -0.237060546875 -5.58899688720703 0.00167417526245 50004
1103400418700857 416 -0.1334228515625 -0.36684814095497 0.00161600112915 60004
1103440348478239 416 0.113525390625 7.76899099349976 0.00000619888306 70004
1103480278279748 416 0.89080810546875 3.15755867958069 -0.00647783279419 80004
1103520208056197 416 -2.24810791015625 0.78558731079102 0.01554679870605 90004
1103160840046988 417 2.31748366355896 -1.518310546875 -0.01459945458919 4
1103200769823568 417 -0.31916046142578 -3.44844102859497 0.00187528133392 10004
1103240699599318 417 2.24801635742188 0.37920022010803 -0.01463341712952 20004
1103280629375048 417 1.33224487304688 -2.59663391113281 -0.00785756111145 30004
1103320559151087 417 0.63665771484375 -4.12039947509766 -0.00399160385132 40004
1103360488926657 417 -0.029541015625 -5.91095924377441 0.00056052207947 50004
1103400418700857 417 0.1912841796875 -0.56684786081314 -0.00063323974609 60004
1103440348478239 417 0.113525390625 7.76899099349976 0.00000619888306 70004
1103480278279748 417 0.74334716796875 3.58916115760803 -0.00440073013306 80004
1103520208056197 417 -2.06524658203125 0.50343251228333 0.01331806182861 90004
1103160840046988 418 2.51217913627625 -1.2211936712265 -0.01572247594595 4
1103200769823568 418 -0.48056793212891 -3.0702338218689 0.00390774011612 10004
1103240699599318 418 2.02360534667969 0.74573224782944 -0.01263225078583 20004
1103280629375048 418 1.52703857421875 -2.23389434814453 -0.00898039340973 30004
1103320559151087 418 0.70501708984375 -4.48715972900391 -0.00399208068848 40004
1103360488926657 418 0.066650390625 -6.2955265045166 0.00056982040405 50004
1103400418700857 418 0.4383544921875 -0.86634069681168 -0.00175905227661 60004
1103440348478239 418 0.113525390625 7.76899099349976 0.00000619888306 70004
1103480278279748 418 0.74237060546875 4.05357360839844 -0.00440216064453 80004
1103520208056197 418 -1.79669189453125 0.29229140281677 0.01221227645874 90004
1103160840046988 419 2.56306910514832 -0.8696483373642 -0.0157224740833 4
1103200769823568 419 -0.78667449951172 -2.79569005966187 0.0039074420929 10004
1103240699599318 419 1.69647216796875 1.02438151836395 -0.0105105638504 20004
1103280629375048 419 1.68280029296875 -1.85273063182831 -0.01010346412659 30004
1103320559151087 419 0.80511474609375 -4.83193969726563 -0.00511574745178 40004
1103360488926657 419 0.31704711914063 -6.60300636291504 -0.00167179107666 50004
1103400418700857 419 0.6043701171875 -1.21783983707428 -0.00287675857544 60004
1103440348478239 419 0.113525390625 7.76899099349976 0.00000619888306 70004
1103480278279748 419 0.55877685546875 4.48009490966797 -0.00440359115601 80004
1103520208056197 419 -1.58184814453125 0.02579955756664 0.01110696792603 90004
1103160840046988 420 2.49895572662354 -0.52668714523315 -0.01572246849537 4
1103200769823568 420 -1.0098876953125 -2.45578289031982 0.00600743293762 10004
1103240699599318 420 1.48065185546875 1.38716304302216 -0.01051187515259 20004
1103280629375048 420 1.94842529296875 -1.54779136180878 -0.0123496055603 30004
1103320559151087 420 0.78729248046875 -5.19463539123535 -0.00512051582336 40004
1103360488926658 420 0.053466796875 -7.8849925994873 0.00000238418579 50004
1103400418700857 420 0.6473388671875 -1.59710562229156 -0.00399661064148 60004
1103440348478239 420 0.136962890625 7.75312376022339 0.00000905990601 70004
1103480278279748 420 0.42059326171875 4.92256927490234 -0.00236225128174 80004
1103520208056197 420 -1.4444580078125 -0.2843866944313 0.00999975204468 90004
1103160840046988 421 2.3294689655304 -0.22420045733452 -0.01572246477008 4
1103200769823568 421 -1.27277374267578 -2.15240216255188 0.00807642936707 10004
1103240699599318 421 1.39268493652344 1.79750430583954 -0.00844955444336 20004
1103280629375048 421 2.19723510742188 -1.22644603252411 -0.01347351074219 30004
1103320559151087 421 0.81072998046875 -5.55813789367676 -0.00512552261353 40004
1103360488926658 421 0.133544921875 -7.61506080627441 0.00000715255737 50004
1103400418700857 421 0.6004638671875 -1.9796816110611 -0.00399374961853 60004
1103440348478239 421 0.189697265625 7.68127012252808 -0.00111198425293 70004
1103480278279748 421 0.21795654296875 5.33096313476563 -0.0023627281189 80004
1103520208056197 421 -1.37115478515625 -0.61754614114761 0.00887823104858 90004
1103160840046988 422 2.10622429847717 0.0505156815052 -0.01367913838476 4
1103200769823568 422 -1.55101013183594 -1.91193699836731 0.01020228862762 10004
1103240699599318 422 1.35862731933594 2.22103977203369 -0.00844955444336 20004
1103280629375048 422 2.34893798828125 -0.85127031803131 -0.01459944248199 30004
1103320559151087 422 0.89764404296875 -5.91978645324707 -0.00513315200806 40004
1103360488926658 422 0.1925048828125 -7.21170616149902 -0.00111484527588 50004
1103400418700857 422 0.5467529296875 -2.35756850242615 -0.00398993492126 60004
1103440348478239 422 0.253173828125 7.5180869102478 -0.00110912322998 70004
1103480278279748 422 -0.02520751953125 5.71943283081055 -0.00034999847412 80004
1103520208056197 422 -1.30169677734375 -0.94734293222427 0.00888395309448 90004
1103160840046988 423 1.92286050319672 0.35464775562286 -0.01166252512485 4
1103200769823568 423 -1.67359161376953 -1.68534207344055 0.01020163297653 10004
1103240699599318 423 1.21377563476563 2.62568473815918 -0.00845038890839 20004
1103280629375048 423 2.37176513671875 -0.44004499912262 -0.01460123062134 30004
1103320559151087 423 0.93231201171875 -6.29136848449707 -0.00514078140259 40004
1103360488926658 423 0.1617431640625 -6.75784873962402 -0.0011134147644 50004
1103400418700857 423 0.6190185546875 -2.73922896385193 -0.00398230552673 60004
1103440348478239 423 0.284423828125 7.23300695419312 -0.00110626220703 70004
1103480278279749 423 0 7.53247022628784 0 80004
1103520208056197 423 -1.1258544921875 -1.24182605743408 0.00776481628418 90004
1103160840046988 424 1.85580229759216 0.70345640182495 -0.01166251581162 4
1103200769823568 424 -2.00374603271484 -1.44025254249573 0.01225221157074 10004
1103240699599318 424 0.91154479980469 2.93117332458496 -0.00638794898987 20004
1103280629375048 424 2.218505859375 -0.05781124532223 -0.01460242271423 30004
1103320559151087 424 1.08883666992188 -6.63008308410645 -0.00627136230469 40004
1103360488926658 424 0.2764892578125 -6.46070671081543 -0.00111055374146 50004
1103400418700857 424 0.5233154296875 -3.11585783958435 -0.00397920608521 60004
1103440348478239 424 0.155517578125 6.85581731796265 -0.00110483169556 70004
1103480278279749 424 0.1103515625 7.76998090744019 -0.00000190734863 80004
1103520208056197 424 -0.8680419921875 -1.46671199798584 0.00664710998535 90004
1103160840046988 425 1.68292570114136 1.00645852088928 -0.01166250463575 4
1103200769823568 425 -2.35594940185547 -1.22944247722626 0.01437819004059 10004
1103240699599318 425 0.72718811035156 3.31103038787842 -0.00438320636749 20004
1103280629375048 425 1.9952392578125 0.28524786233902 -0.01260221004486 30004
1103320559151088 425 0.054931640625 -7.88205718994141 -0.00000143051147 40004
1103360488926658 425 0.2952880859375 -6.04538726806641 -0.0011088848114 50004
1103400418700857 425 0.5535888671875 -3.49626040458679 -0.00397872924805 60004
1103440348478239 425 0.155517578125 6.46435689926147 -0.00110197067261 70004
1103480278279749 425 0.167236328125 7.86328458786011 -0.00000286102295 80004
1103520208056197 425 -0.6995849609375 -1.75806522369385 0.00552749633789 90004
1103160840046988 426 1.54532718658447 1.32473981380463 -0.00964463315904 4
1103200769823568 426 -2.65653228759766 -0.96338748931885 0.01626044511795 10004
1103240699599318 426 0.65577697753906 3.72828197479248 -0.00438332557678 20004
1103280629375048 426 1.8465576171875 0.57187193632126 -0.01260197162628 30004
1103320559151088 426 0.091552734375 -7.62308120727539 -0.00000190734863 40004
1103360488926658 426 0.3787841796875 -5.60914611816406 -0.0022304058075 50004
1103400418700857 426 0.5418701171875 -3.87540507316589 -0.00397729873657 60004
1103440348478239 426 0.279052734375 6.09518194198608 -0.00109910964966 70004
1103480278279749 426 0.186767578125 7.885901927948 -0.00113439559937 80004
1103520208056197 426 -0.6336669921875 -2.08651161193848 0.00441026687622 90004
1103160840046988 427 1.44917511940002 1.66236758232117 -0.00964463036507 4
1103200769823568 427 -2.89923858642578 -0.63148981332779 0.01834243535995 10004
1103240699599318 427 0.61250305175781 4.14828395843506 -0.00438344478607 20004
1103280629375048 427 1.746826171875 0.8368074297905 -0.01050651073456 30004
1103320559151088 427 0.1336669921875 -7.26211929321289 -0.00000238418579 40004
1103360488926658 427 0.536865234375 -5.18442916870117 -0.00335192680359 50004
1103400418700857 427 0.4881591796875 -4.25329351425171 -0.00294208526611 60004
1103440348478239 427 0.4423828125 5.73947095870972 -0.00222015380859 70004
1103480278279749 427 0.19677734375 7.88733434677124 -0.00114011764526 80004
1103520208056197 427 -0.6041259765625 -2.42242622375488 0.00441455841064 90004
1103160840046988 428 1.26575291156769 1.96646893024445 -0.00757854571566 4
1103200769823568 428 -3.14528656005859 -0.30201095342636 0.0204069018364 10004
1103240699599318 428 0.43312072753906 4.53883457183838 -0.00235271453857 20004
1103280629375048 428 1.500244140625 1.16680777072906 -0.01050615310669 30004
1103320559151088 428 0.3021240234375 -6.90035629272461 -0.00112581253052 40004
1103360488926658 428 0.628662109375 -4.73887252807617 -0.00335192680359 50004
1103400418700857 428 0.5604248046875 -4.63495397567749 -0.00293445587158 60004
1103440348478239 428 0.4833984375 5.34302473068237 -0.00221824645996 70004
1103480278279749 428 0.23681640625 7.89306402206421 -0.00114107131958 80004
1103520208056197 428 -0.4654541015625 -2.73593330383301 0.00329637527466 90004
1103160840046988 429 1.2280170917511 2.31965732574463 -0.00757853547111 4
1103200769823568 429 -3.22902679443359 0.10060539841652 0.02040708065033 10004
1103240699599318 429 0.37843322753906 4.96512699127197 -0.00235462188721 20004
1103280629375048 429 1.416259765625 1.57002508640289 -0.00848305225372 30004
1103320559151088 429 0.3885498046875 -6.51070785522461 -0.00225067138672 40004
1103360488926658 429 0.676513671875 -4.28647232055664 -0.00334906578064 50004
1103400418700857 429 0.4647216796875 -5.01158666610718 -0.00293207168579 60004
1103440348478239 429 0.5634765625 4.95256757736206 -0.00333738327026 70004
1103480278279749 429 0.23681640625 7.89306402206421 -0.00114107131958 80004
1103520208056197 429 -0.4722900390625 -3.07931709289551 0.00329875946045 90004
1103160840046988 430 1.08100509643555 2.63603329658508 -0.00757852103561 4
1103200769823568 430 -3.31240081787109 0.50330984592438 0.02040737867355 10004
1103240699599318 430 0.2281494140625 5.36367893218994 -0.00235641002655 20004
1103280629375048 430 1.21075439453125 1.91832935810089 -0.00848603248596 30004
1103320559151088 430 0.3453369140625 -6.12099075317383 -0.00225162506104 40004
1103360488926658 430 0.79541015625 -3.84940004348755 -0.00446963310242 50004
1103400418700857 430 0.4949951171875 -5.39199018478394 -0.00292563438416 60004
1103440348478239 430 0.761474609375 4.61482763290405 -0.00445747375488 70004
1103480278279749 430 0.23681640625 7.89306402206421 -0.00114107131958 80004
1103520208056197 430 -0.3699951171875 -3.40029335021973 0.00330495834351 90004
1103160840046988 431 0.90795624256134 2.94594812393188 -0.0055761593394 4
1103200769823568 431 -3.32559967041016 0.82429015636444 0.0224095582962 10004
1103240699599318 431 0.11976623535156 5.77257061004639 -0.00030732154846 20004
1103280629375048 431 1.04193115234375 2.28410315513611 -0.00645995140076 30004
1103320559151088 431 0.2283935546875 -5.74069976806641 -0.00225186347961 40004
1103360488926658 431 0.92144775390625 -3.41281366348267 -0.00558829307556 50004
1103400418700857 431 0.4832763671875 -5.77113676071167 -0.00292038917542 60004
1103440348478239 431 0.920166015625 4.25951528549194 -0.00557947158813 70004
1103480278279749 431 0.2763671875 7.80004262924194 -0.0011420249939 80004
1103520208056197 431 -0.3040771484375 -3.72873878479004 0.00218439102173 90004
1103160840046988 432 0.78244376182556 3.27145981788635 -0.00557614956051 4
1103200769823568 432 -3.21924591064453 1.08437025547028 0.02128499746323 10004
1103240699599319 432 0.02447509765625 7.58491468429565 -0.00000023841858 20004
1103280629375048 432 0.91033935546875 2.66657328605652 -0.00646185874939 30004
1103320559151088 432 0.095947265625 -5.36520385742188 -0.00023150444031 40004
1103360488926658 432 1.07553100585938 -2.99364709854126 -0.0067081451416 50004
1103400418700857 432 0.4295654296875 -6.14902639389038 -0.00291728973389 60004
1103440348478239 432 1.0394287109375 3.88663053512573 -0.00557470321655 70004
1103480278279749 432 0.33251953125 7.55938863754272 -0.00114488601685 80004
1103520208056197 432 -0.2745361328125 -4.06465339660645 0.00218677520752 90004
1103160840046988 433 0.76842892169952 3.62638235092163 -0.00557613931596 4
1103200769823568 433 -2.96404266357422 1.40696346759796 0.02016067504883 10004
1103240699599319 433 0.12237548828125 7.7946925163269 -0.00000095367432 20004
1103280629375048 433 0.65823364257813 2.99181437492371 -0.00441336631775 30004
1103320559151088 433 0.008544921875 -4.97574615478516 -0.00023198127747 40004
1103360488926658 433 1.36166381835938 -2.6406044960022 -0.00782060623169 50004
1103400418700858 433 0 -8 0 60004
1103440348478239 433 1.27532958984375 3.56646299362183 -0.00780773162842 70004
1103480278279749 433 0.31982421875 7.15490102767944 -0.00114774703979 80004
1103520208056197 433 -0.1358642578125 -4.37816047668457 0.00106859207153 90004
1103160840046988 434 0.65494298934937 3.96292519569397 -0.00354927382432 4
1103200769823568 434 -2.59636688232422 1.5915275812149 0.01678943634033 10004
1103240699599319 434 0.13848876953125 7.80825757980347 -0.00000143051147 20004
1103280629375048 434 0.56698608398438 3.39336085319519 -0.0044150352478 30004
1103320559151088 434 -0.23532104492188 -4.65972900390625 0.00177001953125 40004
1103360488926658 434 1.47152709960938 -2.19939661026001 -0.00893306732178 50004
1103400418700858 434 -0.0146484375 -7.79944610595703 -0.00000095367432 60004
1103440348478239 434 1.5750732421875 3.30422163009644 -0.01005172729492 70004
1103480278279749 434 0.21826171875 6.76311635971069 -0.00114870071411 80004
1103520208056197 434 -0.1427001953125 -4.72154426574707 0.00107192993164 90004
1103160840046988 435 0.44276279211044 4.23983335494995 -0.00354926753789 4
1103200769823568 435 -2.26669311523438 1.83406639099121 0.01566600799561 10004
1103240699599319 435 0.14251708984375 7.81164884567261 -0.00000309944153 20004
1103280629375048 435 0.35482788085938 3.73767828941345 -0.00235795974731 30004
1103320559151088 435 -0.36227416992188 -4.28863143920898 0.00176930427551 40004
1103360488926658 435 1.714111328125 -1.82431268692017 -0.01004934310913 50004
1103400418700858 435 0.08203125 -7.48479461669922 -0.00000262260437 60004
1103440348478239 435 1.769775390625 2.96529054641724 -0.01117038726807 70004
1103480278279749 435 0.247802734375 6.3667140007019 -0.00115060806274 80004
1103520208056197 435 -0.1129150390625 -5.06284523010254 0.00107622146606 90004
1103160840046988 436 0.26348730921745 4.53662538528442 -0.00151420920156 4
1103200769823568 436 -1.94526672363281 2.09045600891113 0.01342004537582 10004
1103240699599319 436 0.14251708984375 7.81164884567261 -0.00000500679016 20004
1103280629375048 436 0.18295288085938 4.10107088088989 -0.00034594535828 30004
1103320559151088 436 -0.45944213867188 -3.90160250663757 0.00377130508423 40004
1103360488926658 436 1.9130859375 -1.42718744277954 -0.012291431427 50004
1103400418700858 436 0.13525390625 -7.12028121948242 -0.00000500679016 60004
1103440348478239 436 1.952880859375 2.61352205276489 -0.01229000091553 70004
1103480278279749 436 0.273681640625 5.96567106246948 -0.00115203857422 80004
1103520208056197 436 -0.0010986328125 -5.37821769714355 0.0010814666748 90004
1103160840046988 437 0.16027818620205 4.87596893310547 -0.00151420710608 4
1103200769823568 437 -1.62892150878906 2.3519926071167 0.01117312908173 10004
1103240699599319 437 0.14251708984375 7.81164884567261 -0.00000691413879 20004
1103280629375048 437 0.13473510742188 4.49629068374634 -0.0003467798233 30004
1103320559151088 437 -0.60446166992188 -3.53729510307312 0.0037670135498 40004
1103360488926658 437 2.0679931640625 -1.00802087783813 -0.01228713989258 50004
1103400418700858 437 0.134765625 -6.74581718444824 -0.00000643730164 60004
1103440348478239 437 2.119384765625 2.2602915763855 -0.01340961456299 70004
1103480278279749 437 0.238037109375 5.56330251693726 -0.00115251541138 80004
1103520208056197 437 0.14752197265625 -5.68097305297852 -0.00004100799561 90004
1103160840046988 438 0.08794283121824 5.22369527816772 -0.00151420605835 4
1103200769823568 438 -1.34080505371094 2.64539623260498 0.00892645120621 10004
1103240699599319 438 0.14251708984375 7.81164884567261 -0.00000882148743 20004
1103280629375048 438 0.21578979492188 4.87254190444946 -0.00034844875336 30004
1103320559151088 438 -0.86373901367188 -3.23387026786804 0.00577473640442 40004
1103360488926658 438 2.3551025390625 -0.65497827529907 -0.01452994346619 50004
1103400418700858 438 0.21484375 -6.37698936462402 -0.001131772995 60004
1103440348478239 438 2.164306640625 1.86449694633484 -0.01340627670288 70004
1103480278279749 438 0.159912109375 5.16626119613647 -0.00115346908569 80004
1103520208056197 438 0.19146728515625 -6.02157974243164 -0.00117349624634 90004
1103160840046988 439 -0.09682825952768 5.52700996398926 0.00052514043637 4
1103200769823568 439 -1.11614227294922 2.98985433578491 0.00780206918716 10004
1103240699599319 439 0.19598388671875 7.71900510787964 -0.00113260746002 20004
1103280629375048 439 0.12448120117188 5.27408456802368 -0.00034928321838 30004
1103320559151088 439 -0.97067260742188 -2.84926867485046 0.00577354431152 40004
1103360488926658 439 2.52206420898438 -0.23204754292965 -0.01564884185791 50004
1103400418700858 439 0.1982421875 -6.0000057220459 -0.001131772995 60004
1103440348478239 439 2.371337890625 1.52545428276062 -0.01452589035034 70004
1103480278279749 439 0.256591796875 4.77330923080444 -0.00115633010864 80004
1103520208056197 439 0.37506103515625 -6.31171798706055 -0.00231170654297 90004
1103160840046988 440 -0.1724866181612 5.86758995056152 0.00052514037816 4
1103200769823568 440 -0.92290496826172 3.35228800773621 0.00667768716812 10004
1103240699599319 440 0.217041015625 7.6086802482605 -0.00113308429718 20004
1103280629375048 440 -0.087646484375 5.61840105056763 -0.00034987926483 30004
1103320559151088 440 -0.98898315429688 -2.45386958122253 0.00577163696289 40004
1103360488926658 440 2.54318237304688 0.21426939964294 -0.01564645767212 50004
1103400418700858 440 0.302490234375 -5.64427947998047 -0.001131772995 60004
1103440348478239 440 2.456787109375 1.1438467502594 -0.0156364440918 70004
1103480278279749 440 0.470458984375 4.43944311141968 -0.00228500366211 80004
1103520208056198 440 0.08642578125 -7.76259231567383 -0.00000476837158 90004
1103160840046989 441 0.03214830160141 7.6188907623291 0.0000000000291 4
1103200769823568 441 -0.73470306396484 3.71788692474365 0.00555378198624 10004
1103240699599319 441 0.166259765625 7.39691877365112 -0.00113320350647 20004
1103280629375048 441 -0.25946044921875 5.98179292678833 0.00170934200287 30004
1103320559151088 441 -0.89498901367188 -2.07537722587585 0.00577020645142 40004
1103360488926658 441 2.42111206054688 0.64142543077469 -0.01564359664917 50004
1103400418700858 441 0.366455078125 -5.28146743774414 -0.00225186347961 60004
1103440348478239 441 2.416259765625 0.75675815343857 -0.01562309265137 70004
1103480278279749 441 0.645263671875 4.08588171005249 -0.00341272354126 80004
1103520208056198 441 0.12939453125 -7.43661880493164 -0.0000114440918 90004
1103160840046989 442 0.0827878266573 7.750901222229 0.00000000017462 4
1103200769823568 442 -0.58382415771484 4.09263467788696 0.00442987680435 10004
1103240699599319 442 0.091552734375 7.06169748306274 -0.00113332271576 20004
1103280629375049 442 0.0245361328125 7.58510541915894 -0.00000047683716 30004
1103320559151088 442 -0.76022338867188 -1.70712316036224 0.00576829910278 40004
1103360488926658 442 2.18838500976563 1.03096222877502 -0.01360368728638 50004
1103400418700858 442 0.34130859375 -4.9052562713623 -0.00225067138672 60004
1103440348478239 442 2.260498046875 0.39427381753922 -0.01561260223389 70004
1103480278279749 442 0.76513671875 3.70433664321899 -0.00453758239746 80004
1103520208056198 442 0.13623046875 -7.10593032836914 -0.00001621246338 90004
1103160840046989 443 0.09246382117271 7.76044082641602 0.00000000029104 4
1103200769823568 443 -0.56148529052734 4.50328683853149 0.00442850589752 10004
1103240699599319 443 0.128173828125 6.64255380630493 -0.00113379955292 20004
1103280629375049 443 0.1226806640625 7.79564619064331 -0.00000214576721 30004
1103320559151088 443 -0.75143432617188 -1.30806195735931 0.00576686859131 40004
1103360488926658 443 1.90695190429688 1.38850998878479 -0.01156497001648 50004
1103400418700858 443 0.29052734375 -4.53136253356934 -0.00224781036377 60004
1103440348478239 443 2.015380859375 0.07948166131973 -0.01351690292358 70004
1103480278279749 443 0.95458984375 3.3570122718811 -0.00566244125366 80004
1103520208056198 443 0.25146484375 -6.78938674926758 -0.00114679336548 90004
1103160840046989 444 0.092463940382 7.76044082641602 -0.00000000011642 4
1103200769823568 444 -0.36772918701172 4.86606168746948 0.00330340862274 10004
1103240699599319 444 0.13525390625 6.22188425064087 -0.00113391876221 20004
1103280629375049 444 0.1632080078125 7.82956647872925 -0.00000381469727 30004
1103320559151088 444 -0.85592651367188 -0.9227911233902 0.00576519966125 40004
1103360488926658 444 1.80294799804688 1.83141922950745 -0.01156258583069 50004
1103400418700858 444 0.15966796875 -4.17751121520996 -0.00024366378784 60004
1103440348478239 444 1.925537109375 -0.30910006165504 -0.01149463653564 70004
1103480278279749 444 1.19287109375 3.03022623062134 -0.00678730010986 80004
1103520208056198 444 0.22216796875 -6.45398330688477 -0.00115060806274 90004
1103160840046989 445 0.09246405959129 7.76044082641602 -0.00000000046566 4
1103200769823568 445 -0.16439056396484 5.22350597381592 0.00217932462692 10004
1103240699599319 445 0.0921630859375 5.80441904067993 -0.00113391876221 20004
1103280629375049 445 0.17333984375 7.83804655075073 -0.00000715255737 30004
1103320559151088 445 -0.92123413085938 -0.52966105937958 0.00576400756836 40004
1103360488926658 445 1.76046752929688 2.2829315662384 -0.0115602016449 50004
1103400418700858 445 -0.043701171875 -3.8635311126709 -0.00024437904358 60004
1103440348478239 445 1.71923828125 -0.64233982563019 -0.01149368286133 70004
1103480278279749 445 1.41741943359375 2.69342947006226 -0.0090389251709 80004
1103520208056198 445 0.30126953125 -6.13272476196289 -0.00115633010864 90004
1103160840046989 446 0.09246417880058 7.76044082641602 -0.00000000081491 4
1103200769823568 446 -0.04262542724609 5.60614490509033 0.00105476379395 10004
1103240699599319 446 0.1141357421875 5.39231729507446 -0.00113391876221 20004
1103280629375049 446 0.17333984375 7.83804655075073 -0.00001096725464 30004
1103320559151088 446 -1.05453491210938 -0.16344664990902 0.00576305389404 40004
1103360488926658 446 1.64352416992188 2.7113926410675 -0.01155805587769 50004
1103400418700858 446 -0.19671630859375 -3.52875518798828 0.00177073478699 60004
1103440348478239 446 1.48590087890625 -0.9653297662735 -0.00943899154663 70004
1103480278279749 446 1.6036376953125 2.3353533744812 -0.01017665863037 80004
1103520208056198 446 0.42919921875 -5.82154846191406 -0.00228691101074 90004
1103160840046989 447 0.09246429800987 7.76044082641602 -0.00000000128057 4
1103200769823569 447 0.04202270507813 7.6225790977478 -0.00000011920929 10004
1103240699599319 447 0.258544921875 5.00505304336548 -0.00113439559937 20004
1103280629375049 447 0.17333984375 7.83804655075073 -0.0000147819519 30004
1103320559151088 447 -1.2994384765625 0.14269153773785 0.00781965255737 40004
1103360488926658 447 1.46493530273438 3.12530541419983 -0.0095546245575 50004
1103400418700858 447 -0.30853271484375 -3.1744213104248 0.00176334381104 60004
1103440348478239 447 1.30352783203125 -1.31217885017395 -0.00943756103516 70004
1103480278279749 447 1.78985595703125 1.9839528799057 -0.011314868927 80004
1103520208056198 447 0.533203125 -5.50801277160645 -0.00340890884399 90004
1103160840046989 448 0.09246441721916 7.76044082641602 -0.00000000168802 4
1103200769823569 448 0.21016693115234 7.98298597335815 -0.00112402439117 10004
1103240699599319 448 0.52522277832031 4.67932367324829 -0.00226044654846 20004
1103280629375049 448 0.17333984375 7.83804655075073 -0.00001859664917 30004
1103320559151088 448 -1.6358642578125 0.35720947384834 0.00985026359558 40004
1103360488926658 448 1.38632202148438 3.57333016395569 -0.0095522403717 50004
1103400418700858 448 -0.52178955078125 -2.86367225646973 0.00378584861755 60004
1103440348478239 448 1.24200439453125 -1.70601582527161 -0.00742053985596 70004
1103480278279749 448 2.08477783203125 1.70640504360199 -0.01245260238647 80004
1103520208056198 448 0.5302734375 -5.17129707336426 -0.00340604782104 90004
1103160840046989 449 0.14860144257545 7.63997220993042 -0.00000000116415 4
1103200769823569 449 0.36261749267578 8.11080646514893 -0.00224834680557 10004
1103240699599319 449 0.628662109375 4.27157831192017 -0.00338518619537 20004
1103280629375049 449 0.17333984375 7.83804655075073 -0.00002241134644 30004
1103320559151088 449 -2.03152465820313 0.40936973690987 0.01195597648621 40004
1103360488926658 449 1.125244140625 3.94606423377991 -0.00745606422424 50004
1103400418700858 449 -0.64093017578125 -2.50565528869629 0.00378489494324 60004
1103440348478239 449 1.01947021484375 -2.03720235824585 -0.00741386413574 70004
1103480278279749 449 2.23419189453125 1.3303884267807 -0.01358938217163 80004
1103520208056198 449 0.6328125 -4.85132026672363 -0.0034008026123 90004
1103160840046989 450 0.1625751554966 7.38206815719604 -0.00000000139698 4
1103200769823569 450 0.68880462646484 8.21996593475342 -0.00337284803391 10004
1103240699599319 450 0.85418701171875 3.92534589767456 -0.0045108795166 20004
1103280629375049 450 0.193115234375 7.78458547592163 -0.00114560127258 30004
1103320559151088 450 -2.35360717773438 0.56466436386108 0.01402044296265 40004
1103360488926658 450 1.0006103515625 4.37526941299438 -0.00745010375977 50004
1103400418700858 450 -0.86553955078125 -2.21058082580566 0.00578451156616 60004
1103440348478239 450 0.91864013671875 -2.41537714004517 -0.00535440444946 70004
1103480278279749 450 2.25238037109375 0.93336349725723 -0.0135931968689 80004
1103520208056198 450 0.684814453125 -4.52031135559082 -0.00339555740356 90004
1103160840046989 451 0.09030314534903 7.0754132270813 -0.00000000128057 4
1103200769823569 451 0.97872161865234 8.2541618347168 -0.005619764328 10004
1103240699599319 451 1.03924560546875 3.55861043930054 -0.00563430786133 20004
1103280629375049 451 0.20068359375 7.6803297996521 -0.00114321708679 30004
1103320559151088 451 -2.60971069335938 0.82783985137939 0.0160984992981 40004
1103360488926658 451 0.83065795898438 4.78565073013306 -0.00543594360352 50004
1103400418700858 451 -1.10772705078125 -1.92202317714691 0.00780534744263 60004
1103440348478239 451 0.92547607421875 -2.80803537368774 -0.00535297393799 70004
1103480278279749 451 2.16290283203125 0.54446893930435 -0.01359987258911 80004
1103520208056198 451 0.707275390625 -4.18470191955566 -0.00451517105103 90004
1103160840046989 452 -0.01805940642953 6.75782442092896 -0.00000000120053 4
1103200769823569 452 1.12544250488281 8.22825908660889 -0.00674319267273 10004
1103240699599319 452 1.16961669921875 3.16169309616089 -0.00675737857819 20004
1103280629375049 452 0.1602783203125 7.50485754013062 -0.00114166736603 30004
1103320559151088 452 -2.78353881835938 1.17928600311279 0.01817989349365 40004
1103360488926658 452 0.61544799804688 5.1772084236145 -0.00335741043091 50004
1103400418700858 452 -1.31597900390625 -1.60928046703339 0.00780439376831 60004
1103440348478239 452 0.95672607421875 -3.19822549819946 -0.00535106658936 70004
1103480278279749 452 1.99249267578125 0.17849832773209 -0.01360702514648 80004
1103520208056198 452 0.752197265625 -3.85723972320557 -0.00450944900513 90004
1103160840046989 453 -0.01814887300134 6.41618013381958 -0.00000000124419 4
1103200769823569 453 1.12532043457031 8.22825908660889 -0.00674307346344 10004
1103240699599319 453 1.37969970703125 2.79725980758667 -0.00788199901581 20004
1103280629375049 453 0.0323486328125 7.21465826034546 -0.0011397600174 30004
1103320559151088 453 -2.83578491210938 1.57503604888916 0.01817798614502 40004
1103360488926658 453 0.53683471679688 5.62523698806763 -0.00335621833801 50004
1103400418700858 453 -1.474609375 -1.26737678050995 0.00986337661743 60004
1103440348478239 453 0.85906982421875 -3.58454751968384 -0.00534963607788 70004
1103480278279749 453 1.77667236328125 -0.1640976369381 -0.01154899597168 80004
1103520208056198 453 0.902587890625 -3.55698490142822 -0.00562906265259 90004
1103160840046989 454 -0.15661707520485 6.10392236709595 -0.00000000162981 4
1103200769823569 454 1.12519836425781 8.22825908660889 -0.00674295425415 10004
1103240699599319 454 1.72393798828125 2.55581617355347 -0.01012969017029 20004
1103280629375049 454 -0.0198974609375 6.85943365097046 0.00088095664978 30004
1103320559151088 454 -2.75570678710938 1.82881259918213 0.0181736946106 40004
1103360488926658 454 0.27609252929688 5.99797105789185 -0.00125527381897 50004
1103400418700858 454 -1.76324462890625 -1.02497947216034 0.01194953918457 60004
1103440348478239 454 0.64617919921875 -3.92125558853149 -0.00330448150635 70004
1103480278279749 454 1.72589111328125 -0.56563830375671 -0.01155614852905 80004
1103520208056198 454 0.912353515625 -3.22045612335205 -0.00562572479248 90004
1103160840046989 455 -0.18637086451054 5.76966142654419 0.0020071300678 4
1103200769823569 455 1.12507629394531 8.22825908660889 -0.00674289464951 10004
1103240699599319 455 1.96771240234375 2.2221302986145 -0.01237893104553 20004
1103280629375049 455 -0.1810302734375 6.54578542709351 0.00087869167328 30004
1103320559151088 455 -2.64669799804688 1.98929262161255 0.01816892623901 40004
1103360488926659 455 0.0838623046875 7.71217107772827 0.00000190734863 50004
1103400418700858 455 -2.02081298828125 -0.75030463933945 0.01195025444031 60004
1103440348478239 455 0.55487060546875 -4.30187463760376 -0.00330352783203 70004
1103480278279749 455 1.598388671875 -0.94693517684937 -0.00953769683838 80004
1103520208056198 455 1.027587890625 -2.9111328125 -0.00562381744385 90004
1103160840046989 456 -0.10801860690117 5.4454402923584 0.00088408071315 4
1103200769823569 456 1.09403991699219 8.14331722259521 -0.00674271583557 10004
1103240699599319 456 2.24440002441406 1.91850018501282 -0.01350259780884 20004
1103280629375049 456 -0.30557250976563 6.21827840805054 0.00288951396942 30004
1103320559151088 456 -2.41403198242188 2.12572693824768 0.01591849327087 40004
1103360488926659 456 0.2269287109375 7.90521001815796 -0.0011191368103 50004
1103400418700858 456 -2.19610595703125 -0.42608958482742 0.01395893096924 60004
1103440348478239 456 0.59002685546875 -4.68937158584595 -0.00330114364624 70004
1103480278279749 456 1.532958984375 -1.33632695674896 -0.00954914093018 80004
1103520208056198 456 1.234130859375 -2.65714645385742 -0.00784873962402 90004
1103160840046989 457 0.07112039625645 5.16163778305054 -0.0002389656147 4
1103200769823569 457 1.01361083984375 7.92732906341553 -0.00674271583557 10004
1103240699599319 457 2.55416870117188 1.64506125450134 -0.01575064659119 20004
1103280629375049 457 -0.38479614257813 5.87153768539429 0.00288867950439 30004
1103320559151088 457 -2.08615112304688 2.30690407752991 0.01366424560547 40004
1103360488926659 457 0.3662109375 8.01880168914795 -0.00223875045776 50004
1103400418700858 457 -2.25885009765625 -0.06070723384619 0.01396059989929 60004
1103440348478239 457 0.67279052734375 -5.07347726821899 -0.00329828262329 70004
1103480278279749 457 1.51068115234375 -1.73313987255096 -0.0095591545105 80004
1103520208056198 457 1.46954345703125 -2.42629432678223 -0.00895595550537 90004
1103160840046989 458 0.33697444200516 4.94700908660889 -0.00136200967245 4
1103200769823569 458 0.87762451171875 7.57297086715698 -0.00674307346344 10004
1103240699599319 458 2.7630615234375 1.27978491783142 -0.01687860488892 20004
1103280629375049 458 -0.54495239257813 5.55024862289429 0.00288820266724 30004
1103320559151088 458 -1.81634521484375 2.60115456581116 0.01253199577332 40004
1103360488926659 458 0.400390625 8.03374004364014 -0.00223636627197 50004
1103400418700858 458 -2.19927978515625 0.31183242797852 0.01396346092224 60004
1103440348478239 458 0.64056396484375 -5.47068643569946 -0.00329637527466 70004
1103480278279749 458 1.35736083984375 -2.10768961906433 -0.00956583023071 80004
1103520208056198 458 1.62109375 -2.12603950500488 -0.01007127761841 90004
1103160840046989 459 0.48720735311508 4.64014863967896 -0.00248505268246 4
1103200769823569 459 0.80744934082031 7.18158292770386 -0.00471049547195 10004
1103240699599319 459 2.80912780761719 0.86156857013702 -0.01800513267517 20004
1103280629375049 459 -0.56350708007813 5.19166707992554 0.00288772583008 30004
1103320559151088 459 -1.47796630859375 2.81124520301819 0.01028776168823 40004
1103360488926659 459 0.400390625 8.03374004364014 -0.00223255157471 50004
1103400418700858 459 -1.98736572265625 0.62410736083984 0.01284289360046 60004
1103440348478239 459 0.74114990234375 -5.8562912940979 -0.00441551208496 70004
1103480278279749 459 1.37689208984375 -2.51192545890808 -0.00957918167114 80004
1103520208056198 459 1.88433837890625 -1.91832458972931 -0.0111870765686 90004
1103160840046989 460 0.58603471517563 4.31462812423706 -0.00360809755512 4
1103200769823569 460 0.61817169189453 6.84000682830811 -0.00471127033234 10004
1103240699599319 460 2.980712890625 0.48542419075966 -0.01912689208984 20004
1103280629375049 460 -0.69427490234375 4.86420202255249 0.00493943691254 30004
1103320559151088 460 -1.22885131835938 3.11384701728821 0.0080394744873 40004
1103360488926659 460 0.400390625 8.03374004364014 -0.00222873687744 50004
1103400418700858 460 -1.86041259765625 0.97533226013184 0.01284623146057 60004
1103440348478239 460 0.71282958984375 -6.24669694900513 -0.00441455841064 70004
1103480278279749 460 1.26678466796875 -2.89389681816101 -0.00752544403076 80004
1103520208056198 460 2.06280517578125 -1.64120447635651 -0.01230335235596 90004
1103160840046989 461 0.73400372266769 4.01568365097046 -0.00360809359699 4
1103200769823569 461 0.43520355224609 6.49086666107178 -0.00267082452774 10004
1103240699599319 461 3.1082763671875 0.09500835835934 -0.01912951469421 20004
1103280629375049 461 -0.81961059570313 4.53100347518921 0.00493705272675 30004
1103320559151088 461 -1.09017944335938 3.47803044319153 0.0080361366272 40004
1103360488926659 461 0.400390625 8.03374004364014 -0.00222492218018 50004
1103400418700858 461 -1.68951416015625 1.3016242980957 0.01172423362732 60004
11034403484782310 461 0.0849609375 -7.81831741333008 0.00000190734863 70004
1103480278279749 461 1.10125732421875 -3.2630717754364 -0.00752592086792 80004
1103520208056198 461 2.26934814453125 -1.38721907138824 -0.01454067230225 90004
1103160840046989 462 0.93766665458679 3.74225473403931 -0.00585418194532 4
1103200769823569 462 0.32253265380859 6.1119966506958 -0.00267159938812 10004
1103240699599319 462 3.1041259765625 -0.31823599338531 -0.01913130283356 20004
1103280629375049 462 -0.93765258789063 4.19866895675659 0.00493466854095 30004
1103320559151088 462 -0.99179077148438 3.857586145401 0.00691056251526 40004
1103360488926659 462 0.406982421875 8.00623607635498 -0.00222206115723 50004
1103400418700858 462 -1.4808349609375 1.60895824432373 0.01059341430664 60004
11034403484782310 462 0.21240234375 -7.44556045532227 -0.0011191368103 70004
1103480278279749 462 0.96624755859375 -3.63708186149597 -0.00550651550293 80004
1103520208056198 462 2.50396728515625 -1.15636885166168 -0.01565742492676 90004
1103160840046989 463 1.10957086086273 3.44698667526245 -0.00697722053155 4
1103200769823569 463 0.28273773193359 5.71636867523193 -0.00267225503922 10004
1103240699599319 463 2.9644775390625 -0.71507894992828 -0.01913213729858 20004
1103280629375049 463 -1.16079711914063 3.91724467277527 0.00698184967041 30004
1103320559151088 463 -0.77255249023438 4.19102716445923 0.00578427314758 40004
1103360488926659 463 0.433349609375 7.89621257781982 -0.00222015380859 50004
1103400418700858 463 -1.3802490234375 1.97316646575928 0.00946736335754 60004
11034403484782310 463 0.21240234375 -7.04462814331055 -0.0011191368103 70004
1103480278279749 463 0.95941162109375 -4.0417218208313 -0.00550746917725 80004
1103520208056198 463 2.65435791015625 -0.85611546039581 -0.016770362854 90004
1103160840046989 464 1.13097894191742 3.21211552619934 -0.00697721354663 4
1103200769823569 464 0.07950592041016 5.37465763092041 -0.00063300132751 10004
1103240699599319 464 2.67018127441406 -1.01563704013824 -0.01708495616913 20004
1103280629375049 464 -1.24380493164063 3.56794428825378 0.00698268413544 30004
1103320559151088 464 -0.71432495117188 4.58595514297485 0.00465822219849 40004
1103360488926659 464 0.506591796875 7.60142803192139 -0.00221729278564 50004
1103400418700858 464 -1.13641357421875 2.26154232025146 0.00834250450134 60004
11034403484782310 464 0.38232421875 -6.6812629699707 -0.00224018096924 70004
1103480278279749 464 0.78167724609375 -4.40552186965942 -0.00550937652588 80004
1103520208056198 464 2.66412353515625 -0.51958668231964 -0.01676654815674 90004
1103160840046989 465 1.22024130821228 2.91128420829773 -0.00697721075267 4
1103200769823569 465 -0.06889343261719 5.00743436813354 -0.00063288211823 10004
1103240699599319 465 2.47392272949219 -1.38140046596527 -0.01505613327026 20004
1103280629375049 465 -1.40078735351563 3.24838423728943 0.00898671150208 30004
1103320559151088 465 -0.534423828125 4.93476915359497 0.00352597236633 40004
1103360488926659 465 0.469970703125 7.24724864959717 -0.00333857536316 50004
1103400418700858 465 -1.00146484375 2.60679244995117 0.00721645355225 60004
11034403484782310 465 0.4248046875 -6.28972244262695 -0.00223350524902 70004
1103480278279749 465 0.63397216796875 -4.78200197219849 -0.00347375869751 80004
1103520208056198 465 2.58599853515625 -0.19579291343689 -0.01676177978516 90004
1103160840046989 466 1.39510405063629 2.62722420692444 -0.00810026098043 4
1103200769823569 466 -0.272216796875 4.67674970626831 0.00138610601425 10004
1103240699599319 466 2.23605346679688 -1.71620213985443 -0.01505732536316 20004
1103280629375049 466 -1.63931274414063 2.99165892601013 0.01102435588837 30004
1103320559151088 466 -0.395751953125 5.29895448684692 0.00351691246033 40004
1103360488926659 466 0.377685546875 6.87801265716553 -0.00333762168884 50004
1103400418700858 466 -0.8701171875 2.95869445800781 0.0060920715332 60004
11034403484782310 466 0.509765625 -5.90757369995117 -0.00222873687744 70004
1103480278279749 466 0.58319091796875 -5.17388200759888 -0.00347423553467 80004
1103520208056198 466 2.42974853515625 0.09803360700607 -0.01675748825073 90004
1103160840046989 467 1.60145151615143 2.36254644393921 -0.009223299101 4
1103200769823569 467 -0.52298736572266 4.37311553955078 0.00347489118576 10004
1103240699599319 467 1.96096801757813 -2.0246114730835 -0.0129566192627 20004
1103280629375049 467 -1.90628051757813 2.76139426231384 0.01307320594788 30004
1103320559151088 467 -0.38101196289063 5.69075441360474 0.00238728523254 40004
1103360488926659 467 0.27490234375 6.51134586334229 -0.00131011009216 50004
1103400418700858 467 -0.736328125 3.30710220336914 0.00496816635132 60004
11034403484782310 467 0.655029296875 -5.53640747070313 -0.00334787368774 70004
1103480278279749 467 0.59735107421875 -5.5765175819397 -0.00347471237183 80004
1103520208056198 467 2.25787353515625 0.38138118386269 -0.01470327377319 90004
1103160840046989 468 1.71333491802216 2.03972125053406 -0.01034632138908 4
1103200769823569 468 -0.69632720947266 4.01532983779907 0.00347375869751 10004
1103240699599319 468 1.79740905761719 -2.4121150970459 -0.01089715957642 20004
1103280629375049 468 -2.08792114257813 2.45174765586853 0.01307201385498 30004
1103320559151089 468 0 7.53247022628784 0 40004
1103360488926659 468 0.19775390625 6.13816165924072 -0.00130915641785 50004
1103400418700858 468 -0.693359375 3.68194580078125 0.00496578216553 60004
11034403484782310 468 0.726318359375 -5.14183807373047 -0.00446796417236 70004
1103480278279749 468 0.54559326171875 -5.97790002822876 -0.0034761428833 80004
1103520208056198 468 2.18560791015625 0.71045798063278 -0.01470327377319 90004
1103160840046989 469 1.951171875 1.79442369937897 -0.0114693492651 4
1103200769823569 469 -1.00465393066406 3.76434946060181 0.00555109977722 10004
1103240699599319 469 1.48519897460938 -2.69413948059082 -0.00887393951416 20004
1103280629375049 469 -2.28594970703125 2.1522901058197 0.0151070356369 30004
1103320559151089 469 0.15185546875 7.85808515548706 -0.00000190734863 40004
1103360488926659 469 0.28564453125 5.76735019683838 -0.0013062953949 50004
1103400418700858 469 -0.6259765625 4.05322265625 0.00496339797974 60004
11034403484782310 469 0.623779296875 -4.75416564941406 -0.00446653366089 70004
1103480278279749 469 0.66864013671875 -6.36353540420532 -0.00347805023193 80004
1103520208056198 469 1.98052978515625 0.97856253385544 -0.01263570785522 90004
1103160840046989 470 2.09454298019409 1.49098300933838 -0.01259237527847 4
1103200769823569 470 -1.21183013916016 3.43324780464172 0.00766086578369 10004
1103240699599319 470 1.28425598144531 -3.05530309677124 -0.00887417793274 20004
1103280629375049 470 -2.53610229492188 1.89807677268982 0.01716804504395 30004
1103320559151089 470 0.360107421875 8.08248043060303 -0.00224781036377 40004
1103360488926659 470 0.4178466796875 5.41099262237549 -0.00242710113525 50004
1103400418700858 470 -0.62158203125 4.42876243591309 0.00496006011963 60004
11034403484782310 470 0.599609375 -4.35655403137207 -0.00446510314941 70004
11034802782797410 470 0.110595703125 -7.76300430297852 0 80004
1103520208056198 470 1.87506103515625 1.29239618778229 -0.01263523101807 90004
1103160840046989 471 2.16839694976807 1.15969228744507 -0.01371538545936 4
1103200769823569 471 -1.44149017333984 3.11627125740051 0.00976556539536 10004
1103240699599319 471 1.20506286621094 -3.45939564704895 -0.00686848163605 20004
1103280629375049 471 -2.75216674804688 1.61882090568542 0.01716792583466 30004
1103320559151089 471 0.512451171875 8.18823909759521 -0.00224924087524 40004
1103360488926659 471 0.5477294921875 5.05319309234619 -0.0024242401123 50004
1103400418700858 471 -0.55810546875 4.7916431427002 0.00383400917053 60004
11034403484782310 471 0.51708984375 -3.97394371032715 -0.00245475769043 70004
11034802782797410 471 0.184326171875 -7.4306755065918 -0.00112962722778 80004
1103520208056198 471 1.73638916015625 1.5909868478775 -0.01057052612305 90004
1103160840046989 472 2.23928689956665 0.83166688680649 -0.0137153416872 4
1103200769823569 472 -1.69524383544922 2.81782484054565 0.01179760694504 10004
1103240699599319 472 1.16563415527344 -3.87076210975647 -0.0068701505661 20004
1103280629375049 472 -2.89974975585938 1.29292178153992 0.0191957950592 30004
1103320559151089 472 0.5706787109375 8.20388317108154 -0.00337314605713 40004
1103360488926659 472 0.6844482421875 4.70037174224854 -0.0035457611084 50004
1103400418700858 472 -0.432373046875 5.14585494995117 0.00382971763611 60004
11034403484782310 472 0.3154296875 -3.63587188720703 -0.00245428085327 70004
11034802782797410 472 0.22119140625 -7.09017944335938 -0.00113534927368 80004
1103520208056198 472 1.55108642578125 1.87025034427643 -0.01056575775146 90004
1103160840046989 473 2.41536068916321 0.53886491060257 -0.01483836676925 4
1103200769823569 473 -1.85210418701172 2.45245695114136 0.01179641485214 10004
1103240699599319 473 0.99246215820313 -4.25413036346436 -0.00687146186829 20004
1103280629375049 473 -2.99789428710938 0.94746452569962 0.01919555664063 30004
1103320559151089 473 0.5706787109375 8.20388317108154 -0.00337314605713 40004
1103360488926659 473 0.89346313476563 4.38126468658447 -0.00467085838318 50004
1103400418700858 473 -0.360107421875 5.51630020141602 0.00269913673401 60004
11034403484782310 473 0.009765625 -3.37647247314453 -0.00035095214844 70004
11034802782797410 473 0.36865234375 -6.77418518066406 -0.00225925445557 80004
1103520208056198 473 1.42510986328125 2.18299055099487 -0.00853681564331 90004
1103160840046989 474 2.45119547843933 0.19910404086113 -0.01483834628016 4
1103200769823569 474 -1.88115692138672 2.05588865280151 0.01179528236389 10004
1103240699599319 474 0.99734497070313 -4.67482280731201 -0.00687265396118 20004
1103280629375049 474 -2.94076538085938 0.59298950433731 0.01919507980347 30004
1103320559151089 474 0.5706787109375 8.20388317108154 -0.00337314605713 40004
1103360488926659 474 1.05609130859375 4.03714084625244 -0.00579166412354 50004
1103400418700858 474 -0.439208984375 5.88527297973633 0.00269770622253 60004
11034403484782310 474 -0.1572265625 -3.01217651367188 0.00168800354004 70004
11034802782797410 474 0.36865234375 -6.42552185058594 -0.00225925445557 80004
1103520208056198 474 1.44329833984375 2.51916456222534 -0.00852251052856 90004
1103160840046989 475 2.37682151794434 -0.12813448905945 -0.01483834441751 4
1103200769823569 475 -2.03382873535156 1.69643759727478 0.01380723714828 10004
1103240699599319 475 0.86857604980469 -5.06748867034912 -0.00486063957214 20004
1103280629375049 475 -2.77523803710938 0.28156930208206 0.01807129383087 30004
1103320559151089 475 0.59521484375 8.1611967086792 -0.00337409973145 40004
1103360488926659 475 1.29159545898438 3.74276161193848 -0.00802850723267 50004
1103400418700859 475 0.116455078125 7.78283834457397 -0.00000190734863 60004
11034403484782310 475 -0.42822265625 -2.72655296325684 0.00169134140015 70004
11034802782797410 475 0.479248046875 -6.10136032104492 -0.0022611618042 80004
1103520208056198 475 1.3533935546875 2.83776330947876 -0.00851154327393 90004
1103160840046989 476 2.23245692253113 -0.43554636836052 -0.01483833603561 4
1103200769823569 476 -2.14533996582031 1.32460045814514 0.01380681991577 10004
1103240699599319 476 0.70759582519531 -5.455979347229 -0.00486242771149 20004
1103280629375049 476 -2.57919311523438 -0.01916873455048 0.01694762706757 30004
1103320559151089 476 0.61865234375 8.05092144012451 -0.00337553024292 40004
1103360488926659 476 1.48056030273438 3.42285919189453 -0.00914096832275 50004
1103400418700859 476 0.264404296875 8.00893974304199 -0.00112771987915 60004
11034403484782310 476 -0.66552734375 -2.41470527648926 0.00370788574219 70004
11034802782797410 476 0.552978515625 -5.7690315246582 -0.00338888168335 80004
1103520208056198 476 1.2083740234375 3.14135980606079 -0.00850057601929 90004
1103160840046989 477 2.06977844238281 -0.73452895879745 -0.01279162522405 4
1103200769823569 477 -2.13182067871094 0.93423408269882 0.0138064622879 10004
1103240699599319 477 0.60409545898438 -5.85601091384888 -0.00374031066895 20004
1103280629375049 477 -2.39242553710938 -0.32576054334641 0.01582586765289 30004
1103320559151089 477 0.6231689453125 7.8595552444458 -0.00337624549866 40004
1103360488926659 477 1.63427734375 3.08190441131592 -0.01025485992432 50004
1103400418700859 477 0.369873046875 8.09772300720215 -0.00225043296814 60004
11034403484782310 477 -0.83935546875 -2.05327987670898 0.00577354431152 70004
11034802782797410 477 0.58984375 -5.42853546142578 -0.00339651107788 80004
1103520208056198 477 1.0447998046875 3.43618154525757 -0.00643444061279 90004
1103160840046989 478 1.95186901092529 -1.05515289306641 -0.0127916187048 4
1103200769823569 478 -1.99058532714844 0.56250447034836 0.01380550861359 10004
1103240699599319 478 0.63534545898438 -6.27553606033325 -0.00374054908752 20004
1103280629375049 478 -2.21624755859375 -0.6389052271843 0.01470339298248 30004
1103320559151089 478 0.5987548828125 7.58501148223877 -0.00337672233582 40004
1103360488926659 478 1.89501953125 2.80410671234131 -0.01137399673462 50004
1103400418700859 478 0.369873046875 8.09772300720215 -0.00224661827087 60004
11034403484782310 478 -1.03076171875 -1.70046448707581 0.00578117370605 70004
11034802782797410 478 0.7373046875 -5.11254119873047 -0.00451946258545 80004
1103520208056198 478 0.8836669921875 3.73211050033569 -0.00642538070679 90004
1103160840046989 479 1.84804856777191 -1.38059163093567 -0.01279160380363 4
1103200769823569 479 -2.01963806152344 0.16592568159103 0.01380479335785 10004
1103240699599319 479 0.69564819335938 -6.6918568611145 -0.00374138355255 20004
1103280629375049 479 -2.14447021484375 -0.99092358350754 0.01470005512238 30004
1103320559151089 479 0.3819580078125 7.21117115020752 -0.00337815284729 40004
1103360488926659 479 2.06689453125 2.46407222747803 -0.01249289512634 50004
1103400418700859 479 0.369873046875 8.09772300720215 -0.00224280357361 60004
11034403484782310 479 -1.29931640625 -1.4016420841217 0.00780391693115 70004
11034802782797410 479 0.7373046875 -4.76387786865234 -0.00451946258545 80004
1103520208056198 479 0.8621826171875 4.06820058822632 -0.00641489028931 90004
1103160840046989 480 1.64838349819183 -1.6502548456192 -0.01069912966341 4
1103200769823569 480 -2.14097595214844 -0.20876142382622 0.01380443572998 10004
11032406995993110 480 0.078369140625 -7.83197784423828 -0.00000023841858 20004
1103280629375049 480 -1.9664306640625 -1.29576361179352 0.01357400417328 30004
1103320559151089 480 0.2991943359375 6.79495906829834 -0.00134348869324 40004
1103360488926659 480 2.1190185546875 2.09340763092041 -0.01361298561096 50004
1103400418700859 480 0.369873046875 8.09772300720215 -0.00223898887634 60004
11034403484782310 480 -1.64276123046875 -1.20854449272156 0.00989151000977 70004
11034802782797410 480 0.79150390625 -4.42087364196777 -0.00451946258545 80004
1103520208056198 480 0.7359619140625 4.37416982650757 -0.00438117980957 90004
1103160840046989 481 1.48068737983704 -1.93849301338196 -0.00867681205273 4
1103200769823569 481 -2.20829772949219 -0.59107875823975 0.0138041973114 10004
11032406995993110 481 0.130615234375 -7.55057525634766 -0.00000190734863 20004
1103280629375049 481 -1.78048706054688 -1.6013160943985 0.01244759559631 30004
1103320559151089 481 0.1717529296875 6.39287090301514 -0.00134468078613 40004
1103360488926659 481 2.2071533203125 1.731001496315 -0.01360821723938 50004
1103400418700859 481 0.369873046875 8.09772300720215 -0.00223517417908 60004
11034403484782310 481 -1.982421875 -1.00207686424255 0.01197195053101 70004
11034802782797410 481 0.9326171875 -4.1109790802002 -0.00564336776733 80004
1103520208056198 481 0.6446533203125 4.69017934799194 -0.0043797492981 90004
1103160840046989 482 1.36410331726074 -2.25872397422791 -0.00867680739611 4
1103200769823569 482 -2.14927673339844 -0.97720861434937 0.01380395889282 10004
11032406995993110 482 0.09765625 -7.21623992919922 -0.00000333786011 20004
1103280629375049 482 -1.61581420898438 -1.92012417316437 0.01132190227509 30004
1103320559151089 482 -0.00054931640625 6.00490665435791 0.00070834159851 40004
1103360488926659 482 2.3310546875 1.37778389453888 -0.01473212242126 50004
1103400418700859 482 0.369873046875 8.09772300720215 -0.00223135948181 60004
11034403484782310 482 -2.2578125 -0.72029066085815 0.01408338546753 70004
11034802782797410 482 1.108154296875 -3.81669473648071 -0.00676822662354 80004
1103520208056198 482 0.6485595703125 5.02390813827515 -0.00437545776367 90004
1103160840046989 483 1.20927345752716 -2.5632016658783 -0.00867680646479 4
1103200769823569 483 -1.96556091308594 -1.32990097999573 0.01267969608307 10004
11032406995993110 483 -0.0341796875 -6.89522552490234 -0.00000369548798 20004
1103280629375049 483 -1.43316650390625 -2.22938227653503 0.01019883155823 30004
1103320559151089 483 -0.03912353515625 5.57457065582275 0.00070691108704 40004
1103360488926659 483 2.33447265625 0.99672996997833 -0.014732837677 50004
1103400418700859 483 0.369873046875 8.09772300720215 -0.00222754478455 60004
11034403484782310 483 -2.4306640625 -0.35838386416435 0.01610946655273 70004
11034802782797410 483 1.180419921875 -3.47557687759399 -0.00676822662354 80004
1103520208056198 483 0.7286376953125 5.35055303573608 -0.00437116622925 90004
1103160840046989 484 1.11584651470184 -2.89179801940918 -0.00665740249678 4
1103200769823569 484 -1.76866912841797 -1.67539966106415 0.01155567169189 10004
11032406995993110 484 -0.01806640625 -6.5485315322876 -0.00000393390656 20004
1103280629375049 484 -1.36773681640625 -2.58239436149597 0.00907695293427 30004
1103320559151089 484 -0.25640869140625 5.2007303237915 0.00070595741272 40004
1103360488926659 484 2.17626953125 0.64996445178986 -0.01473379135132 50004
1103400418700859 484 0.306396484375 7.92466115951538 -0.00222492218018 60004
11034403484782310 484 -2.4345703125 0.04253462702036 0.01610946655273 70004
11034802782797410 484 1.24603271484375 -3.19690179824829 -0.00708389282227 80004
1103520208056198 484 0.6632080078125 5.68113470077515 -0.0043683052063 90004
1103160840046989 485 0.94540733098984 -3.18371200561523 -0.00665740249678 4
1103200769823569 485 -1.63375091552734 -2.04744052886963 0.01155519485474 10004
11032406995993110 485 0.1068115234375 -6.23130702972412 -0.00000429153442 20004
1103280629375049 485 -1.19500732421875 -2.88978743553162 0.00795388221741 30004
1103320559151089 485 -0.34442138671875 4.7849702835083 0.00276732444763 40004
1103360488926659 485 2.1392822265625 0.27748262882233 -0.01473426818848 50004
1103400418700859 485 0.314697265625 7.60620069503784 -0.00221967697144 60004
11034403484782310 485 -2.31103515625 0.41636773943901 0.01498651504517 70004
11034802782797410 485 1.426025390625 -2.93660593032837 -0.008216381073 80004
1103520208056198 485 0.5113525390625 5.97752141952515 -0.00436496734619 90004
1103160840046989 486 0.81760531663895 -3.49174737930298 -0.00459372578189 4
1103200769823569 486 -1.44431304931641 -2.38635683059692 0.00930780172348 10004
11032406995993110 486 0.1954345703125 -5.90426158905029 -0.00112795829773 20004
1103280629375049 486 -1.04556274414063 -3.23095035552979 0.00778007507324 30004
1103320559151089 486 -0.4407958984375 4.44649982452393 0.0027642250061 40004
1103360488926659 486 2.0948486328125 -0.09791365265846 -0.01273369789124 50004
1103400418700859 486 0.267822265625 7.24967527389526 -0.00221514701843 60004
11034403484782310 486 -2.1298828125 0.77358418703079 0.0138635635376 70004
11034802782797410 486 1.67376708984375 -2.69001436233521 -0.0104775428772 80004
1103520208056199 486 0.0302734375 7.59722852706909 -0.00000381469727 90004
1103160840046989 487 0.72391963005066 -3.81397843360901 -0.00459372298792 4
1103200769823569 487 -1.21726989746094 -2.70428895950317 0.00818276405334 10004
11032406995993110 487 0.247802734375 -5.56739521026611 -0.00112807750702 20004
1103280629375049 487 -0.89895629882813 -3.55157279968262 0.0066579580307 30004
1103320559151089 487 -0.63507080078125 4.19245624542236 0.00476431846619 40004
1103360488926659 487 1.9656982421875 -0.44924706220627 -0.01273155212402 50004
1103400418700859 487 0.181396484375 6.89835119247437 -0.00017476081848 60004
11034403484782310 487 -1.940185546875 1.12660145759583 0.01274013519287 70004
11034802782797410 487 1.904541015625 -2.43348836898804 -0.01161575317383 80004
1103520208056199 487 0.082763671875 7.70025587081909 -0.00000953674316 90004
1103160840046989 488 0.52783846855164 -4.09364557266235 -0.00253558554687 4
1103200769823569 488 -1.10299682617188 -3.08517169952393 0.00818234682083 10004
11032406995993110 488 0.40910339355469 -5.25999164581299 -0.0022531747818 20004
1103280629375049 488 -0.689697265625 -3.84375953674316 0.005530834198 30004
1103320559151089 488 -0.96841430664063 3.91790366172791 0.00677680969238 40004
1103360488926659 488 1.7259521484375 -0.74536484479904 -0.01065492630005 50004
1103400418700859 488 0.213623046875 6.53142309188843 -0.00130033493042 60004
11034403484782310 488 -1.772216796875 1.48978543281555 0.01162910461426 70004
11034802782797410 488 2.065673828125 -2.12442541122437 -0.01275396347046 80004
1103520208056199 488 0.111083984375 7.72381544113159 -0.0000171661377 90004
1103160840046989 489 0.46829628944397 -4.43005609512329 -0.00253558484837 4
1103200769823569 489 -0.92098236083984 -3.43874788284302 0.00593441724777 10004
11032406995993110 489 0.42546081542969 -4.91330432891846 -0.00225508213043 20004
1103280629375049 489 -0.5797119140625 -4.18582344055176 0.00440621376038 30004
1103320559151089 489 -1.15493774414063 3.52809500694275 0.00677561759949 40004
1103360488926659 489 1.5218505859375 -1.06703162193298 -0.01065254211426 50004
1103400418700859 489 0.245849609375 6.16451025009155 -0.00130271911621 60004
11034403484782310 489 -1.651123046875 1.87143635749817 0.01164102554321 70004
11034802782797410 489 2.300537109375 -1.86744344234467 -0.01388835906982 80004
1103520208056199 489 0.111083984375 7.72381544113159 -0.0000171661377 90004
1103160840046989 490 0.51957100629807 -4.76170921325684 -0.00253558438271 4
1103200769823569 490 -0.80884552001953 -3.81789064407349 0.0059335231781 10004
11032406995993110 490 0.55068969726563 -4.59607982635498 -0.0033814907074 20004
1103280629375049 490 -0.43502807617188 -4.51390266418457 0.0032821893692 30004
1103320559151089 490 -1.33596801757813 3.13588309288025 0.00882482528687 40004
1103360488926659 490 1.35690307617188 -1.4097011089325 -0.0086076259613 50004
1103400418700859 490 0.159423828125 5.81314992904663 -0.00130414962769 60004
11034403484782310 490 -1.53717041015625 2.25580096244812 0.01052045822144 70004
11034802782797410 490 2.5068359375 -1.5886367559433 -0.01613521575928 80004
1103520208056199 490 0.111083984375 7.72381544113159 -0.0000171661377 90004
1103160840046989 491 0.53390508890152 -5.09494972229004 -0.00253558368422 4
1103200769823569 491 -0.80628204345703 -4.20609903335571 0.0059335231781 10004
11032406995993110 491 0.68707275390625 -4.27821636199951 -0.00338268280029 20004
1103280629375049 491 -0.35470581054688 -4.85513114929199 0.00327956676483 30004
1103320559151089 491 -1.58334350585938 2.79176497459412 0.01088547706604 40004
1103360488926659 491 1.28585815429688 -1.77499842643738 -0.00860214233398 50004
1103400418700859 491 -0.027587890625 5.50373601913452 0.00072050094604 60004
11034403484782310 491 -1.34967041015625 2.59957385063171 0.00939750671387 70004
11034802782797410 491 2.63427734375 -1.27384221553802 -0.01613807678223 80004
1103520208056199 491 0.111083984375 7.72381544113159 -0.0000171661377 90004
1103160840046989 492 0.50413632392883 -5.43136262893677 -0.00253558321856 4
1103200769823569 492 -0.87449645996094 -4.59692144393921 0.00593340396881 10004
11032406995993110 492 0.81396484375 -3.95631313323975 -0.00450921058655 20004
1103280629375049 492 -0.31210327148438 -5.20526504516602 0.00215482711792 30004
1103320559151089 492 -1.88333129882813 2.48264384269714 0.01297044754028 40004
1103360488926659 492 1.27426147460938 -2.15407729148865 -0.00859665870667 50004
1103400418700859 492 -0.24468994140625 5.21271276473999 0.00071716308594 60004
11034403484782310 492 -1.1256103515625 2.92259860038757 0.0082745552063 70004
11034802782797410 492 2.65966796875 -0.93078219890594 -0.01613998413086 80004
1103520208056199 492 0.111083984375 7.72381544113159 -0.0000171661377 90004
1103160840046989 493 0.56368786096573 -5.76777744293213 -0.00253558112308 4
1103200769823569 493 -0.89707946777344 -4.99390935897827 0.00593280792236 10004
11032406995993110 493 0.98388671875 -3.65367031097412 -0.00563371181488 20004
1103280629375049 493 -0.15631103515625 -5.52868270874023 0.0010302066803 30004
1103320559151089 493 -2.13528442382813 2.13182902336121 0.01296496391296 40004
1103360488926659 493 1.19857788085938 -2.52762007713318 -0.00859141349792 50004
1103400418700859 493 -0.37042236328125 4.86657476425171 0.0027186870575 60004
11034403484782310 493 -1.01611328125 3.30786776542664 0.007164478302 70004
11034802782797410 493 2.58929443359375 -0.58906543254852 -0.01614093780518 80004
1103520208056199 493 0.111083984375 7.72381544113159 -0.0000171661377 90004
1103160840046989 494 0.48132082819939 -6.07600212097168 -0.00253558135591 4
1103200769823569 494 -0.74977111816406 -5.36332130432129 0.00593245029449 10004
11032406995993110 494 1.24826049804688 -3.45117855072021 -0.0070972442627 20004
1103280629375049 494 -0.0035400390625 -5.8537712097168 0.00102555751801 30004
1103320559151089 494 -2.51229858398438 1.92044901847839 0.01499652862549 40004
1103360488926659 494 1.13119506835938 -2.90278792381287 -0.0065860748291 50004
1103400418700859 494 -0.63116455078125 4.60609197616577 0.00479745864868 60004
11034403484782310 494 -1.01025390625 3.7087390422821 0.00717210769653 70004
11034802782797410 494 2.41937255859375 -0.28426575660706 -0.01614189147949 80004
1103520208056199 494 0.169677734375 7.58904981613159 -0.00002574920654 90004
1103160840046989 495 0.50539404153824 -6.40537166595459 -0.00253557879478 4
1103200769823569 495 -0.61015319824219 -5.73565053939819 0.00480788946152 10004
11032406995993110 495 1.24855041503906 -3.17357349395752 -0.00709927082062 20004
1103280629375049 495 0.1165771484375 -6.1915225982666 -0.00009894371033 30004
1103320559151089 495 -2.79550170898438 1.60449147224426 0.01712036132813 40004
1103360488926659 495 0.94955444335938 -3.23041701316834 -0.00658369064331 50004
1103400418700859 495 -0.79083251953125 4.28136777877808 0.00479626655579 60004
11034403484782310 495 -1.06005859375 4.10543489456177 0.00717973709106 70004
11034802782797410 495 2.28167724609375 0.03567755222321 -0.01411056518555 80004
1103520208056199 495 0.178466796875 7.29973745346069 -0.00115346908569 90004
11031608400469810 496 0.04370313882828 -7.90627813339233 0.0000000000291 4
1103200769823569 496 -0.50912475585938 -6.11849308013916 0.00368237495422 10004
11032406995993110 496 1.38955688476563 -2.92100620269775 -0.00822365283966 20004
11032806293750410 496 0.083251953125 -7.82167816162109 -0.00000071525574 30004
1103320559151089 496 -3.06234741210938 1.26539540290833 0.01914834976196 40004
1103360488926659 496 0.80654907226563 -3.57389235496521 -0.00455474853516 50004
1103400418700859 496 -0.98077392578125 3.97483062744141 0.00685000419617 60004
11034403484782310 496 -0.974609375 4.45996332168579 0.00674247741699 70004
11034802782797410 496 2.20037841796875 0.37157738208771 -0.01411628723145 80004
1103520208056199 496 0.088623046875 6.95566701889038 -0.00115633010864 90004
11031608400469810 497 0.10925291478634 -7.70904970169067 0.00000000040745 4
11032007698235610 497 0.05340576171875 -7.88549041748047 -0.00000023841858 10004
11032406995993110 497 1.64341735839844 -2.69347667694092 -0.01047217845917 20004
11032806293750410 497 0.2081298828125 -7.45581817626953 -0.00112330913544 30004
1103320559151089 497 -3.29364013671875 0.95004343986511 0.02123332023621 40004
1103360488926659 497 0.77700805664063 -3.94840598106384 -0.00455713272095 50004
1103400418700859 497 -1.20050048828125 3.68733406066895 0.00684905052185 60004
11034403484782310 497 -0.865234375 4.84502458572388 0.00563383102417 70004
11034802782797410 497 2.12860107421875 0.70646965503693 -0.01412391662598 80004
1103520208056199 497 -0.04248046875 6.59830617904663 0.0008544921875 90004
11031608400469810 498 0.10925279557705 -7.48242616653442 0.00000000069849 4
11032007698235610 498 0.26713562011719 -7.42748355865479 -0.00112444162369 10004
11032406995993110 498 1.81338500976563 -2.39083385467529 -0.01159870624542 20004
11032806293750410 498 0.2081298828125 -7.06230926513672 -0.0011214017868 30004
1103320559151089 498 -3.37252807617188 0.67076182365417 0.02123332023621 40004
1103360488926659 498 0.85787963867188 -4.32095718383789 -0.00455951690674 50004
1103400418700859 498 -1.317138671875 3.33814811706543 0.00886225700378 60004
11034403484782310 498 -0.7412109375 5.22559404373169 0.00564861297607 70004
11034802782797410 498 1.94989013671875 1.00561344623566 -0.012122631073 80004
1103520208056199 498 -0.05126953125 6.21080160140991 0.00085067749023 90004
11031608400469810 499 0.2128427028656 -7.26027679443359 -0.00112304475624 4
11032007698235610 499 0.54318237304688 -7.00419569015503 -0.00337219238281 10004
11032406995993110 499 2.05976867675781 -2.14621639251709 -0.01272320747375 20004
11032806293750410 499 0.3746337890625 -6.70566558837891 -0.00224208831787 30004
1103320559151089 499 -3.45504760742188 0.24665647745132 0.02123165130615 40004
1103360488926659 499 0.77337646484375 -4.69246292114258 -0.00456142425537 50004
1103400418700859 499 -1.57098388671875 3.07121467590332 0.01095795631409 60004
11034403484782310 499 -0.7890625 5.62381792068481 0.00565624237061 70004
11034802782797410 499 1.91375732421875 1.35242283344269 -0.01213026046753 80004
1103520208056199 499 0.10400390625 5.85571432113647 -0.00027990341187 90004
11031608400469810 500 0.23874141275883 -7.06522703170776 -0.00112304196227 4
11032007698235610 500 0.63893890380859 -6.71076488494873 -0.00337243080139 10004
11032406995993110 500 2.30924987792969 -1.9054936170578 -0.01384568214417 20004
11032806293750410 500 0.416259765625 -6.32137298583984 -0.00223994255066 30004
1103320559151089 500 -3.49832153320313 -0.15240974724293 0.02325892448425 40004
1103360488926659 500 0.61361694335938 -5.03512382507324 -0.00456285476685 50004
1103400418700859 500 -1.72137451171875 2.74259185791016 0.01095223426819 60004
11034403484782310 500 -0.86474609375 6.01739549636841 0.00566387176514 70004
11034802782797410 500 1.77069091796875 1.66348373889923 -0.01213788986206 80004
1103520208056199 500 0.221923828125 5.48711156845093 -0.00140571594238 90004
11031608400469810 501 0.29573845863342 -6.8499903678894 -0.0011230406817 4
11032007698235610 501 0.60991668701172 -6.43143749237061 -0.00337237119675 10004
11032406995993110 501 2.49807739257813 -1.62419307231903 -0.01497173309326 20004
11032806293750410 501 0.343505859375 -5.94181442260742 -0.0022383928299 30004
1103320559151089 501 -3.43728637695313 -0.55010479688644 0.02325510978699 40004
1103360488926659 501 0.50765991210938 -5.39169883728027 -0.00256109237671 50004
1103400418700859 501 -1.89434814453125 2.42430686950684 0.01295733451843 60004
11034403484782311 501 0.0556640625 7.65236234664917 0 70004
11034802782797410 501 1.66339111328125 1.98646080493927 -0.01010704040527 80004
1103520208056199 501 0.390380859375 5.14515447616577 -0.0014123916626 90004
11031608400469810 502 0.38123354315758 -6.59921741485596 -0.00224608485587 4
11032007698235610 502 0.55751800537109 -6.07499027252197 -0.00337243080139 10004
11032406995993110 502 2.58743286132813 -1.29521691799164 -0.01609790325165 20004
11032806293750410 502 0.239990234375 -5.56939315795898 -0.00223636627197 30004
1103320559151089 502 -3.256103515625 -0.92036241292953 0.02100658416748 40004
1103360488926659 502 0.46286010742188 -5.7688045501709 -0.00255966186523 50004
1103400418700859 502 -2.09918212890625 2.12239933013916 0.01295804977417 60004
11034403484782311 502 0.14599609375 7.83922719955444 0 70004
11034802782797410 502 1.60528564453125 2.32798767089844 -0.0101146697998 80004
1103520208056199 502 0.582275390625 4.81715726852417 -0.00365781784058 90004
11031608400469810 503 0.38123354315758 -6.32950305938721 -0.00224608113058 4
11032007698235610 503 0.62880706787109 -5.5747013092041 -0.00337266921997 10004
11032406995993110 503 2.56546020507813 -0.94884431362152 -0.01609909534454 20004
11032806293750410 503 0.262451171875 -5.17653274536133 -0.00223386287689 30004
1103320559151089 503 -2.985107421875 -1.18738353252411 0.01988577842712 40004
1103360488926659 503 0.36422729492188 -6.13691520690918 -0.00255799293518 50004
1103400418700859 503 -2.22711181640625 1.77691996097565 0.01497673988342 60004
11034403484782311 503 0.17333984375 7.86733388900757 0.00000190734863 70004
11034802782797410 503 1.48126220703125 2.65366744995117 -0.01012182235718 80004
1103520208056199 503 0.658447265625 4.43758726119995 -0.00365257263184 90004
11031608400469810 504 0.49522757530212 -6.08504009246826 -0.00224607391283 4
11032007698235610 504 0.48201751708984 -5.09117650985718 -0.00337266921997 10004
11032406995993110 504 2.39909362792969 -0.64422023296356 -0.01609992980957 20004
11032806293750410 504 0.184814453125 -4.79071426391602 -0.00223219394684 30004
1103320559151089 504 -2.57803344726563 -1.33157908916473 0.01763677597046 40004
1103360488926659 504 0.43063354492188 -6.51217460632324 -0.00255465507507 50004
1103400418700859 504 -2.19683837890625 1.40983164310455 0.01497912406921 60004
11034403484782311 504 0.17333984375 7.86733388900757 0.00000190734863 70004
11034802782797410 504 1.27423095703125 2.93410873413086 -0.00809812545776 80004
1103520208056199 504 0.887939453125 4.12678861618042 -0.00477075576782 90004
11031608400469810 505 0.52372473478317 -5.92278575897217 -0.0033691173885 4
11032007698235610 505 0.46334075927734 -4.59172773361206 -0.0033723115921 10004
11032406995993110 505 2.1749267578125 -0.38250768184662 -0.01404535770416 20004
11032806293750410 505 -0.0096435546875 -4.4565544128418 -0.00021708011627 30004
1103320559151089 505 -2.1534423828125 -1.33655440807343 0.01426362991333 40004
11033604889266510 505 0.06298828125 -7.8648853302002 0.00000190734863 50004
1103400418700859 505 -2.05230712890625 1.07812702655792 0.01385831832886 60004
11034403484782311 505 0.17333984375 7.86733388900757 0.00000190734863 70004
11034802782797410 505 1.17047119140625 3.26050662994385 -0.00809860229492 80004
1103520208056199 505 1.00244140625 3.76441144943237 -0.00588941574097 90004
11031608400469810 506 0.50199472904205 -5.72227001190186 -0.00336911412887 4
11032007698235610 506 0.59302520751953 -4.1157374382019 -0.00337201356888 10004
11032406995993110 506 1.94578552246094 -0.12276622653008 -0.01202213764191 20004
11032806293750410 506 -0.15426635742188 -4.15807342529297 0.0018002986908 30004
1103320559151089 506 -1.73248291015625 -1.3813351392746 0.01201128959656 40004
11033604889266510 506 0.10498046875 -7.58771705627441 0.00000333786011 50004
1103400418700859 506 -1.84918212890625 0.77186405658722 0.01273679733276 60004
11034403484782311 506 0.17333984375 7.86733388900757 0.00000190734863 70004
11034802782797410 506 1.03228759765625 3.5715856552124 -0.00604009628296 80004
1103520208056199 506 1.03466796875 3.38088941574097 -0.0058856010437 90004
11031608400469810 507 0.48767894506454 -5.4577260017395 -0.00336910877377 4
11032007698235610 507 0.80512237548828 -3.65918302536011 -0.00449502468109 10004
11032406995993110 507 1.76429748535156 0.16573731601238 -0.01202321052551 20004
11032806293750410 507 -0.24301147460938 -3.86145687103271 0.00179970264435 30004
1103320559151089 507 -1.32785034179688 -1.52818524837494 0.00864386558533 40004
11033604889266510 507 0.14453125 -7.22229766845703 0.00000333786011 50004
1103400418700859 507 -1.66015625 0.46246641874313 0.01160597801208 60004
11034403484782311 507 0.19873046875 7.83226728439331 -0.00112009048462 70004
11034802782797410 507 0.85968017578125 3.86734580993652 -0.00604104995728 80004
1103520208056199 507 1.05859375 2.99922513961792 -0.00588274002075 90004
11031608400469810 508 0.56079304218292 -5.19807910919189 -0.00336910365149 4
11032007698235610 508 0.94811248779297 -3.17451620101929 -0.00561916828156 10004
11032406995993110 508 1.68423461914063 0.50337451696396 -0.01000118255615 20004
11032806293750410 508 -0.42953491210938 -3.51505565643311 0.00179934501648 30004
1103320559151089 508 -0.94210815429688 -1.72260701656342 0.00639510154724 40004
11033604889266510 508 0.302734375 -6.88317108154297 -0.00111627578735 50004
1103400418700859 508 -1.5791015625 0.10272377729416 0.01047253608704 60004
11034403484782311 508 0.30029296875 7.69200086593628 -0.00111722946167 70004
11034802782797410 508 0.79034423828125 4.20906496047974 -0.00604200363159 80004
1103520208056199 508 1.189453125 2.63499021530151 -0.00698852539063 90004
11031608400469810 509 0.51733219623566 -4.9318995475769 -0.00336910039186 4
11032007698235610 509 1.28250122070313 -2.79573583602905 -0.00786596536636 10004
11032406995993110 509 1.46890258789063 0.77551382780075 -0.01000249385834 20004
11032806293750410 509 -0.74496459960938 -3.28001308441162 0.00383532047272 30004
1103320559151089 509 -0.699462890625 -1.8546336889267 0.0052661895752 40004
11033604889266510 509 0.302734375 -6.50898742675781 -0.00111627578735 50004
1103400418700859 509 -1.353515625 -0.18989211320877 0.00934267044067 60004
11034403484782311 509 0.36669921875 7.35093641281128 -0.00223779678345 70004
11034802782797410 509 0.62237548828125 4.51481294631958 -0.00401306152344 80004
1103520208056199 509 1.46209716796875 2.36091566085815 -0.00921964645386 90004
11031608400469810 510 0.50276356935501 -4.66310453414917 -0.00336909713224 4
11032007698235610 510 1.67362976074219 -2.47954630851746 -0.01011234521866 10004
11032406995993110 510 1.28515625 1.06911242008209 -0.00796210765839 20004
11032806293750410 510 -0.89376831054688 -3.09135341644287 0.00586771965027 30004
1103320559151089 510 -0.41314697265625 -2.06753206253052 0.00301170349121 40004
11033604889266510 510 0.42138671875 -6.16109657287598 -0.00223731994629 50004
1103400418700859 510 -1.23724365234375 -0.53285312652588 0.00821661949158 60004
11034403484782311 510 0.455078125 6.93518781661987 -0.0022349357605 70004
11034802782797410 510 0.56353759765625 4.85219240188599 -0.0040135383606 80004
1103520208056199 510 1.661865234375 2.03340005874634 -0.01033449172974 90004
11031608400469810 511 0.48840641975403 -4.39394330978394 -0.00336909363978 4
11032007698235610 511 2.04057312011719 -2.13793134689331 -0.01235914230347 10004
11032406995993110 511 1.1837158203125 1.39239847660065 -0.00796353816986 20004
11032806293750410 511 -1.08346557617188 -2.89824390411377 0.00586867332458 30004
1103320559151089 511 -0.22650146484375 -2.26286745071411 0.00188517570496 40004
11033604889266510 511 0.50048828125 -5.80444145202637 -0.00223207473755 50004
1103400418700859 511 -1.23773193359375 -0.89245414733887 0.00821542739868 60004
11034403484782311 511 0.453125 6.49489164352417 -0.00223445892334 70004
11034802782797410 511 0.53277587890625 5.19936037063599 -0.00401544570923 80004
1103520208056199 511 1.90081787109375 1.7414470911026 -0.01144886016846 90004
11031608400469810 512 0.43680980801582 -4.13410615921021 -0.00336908968166 4
11032007698235610 512 2.39783477783203 -1.79334664344788 -0.01460605859756 10004
11032406995993110 512 1.11810302734375 1.72689735889435 -0.00796473026276 20004
11032806293750410 512 -1.34469604492188 -2.65187835693359 0.00792109966278 30004
1103320559151089 512 -0.16900634765625 -2.4701075553894 0.00188302993774 40004
11033604889266510 512 0.5400390625 -5.43902206420898 -0.00334858894348 50004
1103400418700859 512 -1.27801513671875 -1.25198411941528 0.00821423530579 60004
11034403484782311 512 0.40234375 6.05476903915405 -0.00223255157471 70004
11034802782797410 512 0.47100830078125 5.54006242752075 -0.00401544570923 80004
1103520208056199 512 2.17205810546875 1.47618353366852 -0.01368713378906 90004
11031608400469810 513 0.3017592728138 -3.90071034431458 -0.00132690102328 4
11032007698235610 513 2.85540008544922 -1.57868599891663 -0.01797688007355 10004
11032406995993110 513 0.94502258300781 2.02767252922058 -0.00591027736664 20004
11032806293750410 513 -1.53121948242188 -2.30547714233398 0.00997853279114 30004
1103320559151089 513 -0.16021728515625 -2.84662580490112 0.00188136100769 40004
11033604889266510 513 0.6982421875 -5.09989547729492 -0.00447010993958 50004
1103400418700859 513 -1.19891357421875 -1.61172723770142 0.00821137428284 60004
11034403484782311 513 0.498046875 5.61412572860718 -0.00222969055176 70004
11034802782797411 513 0 7.53247022628784 0 80004
1103520208056199 513 2.34588623046875 1.13085424900055 -0.01480197906494 90004
11031608400469810 514 0.19932001829147 -3.65123009681702 -0.00132690020837 4
11032007698235610 514 3.23709106445313 -1.24738025665283 -0.02022403478622 10004
11032406995993110 514 0.91523742675781 2.37345957756042 -0.00591003894806 20004
11032806293750410 514 -1.71441650390625 -1.95745491981506 0.00997686386108 30004
1103320559151089 514 0.03070068359375 -3.23363828659058 0.00075578689575 40004
11033604889266510 514 0.6982421875 -4.72571182250977 -0.00447010993958 50004
1103400418700859 514 -0.9752197265625 -1.90434312820435 0.00708603858948 60004
11034403484782311 514 0.4169921875 5.1704306602478 -0.00222826004028 70004
11034802782797411 514 0.1640625 7.88531446456909 0 80004
1103520208056199 514 2.35858154296875 0.74347871541977 -0.01479768753052 90004
11031608400469810 515 0.02506316080689 -3.45179581642151 0.00070160988253 4
11032007698235610 515 3.49005126953125 -0.81985813379288 -0.02247112989426 10004
11032406995993110 515 0.88856506347656 2.71949553489685 -0.00590991973877 20004
11032806293750410 515 -1.90460205078125 -1.61301636695862 0.01198267936707 30004
1103320559151089 515 0.08621215820313 -3.65432500839233 -0.00036835670471 40004
11033604889266510 515 0.81689453125 -4.37782096862793 -0.00446772575378 50004
1103400418700859 515 -0.8599853515625 -2.24730324745178 0.00596022605896 60004
11034403484782311 515 0.40185546875 4.72130537033081 -0.00222730636597 70004
11034802782797411 515 0.317138671875 8.06736850738525 -0.00112390518188 80004
1103520208056199 515 2.24749755859375 0.37900984287262 -0.01479339599609 90004
11031608400469810 516 -0.12529203295708 -3.2356538772583 0.00070160953328 4
11032007698235610 516 3.59335327148438 -0.33738839626312 -0.02247309684753 10004
11032406995993110 516 0.79103088378906 3.04392600059509 -0.00590968132019 20004
11032806293750410 516 -2.06243896484375 -1.25456547737122 0.01402676105499 30004
1103320559151089 516 0.14871215820313 -4.07855558395386 -0.00036883354187 40004
11033604889266510 516 0.89544677734375 -4.02116584777832 -0.00558733940125 50004
1103400418700859 516 -0.8277587890625 -2.61119866371155 0.00595808029175 60004
11034403484782311 516 0.50390625 4.29295301437378 -0.00222587585449 70004
11034802782797411 516 0.391845703125 8.1299295425415 -0.00224781036377 80004
1103520208056199 516 2.04290771484375 0.05511674284935 -0.01273107528687 90004
11031608400469810 517 -0.21116797626019 -2.9817476272583 0.00070160877658 4
11032007698235610 517 3.536376953125 0.15569549798965 -0.02247434854507 10004
11032406995993110 517 0.65737915039063 3.35757803916931 -0.00387954711914 20004
11032806293750410 517 -2.14300537109375 -0.87662088871002 0.01402497291565 30004
1103320559151089 517 0.21670532226563 -4.49746084213257 -0.00149273872375 40004
11033604889266510 517 0.93438720703125 -3.65574359893799 -0.00558567047119 50004
1103400418700859 517 -0.8031005859375 -2.97215676307678 0.00595593452454 60004
11034403484782311 517 0.7294921875 3.90694308280945 -0.00446653366089 70004
11034802782797411 517 0.391845703125 8.1299295425415 -0.00224781036377 80004
1103520208056199 517 1.82269287109375 -0.25608050823212 -0.0127272605896 90004
11031608400469810 518 -0.24738252162933 -2.71449637413025 0.0007016081945 4
11032007698235610 518 3.31936645507813 0.61201268434525 -0.02247536182404 10004
11032406995993110 518 0.63150024414063 3.70369696617126 -0.00387978553772 20004
11032806293750410 518 -2.09613037109375 -0.48581370711327 0.0140221118927 30004
1103320559151089 518 0.14443969726563 -4.92343282699585 -0.00149273872375 40004
11033604889266510 518 1.09182739257813 -3.31661701202393 -0.00670266151428 50004
1103400418700859 518 -0.6605224609375 -3.31184029579163 0.00483107566833 60004
11034403484782311 518 1.0399169921875 3.5802104473114 -0.00558567047119 70004
11034802782797411 518 0.391845703125 8.1299295425415 -0.00224781036377 80004
1103520208056199 518 1.71234130859375 -0.62800967693329 -0.0107045173645 90004
11031608400469810 519 -0.39312994480133 -2.48759937286377 0.00271201273426 4
11032007698235610 519 2.92986297607422 0.93387651443481 -0.01839709281921 10004
11032406995993110 519 0.46197509765625 4.00649642944336 -0.0038810968399 20004
11032806293750410 519 -1.88864135742188 -0.15108641982079 0.01289641857147 30004
1103320559151089 519 0.25918579101563 -5.33998250961304 -0.00149321556091 40004
11033604889266510 519 1.357421875 -3.06071972846985 -0.00847387313843 50004
1103400418700859 519 -0.6751708984375 -3.67988991737366 0.00482988357544 60004
11034403484782311 519 1.1893310546875 3.1555392742157 -0.00669288635254 70004
11034802782797411 519 0.391845703125 8.1299295425415 -0.00224781036377 80004
1103520208056199 519 1.76898193359375 -1.01122081279755 -0.01069641113281 90004
11031608400469810 520 -0.56553184986115 -2.28119373321533 0.00271200947464 4
11032007698235610 520 2.66972351074219 1.35657966136932 -0.01633870601654 10004
11032406995993110 520 0.40040588378906 4.34177875518799 -0.00182867050171 20004
11032806293750410 520 -1.80245971679688 0.22570097446442 0.01177048683167 30004
1103320559151089 520 0.23989868164063 -5.76458311080933 -0.00149321556091 40004
11033604889266510 520 1.54348754882813 -2.74006867408752 -0.00958919525146 50004
1103400418700859 520 -0.5718994140625 -4.02666521072388 0.0037043094635 60004
11034403484782311 520 1.46490478515625 2.80883097648621 -0.00893402099609 70004
11034802782797411 520 0.391845703125 8.1299295425415 -0.00224781036377 80004
1103520208056199 520 1.70037841796875 -1.38597047328949 -0.01069164276123 90004
11031608400469810 521 -0.6961681842804 -2.05259990692139 0.00473093288019 4
11032007698235610 521 2.39071655273438 1.77124571800232 -0.01633888483047 10004
11032406995993110 521 0.30287170410156 4.66626834869385 -0.00182926654816 20004
11032806293750410 521 -1.67599487304688 0.58846843242645 0.01176929473877 30004
1103320559151089 521 0.26919555664063 -6.18535566329956 -0.00149369239807 40004
11033604889266510 521 1.78005981445313 -2.46150612831116 -0.01070880889893 50004
1103400418700859 521 -0.4732666015625 -4.3786358833313 0.00370192527771 60004
11034403484782311 521 1.6983642578125 2.43613505363464 -0.01005554199219 70004
11034802782797411 521 0.391845703125 8.1299295425415 -0.00224781036377 80004
1103520208056199 521 1.63543701171875 -1.76550900936127 -0.01068735122681 90004
