# framerate: 30 fps
# id frame x/m y/m z/m
470778076238500 0 0 -9.30537986755371 0 4
470809785175200 0 0 -9.30537986755371 0 10004
470841494118080 0 0 -9.30537986755371 0 20004
470873203058120 0 0 -9.30537986755371 0 30004
470904911969670 0 0 -9.30537986755371 0 40004
470936620937930 0 0 -9.30537986755371 0 50004
470968329846330 0 0 -9.30537986755371 0 60004
471000038817850 0 0 -9.30537986755371 0 70004
471031747757930 0 0 -9.30537986755371 0 80004
471063456697930 0 0 -9.30537986755371 0 90004
470778076238500 1 0 -9.30537986755371 0 4
470809785175200 1 0 -9.30537986755371 0 10004
470841494118080 1 0 -9.30537986755371 0 20004
470873203058120 1 0 -9.30537986755371 0 30004
470904911969670 1 0 -9.30537986755371 0 40004
470936620937930 1 0 -9.30537986755371 0 50004
470968329846330 1 0 -9.30537986755371 0 60004
471000038817850 1 0 -9.30537986755371 0 70004
471031747757930 1 0 -9.30537986755371 0 80004
471063456697930 1 0 -9.30537986755371 0 90004
470778076238500 2 -0.01245841570199 -9.27699851989746 -0.00000000000728 4
470809785175200 2 -0.00701904296875 -9.2568187713623 -0.00000005960464 10004
470841494118080 2 -0.01239013671875 -9.2788028717041 -0.00000011920929 20004
470873203058120 2 0 -9.30537986755371 0 30004
470904911969670 2 0.0169677734375 -9.25444984436035 -0.00000047683716 40004
470936620937930 2 0 -9.30537986755371 0 50004
470968329846330 2 -0.0048828125 -9.24559211730957 0 60004
471000038817850 2 -0.013916015625 -9.26183891296387 0 70004
471031747757930 2 -0.01123046875 -9.25118827819824 0 80004
471063456697930 2 -0.01318359375 -9.27724266052246 -0.00000047683716 90004
470778076238500 3 -0.05606023222208 -9.17766952514648 -0.00000000011642 4
470809785175200 3 -0.03158569335938 -9.08685493469238 -0.00000017881393 10004
470841494118080 3 -0.05575561523438 -9.18582916259766 -0.00000035762787 20004
470873203058120 3 0 -9.30537986755371 0 30004
470904911969670 3 0.07635498046875 -9.07619476318359 -0.00000190734863 40004
470936620937930 3 0 -9.30537986755371 0 50004
470968329846330 3 -0.02197265625 -9.03633499145508 0 60004
471000038817850 3 -0.0626220703125 -9.10944557189941 0 70004
471031747757930 3 -0.050537109375 -9.0615177154541 -0.00000047683716 80004
471063456697930 3 -0.059326171875 -9.17876243591309 -0.00000381469727 90004
470778076238500 4 -0.06228873133659 -9.16348075866699 -0.00000000049477 4
470809785175200 4 0.04986572265625 -8.78066062927246 -0.00000023841858 10004
470841494118080 4 -0.06195068359375 -9.1189022064209 -0.00000035762787 20004
470873203058120 4 -0.025634765625 -9.11117362976074 -0.00000047683716 30004
470904911969670 4 0.0478515625 -8.73087882995605 -0.00000238418579 40004
470936620937930 4 0.0003662109375 -9.2966365814209 0.00000095367432 50004
470968329846330 4 0.052490234375 -8.65480995178223 -0.00000262260437 60004
471000038817850 4 -0.12744140625 -8.92278861999512 0.00000095367432 70004
471031747757930 4 -0.124267578125 -8.75215339660645 -0.00000333786011 80004
471063456697930 4 -0.15966796875 -8.96671104431152 -0.00000619888306 90004
470778076238500 5 -0.07978792488575 -9.11444282531738 -0.00000000081491 4
470809785175200 5 0.08544921875 -8.44702911376953 -0.00000035762787 10004
470841494118080 5 -0.02011108398438 -8.99334049224854 -0.00000059604645 20004
470873203058120 5 0.0162353515625 -8.79491233825684 -0.0000011920929 30004
470904911969670 5 -0.0115966796875 -8.36043167114258 -0.00000309944153 40004
470936620937930 5 0.0042724609375 -9.25621795654297 0.00000238418579 50004
470968329846330 5 0.207763671875 -8.27338409423828 -0.00112795829773 60004
471000038817850 5 -0.2022705078125 -8.68038177490234 0.00201463699341 70004
471031747757930 5 -0.15655517578125 -8.4950122833252 0.0019965171814 80004
471063456697930 5 -0.27459716796875 -8.69650077819824 0.00202369689941 90004
470778076238500 6 -0.12177661806345 -8.98694705963135 -0.00000000116415 4
470809785175200 6 0.04339599609375 -8.08357524871826 -0.0000005364418 10004
470841494118080 6 0.07823181152344 -8.77760601043701 -0.0000011920929 20004
470873203058120 6 0.15585327148438 -8.32662200927734 -0.00000262260437 30004
470904911969670 6 -0.09146118164063 -7.97298049926758 -0.00000357627869 40004
470936620937930 6 0.01116943359375 -9.15406513214111 0.00000405311584 50004
470968329846330 6 0.45574951171875 -7.90085220336914 -0.0022497177124 60004
471000038817850 6 -0.2889404296875 -8.34847068786621 0.00202178955078 70004
471031747757930 6 -0.1259765625 -8.33100414276123 0.00086975097656 80004
471063456697930 6 -0.39544677734375 -8.34940910339355 0.00202512741089 90004
470778076238500 7 -0.1403234153986 -8.77756595611572 -0.00000000168802 4
470809785175200 7 0.15667724609375 -7.70771503448486 -0.0000005364418 10004
470841494118080 7 0.08970642089844 -8.67695903778076 -0.00000154972076 20004
470873203058120 7 0.18856811523438 -7.80748462677002 -0.00112533569336 30004
470904911969670 7 -0.07046508789063 -7.64304733276367 -0.00000405311584 40004
470936620937930 7 -0.01519775390625 -8.8109712600708 0.00000524520874 50004
470968329846330 7 0.54071044921875 -7.42855453491211 -0.00336766242981 60004
471000038817850 7 -0.3221435546875 -7.98390769958496 0.00202989578247 70004
471031747757930 7 -0.1376953125 -8.28145885467529 0.00086879730225 80004
471063456697930 7 -0.38763427734375 -7.95621967315674 0.00202798843384 90004
470778076238500 8 -0.12889692187309 -8.59221744537354 0.00103063881397 4
470809785175200 8 0.16928100585938 -7.36749696731567 -0.00112426280975 10004
470841494118080 8 0.02790832519531 -8.46644878387451 -0.00000190734863 20004
470873203058120 8 0.20611572265625 -7.35122632980347 -0.00112390518188 30004
470904911969670 8 -0.17398071289063 -7.30632543563843 0.0019998550415 40004
470936620937930 8 0.08358764648438 -8.41700077056885 0.00000739097595 50004
470968329846330 8 0.48077392578125 -7.05292844772339 -0.00336503982544 60004
471000038817850 8 -0.43646240234375 -7.68793630599976 0.00203704833984 70004
471031747757930 8 -0.1103515625 -8.12465286254883 0.00086736679077 80004
471063456697930 8 -0.267333984375 -7.64015102386475 0.00203275680542 90004
470778076238500 9 -0.09705966711044 -8.39116477966309 0.0010306367185 4
470809785175200 9 0.16246795654297 -7.04802179336548 -0.00112509727478 10004
470841494118080 9 -0.01068115234375 -8.19006729125977 -0.00000238418579 20004
470873203058120 9 0.15396118164063 -6.90635061264038 -0.00112318992615 30004
470904911969670 9 -0.35934448242188 -6.9888744354248 0.00199842453003 40004
470936620937930 9 0.26046752929688 -8.0200366973877 -0.00111389160156 50004
470968329846330 9 0.3875732421875 -6.67135381698608 -0.00336241722107 60004
471000038817850 9 -0.5255126953125 -7.38733816146851 0.00407409667969 70004
471031747757930 9 -0.11883544921875 -7.86977338790894 0.00086688995361 80004
471063456697930 9 -0.12646484375 -7.32721853256226 0.00091361999512 90004
470778076238500 10 -0.038131441921 -8.14659023284912 0.00103063462302 4
470809785175200 10 0.16338348388672 -6.75169849395752 -0.00112581253052 10004
470841494118080 10 0.030517578125 -7.83131313323975 -0.00000262260437 20004
470873203058120 10 -0.030517578125 -6.45270681381226 0.00090134143829 30004
470904911969670 10 -0.65042114257813 -6.71117639541626 0.00400447845459 40004
470936620937930 10 0.5364990234375 -7.63825464248657 -0.00335788726807 50004
470968329846330 10 0.294189453125 -6.23125696182251 -0.00135397911072 60004
471000038817850 10 -0.52734375 -7.04423713684082 0.00408124923706 70004
471031747757930 10 -0.216796875 -7.46722030639648 0.00086545944214 80004
471063456697930 10 0.00445556640625 -6.98326635360718 0.00091886520386 90004
470778076238500 11 0.10527551919222 -7.92919254302979 -0.00009241281077 4
470809785175200 11 0.29576110839844 -6.47045850753784 -0.00112766027451 10004
470841494118080 11 0.03074645996094 -7.54765701293945 -0.00000298023224 20004
470873203058120 11 -0.05889892578125 -5.96385812759399 0.00090062618256 30004
470904911969670 11 -0.73922729492188 -6.53063869476318 0.00400066375732 40004
470936620937930 11 0.62530517578125 -7.17549848556519 -0.00335550308228 50004
470968329846330 11 0.023193359375 -5.87191963195801 0.00067663192749 60004
471000038817850 11 -0.556640625 -6.70232343673706 0.00408840179443 70004
471031747757930 11 -0.15179443359375 -7.14611339569092 0.00086355209351 80004
471063456697930 11 0.05377197265625 -6.61798524856567 -0.00020551681519 90004
470778076238500 12 0.17847026884556 -7.68498706817627 -0.00009241281077 4
470809785175200 12 0.42763519287109 -6.14759922027588 -0.00225222110748 10004
470841494118080 12 -0.05218505859375 -7.22712707519531 -0.00000321865082 20004
470873203058120 12 0.05218505859375 -5.49751615524292 -0.00022304058075 30004
470904911969670 12 -0.97787475585938 -6.30240297317505 0.00602793693542 40004
470936620937930 12 0.81634521484375 -6.75171422958374 -0.00447702407837 50004
470968329846330 12 -0.12939453125 -5.45874261856079 0.00067520141602 60004
471000038817850 12 -0.640869140625 -6.37188243865967 0.00409603118896 70004
471031747757930 12 -0.1026611328125 -6.75650405883789 0.00086259841919 80004
471063456697930 12 0.13525390625 -6.25906038284302 -0.00021314620972 90004
470778076238500 13 0.18899646401405 -7.46332931518555 -0.00121545838192 4
470809785175200 13 0.51027679443359 -5.84506940841675 -0.00225400924683 10004
470841494118080 13 -0.18388366699219 -6.94790315628052 0.00202226638794 20004
470873203058120 13 0.24395751953125 -5.12691259384155 -0.00134742259979 30004
470904911969670 13 -1.26510620117188 -6.11517477035522 0.00804710388184 40004
470936620937930 13 0.998291015625 -6.39035892486572 -0.00559711456299 50004
470968329846330 13 -0.1708984375 -5.07766580581665 0.00067067146301 60004
471000038817850 13 -0.7083740234375 -6.08718729019165 0.00410413742065 70004
471031747757930 13 -0.04461669921875 -6.39444971084595 0.00086164474487 80004
471063456697930 13 0.23162841796875 -5.95526552200317 -0.00134181976318 90004
470778076238500 14 0.11465601623058 -7.21378469467163 -0.00121545768343 4
470809785175200 14 0.48441314697266 -5.47795009613037 -0.00225567817688 10004
470841494118080 14 -0.42750549316406 -6.68144416809082 0.00201988220215 20004
470873203058120 14 0.60009765625 -4.79085683822632 -0.00359117984772 30004
470904911969670 14 -1.65603637695313 -6.01931619644165 0.01009726524353 40004
470936620937930 14 1.10391235351563 -5.93124341964722 -0.00671339035034 50004
470968329846330 14 -0.06927490234375 -4.63927125930786 0.00066351890564 60004
471000038817850 14 -0.673583984375 -5.74606037139893 0.00411891937256 70004
471031747757930 14 0.1082763671875 -5.99704647064209 -0.0002613067627 80004
471063456697930 14 0.3900146484375 -5.6221137046814 -0.00247144699097 90004
470778076238500 15 0.13521964848042 -6.97440481185913 -0.00121545733418 4
470809785175200 15 0.57957458496094 -5.1515645980835 -0.0033797621727 10004
470841494118080 15 -0.54656982421875 -6.37033700942993 0.00404381752014 20004
470873203058120 15 0.79254150390625 -4.3819785118103 -0.00471448898315 30004
470904911969670 15 -1.95913696289063 -5.80486726760864 0.01221060752869 40004
470936620937930 15 1.03921508789063 -5.50124788284302 -0.0067081451416 50004
470968329846330 15 -0.12237548828125 -4.22704172134399 0.00066089630127 60004
471000038817850 15 -0.706298828125 -5.42859077453613 0.00412654876709 70004
471031747757930 15 0.226806640625 -5.61786270141602 -0.0013861656189 80004
471063456697930 15 0.426513671875 -5.28312253952026 -0.00247716903687 90004
470778076238500 16 0.12580028176308 -6.73718595504761 -0.00121545535512 4
470809785175200 16 0.68977355957031 -4.82635021209717 -0.00337952375412 10004
470841494118080 16 -0.62692260742188 -6.04393720626831 0.00404334068298 20004
470873203058120 16 0.91555786132813 -3.94510459899902 -0.0058411359787 30004
470904911969670 16 -2.1912841796875 -5.53819417953491 0.01423025131226 40004
470936620937930 16 1.02352905273438 -5.0946249961853 -0.00670146942139 50004
470968329846330 16 -0.1790771484375 -3.81165552139282 0.00065970420837 60004
471000038817850 16 -0.7410888671875 -5.11034965515137 0.00413370132446 70004
471031747757930 16 0.3328857421875 -5.23495388031006 -0.00139093399048 80004
471063456697930 16 0.436767578125 -4.9392557144165 -0.00248003005981 90004
470778076238500 17 0.04598516225815 -6.49041986465454 -0.00121545535512 4
470809785175200 17 0.79513549804688 -4.47457885742188 -0.00450259447098 10004
470841494118080 17 -0.67304992675781 -5.68792295455933 0.00404286384583 20004
470873203058120 17 0.97024536132813 -3.45989608764648 -0.00584435462952 30004
470904911969670 17 -2.35787963867188 -5.21213436126709 0.01422548294067 40004
470936620937930 17 1.1142578125 -4.68846893310547 -0.00669145584106 50004
470968329846330 17 -0.1986083984375 -3.3639965057373 0.00065279006958 60004
471000038817850 17 -0.7752685546875 -4.77085828781128 0.00414133071899 70004
471031747757930 17 0.43359375 -4.82114505767822 -0.00252056121826 80004
471063456697930 17 0.4263916015625 -4.5728497505188 -0.00248050689697 90004
470778076238500 18 -0.12098042666912 -6.26848888397217 0.00084803486243 4
470809785175200 18 0.82150268554688 -4.08291625976563 -0.0045028924942 10004
470841494118080 18 -0.56684875488281 -5.31767225265503 0.00404119491577 20004
470873203058120 18 0.88137817382813 -2.94516372680664 -0.00584626197815 30004
470904911969670 18 -2.59225463867188 -4.93168544769287 0.01631474494934 40004
470936620937930 18 1.19189453125 -4.19203186035156 -0.00668144226074 50004
470968329846330 18 -0.0616455078125 -2.90408897399902 0.00064945220947 60004
471000038817850 18 -0.9530029296875 -4.45056867599487 0.00615644454956 70004
471031747757930 18 0.52734375 -4.37679386138916 -0.00252246856689 80004
471063456697930 18 0.2603759765625 -4.21648836135864 -0.00248432159424 90004
470778076238500 19 -0.23394021391869 -6.05428886413574 0.00084803486243 4
470809785175200 19 0.87612152099609 -3.74422144889832 -0.00562655925751 10004
470841494118080 19 -0.56724548339844 -4.98422431945801 0.00404024124146 20004
470873203058120 19 0.90264892578125 -2.49155235290527 -0.00584876537323 30004
470904911969670 19 -2.71206665039063 -4.59387731552124 0.01832032203674 40004
470936620937930 19 1.19100952148438 -3.75369119644165 -0.00667309761047 50004
470968329846330 19 -0.0843505859375 -2.49144172668457 0.000648021698 60004
471000038817850 19 -1.02392578125 -4.14160299301147 0.00616312026978 70004
471031747757930 19 0.67852783203125 -4.01138544082642 -0.00364637374878 80004
471063456697930 19 0.229248046875 -4.01447534561157 -0.00248432159424 90004
470778076238500 20 -0.33822858333588 -5.81590938568115 0.00287949899212 4
470809785175200 20 1.00259399414063 -3.40751695632935 -0.00562810897827 10004
470841494118080 20 -0.53305053710938 -4.63300371170044 0.00403952598572 20004
470873203058120 20 1.02816772460938 -2.02780055999756 -0.00585234165192 30004
470904911969670 20 -2.74594116210938 -4.20200300216675 0.01831746101379 40004
470936620937930 20 1.09133911132813 -3.30393481254578 -0.00666761398315 50004
470968329846330 20 -0.22259521484375 -2.07411432266235 0.00064587593079 60004
471000038817850 20 -1.0792236328125 -3.80284857749939 0.00617027282715 70004
471031747757930 20 0.8035888671875 -3.61099314689636 -0.00477409362793 80004
471063456697930 20 0.2567138671875 -3.75898313522339 -0.00139617919922 90004
470778076238500 21 -0.42336171865463 -5.55452585220337 0.00287949526682 4
470809785175200 21 1.22257995605469 -3.09216547012329 -0.00675141811371 10004
470841494118080 21 -0.41818237304688 -4.26953744888306 0.00291478633881 20004
470873203058120 21 1.28463745117188 -1.57298350334167 -0.00809955596924 30004
470904911969670 21 -2.66806030273438 -3.77986311912537 0.0171902179718 40004
470936620937930 21 0.88522338867188 -2.85085797309875 -0.00666260719299 50004
470968329846330 21 -0.4971923828125 -1.69641876220703 0.00269222259521 60004
471000038817850 21 -1.1414794921875 -3.44213032722473 0.00818300247192 70004
471031747757930 21 0.8524169921875 -3.16401886940002 -0.00477695465088 80004
471063456697930 21 0.349609375 -3.38105821609497 -0.00140380859375 90004
470778076238500 22 -0.40447062253952 -5.27738809585571 0.00287949037738 4
470809785175200 22 1.38314819335938 -2.80301189422607 -0.0078752040863 10004
470841494118080 22 -0.44772338867188 -3.88549780845642 0.00291430950165 20004
470873203058120 22 1.57257080078125 -1.13727068901062 -0.00922167301178 30004
470904911969670 22 -2.57138061523438 -3.36157011985779 0.01718592643738 40004
470936620937930 22 0.86337280273438 -2.34866452217102 -0.00465202331543 50004
470968329846330 22 -0.8497314453125 -1.4797248840332 0.00471115112305 60004
471000038817850 22 -1.1815185546875 -3.0782310962677 0.00818300247192 70004
471031747757930 22 0.9490966796875 -2.75393128395081 -0.0059027671814 80004
471063456697930 22 0.5792236328125 -3.06204652786255 -0.00365161895752 90004
470778076238500 23 -0.41975662112236 -5.03516721725464 0.0028794859536 4
470809785175200 23 1.48550415039063 -2.48421311378479 -0.008997797966 10004
470841494118080 23 -0.36846923828125 -3.57247948646545 0.00291299819946 20004
470873203058120 23 1.66644287109375 -0.69533681869507 -0.01034390926361 30004
470904911969670 23 -2.55453491210938 -2.98732399940491 0.01718354225159 40004
470936620937930 23 0.77313232421875 -1.9193160533905 -0.00465154647827 50004
470968329846330 23 -1.09375 -1.15311479568481 0.0068051815033 60004
471000038817850 23 -1.22314453125 -2.76060891151428 0.00818300247192 70004
471031747757930 23 1.0849609375 -2.43326210975647 -0.00590372085571 80004
471063456697930 23 0.6539306640625 -2.79298496246338 -0.00364685058594 90004
470778076238500 24 -0.46608927845955 -4.83656692504883 0.00287948222831 4
470809785175200 24 1.56328582763672 -2.20034241676331 -0.00899767875671 10004
470841494118080 24 -0.31085205078125 -3.2995388507843 0.00291204452515 20004
470873203058120 24 1.66790771484375 -0.31184041500092 -0.01034390926361 30004
470904911969670 24 -2.56930541992188 -2.66686463356018 0.01718187332153 40004
470936620937930 24 0.7288818359375 -1.55004382133484 -0.0046534538269 50004
470968329846330 24 -1.244873046875 -0.83482587337494 0.00884437561035 60004
471000038817850 24 -1.220458984375 -2.49192547798157 0.00818300247192 70004
471031747757930 24 1.25390625 -2.18012547492981 -0.00702953338623 80004
471063456697930 24 0.6617431640625 -2.54450225830078 -0.00364589691162 90004
470778076238500 25 -0.59570735692978 -4.61078262329102 0.0028794768732 4
470809785175200 25 1.64900207519531 -1.84240293502808 -0.01012140512466 10004
470841494118080 25 -0.30215454101563 -2.93854570388794 0.00291085243225 20004
470873203058120 25 1.52874755859375 0.15759687125683 -0.01034355163574 30004
470904911969670 25 -2.6365966796875 -2.27004075050354 0.0171799659729 40004
470936620937930 25 0.781982421875 -1.08170866966248 -0.00465655326843 50004
470968329846330 25 -1.31201171875 -0.39005035161972 0.00884246826172 60004
471000038817850 25 -1.11883544921875 -2.16469955444336 0.00818300247192 70004
471031747757930 25 1.57977294921875 -1.90438365936279 -0.0092887878418 80004
471063456697930 25 0.57568359375 -2.18565487861633 -0.00364303588867 90004
470778076238500 26 -0.67397427558899 -4.50696563720703 0.00490385480225 4
470809785175200 26 1.5909423828125 -1.50604343414307 -0.01012182235718 10004
470841494118080 26 -0.18930053710938 -2.62235403060913 0.00178420543671 20004
470873203058120 26 1.399169921875 0.59591549634933 -0.00830686092377 30004
470904911969670 26 -2.54864501953125 -1.90723752975464 0.01717615127563 40004
470936620937930 26 0.72601318359375 -0.64647650718689 -0.00465846061707 50004
470968329846330 26 -1.21783447265625 -0.02633579820395 0.00884008407593 60004
471000038817850 26 -1.02239990234375 -1.85984265804291 0.00707006454468 70004
471031747757930 26 1.88250732421875 -1.64896488189697 -0.01154708862305 80004
471063456697930 26 0.6318359375 -1.84849202632904 -0.00363779067993 90004
470778076238500 27 -0.73904591798782 -4.34081888198853 0.00490385293961 4
470809785175200 27 1.56333160400391 -1.1851806640625 -0.01012223958969 10004
470841494118080 27 -0.14048767089844 -2.29694938659668 0.00178289413452 20004
470873203058120 27 1.368408203125 1.04105579853058 -0.00830686092377 30004
470904911969670 27 -2.37710571289063 -1.58302783966064 0.0160493850708 40004
470936620937930 27 0.57266235351563 -0.24537087976933 -0.00465965270996 50004
470968329846330 27 -1.1927490234375 0.33502861857414 0.00771522521973 60004
471000038817850 27 -0.99462890625 -1.54856467247009 0.007080078125 70004
471031747757930 27 2.13800048828125 -1.35209727287292 -0.01268291473389 80004
471063456697930 27 0.6241455078125 -1.51257312297821 -0.00363397598267 90004
470778076238500 28 -0.80096727609634 -4.1073751449585 0.00490385014564 4
470809785175200 28 1.57424926757813 -0.87729918956757 -0.01012247800827 10004
470841494118080 28 -0.15347290039063 -1.96228086948395 0.00178229808807 20004
470873203058120 28 1.4393310546875 1.49228239059448 -0.00830388069153 30004
470904911969670 28 -2.14480590820313 -1.29484891891479 0.01492357254028 40004
470936620937930 28 0.34475708007813 0.1115899682045 -0.0026330947876 50004
470968329846330 28 -1.260986328125 0.69703137874603 0.00771427154541 60004
471000038817850 28 -1.02581787109375 -1.23174703121185 0.00708723068237 70004
471031747757930 28 2.333740234375 -1.01215493679047 -0.01493501663208 80004
471063456697930 28 0.5325927734375 -1.1827507019043 -0.00363159179688 90004
470778076238500 29 -0.97236251831055 -3.88889026641846 0.00692922296003 4
470809785175200 29 1.54898071289063 -0.48555931448936 -0.01012277603149 10004
470841494118080 29 -0.01560974121094 -1.60274374485016 0.00065755844116 20004
470873203058120 29 1.57247924804688 1.99725294113159 -0.00942599773407 30004
470904911969670 29 -2.04568481445313 -0.93607300519943 0.01378917694092 40004
470936620937930 29 0.29739379882813 0.36855572462082 -0.0026319026947 50004
470968329846330 29 -1.52703857421875 1.09639513492584 0.00981187820435 60004
471000038817850 29 -0.91546630859375 -0.88338732719421 0.00597906112671 70004
471031747757930 29 2.379638671875 -0.60171067714691 -0.01493787765503 80004
471063456697930 29 0.28729248046875 -0.87533569335938 -0.00160026550293 90004
470778076238500 30 -1.07355523109436 -3.6513786315918 0.00692921318114 4
470809785175200 30 1.57161712646484 -0.11894756555557 -0.01012313365936 10004
470841494118080 30 0.07595825195313 -1.25410485267639 -0.00046682357788 20004
470873203058120 30 1.75787353515625 2.44936537742615 -0.01054906845093 30004
470904911969670 30 -1.88568115234375 -0.57924425601959 0.01265549659729 40004
470936620937930 30 0.38372802734375 0.78154587745667 -0.00262928009033 50004
470968329846330 30 -1.630859375 1.52709567546844 0.0098078250885 60004
471000038817850 30 -0.894775390625 -0.54358774423599 0.00598764419556 70004
471031747757930 30 2.27984619140625 -0.2014993429184 -0.01493835449219 80004
471063456697930 30 0.1717529296875 -0.53097939491272 -0.00160312652588 90004
470778076238500 31 -1.18025124073029 -3.45831704139709 0.00692920293659 4
470809785175200 31 1.58803558349609 0.17562249302864 -0.01012355089188 10004
470841494118080 31 0.11445617675781 -0.94638377428055 -0.00046718120575 20004
470873203058120 31 1.91592407226563 2.84266138076782 -0.01167237758636 30004
470904911969670 31 -1.79022216796875 -0.25205865502357 0.01265096664429 40004
470936620937930 31 0.5030517578125 1.17157125473022 -0.0026273727417 50004
470968329846330 31 -1.6248779296875 1.90824329853058 0.00980305671692 60004
471000038817850 31 -0.92864990234375 -0.25127622485161 0.00599384307861 70004
471031747757930 31 2.11419677734375 0.12066484987736 -0.01291608810425 80004
471063456697930 31 0.1497802734375 -0.21935859322548 -0.00160503387451 90004
470778076238500 32 -1.37321317195892 -3.25869512557983 0.00893477350473 4
470809785175200 32 1.57176971435547 0.49505025148392 -0.01012390851974 10004
470841494118080 32 0.10690307617188 -0.56340759992599 -0.00046741962433 20004
470873203058120 32 2.08297729492188 3.32803177833557 -0.0127934217453 30004
470904911969670 32 -1.774169921875 0.17140971124172 0.01152944564819 40004
470936620937930 32 0.66830444335938 1.64336168766022 -0.0037477016449 50004
470968329846330 32 -1.49432373046875 2.36991739273071 0.00979375839233 60004
471000038817850 32 -1.027587890625 0.09670778363943 0.00600337982178 70004
471031747757930 32 1.8251953125 0.46790054440498 -0.01086473464966 80004
471063456697930 32 0.21722412109375 0.1659649759531 -0.0016131401062 90004
470778076238500 33 -1.54836571216583 -3.04321718215942 0.00893476698548 4
470809785175200 33 1.39933013916016 0.84765082597733 -0.01012396812439 10004
470841494118080 33 0.25338745117188 -0.20717346668243 -0.0015914440155 20004
470873203058120 33 2.3028564453125 3.65352463722229 -0.01391673088074 30004
470904911969670 33 -1.611572265625 0.50785833597183 0.01040935516357 40004
470936620937930 33 0.63168334960938 2.14468002319336 -0.003746509552 50004
470968329846330 33 -1.44842529296875 2.84784936904907 0.00978255271912 60004
471000038817850 33 -0.984619140625 0.41692051291466 0.00601863861084 70004
471031747757930 33 1.6982421875 0.90388518571854 -0.01087093353271 80004
471063456697930 33 0.12445068359375 0.54825294017792 -0.00161647796631 90004
470778076238500 34 -1.68144071102142 -2.84028172492981 0.01098510902375 4
470809785175200 34 1.36205291748047 1.18361604213715 -0.0080703496933 10004
470841494118080 34 0.26860046386719 0.12414235621691 -0.00159168243408 20004
470873203058120 34 2.5439453125 3.83492422103882 -0.01616609096527 30004
470904911969670 34 -1.51998901367188 0.85956597328186 0.01041078567505 40004
470936620937930 34 0.59896850585938 2.58329558372498 -0.00374484062195 50004
470968329846330 34 -1.32196044921875 3.2344925403595 0.00865173339844 60004
471000038817850 34 -0.84832763671875 0.6925647854805 0.00603199005127 70004
471031747757930 34 1.46844482421875 1.22028851509094 -0.0087571144104 80004
471063456697930 34 0.1607666015625 0.88498085737228 -0.00061559677124 90004
470778076238500 35 -1.77352225780487 -2.62110686302185 0.01098509691656 4
470809785175200 35 1.35521697998047 1.52703940868378 -0.00807094573975 10004
470841494118080 35 0.30435180664063 0.45189249515533 -0.00159227848053 20004
470873203058120 35 2.8697509765625 3.95062828063965 -0.01841485500336 30004
470904911969670 35 -1.50021362304688 1.22648203372955 0.0104124546051 40004
470936620937930 35 0.50106811523438 3.00228691101074 -0.00374412536621 50004
470968329846330 35 -1.2322998046875 3.58556914329529 0.00864934921265 60004
471000038817850 35 -0.73211669921875 0.98270380496979 0.00492191314697 70004
471031747757930 35 1.26092529296875 1.54852545261383 -0.00876331329346 80004
471063456697930 35 0.1864013671875 1.18418669700623 -0.00061893463135 90004
470778076238500 36 -1.80374610424042 -2.36246919631958 0.0109850820154 4
470809785175200 36 1.34686279296875 1.89497232437134 -0.00807166099548 10004
470841494118080 36 0.44168090820313 0.78586232662201 -0.00271654129028 20004
470873203058120 36 3.3568115234375 4.0022873878479 -0.02095377445221 30004
470904911969670 36 -1.59085083007813 1.61879086494446 0.01041388511658 40004
470936620937930 36 0.270751953125 3.41338014602661 -0.00169038772583 50004
470968329846330 36 -1.2506103515625 3.90972304344177 0.00864934921265 60004
471000038817850 36 -0.6982421875 1.32390940189362 0.00493621826172 70004
471031747757930 36 1.14190673828125 1.95726191997528 -0.00671911239624 80004
471063456697930 36 0.1314697265625 1.43122887611389 -0.00062274932861 90004
470778076238500 37 -1.72181272506714 -2.11523652076721 0.0109850531444 4
470809785175200 37 1.18374633789063 2.224853515625 -0.00807219743729 10004
470841494118080 37 0.44282531738281 1.1469578742981 -0.00271832942963 20004
470873203058120 37 3.8204345703125 3.84331464767456 -0.02432417869568 30004
470904911969670 37 -1.50753784179688 2.01236748695374 0.01041579246521 40004
470936620937930 37 0.23550415039063 3.88331389427185 -0.0016884803772 50004
470968329846330 37 -1.08331298828125 4.32770442962646 0.00752544403076 60004
471000038817850 37 -0.79071044921875 1.58918702602386 0.00494337081909 70004
471031747757930 37 0.93408203125 2.32901239395142 -0.00672006607056 80004
471063456697930 37 -0.0928955078125 1.72376132011414 0.00144386291504 90004
470778076238500 38 -1.69721281528473 -1.8766040802002 0.01098503638059 4
470809785175200 38 1.03347778320313 2.53371047973633 -0.00605618953705 10004
470841494118080 38 0.35627746582031 1.46576273441315 -0.0027197599411 20004
470873203058120 38 4.18478393554688 3.58816456794739 -0.02671897411346 30004
470904911969670 38 -1.3343505859375 2.33621740341187 0.0092933177948 40004
470936620937930 38 0.20343017578125 4.32195901870728 -0.00168824195862 50004
470968329846330 38 -1.04315185546875 4.73654842376709 0.00752305984497 60004
471000038817850 38 -0.83197021484375 1.8414990901947 0.00495004653931 70004
471031747757930 38 0.80438232421875 2.70115160942078 -0.0047173500061 80004
471063456697930 38 -0.21630859375 2.03726077079773 0.00144577026367 90004
470778076238500 39 -1.69331109523773 -1.65169596672058 0.01098502520472 4
470809785175200 39 0.91062164306641 2.82554793357849 -0.00605660676956 10004
470841494118080 39 0.23799133300781 1.74308478832245 -0.00066804885864 20004
470873203058120 39 4.46453857421875 3.28101921081543 -0.02784407138824 30004
470904911969670 39 -1.1295166015625 2.61809849739075 0.0081684589386 40004
470936620937930 39 0.200927734375 4.72534370422363 -0.00168776512146 50004
470968329846330 39 -1.04156494140625 5.11721706390381 0.0075216293335 60004
471000038817850 39 -0.8427734375 2.08750295639038 0.00495624542236 70004
471031747757930 39 0.71514892578125 3.05920386314392 -0.00471782684326 80004
471063456697930 39 -0.2650146484375 2.34924340248108 0.00144863128662 90004
470778076238500 40 -1.63920891284943 -1.3969486951828 0.01098499633372 4
470809785175200 40 0.86759185791016 3.19103646278381 -0.00605696439743 10004
470841494118080 40 0.1475830078125 2.00427651405334 -0.00066840648651 20004
470873203058120 40 4.63803100585938 2.83055472373962 -0.02896785736084 30004
470904911969670 40 -0.92764282226563 2.96617770195007 0.00704264640808 40004
470936620937930 40 0.36846923828125 5.16571950912476 -0.00168490409851 50004
470968329846330 40 -0.888671875 5.50165987014771 0.00639629364014 60004
471000038817850 40 -0.828125 2.43024277687073 0.00496387481689 70004
471031747757930 40 0.59979248046875 3.46922421455383 -0.00471878051758 80004
471063456697930 40 -0.18719482421875 2.70921730995178 0.0014533996582 90004
470778076238500 41 -1.5825914144516 -1.16059637069702 0.01098497025669 4
470809785175200 41 0.71714019775391 3.49368357658386 -0.00400841236115 10004
470841494118080 41 0.1326904296875 2.32130122184753 -0.00066900253296 20004
470873203058120 41 4.68682861328125 2.38164234161377 -0.0300909280777 30004
470904911969670 41 -0.67489624023438 3.2408549785614 0.00479435920715 40004
470936620937930 41 0.5953369140625 5.54015159606934 -0.00280547142029 50004
470968329846330 41 -0.73388671875 5.88414478302002 0.00527286529541 60004
471000038817850 41 -0.709716796875 2.7216911315918 0.00497579574585 70004
471031747757930 41 0.47802734375 3.84737801551819 -0.00271463394165 80004
471063456697930 41 -0.2025146484375 3.04993724822998 0.00145530700684 90004
470778076238500 42 -1.55790603160858 -0.94064903259277 0.01098494976759 4
470809785175200 42 0.58957672119141 3.77896761894226 -0.00400894880295 10004
470841494118080 42 0.11296081542969 2.63160276412964 -0.00066936016083 20004
470873203058120 42 4.653564453125 1.965416431427 -0.03009104728699 30004
470904911969670 42 -0.4625244140625 3.50883984565735 0.00366234779358 40004
470936620937930 42 0.7884521484375 5.89514446258545 -0.00504970550537 50004
470968329846330 42 -0.55609130859375 6.22696495056152 0.00414896011353 60004
471000038817850 42 -0.5791015625 2.95636177062988 0.00386524200439 70004
471031747757930 42 0.40875244140625 4.19110774993896 -0.00271511077881 80004
471063456697930 42 -0.27197265625 3.35773301124573 0.00145769119263 90004
470778076238500 43 -1.60584795475006 -0.68468832969666 0.01098493486643 4
470809785175200 43 0.54654693603516 4.14445638656616 -0.00400948524475 10004
470841494118080 43 0.02919006347656 2.98279523849487 -0.00066947937012 20004
470873203058120 43 4.48556518554688 1.50549268722534 -0.02809047698975 30004
470904911969670 43 -0.31851196289063 3.8846173286438 0.00253295898438 40004
470936620937930 43 0.91937255859375 6.3477725982666 -0.00504922866821 50004
470968329846330 43 -0.270263671875 6.57491540908813 0.00189924240112 60004
471000038817850 43 -0.443603515625 3.15247774124146 0.00387859344482 70004
471031747757930 43 0.4517822265625 4.57145214080811 -0.00271701812744 80004
471063456697930 43 -0.43768310546875 3.68746948242188 0.00347709655762 90004
470778076238500 44 -1.58099412918091 -0.55831438302994 0.01098490972072 4
470809785175200 44 0.39588165283203 4.45144510269165 -0.00197327136993 10004
470841494118080 44 -0.05316162109375 3.30956125259399 -0.00066947937012 20004
470873203058120 44 4.5108642578125 1.0520099401474 -0.02809119224548 30004
470904911969670 44 -0.25064086914063 4.25342798233032 0.00253033638 40004
470936620937931 44 -0.13052368164063 -9.02587223052979 0.00000143051147 50004
470968329846331 44 -0.04046630859375 -8.92760753631592 -0.00000071525574 60004
471000038817850 44 -0.38458251953125 3.45844316482544 0.00276851654053 70004
471031747757930 44 0.39910888671875 4.96164989471436 -0.00271844863892 80004
471063456697930 44 -0.458251953125 4.02888631820679 0.00347948074341 90004
470778076238500 45 -1.54192650318146 -0.43222534656525 0.01098488643765 4
470809785175200 45 0.30840301513672 4.77520084381104 -0.00197333097458 10004
470841494118080 45 -0.10491943359375 3.64112377166748 0.00136005878448 20004
470873203058120 45 4.527099609375 0.59584790468216 -0.0280921459198 30004
470904911969670 45 -0.18655395507813 4.62342309951782 0.00140476226807 40004
470936620937931 45 -0.20111083984375 -8.75461101531982 0.00204515457153 50004
470968329846331 45 -0.05157470703125 -8.51782512664795 -0.00000286102295 60004
471000038817850 45 -0.28289794921875 3.72409343719482 0.00278186798096 70004
471031747757930 45 0.345703125 5.35543727874756 -0.00271892547607 80004
471063456697930 45 -0.39886474609375 4.36007213592529 0.00348329544067 90004
470778076238500 46 -1.48120164871216 -0.27664425969124 0.00986183714122 4
470809785175200 46 0.30436706542969 5.14174270629883 -0.00197345018387 10004
470841494118080 46 -0.10655212402344 3.99828696250916 0.00135970115662 20004
470873203058120 46 4.54742431640625 0.1119241937995 -0.02921617031097 30004
470904911969670 46 -0.1396484375 5.01852893829346 0.00140309333801 40004
470936620937931 46 -0.19802856445313 -8.48033714294434 0.00204968452454 50004
470968329846331 46 -0.0274658203125 -8.07568740844727 -0.00000429153442 60004
471000038817850 46 -0.12017822265625 3.95601511001587 0.00166416168213 70004
471031747757930 46 0.28155517578125 5.77486419677734 -0.00271892547607 80004
471063456697930 46 -0.28125 4.7009162902832 0.00236511230469 90004
470778076238500 47 -1.35959720611572 -0.04635255783796 0.00986183993518 4
470809785175200 47 0.38344573974609 5.50113439559937 -0.00197374820709 10004
470841494118080 47 0.02581787109375 4.334228515625 0.00023555755615 20004
470873203058120 47 4.74746704101563 -0.33496943116188 -0.03033971786499 30004
470904911969670 47 -0.24310302734375 5.40651226043701 0.00140190124512 40004
470936620937931 47 -0.17193603515625 -8.10525703430176 0.00205683708191 50004
470968329846331 47 0.00457763671875 -7.63404560089111 -0.00000619888306 60004
471000038817850 47 0.0491943359375 4.19197845458984 0.00054883956909 70004
471031747757930 47 0.12774658203125 6.17198133468628 -0.00067329406738 80004
471063456697930 47 -0.2977294921875 5.04006195068359 0.00236701965332 90004
470778076238500 48 -1.3258250951767 0.19044771790504 0.00873879343271 4
470809785175200 48 0.3841552734375 5.84247636795044 -0.00197410583496 10004
470841494118080 48 0.05097961425781 4.66622114181519 0.00023531913757 20004
470873203058120 48 5.04327392578125 -0.67626047134399 -0.03146004676819 30004
470904911969670 48 -0.21243286132813 5.77465677261353 0.00139975547791 40004
470936620937931 48 -0.23553466796875 -7.76314926147461 0.00206112861633 50004
470968329846331 48 0.16876220703125 -7.26201963424683 -0.00000858306885 60004
471000038817850 48 0.12939453125 4.48641967773438 -0.00057125091553 70004
471031747757930 48 0.1177978515625 6.56296491622925 -0.0006742477417 80004
471063456697930 48 -0.220458984375 5.36554098129272 0.00237083435059 90004
470778076238500 49 -1.31633877754211 0.41592913866043 0.00873879157007 4
470809785175200 49 0.35250854492188 6.15917873382568 -0.00197416543961 10004
470841494118080 49 0.00874328613281 4.96995162963867 0.0002349615097 20004
470873203058120 49 5.2987060546875 -1.00472068786621 -0.03370881080627 30004
470904911969670 49 -0.197998046875 6.11612224578857 0.00139784812927 40004
470936620937931 49 -0.27365112304688 -7.44605398178101 0.00206565856934 50004
470968329846331 49 0.304931640625 -6.93266677856445 -0.00113344192505 60004
471000038817850 49 0.15606689453125 4.77950572967529 -0.00057029724121 70004
471031747757931 49 0.03076171875 -9.22490882873535 -0.00000095367432 80004
471063456697930 49 -0.167236328125 5.67386436462402 0.00125074386597 90004
470778076238500 50 -1.3093193769455 0.69361728429794 0.00873879157007 4
470809785175201 50 0 -9.30537986755371 0 10004
470841494118080 50 -0.15568542480469 5.31819534301758 0.00023484230042 20004
470873203058120 50 5.48147583007813 -1.49412155151367 -0.03483486175537 30004
470904911969671 50 0 -9.30537986755371 0 40004
470936620937931 50 -0.20089721679688 -7.0517897605896 0.00207471847534 50004
470968329846331 50 0.333251953125 -6.54372024536133 -0.001136302948 60004
471000038817850 50 0.11114501953125 5.14267253875732 -0.00056934356689 70004
471031747757931 50 0.15380859375 -8.90302467346191 -0.00000381469727 80004
471063456697930 50 -0.218017578125 6.06394004821777 0.00125408172607 90004
470778076238500 51 -1.28417956829071 0.97025799751282 0.0087387887761 4
470809785175201 51 0.084228515625 -8.95337772369385 -0.00000047683716 10004
470841494118080 51 -0.41252136230469 5.53173446655273 0.00225353240967 20004
470873203058120 51 5.43997192382813 -2.01479911804199 -0.03483629226685 30004
470904911969671 51 -0.17581176757813 -8.92862510681152 0.00200414657593 40004
470936620937931 51 -0.30099487304688 -6.66329336166382 0.00208234786987 50004
470968329846331 51 0.211181640625 -6.22365951538086 -0.00113821029663 60004
471000038817850 51 0.06427001953125 5.5056791305542 -0.00056791305542 70004
471031747757931 51 0.13623046875 -8.55903053283691 -0.0000057220459 80004
471063456697930 51 -0.326416015625 6.44233512878418 0.00125789642334 90004
470778076238500 52 -1.28193151950836 1.21297955513 0.0087387887761 4
470809785175201 52 0.12138366699219 -8.63975048065186 -0.0000011920929 10004
470841494118080 52 -0.51441955566406 5.66506862640381 0.00225186347961 20004
470873203058120 52 5.26846313476563 -2.42896032333374 -0.03483772277832 30004
470904911969671 52 -0.22018432617188 -8.57462692260742 0.00200271606445 40004
470936620937931 52 -0.28054809570313 -6.31975412368774 0.00208973884583 50004
470968329846331 52 -0.0311279296875 -5.93819427490234 0.00087022781372 60004
471000038817850 52 0.02020263671875 5.82289505004883 -0.00056600570679 70004
471031747757931 52 0.0445556640625 -8.30848503112793 -0.00000667572021 80004
471063456697931 52 -0.0860595703125 -9.08283996582031 -0.00000286102295 90004
470778076238500 53 -1.26505768299103 1.434246301651 0.00873878784478 4
470809785175201 53 0.14823913574219 -8.3471155166626 -0.00000154972076 10004
470841494118080 53 -0.55577087402344 5.80743360519409 0.00425505638123 20004
470873203058120 53 5.04229736328125 -2.78595805168152 -0.03278207778931 30004
470904911969671 53 -0.24887084960938 -8.2421875 0.00200152397156 40004
470936620937931 53 -0.218505859375 -6.00001239776611 0.0020968914032 50004
470968329846331 53 -0.27398681640625 -5.65001058578491 0.00086617469788 60004
471000038817850 53 -0.0496826171875 6.10685729980469 -0.00056457519531 70004
471031747757931 53 -0.08154296875 -8.10148906707764 -0.00000715255737 80004
471063456697931 53 -0.167724609375 -8.78889179229736 0.00205039978027 90004
470778076238500 54 -1.16051304340363 1.67276692390442 0.00761574273929 4
470809785175201 54 0.20214080810547 -8.01208305358887 -0.00112593173981 10004
470841494118080 54 -0.57339477539063 6.11912059783936 0.00425410270691 20004
470873203058120 54 4.71591186523438 -3.15098524093628 -0.03069019317627 30004
470904911969671 54 -0.39068603515625 -7.87903785705566 0.00200009346008 40004
470936620937931 54 -0.13565063476563 -5.6333794593811 0.0009822845459 50004
470968329846331 54 -0.4312744140625 -5.23634243011475 0.00290775299072 60004
471000038817850 54 -0.23736572265625 6.39434719085693 0.00150394439697 70004
471031747757931 54 -0.276123046875 -7.88924407958984 0.0020489692688 80004
471063456697931 54 -0.145751953125 -8.43185043334961 0.00205516815186 90004
470778076238500 55 -1.00955736637115 1.85020112991333 0.00761573435739 4
470809785175201 55 0.15309906005859 -7.70189094543457 -0.00112688541412 10004
470841494118080 55 -0.574462890625 6.44955635070801 0.00425338745117 20004
470873203058120 55 4.49221801757813 -3.2768087387085 -0.0286660194397 30004
470904911969671 55 -0.389404296875 -7.51950454711914 0.00199246406555 40004
470936620937931 55 -0.07589721679688 -5.28776121139526 0.00098967552185 50004
470968329846331 55 -0.7064208984375 -4.93464660644531 0.00494623184204 60004
471000038817851 55 -0.129638671875 -9.02750587463379 0.00000095367432 70004
471031747757931 55 -0.4625244140625 -7.65773773193359 0.00204753875732 80004
471063456697931 55 -0.2080078125 -8.1053638458252 0.00093460083008 90004
470778076238500 56 -0.89049381017685 2.0295581817627 0.00649268552661 4
470809785175201 56 0.13845062255859 -7.42590284347534 -0.00112795829773 10004
470841494118081 56 -0.03334045410156 -9.23392581939697 -0.00000011920929 20004
470873203058120 56 4.2474365234375 -3.32446646690369 -0.02657353878021 30004
470904911969671 56 -0.3863525390625 -7.18261051177979 0.00198745727539 40004
470936620937931 56 -0.049072265625 -4.96672630310059 0.00099539756775 50004
470968329846331 56 -0.9283447265625 -4.63239717483521 0.00494527816772 60004
471000038817851 56 -0.21661376953125 -8.71450710296631 0.00205945968628 70004
471031747757931 56 -0.58929443359375 -7.4678521156311 0.00409126281738 80004
471063456697931 56 -0.3253173828125 -7.82552528381348 0.00294256210327 90004
470778076238500 57 -0.80734705924988 2.27635097503662 0.00536963483319 4
470809785175201 57 0.20725250244141 -7.12897872924805 -0.00112962722778 10004
470841494118081 57 -0.13336181640625 -9.01966381072998 -0.00000035762787 20004
470873203058120 57 3.87298583984375 -3.31313323974609 -0.02448344230652 30004
470904911969671 57 -0.41748046875 -6.79415512084961 0.00198364257813 40004
470936620937931 57 -0.06600952148438 -4.5970892906189 0.00100016593933 50004
470968329846331 57 -1.0858154296875 -4.21872901916504 0.00698781013489 60004
471000038817851 57 -0.217529296875 -8.33125877380371 0.00206661224365 70004
471031747757931 57 -0.6488037109375 -7.30460929870605 0.00408887863159 80004
471063456697931 57 -0.546875 -7.54377174377441 0.00294589996338 90004
470778076238500 58 -0.82077997922897 2.51903009414673 0.00536963483319 4
470809785175201 58 0.21804046630859 -6.91488838195801 -0.00113046169281 10004
470841494118081 58 -0.29110717773438 -8.86547756195068 0.00201785564423 20004
470873203058120 58 3.559814453125 -3.18741941452026 -0.02241635322571 30004
470904911969671 58 -0.4862060546875 -6.43701076507568 0.00401043891907 40004
470936620937931 58 0.06591796875 -4.27208852767944 -0.00011777877808 50004
470968329846331 58 -1.382080078125 -3.93109798431396 0.00902628898621 60004
471000038817851 58 -0.06707763671875 -8.00707244873047 0.00095176696777 70004
471031747757931 58 -0.86187744140625 -7.09070587158203 0.00609970092773 80004
471063456697931 58 -0.6229248046875 -7.21841049194336 0.00294876098633 90004
470778076238500 59 -0.87908428907394 2.77016139030457 0.00536963529885 4
470809785175201 59 0.30082702636719 -6.67551279067993 -0.00113189220428 10004
470841494118081 59 -0.40737915039063 -8.67063236236572 0.00201606750488 20004
470873203058120 59 3.2022705078125 -2.94274258613586 -0.02032041549683 30004
470904911969671 59 -0.62457275390625 -6.0770411491394 0.0040066242218 40004
470936620937931 59 0.1116943359375 -3.90745401382446 -0.0001163482666 50004
470968329846331 59 -1.60345458984375 -3.55962562561035 0.01106691360474 60004
471000038817851 59 0.1246337890625 -7.67654705047607 -0.00016832351685 70004
471031747757931 59 -1.03216552734375 -6.82222604751587 0.00609159469604 80004
471063456697931 59 -0.61212158203125 -6.86889934539795 0.00495767593384 90004
470778076238500 60 -0.93845343589783 3.00183296203613 0.00536963576451 4
470809785175201 60 0.39963531494141 -6.42729902267456 -0.00225645303726 10004
470841494118081 60 -0.49333190917969 -8.48256587982178 0.00406277179718 20004
470873203058120 60 2.84957885742188 -2.65279626846313 -0.01824390888214 30004
470904911969671 60 -0.81991577148438 -5.77699279785156 0.00608944892883 40004
470936620937931 60 0.07272338867188 -3.56128716468811 -0.00011301040649 50004
470968329846331 60 -1.7332763671875 -3.21466755867004 0.01106238365173 60004
471000038817851 60 0.29107666015625 -7.36658716201782 -0.00128936767578 70004
471031747757931 60 -1.15338134765625 -6.56559371948242 0.00809669494629 80004
471063456697931 60 -0.54791259765625 -6.54150056838989 0.00383853912354 90004
470778076238500 61 -0.914191365242 3.26112794876099 0.00536963390186 4
470809785175201 61 0.41657257080078 -6.08841180801392 -0.00225776433945 10004
470841494118081 61 -0.62608337402344 -8.3290433883667 0.00406205654144 20004
470873203058120 61 2.45062255859375 -2.36906147003174 -0.01621222496033 30004
470904911969671 61 -1.13027954101563 -5.54118728637695 0.00808882713318 40004
470936620937931 61 -0.05499267578125 -3.20758247375488 -0.00010943412781 50004
470968329846331 61 -1.808349609375 -3.00666046142578 0.01105785369873 60004
471000038817851 61 0.34783935546875 -6.98762321472168 -0.00128650665283 70004
471031747757931 61 -1.27606201171875 -6.36291885375977 0.0080885887146 80004
471063456697931 61 -0.4920654296875 -6.18827152252197 0.0038423538208 90004
470778076238500 62 -0.86417579650879 3.49873518943787 0.00536962971091 4
470809785175201 62 0.46625518798828 -5.77595663070679 -0.00225931406021 10004
470841494118081 62 -0.68516540527344 -8.16288280487061 0.00406157970428 20004
470873203058120 62 2.20571899414063 -2.06785297393799 -0.01418912410736 30004
470904911969671 62 -1.34011840820313 -5.45518112182617 0.0080873966217 40004
470936620937931 62 -0.044921875 -2.86080980300903 -0.00010752677917 50004
470968329846331 62 -1.7861328125 -2.62603902816772 0.0110502243042 60004
471000038817851 62 0.52459716796875 -6.68163967132568 -0.00240659713745 70004
471031747757931 62 -1.33563232421875 -6.08116722106934 0.00808095932007 80004
471063456697931 62 -0.423095703125 -5.8619441986084 0.00384759902954 90004
470778076238500 63 -0.85107272863388 3.7189826965332 0.00536962691694 4
470809785175201 63 0.48444366455078 -5.48547601699829 -0.00226140022278 10004
470841494118081 63 -0.70024108886719 -7.98791551589966 0.00406098365784 20004
470873203058120 63 1.96746826171875 -1.77202177047729 -0.01215493679047 30004
470904911969671 63 -1.51986694335938 -5.35599756240845 0.01011538505554 40004
470936620937931 63 -0.06942749023438 -2.54316687583923 -0.00010752677917 50004
470968329846331 63 -1.78814697265625 -2.24514532089233 0.01104426383972 60004
471000038817851 63 0.65631103515625 -6.38501501083374 -0.0035285949707 70004
471031747757931 63 -1.33575439453125 -5.8075647354126 0.00807189941406 80004
471063456697931 63 -0.3900146484375 -5.55675077438354 0.0027289390564 90004
470778076238500 64 -0.90532261133194 3.97365856170654 0.00536962598562 4
470809785175201 64 0.44416046142578 -5.14857625961304 -0.00226247310638 10004
470841494118081 64 -0.66270446777344 -7.75436305999756 0.00405979156494 20004
470873203058120 64 1.63650512695313 -1.41128075122833 -0.01002383232117 30004
470904911969671 64 -1.72219848632813 -5.16757774353027 0.01011419296265 40004
470936620937931 64 -0.19729614257813 -2.18946218490601 0.00193977355957 50004
470968329846331 64 -1.858642578125 -1.80823767185211 0.01103925704956 60004
471000038817851 64 0.71307373046875 -6.0060510635376 -0.00352478027344 70004
471031747757931 64 -1.24969482421875 -5.49621391296387 0.00805187225342 80004
471063456697931 64 -0.413818359375 -5.19963073730469 0.00273084640503 90004
470778076238500 65 -0.87608122825623 4.10056781768799 0.00536962272599 4
470809785175201 65 0.26528167724609 -4.8603253364563 -0.0022634267807 10004
470841494118081 65 -0.64874267578125 -7.51825332641602 0.00405931472778 20004
470873203058120 65 1.39895629882813 -0.98298197984695 -0.01002371311188 30004
470904911969671 65 -1.99429321289063 -4.90024375915527 0.01214790344238 40004
470936620937931 65 -0.16571044921875 -1.83071494102478 0.00194764137268 50004
470968329846331 65 -2.0159912109375 -1.39433526992798 0.01304817199707 60004
471000038817851 65 0.61053466796875 -5.6367073059082 -0.00352478027344 70004
471031747757931 65 -1.22314453125 -5.17437028884888 0.00803565979004 80004
471063456697931 65 -0.43212890625 -4.84221029281616 0.0027322769165 90004
470778076238500 66 -0.85584235191345 4.31616735458374 0.00536962086335 4
470809785175201 66 0.05484771728516 -4.59574604034424 -0.00018829107285 10004
470841494118081 66 -0.61555480957031 -7.28447914123535 0.00405836105347 20004
470873203058120 66 1.22335815429688 -0.60503399372101 -0.00796556472778 30004
470904911969671 66 -2.175537109375 -4.56775951385498 0.01424932479858 40004
470936620937931 66 -0.24063110351563 -1.47532939910889 0.001953125 50004
470968329846331 66 -2.0904541015625 -0.96198749542236 0.01304960250854 60004
471000038817851 66 0.61846923828125 -5.26161766052246 -0.00352191925049 70004
471031747757931 66 -1.28875732421875 -4.86516761779785 0.0080246925354 80004
471063456697931 66 -0.38818359375 -4.49005889892578 0.00273704528809 90004
470778076238500 67 -0.82898902893066 4.52009630203247 0.00536962132901 4
470809785175201 67 -0.10906982421875 -4.38396263122559 -0.00018846988678 10004
470841494118081 67 -0.57954406738281 -7.09877300262451 0.00405693054199 20004
470873203058120 67 1.12118530273438 -0.30481266975403 -0.00796556472778 30004
470904911969671 67 -2.28207397460938 -4.27487850189209 0.01424551010132 40004
470936620937931 67 -0.32168579101563 -1.18959093093872 0.00195717811584 50004
470968329846331 67 -2.1412353515625 -0.61608803272247 0.01305031776428 60004
471000038817851 67 0.64691162109375 -4.9603967666626 -0.00352096557617 70004
471031747757931 67 -1.38031005859375 -4.62371826171875 0.00801849365234 80004
471063456697931 67 -0.3486328125 -4.21048355102539 0.00274085998535 90004
470778076238500 68 -0.70628893375397 4.74982118606567 0.00536962132901 4
470809785175201 68 -0.20734405517578 -4.05921792984009 0.00181353092194 10004
470841494118081 68 -0.52346801757813 -6.8690185546875 0.0040557384491 20004
470873203058120 68 1.07815551757813 0.18298502266407 -0.0079653263092 30004
470904911969671 68 -2.400634765625 -3.90356779098511 0.01625037193298 40004
470936620937931 68 -0.28872680664063 -0.81507539749146 0.00196599960327 50004
470968329846331 68 -2.3572998046875 -0.22969762980938 0.0151047706604 60004
471000038817851 68 0.54437255859375 -4.5910530090332 -0.00351905822754 70004
471031747757931 68 -1.5078125 -4.3272590637207 0.01004600524902 80004
471063456697931 68 -0.4273681640625 -3.86125135421753 0.00274324417114 90004
470778076238500 69 -0.67139846086502 4.98645162582397 0.00536961946636 4
470809785175201 69 -0.27207183837891 -3.7495710849762 0.00181305408478 10004
470841494118081 69 -0.49513244628906 -6.65046882629395 0.00405430793762 20004
470873203058120 69 1.00408935546875 0.4477906525135 -0.0059654712677 30004
470904911969671 69 -2.38809204101563 -3.54584407806396 0.0162467956543 40004
470936620937931 69 -0.36941528320313 -0.47842708230019 0.0019702911377 50004
470968329846331 69 -2.6099853515625 0.09584648907185 0.01713871955872 60004
471000038817851 69 0.5701904296875 -4.24001169204712 -0.00351667404175 70004
471031747757931 69 -1.64337158203125 -4.05869388580322 0.01003789901733 80004
471063456697931 69 -0.4793701171875 -3.53138113021851 0.00274467468262 90004
470778076238500 70 -0.62232077121735 5.21920251846313 0.00424656970426 4
470809785175201 70 -0.30360412597656 -3.43638634681702 0.0018128156662 10004
470841494118081 70 -0.48829650878906 -6.43073797225952 0.00405311584473 20004
470873203058120 70 0.96090698242188 0.74751979112625 -0.0059677362442 30004
470904911969671 70 -2.38101196289063 -3.18598556518555 0.01624059677124 40004
470936620937931 70 -0.4266357421875 -0.13977082073689 0.00197529792786 50004
470968329846331 70 -2.81982421875 0.44145041704178 0.01714038848877 60004
471000038817851 70 0.6199951171875 -3.88602828979492 -0.0035138130188 70004
471031747757931 70 -1.75494384765625 -3.78191661834717 0.01204347610474 80004
471063456697931 70 -0.4742431640625 -3.20470404624939 0.00274610519409 90004
470778076238500 71 -0.49963065981865 5.46672534942627 0.00424656644464 4
470809785175201 71 -0.28257751464844 -3.07539010047913 0.00181239843369 10004
470841494118081 71 -0.51046752929688 -6.17944288253784 0.0040522813797 20004
470873203058120 71 1.0023193359375 1.26717329025269 -0.00597155094147 30004
470904911969671 71 -2.44204711914063 -2.77708458900452 0.01623702049255 40004
470936620937931 71 -0.38385009765625 0.25879988074303 0.00198411941528 50004
470968329846331 71 -2.95220947265625 0.88908219337463 0.01915335655212 60004
471000038817851 71 0.6470947265625 -3.48035955429077 -0.00351190567017 70004
471031747757931 71 -1.816650390625 -3.44377112388611 0.01204109191895 80004
471063456697931 71 -0.3701171875 -2.83905553817749 0.00275230407715 90004
470778076238500 72 -0.4865089058876 5.726806640625 0.00424656597897 4
470809785175201 72 -0.20750427246094 -2.74446964263916 0.00181156396866 10004
470841494118081 72 -0.52030944824219 -5.94312953948975 0.00405144691467 20004
470873203058120 72 1.15658569335938 1.73185348510742 -0.00709688663483 30004
470904911969671 72 -2.34133911132813 -2.40066337585449 0.01510977745056 40004
470936620937931 72 -0.38064575195313 0.63481962680817 0.00198841094971 50004
470968329846331 72 -3.2076416015625 1.19208633899689 0.02116107940674 60004
471000038817851 72 0.51800537109375 -3.11959171295166 -0.00351047515869 70004
471031747757931 72 -1.794677734375 -3.12156629562378 0.012038230896 80004
471063456697931 72 -0.373779296875 -2.48120951652527 0.00275468826294 90004
470778076238500 73 -0.4611711204052 5.9684009552002 0.00312351621687 4
470809785175201 73 -0.19145202636719 -2.43005895614624 0.00181102752686 10004
470841494118081 73 -0.55802917480469 -5.72639465332031 0.00405085086823 20004
470873203058120 73 1.16018676757813 2.18004655838013 -0.00709688663483 30004
470904911969671 73 -2.33828735351563 -2.04156923294067 0.01510715484619 40004
470936620937931 73 -0.47378540039063 0.96767365932465 0.00199246406555 50004
470968329846331 73 -3.3526611328125 1.55784165859222 0.02115869522095 60004
471000038817851 73 0.50738525390625 -2.76897525787354 -0.00350713729858 70004
471031747757931 73 -1.8504638671875 -2.82935094833374 0.01203584671021 80004
471063456697931 73 -0.382080078125 -2.147305727005 0.00275707244873 90004
470778076238500 74 -0.45523053407669 6.1902322769165 0.00312351505272 4
470809785175201 74 -0.21501159667969 -2.13891696929932 0.00181061029434 10004
470841494118081 74 -0.58772277832031 -5.52568006515503 0.00404989719391 20004
470873203058120 74 1.0712890625 2.58772611618042 -0.00709676742554 30004
470904911969671 74 -2.3358154296875 -1.70948922634125 0.01510500907898 40004
470936620937931 74 -0.5638427734375 1.27535367012024 0.00399851799011 50004
470968329846331 74 -3.41436767578125 1.93004071712494 0.02216672897339 60004
471000038817851 74 0.523681640625 -2.43828082084656 -0.00350475311279 70004
471031747757931 74 -1.9300537109375 -2.56100630760193 0.01203346252441 80004
471063456697931 74 -0.39288330078125 -1.83732950687408 0.00275897979736 90004
470778076238500 75 -0.53471583127975 6.4381890296936 0.00312351202592 4
470809785175201 75 -0.31297302246094 -1.81408989429474 0.00181025266647 10004
470841494118081 75 -0.56071472167969 -5.29069709777832 0.00404870510101 20004
470873203058120 75 0.81460571289063 3.0047345161438 -0.0050755739212 30004
470904911969671 75 -2.20443725585938 -1.34265959262848 0.01510119438171 40004
470936620937931 75 -0.5443115234375 1.65084326267242 0.00400376319885 50004
470968329846331 75 -3.33837890625 2.3662645816803 0.02216243743896 60004
471000038817851 75 0.48614501953125 -2.05686712265015 -0.00350332260132 70004
471031747757931 75 -2.019775390625 -2.25075340270996 0.01203155517578 80004
471063456697931 75 -0.4102783203125 -1.47983932495117 0.00276136398315 90004
470778076238501 76 -0.1513861566782 -8.98043537139893 -0.00000000017462 4
470809785175201 76 -0.43218994140625 -1.52096652984619 0.00181007385254 10004
470841494118081 76 -0.61405944824219 -5.0789155960083 0.00404822826385 20004
470873203058120 76 0.64413452148438 3.42764234542847 -0.0050767660141 30004
470904911969671 76 -2.21548461914063 -0.98329222202301 0.01509833335876 40004
470936620937931 76 -0.44418334960938 1.98538291454315 0.00288867950439 50004
470968329846331 76 -3.22882080078125 2.57152724266052 0.02103328704834 60004
471000038817851 76 0.32733154296875 -1.74065351486206 -0.00149536132813 70004
471031747757931 76 -2.20166015625 -2.01473665237427 0.01411533355713 80004
471063456697931 76 -0.47412109375 -1.15239310264587 0.00276470184326 90004
470778076238501 77 -0.29810923337936 -8.62160587310791 0.00207996880636 4
470809785175201 77 -0.49900817871094 -1.24137353897095 0.00383973121643 10004
470841494118081 77 -0.70039367675781 -4.89638566970825 0.00404763221741 20004
470873203058120 77 0.56658935546875 3.83520078659058 -0.00305831432343 30004
470904911969671 77 -2.19073486328125 -0.6540442109108 0.01509571075439 40004
470936620937931 77 -0.34744262695313 2.29612278938293 0.00289607048035 50004
470968329846331 77 -3.09478759765625 2.80100035667419 0.02102899551392 60004
471000038817851 77 0.1591796875 -1.45419692993164 -0.00149393081665 70004
471031747757931 77 -2.379638671875 -1.79900717735291 0.01618385314941 80004
471063456697931 77 -0.489501953125 -0.84953290224075 0.00276803970337 90004
470778076238501 78 -0.43552044034004 -8.1950740814209 0.00207996624522 4
470809785175201 78 -0.48722076416016 -0.90227079391479 0.00383901596069 10004
470841494118081 78 -0.84556579589844 -4.70968246459961 0.00607585906982 20004
470873203058120 78 0.60641479492188 4.3232626914978 -0.00305616855621 30004
470904911969671 78 -2.05865478515625 -0.28721368312836 0.01396346092224 40004
470936620937931 78 -0.25131225585938 2.65939402580261 0.00178122520447 50004
470968329846331 78 -2.89337158203125 3.19522070884705 0.01878499984741 60004
471000038817851 78 -0.03765869140625 -1.12554407119751 0.00051021575928 70004
471031747757931 78 -2.57373046875 -1.54111814498901 0.01618146896362 80004
471063456697931 78 -0.41259765625 -0.50051403045654 0.00277423858643 90004
470778076238501 79 -0.48456558585167 -7.77970027923584 0.0020799653139 4
470809785175201 79 -0.40630340576172 -0.59614109992981 0.0027157664299 10004
470841494118081 79 -0.89491271972656 -4.49445724487305 0.00607490539551 20004
470873203058120 79 0.44747924804688 4.75179052352905 -0.00305485725403 30004
470904911969671 79 -2.091552734375 0.07498627156019 0.01395845413208 40004
470936620937931 79 -0.25515747070313 3.01034665107727 0.00178503990173 50004
470968329846331 79 -2.77886962890625 3.59229254722595 0.01878690719604 60004
471000038817851 79 -0.07440185546875 -0.76978099346161 0.00051164627075 70004
471031747757931 79 -2.75146484375 -1.2977614402771 0.01825284957886 80004
471063456697931 79 -0.484375 -0.17410308122635 0.00277757644653 90004
470778076238501 80 -0.41192701458931 -7.31795310974121 0.00296315783635 4
470809785175201 80 -0.40232086181641 -0.24081456661224 0.00271612405777 10004
470841494118081 80 -0.88310241699219 -4.24807548522949 0.00607264041901 20004
470873203058120 80 0.34182739257813 5.25972318649292 -0.0030529499054 30004
470904911969671 80 -2.11114501953125 0.37266334891319 0.01395392417908 40004
470936620937931 80 -0.25344848632813 3.36860108375549 0.00178980827332 50004
470968329846331 80 -2.53631591796875 3.98561882972717 0.01654267311096 60004
471000038817851 80 -0.06817626953125 -0.36275565624237 0.0005145072937 70004
471031747757931 80 -2.99365234375 -1.05644059181213 0.01824951171875 80004
471063456697931 80 -0.545654296875 0.2025046646595 0.00278091430664 90004
470778076238501 81 -0.29762479662895 -6.94701194763184 0.00296315131709 4
470809785175201 81 -0.42459106445313 0.05064165592194 0.00271666049957 10004
470841494118081 81 -0.84112548828125 -4.04751443862915 0.00607132911682 20004
470873203058120 81 0.315185546875 5.68132734298706 -0.00104188919067 30004
470904911969671 81 -2.08633422851563 0.58701330423355 0.0139491558075 40004
470936620937931 81 -0.274169921875 3.63021802902222 0.00179362297058 50004
470968329846331 81 -2.31866455078125 4.29394197463989 0.01542162895203 60004
471000038817851 81 -0.07257080078125 -0.03621150553226 0.0005145072937 70004
471031747757931 81 -3.1973876953125 -0.86648333072662 0.02033233642578 80004
471063456697931 81 -0.6080322265625 0.50341236591339 0.00478982925415 90004
470778076238501 82 -0.18745233118534 -6.48183488845825 0.00184010283556 4
470809785175201 82 -0.37979125976563 0.40977588295937 0.00271743535995 10004
470841494118081 82 -0.79302978515625 -3.79995131492615 0.00606858730316 20004
470873203058120 82 0.373291015625 6.20040082931519 -0.00216388702393 30004
470904911969671 82 -1.92510986328125 0.97048765420914 0.01281476020813 40004
470936620937931 82 -0.402587890625 3.91699552536011 0.00179815292358 50004
470968329846331 82 -2.18975830078125 4.74819612503052 0.01430106163025 60004
471000038817851 82 -0.21319580078125 0.34772875905037 0.00051641464233 70004
471031747757931 82 -3.3956298828125 -0.58417856693268 0.0224142074585 80004
471063456697931 82 -0.7779541015625 0.84576046466827 0.0047926902771 90004
470778076238501 83 0.07882411777973 -6.12460327148438 -0.00040599112981 4
470809785175201 83 -0.42121124267578 0.74580705165863 0.00271785259247 10004
470841494118081 83 -0.84320068359375 -3.57019472122192 0.00606727600098 20004
470873203058120 83 0.38375854492188 6.68982267379761 -0.00216245651245 30004
470904911969671 83 -1.80142211914063 1.33978486061096 0.01168584823608 40004
470936620937931 83 -0.40505981445313 4.28583478927612 0.00180292129517 50004
470968329846331 83 -1.98516845703125 5.14031362533569 0.01317954063416 60004
471000038817851 83 -0.2857666015625 0.72373390197754 0.00252199172974 70004
471031747757931 83 -3.43536376953125 -0.41810321807861 0.0224175453186 80004
471063456697931 83 -0.797119140625 1.20107877254486 0.00479650497437 90004
470778076238501 84 0.25978848338127 -5.86904001235962 -0.00152903620619 4
470809785175201 84 -0.41084289550781 1.08165180683136 0.00271862745285 10004
470841494118081 84 -0.83894348144531 -3.33910489082336 0.00606715679169 20004
470873203058121 84 0.10162353515625 -9.08726692199707 0 30004
470904911969671 84 -1.77569580078125 1.67970728874207 0.01168823242188 40004
470936620937931 84 -0.30435180664063 4.63904094696045 0.00180959701538 50004
470968329846331 84 -1.687744140625 5.45481157302856 0.01093506813049 60004
471000038817851 84 -0.4461669921875 1.06242644786835 0.00253009796143 70004
471031747757931 84 -3.45367431640625 -0.17338410019875 0.02242088317871 80004
471063456697931 84 -0.71563720703125 1.54072082042694 0.00480031967163 90004
470778076238501 85 0.36444309353828 -5.700035572052 -0.00152903236449 4
470809785175201 85 -0.38755035400391 1.40768468379974 0.00271910429001 10004
470841494118081 85 -0.78691101074219 -3.10877561569214 0.00606715679169 20004
470873203058121 85 0.225830078125 -8.71372032165527 -0.00112152099609 30004
470904911969671 85 -1.79244995117188 1.9727201461792 0.01169061660767 40004
470936620937931 85 -0.13583374023438 4.97461271286011 0.00181794166565 50004
470968329846331 85 -1.33831787109375 5.72842836380005 0.00867891311646 60004
471000038817851 85 -0.685546875 1.35965812206268 0.0045804977417 70004
471031747757931 85 -3.42828369140625 0.12714684009552 0.02242565155029 80004
471063456697931 85 -0.614013671875 1.87633383274078 0.0048041343689 90004
470778076238501 86 0.44182872772217 -5.58588266372681 -0.00265207467601 4
470809785175201 86 -0.43772125244141 1.72694432735443 0.00271952152252 10004
470841494118081 86 -0.71073913574219 -2.86825513839722 0.00494301319122 20004
470873203058121 86 0.225830078125 -8.28586387634277 -0.00111961364746 30004
470904911969671 86 -1.74801635742188 2.20647716522217 0.01169681549072 40004
470936620937931 86 0.05752563476563 5.32536649703979 0.00070357322693 50004
470968329846331 86 -0.9892578125 6.04744386672974 0.00643014907837 60004
471000038817851 86 -0.9931640625 1.63029563426971 0.00659894943237 70004
471031747757931 86 -3.29449462890625 0.44386494159698 0.02130937576294 80004
471063456697931 86 -0.623779296875 2.25795936584473 0.00480651855469 90004
470778076238501 87 0.45290464162827 -5.51699590682983 -0.00265207071789 4
470809785175201 87 -0.47077178955078 2.08735704421997 0.00271993875504 10004
470841494118081 87 -0.67680358886719 -2.61827802658081 0.00494134426117 20004
470873203058121 87 0.045166015625 -7.89810514450073 -0.00111770629883 30004
470904911969671 87 -1.50485229492188 2.54276180267334 0.0105767250061 40004
470936620937931 87 0.2572021484375 5.67329740524292 -0.00153923034668 50004
470968329846331 87 -0.80859375 6.48375368118286 0.0053071975708 60004
471000038817851 87 -1.1572265625 2.0050573348999 0.0066065788269 70004
471031747757931 87 -3.22320556640625 0.78043764829636 0.02131605148315 80004
471063456697931 87 -0.793701171875 2.60030555725098 0.00480937957764 90004
470778076238501 88 0.45567321777344 -5.49977445602417 -0.0026520639658 4
470809785175201 88 -0.49164581298828 2.44750070571899 0.0027197599411 10004
470841494118081 88 -0.62345886230469 -2.37195444107056 0.00493967533112 20004
470873203058121 88 -0.1265869140625 -7.57611608505249 0.00094127655029 30004
470904911969671 88 -1.316162109375 2.91117858886719 0.00945210456848 40004
470936620937931 88 0.5301513671875 5.96231985092163 -0.0026581287384 50004
470968329846332 88 -0.09521484375 -9.1006908416748 -0.00000095367432 60004
471000038817851 88 -1.197509765625 2.40534400939941 0.00865888595581 70004
471031747757931 88 -3.20538330078125 1.12292695045471 0.02131748199463 80004
471063456697931 88 -0.843505859375 2.97211170196533 0.0048131942749 90004
470778076238501 89 0.43399131298065 -5.42830514907837 -0.00265205907635 4
470809785175201 89 -0.513916015625 2.73977518081665 0.00271964073181 10004
470841494118081 89 -0.54426574707031 -2.18787288665771 0.00381624698639 20004
470873203058121 89 -0.22027587890625 -7.30027770996094 0.00093817710876 30004
470904911969671 89 -1.16015625 3.20968770980835 0.00832676887512 40004
470936620937931 89 0.77725219726563 6.17470645904541 -0.0049033164978 50004
470968329846332 89 -0.19873046875 -8.879225730896 0.00201439857483 60004
471000038817851 89 -1.153564453125 2.72980165481567 0.00753736495972 70004
471031747757931 89 -3.20263671875 1.40275537967682 0.02131843566895 80004
471063456697931 89 -0.80108642578125 3.27210974693298 0.00481653213501 90004
470778076238501 90 0.36575192213058 -5.18419933319092 -0.00265205418691 4
470809785175201 90 -0.55994415283203 3.09868216514587 0.00271964073181 10004
470841494118081 90 -0.38580322265625 -1.99152064323425 0.00269067287445 20004
470873203058121 90 -0.26174926757813 -6.89955854415894 0.00093460083008 30004
470904911969671 90 -0.94412231445313 3.56225204467773 0.00720047950745 40004
470936620937931 90 1.09112548828125 6.42419958114624 -0.00602459907532 50004
470968329846332 90 -0.32672119140625 -8.60722255706787 0.0020067691803 60004
471000038817851 90 -1.02679443359375 3.11543440818787 0.00755214691162 70004
471031747757931 90 -3.18487548828125 1.74478280544281 0.02132225036621 80004
471063456697931 90 -0.65643310546875 3.62334680557251 0.00482082366943 90004
470778076238501 91 0.31779801845551 -4.73863077163696 -0.0026520518586 4
470809785175201 91 -0.62722015380859 3.43123388290405 0.00472182035446 10004
470841494118081 91 -0.22792053222656 -1.81502771377563 0.00156319141388 20004
470873203058121 91 -0.45846557617188 -6.55005598068237 0.002965092659 30004
470904911969671 91 -0.8896484375 3.94817543029785 0.00607347488403 40004
470936620937931 91 1.37448120117188 6.67039060592651 -0.00826120376587 50004
470968329846332 91 -0.44757080078125 -8.3524341583252 0.0019998550415 60004
471000038817851 91 -1.06158447265625 3.49720573425293 0.00755929946899 70004
471031747757931 91 -3.0408935546875 2.03329753875732 0.02019691467285 80004
471063456697931 91 -0.615234375 3.97857856750488 0.00482702255249 90004
470778076238501 92 0.40158516168594 -4.33705186843872 -0.00265204766765 4
470809785175201 92 -0.59214019775391 3.73981714248657 0.00472044944763 10004
470841494118081 92 -0.14076232910156 -1.61696410179138 0.00156211853027 20004
470873203058121 92 -0.6854248046875 -6.25416612625122 0.0050196647644 30004
470904911969671 92 -0.73336791992188 4.2689790725708 0.00494742393494 40004
470936620937931 92 1.69110107421875 6.80471086502075 -0.01050162315369 50004
470968329846332 92 -0.53594970703125 -8.10476112365723 0.00403189659119 60004
471000038817851 92 -0.98480224609375 3.83913230895996 0.00644779205322 70004
471031747757931 92 -2.9595947265625 2.32129287719727 0.0190691947937 80004
471063456697931 92 -0.548095703125 4.30493545532227 0.00370693206787 90004
470778076238501 93 0.51861852407455 -3.96999526023865 -0.00265204277821 4
470809785175201 93 -0.54913330078125 4.02682256698608 0.0035959482193 10004
470841494118081 93 -0.10223388671875 -1.41915321350098 0.00156104564667 20004
470873203058121 93 -0.92776489257813 -6.00896072387695 0.00501787662506 30004
470904911969671 93 -0.58029174804688 4.56405448913574 0.00381684303284 40004
470936620937931 93 2.00643920898438 6.86148262023926 -0.01274442672729 50004
470968329846332 93 -0.59210205078125 -7.86856937408447 0.00403118133545 60004
471000038817851 93 -0.90570068359375 4.15560817718506 0.0064582824707 70004
471031747757931 93 -2.87860107421875 2.58434891700745 0.01906633377075 80004
471063456697931 93 -0.461181640625 4.60103988647461 0.00371026992798 90004
470778076238501 94 0.6277534365654 -3.52035331726074 -0.00377508834936 4
470809785175201 94 -0.60292053222656 4.38470220565796 0.00359481573105 10004
470841494118081 94 -0.13874816894531 -1.16948890686035 0.00156009197235 20004
470873203058121 94 -1.29055786132813 -5.78220748901367 0.00910818576813 30004
470904911969671 94 -0.52218627929688 4.97570610046387 0.00380730628967 40004
470936620937931 94 2.40225219726563 6.79802894592285 -0.01498675346375 50004
470968329846332 94 -0.59210205078125 -7.56743717193604 0.00403118133545 60004
471000038817851 94 -0.94281005859375 4.56283473968506 0.00646591186523 70004
471031747757931 94 -2.67449951171875 2.86167359352112 0.01793670654297 80004
471063456697931 94 -0.297119140625 4.94491195678711 0.00259160995483 90004
470778076238501 95 0.76301425695419 -3.12569284439087 -0.00489813741297 4
470809785175201 95 -0.52294921875 4.68914365768433 0.00359278917313 10004
470841494118081 95 -0.23652648925781 -0.97311615943909 0.00155889987946 20004
470873203058121 95 -1.50247192382813 -5.47647714614868 0.00910878181458 30004
470904911969671 95 -0.33444213867188 5.28469228744507 0.00267839431763 40004
470936620937931 95 2.69607543945313 6.61133861541748 -0.01722931861877 50004
470968329846332 95 -0.62225341796875 -7.30577516555786 0.00403022766113 60004
471000038817851 95 -0.88958740234375 4.74436807632446 0.00647878646851 70004
471031747757931 95 -2.57684326171875 3.14578771591187 0.0168080329895 80004
471063456697931 95 -0.09246826171875 5.20704460144043 0.00147676467896 90004
470778076238501 96 0.80551743507385 -2.66074395179749 -0.0048981285654 4
470809785175201 96 -0.50824737548828 5.04233694076538 0.00359070301056 10004
470841494118081 96 -0.38307189941406 -0.80365151166916 0.00155699253082 20004
470873203058121 96 -1.6378173828125 -5.08115816116333 0.01118004322052 30004
470904911969671 96 -0.20361328125 5.66876983642578 0.00155258178711 40004
470936620937931 96 2.95626831054688 6.31934452056885 -0.01834344863892 50004
470968329846332 96 -0.61541748046875 -7.00723266601563 0.00402879714966 60004
471000038817851 96 -0.7921142578125 5.04779529571533 0.00537014007568 70004
471031747757931 96 -2.39984130859375 3.43207478523254 0.01567554473877 80004
471063456697931 96 0.11602783203125 5.52476119995117 0.00035238265991 90004
470778076238501 97 0.73255300521851 -2.25371098518372 -0.00489812204614 4
470809785175201 97 -0.53041076660156 5.3382511138916 0.00358927249908 10004
470841494118081 97 -0.50704956054688 -0.70109462738037 0.00361347198486 20004
470873203058121 97 -1.72244262695313 -4.72258806228638 0.01117861270905 30004
470904911969671 97 -0.14511108398438 6.02725982666016 0.00155115127563 40004
470936620937931 97 3.14401245117188 6.02356576919556 -0.01945996284485 50004
470968329846332 97 -0.57330322265625 -6.74742603302002 0.00402641296387 60004
471000038817851 97 -0.67236328125 5.38272380828857 0.00538301467896 70004
471031747757931 97 -2.22271728515625 3.65906143188477 0.01454305648804 80004
471063456697931 97 0.24700927734375 5.8261251449585 -0.00077724456787 90004
470778076238501 98 0.53066176176071 -1.85367131233215 -0.00282177445479 4
470809785175201 98 -0.45662689208984 5.5875940322876 0.003586769104 10004
470841494118081 98 -0.54481506347656 -0.62945997714996 0.00361347198486 20004
470873203058121 98 -1.94076538085938 -4.38617467880249 0.01325416564941 30004
470904911969671 98 -0.048828125 6.4046573638916 0.00042533874512 40004
470936620937931 98 3.3760986328125 5.72780752182007 -0.02169966697693 50004
470968329846332 98 -0.50372314453125 -6.47372627258301 0.00402450561523 60004
471000038817851 98 -0.48651123046875 5.71669101715088 0.00315189361572 70004
471031747757931 98 -2.139404296875 3.92233276367188 0.01454305648804 80004
471063456697931 98 0.27081298828125 6.18319511413574 -0.0007848739624 90004
470778076238501 99 0.39647886157036 -1.45824539661407 -0.00282177468762 4
470809785175201 99 -0.32468414306641 5.86327409744263 0.0024625658989 10004
470841494118081 99 -0.55589294433594 -0.49929225444794 0.00361263751984 20004
470873203058121 99 -2.08486938476563 -4.04176473617554 0.01325297355652 30004
470904911969672 99 0.06005859375 -9.01511192321777 -0.00000095367432 40004
470936620937931 99 3.47552490234375 5.39542150497437 -0.02169489860535 50004
470968329846332 99 -0.35162353515625 -6.26218414306641 0.00290107727051 60004
471000038817851 99 -0.43975830078125 6.06692028045654 0.00316524505615 70004
471031747757931 99 -1.9576416015625 4.14274978637695 0.01341485977173 80004
471063456697931 99 0.37652587890625 6.48110961914063 -0.00191450119019 90004
470778076238501 100 0.35260391235352 -1.02288269996643 -0.0028217760846 4
470809785175201 100 -0.12074279785156 6.12534713745117 0.00133818387985 10004
470841494118081 100 -0.52766418457031 -0.31562146544456 0.00361108779907 20004
470873203058121 100 -2.21878051757813 -3.66384482383728 0.01325190067291 30004
470904911969672 100 0.06036376953125 -8.65334510803223 -0.00000262260437 40004
470936620937931 100 3.493408203125 5.02685880661011 -0.02169179916382 50004
470968329846332 100 -0.222900390625 -6.0177583694458 0.00177001953125 60004
471000038817851 100 -0.33837890625 6.4265718460083 0.00317907333374 70004
471031747757931 100 -1.79815673828125 4.4099440574646 0.01228904724121 80004
471063456697931 100 0.56390380859375 6.76444435119629 -0.0030403137207 90004
470778076238501 101 0.3771006166935 -0.55235213041306 -0.00282177724876 4
470809785175201 101 0.14173889160156 6.36487054824829 -0.0009092092514 10004
470841494118081 101 -0.47407531738281 -0.07697306573391 0.0036107301712 20004
470873203058121 101 -2.34030151367188 -3.26764535903931 0.01528358459473 30004
470904911969672 101 -0.04263305664063 -8.27277946472168 -0.00000357627869 40004
470936620937931 101 3.45245361328125 4.63063192367554 -0.02168822288513 50004
470968329846332 101 -0.1361083984375 -5.73007202148438 0.00176000595093 60004
471000038817852 101 -0.002197265625 -9.24242305755615 0.00000047683716 70004
471031747757931 101 -1.66949462890625 4.72426986694336 0.01115846633911 80004
471063456697931 101 0.8399658203125 7.00021076202393 -0.00528144836426 90004
470778076238501 102 0.24304255843163 -0.12476171553135 -0.00079508271301 4
470809785175201 102 0.31791687011719 6.62974262237549 -0.00203210115433 10004
470841494118081 102 -0.50566101074219 0.15742827951908 0.00361013412476 20004
470873203058121 102 -2.41812133789063 -2.94151735305786 0.01528239250183 30004
470904911969672 102 -0.188720703125 -7.93231773376465 0.00203251838684 40004
470936620937931 102 3.50555419921875 4.25835561752319 -0.02168297767639 50004
470968329846332 102 -0.009765625 -5.4776725769043 0.00063371658325 60004
471000038817852 102 -0.01318359375 -8.92763900756836 0.00000143051147 70004
471031747757931 102 -1.44976806640625 4.96199226379395 0.01002502441406 80004
471063456697931 102 1.11737060546875 7.09758567810059 -0.00639247894287 90004
470778076238501 103 0.18172068893909 0.28813281655312 -0.00079508230556 4
470809785175201 103 0.44264221191406 6.72689485549927 -0.00203239917755 10004
470841494118081 103 -0.60397338867188 0.33535888791084 0.0036096572876 20004
470873203058121 103 -2.5908203125 -2.62132120132446 0.01736652851105 30004
470904911969672 103 -0.38836669921875 -7.65140914916992 0.00203084945679 40004
470936620937931 103 3.65765380859375 3.9451162815094 -0.02280068397522 50004
470968329846332 103 0.078857421875 -5.22979164123535 -0.00049114227295 60004
471000038817852 103 -0.12890625 -8.66121482849121 0.00000238418579 70004
471031747757931 103 -1.19744873046875 5.1255989074707 0.00776386260986 80004
471063456697931 103 1.29205322265625 7.09650993347168 -0.00750160217285 90004
470778076238501 104 0.1087037473917 0.66811633110046 -0.00079508236377 4
470809785175201 104 0.52894592285156 6.77019786834717 -0.00315576791763 10004
470841494118081 104 -0.6771240234375 0.51121652126312 0.00360941886902 20004
470873203058121 104 -2.71188354492188 -2.30374073982239 0.01736652851105 30004
470904911969672 104 -0.53109741210938 -7.38966751098633 0.00411772727966 40004
470936620937931 104 3.76272583007813 3.64431428909302 -0.02392196655273 50004
470968329846332 104 0.18499755859375 -5.01314687728882 -0.00049352645874 60004
471000038817852 104 -0.21844482421875 -8.40736198425293 0.00202226638794 70004
471031747757931 104 -0.98876953125 5.30246686935425 0.00662565231323 80004
471063456697931 104 1.4471435546875 7.0497579574585 -0.00861358642578 90004
470778076238501 105 -0.02345425635576 1.09629929065704 -0.00079508224735 4
470809785175201 105 0.5849609375 6.77645254135132 -0.00315588712692 10004
470841494118081 105 -0.70870971679688 0.74558794498444 0.00360918045044 20004
470873203058121 105 -2.7498779296875 -1.9044246673584 0.01736640930176 30004
470904911969672 105 -0.60012817382813 -7.07546997070313 0.00411319732666 40004
470936620937931 105 3.78790283203125 3.26910901069641 -0.02392387390137 50004
470968329846332 105 0.35986328125 -4.79166793823242 -0.00161838531494 60004
471000038817852 105 -0.2578125 -8.0947093963623 0.00202941894531 70004
471031747757931 105 -0.80657958984375 5.56925010681152 0.0054874420166 80004
471063456697931 105 1.63531494140625 6.93762016296387 -0.00973033905029 90004
470778076238501 106 0.0377347394824 1.54026746749878 0.00023814311135 4
470809785175201 106 0.79898071289063 6.70423555374146 -0.00427901744843 10004
470841494118081 106 -0.82308959960938 0.95264214277267 0.00565469264984 20004
470873203058121 106 -2.79428100585938 -1.50575721263886 0.01736640930176 30004
470904911969672 106 -0.78277587890625 -6.75303983688354 0.00410914421082 40004
470936620937931 106 3.70962524414063 2.90132808685303 -0.02392435073853 50004
470968329846332 106 0.42486572265625 -4.51695251464844 -0.00162029266357 60004
471000038817852 106 -0.3017578125 -7.84242916107178 0.00203657150269 70004
471031747757931 106 -0.75439453125 5.887939453125 0.00547313690186 80004
471063456697931 106 1.798828125 6.89880323410034 -0.01084566116333 90004
470778076238501 107 -0.02997916564345 1.97372615337372 0.00023814319866 4
470809785175201 107 1.05652618408203 6.65039443969727 -0.00652647018433 10004
470841494118081 107 -0.8720703125 1.17897999286652 0.00565552711487 20004
470873203058121 107 -2.87225341796875 -1.11302399635315 0.01940047740936 30004
470904911969672 107 -0.86318969726563 -6.39932441711426 0.00613975524902 40004
470936620937931 107 3.64263916015625 2.53141808509827 -0.02392435073853 50004
470968329846332 107 0.4422607421875 -4.23722553253174 -0.00274109840393 60004
471000038817852 107 -0.4366455078125 -7.58558797836304 0.00204372406006 70004
471031747757931 107 -0.61676025390625 6.17202472686768 0.00434160232544 80004
471063456697931 107 2.0826416015625 6.91074562072754 -0.01308298110962 90004
470778076238501 108 -0.14685490727425 2.37517023086548 0.00023814296583 4
470809785175201 108 1.29998779296875 6.58383417129517 -0.00765025615692 10004
470841494118081 108 -0.89840698242188 1.39743959903717 0.00565624237061 20004
470873203058121 108 -2.9466552734375 -0.74680364131927 0.01940011978149 30004
470904911969672 108 -0.93142700195313 -6.06710433959961 0.00613880157471 40004
470936620937931 108 3.57232666015625 2.18824410438538 -0.02392435073853 50004
470968329846332 108 0.428955078125 -3.97431755065918 -0.00273847579956 60004
471000038817852 108 -0.574462890625 -7.33186864852905 0.00406885147095 70004
471031747757932 108 -0.03955078125 -9.2203197479248 0 80004
471063456697931 108 2.3953857421875 6.95038986206055 -0.01532316207886 90004
470778076238501 109 -0.25472801923752 2.81012105941772 0.00225902325474 4
470809785175201 109 1.51486968994141 6.44586229324341 -0.00877344608307 10004
470841494118081 109 -0.9564208984375 1.62669515609741 0.0056563615799 20004
470873203058121 109 -2.98876953125 -0.34789139032364 0.01939988136292 30004
470904911969672 109 -1.11407470703125 -5.74467420578003 0.00613808631897 40004
470936620937931 109 3.46200561523438 1.82877683639526 -0.0219202041626 50004
470968329846332 109 0.39508056640625 -3.69399452209473 -0.00273489952087 60004
471000038817852 109 -0.640380859375 -7.02822828292847 0.00407600402832 70004
471031747757932 109 -0.18798828125 -8.90134429931641 0.00202512741089 80004
471063456697931 109 2.70758056640625 7.00575065612793 -0.01643848419189 90004
470778076238501 110 -0.33706820011139 3.25058126449585 0.00225902139209 4
470809785175201 110 1.69842529296875 6.16897869110107 -0.00989735126495 10004
470841494118081 110 -0.91935729980469 1.85672104358673 0.00565624237061 20004
470873203058121 110 -2.86981201171875 0.03267388045788 0.01939964294434 30004
470904911969672 110 -1.40780639648438 -5.52243995666504 0.00819516181946 40004
470936620937931 110 3.21966552734375 1.54428565502167 -0.01990079879761 50004
470968329846332 110 0.474853515625 -3.42499351501465 -0.00272989273071 60004
471000038817852 110 -0.822509765625 -6.77347421646118 0.00615787506104 70004
471031747757932 110 -0.26629638671875 -8.70812606811523 0.00202322006226 80004
471063456697931 110 2.98443603515625 6.94050788879395 -0.01868152618408 90004
470778076238501 111 -0.29665538668633 3.71674418449402 0.00225901906379 4
470809785175201 111 1.91178131103516 5.87721157073975 -0.01214498281479 10004
470841494118081 111 -0.86427307128906 2.10178661346436 0.00565826892853 20004
470873203058121 111 -2.66168212890625 0.40151277184486 0.01715302467346 30004
470904911969672 111 -1.65066528320313 -5.22145557403564 0.0102698802948 40004
470936620937931 111 3.04541015625 1.19298613071442 -0.01989841461182 50004
470968329846332 111 0.4874267578125 -3.13083457946777 -0.00272798538208 60004
471000038817852 111 -0.9615478515625 -6.47247362136841 0.00616550445557 70004
471031747757932 111 -0.28826904296875 -8.43105125427246 0.00201988220215 80004
471063456697931 111 3.27716064453125 6.75759983062744 -0.02093505859375 90004
470778076238501 112 -0.22766248881817 4.15590190887451 0.00225901789963 4
470809785175201 112 2.10724639892578 5.60111236572266 -0.01326912641525 10004
470841494118081 112 -0.84176635742188 2.3321967124939 0.00565993785858 20004
470873203058121 112 -2.42868041992188 0.72788023948669 0.01603031158447 30004
470904911969672 112 -1.87338256835938 -4.93480968475342 0.01227974891663 40004
470936620937931 112 2.90530395507813 0.847152531147 -0.0178542137146 50004
470968329846332 112 0.466064453125 -2.84985947608948 -0.00272655487061 60004
471000038817852 112 -1.010986328125 -6.16793203353882 0.00617647171021 70004
471031747757932 112 -0.2281494140625 -8.12328624725342 0.00201606750488 80004
471063456697931 112 3.54815673828125 6.52501535415649 -0.02205610275269 90004
470778076238501 113 -0.23853382468224 4.60392379760742 0.00225901673548 4
470809785175201 113 2.27115631103516 5.30396413803101 -0.01439344882965 10004
470841494118081 113 -0.88731384277344 2.56431865692139 0.00566029548645 20004
470873203058121 113 -2.19705200195313 1.05557179450989 0.01490724086761 30004
470904911969672 113 -2.17489624023438 -4.7197322845459 0.01430153846741 40004
470936620937931 113 2.70526123046875 0.52858746051788 -0.01785230636597 50004
470968329846332 113 0.4697265625 -2.5675802230835 -0.00272393226624 60004
471000038817852 113 -0.970703125 -5.85579442977905 0.00619125366211 70004
471031747757932 113 -0.0689697265625 -7.81013298034668 0.00088977813721 80004
471063456697931 113 3.81365966796875 6.28735733032227 -0.02429389953613 90004
470778076238501 114 -0.28720709681511 5.04942417144775 0.00225901580416 4
470809785175201 114 2.46800994873047 5.16028881072998 -0.01551830768585 10004
470841494118081 114 -0.88502502441406 2.71744060516357 0.00566112995148 20004
470873203058121 114 -2.12539672851563 1.450319647789 0.01378118991852 30004
470904911969672 114 -2.35733032226563 -4.39730215072632 0.01429772377014 40004
470936620937931 114 2.601806640625 0.16687417030334 -0.01784992218018 50004
470968329846332 114 0.53289794921875 -2.29242134094238 -0.00271916389465 60004
471000038817852 114 -1.0439453125 -5.62360811233521 0.00619840621948 70004
471031747757932 114 0.130615234375 -7.55406427383423 -0.00023508071899 80004
471063456697931 114 3.9537353515625 5.95889759063721 -0.02540874481201 90004
470778076238501 115 -0.28775262832642 5.48152637481689 0.00225901161321 4
470809785175201 115 2.69499969482422 4.92295551300049 -0.0166426897049 10004
470841494118081 115 -0.80873107910156 2.92448949813843 0.00566291809082 20004
470873203058121 115 -2.05889892578125 1.87298774719238 0.01377785205841 30004
470904911969672 115 -2.56927490234375 -4.06407165527344 0.01635932922363 40004
470936620937931 115 2.4122314453125 -0.18204547464848 -0.01581120491028 50004
470968329846332 115 0.510986328125 -1.99992573261261 -0.00271582603455 60004
471000038817852 115 -1.22479248046875 -5.37535524368286 0.00828123092651 70004
471031747757932 115 0.33544921875 -7.25074863433838 -0.00136184692383 80004
471063456697931 115 4.1474609375 5.63309335708618 -0.02652502059937 90004
470778076238501 116 -0.34159719944 5.87995719909668 0.00225901021622 4
470809785175201 116 2.92180633544922 4.67074823379517 -0.01776707172394 10004
470841494118081 116 -0.74555969238281 3.14672660827637 0.00566327571869 20004
470873203058121 116 -1.93539428710938 2.24528908729553 0.0126519203186 30004
470904911969672 116 -2.74212646484375 -3.73956871032715 0.01839089393616 40004
470936620937931 116 2.26165771484375 -0.5173978805542 -0.01377558708191 50004
470968329846332 116 0.434814453125 -1.73049998283386 -0.0027129650116 60004
471000038817852 116 -1.4080810546875 -5.12224626541138 0.00828123092651 70004
471031747757932 116 0.466552734375 -6.93280601501465 -0.00248670578003 80004
471063456697931 116 4.29046630859375 5.31491756439209 -0.02651643753052 90004
470778076238501 117 -0.49550870060921 6.29801511764526 0.00330461701378 4
470809785175201 117 3.15287017822266 4.42362308502197 -0.02001464366913 10004
470841494118081 117 -0.74244689941406 3.38043260574341 0.00566375255585 20004
470873203058121 117 -1.71783447265625 2.58215618133545 0.01152551174164 30004
470904911969672 117 -2.8629150390625 -3.39011311531067 0.01838874816895 40004
470936620937931 117 2.19204711914063 -0.88470762968063 -0.01377296447754 50004
470968329846332 117 0.33563232421875 -1.46663570404053 -0.00271034240723 60004
471000038817852 117 -1.5379638671875 -4.83688926696777 0.01030731201172 70004
471031747757932 117 0.51177978515625 -6.5838189125061 -0.00248765945435 80004
471063456697931 117 4.3475341796875 4.96468782424927 -0.02764177322388 90004
470778076238501 118 -0.47077083587646 6.74549341201782 0.00330461189151 4
470809785175201 118 3.30290222167969 4.11923456192017 -0.02113968133926 10004
470841494118081 118 -0.74382019042969 3.57523250579834 0.00566446781158 20004
470873203058121 118 -1.536865234375 2.94024538993835 0.0103999376297 30004
470904911969672 118 -2.9508056640625 -3.04106473922729 0.01838731765747 40004
470936620937931 118 1.98077392578125 -1.19609212875366 -0.01377201080322 50004
470968329846332 118 0.283447265625 -1.18911290168762 -0.00270676612854 60004
471000038817852 118 -1.55902099609375 -4.52261304855347 0.01030731201172 70004
471031747757932 118 0.5621337890625 -6.23543930053711 -0.0036153793335 80004
471063456697931 118 4.3841552734375 4.6528434753418 -0.02764272689819 90004
470778076238502 119 -0.03137991577387 -9.13159847259521 -0.0000000000291 4
470809785175201 119 3.40193939208984 3.8432822227478 -0.02113920450211 10004
470841494118081 119 -0.68502807617188 3.75611615180969 0.00454139709473 20004
470873203058121 119 -1.48123168945313 3.27628493309021 0.01040017604828 30004
470904911969672 119 -3.08590698242188 -2.75564074516296 0.02041697502136 40004
470936620937931 119 1.7308349609375 -1.39499735832214 -0.01172184944153 50004
470968329846332 119 0.210205078125 -0.95640587806702 -0.00066590309143 60004
471000038817852 119 -1.65582275390625 -4.2732515335083 0.01030731201172 70004
471031747757932 119 0.51458740234375 -5.94041538238525 -0.00361919403076 80004
471063456697931 119 4.4510498046875 4.40812587738037 -0.02764844894409 90004
470778076238502 120 -0.07304102182388 -8.88010501861572 -0.00000000011642 4
470809785175201 120 3.49987030029297 3.56793880462646 -0.02226239442825 10004
470841494118081 120 -0.61270141601563 3.94524097442627 0.00454068183899 20004
470873203058121 120 -1.44805908203125 3.61803460121155 0.01040053367615 30004
470904911969672 120 -3.2257080078125 -2.48554611206055 0.02041745185852 40004
470936620937931 120 1.44430541992188 -1.54176998138428 -0.00964951515198 50004
470968329846332 120 0.1156005859375 -0.73192167282104 -0.00066733360291 60004
471000038817852 120 -1.78704833984375 -4.03371572494507 0.01232624053955 70004
471031747757932 120 0.4232177734375 -5.64959144592285 -0.00362205505371 80004
471063456697931 120 4.51507568359375 4.16317081451416 -0.02877521514893 90004
470778076238502 121 -0.09785380959511 -8.58683586120605 -0.00000000040745 4
470809785175201 121 3.69205474853516 3.28833103179932 -0.02338582277298 10004
470841494118081 121 -0.61407470703125 4.18175458908081 0.00453972816467 20004
470873203058121 121 -1.26724243164063 3.97612380981445 0.00927865505219 30004
470904911969672 121 -3.24951171875 -2.22299361228943 0.02041864395142 40004
470936620937931 121 1.07000732421875 -1.5804295539856 -0.00755333900452 50004
470968329846332 121 -0.05010986328125 -0.50304877758026 -0.00066804885864 60004
471000038817852 121 -1.9344482421875 -3.75477695465088 0.01233196258545 70004
471031747757932 121 0.296875 -5.32120323181152 -0.00162124633789 80004
471063456697931 121 4.4793701171875 3.80696630477905 -0.02877807617188 90004
470778076238502 122 -0.21016936004162 -8.34098339080811 0.00204498297535 4
470809785175201 122 3.77141571044922 2.98700785636902 -0.02338528633118 10004
470841494118081 122 -0.55342102050781 4.36148834228516 0.0045382976532 20004
470873203058121 122 -1.22201538085938 4.34174585342407 0.00815582275391 30004
470904911969672 122 -3.16229248046875 -1.91501259803772 0.02042007446289 40004
470936620937931 122 0.84512329101563 -1.58379483222961 -0.00546598434448 50004
470968329846332 122 -0.2239990234375 -0.30588534474373 0.00133395195007 60004
471000038817852 122 -1.9744873046875 -3.46825504302979 0.01233291625977 70004
471031747757932 122 0.11181640625 -5.05299234390259 -0.00162220001221 80004
471063456697931 122 4.4205322265625 3.4782407283783 -0.02877950668335 90004
470778076238502 123 -0.30464097857475 -8.10959625244141 0.00204498274252 4
470809785175201 123 3.78951263427734 2.69705367088318 -0.02338469028473 10004
470841494118081 123 -0.50393676757813 4.53291130065918 0.00341427326202 20004
470873203058121 123 -1.1663818359375 4.67778444290161 0.00815641880035 30004
470904911969672 123 -3.0316162109375 -1.62438678741455 0.02042150497437 40004
470936620937931 123 0.63302612304688 -1.53521394729614 -0.00342273712158 50004
470968329846332 123 -0.37054443359375 -0.1138378828764 0.00132775306702 60004
471000038817852 123 -2.0223388671875 -3.20508885383606 0.01233291625977 70004
471031747757932 123 -0.0404052734375 -4.79594993591309 0.00040912628174 80004
471063456697931 123 4.32159423828125 3.190505027771 -0.02878093719482 90004
470778076238502 124 -0.3294540643692 -7.81631755828857 0.00204498157836 4
470809785175201 124 3.73181915283203 2.36266446113586 -0.02338439226151 10004
470841494118081 124 -0.50531005859375 4.76942491531372 0.00341355800629 20004
470873203058121 124 -0.98556518554688 5.03587007522583 0.00703382492065 30004
470904911969672 124 -2.82302856445313 -1.31836998462677 0.01929569244385 40004
470936620937931 124 0.29702758789063 -1.36643326282501 -0.00140285491943 50004
470968329846332 124 -0.490478515625 0.14185127615929 0.00332903862 60004
471000038817852 124 -2.1688232421875 -2.92614984512329 0.01434421539307 70004
471031747757932 124 -0.1209716796875 -4.45344972610474 0.00040864944458 80004
471063456697931 124 4.10919189453125 2.90150594711304 -0.02670431137085 90004
470778076238502 125 -0.3299615085125 -7.65757608413696 0.00204498157836 4
470809785175201 125 3.56027984619141 2.09883713722229 -0.02338433265686 10004
470841494118081 125 -0.44132995605469 4.97991800308228 0.00341236591339 20004
470873203058121 125 -0.95407104492188 5.40681791305542 0.00703430175781 30004
470904911969672 125 -2.53298950195313 -1.13410913944244 0.01704597473145 40004
470936620937931 125 0.07269287109375 -1.09953308105469 -0.00140142440796 50004
470968329846332 125 -0.49847412109375 0.40356636047363 0.00332903862 60004
471000038817852 125 -2.19921875 -2.63542294502258 0.01434421539307 70004
471031747757932 125 -0.29644775390625 -4.17741060256958 0.00242853164673 80004
471063456697931 125 3.86651611328125 2.67175936698914 -0.02463722229004 90004
470778076238502 126 -0.37691381573677 -7.47838020324707 0.00204497948289 4
470809785175201 126 3.33175659179688 1.81941318511963 -0.0213069319725 10004
470841494118081 126 -0.39117431640625 5.22582006454468 0.00341129302979 20004
470873203058121 126 -0.9381103515625 5.83430528640747 0.00703454017639 30004
470904911969672 126 -2.2589111328125 -0.86226689815521 0.01479506492615 40004
470936620937931 126 -0.13314819335938 -0.75800907611847 0.00068020820618 50004
470968329846332 126 -0.5704345703125 0.68872451782227 0.00332903862 60004
471000038817852 126 -2.257568359375 -2.30592560768127 0.01434421539307 70004
471031747757932 126 -0.47015380859375 -3.84623336791992 0.00242614746094 80004
471063456697931 126 3.6583251953125 2.36104774475098 -0.02463293075562 90004
470778076238502 127 -0.43689292669296 -7.33144092559814 0.00204497901723 4
470809785175201 127 3.14411926269531 1.62412416934967 -0.01930636167526 10004
470841494118081 127 -0.36613464355469 5.41283178329468 0.00341129302979 20004
470873203058121 127 -0.92843627929688 6.15494775772095 0.00703597068787 30004
470904911969672 127 -2.09719848632813 -0.62127989530563 0.01366376876831 40004
470936620937931 127 -0.2518310546875 -0.48376947641373 0.00068593025208 50004
470968329846332 127 -0.6624755859375 0.8946059346199 0.00332903862 60004
471000038817852 127 -2.31146240234375 -2.06165409088135 0.01434469223022 70004
471031747757932 127 -0.57763671875 -3.5858314037323 0.0044379234314 80004
471063456697931 127 3.53753662109375 2.10274600982666 -0.02261543273926 90004
470778076238502 128 -0.46452951431274 -7.03842258453369 0.00204497808591 4
470809785175201 128 2.86373138427734 1.43312108516693 -0.01930689811707 10004
470841494118081 128 -0.27719116210938 5.63209342956543 0.00228452682495 20004
470873203058121 128 -0.884033203125 6.5535740852356 0.00591385364532 30004
470904911969672 128 -1.97573852539063 -0.37265992164612 0.01365423202515 40004
470936620937931 128 -0.25457763671875 -0.10774075984955 0.00068974494934 50004
470968329846332 128 -0.72381591796875 1.17025113105774 0.0053403377533 60004
471000038817852 128 -2.2537841796875 -1.75194478034973 0.01434564590454 70004
471031747757932 128 -0.6893310546875 -3.25178909301758 0.00443458557129 80004
471063456697931 128 3.287353515625 1.8467845916748 -0.0205512046814 90004
470778076238502 129 -0.57113879919052 -6.79103374481201 0.00404606573284 4
470809785175201 129 2.67339324951172 1.18776822090149 -0.01737987995148 10004
470841494118081 129 -0.17173767089844 5.82551765441895 0.00115752220154 20004
470873203058122 129 0.1263427734375 -9.03471755981445 -0.00000095367432 30004
470904911969672 129 -1.841796875 -0.09093910455704 0.01252436637878 40004
470936620937931 129 -0.23883056640625 0.24265044927597 0.0017523765564 50004
470968329846332 129 -0.83538818359375 1.40601229667664 0.0053391456604 60004
471000038817852 129 -2.204833984375 -1.46210074424744 0.01434564590454 70004
471031747757932 129 -0.6934814453125 -2.92965698242188 0.00443029403687 80004
471063456697931 129 3.1419677734375 1.55341219902039 -0.02055311203003 90004
470778076238502 130 -0.76724189519882 -6.55494546890259 0.00404606387019 4
470809785175201 130 2.45423126220703 0.905632853508 -0.01530802249908 10004
470841494118081 130 -0.07234191894531 6.02879905700684 0.00115537643433 20004
470873203058122 130 0.30560302734375 -8.59285163879395 -0.00112247467041 30004
470904911969672 130 -1.740234375 0.27268534898758 0.01139998435974 40004
470936620937931 130 -0.1932373046875 0.64027202129364 0.00176000595093 50004
470968329846332 130 -0.94122314453125 1.68068265914917 0.00533843040466 60004
471000038817852 130 -2.20458984375 -1.13334465026855 0.01434564590454 70004
471031747757932 130 -0.694580078125 -2.55828952789307 0.00442695617676 80004
471063456697931 130 3.0775146484375 1.18585157394409 -0.02055549621582 90004
470778076238502 131 -1.01056659221649 -6.37895154953003 0.0060918033123 4
470809785175201 131 2.16912078857422 0.68900376558304 -0.01330822706223 10004
470841494118081 131 -0.02729797363281 6.21965599060059 0.00115442276001 20004
470873203058122 131 0.46197509765625 -8.14352035522461 -0.00224280357361 30004
470904911969672 131 -1.74822998046875 0.66702580451965 0.01140165328979 40004
470936620937931 131 -0.13726806640625 1.03315901756287 0.00176811218262 50004
470968329846332 131 -0.95343017578125 1.97845387458801 0.00533699989319 60004
471000038817852 131 -2.279296875 -0.8079537153244 0.0143461227417 70004
471031747757932 131 -0.77508544921875 -2.1924729347229 0.00441980361938 80004
471063456697931 131 3.0975341796875 0.80766010284424 -0.02055931091309 90004
470778076238502 132 -1.14889705181122 -6.21906661987305 0.00811921339482 4
470809785175201 132 1.82005310058594 0.59361916780472 -0.01134133338928 10004
470841494118081 132 -0.00703430175781 6.4710750579834 0.00115239620209 20004
470873203058122 132 0.72525024414063 -7.74466562271118 -0.00448739528656 30004
470904911969672 132 -1.82244873046875 1.05530667304993 0.01140356063843 40004
470936620937931 132 -0.23297119140625 1.42283415794373 0.00177240371704 50004
470968329846332 132 -0.85284423828125 2.26221776008606 0.00533509254456 60004
471000038817852 132 -2.2548828125 -0.47284877300262 0.0143461227417 70004
471031747757932 132 -0.92352294921875 -1.84778833389282 0.00646781921387 80004
471063456697931 132 2.9910888671875 0.4410944879055 -0.01853656768799 90004
470778076238502 133 -1.32562410831451 -5.99999904632568 0.00811920687556 4
470809785175201 133 1.48667907714844 0.63131862878799 -0.00935006141663 10004
470841494118082 133 -0.12338256835938 -8.99399089813232 0 20004
470873203058122 133 0.8157958984375 -7.31075048446655 -0.00449097156525 30004
470904911969672 133 -1.88226318359375 1.42099368572235 0.01140403747559 40004
470936620937931 133 -0.30642700195313 1.7916476726532 0.00177693367004 50004
470968329846332 133 -0.67523193359375 2.47826480865479 0.00533223152161 60004
471000038817852 133 -2.1185302734375 -0.19251558184624 0.0143461227417 70004
471031747757932 133 -0.996826171875 -1.55597567558289 0.00645875930786 80004
471063456697931 133 2.857177734375 0.10953040421009 -0.01853847503662 90004
470778076238502 134 -1.44394719600677 -5.75937604904175 0.01012271177024 4
470809785175201 134 1.17549133300781 0.68917256593704 -0.00748467445374 10004
470841494118082 134 -0.26914978027344 -8.66438102722168 0.00204133987427 20004
470873203058122 134 0.9195556640625 -6.90793085098267 -0.00561761856079 30004
470904911969672 134 -1.86175537109375 1.75798237323761 0.01140332221985 40004
470936620937931 134 -0.3057861328125 2.09950661659241 0.00178265571594 50004
470968329846332 134 -0.54705810546875 2.70119047164917 0.00420784950256 60004
471000038817852 134 -1.98138427734375 0.06751081347466 0.01322269439697 70004
471031747757932 134 -1.10406494140625 -1.27734696865082 0.00645065307617 80004
471063456697931 134 2.7982177734375 -0.21121792495251 -0.01854038238525 90004
470778076238502 135 -1.50046515464783 -5.4922981262207 0.01012270431966 4
470809785175201 135 0.8690185546875 0.76039659976959 -0.00548595190048 10004
470841494118082 135 -0.41947937011719 -8.33868217468262 0.00203967094421 20004
470873203058122 135 1.06338500976563 -6.51534986495972 -0.00674378871918 30004
470904911969672 135 -1.7762451171875 2.08046197891235 0.01140522956848 40004
470936620937931 135 -0.228759765625 2.37166547775269 0.00179004669189 50004
470968329846332 135 -0.473876953125 2.95343852043152 0.00308227539063 60004
471000038817852 135 -1.8521728515625 0.33093851804733 0.01210594177246 70004
471031747757932 135 -1.2554931640625 -0.98623365163803 0.00847768783569 80004
471063456697931 135 2.8154296875 -0.54420638084412 -0.01854181289673 90004
470778076238502 136 -1.44273662567139 -5.20367622375488 0.01012269407511 4
470809785175201 136 0.59574890136719 0.9614292383194 -0.0034806728363 10004
470841494118082 136 -0.46067810058594 -7.96386051177979 0.00203788280487 20004
470873203058122 136 1.19522094726563 -6.08716917037964 -0.00674736499786 30004
470904911969672 136 -1.80966186523438 2.28739619255066 0.01140737533569 40004
470936620937931 136 -0.01361083984375 2.67953300476074 0.00067543983459 50004
470968329846332 136 -0.47113037109375 3.23573565483093 0.00308179855347 60004
471000038817852 136 -1.718505859375 0.61543774604797 0.01211738586426 70004
471031747757932 136 -1.36077880859375 -0.65042734146118 0.00846910476685 80004
471063456697931 136 2.906982421875 -0.89005130529404 -0.01854562759399 90004
470778076238502 137 -1.43996322154999 -4.93089771270752 0.01012268755585 4
470809785175201 137 0.41440582275391 1.21349835395813 -0.00348114967346 10004
470841494118082 137 -0.39750671386719 -7.61712837219238 0.00310206413269 20004
470873203058122 137 1.20993041992188 -5.82508230209351 -0.00787138938904 30004
470904911969672 137 -1.75112915039063 2.58002686500549 0.01140952110291 40004
470936620937931 137 0.14248657226563 2.99201250076294 -0.00044298171997 50004
470968329846332 137 -0.38922119140625 3.48078560829163 0.00307941436768 60004
471000038817852 137 -1.60137939453125 0.88488161563873 0.01099491119385 70004
471031747757932 137 -1.36627197265625 -0.32735967636108 0.00845718383789 80004
471063456697931 137 2.9222412109375 -1.22068083286285 -0.01854848861694 90004
470778076238502 138 -1.44071793556213 -4.67742586135864 0.01012268010527 4
470809785175201 138 0.27699279785156 1.47332549095154 -0.0014471411705 10004
470841494118082 138 -0.27748107910156 -7.30812931060791 0.0019770860672 20004
470873203058122 138 1.14077758789063 -5.60195207595825 -0.00787127017975 30004
470904911969672 138 -1.65036010742188 2.88356757164001 0.01141262054443 40004
470936620937931 138 0.25006103515625 3.29709529876709 -0.00156354904175 50004
470968329846332 138 -0.2828369140625 3.70123434066772 0.00195217132568 60004
471000038817852 138 -1.4866943359375 1.13175690174103 0.00987243652344 70004
471031747757932 138 -1.36712646484375 -0.02745483629405 0.00844621658325 80004
471063456697931 138 2.91619873046875 -1.53058707714081 -0.01854991912842 90004
470778076238502 139 -1.38138830661774 -4.38913059234619 0.00899961683899 4
470809785175201 139 0.13211059570313 1.78008437156677 -0.00144791603088 10004
470841494118082 139 -0.04815673828125 -6.99702167510986 0.0008510351181 20004
470873203058122 139 0.89724731445313 -5.22582769393921 -0.00577831268311 30004
470904911969672 139 -1.48373413085938 3.21403002738953 0.01029253005981 40004
470936620937931 139 0.29354858398438 3.6706018447876 -0.0015606880188 50004
470968329846332 139 -0.1568603515625 3.95462441444397 0.00194048881531 60004
471000038817852 139 -1.319580078125 1.39824509620667 0.00874948501587 70004
471031747757932 139 -1.4842529296875 0.30447301268578 0.01045083999634 80004
471063456697931 139 2.9317626953125 -1.8880969285965 -0.01855278015137 90004
470778076238502 140 -1.43246340751648 -4.10253429412842 0.00899960938841 4
470809785175201 140 0.0953369140625 1.96696507930756 -0.00144851207733 10004
470841494118082 140 0.07037353515625 -6.63237428665161 -0.00027346611023 20004
470873203058122 140 0.621337890625 -4.87328386306763 -0.00366246700287 30004
470904911969672 140 -1.41738891601563 3.42875623703003 0.00917315483093 40004
470936620937931 140 0.32830810546875 4.04502868652344 -0.00155782699585 50004
470968329846332 140 -0.02362060546875 4.20365333557129 0.00081562995911 60004
471000038817852 140 -1.14111328125 1.65695679187775 0.00762987136841 70004
471031747757932 140 -1.46881103515625 0.65230506658554 0.01043510437012 80004
471063456697931 140 2.81561279296875 -2.2223641872406 -0.01855516433716 90004
470778076238502 141 -1.48195254802704 -3.83271741867065 0.00899960380048 4
470809785175201 141 0.08556365966797 2.12845873832703 -0.00144892930984 10004
470841494118082 141 0.09066772460938 -6.2800464630127 -0.00027394294739 20004
470873203058122 141 0.44061279296875 -4.50747776031494 -0.00366389751434 30004
470904911969672 141 -1.38021850585938 3.6930730342865 0.00917077064514 40004
470936620937931 141 0.28408813476563 4.38479614257813 -0.00155639648438 50004
470968329846332 141 0.065673828125 4.44860219955444 -0.00031018257141 60004
471000038817852 141 -0.97705078125 1.89963591098785 0.00652027130127 70004
471031747757932 141 -1.380126953125 0.96362268924713 0.00929641723633 80004
471063456697931 141 2.7314453125 -2.54242992401123 -0.01855659484863 90004
470778076238502 142 -1.50574839115143 -3.54160642623901 0.0089995963499 4
470809785175201 142 0.084228515625 2.3276379108429 -0.00144946575165 10004
470841494118082 142 0.02540588378906 -5.89948558807373 -0.00027430057526 20004
470873203058122 142 0.34625244140625 -4.07081270217896 -0.00161933898926 30004
470904911969672 142 -1.3704833984375 4.06052350997925 0.00916767120361 40004
470936620937931 142 0.16622924804688 4.74085140228271 -0.00155472755432 50004
470968329846332 142 0.1373291015625 4.71847677230835 -0.0003125667572 60004
471000038817852 142 -0.8218994140625 2.16867780685425 0.00541114807129 70004
471031747757932 142 -1.2457275390625 1.28513026237488 0.00815868377686 80004
471063456697931 142 2.683349609375 -2.89701771736145 -0.01655197143555 90004
470778076238502 143 -1.43273317813873 -3.23622465133667 0.00899957958609 4
470809785175201 143 0.0791015625 2.68952679634094 -0.0014500617981 10004
470841494118082 143 -0.09202575683594 -5.50431251525879 -0.00027430057526 20004
470873203058122 143 0.33306884765625 -3.59317111968994 -0.00161826610565 30004
470904911969672 143 -1.4862060546875 4.43845319747925 0.00916624069214 40004
470936620937931 143 0.11203002929688 5.13830471038818 -0.00155282020569 50004
470968329846332 143 0.3170166015625 4.96018362045288 -0.00143766403198 60004
471000038817852 143 -0.7740478515625 2.50092649459839 0.00542640686035 70004
471031747757932 143 -1.2408447265625 1.66050410270691 0.00814962387085 80004
471063456697931 143 2.607177734375 -3.27125096321106 -0.01654767990112 90004
470778076238502 144 -1.2691205739975 -2.99502182006836 0.00899956561625 4
470809785175201 144 0.05149841308594 3.02757287025452 0.00055748224258 10004
470841494118082 144 -0.05789184570313 -5.12357187271118 0.00077474117279 20004
470873203058122 144 0.21160888671875 -3.16421389579773 -0.00161695480347 30004
470904911969672 144 -1.47845458984375 4.64468955993652 0.00916409492493 40004
470936620937931 144 0.05511474609375 5.51005554199219 0.00046396255493 50004
470968329846332 144 0.388671875 5.23005819320679 -0.00144052505493 60004
471000038817852 144 -0.8426513671875 2.80518174171448 0.00543451309204 70004
471031747757932 144 -1.1529541015625 1.99958539009094 0.00813436508179 80004
471063456697931 144 2.4278564453125 -3.54735779762268 -0.0165433883667 90004
470778076238502 145 -1.14841747283936 -2.7131290435791 0.00787653308362 4
470809785175201 145 -0.06140899658203 3.35373306274414 0.00055706501007 10004
470841494118082 145 0.07115173339844 -4.73738622665405 -0.00034976005554 20004
470873203058122 145 -0.03610229492188 -2.76878213882446 0.00038826465607 30004
470904911969672 145 -1.34536743164063 4.91675662994385 0.00916123390198 40004
470936620937931 145 -0.09121704101563 5.87522315979004 0.00046873092651 50004
470968329846332 145 0.4986572265625 5.50655937194824 -0.0025589466095 60004
471000038817852 145 -0.85369873046875 3.1331844329834 0.005446434021 70004
471031747757932 145 -0.99554443359375 2.33675813674927 0.00699424743652 80004
471063456697931 145 2.184814453125 -3.82327938079834 -0.01452302932739 90004
470778076238502 146 -1.08999884128571 -2.42473030090332 0.0078765489161 4
470809785175201 146 -0.18666839599609 3.61440873146057 0.00055629014969 10004
470841494118082 146 0.26435852050781 -4.40537881851196 -0.00147390365601 20004
470873203058122 146 -0.28857421875 -2.43965005874634 0.00248420238495 30004
470904911969672 146 -1.18353271484375 5.24248838424683 0.00803637504578 40004
470936620937931 146 -0.30001831054688 6.18764877319336 0.00257039070129 50004
470968329846332 146 0.6202392578125 5.75950288772583 -0.00367665290833 60004
471000038817852 146 -0.823486328125 3.44501113891602 0.00545883178711 70004
471031747757932 146 -0.782470703125 2.60844683647156 0.00585412979126 80004
471063456697931 146 1.919677734375 -4.06214094161987 -0.01247596740723 90004
470778076238502 147 -1.03976809978485 -2.11481833457947 0.00675351219252 4
470809785175201 147 -0.20693206787109 3.83349823951721 0.00055539608002 10004
470841494118082 147 0.53382873535156 -4.09311532974243 -0.00259923934937 20004
470873203058122 147 -0.40380859375 -2.08429574966431 0.00248336791992 30004
470904911969672 147 -1.12835693359375 5.63386106491089 0.00803303718567 40004
470936620937932 147 0 -9.30537986755371 0 50004
470968329846332 147 0.6983642578125 6.05039644241333 -0.00367188453674 60004
471000038817852 147 -0.844970703125 3.78036499023438 0.0054669380188 70004
471031747757932 147 -0.4716796875 2.81590533256531 0.00360250473022 80004
471063456697931 147 1.600341796875 -4.27233839035034 -0.01039123535156 90004
470778076238502 148 -1.03755486011505 -1.80087006092072 0.00675350986421 4
470809785175201 148 -0.28386688232422 4.14891529083252 0.00258493423462 10004
470841494118082 148 0.71319580078125 -3.72205972671509 -0.00372362136841 20004
470873203058122 148 -0.53125 -1.69009101390839 0.00248301029205 30004
470904911969672 148 -1.02239990234375 5.8855242729187 0.00690770149231 40004
470936620937932 148 -0.13818359375 -9.00954246520996 0.00000166893005 50004
470968329846332 148 0.6934814453125 6.35148286819458 -0.00366973876953 60004
471000038817852 148 -0.723876953125 4.09294891357422 0.00548219680786 70004
471031747757932 148 -0.2265625 2.85297274589539 0.00247669219971 80004
471063456697931 148 1.259521484375 -4.44659376144409 -0.00826263427734 90004
470778076238502 149 -1.1349925994873 -1.50831639766693 0.00675351079553 4
470809785175201 149 -0.25009918212891 4.49396800994873 0.00258529186249 10004
470841494118082 149 0.83821105957031 -3.3306622505188 -0.0048496723175 20004
470873203058122 149 -0.53268432617188 -1.23440825939178 0.00451636314392 30004
470904911969672 149 -0.95892333984375 6.24255323410034 0.00690388679504 40004
470936620937932 149 -0.2093505859375 -8.69344902038574 0.00205826759338 50004
470968329846332 149 0.7098388671875 6.651939868927 -0.00366544723511 60004
471000038817852 149 -0.670166015625 4.42182922363281 0.00437498092651 70004
471031747757932 149 0.08587646484375 2.9886109828949 0.00022602081299 80004
471063456697931 149 0.89154052734375 -4.5386004447937 -0.00615930557251 90004
470778076238502 150 -1.19920969009399 -1.20864176750183 0.00675351312384 4
470809785175201 150 -0.13394927978516 4.83342361450195 0.00146180391312 10004
470841494118082 150 0.85603332519531 -2.92853784561157 -0.00485265254974 20004
470873203058122 150 -0.50445556640625 -0.75755107402802 0.00339221954346 30004
470904911969673 150 0.033447265625 -9.08305931091309 -0.00000143051147 40004
470936620937932 150 -0.1878662109375 -8.37553977966309 0.00206565856934 50004
470968329846332 150 0.7816162109375 6.90861558914185 -0.00478386878967 60004
471000038817852 150 -0.596923828125 4.74640655517578 0.00439023971558 70004
471031747757932 150 0.43890380859375 3.10342574119568 -0.00202178955078 80004
471063456697931 150 0.51849365234375 -4.520667552948 -0.0040397644043 90004
470778076238502 151 -1.22526001930237 -0.89976537227631 0.00878919195384 4
470809785175201 151 -0.01071929931641 5.16684818267822 0.00033813714981 10004
470841494118082 151 0.82929992675781 -2.5244402885437 -0.00485503673553 20004
470873203058122 151 -0.44097900390625 -0.29141283035278 0.00339162349701 30004
470904911969673 151 0.078369140625 -8.63728904724121 -0.00000143051147 40004
470936620937932 151 -0.1048583984375 -8.06047630310059 0.00095057487488 50004
470968329846332 151 0.9219970703125 7.10444307327271 -0.0059015750885 60004
471000038817852 151 -0.483642578125 5.06192016601563 0.00328254699707 70004
471031747757932 151 0.80780029296875 3.12937808036804 -0.00426959991455 80004
471063456697931 151 0.1695556640625 -4.38365697860718 -0.00195455551147 90004
470778076238502 152 -1.33616495132446 -0.60606652498245 0.00878918543458 4
470809785175201 152 -0.00144195556641 5.52865695953369 0.00033777952194 10004
470841494118082 152 0.93623352050781 -2.12626218795776 -0.00598156452179 20004
470873203058122 152 -0.23687744140625 0.14052274823189 0.00226700305939 30004
470904911969673 152 0.057373046875 -8.18813133239746 -0.00000214576721 40004
470936620937932 152 -0.0482177734375 -7.73913526535034 0.00095915794373 50004
470968329846332 152 1.1231689453125 7.24844026565552 -0.00701928138733 60004
471000038817852 152 -0.376220703125 5.37944793701172 0.00329780578613 70004
471031747757932 152 1.17303466796875 3.04978442192078 -0.00651836395264 80004
471063456697931 152 -0.1214599609375 -4.1369833946228 0.00008153915405 90004
470778076238502 153 -1.41748464107513 -0.39383763074875 0.00878917705268 4
470809785175201 153 -0.04294586181641 5.88819980621338 0.00033742189407 10004
470841494118082 153 1.00093078613281 -1.71907520294189 -0.00598156452179 20004
470873203058122 153 -0.23443603515625 0.61833941936493 0.00226604938507 30004
470904911969673 153 -0.053466796875 -7.75231456756592 -0.00000262260437 40004
470936620937932 153 -0.0125732421875 -7.41478681564331 0.00096797943115 50004
470968329846332 153 1.41522216796875 7.30288362503052 -0.00814390182495 60004
471000038817852 153 -0.412353515625 5.71363067626953 0.00330543518066 70004
471031747757932 153 1.35467529296875 3.00799059867859 -0.00764226913452 80004
471063456697931 153 -0.3790283203125 -3.85432744026184 0.00213956832886 90004
470778076238502 154 -1.42124605178833 -0.10589314997196 0.00878916308284 4
470809785175201 154 -0.19542694091797 6.20933866500854 0.00033688545227 10004
470841494118082 154 1.04237365722656 -1.30909633636475 -0.00598168373108 20004
470873203058122 154 -0.31182861328125 1.08758413791656 0.00226521492004 30004
470904911969673 154 -0.0181884765625 -7.31203746795654 -0.00000381469727 40004
470936620937932 154 -0.040283203125 -7.09158849716187 0.00097322463989 50004
470968329846332 154 1.708251953125 7.26037836074829 -0.01039695739746 60004
471000038817852 154 -0.3408203125 6.03532218933105 0.00219583511353 70004
471031747757932 154 1.62261962890625 2.82493948936462 -0.00990295410156 80004
471063456697931 154 -0.5291748046875 -3.51021790504456 0.00416707992554 90004
470778076238502 155 -1.45459699630737 0.2012477517128 0.00878914538771 4
470809785175202 155 -0.0030517578125 -9.04694938659668 -0.00000005960464 10004
470841494118082 155 1.02967834472656 -0.89962387084961 -0.00598168373108 20004
470873203058122 155 -0.31231689453125 1.55408155918121 0.00226426124573 30004
470904911969673 155 0.0660400390625 -6.87032985687256 -0.00000476837158 40004
470936620937932 155 -0.03759765625 -6.81543111801147 0.00098037719727 50004
470968329846332 155 1.97052001953125 7.12742471694946 -0.01265048980713 60004
471000038817852 155 -0.251953125 6.35817527770996 0.00221109390259 70004
471031747757932 155 1.8609619140625 2.54528784751892 -0.01104116439819 80004
471063456697931 155 -0.6375732421875 -3.14388108253479 0.00416946411133 90004
470778076238502 156 -1.53704512119293 0.50392454862595 0.01079087425023 4
470809785175202 156 -0.03573608398438 -8.60082817077637 -0.00000017881393 10004
470841494118082 156 0.95130920410156 -0.49631237983704 -0.00598168373108 20004
470873203058122 156 -0.25079345703125 2.02245616912842 0.00226318836212 30004
470904911969673 156 0.101806640625 -6.43010234832764 -0.00000643730164 40004
470936620937932 156 -0.01336669921875 -6.56334066390991 0.00098848342896 50004
470968329846332 156 2.18804931640625 6.92242288589478 -0.01377868652344 60004
471000038817853 156 0.002197265625 -9.21761131286621 0.00000047683716 70004
471031747757932 156 2.0653076171875 2.23466944694519 -0.01217937469482 80004
471063456697931 156 -0.7059326171875 -2.81408619880676 0.00417232513428 90004
470778076238502 157 -1.60052490234375 0.81138962507248 0.01079086493701 4
470809785175202 157 -0.14809417724609 -8.36693477630615 -0.0000005364418 10004
470841494118082 157 0.81507873535156 -0.1072151735425 -0.00598168373108 20004
470873203058122 157 -0.31378173828125 2.49613094329834 0.00226247310638 30004
470904911969673 157 -0.008544921875 -5.99414348602295 -0.00000691413879 40004
470936620937932 157 -0.07879638671875 -6.24347829818726 0.00099277496338 50004
470968329846332 157 2.36090087890625 6.67567300796509 -0.01490116119385 60004
471000038817853 157 0.010986328125 -8.86653709411621 0.00000190734863 70004
471031747757932 157 2.3399658203125 1.97969508171082 -0.01443481445313 80004
471063456697931 157 -0.6717529296875 -2.59914708137512 0.00417804718018 90004
470778076238502 158 -1.67545902729034 1.11625349521637 0.01079085282981 4
470809785175202 158 -0.49991607666016 -8.06296062469482 0.00203764438629 10004
470841494118082 158 0.52706909179688 0.18785302340984 -0.00395941734314 20004
470873203058122 158 -0.17071533203125 2.95198345184326 0.00113797187805 30004
470904911969673 158 -0.165283203125 -5.57268810272217 -0.00000715255737 40004
470936620937932 158 -0.15203857421875 -5.92526388168335 0.00099730491638 50004
470968329846332 158 2.47222900390625 6.39573526382446 -0.01490068435669 60004
471000038817853 158 -0.072998046875 -8.5256404876709 0.00000333786011 70004
471031747757932 158 2.6934814453125 1.85817790031433 -0.01668262481689 80004
471063456697931 158 -0.7742919921875 -2.23106694221497 0.00418043136597 90004
470778076238502 159 -1.64849150180817 1.42347061634064 0.01079082861543 4
470809785175202 159 -0.85012054443359 -7.84234189987183 0.00613623857498 10004
470841494118082 159 0.33683776855469 0.5472748875618 -0.00192546844482 20004
470873203058122 159 -0.07830810546875 3.41977214813232 0.00113761425018 30004
470904911969673 159 -0.4241943359375 -5.21121120452881 0.00200486183167 40004
470936620937932 159 -0.11981201171875 -5.60635137557983 0.00100541114807 50004
470968329846332 159 2.6641845703125 6.17064332962036 -0.01714634895325 60004
471000038817853 159 -0.11962890625 -8.20796394348145 0.00000476837158 70004
471031747757932 159 3.04632568359375 1.73042225837708 -0.0189414024353 80004
471063456697931 159 -0.8292236328125 -1.85417485237122 0.00619125366211 90004
470778076238502 160 -1.52840936183929 1.70636570453644 0.01079080253839 4
470809785175202 160 -1.19789886474609 -7.55391073226929 0.00823944807053 10004
470841494118082 160 0.26457214355469 0.91304171085358 -0.00192546844482 20004
470873203058122 160 -0.08197021484375 3.89104175567627 0.00114095211029 30004
470904911969673 160 -0.63262939453125 -4.82446193695068 0.0040237903595 40004
470936620937932 160 -0.05584716796875 -5.28651189804077 0.00101399421692 50004
470968329846332 160 2.8306884765625 5.92726945877075 -0.01715517044067 60004
471000038817853 160 -0.15185546875 -7.87806129455566 0.00000667572021 70004
471031747757932 160 3.35931396484375 1.53691983222961 -0.02120065689087 80004
471063456697931 160 -0.8453369140625 -1.47344040870667 0.00619411468506 90004
470778076238502 161 -1.36221170425415 1.94927287101746 0.00966772995889 4
470809785175202 161 -1.48786163330078 -7.17393350601196 0.0103275179863 10004
470841494118082 161 0.28077697753906 1.2530632019043 -0.00192558765411 20004
470873203058122 161 -0.13845825195313 4.29198837280273 0.00113999843597 30004
470904911969673 161 -0.71466064453125 -4.41690492630005 0.00401902198792 40004
470936620937932 161 0.02529907226563 -4.99653291702271 -0.00010061264038 50004
470968329846332 161 2.9310302734375 5.66345167160034 -0.01827716827393 60004
471000038817853 161 -0.17974853515625 -7.54998350143433 0.00202083587646 70004
471031747757932 161 3.58526611328125 1.29154634475708 -0.02232885360718 80004
471063456697931 161 -0.80908203125 -1.12296187877655 0.00619792938232 90004
470778076238502 162 -1.19275653362274 2.21359491348267 0.00854468066245 4
470809785175202 162 -1.65119171142578 -6.68355512619019 0.01032704114914 10004
470841494118082 162 0.31446838378906 1.66397094726563 -0.00192582607269 20004
470873203058122 162 -0.11355590820313 4.54728317260742 0.00113880634308 30004
470904911969673 162 -0.65411376953125 -3.97132587432861 0.00401043891907 40004
470936620937932 162 0.21670532226563 -4.73211336135864 -0.0012218952179 50004
470968329846332 162 3.0208740234375 5.37617444992065 -0.01939964294434 60004
471000038817853 162 -0.20611572265625 -7.19971036911011 0.002028465271 70004
471031747757932 162 3.69659423828125 1.01156663894653 -0.02345085144043 80004
471063456697931 162 -0.64306640625 -0.78030163049698 0.00507926940918 90004
470778076238502 163 -0.99837958812714 2.46004366874695 0.00742162717506 4
470809785175202 163 -1.76473999023438 -6.1794867515564 0.01032638549805 10004
470841494118082 163 0.27835083007813 2.07427215576172 -0.00192582607269 20004
470873203058122 163 -0.24246215820313 4.93275451660156 0.00113821029663 30004
470904911969673 163 -0.71807861328125 -3.52740240097046 0.00400638580322 40004
470936620937932 163 0.28634643554688 -4.41508674621582 -0.00121903419495 50004
470968329846332 163 3.1802978515625 5.12157726287842 -0.01939964294434 60004
471000038817853 163 -0.368896484375 -6.89029264450073 0.00203609466553 70004
471031747757932 163 3.9443359375 0.7376469373703 -0.02457189559937 80004
471063456697931 163 -0.4385986328125 -0.45961979031563 0.00283861160278 90004
470778076238502 164 -0.88622802495956 2.74645733833313 0.00629858206958 4
470809785175202 164 -2.01457977294922 -5.73905515670776 0.01235198974609 10004
470841494118082 164 0.28054809570313 2.4855329990387 -0.00192582607269 20004
470873203058122 164 -0.25405883789063 5.38289165496826 0.00113761425018 30004
470904911969673 164 -0.85983276367188 -3.10345530509949 0.00606060028076 40004
470936620937932 164 0.26495361328125 -4.0941915512085 -0.00121760368347 50004
470968329846332 164 3.31011962890625 4.85101556777954 -0.02052164077759 60004
471000038817853 164 -0.55352783203125 -6.59114122390747 0.00405025482178 70004
471031747757932 164 4.17230224609375 0.44040584564209 -0.02681684494019 80004
471063456697931 164 -0.337646484375 -0.1001520305872 0.00284242630005 90004
470778076238502 165 -0.83410584926605 3.05503630638123 0.0062985853292 4
470809785175202 165 -2.24434661865234 -5.34074592590332 0.01442140340805 10004
470841494118082 165 0.25869750976563 2.89424467086792 -0.00192606449127 20004
470873203058122 165 -0.23843383789063 5.85919857025146 0.00113689899445 30004
470904911969673 165 -1.07183837890625 -2.71004748344421 0.00605916976929 40004
470936620937932 165 0.19775390625 -3.77488827705383 -0.00121641159058 50004
470968329846332 165 3.470947265625 4.60467100143433 -0.021644115448 60004
471000038817853 165 -0.68157958984375 -6.27251386642456 0.00405836105347 70004
471031747757932 165 4.38671875 0.13194291293621 -0.02794218063354 80004
471063456697931 165 -0.356689453125 0.27225705981255 0.00284767150879 90004
470778076238502 166 -0.81276297569275 3.3682165145874 0.0062985913828 4
470809785175202 166 -2.40946197509766 -4.95930814743042 0.01442140340805 10004
470841494118082 166 0.15167236328125 3.28698587417603 -0.00192618370056 20004
470873203058122 166 -0.22793579101563 6.32053232192993 0.00113618373871 30004
470904911969673 166 -1.29684448242188 -2.34674048423767 0.00816035270691 40004
470936620937932 166 0.11553955078125 -3.45914793014526 -0.00121474266052 50004
470968329846332 166 3.7041015625 4.42114448547363 -0.02276706695557 60004
471000038817853 166 -0.7457275390625 -5.92880535125732 0.004065990448 70004
471031747757932 166 4.57440185546875 -0.15834778547287 -0.02907752990723 80004
471063456697931 166 -0.437255859375 0.6400762796402 0.00284957885742 90004
470778076238502 167 -0.80343401432037 3.66240119934082 0.0051755476743 4
470809785175202 167 -2.73825073242188 -4.60346794128418 0.01645988225937 10004
470841494118082 167 -0.06623840332031 3.60619020462036 0.00015270709991 20004
470873203058122 167 -0.07830810546875 6.68843841552734 0.00113523006439 30004
470904911969673 167 -1.358642578125 -2.01607775688171 0.00815939903259 40004
470936620937932 167 0.01986694335938 -3.16845011711121 -0.00121331214905 50004
470968329846332 167 3.9732666015625 4.33472013473511 -0.02501273155212 60004
471000038817853 167 -0.8720703125 -5.62432098388672 0.00607490539551 70004
471031747757932 167 4.64215087890625 -0.35438552498817 -0.02909183502197 80004
471063456697931 167 -0.3878173828125 0.99422979354858 0.00285482406616 90004
470778076238502 168 -0.69595295190811 3.91178894042969 0.00517553649843 4
470809785175202 168 -2.90019226074219 -4.18679904937744 0.01857697963715 10004
470841494118082 168 -0.13722229003906 3.90383577346802 0.00015246868134 20004
470873203058122 168 0.11819458007813 6.9016695022583 0.00001287460327 30004
470904911969673 168 -1.49411010742188 -1.65964436531067 0.01022338867188 40004
470936620937932 168 0.03524780273438 -2.88658928871155 0.00082159042358 50004
470968329846332 168 4.1768798828125 4.17231225967407 -0.02613115310669 60004
471000038817853 168 -0.883056640625 -5.43374252319336 0.00608158111572 70004
471031747757932 168 4.68194580078125 -0.47842881083488 -0.02910232543945 80004
471063456697931 168 -0.2991943359375 1.31528878211975 0.00285911560059 90004
470778076238502 169 -0.6220241189003 4.14994764328003 0.00405248906463 4
470809785175202 169 -2.95970153808594 -3.78963851928711 0.0185763835907 10004
470841494118082 169 -0.13038635253906 4.19796800613403 0.00015246868134 20004
470873203058122 169 0.28463745117188 7.0267539024353 -0.00110936164856 30004
470904911969673 169 -1.57403564453125 -1.34786677360535 0.01022481918335 40004
470936620937932 169 0.02236938476563 -2.62762260437012 -0.00029754638672 50004
470968329846332 169 4.3267822265625 3.98515248298645 -0.02725458145142 60004
471000038817853 169 -0.8406982421875 -5.23119020462036 0.00609016418457 70004
471031747757932 169 4.726318359375 -0.64236855506897 -0.03023433685303 80004
471063456697931 169 -0.2615966796875 1.61596095561981 0.00174045562744 90004
470778076238502 170 -0.61702728271484 4.46326875686646 0.00405249046162 4
470809785175202 170 -2.88478088378906 -3.30925059318542 0.01857531070709 10004
470841494118082 170 -0.01683044433594 4.59423494338989 0.00015223026276 20004
470873203058122 170 0.45513916015625 7.07052516937256 -0.00223016738892 30004
470904911969673 170 -1.5579833984375 -1.00913822650909 0.01022624969482 40004
470936620937932 170 -0.07516479492188 -2.31660747528076 -0.00029611587524 50004
470968329846332 170 4.438232421875 3.70662927627563 -0.02838182449341 60004
471000038817853 170 -0.72235107421875 -4.90176296234131 0.00498199462891 70004
471031747757932 170 4.80181884765625 -0.9556970000267 -0.03024768829346 80004
471063456697931 170 -0.317626953125 1.99369406700134 0.00174283981323 90004
470778076238502 171 -0.68634986877441 4.76944923400879 0.0040524918586 4
470809785175202 171 -2.60890960693359 -2.87210488319397 0.01745128631592 10004
470841494118082 171 0.13014221191406 4.97941255569458 0.00015103816986 20004
470873203058122 171 0.85446166992188 7.02047634124756 -0.00447773933411 30004
470904911969673 171 -1.5428466796875 -0.55976498126984 0.01022815704346 40004
470936620937932 171 -0.10494995117188 -1.991530418396 -0.00029444694519 50004
470968329846332 171 4.428466796875 3.40566492080688 -0.02838397026062 60004
471000038817853 171 -0.67449951171875 -4.55406093597412 0.00499725341797 70004
471031747757932 171 4.88189697265625 -1.23280048370361 -0.03138303756714 80004
471063456697931 171 -0.393798828125 2.36799216270447 0.00174617767334 90004
470778076238502 172 -0.64941161870956 5.05698823928833 0.00405249418691 4
470809785175202 172 -2.49794769287109 -2.40701818466187 0.0163277387619 10004
470841494118082 172 0.30619812011719 5.32283544540405 -0.00097274780273 20004
470873203058122 172 1.28680419921875 7.03624629974365 -0.00784993171692 30004
470904911969673 172 -1.38751220703125 -0.17508225142956 0.00910592079163 40004
470936620937932 172 -0.11932373046875 -1.68592238426209 -0.00029253959656 50004
470968329846332 172 4.470458984375 3.12757635116577 -0.02838730812073 60004
471000038817853 172 -0.572509765625 -4.24295616149902 0.00388813018799 70004
471031747757932 172 4.85296630859375 -1.56290316581726 -0.0313892364502 80004
471063456697931 172 -0.3875732421875 2.72358870506287 0.00175046920776 90004
470778076238502 173 -0.6305183172226 5.32725048065186 0.00405249651521 4
470809785175202 173 -2.50720977783203 -1.96400260925293 0.01632678508759 10004
470841494118082 173 0.41555786132813 5.65792036056519 -0.00209879875183 20004
470873203058122 173 1.69241333007813 6.9888744354248 -0.01009583473206 30004
470904911969673 173 -1.27960205078125 0.19371615350246 0.00910449028015 40004
470936620937932 173 -0.179443359375 -1.41292071342468 0.00171518325806 50004
470968329846332 173 4.5240478515625 2.86927318572998 -0.02839136123657 60004
471000038817853 173 -0.4940185546875 -3.94844651222229 0.00390148162842 70004
471031747757932 173 4.74493408203125 -1.86514067649841 -0.03139400482178 80004
471063456697931 173 -0.3497314453125 3.05481696128845 0.00175523757935 90004
470778076238502 174 -0.67132782936096 5.61812782287598 0.00405249604955 4
470809785175202 174 -2.60926055908203 -1.46273827552795 0.01632654666901 10004
470841494118082 174 0.43362426757813 6.06913900375366 -0.00210237503052 20004
470873203058122 174 2.12445068359375 6.7962646484375 -0.01361155509949 30004
470904911969673 174 -1.27520751953125 0.64235365390778 0.0091028213501 40004
470936620937932 174 -0.30633544921875 -1.11569762229919 0.00171947479248 50004
470968329846332 174 4.5733642578125 2.58363580703735 -0.02839708328247 60004
471000038817853 174 -0.4688720703125 -3.60191321372986 0.00391578674316 70004
471031747757932 174 4.52178955078125 -2.16310238838196 -0.02936744689941 80004
471063456697931 174 -0.3057861328125 3.42980027198792 0.00175952911377 90004
470778076238502 175 -0.72906243801117 5.76404571533203 0.0040524979122 4
470809785175202 175 -2.51563262939453 -0.95435929298401 0.01632571220398 10004
470841494118082 175 0.38845825195313 6.47892904281616 -0.00210428237915 20004
470873203058122 175 2.4571533203125 6.45269012451172 -0.01473712921143 30004
470904911969673 175 -1.34942626953125 1.08584082126617 0.00910139083862 40004
470936620937932 175 -0.31317138671875 -0.78933566808701 0.00172400474548 50004
470968329846332 175 4.52288818359375 2.36178827285767 -0.02839970588684 60004
471000038817853 175 -0.5753173828125 -3.26695227622986 0.0039234161377 70004
471031747757932 175 4.2069091796875 -2.36639904975891 -0.02729463577271 80004
471063456697931 175 -0.4053955078125 3.79857850074768 0.00176191329956 90004
470778076238502 176 -0.73627889156342 5.7822847366333 0.0040524979122 4
470809785175202 176 -2.61415863037109 -0.46666252613068 0.01632535457611 10004
470841494118082 176 0.48770141601563 6.83930540084839 -0.00210797786713 20004
470873203058122 176 2.63497924804688 6.01448726654053 -0.01586246490479 30004
470904911969673 176 -1.25360107421875 1.52041256427765 0.00909829139709 40004
470936620937932 176 -0.405029296875 -0.4776605963707 0.00172877311707 50004
470968329846332 176 4.46258544921875 2.1618971824646 -0.02840209007263 60004
471000038817853 176 -0.797119140625 -2.9984815120697 0.00598049163818 70004
471031747757932 176 3.84991455078125 -2.47325825691223 -0.02516889572144 80004
471063456697931 176 -0.46826171875 4.1750054359436 0.00377368927002 90004
470778076238502 177 -0.70709073543549 5.83623743057251 0.00405249651521 4
470809785175202 177 -2.60873413085938 0.00108143314719 0.01632505655289 10004
470841494118082 177 0.63035583496094 7.07450866699219 -0.00323379039764 20004
470873203058122 177 2.72250366210938 5.57790517807007 -0.0169872045517 30004
470904911969673 177 -1.2398681640625 1.93388116359711 0.00797367095947 40004
470936620937932 177 -0.4544677734375 -0.17823025584221 0.00376296043396 50004
470968329846332 177 4.40625 1.92280006408691 -0.02840423583984 60004
471000038817853 177 -0.98480224609375 -2.74919557571411 0.00598812103271 70004
471031747757932 177 3.50604248046875 -2.46916055679321 -0.02312088012695 80004
471063456697931 177 -0.5535888671875 4.52177858352661 0.00377655029297 90004
470778076238502 178 -0.66488671302795 5.92670011520386 0.00405250117183 4
470809785175202 178 -2.52367401123047 0.47815430164337 0.0163242816925 10004
470841494118082 178 0.84585571289063 7.23750829696655 -0.00435829162598 20004
470873203058122 178 2.78482055664063 5.13490390777588 -0.01699030399323 30004
470904911969673 178 -1.24359130859375 2.34761810302734 0.00797057151794 40004
470936620937932 178 -0.46234130859375 0.12730045616627 0.00376653671265 50004
470968329846332 178 4.365966796875 1.64546632766724 -0.02840638160706 60004
471000038817853 178 -1.123291015625 -2.47730231285095 0.00806045532227 70004
471031747757932 178 3.16046142578125 -2.40488791465759 -0.02104902267456 80004
471063456697931 178 -0.6187744140625 4.86710977554321 0.00377893447876 90004
470778076238502 179 -0.63875514268875 6.0248064994812 0.00405250256881 4
470809785175202 179 -2.44091033935547 0.98839843273163 0.01632297039032 10004
470841494118082 179 1.22987365722656 7.3873724937439 -0.00772988796234 20004
470873203058122 179 2.89239501953125 4.66914463043213 -0.01811981201172 30004
470904911969673 179 -1.10540771484375 2.77554321289063 0.007967710495 40004
470936620937932 179 -0.443115234375 0.45309942960739 0.00377368927002 50004
470968329846332 179 4.365966796875 1.3443341255188 -0.02841019630432 60004
471000038817853 179 -1.196533203125 -2.13367819786072 0.0080680847168 70004
471031747757932 179 2.79327392578125 -2.33848166465759 -0.01897525787354 80004
471063456697931 179 -0.5679931640625 5.24521493911743 0.00378465652466 90004
470778076238502 180 -0.68401163816452 6.27926826477051 0.00405250350013 4
470809785175202 180 -2.33368682861328 1.49406981468201 0.01519811153412 10004
470841494118082 180 1.62614440917969 7.50033330917358 -0.00997734069824 20004
470873203058122 180 2.79376220703125 4.207200050354 -0.01812362670898 30004
470904911969673 180 -1.12835693359375 3.2245979309082 0.00796627998352 40004
470936620937932 180 -0.450439453125 0.77945536375046 0.00377798080444 50004
470968329846332 180 4.447998046875 1.05472421646118 -0.02841401100159 60004
471000038817853 180 -1.191650390625 -1.78253149986267 0.00807571411133 70004
471031747757932 180 2.4857177734375 -2.12175726890564 -0.01692676544189 80004
471063456697931 180 -0.6109619140625 5.62458658218384 0.00378751754761 90004
470778076238503 181 0.04232946783304 -9.03910541534424 0.00000000005821 4
470809785175202 181 -2.39427947998047 1.99815917015076 0.01519691944122 10004
470841494118082 181 2.03056335449219 7.47967290878296 -0.01222681999207 20004
470873203058122 181 2.64971923828125 3.75398373603821 -0.01812744140625 30004
470904911969673 181 -1.00738525390625 3.64944839477539 0.00684118270874 40004
470936620937932 181 -0.43020629882813 1.10482680797577 0.0037853717804 50004
470968329846332 181 4.564453125 0.77718210220337 -0.02841782569885 60004
471000038817853 181 -1.151611328125 -1.43450045585632 0.00808906555176 70004
471031747757932 181 2.2681884765625 -1.8231006860733 -0.01482057571411 80004
471063456697931 181 -0.60919189453125 6.00537729263306 0.00379037857056 90004
470778076238503 182 0.11932761967182 -8.68859481811523 0.00000000046566 4
470809785175202 182 -2.39897918701172 2.50278258323669 0.01519536972046 10004
470841494118082 182 2.37202453613281 7.35349416732788 -0.01447379589081 20004
470873203058122 182 2.40435791015625 3.35644268989563 -0.0161235332489 30004
470904911969673 182 -0.86871337890625 4.07605028152466 0.0057168006897 40004
470936620937932 182 -0.33349609375 1.40830218791962 0.00267148017883 50004
470968329846332 182 4.62725830078125 0.4898581802845 -0.02954316139221 60004
471000038817853 182 -1.057861328125 -1.09940886497498 0.00697994232178 70004
471031747757932 182 2.04156494140625 -1.5279575586319 -0.01274490356445 80004
471063456697931 182 -0.61456298828125 6.38642358779907 0.00379467010498 90004
470778076238503 183 0.23442643880844 -8.34960079193115 -0.00112304417416 4
470809785175202 183 -2.29563140869141 3.00923609733582 0.01519310474396 10004
470841494118082 183 2.63221740722656 7.12468481063843 -0.01672327518463 20004
470873203058122 183 2.11767578125 2.9847891330719 -0.01401078701019 30004
470904911969673 183 -0.74945068359375 4.50919771194458 0.00571584701538 40004
470936620937932 183 -0.1763916015625 1.69359004497528 0.00155687332153 50004
470968329846332 183 4.59869384765625 0.19408258795738 -0.02954459190369 60004
471000038817853 183 -0.940673828125 -0.77067041397095 0.00699472427368 70004
471031747757932 183 1.80914306640625 -1.24166405200958 -0.01275253295898 80004
471063456697932 183 0.041015625 -9.21730995178223 -0.00000095367432 90004
470778076238503 184 0.4021460711956 -8.03162384033203 -0.00224608741701 4
470809785175202 184 -2.20407867431641 3.51795268058777 0.01519167423248 10004
470841494118082 184 2.84405517578125 6.7709174156189 -0.01785016059875 20004
470873203058122 184 1.96337890625 2.53250336647034 -0.01195096969604 30004
470904911969673 184 -0.596923828125 4.93251466751099 0.00458598136902 40004
470936620937932 184 -0.0386962890625 1.98901736736298 0.00044250488281 50004
470968329846332 184 4.48736572265625 -0.08563605695963 -0.02954721450806 60004
471000038817853 184 -0.879150390625 -0.42528867721558 0.00588750839233 70004
471031747757932 184 1.67926025390625 -0.8894454240799 -0.01071691513062 80004
471063456697932 184 0.205078125 -8.86503028869629 -0.00113153457642 90004
470778076238503 185 0.41976827383041 -7.67257642745972 -0.00224608299322 4
470809785175202 185 -2.07175445556641 4.01764345169067 0.01406764984131 10004
470841494118082 185 2.96351623535156 6.37641668319702 -0.01897215843201 20004
470873203058122 185 1.9501953125 2.0548574924469 -0.01195096969604 30004
470904911969673 185 -0.43203735351563 5.22912263870239 0.0034544467926 40004
470936620937932 185 0.0067138671875 2.3121452331543 0.00045156478882 50004
470968329846332 185 4.49908447265625 -0.38653081655502 -0.02954936027527 60004
471000038817853 185 -0.956298828125 -0.08255578577518 0.00589561462402 70004
471031747757932 185 1.56597900390625 -0.5315648317337 -0.01072359085083 80004
471063456697932 185 0.2109375 -8.47637367248535 -0.00113439559937 90004
470778076238503 186 0.39723777770996 -7.31455945968628 -0.00224607950076 4
470809785175202 186 -1.89541625976563 4.50284481048584 0.01294314861298 10004
470841494118082 186 3.11378479003906 5.99294233322144 -0.01897358894348 20004
470873203058122 186 2.01904296875 1.58438885211945 -0.01195085048676 30004
470904911969673 186 -0.27835083007813 5.62092256546021 0.00232577323914 40004
470936620937932 186 0.049560546875 2.63562774658203 0.00046014785767 50004
470968329846332 186 4.60528564453125 -0.66249889135361 -0.02955269813538 60004
471000038817853 186 -0.920654296875 0.26038599014282 0.00590896606445 70004
471031747757932 186 1.3477783203125 -0.23477002978325 -0.00865888595581 80004
471063456697932 186 0.25048828125 -8.12816047668457 -0.00114107131958 90004
470778076238503 187 0.3612174987793 -6.95689725875854 -0.00224607624114 4
470809785175202 187 -1.61189270019531 4.92038726806641 0.01069539785385 10004
470841494118082 187 3.24427795410156 5.60313749313354 -0.02009844779968 20004
470873203058122 187 2.172119140625 1.13574612140656 -0.01307046413422 30004
470904911969673 187 -0.06521606445313 6.0096173286438 0.00120043754578 40004
470936620937932 187 0.080810546875 2.90214538574219 0.00046896934509 50004
470968329846332 187 4.73956298828125 -0.88865941762924 -0.02955794334412 60004
471000038817853 187 -0.800048828125 0.5745689868927 0.00592470169067 70004
471031747757932 187 1.16461181640625 0.08238655328751 -0.00664949417114 80004
471063456697932 187 0.341796875 -7.77801036834717 -0.00114774703979 90004
470778076238503 188 0.29135632514954 -6.61682558059692 -0.00224607298151 4
470809785175202 188 -1.28206634521484 5.30650997161865 0.00844752788544 10004
470841494118082 188 3.30030822753906 5.20205450057983 -0.02122402191162 20004
470873203058122 188 2.3621826171875 0.69872558116913 -0.01419520378113 30004
470904911969673 188 0.188720703125 6.37751245498657 -0.00104689598083 40004
470936620937932 188 0.0806884765625 3.13937759399414 0.00047779083252 50004
470968329846332 188 4.84112548828125 -1.04578721523285 -0.03068518638611 60004
471000038817853 188 -0.665771484375 0.8759400844574 0.00481700897217 70004
471031747757932 188 1.07012939453125 0.44416052103043 -0.00665092468262 80004
471063456697932 188 0.431884765625 -7.40704822540283 -0.00227880477905 90004
470778076238503 189 0.12030056118965 -6.32948875427246 -0.00024517253041 4
470809785175202 189 -1.09111022949219 5.78688621520996 0.0073236823082 10004
470841494118082 189 3.22267150878906 4.79718065261841 -0.02122604846954 20004
470873203058122 189 2.48977661132813 0.23826968669891 -0.0153204202652 30004
470904911969673 189 0.373291015625 6.78751611709595 -0.00217127799988 40004
470936620937932 189 0.01913452148438 3.46000289916992 0.00048232078552 50004
470968329846332 189 4.85479736328125 -1.12031304836273 -0.03068685531616 60004
471000038817853 189 -0.632568359375 1.22536063194275 0.00483226776123 70004
471031747757932 189 1.03204345703125 0.81761562824249 -0.00665187835693 80004
471063456697932 189 0.396728515625 -7.01990985870361 -0.002281665802 90004
470778076238503 190 0.08643233031034 -5.99419116973877 -0.00024517215206 4
470809785175202 190 -0.73870849609375 6.11942434310913 0.00507664680481 10004
470841494118082 190 3.31697082519531 4.42232751846313 -0.0212299823761 20004
470873203058122 190 2.54974365234375 -0.20564180612564 -0.01532208919525 30004
470904911969673 190 0.53305053710938 6.925124168396 -0.00329566001892 40004
470936620937932 190 0.09329223632813 3.75669813156128 0.00049090385437 50004
470968329846332 190 4.8465576171875 -1.25924253463745 -0.03068876266479 60004
471000038817853 190 -0.72686767578125 1.54118359088898 0.0048394203186 70004
471031747757932 190 0.8516845703125 1.11976528167725 -0.00462055206299 80004
471063456697932 190 0.213623046875 -6.70475387573242 -0.00228548049927 90004
470778076238503 191 -0.03977378457785 -5.68940448760986 -0.00024517203565 4
470809785175202 191 -0.33748626708984 6.38462066650391 0.0028303861618 10004
470841494118082 191 3.30009460449219 4.04432439804077 -0.02123284339905 20004
470873203058122 191 2.53250122070313 -0.64992439746857 -0.01644694805145 30004
470904911969673 191 0.66900634765625 6.99433469772339 -0.0032970905304 40004
470936620937932 191 0.08013916015625 4.05598735809326 -0.0006308555603 50004
470968329846332 191 4.75531005859375 -1.46918141841888 -0.03069019317627 60004
471000038817853 191 -0.815673828125 1.85851097106934 0.00484657287598 70004
471031747757932 191 0.73052978515625 1.36986994743347 -0.00462198257446 80004
471063456697932 191 0.1177978515625 -6.35925674438477 -0.00028085708618 90004
470778076238503 192 -0.2207412570715 -5.43548011779785 0.00179078406654 4
470809785175203 192 -0.04727172851563 -9.20398902893066 0 10004
470841494118082 192 3.24967956542969 3.71235060691834 -0.02123475074768 20004
470873203058122 192 2.46365356445313 -1.06144070625305 -0.01644790172577 30004
470904911969673 192 0.83883666992188 7.01844263076782 -0.00442552566528 40004
470936620937932 192 0.000244140625 4.32649230957031 -0.00062870979309 50004
470968329846332 192 4.66094970703125 -1.67627990245819 -0.0306921005249 60004
471000038817853 192 -0.860595703125 2.14407467842102 0.0048565864563 70004
471031747757932 192 0.64263916015625 1.60921311378479 -0.00462341308594 80004
471063456697932 192 0.111083984375 -6.02577495574951 -0.00028371810913 90004
470778076238503 193 -0.46844279766083 -5.20710039138794 0.00385327334516 4
470809785175203 193 -0.22447204589844 -8.82376766204834 0.00200790166855 10004
470841494118082 193 3.24258422851563 3.4163920879364 -0.0212367773056 20004
470873203058122 193 2.34524536132813 -1.49345695972443 -0.0144157409668 30004
470904911969673 193 1.16305541992188 7.02131795883179 -0.00667810440063 40004
470936620937932 193 -0.15655517578125 4.58942031860352 0.00141382217407 50004
470968329846332 193 4.63897705078125 -1.83929026126862 -0.03069376945496 60004
471000038817853 193 -0.81390380859375 2.41974139213562 0.00487089157104 70004
471031747757932 193 0.54193115234375 1.94654381275177 -0.00259113311768 80004
471063456697932 193 0.21636962890625 -5.67688751220703 -0.00029230117798 90004
470778076238503 194 -0.71948623657227 -5.01788854598999 0.00385327171534 4
470809785175203 194 -0.23628997802734 -8.43479061126709 0.00200790166855 10004
470841494118082 194 3.24072265625 3.22158336639404 -0.02123856544495 20004
470873203058122 194 2.20654296875 -1.88779532909393 -0.0144168138504 30004
470904911969673 194 1.27346801757813 6.98075199127197 -0.00780200958252 40004
470936620937932 194 -0.19400024414063 4.87082290649414 0.00141739845276 50004
470968329846332 194 4.506103515625 -2.05637788772583 -0.02866458892822 60004
471000038817853 194 -0.8853759765625 2.71378660202026 0.00487852096558 70004
471031747757932 194 0.34796142578125 2.20962047576904 -0.00259256362915 80004
471063456697932 194 0.43365478515625 -5.41812038421631 -0.00254392623901 90004
470778076238503 195 -0.93849486112595 -4.87330341339111 0.00592472776771 4
470809785175203 195 -0.21431732177734 -8.10087108612061 0.00200754404068 10004
470841494118082 195 3.28976440429688 3.01831579208374 -0.02124071121216 20004
470873203058122 195 2.03106689453125 -2.19078302383423 -0.01240861415863 30004
470904911969673 195 1.35061645507813 6.92768239974976 -0.00780320167542 40004
470936620937932 195 -0.17526245117188 5.10922765731812 0.0014226436615 50004
470968329846332 195 4.37384033203125 -2.23882412910461 -0.0286660194397 60004
471000038817853 195 -0.90692138671875 2.97029328346252 0.00690793991089 70004
471031747757932 195 0.22088623046875 2.45350861549377 -0.00058174133301 80004
471063456697932 195 0.58087158203125 -5.17501258850098 -0.00366544723511 90004
470778076238503 196 -1.22757017612457 -4.70575094223022 0.00794239714742 4
470809785175203 196 -0.13274383544922 -7.663330078125 0.00088351964951 10004
470841494118082 196 3.44740295410156 2.68121075630188 -0.02124559879303 20004
470873203058122 196 1.70077514648438 -2.51494145393372 -0.0103805065155 30004
470904911969673 196 1.45681762695313 6.82029914855957 -0.00893068313599 40004
470936620937932 196 -0.06869506835938 5.41740322113037 0.00143194198608 50004
470968329846332 196 4.1741943359375 -2.46276998519897 -0.02659583091736 60004
471000038817853 196 -0.8406982421875 3.31378650665283 0.00580024719238 70004
471031747757932 196 0.14471435546875 2.81985640525818 -0.0005841255188 80004
471063456697932 196 0.70037841796875 -4.80800914764404 -0.00365877151489 90004
470778076238503 197 -1.39092886447906 -4.48287010192871 0.00794239062816 4
470809785175203 197 0.10208892822266 -7.31561374664307 -0.00024056434631 10004
470841494118082 197 3.56777954101563 2.52862524986267 -0.02237260341644 20004
470873203058122 197 1.47052001953125 -2.60014271736145 -0.01038026809692 30004
470904911969673 197 1.72369384765625 6.61009979248047 -0.01006078720093 40004
470936620937932 197 0.03292846679688 5.7056941986084 0.00031900405884 50004
470968329846332 197 3.93328857421875 -2.60877871513367 -0.02459669113159 60004
471000038817853 197 -0.68505859375 3.60301804542542 0.00469160079956 70004
471031747757932 197 0.18316650390625 3.16973805427551 -0.00058603286743 80004
471063456697932 197 0.941162109375 -4.53626918792725 -0.00589942932129 90004
470778076238503 198 -1.49716150760651 -4.27207136154175 0.00997095461935 4
470809785175203 198 0.25163269042969 -6.95701313018799 -0.00136458873749 10004
470841494118082 198 3.77027893066406 2.29480481147766 -0.0234968662262 20004
470873203058122 198 1.37481689453125 -2.65139222145081 -0.00832974910736 30004
470904911969673 198 2.01824951171875 6.38339614868164 -0.01230645179749 40004
470936620937932 198 0.190673828125 5.93903160095215 -0.00079703330994 50004
470968329846332 198 3.70465087890625 -2.66537880897522 -0.02459669113159 60004
471000038817853 198 -0.63116455078125 3.89922451972961 0.00470352172852 70004
471031747757932 198 0.11773681640625 3.48516726493835 -0.00058794021606 80004
471063456697932 198 1.1341552734375 -4.25864601135254 -0.00701379776001 90004
470778076238503 199 -1.61053359508514 -4.04654502868652 0.00997094530612 4
470809785175203 199 0.38926696777344 -6.59138059616089 -0.00248831510544 10004
470841494118082 199 4.02679443359375 2.04464221000671 -0.02574455738068 20004
470873203058122 199 1.27569580078125 -2.72235131263733 -0.00832962989807 30004
470904911969673 199 2.29351806640625 6.11350440979004 -0.01455307006836 40004
470936620937932 199 0.35589599609375 6.1695442199707 -0.00191807746887 50004
470968329846332 199 3.46917724609375 -2.65871214866638 -0.0224940776825 60004
471000038817853 199 -0.6192626953125 4.18553113937378 0.00471353530884 70004
471031747757932 199 0.05230712890625 3.8005964756012 -0.00058937072754 80004
471063456697932 199 1.27490234375 -3.95711660385132 -0.00812005996704 90004
470778076238503 200 -1.81332349777222 -3.74981093406677 0.01204954460263 4
470809785175203 200 0.59205627441406 -6.19235515594482 -0.00361359119415 10004
470841494118082 200 4.37037658691406 1.81651568412781 -0.02799355983734 20004
470873203058122 200 1.01593017578125 -2.89207100868225 -0.00622868537903 30004
470904911969673 200 2.50149536132813 5.71653938293457 -0.01568222045898 40004
470936620937933 200 0 -9.30537986755371 0 50004
470968329846332 200 3.18402099609375 -2.56138777732849 -0.0204815864563 60004
471000038817853 200 -0.6212158203125 4.45444440841675 0.00472116470337 70004
471031747757932 200 0.09332275390625 4.17380380630493 -0.00059127807617 80004
471063456697932 200 1.32275390625 -3.57163763046265 -0.0081000328064 90004
470778076238503 201 -1.94135820865631 -3.41394424438477 0.01204954087734 4
470809785175203 201 0.60731506347656 -5.7450590133667 -0.00361436605453 10004
470841494118082 201 4.58486938476563 1.46462512016296 -0.02911722660065 20004
470873203058122 201 0.60354614257813 -3.05020546913147 -0.00410687923431 30004
470904911969673 201 2.51174926757813 5.49361610412598 -0.01568508148193 40004
470936620937933 201 -0.1240234375 -9.03888511657715 0.00000143051147 50004
470968329846332 201 2.96722412109375 -2.3527467250824 -0.01842951774597 60004
471000038817853 201 -0.6397705078125 4.80522108078003 0.00472831726074 70004
471031747757932 201 0.06402587890625 4.54807138442993 -0.00059223175049 80004
471063456697932 201 1.20458984375 -3.20116949081421 -0.00809049606323 90004
470778076238503 202 -2.04829144477844 -3.07103061676025 0.01405415683985 4
470809785175203 202 0.63932800292969 -5.29874706268311 -0.00361585617065 10004
470841494118082 202 4.79623413085938 1.11068177223206 -0.03024077415466 20004
470873203058122 202 0.14230346679688 -3.0740864276886 -0.00208723545074 30004
470904911969673 202 2.66964721679688 5.14016151428223 -0.01681137084961 40004
470936620937933 202 -0.155029296875 -8.75173377990723 0.00000476837158 50004
470968329846332 202 2.83172607421875 -2.08994364738464 -0.01842951774597 60004
471000038817853 202 -0.6260986328125 5.15558576583862 0.00474166870117 70004
471031747757932 202 -0.08172607421875 4.88674783706665 -0.00059366226196 80004
471063456697932 202 1.144287109375 -2.81855344772339 -0.00808048248291 90004
470778076238503 203 -2.07057499885559 -2.7207818031311 0.01405416801572 4
470809785175203 203 0.64140319824219 -4.852614402771 -0.00361686944962 10004
470841494118082 203 4.98434448242188 0.74469304084778 -0.03136599063873 20004
470873203058122 203 -0.30825805664063 -2.95332264900208 0.00207424163818 30004
470904911969673 203 2.86911010742188 4.73867607116699 -0.0179340839386 40004
470936620937933 203 -0.21722412109375 -8.47146797180176 0.00204277038574 50004
470968329846332 203 2.75335693359375 -1.80101048946381 -0.0184338092804 60004
471000038817853 203 -0.5582275390625 5.4968638420105 0.00363397598267 70004
471031747757932 203 -0.18963623046875 5.23728799819946 0.00146579742432 80004
471063456697932 203 1.023681640625 -2.4583945274353 -0.00605392456055 90004
470778076238503 204 -2.03951597213745 -2.41068959236145 0.01405418291688 4
470809785175203 204 0.5916748046875 -4.46773719787598 -0.00361752510071 10004
470841494118082 204 5.10775756835938 0.42005026340485 -0.03248989582062 20004
470873203058122 204 -0.66244506835938 -2.7404420375824 0.00412178039551 30004
470904911969673 204 3.01409912109375 4.37796688079834 -0.0190589427948 40004
470936620937933 204 -0.3106689453125 -8.23484230041504 0.00204658508301 50004
470968329846332 204 2.72698974609375 -1.5419830083847 -0.01741743087769 60004
471000038817853 204 -0.4794921875 5.78975915908813 0.00364685058594 70004
471031747757932 204 -0.22308349609375 5.5637059211731 0.00146341323853 80004
471063456697932 204 0.868408203125 -2.1598219871521 -0.00605344772339 90004
470778076238503 205 -2.11799430847168 -2.08294868469238 0.01405419409275 4
470809785175203 205 0.40605926513672 -4.0915265083313 -0.00361812114716 10004
470841494118082 205 5.10066223144531 0.10782225430012 -0.03248989582062 20004
470873203058122 205 -0.93527221679688 -2.38503503799438 0.00614631175995 30004
470904911969673 205 3.01730346679688 3.95643091201782 -0.01906180381775 40004
470936620937933 205 -0.31112670898438 -7.95918130874634 0.00205111503601 50004
470968329846332 205 2.80377197265625 -1.26994979381561 -0.0174286365509 60004
471000038817853 205 -0.51519775390625 6.11712455749512 0.00365400314331 70004
471031747757932 205 -0.30364990234375 5.90658521652222 0.00146198272705 80004
471063456697932 205 0.8299560546875 -1.79732215404511 -0.00605058670044 90004
470778076238503 206 -2.13364505767822 -1.77026081085205 0.01405421458185 4
470809785175203 206 0.36215209960938 -3.70867013931274 -0.00159311294556 10004
470841494118082 206 5.17695617675781 -0.22712902724743 -0.03249001502991 20004
470873203058122 206 -1.06100463867188 -1.99323272705078 0.00614702701569 30004
470904911969673 206 2.88937377929688 3.59092283248901 -0.01906418800354 40004
470936620937933 206 -0.2850341796875 -7.7634973526001 0.0020580291748 50004
470968329846332 206 2.78497314453125 -1.01134979724884 -0.01743125915527 60004
471000038817853 206 -0.44580078125 6.41107368469238 0.00366592407227 70004
471031747757932 206 -0.394287109375 6.22248315811157 0.00145864486694 80004
471063456697932 206 0.908203125 -1.47235441207886 -0.00604677200317 90004
470778076238503 207 -2.0766122341156 -1.44588422775269 0.01405423041433 4
470809785175203 207 0.35773468017578 -3.2891640663147 -0.00159335136414 10004
470841494118082 207 5.21638488769531 -0.60278278589249 -0.03361451625824 20004
470873203058122 207 -1.11044311523438 -1.55185770988464 0.00815117359161 30004
470904911969673 207 2.76950073242188 3.19285011291504 -0.0170636177063 40004
470936620937933 207 -0.26580810546875 -7.61274719238281 0.00206446647644 50004
470968329846332 207 2.72271728515625 -0.73700577020645 -0.01743698120117 60004
471000038817854 207 0.0736083984375 -9.14788055419922 0.00000190734863 70004
471031747757933 207 -0.060791015625 -9.16730690002441 -0.00000047683716 80004
471063456697932 207 0.963134765625 -1.12078976631165 -0.00604152679443 90004
470778076238503 208 -1.92584156990051 -1.11955296993256 0.01293117925525 4
470809785175203 208 0.34427642822266 -2.84400701522827 -0.001593708992 10004
470841494118082 208 5.15061950683594 -1.00615739822388 -0.03361570835114 20004
470873203058122 208 -1.11245727539063 -1.07895874977112 0.00702846050262 30004
470904911969673 208 2.73934936523438 2.74527597427368 -0.01706314086914 40004
470936620937933 208 -0.27099609375 -7.52932071685791 0.00206923484802 50004
470968329846332 208 2.62164306640625 -0.45485013723373 -0.01744270324707 60004
471000038817854 208 0.2801513671875 -8.73284530639648 -0.0011191368103 70004
471031747757933 208 -0.20355224609375 -8.79485130310059 0.00204992294312 80004
471063456697932 208 0.9022216796875 -0.74074923992157 -0.00603866577148 90004
470778076238503 209 -1.79249954223633 -0.81002986431122 0.01180812157691 4
470809785175203 209 0.22328186035156 -2.44228363037109 -0.00159424543381 10004
470841494118082 209 5.08195495605469 -1.35943293571472 -0.03361678123474 20004
470873203058122 209 -1.2813720703125 -0.66413980722427 0.00905013084412 30004
470904911969673 209 2.76956176757813 2.32845711708069 -0.01706290245056 40004
470936620937933 209 -0.27145385742188 -7.52932071685791 0.00207352638245 50004
470968329846332 209 2.47198486328125 -0.21603518724442 -0.01542949676514 60004
471000038817854 209 0.54107666015625 -8.37631893157959 -0.00336217880249 70004
471031747757933 209 -0.20904541015625 -8.41771125793457 0.00204849243164 80004
471063456697932 209 0.71453857421875 -0.42794924974442 -0.00398254394531 90004
470778076238503 210 -1.64114248752594 -0.50906902551651 0.0106850694865 4
470809785175203 210 0.09490203857422 -2.04289841651917 -0.00159496068954 10004
470841494118082 210 5.03205871582031 -1.73718190193176 -0.03160190582275 20004
470873203058122 210 -1.39535522460938 -0.23190166056156 0.00905060768127 30004
470904911969673 210 2.88436889648438 1.92607498168945 -0.01818537712097 40004
470936620937933 210 -0.27264404296875 -7.41905689239502 0.00207710266113 50004
470968329846332 210 2.27569580078125 -0.0155769130215 -0.01542925834656 60004
471000038817854 210 0.662109375 -7.95829105377197 -0.00336217880249 70004
471031747757933 210 -0.19598388671875 -8.04093742370605 0.00204420089722 80004
471063456697932 210 0.646240234375 -0.0753889977932 -0.00398015975952 90004
470778076238503 211 -1.44716942310333 -0.23810635507107 0.00956201460212 4
470809785175203 211 0.04599761962891 -1.65992701053619 0.00044244527817 10004
470841494118082 211 4.99143981933594 -2.12153506278992 -0.03160333633423 20004
470873203058122 211 -1.405029296875 0.20537821948528 0.00905239582062 30004
470904911969673 211 3.086181640625 1.56535947322845 -0.01930999755859 40004
470936620937933 211 -0.25094604492188 -7.21895933151245 0.00208353996277 50004
470968329846332 211 2.1046142578125 0.1417600363493 -0.01335978507996 60004
471000038817854 211 0.70843505859375 -7.52095317840576 -0.00448322296143 70004
471031747757933 211 -0.2100830078125 -7.66553020477295 0.00204038619995 80004
471063456697932 211 0.55609130859375 0.27329489588737 -0.00397777557373 90004
470778076238503 212 -1.21377468109131 0.03065361455083 0.00843894854188 4
470809785175203 212 0.105712890625 -1.26256310939789 0.0004408955574 10004
470841494118082 212 4.92173767089844 -2.52188444137573 -0.03160500526428 20004
470873203058122 212 -1.33843994140625 0.67340582609177 0.00905513763428 30004
470904911969673 212 3.38949584960938 1.26267957687378 -0.02156257629395 40004
470936620937933 212 -0.1776123046875 -6.93884706497192 0.00209212303162 50004
470968329846332 212 1.9713134765625 0.29713788628578 -0.01336359977722 60004
471000038817854 212 0.67205810546875 -7.05786848068237 -0.00448226928711 70004
471031747757933 212 -0.29437255859375 -7.27782726287842 0.00203847885132 80004
471063456697932 212 0.3721923828125 0.60961365699768 -0.00193786621094 90004
470778076238503 213 -1.06690359115601 0.35877773165703 0.00731589272618 4
470809785175203 213 0.219482421875 -0.82969319820404 -0.00068259239197 10004
470841494118082 213 4.7139892578125 -2.87793493270874 -0.0295844078064 20004
470873203058122 213 -1.41705322265625 1.14471864700317 0.00905573368073 30004
470904911969673 213 3.72494506835938 1.11465406417847 -0.02381539344788 40004
470936620937933 213 -0.0086669921875 -6.69874238967896 0.00097799301147 50004
470968329846332 213 1.8570556640625 0.575708091259 -0.01134133338928 60004
471000038817854 213 0.47381591796875 -6.63030958175659 -0.00242757797241 70004
471031747757933 213 -0.51116943359375 -6.93852519989014 0.00405979156494 80004
471063456697932 213 0.0792236328125 0.86460614204407 0.00007772445679 90004
470778076238503 214 -1.03333008289337 0.69288462400436 0.00731587875634 4
470809785175203 214 0.47677612304688 -0.50141286849976 -0.00292938947678 10004
470841494118082 214 4.40451049804688 -3.10577440261841 -0.02824378013611 20004
470873203058122 214 -1.31985473632813 1.57957053184509 0.00905656814575 30004
470904911969673 214 4.00521850585938 0.80932867527008 -0.02494239807129 40004
470936620937933 214 0.12692260742188 -6.45901107788086 -0.00014090538025 50004
470968329846332 214 1.86187744140625 0.8563432097435 -0.01134490966797 60004
471000038817854 214 0.4229736328125 -6.19303703308105 -0.0024266242981 70004
471031747757933 214 -0.57171630859375 -6.56830549240112 0.00405740737915 80004
471063456697932 214 -0.1817626953125 1.11872780323029 0.00007486343384 90004
470778076238503 215 -1.10174596309662 1.03764832019806 0.00731587223709 4
470809785175203 215 0.73880767822266 -0.13934397697449 -0.0040528178215 10004
470841494118082 215 4.02352905273438 -3.23747849464417 -0.02546226978302 20004
470873203058122 215 -1.33224487304688 2.04662084579468 0.00905680656433 30004
470904911969673 215 4.19393920898438 0.41255354881287 -0.02606582641602 40004
470936620937933 215 0.23062133789063 -6.18584632873535 -0.00126171112061 50004
470968329846332 215 1.79498291015625 1.14312303066254 -0.01134848594666 60004
471000038817854 215 0.30029296875 -5.74228572845459 -0.00242519378662 70004
471031747757933 215 -0.72735595703125 -6.20666456222534 0.00405645370483 80004
471063456697932 215 -0.3721923828125 1.44828927516937 0.00211668014526 90004
470778076238503 216 -1.20531785488129 1.37571024894714 0.00731586711481 4
470809785175203 216 0.93566131591797 0.25610509514809 -0.00517719984055 10004
470841494118082 216 3.62043762207031 -3.24038505554199 -0.02285552024841 20004
470873203058122 216 -1.34609985351563 2.50783824920654 0.00905728340149 30004
470904911969673 216 4.24575805664063 -0.02396386489272 -0.02718734741211 40004
470936620937933 216 0.26290893554688 -5.90015316009521 -0.00125980377197 50004
470968329846332 216 1.63983154296875 1.39348590373993 -0.01135158538818 60004
471000038817854 216 0.0992431640625 -5.31830501556396 -0.00037384033203 70004
471031747757933 216 -0.88201904296875 -5.84502363204956 0.00605535507202 80004
471063456697932 216 -0.490478515625 1.81802809238434 0.00212001800537 90004
470778076238503 217 -1.26296210289001 1.67369174957275 0.00731586059555 4
470809785175203 217 1.03368377685547 0.63525140285492 -0.00630164146423 10004
470841494118082 217 3.27247619628906 -3.14543962478638 -0.02141630649567 20004
470873203058122 217 -1.24740600585938 2.89962291717529 0.00905776023865 30004
470904911969673 217 4.18508911132813 -0.41276988387108 -0.02718639373779 40004
470936620937933 217 0.22146606445313 -5.64619541168213 -0.00125861167908 50004
470968329846332 217 1.44647216796875 1.57173764705658 -0.00935316085815 60004
471000038817854 217 -0.1220703125 -4.97021961212158 -0.00037050247192 70004
471031747757933 217 -0.92816162109375 -5.49601030349731 0.00604867935181 80004
471063456697932 217 -0.565673828125 2.14996075630188 0.00413751602173 90004
470778076238503 218 -1.36496043205261 1.99486637115479 0.00933945085853 4
470809785175203 218 0.95722961425781 1.04777157306671 -0.00630205869675 10004
470841494118082 218 2.97755432128906 -2.89569520950317 -0.01937437057495 20004
470873203058122 218 -1.13433837890625 3.33304643630981 0.00793540477753 30004
470904911969673 218 4.07034301757813 -0.81846469640732 -0.02718663215637 40004
470936620937933 218 0.2750244140625 -5.37575006484985 -0.00125622749329 50004
470968329846332 218 1.3814697265625 1.6970808506012 -0.00935649871826 60004
471000038817854 218 -0.1788330078125 -4.53407096862793 0.0017294883728 70004
471031747757933 218 -1.004150390625 -5.18942308425903 0.00604104995728 80004
471063456697932 218 -0.65081787109375 2.5044093132019 0.00413990020752 90004
470778076238503 219 -1.367222905159 2.34702730178833 0.00933943595737 4
470809785175203 219 0.75307464599609 1.43571865558624 -0.00422143936157 10004
470841494118082 219 2.76058959960938 -2.55505990982056 -0.01732325553894 20004
470873203058122 219 -0.912353515625 3.74952435493469 0.00681304931641 30004
470904911969673 219 3.8304443359375 -1.18783736228943 -0.02517461776733 40004
470936620937933 219 0.24453735351563 -5.08931541442871 -0.00125432014465 50004
470968329846332 219 1.35577392578125 1.77676641941071 -0.00936007499695 60004
471000038817854 219 -0.0997314453125 -4.07980823516846 0.00173234939575 70004
471031747757933 219 -0.9764404296875 -4.81579303741455 0.00602674484253 80004
471063456697932 219 -0.6268310546875 2.88435769081116 0.0041446685791 90004
470778076238503 220 -1.37525820732117 2.65462517738342 0.00933942385018 4
470809785175203 220 0.58135986328125 1.77814185619354 -0.00422161817551 10004
470841494118082 220 2.56521606445313 -2.26120018959045 -0.0173237323761 20004
470873203058122 220 -0.6900634765625 4.10352277755737 0.00456297397614 30004
470904911969673 220 3.53744506835938 -1.43708837032318 -0.02313756942749 40004
470936620937933 220 0.22283935546875 -4.83856916427612 -0.00125312805176 50004
470968329846332 220 1.33721923828125 1.83318984508514 -0.00936317443848 60004
471000038817854 220 0.08026123046875 -3.71863889694214 -0.00051069259644 70004
471031747757933 220 -0.85888671875 -4.49210357666016 0.00601148605347 80004
471063456697932 220 -0.59130859375 3.21982717514038 0.00414848327637 90004
470778076238503 221 -1.47727084159851 2.97580242156982 0.00933941546828 4
470809785175203 221 0.50491333007813 2.19065475463867 -0.00422191619873 10004
470841494118082 221 2.27029418945313 -2.01145577430725 -0.01519978046417 20004
470873203058122 221 -0.47702026367188 4.49787187576294 0.00343871116638 30004
470904911969673 221 3.15292358398438 -1.61013197898865 -0.02101635932922 40004
470936620937933 221 0.27639770507813 -4.56812381744385 -0.00125026702881 50004
470968329846332 221 1.29144287109375 1.90942180156708 -0.00936627388 60004
471000038817854 221 0.379638671875 -3.39329051971436 -0.00163078308105 70004
471031747757933 221 -0.63726806640625 -4.18728303909302 0.00487852096558 80004
471063456697932 221 -0.61328125 3.58363842964172 0.00415086746216 90004
470778076238503 222 -1.43398535251617 3.31003427505493 0.00933940615505 4
470809785175203 222 0.59394836425781 2.60068106651306 -0.00317692756653 10004
470841494118082 222 2.10836791992188 -1.66045188903809 -0.01319229602814 20004
470873203058122 222 -0.450927734375 4.94507837295532 0.00343871116638 30004
470904911969673 222 2.76657104492188 -1.77910220623016 -0.01886820793152 40004
470936620937933 222 0.43890380859375 -4.34557199478149 -0.00237083435059 50004
470968329846332 222 1.2181396484375 2.02944183349609 -0.00734615325928 60004
471000038817854 222 0.5133056640625 -2.97209072113037 -0.00275182723999 70004
471031747757933 222 -0.30859375 -4.00490713119507 0.0026273727417 80004
471063456697932 222 -0.78082275390625 3.9076886177063 0.00415277481079 90004
470778076238503 223 -1.28720104694366 3.63017177581787 0.00933938939124 4
470809785175203 223 0.79363250732422 2.99372124671936 -0.00430005788803 10004
470841494118082 223 1.96958923339844 -1.27298986911774 -0.01319265365601 20004
470873203058122 223 -0.50131225585938 5.41727828979492 0.00343763828278 30004
470904911969673 223 2.32855224609375 -1.82803511619568 -0.01459741592407 40004
470936620937933 223 0.67031860351563 -4.17388486862183 -0.00349140167236 50004
470968329846332 223 1.14202880859375 2.2697970867157 -0.00734972953796 60004
471000038817854 223 0.70086669921875 -2.54089641571045 -0.00387191772461 70004
471031747757933 223 0.0675048828125 -3.87191486358643 0.00037670135498 80004
471063456697932 223 -0.847412109375 4.28273916244507 0.00618839263916 90004
470778076238503 224 -1.14403140544891 3.95431399345398 0.00821632705629 4
470809785175203 224 1.02053833007813 3.37855863571167 -0.00654768943787 10004
470841494118082 224 1.92010498046875 -0.9031041264534 -0.01214420795441 20004
470873203058122 224 -0.64727783203125 5.855140209198 0.00343728065491 30004
470904911969673 224 1.89935302734375 -1.73461067676544 -0.01242542266846 40004
470936620937933 224 0.91744995117188 -4.01524925231934 -0.00573682785034 50004
470968329846332 224 1.0159912109375 2.53524136543274 -0.00735330581665 60004
471000038817854 224 0.97509765625 -2.16968631744385 -0.0061149597168 70004
471031747757933 224 0.45703125 -3.76992535591125 -0.00187110900879 80004
471063456697932 224 -0.80963134765625 4.66459274291992 0.00619268417358 90004
470778076238503 225 -1.03793561458588 4.29238176345825 0.00709327403456 4
470809785175203 225 1.18560791015625 3.78759956359863 -0.00654751062393 10004
470841494118082 225 1.97018432617188 -0.5508861541748 -0.01214694976807 20004
470873203058122 225 -0.84515380859375 6.26529169082642 0.00546872615814 30004
470904911969673 225 1.5010986328125 -1.52676749229431 -0.01031923294067 40004
470936620937933 225 1.13058471679688 -3.81975150108337 -0.00685358047485 50004
470968329846332 225 0.84564208984375 2.77842402458191 -0.00529098510742 60004
471000038817854 225 1.334228515625 -1.86644637584686 -0.00834941864014 70004
471031747757933 225 0.84912109375 -3.7011079788208 -0.00524139404297 80004
471063456697932 225 -0.7095947265625 5.03953123092651 0.00507354736328 90004
470778076238503 226 -0.81753605604172 4.57639932632446 0.00597021915019 4
470809785175203 226 1.19805908203125 4.23497009277344 -0.00767081975937 10004
470841494118082 226 2.04025268554688 -0.14449691772461 -0.01214933395386 20004
470873203058122 226 -0.93499755859375 6.73446893692017 0.00546634197235 30004
470904911969673 226 1.122314453125 -1.28372550010681 -0.0082688331604 40004
470936620937933 226 1.26388549804688 -3.55820441246033 -0.00796747207642 50004
470968329846332 226 0.76947021484375 3.0698401927948 -0.00528788566589 60004
471000038817854 226 1.7000732421875 -1.56935012340546 -0.01059246063232 70004
471031747757933 226 1.24755859375 -3.75916004180908 -0.00748729705811 80004
471063456697932 226 -0.6373291015625 5.4210467338562 0.00507640838623 90004
470778076238503 227 -0.73401176929474 4.90086889266968 0.00484716705978 4
470809785175203 227 1.19905090332031 4.65452861785889 -0.00767135620117 10004
470841494118082 227 2.05180358886719 0.24159409105778 -0.01215028762817 20004
470873203058123 227 -0.12930297851563 -9.02815055847168 -0.00000131130219 30004
470904911969673 227 0.89059448242188 -0.93938064575195 -0.00613689422607 40004
470936620937933 227 1.320068359375 -3.28925180435181 -0.00795793533325 50004
470968329846332 227 0.66558837890625 3.33224487304688 -0.00528478622437 60004
471000038817854 227 1.90142822265625 -1.17989361286163 -0.0117130279541 70004
471031747757933 227 1.57257080078125 -3.9485068321228 -0.0097451210022 80004
471063456697932 227 -0.5687255859375 5.77857065200806 0.00395679473877 90004
470778076238503 228 -0.74680763483047 5.2299633026123 0.00484716985375 4
470809785175203 228 1.25579071044922 5.06765174865723 -0.00767230987549 10004
470841494118082 228 2.12808227539063 0.61608159542084 -0.01327276229858 20004
470873203058123 228 -0.18466186523438 -8.71269989013672 0.00201165676117 30004
470904911969673 228 0.75848388671875 -0.54909205436707 -0.00412750244141 40004
470936620937933 228 1.42105102539063 -3.03679442405701 -0.00907111167908 50004
470968329846332 228 0.629150390625 3.60617136955261 -0.00325107574463 60004
471000038817854 228 2.10650634765625 -0.78964990377426 -0.01283359527588 70004
471031747757933 228 1.84039306640625 -4.2066798210144 -0.0108814239502 80004
471063456697932 228 -0.47259521484375 6.12877559661865 0.0039587020874 90004
470778076238503 229 -0.82323360443115 5.53439664840698 0.00484717264771 4
470809785175203 229 1.31557464599609 5.41318082809448 -0.00767356157303 10004
470841494118082 229 2.24458312988281 0.9573141336441 -0.01439547538757 20004
470873203058123 229 -0.17340087890625 -8.40779113769531 0.00201010704041 30004
470904911969673 229 0.68707275390625 -0.16237892210484 -0.00413084030151 40004
470936620937933 229 1.528564453125 -2.80622124671936 -0.00906205177307 50004
470968329846332 229 0.61456298828125 3.86507129669189 -0.00324892997742 60004
471000038817854 229 2.28375244140625 -0.42101687192917 -0.0139536857605 70004
471031747757933 229 2.04595947265625 -4.48241138458252 -0.01314067840576 80004
471063456697933 229 0.0040283203125 -9.24262046813965 0 90004
470778076238503 230 -0.95255875587463 5.8697509765625 0.00686939852312 4
470809785175203 230 1.26515960693359 5.65712308883667 -0.00767427682877 10004
470841494118082 230 2.38813781738281 1.34376406669617 -0.01439785957336 20004
470873203058123 230 -0.11294555664063 -8.06340026855469 0.0008829832077 30004
470904911969673 230 0.58551025390625 0.27553263306618 -0.00413465499878 40004
470936620937933 230 1.577392578125 -2.51645302772522 -0.00905203819275 50004
470968329846332 230 0.49737548828125 4.14246082305908 -0.00324606895447 60004
471000038817854 230 2.39117431640625 0.03734662383795 -0.01507377624512 70004
471031747757933 230 2.23638916015625 -4.78890705108643 -0.01427888870239 80004
471063456697933 230 0.0255126953125 -8.90790367126465 -0.00000381469727 90004
470778076238503 231 -0.98560678958893 6.20426321029663 0.00686939619482 4
470809785175203 231 1.02804565429688 5.98635768890381 -0.00767469406128 10004
470841494118082 231 2.36805725097656 1.72750651836395 -0.01439988613129 20004
470873203058123 231 -0.08111572265625 -7.73720932006836 0.00087678432465 30004
470904911969673 231 0.49465942382813 0.68718159198761 -0.00413751602173 40004
470936620937933 231 1.51296997070313 -2.25007915496826 -0.01017212867737 50004
470968329846332 231 0.34735107421875 4.38131809234619 -0.00324368476868 60004
471000038817854 231 2.50640869140625 0.46327021718025 -0.01507139205933 70004
471031747757933 231 2.2884521484375 -5.15755033493042 -0.01428174972534 80004
471063456697933 231 -0.0543212890625 -8.60492134094238 -0.00000810623169 90004
470778076238504 232 -0.09609428048134 -9.09930515289307 -0.00000000005821 4
470809785175203 232 0.87440490722656 6.37914133071899 -0.00557148456573 10004
470841494118082 232 2.22834777832031 2.10565400123596 -0.0144008398056 20004
470873203058123 232 -0.10858154296875 -7.39174175262451 0.00087523460388 30004
470904911969673 232 0.28781127929688 1.07515263557434 -0.00212693214417 40004
470936620937933 232 1.49014282226563 -1.96000564098358 -0.01016879081726 50004
470968329846332 232 0.19525146484375 4.64091205596924 -0.00123000144958 60004
471000038817854 232 2.52301025390625 0.92660748958588 -0.0161828994751 70004
471031747757933 232 2.260498046875 -5.44310522079468 -0.01428270339966 80004
471063456697933 232 -0.1123046875 -8.27566909790039 -0.00001049041748 90004
470778076238504 233 -0.23915681242943 -8.84377193450928 0.00205664196983 4
470809785175204 233 0.02915954589844 -9.24282932281494 0 10004
470841494118082 233 2.04371643066406 2.3813910484314 -0.0123428106308 20004
470873203058123 233 -0.14791870117188 -7.11129951477051 0.00087213516235 30004
470904911969673 233 0.09909057617188 1.3807784318924 -0.00003218650818 40004
470936620937933 233 1.521240234375 -1.72716772556305 -0.01016712188721 50004
470968329846332 233 0.08966064453125 4.86007690429688 -0.00123119354248 60004
471000038817854 233 2.465087890625 1.30352866649628 -0.01617574691772 70004
471031747757933 233 2.17279052734375 -5.64089107513428 -0.01428747177124 80004
471063456697933 233 -0.1680908203125 -8.01355075836182 -0.00001430511475 90004
470778076238504 234 -0.48969081044197 -8.58002090454102 0.00205663987435 4
470809785175204 234 0.18470001220703 -8.90925788879395 -0.00112372636795 10004
470841494118082 234 1.73757934570313 2.65742635726929 -0.0123438835144 20004
470873203058123 234 -0.14938354492188 -6.76172065734863 0.00086843967438 30004
470904911969673 234 0.00241088867188 1.81995499134064 -0.00003266334534 40004
470936620937933 234 1.654541015625 -1.46496069431305 -0.01016187667847 50004
470968329846332 234 0.01153564453125 5.15078735351563 0.00077366828918 60004
471000038817854 234 2.315673828125 1.7507027387619 -0.01415157318115 70004
471031747757933 234 1.94329833984375 -5.97161769866943 -0.01222372055054 80004
471063456697933 234 -0.3428955078125 -7.72689151763916 0.00202751159668 90004
470778076238504 235 -0.57848984003067 -8.34526252746582 0.00409650243819 4
470809785175204 235 0.41989135742188 -8.69182682037354 -0.0022479891777 10004
470841494118082 235 1.47175598144531 2.90121126174927 -0.01024973392487 20004
470873203058123 235 -0.27047729492188 -6.48313903808594 0.00086545944214 30004
470904911969673 235 -0.13812255859375 2.18714880943298 -0.0000331401825 40004
470936620937933 235 1.73626708984375 -1.22118067741394 -0.01015853881836 50004
470968329846332 235 0.0391845703125 5.41143226623535 0.00077104568481 60004
471000038817854 235 2.348388671875 2.15903329849243 -0.01414918899536 70004
471031747757933 235 1.7877197265625 -6.07472705841064 -0.01222991943359 80004
471063456697933 235 -0.384765625 -7.43809652328491 0.00203037261963 90004
470778076238504 236 -0.75880074501038 -8.07937812805176 0.00409650336951 4
470809785175204 236 0.68149566650391 -8.43371963500977 -0.00337201356888 10004
470841494118082 236 1.29457092285156 3.13035678863525 -0.00817000865936 20004
470873203058123 236 -0.33682250976563 -6.14826011657715 0.00292372703552 30004
470904911969673 236 -0.19967651367188 2.563392162323 0.00203108787537 40004
470936620937933 236 1.75518798828125 -0.93462193012238 -0.01127862930298 50004
470968329846332 236 0.00616455078125 5.70370531082153 -0.00035381317139 60004
471000038817854 236 2.33221435546875 2.62621307373047 -0.01414728164673 70004
471031747757933 236 1.71173095703125 -6.11911725997925 -0.01022672653198 80004
471063456697933 236 -0.45745849609375 -7.11186552047729 0.00203275680542 90004
470778076238504 237 -0.95994704961777 -7.81179094314575 0.00613218080252 4
470809785175204 237 0.88068389892578 -8.15993595123291 -0.00561851263046 10004
470841494118082 237 1.24369812011719 3.33231663703918 -0.00817143917084 20004
470873203058123 237 -0.37344360351563 -5.83334922790527 0.00292301177979 30004
470904911969673 237 -0.22763061523438 2.90418910980225 0.00202989578247 40004
470936620937933 237 1.70352172851563 -0.66544115543365 -0.01127696037292 50004
470968329846332 237 -0.09124755859375 5.96765327453613 -0.00035452842712 60004
471000038817854 237 2.27838134765625 3.06450271606445 -0.01414632797241 70004
471031747757933 237 1.69244384765625 -6.11217451095581 -0.01023387908936 80004
471063456697933 237 -0.54376220703125 -6.80944681167603 0.00404977798462 90004
470778076238504 238 -1.06832849979401 -7.48839235305786 0.00613217335194 4
470809785175204 238 0.98528289794922 -7.83113527297974 -0.00562006235123 10004
470841494118082 238 1.25559997558594 3.59844899177551 -0.00817263126373 20004
470873203058123 238 -0.5057373046875 -5.55369138717651 0.00292217731476 30004
470904911969673 238 -0.38320922851563 3.29620289802551 0.00202822685242 40004
470936620937933 238 1.60418701171875 -0.40821570158005 -0.01127433776855 50004
470968329846332 238 -0.22454833984375 6.21629047393799 0.00169920921326 60004
471000038817854 238 2.25274658203125 3.50561165809631 -0.0141453742981 70004
471031747757933 238 1.6201171875 -6.08613920211792 -0.01024103164673 80004
471063456697933 238 -0.610595703125 -6.50208711624146 0.00405263900757 90004
470778076238504 239 -1.12412309646606 -7.17524003982544 0.00813452620059 4
470809785175204 239 1.02586364746094 -7.5120792388916 -0.00562167167664 10004
470841494118082 239 1.12844848632813 3.92574644088745 -0.00817370414734 20004
470873203058123 239 -0.61929321289063 -5.271080493927 0.00292193889618 30004
470904911969673 239 -0.37173461914063 3.68702673912048 0.00201940536499 40004
470936620937933 239 1.42538452148438 -0.22533172369003 -0.00925898551941 50004
470968329846332 239 -0.26513671875 6.47540378570557 0.00169253349304 60004
471000038817854 239 2.06854248046875 3.87228465080261 -0.01414394378662 70004
471031747757933 239 1.40191650390625 -5.99714183807373 -0.00819253921509 80004
471063456697933 239 -0.71026611328125 -6.22609090805054 0.0040545463562 90004
470778076238504 240 -1.21185731887817 -6.8230357170105 0.00813451875001 4
470809785175204 240 0.97798156738281 -7.15581750869751 -0.00562250614166 10004
470841494118082 240 0.88957214355469 4.25023794174194 -0.00613474845886 20004
470873203058123 240 -0.81832885742188 -4.99400568008423 0.0049284696579 30004
470904911969673 240 -0.31292724609375 4.13177919387817 0.00201535224915 40004
470936620937933 240 1.2730712890625 0.01824562996626 -0.00925660133362 50004
470968329846333 240 0.068115234375 -9.05011081695557 -0.00000143051147 60004
471000038817854 240 1.80548095703125 4.26195192337036 -0.01210641860962 70004
471031747757933 240 1.1341552734375 -5.78394365310669 -0.00820016860962 80004
471063456697933 240 -0.7620849609375 -5.89984655380249 0.00405836105347 90004
470778076238504 241 -1.34856021404266 -6.51744842529297 0.0081345140934 4
470809785175204 241 0.88355255126953 -6.82501173019409 -0.00562328100204 10004
470841494118082 241 0.64857482910156 4.52454233169556 -0.00405716896057 20004
470873203058123 241 -1.07623291015625 -4.80159378051758 0.00692987442017 30004
470904911969673 241 -0.23919677734375 4.54658889770508 0.00201153755188 40004
470936620937933 241 1.14678955078125 0.25787302851677 -0.00725150108337 50004
470968329846333 241 0.156005859375 -8.62080192565918 -0.00000429153442 60004
471000038817854 241 1.5054931640625 4.58098173141479 -0.01009511947632 70004
471031747757933 241 0.91552734375 -5.48499822616577 -0.00614404678345 80004
471063456697933 241 -0.76129150390625 -5.5854229927063 0.00405979156494 90004
470778076238504 242 -1.59436213970184 -6.24926948547363 0.01022132392973 4
470809785175204 242 0.82774353027344 -6.46125745773315 -0.00562393665314 10004
470841494118082 242 0.51585388183594 4.85042524337769 -0.00405776500702 20004
470873203058123 242 -1.40826416015625 -4.69164657592773 0.00894343852997 30004
470904911969673 242 -0.17523193359375 4.99151992797852 0.00200414657593 40004
470936620937933 242 0.9344482421875 0.46185538172722 -0.00524592399597 50004
470968329846333 242 0.174560546875 -8.15154838562012 -0.00000667572021 60004
471000038817854 242 1.11163330078125 4.83990812301636 -0.00795888900757 70004
471031747757933 242 0.79248046875 -5.10180425643921 -0.00614500045776 80004
471063456697933 242 -0.75543212890625 -5.25008821487427 0.00406360626221 90004
470778076238504 243 -1.93045687675476 -6.11010885238647 0.01229288987815 4
470809785175204 243 0.87178039550781 -6.09585523605347 -0.00562518835068 10004
470841494118082 243 0.49021911621094 5.26190900802612 -0.00405931472778 20004
470873203058123 243 -1.66265869140625 -4.45175552368164 0.01103532314301 30004
470904911969673 243 -0.04144287109375 5.42049789428711 0.00087833404541 40004
470936620937933 243 0.82919311523438 0.73372685909271 -0.00524473190308 50004
470968329846333 243 0.240966796875 -7.68660306930542 -0.00113201141357 60004
471000038817854 243 0.734619140625 5.12212705612183 -0.00591230392456 70004
471031747757933 243 0.75341796875 -4.70142889022827 -0.0041332244873 80004
471063456697933 243 -0.69390869140625 -4.92068147659302 0.00406885147095 90004
470778076238504 244 -2.20298767089844 -5.87807893753052 0.01432131882757 4
470809785175204 244 0.92765808105469 -5.81513357162476 -0.00562673807144 10004
470841494118082 244 0.3360595703125 5.63638734817505 -0.00201499462128 20004
470873203058123 244 -1.82293701171875 -4.14812088012695 0.01103389263153 30004
470904911969673 244 0.21926879882813 5.776611328125 -0.0013689994812 40004
470936620937933 244 0.81686401367188 1.00474941730499 -0.00524854660034 50004
470968329846333 244 0.17333984375 -7.2282977104187 -0.00113344192505 60004
471000038817854 244 0.48291015625 5.48566198348999 -0.00378704071045 70004
471031747757933 244 0.66162109375 -4.31087827682495 -0.00413513183594 80004
471063456697933 244 -0.67193603515625 -4.58689165115356 0.00407075881958 90004
470778076238504 245 -2.37219858169556 -5.61801671981812 0.01432131510228 4
470809785175204 245 0.96237182617188 -5.55096340179443 -0.00562798976898 10004
470841494118082 245 0.22779846191406 5.971755027771 -0.00201499462128 20004
470873203058123 245 -1.88043212890625 -3.86546540260315 0.01304531097412 30004
470904911969673 245 0.42141723632813 6.10339069366455 -0.00249338150024 40004
470936620937933 245 0.78878784179688 1.24385464191437 -0.00524997711182 50004
470968329846333 245 0.076904296875 -6.82882452011108 -0.00113439559937 60004
471000038817854 245 0.2808837890625 5.82865953445435 -0.00174379348755 70004
471031747757933 245 0.5985107421875 -3.9666109085083 -0.00413703918457 80004
471063456697933 245 -0.69281005859375 -4.29598760604858 0.00407361984253 90004
470778076238504 246 -2.46878910064697 -5.27276849746704 0.01636071316898 4
470809785175204 246 0.99447631835938 -5.18813514709473 -0.0056289434433 10004
470841494118083 246 0.00814819335938 -9.26091766357422 0 20004
470873203058123 246 -1.84652709960938 -3.55234026908875 0.01191902160645 30004
470904911969674 246 -0.00665283203125 -9.2623462677002 0 40004
470936620937933 246 0.68869018554688 1.52031648159027 -0.00525212287903 50004
470968329846333 246 -0.014404296875 -6.37018823623657 0.00087904930115 60004
471000038817854 246 0.0042724609375 6.20417833328247 0.00027990341187 70004
471031747757933 246 0.580322265625 -3.56487464904785 -0.00413751602173 80004
471063456697933 246 -0.77447509765625 -3.97775220870972 0.00407695770264 90004
470778076238504 247 -2.42889451980591 -4.91109752655029 0.01636071130633 4
470809785175204 247 1.161376953125 -4.86018371582031 -0.00675231218338 10004
470841494118083 247 0.07333374023438 -8.90522003173828 -0.00000095367432 20004
470873203058123 247 -1.70590209960938 -3.29134249687195 0.01191592216492 30004
470904911969674 247 -0.05987548828125 -8.91807746887207 -0.00000071525574 40004
470936620937933 247 0.58517456054688 1.79562509059906 -0.00324201583862 50004
470968329846333 247 0.007080078125 -5.90106439590454 0.00087642669678 60004
471000038817854 247 -0.39752197265625 6.45168352127075 0.0023717880249 70004
471031747757933 247 0.592041015625 -3.16271781921387 -0.00413846969604 80004
471063456697933 247 -0.95611572265625 -3.733069896698 0.00615072250366 90004
470778076238504 248 -2.51871514320374 -4.58588171005249 0.01636071130633 4
470809785175204 248 1.19176483154297 -4.54300689697266 -0.00675231218338 10004
470841494118083 248 0.21855163574219 -8.6008882522583 -0.00112473964691 20004
470873203058123 248 -1.65103149414063 -2.98251104354858 0.01079130172729 30004
470904911969674 248 0.01242065429688 -8.60329723358154 -0.0000011920929 40004
470936620937933 248 0.42703247070313 2.01982855796814 -0.00324082374573 50004
470968329846333 248 -0.1314697265625 -5.48810195922852 0.00087475776672 60004
471000038817855 248 -0.136474609375 -9.01294136047363 0.00000143051147 70004
471031747757933 248 0.49273681640625 -2.80158352851868 -0.0041389465332 80004
471063456697933 248 -1.21923828125 -3.572190284729 0.0081992149353 90004
470778076238504 249 -2.63475775718689 -4.24106359481812 0.0163607057184 4
470809785175204 249 1.11597442626953 -4.20373487472534 -0.00675225257874 10004
470841494118083 249 0.30238342285156 -8.25778865814209 -0.00112521648407 20004
470873203058123 249 -1.52496337890625 -2.66833281517029 0.01079058647156 30004
470904911969674 249 0.02499389648438 -8.26332092285156 -0.00000238418579 40004
470936620937933 249 0.23046875 2.23743391036987 -0.00121879577637 50004
470968329846333 249 -0.2039794921875 -5.03316926956177 0.00086879730225 60004
471000038817855 249 -0.21075439453125 -8.63968753814697 0.00202989578247 70004
471031747757933 249 0.31488037109375 -2.44447040557861 -0.00213146209717 80004
471063456697933 249 -1.48858642578125 -3.37488865852356 0.01022958755493 90004
470778076238504 250 -2.76115608215332 -3.95442342758179 0.01837660372257 4
470809785175204 250 0.99785614013672 -3.90458273887634 -0.00675225257874 10004
470841494118083 250 0.31857299804688 -7.94177961349487 -0.00112581253052 20004
470873203058123 250 -1.38641357421875 -2.40116047859192 0.00966835021973 30004
470904911969674 250 0.00662231445313 -7.96392440795898 -0.00000286102295 40004
470936620937933 250 0.06829833984375 2.42471694946289 -0.00121712684631 50004
470968329846333 250 -0.23602294921875 -4.63011789321899 0.00086259841919 60004
471000038817855 250 -0.23138427734375 -8.30413627624512 0.00203657150269 70004
471031747757933 250 0.1531982421875 -2.13789010047913 -0.00011253356934 80004
471063456697933 250 -1.6827392578125 -3.16292405128479 0.01023197174072 90004
470778076238504 251 -3.01164531707764 -3.69062161445618 0.01837658509612 4
470809785175204 251 0.89556121826172 -3.55111217498779 -0.0067526102066 10004
470841494118083 251 0.33956909179688 -7.58076429367065 -0.00112688541412 20004
470873203058123 251 -1.33953857421875 -2.05474019050598 0.00966930389404 30004
470904911969674 251 0.10379028320313 -7.62945938110352 -0.00000476837158 40004
470936620937933 251 -0.02520751953125 2.67125701904297 0.00080537796021 50004
470968329846333 251 -0.42901611328125 -4.20233774185181 0.00292658805847 60004
471000038817855 251 -0.33782958984375 -7.92114067077637 0.00204467773438 70004
471031747757933 251 0.0965576171875 -1.73951876163483 -0.00011396408081 80004
471063456697933 251 -1.80938720703125 -2.86123108863831 0.01224184036255 90004
470778076238504 252 -3.16650080680847 -3.38782978057861 0.0204394236207 4
470809785175204 252 0.79817962646484 -3.22011685371399 -0.00474280118942 10004
470841494118083 252 0.25222778320313 -7.25442886352539 -0.00112748146057 20004
470873203058123 252 -1.3489990234375 -1.72745442390442 0.0096697807312 30004
470904911969674 252 0.2542724609375 -7.38577318191528 -0.00112962722778 40004
470936620937933 252 -0.01251220703125 2.94324374198914 0.00081181526184 50004
470968329846333 252 -0.55133056640625 -3.77968454360962 0.00292563438416 60004
471000038817855 252 -0.30859375 -7.55178165435791 0.00205898284912 70004
471031747757933 252 0.113525390625 -1.36317229270935 -0.00011587142944 80004
471063456697933 252 -1.89166259765625 -2.64954710006714 0.01224994659424 90004
470778076238504 253 -3.30105876922607 -3.05044603347778 0.02043941244483 4
470809785175204 253 0.78702545166016 -2.85939955711365 -0.00474405288696 10004
470841494118083 253 0.24856567382813 -6.90084266662598 -0.00112748146057 20004
470873203058123 253 -1.3045654296875 -1.38373446464539 0.00854766368866 30004
470904911969674 253 0.36834716796875 -7.07890844345093 -0.00225305557251 40004
470936620937933 253 -0.06988525390625 3.22505784034729 0.000816822052 50004
470968329846333 253 -0.58819580078125 -3.31669139862061 0.00394797325134 60004
471000038817855 253 -0.30419921875 -7.15575504302979 0.0020694732666 70004
471031747757933 253 0.029541015625 -0.97893834114075 -0.00011682510376 80004
471063456697933 253 -1.99981689453125 -2.37145328521729 0.0122594833374 90004
470778076238504 254 -3.37034869194031 -2.69941377639771 0.02244411222637 4
470809785175204 254 0.87296295166016 -2.5379159450531 -0.00474584102631 10004
470841494118083 254 0.30450439453125 -6.54356861114502 -0.00112915039063 20004
470873203058123 254 -1.28173828125 -1.04268527030945 0.00854849815369 30004
470904911969674 254 0.4556884765625 -6.74172830581665 -0.0022554397583 40004
470936620937933 254 -0.1273193359375 3.50687193870544 0.00082349777222 50004
470968329846333 254 -0.49761962890625 -2.8665828704834 0.00394558906555 60004
471000038817855 254 -0.384033203125 -6.77552127838135 0.00207710266113 70004
471031747757933 254 -0.1357421875 -0.61299633979797 -0.00011777877808 80004
471063456697933 254 -2.13726806640625 -2.06594800949097 0.01431560516357 90004
470778076238504 255 -3.36528396606445 -2.3365330696106 0.02244409173727 4
470809785175204 255 1.01425933837891 -2.27488160133362 -0.00587046146393 10004
470841494118083 255 0.35368347167969 -6.18600654602051 -0.00225353240967 20004
470873203058123 255 -1.33526611328125 -0.70362448692322 0.00854921340942 30004
470904911969674 255 0.533203125 -6.40489912033081 -0.00337958335876 40004
470936620937933 255 -0.106689453125 3.80014967918396 0.00082921981812 50004
470968329846333 255 -0.28973388671875 -2.44582271575928 0.00281929969788 60004
471000038817855 255 -0.576904296875 -6.42910575866699 0.00415658950806 70004
471031747757933 255 -0.31475830078125 -0.25474020838737 0.00189447402954 80004
471063456697933 255 -2.31402587890625 -1.78448951244354 0.01432323455811 90004
470778076238504 256 -3.42929267883301 -1.97835516929626 0.02244407683611 4
470809785175204 256 1.05886077880859 -1.90955185890198 -0.00587075948715 10004
470841494118083 256 0.34342956542969 -5.82452583312988 -0.00225520133972 20004
470873203058123 256 -1.26104736328125 -0.38635975122452 0.00854992866516 30004
470904911969674 256 0.4970703125 -6.05841016769409 -0.00337958335876 40004
470936620937933 256 -0.091064453125 4.09374666213989 0.00083374977112 50004
470968329846333 256 -0.1226806640625 -2.00656414031982 0.00168752670288 60004
471000038817855 256 -0.834716796875 -6.12635612487793 0.00621461868286 70004
471031747757933 256 -0.38702392578125 0.14117412269115 0.00189352035522 80004
471063456697933 256 -2.58612060546875 -1.58713805675507 0.01639699935913 90004
470778076238504 257 -3.38258028030396 -1.61993622779846 0.02244403585792 4
470809785175204 257 1.16579437255859 -1.55819571018219 -0.00699490308762 10004
470841494118083 257 0.33787536621094 -5.46294498443604 -0.00225687026978 20004
470873203058123 257 -1.2769775390625 -0.04186153411865 0.00855040550232 30004
470904911969674 257 0.58697509765625 -5.72533273696899 -0.00338101387024 40004
470936620937933 257 -0.1822509765625 4.3704047203064 0.00083804130554 50004
470968329846333 257 -0.1326904296875 -1.54189276695251 0.00168561935425 60004
471000038817855 257 -1.1839599609375 -5.94346904754639 0.00827550888062 70004
471031747757933 257 -0.33197021484375 0.53654420375824 0.00188827514648 80004
471063456697933 257 -2.87725830078125 -1.42152965068817 0.01840496063232 90004
470778076238504 258 -3.33656358718872 -1.25922799110413 0.02244400605559 4
470809785175204 258 1.18253326416016 -1.19872391223907 -0.00699579715729 10004
470841494118083 258 0.23759460449219 -5.12390613555908 -0.00225853919983 20004
470873203058123 258 -1.238037109375 0.30152839422226 0.00855123996735 30004
470904911969674 258 0.6011962890625 -5.38502073287964 -0.00338172912598 40004
470936620937933 258 -0.21026611328125 4.65660715103149 0.00084257125854 50004
470968329846333 258 -0.28875732421875 -1.11028480529785 0.00168085098267 60004
471000038817855 258 -1.48089599609375 -5.69208908081055 0.01037645339966 70004
471031747757933 258 -0.36737060546875 0.928462266922 0.00188541412354 80004
471063456697933 258 -3.18939208984375 -1.30332124233246 0.02044296264648 90004
470778076238504 259 -3.31102728843689 -0.91927170753479 0.02244397252798 4
470809785175204 259 1.16769409179688 -0.85585713386536 -0.00699663162231 10004
470841494118083 259 0.13392639160156 -4.80756664276123 -0.00020730495453 20004
470873203058123 259 -1.16494750976563 0.6210098862648 0.0085517168045 30004
470904911969674 259 0.60867309570313 -5.06540632247925 -0.00338268280029 40004
470936620937933 259 -0.15426635742188 4.92045307159424 0.00084853172302 50004
470968329846333 259 -0.44256591796875 -0.70794534683228 0.00372171401978 60004
471000038817855 259 -1.7412109375 -5.429039478302 0.01037645339966 70004
471031747757933 259 -0.43389892578125 1.29782915115356 0.00188302993774 80004
471063456697933 259 -3.47076416015625 -1.1767418384552 0.02252388000488 90004
470778076238504 260 -3.30212616920471 -0.57826828956604 0.02132091298699 4
470809785175204 260 1.20328521728516 -0.51266849040985 -0.0069979429245 10004
470841494118083 260 0.11813354492188 -4.46890735626221 -0.00020778179169 20004
470873203058123 260 -1.09490966796875 0.94122183322906 0.00743019580841 30004
470904911969674 260 0.70993041992188 -4.75494241714478 -0.00450778007507 40004
470936620937933 260 -0.02197265625 5.16190195083618 0.00085687637329 50004
470968329846333 260 -0.47552490234375 -0.26891243457794 0.00372052192688 60004
471000038817855 260 -2.04107666015625 -5.20754623413086 0.01241683959961 70004
471031747757933 260 -0.44488525390625 1.67487800121307 0.00188159942627 80004
471063456697933 260 -3.70880126953125 -0.97042095661163 0.02462387084961 90004
470778076238504 261 -3.30957937240601 -0.23723410069942 0.02132090553641 4
470809785175204 261 1.36190032958984 -0.20625002682209 -0.00812238454819 10004
470841494118083 261 0.03550720214844 -4.31140804290771 -0.00020813941956 20004
470873203058123 261 -1.16677856445313 1.26094102859497 0.00743067264557 30004
470904911969674 261 0.78729248046875 -4.43748331069946 -0.00451469421387 40004
470936620937933 261 0.1392822265625 5.38522624969482 -0.00025844573975 50004
470968329846333 261 -0.6668701171875 0.12778522074223 0.00371980667114 60004
471000038817855 261 -2.155517578125 -4.99749708175659 0.01443147659302 70004
471031747757933 261 -0.29656982421875 2.02070069313049 0.00290966033936 80004
471063456697933 261 -3.7738037109375 -0.82678508758545 0.02462482452393 90004
470778076238504 262 -3.34518456459045 0.10142078995705 0.02132088504732 4
470809785175204 262 1.55809783935547 0.07567337155342 -0.00924509763718 10004
470841494118083 262 -0.02545166015625 -4.03539085388184 -0.00020825862885 20004
470873203058123 262 -1.16754150390625 1.47425174713135 0.00743174552917 30004
470904911969674 262 0.79507446289063 -4.11471700668335 -0.00451946258545 40004
470936620937933 262 0.22793579101563 5.64013147354126 -0.00137567520142 50004
470968329846333 262 -0.75506591796875 0.49973511695862 0.00572657585144 60004
471000038817855 262 -2.20587158203125 -4.72929286956787 0.01443147659302 70004
471031747757933 262 -0.25445556640625 2.38733959197998 0.00178384780884 80004
471063456697933 262 -3.79241943359375 -0.56931209564209 0.02462530136108 90004
470778076238504 263 -3.36311197280884 0.39291176199913 0.02132086828351 4
470809785175204 263 1.76336669921875 0.28615367412567 -0.01036876440048 10004
470841494118083 263 -0.05474853515625 -3.74419355392456 -0.00020825862885 20004
470873203058123 263 -1.15597534179688 1.64549326896667 0.0074325799942 30004
470904911969674 263 0.74465942382813 -3.84110975265503 -0.00452256202698 40004
470936620937933 263 0.262451171875 5.87572717666626 -0.00137519836426 50004
470968329846333 263 -0.78204345703125 0.8274684548378 0.00572609901428 60004
471000038817855 263 -2.19354248046875 -4.46077823638916 0.01443147659302 70004
471031747757933 263 -0.291259765625 2.69766068458557 0.00178194046021 80004
471063456697933 263 -3.7620849609375 -0.30319747328758 0.02462673187256 90004
470778076238504 264 -3.28208327293396 0.74765747785568 0.0213208347559 4
470809785175204 264 2.09288024902344 0.44983291625977 -0.01261526346207 10004
470841494118083 264 -0.03277587890625 -3.38320875167847 -0.00020837783813 20004
470873203058123 264 -1.21798706054688 1.98951411247253 0.00743329524994 30004
470904911969674 264 0.57150268554688 -3.53891324996948 -0.00452613830566 40004
470936620937933 264 0.260986328125 6.16976404190063 -0.00137400627136 50004
470968329846333 264 -0.79571533203125 1.29688763618469 0.00572514533997 60004
471000038817855 264 -2.06268310546875 -4.08570194244385 0.01330757141113 70004
471031747757933 264 -0.448486328125 3.01209473609924 0.00177955627441 80004
471063456697933 264 -3.6165771484375 -0.00175723433495 0.02350568771362 90004
470778076238504 265 -3.18619441986084 1.05512189865112 0.02132079750299 4
470809785175204 265 2.40684509277344 0.59267693758011 -0.01486194133759 10004
470841494118083 265 -0.12518310546875 -3.05853080749512 -0.00020849704742 20004
470873203058123 265 -1.14410400390625 2.30680322647095 0.00743448734283 30004
470904911969674 265 0.4547119140625 -3.23421168327332 -0.00252223014832 40004
470936620937933 265 0.19595336914063 6.32540082931519 -0.00137233734131 50004
470968329846333 265 -0.89996337890625 1.72398245334625 0.00572514533997 60004
471000038817855 265 -2.07843017578125 -3.71558284759521 0.01330757141113 70004
471031747757933 265 -0.46856689453125 3.38365745544434 0.00382852554321 80004
471063456697933 265 -3.38275146484375 0.20386630296707 0.02238321304321 90004
470778076238504 266 -3.1763277053833 1.40293371677399 0.02132077328861 4
470809785175204 266 2.75276184082031 0.71611946821213 -0.01710903644562 10004
470841494118083 266 -0.13507080078125 -2.70507001876831 0.00179088115692 20004
470873203058123 266 -1.1495361328125 2.64858245849609 0.00743496417999 30004
470904911969674 266 0.427001953125 -2.89472317695618 -0.00252294540405 40004
470936620937934 266 0.0372314453125 -9.06889724731445 0.00000190734863 50004
470968329846333 266 -0.89117431640625 2.1830792427063 0.00572371482849 60004
471000038817855 266 -2.08380126953125 -3.31884908676147 0.01330757141113 70004
471031747757933 266 -0.49554443359375 3.78498268127441 0.00382471084595 80004
471063456697933 266 -3.09234619140625 0.36064511537552 0.02014017105103 90004
470778076238504 267 -3.18514060974121 1.69206714630127 0.02132075466216 4
470809785175204 267 3.04124450683594 0.77291929721832 -0.01935607194901 10004
470841494118083 267 -0.12356567382813 -2.41597366333008 0.00178956985474 20004
470873203058123 267 -1.184814453125 2.89804649353027 0.00743567943573 30004
470904911969674 267 0.47528076171875 -2.6200225353241 -0.00252389907837 40004
470936620937934 267 0.05267333984375 -8.75689792633057 0.000004529953 50004
470968329846333 267 -0.7869873046875 2.54342818260193 0.00572085380554 60004
471000038817855 267 -2.10272216796875 -3.00016617774963 0.01330757141113 70004
471031747757933 267 -0.52691650390625 4.11043357849121 0.003821849823 80004
471063456697933 267 -2.83953857421875 0.46057319641113 0.01901388168335 90004
470778076238504 268 -3.08392429351807 2.01000547409058 0.02019769884646 4
470809785175204 268 3.38275909423828 0.72388404607773 -0.02160286903381 10004
470841494118083 268 -0.21784973144531 -2.09029626846313 0.00178837776184 20004
470873203058123 268 -1.16741943359375 3.07030153274536 0.00743699073792 30004
470904911969674 268 0.628173828125 -2.33150267601013 -0.00364685058594 40004
470936620937934 268 -0.0562744140625 -8.37931442260742 0.00000596046448 50004
470968329846333 268 -0.53155517578125 2.90202522277832 0.00346779823303 60004
471000038817855 268 -2.22174072265625 -2.64754152297974 0.01330757141113 70004
471031747757933 268 -0.57086181640625 4.48515605926514 0.00381994247437 80004
471063456697933 268 -2.5474853515625 0.57656979560852 0.01675605773926 90004
470778076238504 269 -2.99008703231812 2.31239557266235 0.02019771374762 4
470809785175204 269 3.67636108398438 0.59626859426498 -0.02272737026215 10004
470841494118083 269 -0.23609924316406 -1.77570652961731 0.00178635120392 20004
470873203058123 269 -1.12664794921875 3.29253625869751 0.00743794441223 30004
470904911969674 269 0.8048095703125 -2.08346056938171 -0.00477266311646 40004
470936620937934 269 -0.0634765625 -8.01471519470215 0.00000762939453 50004
470968329846333 269 -0.19134521484375 3.12348222732544 0.00234198570251 60004
471000038817855 269 -2.20611572265625 -2.31314945220947 0.01423025131226 70004
471031747757933 269 -0.61187744140625 4.83491992950439 0.00381803512573 80004
471063456697933 269 -2.29541015625 0.72326326370239 0.01564741134644 90004
470778076238504 270 -2.96130061149597 2.66595649719238 0.01907465234399 4
470809785175204 270 4.0179443359375 0.46222057938576 -0.02497506141663 10004
470841494118083 270 -0.31214904785156 -1.42918419837952 0.001784324646 20004
470873203058123 270 -1.12908935546875 3.59790277481079 0.00743854045868 30004
470904911969674 270 1.06265258789063 -1.86107420921326 -0.00590324401855 40004
470936620937934 270 -0.06005859375 -7.59565162658691 0.00000977516174 50004
470968329846333 270 0.2197265625 3.35010194778442 -0.00117468833923 60004
471000038817855 270 -2.17926025390625 -1.92308568954468 0.01423025131226 70004
471031747757933 270 -0.69342041015625 5.22747135162354 0.00381565093994 80004
471063456697933 270 -2.0361328125 0.9297022819519 0.01341915130615 90004
470778076238504 271 -2.98577427864075 2.9773633480072 0.01907462999225 4
470809785175204 271 4.33368682861328 0.33618977665901 -0.02722179889679 10004
470841494118083 271 -0.41885375976563 -1.11284732818604 0.00178253650665 20004
470873203058123 271 -1.1534423828125 3.91977000236511 0.00743961334229 30004
470904911969674 271 1.35626220703125 -1.72590947151184 -0.00815272331238 40004
470936620937934 271 -0.095947265625 -7.21030616760254 0.00001096725464 50004
470968329846333 271 0.591064453125 3.58000087738037 -0.00342035293579 60004
471000038817855 271 -2.1534423828125 -1.55289220809937 0.01423025131226 70004
471031747757933 271 -0.76910400390625 5.59114027023315 0.0058217048645 80004
471063456697933 271 -1.825927734375 1.1605132818222 0.01231241226196 90004
470778076238504 272 -2.92232275009155 3.18268728256226 0.01907459832728 4
470809785175204 272 4.59078216552734 0.1060027629137 -0.02946978807449 10004
470841494118083 272 -0.41038513183594 -0.77391916513443 0.00178134441376 20004
470873203058123 272 -1.06463623046875 4.23519134521484 0.0074405670166 30004
470904911969674 272 1.6778564453125 -1.67011952400208 -0.01040434837341 40004
470936620937934 272 -0.2646484375 -6.85528182983398 0.0020694732666 50004
470968329846333 272 0.89501953125 3.89806795120239 -0.00566172599792 60004
471000038817855 272 -2.06829833984375 -1.19052219390869 0.01422929763794 70004
471031747757933 272 -0.71466064453125 5.96435356140137 0.00468397140503 80004
471063456697933 272 -1.65380859375 1.42240953445435 0.0112042427063 90004
470778076238504 273 -2.71536803245544 3.4291844367981 0.01795152015984 4
470809785175204 273 4.74291229248047 -0.19963715970516 -0.02947121858597 10004
470841494118083 273 -0.52667236328125 -0.45941507816315 0.00381112098694 20004
470873203058123 273 -1.00677490234375 4.55750513076782 0.0074405670166 30004
470904911969674 273 1.93539428710938 -1.72080314159393 -0.01153087615967 40004
470936620937934 273 -0.48434448242188 -6.53002452850342 0.00207376480103 50004
470968329846333 273 1.05853271484375 4.30180358886719 -0.00677943229675 60004
471000038817855 273 -2.05377197265625 -0.81955850124359 0.01422929763794 70004
471031747757933 273 -0.80133056640625 6.3272271156311 0.00467777252197 80004
471063456697933 273 -1.59197998046875 1.72677743434906 0.01122140884399 90004
470778076238504 274 -2.48424029350281 3.70983076095581 0.01682846806943 4
470809785175204 274 4.79942321777344 -0.55460697412491 -0.03059387207031 10004
470841494118083 274 -0.5860595703125 -0.16295555233955 0.00381088256836 20004
470873203058123 274 -0.87734985351563 4.87491607666016 0.0063179731369 30004
470904911969674 274 2.20086669921875 -1.87848007678986 -0.01377749443054 40004
470936620937934 274 -0.63296508789063 -6.14841747283936 0.00416350364685 50004
470968329846333 274 1.09619140625 4.75895023345947 -0.00677561759949 60004
471000038817855 274 -1.95538330078125 -0.444351375103 0.01310539245605 70004
471031747757934 274 -0.00933837890625 -9.08620262145996 0 80004
471063456697933 274 -1.56134033203125 2.06027626991272 0.01010894775391 90004
470778076238504 275 -2.32026982307434 3.952476978302 0.01570539735258 4
470809785175204 275 4.77041625976563 -0.84853762388229 -0.03059375286102 10004
470841494118083 275 -0.59942626953125 0.06356487423182 0.00381052494049 20004
470873203058123 275 -0.73788452148438 5.11778736114502 0.00519287586212 30004
470904911969674 275 2.40252685546875 -2.07246160507202 -0.01490545272827 40004
470936620937934 275 -0.6859130859375 -5.81253814697266 0.00416445732117 50004
470968329846333 275 1.03076171875 5.13007020950317 -0.0067732334137 60004
471000038817855 275 -1.83807373046875 -0.14846767485142 0.01199102401733 70004
471031747757934 275 -0.029052734375 -8.77028274536133 -0.00000047683716 80004
471063456697933 275 -1.55633544921875 2.33188843727112 0.01011085510254 90004
470778076238504 276 -2.22945380210876 4.28129291534424 0.01458232849836 4
470809785175204 276 4.61464691162109 -1.15634083747864 -0.03059411048889 10004
470841494118083 276 -0.73492431640625 0.37426996231079 0.00381052494049 20004
470873203058123 276 -0.6531982421875 5.41304492950439 0.00518751144409 30004
470904911969674 276 2.5401611328125 -2.36883497238159 -0.01603507995605 40004
470936620937934 276 -0.695068359375 -5.41971969604492 0.00416541099548 50004
470968329846333 276 0.8018798828125 5.50643062591553 -0.00471258163452 60004
471000038817855 276 -1.8353271484375 0.22381845116615 0.01199674606323 70004
471031747757934 276 -0.09130859375 -8.41000843048096 -0.00000095367432 80004
471063456697933 276 -1.60943603515625 2.64187669754028 0.01011371612549 90004
470778076238504 277 -2.07419800758362 4.53235816955566 0.01345927547663 4
470809785175204 277 4.46372985839844 -1.44077444076538 -0.0285769701004 10004
470841494118083 277 -0.80094909667969 0.6819948554039 0.00585091114044 20004
470873203058123 277 -0.5596923828125 5.69992208480835 0.00406229496002 30004
470904911969674 277 2.56695556640625 -2.6675980091095 -0.01603817939758 40004
470936620937934 277 -0.58950805664063 -5.07393360137939 0.00416970252991 50004
470968329846333 277 0.72119140625 5.90264129638672 -0.00470995903015 60004
471000038817855 277 -1.71795654296875 0.5445214509964 0.0120062828064 70004
471031747757934 277 -0.13128662109375 -8.07126617431641 -0.00000238418579 80004
471063456697933 277 -1.5589599609375 2.92624235153198 0.0101146697998 90004
470778076238504 278 -1.90369200706482 4.75376892089844 0.01233623269945 4
470809785175204 278 4.29207611083984 -1.67814671993256 -0.02857792377472 10004
470841494118083 278 -0.80796813964844 0.96981865167618 0.00585174560547 20004
470873203058123 278 -0.46661376953125 5.968430519104 0.00406062602997 30004
470904911969674 278 2.5294189453125 -2.94236516952515 -0.01604056358337 40004
470936620937934 278 -0.46939086914063 -4.75556182861328 0.00305342674255 50004
470968329846333 278 0.631591796875 6.26559019088745 -0.00470757484436 60004
471000038817855 278 -1.60693359375 0.84418916702271 0.01088523864746 70004
471031747757934 278 -0.1820068359375 -7.75970077514648 0.0020227432251 80004
471063456697933 278 -1.48358154296875 3.188068151474 0.01011562347412 90004
470778076238504 279 -1.6849102973938 5.0155234336853 0.01121315453202 4
470809785175204 279 4.01567840576172 -1.88455557823181 -0.02646297216415 10004
470841494118083 279 -0.71470642089844 1.29565155506134 0.00472939014435 20004
470873203058123 279 -0.3543701171875 6.27632665634155 0.00293588638306 30004
470904911969674 279 2.39071655273438 -3.237948179245 -0.01604294776917 40004
470936620937934 279 -0.34991455078125 -4.38155460357666 0.00306153297424 50004
470968329846333 279 0.4027099609375 6.6419506072998 -0.00263261795044 60004
471000038817855 279 -1.552001953125 1.2124171257019 0.01088523864746 70004
471031747757934 279 -0.2882080078125 -7.40957593917847 0.00202035903931 80004
471063456697933 279 -1.3885498046875 3.48764944076538 0.00899648666382 90004
470778076238504 280 -1.58851313591003 5.34066581726074 0.01121315173805 4
470809785175204 280 3.68198394775391 -1.96389377117157 -0.02451103925705 10004
470841494118083 280 -0.5006103515625 1.55604410171509 0.00360465049744 20004
470873203058124 280 -0.13482666015625 -8.94996452331543 -0.00000143051147 30004
470904911969674 280 2.14761352539063 -3.45290851593018 -0.01396560668945 40004
470936620937934 280 -0.35861206054688 -3.99025082588196 0.00306558609009 50004
470968329846334 280 -0.0179443359375 -9.02610778808594 -0.0000011920929 60004
471000038817855 280 -1.35693359375 1.52677035331726 0.00976228713989 70004
471031747757934 280 -0.248291015625 -7.04850292205811 0.00201606750488 80004
471063456697933 280 -1.2418212890625 3.76514410972595 0.00899839401245 90004
470778076238504 281 -1.42218112945557 5.62958669662476 0.01009009592235 4
470809785175204 281 3.34445953369141 -1.94892382621765 -0.02074128389359 10004
470841494118083 281 -0.3648681640625 1.82010185718536 0.00247943401337 20004
470873203058124 281 -0.21206665039063 -8.67703437805176 0.00205755233765 30004
470904911969674 281 1.87423706054688 -3.6285138130188 -0.0118715763092 40004
470936620937934 281 -0.47506713867188 -3.62424731254578 0.00306987762451 50004
470968329846334 281 -0.03936767578125 -8.7270679473877 -0.00000214576721 60004
471000038817855 281 -1.24359130859375 1.87190914154053 0.00863885879517 70004
471031747757934 281 -0.13580322265625 -6.70528173446655 0.00088930130005 80004
471063456697933 281 -1.0308837890625 3.98730969429016 0.00675630569458 90004
470778076238504 282 -1.2419764995575 5.86250066757202 0.00896704383194 4
470809785175204 282 3.06865692138672 -1.89292562007904 -0.01891136169434 10004
470841494118083 282 -0.29939270019531 2.06227827072144 0.0024756193161 20004
470873203058124 282 -0.2392578125 -8.47541999816895 0.00205707550049 30004
470904911969674 282 1.61929321289063 -3.74312877655029 -0.0097668170929 40004
470936620937934 282 -0.62503051757813 -3.31902956962585 0.00307416915894 50004
470968329846334 282 -0.0511474609375 -8.46819686889648 -0.00000262260437 60004
471000038817855 282 -1.17840576171875 2.18458938598633 0.00863885879517 70004
471031747757934 282 0.00042724609375 -6.41921615600586 0.00088739395142 80004
471063456697933 282 -0.83135986328125 4.151611328125 0.00563859939575 90004
470778076238504 283 -1.09372639656067 6.16974020004272 0.00784398429096 4
470809785175204 283 2.85601043701172 -1.86784934997559 -0.01891213655472 10004
470841494118083 283 -0.23759460449219 2.39570546150208 0.00247120857239 20004
470873203058124 283 -0.26443481445313 -8.06889724731445 0.00205624103546 30004
470904911969674 283 1.29330444335938 -3.76009821891785 -0.00766730308533 40004
470936620937934 283 -0.74728393554688 -2.94563031196594 0.00512623786926 50004
470968329846334 283 -0.01361083984375 -8.17072200775146 -0.00000548362732 60004
471000038817855 283 -0.98974609375 2.50443744659424 0.00640630722046 70004
471031747757934 283 0.1661376953125 -6.09311676025391 -0.00023651123047 80004
471063456697933 283 -0.71966552734375 4.35904979705811 0.00564241409302 90004
470778076238504 284 -1.05095720291138 6.48099374771118 0.00784397870302 4
470809785175204 284 2.59831237792969 -1.72980773448944 -0.01705133914948 10004
470841494118083 284 -0.2557373046875 2.70911765098572 0.00246822834015 20004
470873203058124 284 -0.34902954101563 -7.69972467422485 0.00205564498901 30004
470904911969674 284 0.99526977539063 -3.70705628395081 -0.00560402870178 40004
470936620937934 284 -0.87582397460938 -2.60224103927612 0.00512671470642 50004
470968329846334 284 -0.0718994140625 -7.90139770507813 -0.00000667572021 60004
471000038817855 284 -0.90435791015625 2.83693552017212 0.00641965866089 70004
471031747757934 284 0.22210693359375 -5.76073741912842 -0.00136423110962 80004
471063456697933 284 -0.5408935546875 4.53951454162598 0.00452423095703 90004
470778076238505 285 0.02656654827297 -9.21299266815186 0.00000000004366 4
470809785175204 285 2.35912322998047 -1.52482831478119 -0.01516085863113 10004
470841494118083 285 -0.24578857421875 3.01851296424866 0.00246560573578 20004
470873203058124 285 -0.40359497070313 -7.37063884735107 0.00205516815186 30004
470904911969674 285 0.71994018554688 -3.59292149543762 -0.00560712814331 40004
470936620937934 285 -0.98977661132813 -2.25454425811768 0.0071337223053 50004
470968329846334 285 -0.11260986328125 -7.63066577911377 -0.00000762939453 60004
471000038817855 285 -0.7957763671875 3.15545320510864 0.00531005859375 70004
471031747757934 285 0.301513671875 -5.43648052215576 -0.00136423110962 80004
471063456697933 285 -0.36773681640625 4.74757480621338 0.00340461730957 90004
470778076238505 286 0.10235320776701 -8.91103076934814 0.00000000040745 4
470809785175204 286 2.16644287109375 -1.21367120742798 -0.01311260461807 10004
470841494118083 286 -0.14398193359375 3.36355686187744 0.0013393163681 20004
470873203058124 286 -0.3692626953125 -7.08548307418823 0.00205397605896 30004
470904911969674 286 0.45703125 -3.37306427955627 -0.00358533859253 40004
470936620937934 286 -1.06973266601563 -1.84543299674988 0.00713419914246 50004
470968329846334 286 -0.06787109375 -7.32508897781372 -0.00001049041748 60004
471000038817855 286 -0.57867431640625 3.47520923614502 0.00420236587524 70004
471031747757934 286 0.489013671875 -5.09567070007324 -0.00249052047729 80004
471063456697933 286 -0.23199462890625 5.05159044265747 0.00229406356812 90004
470778076238505 287 0.03978564962745 -8.51406764984131 0.0000000007276 4
470809785175204 287 2.11353302001953 -0.84947019815445 -0.01311331987381 10004
470841494118083 287 -0.18472290039063 3.72291660308838 0.00133812427521 20004
470873203058124 287 -0.3253173828125 -7.01376676559448 0.00205302238464 30004
470904911969674 287 0.330078125 -3.11742997169495 -0.00154185295105 40004
470936620937934 287 -0.97940063476563 -1.43614649772644 0.00713753700256 50004
470968329846334 287 0.01806640625 -7.19042253494263 -0.00001239776611 60004
471000038817855 287 -0.44488525390625 3.84830188751221 0.00309419631958 70004
471031747757934 287 0.573974609375 -4.71496391296387 -0.0036153793335 80004
471063456697933 287 -0.22808837890625 5.38695573806763 0.00229644775391 90004
470778076238505 288 0.03617008030415 -8.13833808898926 0.0000000007858 4
470809785175204 288 1.95659637451172 -0.55713790655136 -0.01311415433884 10004
470841494118083 288 -0.18026733398438 4.06124925613403 0.00133609771729 20004
470873203058124 288 -0.30279541015625 -6.87520742416382 0.00205230712891 30004
470904911969674 288 0.300048828125 -2.80831289291382 -0.00154209136963 40004
470936620937934 288 -1.03094482421875 -1.05258059501648 0.00713849067688 50004
470968329846334 288 0.237060546875 -7.03674697875977 -0.00113749504089 60004
471000038817855 288 -0.3692626953125 4.21155643463135 0.00310850143433 70004
471031747757934 288 0.58551025390625 -4.35109901428223 -0.00361728668213 80004
471063456697933 288 -0.18341064453125 5.69724655151367 0.00230073928833 90004
470778076238505 289 0.09582194685936 -7.74398899078369 0.00000000110595 4
470809785175204 289 1.83209991455078 -0.22568374872208 -0.01110631227493 10004
470841494118083 289 -0.24131774902344 4.40901231765747 0.0013347864151 20004
470873203058124 289 -0.19268798828125 -6.62753820419312 0.00205159187317 30004
470904911969674 289 0.28564453125 -2.5190749168396 -0.00154232978821 40004
470936620937934 289 -1.03143310546875 -0.64338719844818 0.00714063644409 50004
470968329846334 289 0.458740234375 -6.81646347045898 -0.00225830078125 60004
471000038817855 289 -0.2789306640625 4.59706592559814 0.00200128555298 70004
471031747757934 289 0.50299072265625 -3.97817397117615 -0.00361776351929 80004
471063456697933 289 -0.10919189453125 6.02348709106445 0.0011830329895 90004
470778076238505 290 0.20281721651554 -7.41055679321289 -0.00112304498907 4
470809785175204 290 1.77953338623047 0.1385857462883 -0.01110672950745 10004
470841494118083 290 -0.34385681152344 4.72748994827271 0.00133275985718 20004
470873203058124 290 0.02279663085938 -6.33847570419312 0.0009251832962 30004
470904911969674 290 0.2655029296875 -2.25944662094116 -0.00154256820679 40004
470936620937934 290 -0.93389892578125 -0.23596093058586 0.00602126121521 50004
470968329846334 290 0.647705078125 -6.56073760986328 -0.00337553024292 60004
471000038817855 290 -0.1790771484375 4.96799564361572 0.00201654434204 70004
471031747757934 290 0.35015869140625 -3.61965155601501 -0.00159215927124 80004
471063456697933 290 -0.05523681640625 6.34823036193848 0.00118684768677 90004
470778076238505 291 0.29894056916237 -7.24852180480957 -0.00112304301001 4
470809785175204 291 1.73167419433594 0.48027235269547 -0.01110768318176 10004
470841494118083 291 -0.34042358398438 4.98191356658936 0.00133097171783 20004
470873203058124 291 0.2640380859375 -6.17845869064331 -0.00132143497467 30004
470904911969674 291 0.24765014648438 -1.93335795402527 -0.00154304504395 40004
470936620937934 291 -0.82220458984375 0.14076998829842 0.00602221488953 50004
470968329846334 291 0.87017822265625 -6.3592643737793 -0.00449419021606 60004
471000038817855 291 -0.1226806640625 5.29036855697632 0.00090312957764 70004
471031747757934 291 0.2247314453125 -3.27609634399414 -0.00159358978271 80004
471063456697933 291 -0.1055908203125 6.65870141983032 0.00118923187256 90004
470778076238505 292 0.33765164017677 -6.91279983520508 -0.00112304301001 4
470809785175204 292 1.70934295654297 0.8014594912529 -0.01110863685608 10004
470841494118083 292 -0.37925720214844 5.2900652885437 0.00334656238556 20004
470873203058124 292 0.62924194335938 -6.1153359413147 -0.00356543064117 30004
470904911969674 292 0.29446411132813 -1.63267517089844 -0.00154304504395 40004
470936620937934 292 -0.86514282226563 0.50269597768784 0.00602269172668 50004
470968329846334 292 0.98577880859375 -6.10626459121704 -0.00561189651489 60004
471000038817855 292 0.0343017578125 5.59577512741089 -0.00021886825562 70004
471031747757934 292 0.07830810546875 -2.9681122303009 -0.00159406661987 80004
471063456697934 292 0.01507568359375 -8.99224948883057 -0.00000381469727 90004
470778076238505 293 0.47038811445236 -6.5434103012085 -0.00224608462304 4
470809785175204 293 1.65907287597656 1.16525149345398 -0.01110970973969 10004
470841494118083 293 -0.3846435546875 5.64968490600586 0.0033460855484 20004
470873203058124 293 1.02145385742188 -5.95204925537109 -0.0058137178421 30004
470904911969674 293 0.2686767578125 -1.2934262752533 -0.00154495239258 40004
470936620937934 293 -0.84036254882813 0.9140282869339 0.00602293014526 50004
470968329846334 293 1.03289794921875 -5.79751539230347 -0.00560665130615 60004
471000038817855 293 0.12994384765625 5.97164916992188 -0.00021505355835 70004
471031747757934 293 0.00067138671875 -2.59524989128113 0.00043725967407 80004
471063456697934 293 0.06658935546875 -8.60830020904541 -0.00000953674316 90004
470778076238505 294 0.62378323078156 -6.18080711364746 -0.00336912600324 4
470809785175204 294 1.54244232177734 1.50636053085327 -0.00907862186432 10004
470841494118083 294 -0.38458251953125 6.00895738601685 0.00334453582764 20004
470873203058124 294 1.39462280273438 -5.73197364807129 -0.00806033611298 30004
470904911969674 294 0.1982421875 -0.95375239849091 -0.00154590606689 40004
470936620937934 294 -0.69659423828125 1.298708319664 0.00490117073059 50004
470968329846334 294 1.00433349609375 -5.47986793518066 -0.00560283660889 60004
471000038817855 294 0.2049560546875 6.35339879989624 -0.00021314620972 70004
471031747757934 294 -0.037841796875 -2.24929308891296 0.00043535232544 80004
471063456697934 294 0.09979248046875 -8.22472381591797 -0.0000171661377 90004
470778076238505 295 0.66105699539185 -5.80589866638184 -0.00336911762133 4
470809785175204 295 1.33895874023438 1.784991979599 -0.00907838344574 10004
470841494118084 295 0 -9.30537986755371 0 20004
470873203058124 295 1.76669311523438 -5.56689977645874 -0.01030611991882 30004
470904911969674 295 0.17626953125 -0.62790870666504 -0.00154638290405 40004
470936620937934 295 -0.45660400390625 1.60951554775238 0.00378465652466 50004
470968329846334 295 0.94482421875 -5.18601226806641 -0.00560021400452 60004
471000038817856 295 0 -9.30537986755371 0 70004
471031747757934 295 -0.14129638671875 -2.01573348045349 0.00043392181396 80004
471063456697934 295 0.040283203125 -7.86357402801514 -0.0000205039978 90004
470778076238505 296 0.53639990091324 -5.45037841796875 -0.00336911296472 4
470809785175204 296 1.27235412597656 2.12350511550903 -0.00907856225967 10004
470841494118084 296 0.14419555664063 -8.99638938903809 -0.00000047683716 20004
470873203058124 296 2.03448486328125 -5.25993347167969 -0.01255226135254 30004
470904911969674 296 0.13186645507813 -0.30433833599091 -0.00154709815979 40004
470936620937934 296 -0.25360107421875 1.83161318302155 0.0026695728302 50004
470968329846334 296 0.7818603515625 -4.93429946899414 -0.00559759140015 60004
471000038817856 296 -0.0787353515625 -8.86034774780273 0.00000190734863 70004
471031747757934 296 -0.30645751953125 -1.68914592266083 0.00248765945435 80004
471063456697934 296 0.13916015625 -7.51106739044189 -0.00002241134644 90004
470778076238505 297 0.41722336411476 -5.06674671173096 -0.00336910970509 4
470809785175204 297 1.21878051757813 2.48740267753601 -0.00707244873047 10004
470841494118084 297 0.38381958007813 -8.73267936706543 -0.00224792957306 20004
470873203058124 297 2.22482299804688 -4.87624788284302 -0.01367700099945 30004
470904911969674 297 0.11605834960938 0.04300556331873 -0.00154709815979 40004
470936620937934 297 -0.08831787109375 2.1764509677887 0.00155568122864 50004
470968329846334 297 0.5758056640625 -4.69153356552124 -0.00356364250183 60004
471000038817856 297 -0.1519775390625 -8.38388442993164 0.00000381469727 70004
471031747757934 297 -0.5040283203125 -1.35258626937866 0.00248527526855 80004
471063456697934 297 0.24261474609375 -7.13894701004028 -0.00115489959717 90004
470778076238505 298 0.37647178769112 -4.70085287094116 -0.00133535941131 4
470809785175204 298 1.20486450195313 2.83033418655396 -0.00707334280014 10004
470841494118084 298 0.66366577148438 -8.54232978820801 -0.00337374210358 20004
470873203058124 298 2.39089965820313 -4.50617456436157 -0.01480257511139 30004
470904911969674 298 0.0595703125 0.35709083080292 0.00049924850464 40004
470936620937934 298 -0.02230834960938 2.55458950996399 0.00043988227844 50004
470968329846334 298 0.4132080078125 -4.44798469543457 -0.00356101989746 60004
471000038817856 298 -0.240966796875 -7.94167470932007 0.00200986862183 70004
471031747757934 298 -0.638427734375 -1.02108526229858 0.00451946258545 80004
471063456697934 298 0.279052734375 -6.78573799133301 -0.00116014480591 90004
470778076238505 299 0.41543102264404 -4.30502557754517 -0.00245840614662 4
470809785175204 299 1.25523376464844 3.19107913970947 -0.00707501173019 10004
470841494118084 299 0.9796142578125 -8.36988639831543 -0.00562214851379 20004
470873203058124 299 2.61245727539063 -4.13239908218384 -0.01592779159546 30004
470904911969674 299 -0.09771728515625 0.66660296916962 0.00049829483032 40004
470936620937934 299 -0.08102416992188 2.96528506278992 0.00044417381287 50004
470968329846334 299 0.3114013671875 -4.15777015686035 -0.00155472755432 60004
471000038817856 299 -0.3712158203125 -7.47744417190552 0.00201749801636 70004
471031747757934 299 -0.702880859375 -0.63902151584625 0.0045166015625 80004
471063456697934 299 0.2325439453125 -6.39896392822266 -0.00116395950317 90004
470778076238505 300 0.30957478284836 -3.94347643852234 -0.00245840568095 4
470809785175204 300 1.42733001708984 3.49024772644043 -0.00820052623749 10004
470841494118084 300 1.19613647460938 -8.10655784606934 -0.00674521923065 20004
470873203058124 300 2.81112670898438 -3.77675247192383 -0.0170533657074 30004
470904911969674 300 -0.30337524414063 0.92047137022018 0.00254249572754 40004
470936620937934 300 -0.27786254882813 3.30551075935364 0.00247955322266 50004
470968329846334 300 0.22076416015625 -3.96865725517273 -0.00155591964722 60004
471000038817856 300 -0.4700927734375 -7.03628873825073 0.00202465057373 70004
471031747757934 300 -0.8714599609375 -0.31460207700729 0.00450944900513 80004
471063456697934 300 0.25543212890625 -6.03364706039429 -0.00116968154907 90004
470778076238505 301 0.21672753989697 -3.60437417030334 -0.00245840568095 4
470809785175204 301 1.49452972412109 3.8009774684906 -0.00932443141937 10004
470841494118084 301 1.41891479492188 -7.87989807128906 -0.00899314880371 20004
470873203058124 301 2.87216186523438 -3.42662262916565 -0.01818358898163 30004
470904911969674 301 -0.47183227539063 1.17409312725067 0.00253963470459 40004
470936620937934 301 -0.42498779296875 3.64088582992554 0.0024836063385 50004
470968329846334 301 0.13818359375 -3.72057056427002 -0.00155687332153 60004
471000038817856 301 -0.54962158203125 -6.62192630767822 0.00405979156494 70004
471031747757934 301 -0.94342041015625 0.01564810797572 0.00654745101929 80004
471063456697934 301 0.33184814453125 -5.70188999176025 -0.0011773109436 90004
470778076238505 302 0.09700541943312 -3.27634572982788 -0.00045302679064 4
470809785175204 302 1.52179718017578 4.12126445770264 -0.00932502746582 10004
470841494118084 302 1.64422607421875 -7.65551853179932 -0.01011681556702 20004
470873203058124 302 2.84140014648438 -3.07146072387695 -0.0181896686554 30004
470904911969674 302 -0.58917236328125 1.44808053970337 0.00457549095154 40004
470936620937934 302 -0.50796508789063 3.95940041542053 0.00248742103577 50004
470968329846334 302 0.09246826171875 -3.49905443191528 -0.00044703483582 60004
471000038817856 302 -0.5606689453125 -6.20939159393311 0.00406932830811 70004
471031747757934 302 -0.93963623046875 0.34946832060814 0.00653743743896 80004
471063456697934 302 0.469970703125 -5.39741992950439 -0.00230693817139 90004
470778076238505 303 -0.09609279036522 -2.92412805557251 -0.00045302690705 4
470809785175204 303 1.51619720458984 4.48825216293335 -0.00932550430298 10004
470841494118084 303 1.88615417480469 -7.39196729660034 -0.01124310493469 20004
470873203058124 303 2.6788330078125 -2.67082047462463 -0.01819348335266 30004
470904911969674 303 -0.63369750976563 1.79339301586151 0.00457072257996 40004
470936620937934 303 -0.49911499023438 4.27447462081909 0.0024950504303 50004
470968329846334 303 0.12213134765625 -3.33740544319153 -0.00044989585876 60004
471000038817856 303 -0.440185546875 -5.74300956726074 0.0029616355896 70004
471031747757934 303 -0.8238525390625 0.72158235311508 0.00539636611938 80004
471063456697934 303 0.71258544921875 -5.09546756744385 -0.00454807281494 90004
470778076238505 304 -0.25391513109207 -2.55456876754761 0.00156159664039 4
470809785175204 304 1.40645599365234 4.83950424194336 -0.00932598114014 10004
470841494118084 304 1.98136901855469 -7.11214399337769 -0.01236879825592 20004
470873203058124 304 2.38442993164063 -2.35123658180237 -0.01619231700897 30004
470904911969674 304 -0.70901489257813 2.13338947296143 0.00456666946411 40004
470936620937934 304 -0.6004638671875 4.52573347091675 0.00452661514282 50004
470968329846334 304 0.25982666015625 -3.12612843513489 -0.00157570838928 60004
471000038817856 304 -0.328857421875 -5.27449607849121 0.00297737121582 70004
471031747757934 304 -0.65673828125 1.07369494438171 0.00426197052002 80004
471063456697934 304 0.81512451171875 -4.7191858291626 -0.00454235076904 90004
470778076238505 305 -0.37821990251541 -2.23170375823975 0.00156159419566 4
470809785175204 305 1.2955322265625 5.16610193252563 -0.00932675600052 10004
470841494118084 305 2.10783386230469 -6.80944061279297 -0.01349246501923 20004
470873203058124 305 2.07818603515625 -2.08379030227661 -0.0141773223877 30004
470904911969674 305 -0.73052978515625 2.4582986831665 0.00456261634827 40004
470936620937934 305 -0.60916137695313 4.76573467254639 0.00453066825867 50004
470968329846334 305 0.3193359375 -2.84900331497192 -0.00157761573792 60004
471000038817856 305 -0.2816162109375 -4.82617807388306 0.001868724823 70004
471031747757934 305 -0.5589599609375 1.42420172691345 0.0042576789856 80004
471063456697934 305 0.9581298828125 -4.42859172821045 -0.00566101074219 90004
470778076238505 306 -0.42551976442337 -1.86233198642731 0.00358204217628 4
470809785175204 306 1.21420288085938 5.5227484703064 -0.00730460882187 10004
470841494118084 306 2.17497253417969 -6.46084976196289 -0.01349174976349 20004
470873203058124 306 1.81744384765625 -1.74927806854248 -0.01217174530029 30004
470904911969674 306 -0.75030517578125 2.80594730377197 0.00455832481384 40004
470936620937934 306 -0.68032836914063 5.08874797821045 0.0045337677002 50004
470968329846334 306 0.4013671875 -2.54232454299927 -0.00157999992371 60004
471000038817856 306 -0.3489990234375 -4.36013650894165 0.00188064575195 70004
471031747757934 306 -0.5540771484375 1.80491805076599 0.00424957275391 80004
471063456697934 306 1.1143798828125 -4.10159587860107 -0.00677299499512 90004
470778076238505 307 -0.37266638875008 -1.49236166477203 0.00245899544097 4
470809785175204 307 1.18701171875 5.86582326889038 -0.0073054432869 10004
470841494118084 307 2.17123413085938 -6.12012052536011 -0.01349139213562 20004
470873203058124 307 1.67691040039063 -1.3735785484314 -0.0101615190506 30004
470904911969674 307 -0.75021362304688 3.12759137153625 0.00455379486084 40004
470936620937934 307 -0.7943115234375 5.4403133392334 0.00453519821167 50004
470968329846334 307 0.4874267578125 -2.25994157791138 -0.00269937515259 60004
471000038817856 307 -0.4866943359375 -3.93171906471252 0.00394439697266 70004
471031747757934 307 -0.59674072265625 2.16262817382813 0.00424766540527 80004
471063456697934 307 1.2216796875 -3.75800466537476 -0.00787830352783 90004
470778076238505 308 -0.21742917597294 -1.12166452407837 0.00245898868889 4
470809785175204 308 1.21044921875 6.23311376571655 -0.0073065161705 10004
470841494118084 308 2.1912841796875 -5.75703001022339 -0.01349079608917 20004
470873203058124 308 1.67349243164063 -0.93914556503296 -0.0101615190506 30004
470904911969674 308 -0.630126953125 3.4546902179718 0.00454521179199 40004
470936620937934 308 -0.7772216796875 5.75996971130371 0.00453662872314 50004
470968329846334 308 0.4698486328125 -1.94060528278351 -0.00269651412964 60004
471000038817856 308 -0.5413818359375 -3.45264267921448 0.00395202636719 70004
471031747757934 308 -0.50787353515625 2.54194259643555 0.00424337387085 80004
471063456697934 308 1.2041015625 -3.36792135238647 -0.00786781311035 90004
470778076238505 309 -0.22170124948025 -0.74713641405106 0.0024589872919 4
470809785175204 309 1.09463500976563 6.55596160888672 -0.00730711221695 10004
470841494118084 309 2.16862487792969 -5.41701984405518 -0.01349020004272 20004
470873203058124 309 1.72796630859375 -0.53578162193298 -0.0101615190506 30004
470904911969674 309 -0.64822387695313 3.77883243560791 0.00454092025757 40004
470936620937934 309 -0.87271118164063 6.1337947845459 0.0045382976532 50004
470968329846334 309 0.3482666015625 -1.66792726516724 -0.00269389152527 60004
471000038817856 309 -0.7652587890625 -3.06269884109497 0.00395917892456 70004
471031747757934 309 -0.5511474609375 2.90355467796326 0.00424194335938 80004
471063456697934 309 1.291015625 -3.01382064819336 -0.00784969329834 90004
470778076238505 310 -0.29456785321236 -0.35445293784142 0.00245898473077 4
470809785175205 310 0.125732421875 -9.03568267822266 -0.00000047683716 10004
470841494118084 310 2.0469970703125 -5.08279800415039 -0.01348960399628 20004
470873203058124 310 1.6729736328125 -0.11454727500677 -0.01016175746918 30004
470904911969674 310 -0.58383178710938 4.11342430114746 0.00453400611877 40004
470936620937934 310 -0.89181518554688 6.41452312469482 0.00656390190125 50004
470968329846334 310 0.2850341796875 -1.36008405685425 -0.0026912689209 60004
471000038817856 310 -0.8939208984375 -2.60898971557617 0.00597953796387 70004
471031747757934 310 -0.50244140625 3.28153491020203 0.00424146652222 80004
471063456697934 310 1.370849609375 -2.63241720199585 -0.00782823562622 90004
470778076238505 311 -0.36132749915123 -0.06950631737709 0.00245898147114 4
470809785175205 311 0.28597259521484 -8.71741771697998 -0.00112468004227 10004
470841494118084 311 1.932373046875 -4.83930015563965 -0.01349055767059 20004
470873203058124 311 1.60235595703125 0.19919814169407 -0.01016163825989 30004
470904911969674 311 -0.499755859375 4.35260391235352 0.00340485572815 40004
470936620937935 311 0.009765625 -9.26944351196289 0 50004
470968329846334 311 0.2642822265625 -1.12165117263794 -0.00268864631653 60004
471000038817856 311 -0.9515380859375 -2.25397539138794 0.00598526000977 70004
471031747757934 311 -0.4189453125 3.56136536598206 0.0031099319458 80004
471063456697934 311 1.40130615234375 -2.34511518478394 -0.00894165039063 90004
470778076238505 312 -0.36045652627945 0.25189399719238 0.00245897821151 4
470809785175205 312 0.54393005371094 -8.35311889648438 -0.00337243080139 10004
470841494118084 312 1.906982421875 -4.49931955337524 -0.01148080825806 20004
470873203058124 312 1.66094970703125 0.60228198766708 -0.01016139984131 30004
470904911969674 312 -0.43338012695313 4.61319303512573 0.00339674949646 40004
470936620937935 312 0.0830078125 -8.99992084503174 0.00000333786011 50004
470968329846334 312 0.19561767578125 -0.82991570234299 -0.00067210197449 60004
471000038817856 312 -1.1273193359375 -1.83703851699829 0.00805234909058 70004
471031747757934 312 -0.3145751953125 3.91136503219604 0.00310611724854 80004
471063456697934 312 1.30865478515625 -1.99106001853943 -0.00893878936768 90004
470778076238505 313 -0.31791198253632 0.61459285020828 0.0024589698296 4
470809785175205 313 0.738037109375 -7.95288467407227 -0.00449508428574 10004
470841494118084 313 1.77043151855469 -4.19235324859619 -0.01148056983948 20004
470873203058124 313 1.85137939453125 0.95540696382523 -0.01128470897675 30004
470904911969674 313 -0.46844482421875 4.92203044891357 0.00339150428772 40004
470936620937935 313 0.0540771484375 -8.6937084197998 0.00000476837158 50004
470968329846334 313 0.230224609375 -0.5366792678833 -0.0006742477417 60004
471000038817856 313 -1.14886474609375 -1.39236974716187 0.00806140899658 70004
471031747757934 313 -0.336181640625 4.2709002494812 0.00198125839233 80004
471063456697934 313 1.33526611328125 -1.63110542297363 -0.00893020629883 90004
470778076238505 314 -0.26151052117348 0.93592745065689 0.00245896377601 4
470809785175205 314 0.85366058349609 -7.58730936050415 -0.0044954419136 10004
470841494118084 314 1.62127685546875 -3.93745994567871 -0.01147997379303 20004
470873203058124 314 1.99005126953125 1.27144038677216 -0.01240754127502 30004
470904911969674 314 -0.53256225585938 5.19725847244263 0.00338768959045 40004
470936620937935 314 0.03173828125 -8.41903018951416 0.00000667572021 50004
470968329846334 314 0.2923583984375 -0.2944655418396 -0.00180006027222 60004
471000038817856 314 -1.198486328125 -1.01253652572632 0.00806951522827 70004
471031747757934 314 -0.431640625 4.56592893600464 0.00197887420654 80004
471063456697934 314 1.3779296875 -1.31690454483032 -0.0089225769043 90004
470778076238505 315 -0.1770458817482 1.30309987068176 0.00133591331542 4
470809785175205 315 0.91580200195313 -7.14530754089355 -0.00561964511871 10004
470841494118084 315 1.437255859375 -3.65050268173218 -0.00942146778107 20004
470873203058124 315 2.04864501953125 1.67452454566956 -0.01240754127502 30004
470904911969674 315 -0.62823486328125 5.50950336456299 0.00338387489319 40004
470936620937935 315 0.0518798828125 -8.09961128234863 0.00000905990601 50004
470968329846334 315 0.382080078125 -0.03760271519423 -0.00180196762085 60004
471000038817856 315 -1.374267578125 -0.59559965133667 0.00807666778564 70004
471031747757934 315 -0.633056640625 4.87194395065308 0.00397968292236 80004
471063456697934 315 1.41363525390625 -0.95258903503418 -0.00891590118408 90004
470778076238505 316 -0.2556631565094 1.67154121398926 0.00133591296617 4
470809785175205 316 1.09469604492188 -6.73641014099121 -0.00674378871918 10004
470841494118084 316 1.1954345703125 -3.41035580635071 -0.00737965106964 20004
470873203058124 316 2.01019287109375 1.88770651817322 -0.01240754127502 30004
470904911969674 316 -0.64517211914063 5.83563852310181 0.0033802986145 40004
470936620937935 316 0.09994506835938 -7.78317308425903 0.00001096725464 50004
470968329846334 316 0.4498291015625 0.25439515709877 -0.00180196762085 60004
471000038817856 316 -1.3577880859375 -0.14399880170822 0.00809240341187 70004
471031747757934 316 -0.8175048828125 5.18765783309937 0.00604772567749 80004
471063456697934 316 1.5115966796875 -0.60000371932983 -0.00890827178955 90004
470778076238505 317 -0.25194552540779 2.04374432563782 0.00133591331542 4
470809785175205 317 1.231201171875 -6.31268501281738 -0.00786697864532 10004
470841494118084 317 1.03636169433594 -3.11703300476074 -0.00738072395325 20004
470873203058124 317 1.8408203125 2.18069648742676 -0.01240754127502 30004
470904911969674 317 -0.57635498046875 6.1489372253418 0.00337433815002 40004
470936620937935 317 0.14068603515625 -7.46573543548584 0.00001382827759 50004
470968329846334 317 0.4315185546875 0.54731285572052 -0.00292134284973 60004
471000038817856 317 -1.30096435546875 0.30324012041092 0.00810623168945 70004
471031747757934 317 -0.89288330078125 5.44687604904175 0.00603818893433 80004
471063456697934 317 1.50457763671875 -0.24173928797245 -0.00890207290649 90004
470778076238505 318 -0.2225074917078 2.39360165596008 0.00133591145277 4
470809785175205 318 1.32649230957031 -5.90764141082764 -0.00786817073822 10004
470841494118084 318 0.96168518066406 -2.85846495628357 -0.00537919998169 20004
470873203058124 318 1.65777587890625 2.50037479400635 -0.01030838489532 30004
470904911969675 318 -0.004150390625 -9.1979923248291 0 40004
470936620937935 318 0.149658203125 -7.16988182067871 0.00001525878906 50004
470968329846334 318 0.342529296875 0.80683994293213 -0.00291848182678 60004
471000038817856 318 -1.20062255859375 0.70982158184052 0.00812005996704 70004
471031747757934 318 -0.87396240234375 5.69264936447144 0.00602865219116 80004
471063456697934 318 1.40972900390625 0.07951850444078 -0.00889873504639 90004
470778076238505 319 -0.22444711625576 2.79546856880188 0.00133591121994 4
470809785175205 319 1.39971923828125 -5.43721294403076 -0.00899267196655 10004
470841494118084 319 0.97682189941406 -2.67726683616638 -0.0053813457489 20004
470873203058124 319 1.55181884765625 2.89136981964111 -0.01030826568604 30004
470904911969675 319 -0.020751953125 -8.76844215393066 -0.00000095367432 40004
470936620937935 319 0.086669921875 -6.83430290222168 0.00001692771912 50004
470968329846334 319 0.150146484375 1.06260848045349 -0.00087738037109 60004
471000038817856 319 -1.00433349609375 1.1493262052536 0.00701189041138 70004
471031747757934 319 -0.74212646484375 6.05982160568237 0.0048885345459 80004
471063456697934 319 1.1884765625 0.40160626173019 -0.00688982009888 90004
470778076238505 320 -0.14990684390068 3.19038391113281 0.00133591040503 4
470809785175205 320 1.26727294921875 -4.97993946075439 -0.00899291038513 10004
470841494118084 320 0.94898986816406 -2.60142302513123 -0.0053836107254 20004
470873203058124 320 1.35986328125 3.28115177154541 -0.00827884674072 30004
470904911969675 320 0.072998046875 -8.34893226623535 -0.00000190734863 40004
470936620937935 320 0.087158203125 -6.49289512634277 0.00001811981201 50004
470968329846334 320 0.084716796875 1.37554526329041 -0.00087833404541 60004
471000038817856 320 -0.76214599609375 1.56485545635223 0.00590419769287 70004
471031747757934 320 -0.77825927734375 6.44817304611206 0.00488090515137 80004
471063456697934 320 1.1435546875 0.66552037000656 -0.00688028335571 90004
470778076238505 321 -0.15020416676998 3.54380178451538 0.00133591005579 4
470809785175205 321 1.20396423339844 -4.50983858108521 -0.00699025392532 10004
470841494118084 321 0.88801574707031 -2.39299654960632 -0.00538563728333 20004
470873203058124 321 1.304931640625 3.70435905456543 -0.00827884674072 30004
470904911969675 321 0.0433349609375 -7.92604780197144 -0.00000214576721 40004
470936620937935 321 0.0916748046875 -6.15971565246582 0.00001931190491 50004
470968329846334 321 -0.02978515625 1.67272925376892 -0.00087928771973 60004
471000038817856 321 -0.58294677734375 2.00966310501099 0.00479555130005 70004
471031747757935 321 -0.113525390625 -9.06162071228027 -0.00000047683716 80004
471063456697934 321 1.0986328125 1.02245998382568 -0.00686931610107 90004
470778076238505 322 -0.10943359136581 3.8545286655426 0.00133590959013 4
470809785175205 322 1.09494781494141 -4.11781597137451 -0.00699096918106 10004
470841494118084 322 0.86866760253906 -2.13132691383362 -0.00538802146912 20004
470873203058124 322 1.23272705078125 4.06977462768555 -0.00827872753143 30004
470904911969675 322 -0.083251953125 -7.58115434646606 -0.00000238418579 40004
470936620937935 322 0.13323974609375 -5.87246322631836 0.00002217292786 50004
470968329846334 322 -0.1461181640625 1.92728090286255 0.00113272666931 60004
471000038817856 322 -0.44671630859375 2.40816307067871 0.00368595123291 70004
471031747757935 322 -0.189697265625 -8.76459503173828 0.00203704833984 80004
471063456697934 322 1.05859375 1.36183166503906 -0.00686025619507 90004
470778076238505 323 0.01690479367971 4.23357534408569 0.0002128627093 4
470809785175205 323 0.83902740478516 -3.72231721878052 -0.00496536493301 10004
470841494118084 323 0.89350891113281 -1.77225506305695 -0.0053915977478 20004
470873203058124 323 1.0755615234375 4.46997451782227 -0.00627195835114 30004
470904911969675 323 -0.30767822265625 -7.22951555252075 0.00206518173218 40004
470936620937935 323 0.2178955078125 -5.54539680480957 -0.00109839439392 50004
470968329846334 323 -0.26422119140625 2.22062206268311 0.00112628936768 60004
471000038817856 323 -0.28839111328125 2.86235475540161 0.0025782585144 70004
471031747757935 323 -0.171875 -8.41007614135742 0.00203371047974 80004
471063456697934 323 0.9918212890625 1.74258899688721 -0.0068507194519 90004
470778076238505 324 0.03097729943693 4.63520193099976 0.0002128626802 4
470809785175205 324 0.44976806640625 -3.44830131530762 -0.00305038690567 10004
470841494118084 324 0.78120422363281 -1.42639195919037 -0.00539350509644 20004
470873203058124 324 1.0794677734375 4.9044075012207 -0.00627398490906 30004
470904911969675 324 -0.39877319335938 -6.89704942703247 0.00206208229065 40004
470936620937935 324 0.1739501953125 -5.20683479309082 -0.00109696388245 50004
470968329846334 324 -0.26422119140625 2.54041957855225 0.00111865997314 60004
471000038817856 324 -0.0867919921875 3.29984712600708 0.00146055221558 70004
471031747757935 324 -0.02093505859375 -8.08495712280273 0.00090646743774 80004
471063456697934 324 0.7857666015625 2.07456684112549 -0.00477981567383 90004
470778076238505 325 0.04162037745118 5.01180744171143 0.00021286276751 4
470809785175205 325 0.20850372314453 -3.07859873771667 -0.00097292661667 10004
470841494118084 325 0.58866882324219 -1.14772796630859 -0.00337994098663 20004
470873203058124 325 0.93356323242188 5.27990055084229 -0.0062757730484 30004
470904911969675 325 -0.40933227539063 -6.59410905838013 0.00205826759338 40004
470936620937935 325 0.01968383789063 -4.93030834197998 -0.00109553337097 50004
470968329846334 325 -0.36041259765625 2.82150912284851 0.00311923027039 60004
471000038817856 325 -0.06231689453125 3.74623489379883 0.00146341323853 70004
471031747757935 325 0.16461181640625 -7.8051323890686 -0.00021743774414 80004
471063456697934 325 0.6822509765625 2.25464630126953 -0.00477743148804 90004
470778076238505 326 0.0752257630229 5.38642263412476 0.00021286273841 4
470809785175205 326 -0.03839874267578 -2.70787405967712 0.00107461214066 10004
470841494118084 326 0.45053100585938 -0.84403705596924 -0.00338160991669 20004
470873203058124 326 0.856689453125 5.67006492614746 -0.00627708435059 30004
470904911969675 326 -0.31765747070313 -6.25888395309448 0.00205421447754 40004
470936620937935 326 -0.08279418945313 -4.63491630554199 0.0009663105011 50004
470968329846334 326 -0.40374755859375 3.11100244522095 0.00311803817749 60004
471000038817856 326 -0.046630859375 4.19764852523804 0.00034236907959 70004
471031747757935 326 0.28509521484375 -7.49962139129639 -0.00134420394897 80004
471063456697934 326 0.521240234375 2.45991706848145 -0.00270223617554 90004
470778076238505 327 0.09969185292721 5.78341245651245 0.00021286314586 4
470809785175205 327 -0.29523468017578 -2.31136393547058 0.00107359886169 10004
470841494118084 327 0.37875366210938 -0.48822024464607 -0.00338315963745 20004
470873203058124 327 0.8311767578125 6.10072708129883 -0.00627851486206 30004
470904911969675 327 -0.11990356445313 -5.87897062301636 0.0009286403656 40004
470936620937935 327 -0.11087036132813 -4.29582214355469 0.00097298622131 50004
470968329846334 327 -0.35296630859375 3.42101049423218 0.00311517715454 60004
471000038817856 327 -0.04638671875 4.67651700973511 0.0003457069397 70004
471031747757935 327 0.33416748046875 -7.14491176605225 -0.00134515762329 80004
471063456697934 327 0.2938232421875 2.74009609222412 -0.00270414352417 90004
470778076238505 328 0.0246288664639 6.17820644378662 0.00021286339324 4
470809785175205 328 -0.46345520019531 -1.86600136756897 0.00311434268951 10004
470841494118084 328 0.34361267089844 -0.12627518177032 -0.00138378143311 20004
470873203058125 328 0 -9.30537986755371 0 30004
470904911969675 328 0.1251220703125 -5.52620267868042 -0.00019526481628 40004
470936620937935 328 -0.08981323242188 -3.95513153076172 0.00098156929016 50004
470968329846334 328 -0.201171875 3.70306921005249 0.00198101997375 60004
471000038817856 328 -0.14208984375 5.14900541305542 0.00034713745117 70004
471031747757935 328 0.34588623046875 -6.78639125823975 -0.00134611129761 80004
471063456697934 328 0.0965576171875 3.07691478729248 -0.00063562393188 90004
470778076238505 329 0.03332163020968 6.57998561859131 0.00021286348056 4
470809785175205 329 -0.80409240722656 -1.5334780216217 0.00516128540039 10004
470841494118084 329 0.15879821777344 0.186856508255 -0.00138413906097 20004
470873203058125 329 0.1474609375 -8.89438438415527 -0.00000190734863 30004
470904911969675 329 0.2813720703125 -5.12572813034058 -0.00132012367249 40004
470936620937935 329 -0.16549682617188 -3.62214660644531 0.00098609924316 50004
470968329846334 329 -0.1822509765625 4.02239418029785 0.00197052955627 60004
471000038817856 329 -0.42889404296875 5.53676176071167 0.00243854522705 70004
471031747757935 329 0.29803466796875 -6.43093013763428 -0.00134658813477 80004
471063456697934 329 0.0594482421875 3.46563243865967 -0.00063991546631 90004
470778076238506 330 0.13149060308933 -9.00292110443115 0.00000000058208 4
470809785175205 330 -1.22616577148438 -1.33228659629822 0.00721150636673 10004
470841494118084 330 0.04974365234375 0.53048521280289 -0.00138413906097 20004
470873203058125 330 0.20703125 -8.55450248718262 -0.00112318992615 30004
470904911969675 330 0.466552734375 -4.73815107345581 -0.00244402885437 40004
470936620937935 330 -0.33273315429688 -3.3300085067749 0.00300645828247 50004
470968329846334 330 -0.26611328125 4.32479095458984 0.00196194648743 60004
471000038817856 330 -0.55120849609375 5.88109350204468 0.00446557998657 70004
471031747757935 330 0.28240966796875 -6.07304859161377 -0.0013484954834 80004
471063456697934 330 -0.0216064453125 3.84662532806396 -0.00064373016357 90004
470778076238506 331 0.21482327580452 -8.63644886016846 -0.00112304463983 4
470809785175205 331 -1.62838745117188 -1.27127003669739 0.01123923063278 10004
470841494118084 331 -0.02391052246094 0.8400861620903 0.00062155723572 20004
470873203058125 331 0.1895751953125 -8.2359790802002 -0.0011214017868 30004
470904911969675 331 0.58209228515625 -4.3863377571106 -0.00356888771057 40004
470936620937935 331 -0.49423217773438 -3.07901573181152 0.00301074981689 50004
470968329846334 331 -0.31787109375 4.59291553497314 0.00195240974426 60004
471000038817856 331 -0.61895751953125 6.22362565994263 0.00447225570679 70004
471031747757935 331 0.31109619140625 -5.77980422973633 -0.00135087966919 80004
471063456697934 331 -0.1412353515625 4.13314056396484 0.00139045715332 90004
470778076238506 332 0.19403554499149 -8.22651863098145 -0.00112304312643 4
470809785175205 332 -2.06845855712891 -1.3277428150177 0.01333630084991 10004
470841494118084 332 -0.09329223632813 1.17189347743988 0.00062084197998 20004
470873203058125 332 0.0972900390625 -7.83969783782959 -0.00111997127533 30004
470904911969675 332 0.62652587890625 -3.98581576347351 -0.00356984138489 40004
470936620937935 332 -0.64190673828125 -2.7970290184021 0.00506663322449 50004
470968329846334 332 -0.2957763671875 4.89167404174805 0.00193953514099 60004
471000038817856 332 -0.69195556640625 6.66742944717407 0.00447988510132 70004
471031747757935 332 0.3812255859375 -5.49175691604614 -0.00135374069214 80004
471063456697934 332 -0.317138671875 4.38311815261841 0.00139331817627 90004
470778076238506 333 0.0229673255235 -7.82150030136108 -0.00112304231152 4
470809785175205 333 -2.47779083251953 -1.5706946849823 0.0152525305748 10004
470841494118084 333 -0.02078247070313 1.52814042568207 0.0006195306778 20004
470873203058125 333 -0.16232299804688 -7.48871517181396 0.00094187259674 30004
470904911969675 333 0.66070556640625 -3.55730700492859 -0.00357127189636 40004
470936620937935 333 -0.66680908203125 -2.45655202865601 0.00506734848022 50004
470968329846334 333 -0.2137451171875 5.20121383666992 0.00192427635193 60004
471000038817856 333 -0.58843994140625 7.13775110244751 0.00449514389038 70004
471031747757935 333 0.3411865234375 -5.13527345657349 -0.00135612487793 80004
471063456697934 333 -0.451904296875 4.74999284744263 0.00341892242432 90004
470778076238506 334 -0.25374713540077 -7.52448177337646 0.00093234999804 4
470809785175205 334 -2.84131622314453 -1.82888746261597 0.01723009347916 10004
470841494118084 334 0.03767395019531 1.86390292644501 0.00061738491058 20004
470873203058125 334 -0.32376098632813 -7.11566066741943 0.00296688079834 30004
470904911969675 334 0.681396484375 -3.15487337112427 -0.00357270240784 40004
470936620937935 334 -0.58114624023438 -2.15331077575684 0.00394916534424 50004
470968329846334 334 -0.2408447265625 5.49512672424316 0.00191569328308 60004
471000038817856 334 -0.34930419921875 7.51205587387085 0.00226306915283 70004
471031747757935 334 0.21942138671875 -4.82499408721924 -0.00135803222656 80004
471063456697934 334 -0.5775146484375 5.09422397613525 0.00342082977295 90004
470778076238506 335 -0.49167975783348 -7.19989538192749 0.00297067547217 4
470809785175205 335 -3.23657989501953 -2.01237463951111 0.02122396230698 10004
470841494118084 335 0.02503967285156 2.19657516479492 0.00061726570129 20004
470873203058125 335 -0.53485107421875 -6.77629470825195 0.00296592712402 30004
470904911969675 335 0.70394897460938 -2.75253009796143 -0.00357341766357 40004
470936620937935 335 -0.43789672851563 -1.91247844696045 0.00283408164978 50004
470968329846334 335 -0.33197021484375 5.77713203430176 0.00190877914429 60004
471000038817856 335 -0.0697021484375 7.77168226242065 0.00115013122559 70004
471031747757935 335 0.13470458984375 -4.50598907470703 -0.00135850906372 80004
471063456697934 335 -0.65679931640625 5.44823980331421 0.00342416763306 90004
470778076238506 336 -0.67422121763229 -6.80082941055298 0.0050043319352 4
470809785175205 336 -3.70224761962891 -2.06909847259521 0.02328836917877 10004
470841494118084 336 -0.04269409179688 2.54863095283508 0.0006160736084 20004
470873203058125 336 -0.82958984375 -6.45687961578369 0.00500917434692 30004
470904911969675 336 0.73654174804688 -2.32392263412476 -0.00469851493835 40004
470936620937935 336 -0.22921752929688 -1.72871732711792 0.00171995162964 50004
470968329846334 336 -0.4697265625 6.06488037109375 0.00392174720764 60004
471000038817856 336 0.22418212890625 7.9144811630249 -0.00109386444092 70004
471031747757935 336 0.12982177734375 -4.14860582351685 -0.00135850906372 80004
471063456697934 336 -0.70269775390625 5.83062934875488 0.00342845916748 90004
470778076238506 337 -0.87750196456909 -6.47421264648438 0.00500433100387 4
470809785175205 337 -4.10731506347656 -1.97225618362427 0.02739506959915 10004
470841494118084 337 0.0096435546875 2.86242651939392 0.00061595439911 20004
470873203058125 337 -1.03082275390625 -6.13225269317627 0.00702631473541 30004
470904911969675 337 0.77584838867188 -1.94977521896362 -0.00470495223999 40004
470936620937935 337 0.02627563476563 -1.57516741752625 0.00060367584229 50004
470968329846334 337 -0.56884765625 6.32648849487305 0.0039210319519 60004
471000038817856 337 0.44036865234375 7.98391532897949 -0.00221395492554 70004
471031747757935 337 0.18109130859375 -3.83899259567261 -0.00136041641235 80004
471063456697934 337 -0.80950927734375 6.13842010498047 0.00546932220459 90004
470778076238506 338 -0.95734834671021 -6.10412502288818 0.00702337920666 4
470809785175205 338 -4.45036315917969 -1.74803507328033 0.0294543504715 10004
470841494118084 338 -0.04594421386719 3.17066478729248 0.00061500072479 20004
470873203058125 338 -1.15921020507813 -5.77492713928223 0.00702679157257 30004
470904911969675 338 0.8497314453125 -1.58121919631958 -0.00471162796021 40004
470936620937935 338 0.25259399414063 -1.38207387924194 -0.00051546096802 50004
470968329846335 338 0.03155517578125 -8.97778511047363 0 60004
471000038817856 338 0.65789794921875 8.00625228881836 -0.00333404541016 70004
471031747757935 338 0.12628173828125 -3.53503632545471 -0.00136089324951 80004
471063456697934 338 -0.8699951171875 6.40199899673462 0.00547122955322 90004
470778076238506 339 -0.94435489177704 -5.72796487808228 0.00702337548137 4
470809785175205 339 -4.72892761230469 -1.48503792285919 0.02945333719254 10004
470841494118084 339 -0.0819091796875 3.47991347312927 0.00061416625977 20004
470873203058125 339 -1.20883178710938 -5.40455198287964 0.00702798366547 30004
470904911969675 339 0.89871215820313 -1.21102786064148 -0.004718542099 40004
470936620937935 339 0.47579956054688 -1.18375742435455 -0.00275897979736 50004
470968329846335 339 0.11749267578125 -8.57273864746094 -0.00000143051147 60004
471000038817856 339 0.92462158203125 8.01779079437256 -0.00557804107666 70004
471031747757935 339 0.05810546875 -3.22943043708801 -0.00136089324951 80004
471063456697935 339 0.01983642578125 -9.17684364318848 -0.00000286102295 90004
470778076238506 340 -0.8118469119072 -5.30899620056152 0.00590032339096 4
470809785175205 340 -4.94098663330078 -1.16620576381683 0.03148716688156 10004
470841494118084 340 -0.03190612792969 3.83803176879883 0.00061202049255 20004
470873203058125 340 -1.14981079101563 -4.97250366210938 0.00702953338623 30004
470904911969675 340 0.8953857421875 -0.78350937366486 -0.00472617149353 40004
470936620937935 340 0.73370361328125 -0.96281081438065 -0.0038800239563 50004
470968329846335 340 0.29876708984375 -8.13634777069092 -0.00112724304199 60004
471000038817856 340 1.33148193359375 8.02254772186279 -0.00781583786011 70004
471031747757935 340 0.00311279296875 -2.87688374519348 0.00064086914063 80004
471063456697935 340 0.090576171875 -8.76776504516602 -0.00001049041748 90004
470778076238506 341 -0.74561738967896 -4.90211582183838 0.00590031873435 4
470809785175205 341 -5.02235412597656 -0.72737348079681 0.03148680925369 10004
470841494118084 341 -0.12300109863281 4.16666316986084 0.00061166286469 20004
470873203058125 341 -1.17086791992188 -4.56376361846924 0.00703024864197 30004
470904911969675 341 1.0506591796875 -0.41165685653687 -0.00585627555847 40004
470936620937935 341 0.8739013671875 -0.67494988441467 -0.00500345230103 50004
470968329846335 341 0.3125 -7.75613212585449 -0.00112843513489 60004
471000038817856 341 1.748291015625 7.84928417205811 -0.01035261154175 70004
471031747757935 341 -0.17633056640625 -2.59255886077881 0.00063991546631 80004
471063456697935 341 0.259033203125 -8.41571617126465 -0.00114011764526 90004
470778076238506 342 -0.6165224313736 -4.62747478485107 0.00477727130055 4
470809785175205 342 -5.05654907226563 -0.313063621521 0.03349268436432 10004
470841494118084 342 -0.23249816894531 4.46498680114746 0.00061047077179 20004
470873203058125 342 -1.27352905273438 -4.19976806640625 0.00908195972443 30004
470904911969675 342 1.14154052734375 -0.04844969138503 -0.0069842338562 40004
470936620937935 342 0.97451782226563 -0.39448213577271 -0.00612497329712 50004
470968329846335 342 0.27587890625 -7.55885410308838 -0.00112962722778 60004
471000038817856 342 2.06134033203125 7.58078384399414 -0.01259613037109 70004
471031747757935 342 -0.3656005859375 -2.34249782562256 0.00265741348267 80004
471063456697935 342 0.3570556640625 -8.06728172302246 -0.00226879119873 90004
470778076238506 343 -0.47209787368774 -4.3564772605896 0.00365422293544 4
470809785175205 343 -5.0233154296875 0.09412050247192 0.0323691368103 10004
470841494118084 343 -0.34036254882813 4.73114395141602 0.00265777111053 20004
470873203058125 343 -1.37326049804688 -3.83565974235535 0.00908243656158 30004
470904911969675 343 1.2264404296875 0.31685304641724 -0.0069854259491 40004
470936620937935 343 1.08853149414063 -0.12260686606169 -0.00612235069275 50004
470968329846335 343 0.2392578125 -7.36157608032227 -0.00113081932068 60004
471000038817856 343 2.29364013671875 7.2609281539917 -0.01371669769287 70004
471031747757935 343 -0.5291748046875 -2.08123874664307 0.00265598297119 80004
471063456697935 343 0.386474609375 -7.71143341064453 -0.00227546691895 90004
470778076238506 344 -0.34012222290039 -3.93702006340027 0.00253117294051 4
470809785175205 344 -4.8404541015625 0.53368228673935 0.03124463558197 10004
470841494118084 344 -0.43167114257813 4.95284652709961 0.00265562534332 20004
470873203058125 344 -1.38400268554688 -3.39921641349792 0.00908303260803 30004
470904911969675 344 1.3695068359375 0.72187781333923 -0.00810933113098 40004
470936620937935 344 1.29312133789063 0.15007498860359 -0.00723624229431 50004
470968329846335 344 0.25390625 -6.95601272583008 -0.00113224983215 60004
471000038817856 344 2.41473388671875 6.87069225311279 -0.01483583450317 70004
471031747757935 344 -0.6170654296875 -1.73316669464111 0.00466728210449 80004
471063456697935 344 0.291748046875 -7.30624389648438 -0.00227737426758 90004
470778076238506 345 -0.11687390506268 -3.55816626548767 0.00140812527388 4
470809785175205 345 -4.48892974853516 0.85475546121597 0.02899819612503 10004
470841494118084 345 -0.41629028320313 5.28928756713867 0.00265347957611 20004
470873203058125 345 -1.56222534179688 -3.00076365470886 0.00908374786377 30004
470904911969675 345 1.3284912109375 1.14981877803802 -0.0081102848053 40004
470936620937935 345 1.36294555664063 0.48402747511864 -0.0083487033844 50004
470968329846335 345 0.333984375 -6.48407363891602 -0.00113558769226 60004
471000038817856 345 2.35028076171875 6.39277172088623 -0.0148344039917 70004
471031747757935 345 -0.84307861328125 -1.45438098907471 0.00466156005859 80004
471063456697935 345 0.060302734375 -7.01228332519531 -0.00019359588623 90004
470778076238506 346 -0.02939924970269 -3.13518786430359 0.00028507795651 4
470809785175205 346 -4.11934661865234 1.1544725894928 0.02675187587738 10004
470841494118084 346 -0.46940612792969 5.64007949829102 0.00265121459961 20004
470873203058125 346 -1.70965576171875 -2.59034609794617 0.01114583015442 30004
470904911969675 346 1.425537109375 1.56057298183441 -0.00811171531677 40004
470936620937935 346 1.33242797851563 0.81907683610916 -0.00834369659424 50004
470968329846335 346 0.37451171875 -6.02275466918945 -0.00225472450256 60004
471000038817856 346 2.31219482421875 6.09372234344482 -0.01483297348022 70004
471031747757935 346 -0.96466064453125 -1.12363052368164 0.00672817230225 80004
471063456697935 346 -0.068603515625 -6.63490104675293 -0.00019407272339 90004
470778076238506 347 -0.03761872649193 -2.83347320556641 0.00028507784009 4
470809785175205 347 -3.83724212646484 1.45238280296326 0.02562808990479 10004
470841494118084 347 -0.53779602050781 5.95079898834229 0.00264942646027 20004
470873203058125 347 -1.81561279296875 -2.22373843193054 0.01114463806152 30004
470904911969675 347 1.48233032226563 1.92356336116791 -0.0092396736145 40004
470936620937935 347 1.22940063476563 1.09340381622314 -0.00833988189697 50004
470968329846335 347 0.4383544921875 -5.62153720855713 -0.00225043296814 60004
471000038817856 347 2.24444580078125 5.80106067657471 -0.01483201980591 70004
471031747757935 347 -1.02056884765625 -0.81563621759415 0.00672101974487 80004
471063456697935 347 -0.0841064453125 -6.27957630157471 0.00082349777222 90004
470778076238506 348 -0.10077291727066 -2.58541202545166 0.00028507708339 4
470809785175205 348 -3.59786987304688 1.86241745948792 0.02338123321533 10004
470841494118084 348 -0.63638305664063 6.29691791534424 0.0046660900116 20004
470873203058125 348 -1.90667724609375 -1.79736113548279 0.01315677165985 30004
470904911969675 348 1.41964721679688 2.34434461593628 -0.00924324989319 40004
470936620937935 348 1.03036499023438 1.36902379989624 -0.0062882900238 50004
470968329846335 348 0.58251953125 -5.16607093811035 -0.00336813926697 60004
471000038817856 348 2.12872314453125 5.33784770965576 -0.01282787322998 70004
471031747757935 348 -1.04010009765625 -0.4765812754631 0.00671243667603 80004
471063456697935 348 -0.0125732421875 -5.87126445770264 0.00081586837769 90004
470778076238506 349 -0.05855301767588 -2.14771485328674 0.00028507615207 4
470809785175205 349 -3.44293975830078 2.31261706352234 0.02225756645203 10004
470841494118084 349 -0.85952758789063 6.58405017852783 0.00466549396515 20004
470873203058125 349 -1.93792724609375 -1.36189818382263 0.01315498352051 30004
470904911969675 349 1.20172119140625 2.71501111984253 -0.00723671913147 40004
470936620937935 349 0.76443481445313 1.58375120162964 -0.00419449806213 50004
470968329846335 349 0.79931640625 -4.7391300201416 -0.00448346138 60004
471000038817856 349 2.19415283203125 4.86052227020264 -0.0139479637146 70004
471031747757935 349 -0.96392822265625 -0.26469963788986 0.00669527053833 80004
471063456697935 349 -0.0350341796875 -5.45572948455811 0.00081157684326 90004
470778076238506 350 -0.16329717636108 -1.78214526176453 0.00028507551178 4
470809785175205 350 -3.46089935302734 2.72399401664734 0.02225703001022 10004
470841494118085 350 0.1153564453125 -8.99764823913574 -0.00000023841858 20004
470873203058125 350 -1.99310302734375 -0.98404955863953 0.01315367221832 30004
470904911969675 350 1.04248046875 3.05559206008911 -0.00723886489868 40004
470936620937935 350 0.66751098632813 1.74121785163879 -0.00419306755066 50004
470968329846335 350 0.99853515625 -4.4301815032959 -0.00560116767883 60004
471000038817856 350 2.13201904296875 4.4459867477417 -0.01394653320313 70004
471031747757935 350 -0.88848876953125 0.02268125861883 0.00668001174927 80004
471063456697935 350 -0.184326171875 -5.12838554382324 0.00080871582031 90004
470778076238506 351 -0.29878100752831 -1.36401748657227 0.00228969682939 4
470809785175205 351 -3.41289520263672 3.17247080802917 0.02225601673126 10004
470841494118085 351 0.17529296875 -8.57406425476074 -0.00112402439117 20004
470873203058125 351 -2.14935302734375 -0.58742499351501 0.01315236091614 30004
470904911969675 351 0.950439453125 3.46664667129517 -0.00520706176758 40004
470936620937935 351 0.62332153320313 1.92062020301819 -0.00419163703918 50004
470968329846335 351 1.1533203125 -4.02386665344238 -0.00671863555908 60004
471000038817856 351 2.13446044921875 3.97361278533936 -0.01394367218018 70004
471031747757935 351 -0.87823486328125 0.3727605342865 0.00554418563843 80004
471063456697935 351 -0.42059326171875 -4.78902626037598 0.00286960601807 90004
470778076238506 352 -0.4484529197216 -0.9533919095993 0.00228969473392 4
470809785175205 352 -3.23204803466797 3.58520030975342 0.02113205194473 10004
470841494118085 352 0.18829345703125 -8.14384269714355 -0.00112426280975 20004
470873203058125 352 -2.34918212890625 -0.20809850096703 0.01517724990845 30004
470904911969675 352 0.89697265625 3.88543081283569 -0.005211353302 40004
470936620937935 352 0.65542602539063 2.13708591461182 -0.00418925285339 50004
470968329846335 352 1.210205078125 -3.55034923553467 -0.00671339035034 60004
471000038817856 352 2.28045654296875 3.52364730834961 -0.01394033432007 70004
471031747757935 352 -0.93682861328125 0.72631049156189 0.00553560256958 80004
471063456697935 352 -0.68646240234375 -4.46983337402344 0.00487947463989 90004
470778076238506 353 -0.67426216602325 -0.57614916563034 0.00437603890896 4
470809785175205 353 -2.94588470458984 3.96572399139404 0.02000761032104 10004
470841494118085 353 0.34210205078125 -7.73353910446167 -0.00112545490265 20004
470873203058125 353 -2.41705322265625 0.22312204539776 0.01517581939697 30004
470904911969675 353 0.70751953125 4.27122735977173 -0.00521492958069 40004
470936620937935 353 0.79409790039063 2.44904041290283 -0.00418639183044 50004
470968329846335 353 1.197509765625 -3.07185649871826 -0.00670909881592 60004
471000038817856 353 2.56854248046875 3.1385498046875 -0.01618003845215 70004
471031747757935 353 -0.96905517578125 1.08361721038818 0.00552749633789 80004
471063456697935 353 -0.91790771484375 -4.12760925292969 0.00488233566284 90004
470778076238506 354 -0.91144108772278 -0.23906207084656 0.00640540709719 4
470809785175205 354 -2.62351989746094 4.27455806732178 0.01775950193405 10004
470841494118085 354 0.36480712890625 -7.32336139678955 -0.00225079059601 20004
470873203058125 354 -2.4014892578125 0.42796102166176 0.01517474651337 30004
470904911969675 354 0.69927978515625 4.67414522171021 -0.00521802902222 40004
470936620937935 354 0.90982055664063 2.74720191955566 -0.00530791282654 50004
470968329846335 354 1.22943115234375 -2.62415289878845 -0.00783395767212 60004
471000038817856 354 2.6610107421875 2.69643592834473 -0.01616287231445 70004
471031747757935 354 -0.92327880859375 1.41680657863617 0.00551223754883 80004
471063456697935 354 -1.1092529296875 -3.84320712089539 0.00693798065186 90004
470778076238506 355 -1.0388548374176 0.14383254945278 0.00640540383756 4
470809785175205 355 -2.40830230712891 4.65488767623901 0.01551157236099 10004
470841494118085 355 0.27046203613281 -6.93250703811646 -0.0022531747818 20004
470873203058125 355 -2.42742919921875 0.76728147268295 0.01517343521118 30004
470904911969675 355 0.5982666015625 5.05849504470825 -0.00316381454468 40004
470936620937935 355 0.93475341796875 3.05952787399292 -0.00530648231506 50004
470968329846335 355 1.30938720703125 -2.18350887298584 -0.00784063339233 60004
471000038817856 355 2.8006591796875 2.26810026168823 -0.01727724075317 70004
471031747757935 355 -0.92938232421875 1.75103306770325 0.00550127029419 80004
471063456697935 355 -1.21392822265625 -3.4914288520813 0.0069408416748 90004
470778076238506 356 -1.06665134429932 0.49175155162811 0.00640540104359 4
470809785175205 356 -2.23601531982422 4.99404382705688 0.01551020145416 10004
470841494118085 356 0.11090087890625 -6.61986398696899 -0.00020849704742 20004
470873203058125 356 -2.449951171875 1.11974084377289 0.01517248153687 30004
470904911969675 356 0.50302124023438 5.38908243179321 -0.00316429138184 40004
470936620937935 356 0.90283203125 3.31763291358948 -0.00530529022217 50004
470968329846335 356 1.4287109375 -1.82822155952454 -0.00896954536438 60004
471000038817856 356 2.90325927734375 1.89694440364838 -0.01839637756348 70004
471031747757935 356 -0.9501953125 2.04145526885986 0.00549364089966 80004
471063456697935 356 -1.2960205078125 -3.16827845573425 0.00894546508789 90004
470778076238506 357 -0.95706844329834 0.90452647209167 0.00640539312735 4
470809785175205 357 -1.89234924316406 5.32345819473267 0.01326406002045 10004
470841494118085 357 -0.19644165039063 -6.30769968032837 0.00183629989624 20004
470873203058125 357 -2.404052734375 1.55397355556488 0.01517069339752 30004
470904911969675 357 0.51913452148438 5.81864786148071 -0.00316500663757 40004
470936620937935 357 0.80636596679688 3.5585196018219 -0.00530505180359 50004
470968329846335 357 1.69647216796875 -1.48754239082336 -0.0100998878479 60004
471000038817856 357 2.87103271484375 1.41592252254486 -0.01839303970337 70004
471031747757935 357 -0.947265625 2.40017032623291 0.00548601150513 80004
471063456697935 357 -1.51763916015625 -2.81535410881042 0.00894784927368 90004
470778076238506 358 -1.01790320873261 1.30906248092651 0.00640538940206 4
470809785175205 358 -1.72020721435547 5.73239040374756 0.01213997602463 10004
470841494118085 358 -0.50926208496094 -6.04173183441162 0.00395202636719 20004
470873203058125 358 -2.500732421875 1.94973802566528 0.01516962051392 30004
470904911969675 358 0.4552001953125 6.20600461959839 -0.00316548347473 40004
470936620937935 358 0.75164794921875 3.72274732589722 -0.00530505180359 50004
470968329846335 358 1.87677001953125 -1.08048844337463 -0.01122951507568 60004
471000038817856 358 2.66558837890625 1.01628911495209 -0.01631832122803 70004
471031747757935 358 -0.90948486328125 2.73417258262634 0.00547075271606 80004
471063456697935 358 -1.78271484375 -2.53357410430908 0.01104307174683 90004
470778076238506 359 -1.12809872627258 1.73390328884125 0.00640538567677 4
470809785175205 359 -1.44080352783203 6.1047158241272 0.00989359617233 10004
470841494118085 359 -0.75080871582031 -5.68791437149048 0.00395154953003 20004
470873203058125 359 -2.52029418945313 2.24215912818909 0.01718521118164 30004
470904911969676 359 -0.0927734375 -9.10610961914063 -0.00000047683716 40004
470936620937935 359 0.756103515625 3.99307250976563 -0.0053083896637 50004
470968329846335 359 2.12066650390625 -0.67163598537445 -0.01348257064819 60004
471000038817856 359 2.41693115234375 0.60272812843323 -0.01630878448486 70004
471031747757935 359 -0.87689208984375 3.09129691123962 0.00545263290405 80004
471063456697935 359 -1.9752197265625 -2.17628335952759 0.01312208175659 90004
470778076238506 360 -1.18685603141785 2.15980577468872 0.00841744150966 4
470809785175206 360 -0.06573486328125 -9.16437721252441 0 10004
470841494118085 360 -0.99246215820313 -5.33406734466553 0.0060019493103 20004
470873203058125 360 -2.44454956054688 2.53163170814514 0.01606273651123 30004
470904911969676 360 -0.185791015625 -8.77491760253906 0.00201773643494 40004
470936620937935 360 0.7830810546875 4.32748317718506 -0.00531101226807 50004
470968329846335 360 2.37518310546875 -0.2676876783371 -0.01460957527161 60004
471000038817856 360 2.13092041015625 0.21643751859665 -0.01420640945435 70004
471031747757935 360 -0.85455322265625 3.44927954673767 0.00543880462646 80004
471063456697935 360 -2.0816650390625 -1.77568888664246 0.0131311416626 90004
470778076238506 361 -1.12996554374695 2.56808376312256 0.00729440106079 4
470809785175206 361 -0.23142242431641 -8.81255531311035 0.00200074911118 10004
470841494118085 361 -1.30734252929688 -5.07032585144043 0.00800919532776 20004
470873203058125 361 -2.3175048828125 2.92030572891235 0.01494228839874 30004
470904911969676 361 -0.19302368164063 -8.44618034362793 0.00201630592346 40004
470936620937935 361 0.77813720703125 4.64563751220703 -0.00531220436096 50004
470968329846335 361 2.57098388671875 0.13551084697247 -0.01573252677917 60004
471000038817856 361 1.8248291015625 -0.115847222507 -0.01211023330688 70004
471031747757935 361 -0.84857177734375 3.78391432762146 0.00542974472046 80004
471063456697935 361 -2.14605712890625 -1.39296412467957 0.01313924789429 90004
470778076238506 362 -1.06138384342194 2.97458529472351 0.00729439361021 4
470809785175206 362 -0.41647338867188 -8.47044277191162 0.00200074911118 10004
470841494118085 362 -1.6260986328125 -4.81118154525757 0.01004660129547 20004
470873203058125 362 -2.25067138671875 3.32425713539124 0.01493978500366 30004
470904911969676 362 -0.29510498046875 -8.13238334655762 0.00201511383057 40004
470936620937935 362 0.64630126953125 4.93737602233887 -0.00327634811401 50004
470968329846335 362 2.6893310546875 0.56871259212494 -0.01686310768127 60004
471000038817856 362 1.60430908203125 -0.51103127002716 -0.01005172729492 70004
471031747757935 362 -0.96392822265625 4.09965658187866 0.00542163848877 80004
471063456697935 362 -2.355712890625 -1.06355667114258 0.01521873474121 90004
470778076238506 363 -1.05341076850891 3.35761308670044 0.00729438988492 4
470809785175206 363 -0.49900054931641 -8.12203121185303 0.00400668382645 10004
470841494118085 363 -1.91067504882813 -4.55479955673218 0.01208961009979 20004
470873203058125 363 -2.078857421875 3.65749764442444 0.01381385326385 30004
470904911969676 363 -0.2957763671875 -7.83051300048828 0.00201320648193 40004
470936620937935 363 0.54522705078125 5.21807193756104 -0.00327491760254 50004
470968329846335 363 2.6722412109375 0.97928261756897 -0.01687002182007 60004
471000038817856 363 1.3155517578125 -0.79064166545868 -0.00797367095947 70004
471031747757935 363 -0.97576904296875 4.4072527885437 0.00649642944336 80004
471063456697935 363 -2.4586181640625 -0.71976280212402 0.01522541046143 90004
470778076238506 364 -0.99969494342804 3.78419971466064 0.00729438569397 4
470809785175206 364 -0.59897613525391 -7.75908279418945 0.00400602817535 10004
470841494118085 364 -2.16275024414063 -4.24456453323364 0.0141476392746 20004
470873203058125 364 -1.84194946289063 4.02414464950562 0.01268756389618 30004
470904911969676 364 -0.26959228515625 -7.48198223114014 0.0020112991333 40004
470936620937935 364 0.467041015625 5.54840660095215 -0.00327324867249 50004
470968329846335 364 2.56298828125 1.36282420158386 -0.01687669754028 60004
471000038817856 364 0.923095703125 -1.04285609722137 -0.0058765411377 70004
471031747757935 364 -0.90960693359375 4.75665616989136 0.00648021697998 80004
471063456697935 364 -2.51312255859375 -0.30795240402222 0.01523208618164 90004
470778076238506 365 -0.83722394704819 4.16295528411865 0.00617132941261 4
470809785175206 365 -0.75814056396484 -7.48663520812988 0.00400561094284 10004
470841494118085 365 -2.29893493652344 -3.93409729003906 0.0141464471817 20004
470873203058125 365 -1.63040161132813 4.3739447593689 0.01156151294708 30004
470904911969676 365 -0.27978515625 -7.15793657302856 0.00201034545898 40004
470936620937935 365 0.43206787109375 5.86612510681152 -0.00327157974243 50004
470968329846335 365 2.412353515625 1.59769344329834 -0.01485061645508 60004
471000038817856 365 0.52899169921875 -1.24138259887695 -0.00377750396729 70004
471031747757935 365 -0.8011474609375 5.07301950454712 0.00534057617188 80004
471063456697935 365 -2.534423828125 0.08150981366634 0.01723480224609 90004
470778076238506 366 -0.62819343805313 4.54982948303223 0.00504827219993 4
470809785175206 366 -0.81068420410156 -7.07505416870117 0.00601571798325 10004
470841494118085 366 -2.52272033691406 -3.55750560760498 0.01619839668274 20004
470873203058125 366 -1.3421630859375 4.70205450057983 0.00931489467621 30004
470904911969676 366 -0.428955078125 -6.8392186164856 0.00200796127319 40004
470936620937935 366 0.33050537109375 6.1920223236084 -0.0012674331665 50004
470968329846335 366 2.260986328125 2.05192089080811 -0.01485013961792 60004
471000038817856 366 0.30731201171875 -1.50631141662598 -0.00174999237061 70004
471031747757935 366 -0.8294677734375 5.43063974380493 0.00533246994019 80004
471063456697935 366 -2.588134765625 0.49418473243713 0.01722955703735 90004
470778076238506 367 -0.32722786068916 4.822998046875 0.00280217314139 4
470809785175206 367 -0.84776306152344 -6.68787622451782 0.00601470470428 10004
470841494118085 367 -2.75810241699219 -3.22130060195923 0.01828968524933 20004
470873203058125 367 -1.19622802734375 5.07788133621216 0.00819218158722 30004
470904911969676 367 -0.45724487304688 -6.51562118530273 0.00200414657593 40004
470936620937935 367 0.30303955078125 6.50903511047363 -0.00126624107361 50004
470968329846335 367 2.27362060546875 2.49370646476746 -0.01484990119934 60004
471000038817856 367 -0.0616455078125 -1.70919191837311 0.00028705596924 70004
471031747757935 367 -0.78790283203125 5.62369871139526 0.0053186416626 80004
471063456697935 367 -2.76519775390625 0.83511942625046 0.01722288131714 90004
470778076238506 368 -0.0510833747685 5.15171337127686 0.00055607873946 4
470809785175206 368 -0.79498291015625 -6.2862229347229 0.00601279735565 10004
470841494118085 368 -2.97708129882813 -2.84451103210449 0.01828813552856 20004
470873203058125 368 -1.10931396484375 5.50418138504028 0.00819301605225 30004
470904911969676 368 -0.53182983398438 -6.18037033081055 0.00400733947754 40004
470936620937936 368 -0.012939453125 -9.08754539489746 0.00000095367432 50004
470968329846335 368 2.36639404296875 2.96170496940613 -0.01484942436218 60004
471000038817856 368 -0.516845703125 -1.85797560214996 0.0023980140686 70004
471031747757935 368 -0.68646240234375 5.87245512008667 0.00530242919922 80004
471063456697935 368 -3.05181884765625 1.12297403812408 0.01928424835205 90004
470778076238506 369 0.10622412711382 5.5539870262146 -0.00056696787942 4
470809785175206 369 -0.6153564453125 -5.92034816741943 0.00488805770874 10004
470841494118085 369 -3.17488098144531 -2.49086952209473 0.02033293247223 20004
470873203058125 369 -1.03167724609375 5.92034959793091 0.00707066059113 30004
470904911969676 369 -0.64364624023438 -5.85338592529297 0.00400328636169 40004
470936620937936 369 0.0078125 -8.65933036804199 0.00000238418579 50004
470968329846335 369 2.44549560546875 3.42522597312927 -0.01484942436218 60004
471000038817856 369 -0.9912109375 -1.9477287530899 0.00656080245972 70004
471031747757935 369 -0.57757568359375 6.20915937423706 0.0041766166687 80004
471063456697935 369 -3.353271484375 1.35085833072662 0.02130365371704 90004
470778076238506 370 0.12443844228983 5.96582412719727 -0.00056696729735 4
470809785175206 370 -0.34043884277344 -5.64514112472534 0.00264120101929 10004
470841494118085 370 -3.41001892089844 -2.28826332092285 0.0223993062973 20004
470873203058125 370 -0.88473510742188 6.26169109344482 0.00594794750214 30004
470904911969676 370 -0.64410400390625 -5.52358865737915 0.00399923324585 40004
470936620937936 370 0.15841674804688 -8.27884292602539 0.00000524520874 50004
470968329846335 370 2.37408447265625 3.8682553768158 -0.01484942436218 60004
471000038817856 370 -1.43792724609375 -2.02191853523254 0.00866842269897 70004
471031747757935 370 -0.56201171875 6.54506492614746 0.0041766166687 80004
471063456697935 370 -3.49609375 1.5745849609375 0.0233359336853 90004
470778076238506 371 0.08922975510359 6.34868049621582 -0.00056696636602 4
470809785175206 371 -0.20704650878906 -5.30993890762329 0.00151830911636 10004
470841494118085 371 -3.53163146972656 -2.03975987434387 0.02239906787872 20004
470873203058125 371 -0.805908203125 6.62145566940308 0.00594866275787 30004
470904911969676 371 -0.5731201171875 -5.22475385665894 0.00399136543274 40004
470936620937936 371 0.34182739257813 -7.94423961639404 -0.00111532211304 50004
470968329846335 371 2.151123046875 4.21959829330444 -0.01484894752502 60004
471000038817856 371 -1.8145751953125 -2.20948672294617 0.01073932647705 70004
471031747757936 371 0.0269775390625 -8.97897148132324 0 80004
471063456697935 371 -3.55084228515625 1.66752696037292 0.0233359336853 90004
470778076238506 372 0.12734885513783 6.70631313323975 -0.00056696520187 4
470809785175206 372 0.01816558837891 -4.97254657745361 0.00039458274841 10004
470841494118085 372 -3.58551025390625 -1.66680026054382 0.02239918708801 20004
470873203058126 372 0.05685424804688 -9.04928684234619 -0.00000071525574 30004
470904911969676 372 -0.47085571289063 -4.8883261680603 0.00398230552673 40004
470936620937936 372 0.62112426757813 -7.6173996925354 -0.00335931777954 50004
470968329846335 372 1.8023681640625 4.53089570999146 -0.01280665397644 60004
471000038817856 372 -2.17449951171875 -2.35244083404541 0.01482248306274 70004
471031747757936 372 0.06622314453125 -8.60259246826172 -0.00000286102295 80004
471063456697935 372 -3.58123779296875 1.77039861679077 0.0233359336853 90004
470778076238506 373 0.21704897284508 6.92923402786255 -0.00056696345564 4
470809785175206 373 0.23337554931641 -4.74804401397705 -0.0007289648056 10004
470841494118085 373 -3.57563781738281 -1.33885288238525 0.02239918708801 20004
470873203058126 373 0.13949584960938 -8.71027278900146 -0.00000166893005 30004
470904911969676 373 -0.3951416015625 -4.63747930526733 0.00285387039185 40004
470936620937936 373 0.8638916015625 -7.39908981323242 -0.004478931427 50004
470968329846335 373 1.5029296875 4.72433614730835 -0.01066827774048 60004
471000038817856 373 -2.41558837890625 -2.40145683288574 0.01482248306274 70004
471031747757936 373 0.0924072265625 -8.33021926879883 -0.00000476837158 80004
471063456697935 373 -3.58203125 1.86339521408081 0.02333736419678 90004
470778076238506 374 0.48505306243896 7.20532512664795 -0.00281305331737 4
470809785175206 374 0.45236968994141 -4.45853614807129 -0.00185257196426 10004
470841494118085 374 -3.49147033691406 -0.96473872661591 0.02239918708801 20004
470873203058126 374 0.32363891601563 -8.34611225128174 -0.00112366676331 30004
470904911969676 374 -0.428466796875 -4.33148431777954 0.00285029411316 40004
470936620937936 374 1.08193969726563 -7.08613204956055 -0.00672125816345 50004
470968329846335 374 1.26873779296875 5.07089948654175 -0.00863122940063 60004
471000038817856 374 -2.83001708984375 -2.32419872283936 0.01897811889648 70004
471031747757936 374 0.0360107421875 -7.94983768463135 -0.0000057220459 80004
471063456697935 374 -3.48974609375 2.12401437759399 0.02333736419678 90004
470778076238506 375 0.69636297225952 7.34795761108398 -0.00393609795719 4
470809785175206 375 0.57966613769531 -4.12693691253662 -0.00297576189041 10004
470841494118085 375 -3.3154296875 -0.63252514600754 0.02239847183228 20004
470873203058126 375 0.49267578125 -7.9748706817627 -0.00224459171295 30004
470904911969676 375 -0.37664794921875 -4.03484487533569 0.00284457206726 40004
470936620937936 375 1.25643920898438 -6.74898290634155 -0.00783586502075 50004
470968329846335 375 1.0640869140625 5.43540143966675 -0.00660085678101 60004
471000038817856 375 -3.23809814453125 -2.21971726417542 0.02105283737183 70004
471031747757936 375 0.03125 -7.56728172302246 -0.00000715255737 80004
471063456697935 375 -3.37164306640625 2.43471455574036 0.022216796875 90004
470778076238506 376 0.83764094114304 7.40176868438721 -0.00505914073437 4
470809785175206 376 0.64425659179688 -3.7963752746582 -0.00409942865372 10004
470841494118085 376 -3.09989929199219 -0.3492893576622 0.02015006542206 20004
470873203058126 376 0.61700439453125 -7.62182140350342 -0.00336611270905 30004
470904911969676 376 -0.30419921875 -3.76214122772217 0.00284218788147 40004
470936620937936 376 1.39846801757813 -6.42451667785645 -0.00895071029663 50004
470968329846335 376 0.8968505859375 5.78620386123657 -0.00659871101379 60004
471000038817856 376 -3.60162353515625 -2.08583307266235 0.0231032371521 70004
471031747757936 376 0.058837890625 -7.21306180953979 -0.00000810623169 80004
471063456697935 376 -3.270751953125 2.75262117385864 0.02109527587891 90004
470778076238506 377 0.83764094114304 7.40176868438721 -0.00505913374946 4
470809785175206 377 0.67909240722656 -3.40894985198975 -0.0040996670723 10004
470841494118085 377 -2.82337951660156 -0.04566253721714 0.01902520656586 20004
470873203058126 377 0.60281372070313 -7.18480730056763 -0.00336480140686 30004
470904911969676 377 -0.34036254882813 -3.43428945541382 0.00284075737 40004
470936620937936 377 1.57754516601563 -6.0569896697998 -0.01006555557251 50004
470968329846335 377 0.7503662109375 6.21053647994995 -0.00457978248596 60004
471000038817856 377 -3.9412841796875 -1.78652000427246 0.02516174316406 70004
471031747757936 377 0.124755859375 -6.8178973197937 -0.00001096725464 80004
471063456697935 377 -3.2945556640625 3.14205646514893 0.02109622955322 90004
470778076238506 378 0.96966505050659 7.32813835144043 -0.00618217745796 4
470809785175206 378 0.829345703125 -3.08483028411865 -0.00522297620773 10004
470841494118085 378 -2.67823791503906 0.30261495709419 0.01789855957031 20004
470873203058126 378 0.52813720703125 -6.78492116928101 -0.00336372852325 30004
470904911969676 378 -0.44866943359375 -3.20203948020935 0.00283694267273 40004
470936620937936 378 1.61923217773438 -5.68347930908203 -0.01006555557251 50004
470968329846335 378 0.75531005859375 6.62268304824829 -0.00457525253296 60004
471000038817856 378 -4.16363525390625 -1.54945719242096 0.02721738815308 70004
471031747757936 378 0.10235595703125 -6.4388279914856 -0.00001192092896 80004
471063456697935 378 -3.19525146484375 3.4859254360199 0.0210976600647 90004
470778076238506 379 1.09559571743011 7.25590991973877 -0.00618217512965 4
470809785175206 379 0.97183227539063 -2.78241014480591 -0.00522464513779 10004
470841494118085 379 -2.59483337402344 0.64698761701584 0.01677215099335 20004
470873203058126 379 0.4461669921875 -6.41498565673828 -0.00336277484894 30004
470904911969676 379 -0.54086303710938 -2.97823238372803 0.0028338432312 40004
470936620937936 379 1.6466064453125 -5.3312931060791 -0.01006197929382 50004
470968329846335 379 0.8280029296875 6.96493768692017 -0.00457000732422 60004
471000038817856 379 -4.30902099609375 -1.38799285888672 0.02722263336182 70004
471031747757936 379 0.05126953125 -6.08569478988647 -0.00001239776611 80004
471063456697935 379 -3.09033203125 3.80560064315796 0.01997566223145 90004
470778076238506 380 1.16272175312042 7.21098470687866 -0.00730521650985 4
470809785175206 380 1.06626129150391 -2.40505433082581 -0.0063481926918 10004
470841494118085 380 -2.55752563476563 1.05612277984619 0.01676940917969 20004
470873203058126 380 0.35919189453125 -5.98648309707642 -0.00336134433746 30004
470904911969676 380 -0.57656860351563 -2.65035915374756 0.00282979011536 40004
470936620937936 380 1.73175048828125 -4.93106460571289 -0.01005721092224 50004
470968329846335 380 0.99554443359375 7.24423789978027 -0.00568819046021 60004
471000038817856 380 -4.38043212890625 -1.32618403434753 0.02722930908203 70004
471031747757936 380 -0.0311279296875 -5.68201160430908 -0.00001382827759 80004
471063456697935 380 -3.01617431640625 4.18830347061157 0.01997804641724 90004
470778076238506 381 1.36933350563049 7.03237199783325 -0.00842825043947 4
470809785175206 381 1.03402709960938 -2.01888036727905 -0.00634813308716 10004
470841494118085 381 -2.36474609375 1.41063892841339 0.01564431190491 20004
470873203058126 381 0.1534423828125 -5.60205364227295 -0.00133228302002 30004
470904911969676 381 -0.73797607421875 -2.36520719528198 0.00488877296448 40004
470936620937936 381 1.96728515625 -4.59939575195313 -0.01229977607727 50004
470968329846335 381 1.08447265625 7.31688451766968 -0.00680685043335 60004
471000038817856 381 -4.38946533203125 -1.31529259681702 0.02723550796509 70004
471031747757936 381 -0.2659912109375 -5.34605360031128 0.00201940536499 80004
471063456697935 381 -2.79656982421875 4.50768232345581 0.0188512802124 90004
470778076238506 382 1.62119376659393 6.8585638999939 -0.00955127831548 4
470809785175206 382 1.04447174072266 -1.68464267253876 -0.00634825229645 10004
470841494118085 382 -2.26617431640625 1.74181461334229 0.01564407348633 20004
470873203058126 382 -0.08584594726563 -5.31524229049683 0.00078856945038 30004
470904911969676 382 -0.82281494140625 -2.0993595123291 0.00488567352295 40004
470936620937936 382 2.10552978515625 -4.28191375732422 -0.01341986656189 50004
470968329846335 382 1.1177978515625 7.34003877639771 -0.00680232048035 60004
471000038817856 382 -4.38958740234375 -1.20325446128845 0.02724123001099 70004
471031747757936 382 -0.40338134765625 -5.02521991729736 0.00201845169067 80004
471063456697935 382 -2.57568359375 4.76229572296143 0.01659727096558 90004
470778076238506 383 1.95895040035248 6.63007879257202 -0.01179735455662 4
470809785175206 383 1.12326812744141 -1.3080393075943 -0.00634813308716 10004
470841494118085 383 -2.24610900878906 2.14986753463745 0.01451945304871 20004
470873203058126 383 -0.419921875 -5.03443050384521 0.00290632247925 30004
470904911969676 383 -0.86126708984375 -1.77187168598175 0.00488138198853 40004
470936620937936 383 2.1728515625 -3.90329813957214 -0.01341724395752 50004
470968329846335 383 1.1177978515625 7.34003877639771 -0.00679874420166 60004
471000038817856 383 -4.3643798828125 -0.95570945739746 0.02829265594482 70004
471031747757936 383 -0.4979248046875 -4.62512350082397 0.00407743453979 80004
471063456697935 383 -2.30328369140625 5.03984594345093 0.01548767089844 90004
470778076238506 384 2.19059944152832 6.2890682220459 -0.01404344849288 4
470809785175206 384 1.33830261230469 -0.98385906219482 -0.00859522819519 10004
470841494118085 384 -2.33514404296875 2.55085802078247 0.0145183801651 20004
470873203058126 384 -0.7882080078125 -4.79893255233765 0.00491178035736 30004
470904911969676 384 -0.91757202148438 -1.44688093662262 0.00487780570984 40004
470936620937936 384 2.12432861328125 -3.66516089439392 -0.01341533660889 50004
470968329846335 384 1.1177978515625 7.34003877639771 -0.00679516792297 60004
471000038817856 384 -4.1988525390625 -0.6192352771759 0.02718210220337 70004
471031747757936 384 -0.66546630859375 -4.24834108352661 0.00407552719116 80004
471063456697935 384 -2.04327392578125 5.3292670249939 0.01325798034668 90004
470778076238506 385 2.44841289520264 6.00481796264648 -0.01516647543758 4
470809785175206 385 1.52912139892578 -0.67502218484879 -0.0097182393074 10004
470841494118085 385 -2.29521179199219 2.89168620109558 0.01451635360718 20004
470873203058126 385 -1.05056762695313 -4.49266195297241 0.00693535804749 30004
470904911969676 385 -1.00906372070313 -1.18560838699341 0.00690054893494 40004
470936620937936 385 2.01962280273438 -3.42499232292175 -0.01341319084167 50004
470968329846335 385 1.13861083984375 7.32221031188965 -0.00679063796997 60004
471000038817856 385 -4.1600341796875 -0.22056913375854 0.02718877792358 70004
471031747757936 385 -0.858154296875 -3.91632175445557 0.00609397888184 80004
471063456697935 385 -1.91741943359375 5.63089609146118 0.01327323913574 90004
470778076238506 386 2.676185131073 5.67251110076904 -0.0162895116955 4
470809785175206 386 1.66691589355469 -0.3206998705864 -0.00971931219101 10004
470841494118085 386 -2.14808654785156 3.23531937599182 0.01451396942139 20004
470873203058126 386 -1.23843383789063 -4.10897445678711 0.00693619251251 30004
470904911969676 386 -1.06829833984375 -0.8932558298111 0.00689959526062 40004
470936620937936 386 1.93789672851563 -3.10383105278015 -0.01341104507446 50004
470968329846335 386 1.1636962890625 7.29596185684204 -0.00678586959839 60004
471000038817856 386 -4.07574462890625 0.21281282603741 0.02719736099243 70004
471031747757936 386 -1.00811767578125 -3.54271006584167 0.0060863494873 80004
471063456697935 386 -1.75299072265625 5.94609212875366 0.01216602325439 90004
470778076238506 387 2.81256151199341 5.25528573989868 -0.01741251349449 4
470809785175206 387 1.73014831542969 0.08626994490623 -0.01084434986115 10004
470841494118085 387 -1.88697814941406 3.58543515205383 0.01226449012756 20004
470873203058126 387 -1.35092163085938 -3.66136002540588 0.00895488262177 30004
470904911969676 387 -1.049560546875 -0.54199600219727 0.0068986415863 40004
470936620937936 387 1.90478515625 -2.6731059551239 -0.01140236854553 50004
470968329846335 387 1.1864013671875 7.25333070755005 -0.00678157806396 60004
471000038817856 387 -3.8564453125 0.64072597026825 0.02496337890625 70004
471031747757936 387 -1.06475830078125 -3.13553738594055 0.00607681274414 80004
471063456697935 387 -1.494384765625 6.26581048965454 0.00993633270264 90004
470778076238506 388 2.88173365592957 4.82104349136353 -0.01853551156819 4
470809785175206 388 1.92160034179688 0.45446732640266 -0.01196867227554 10004
470841494118085 388 -1.66435241699219 3.9521267414093 0.01113867759705 20004
470873203058126 388 -1.6253662109375 -3.28438401222229 0.01096832752228 30004
470904911969676 388 -1.019287109375 -0.19152018427849 0.00689578056335 40004
470936620937936 388 1.7119140625 -2.28168749809265 -0.01140022277832 50004
470968329846335 388 1.2176513671875 7.12996339797974 -0.00677728652954 60004
471000038817856 388 -3.5810546875 1.03517711162567 0.02385282516479 70004
471031747757936 388 -1.14874267578125 -2.93232464790344 0.00809955596924 80004
471063456697935 388 -1.36846923828125 6.66254663467407 0.00881910324097 90004
470778076238506 389 3.09044194221497 4.47073268890381 -0.01965855248272 4
470809785175206 389 1.96000671386719 0.83731257915497 -0.01196926832199 10004
470841494118085 389 -1.47488403320313 4.31507301330566 0.01001679897308 20004
470873203058126 389 -1.777099609375 -2.87693333625793 0.01096725463867 30004
470904911969676 389 -1.11349487304688 0.12078937143087 0.00689482688904 40004
470936620937936 389 1.61679077148438 -1.88530349731445 -0.01139783859253 50004
470968329846335 389 1.1866455078125 6.81885576248169 -0.0067732334137 60004
471000038817856 389 -3.36810302734375 1.43227803707123 0.02274179458618 70004
471031747757936 389 -1.412353515625 -2.65527319908142 0.00809144973755 80004
471063456697936 389 0.041259765625 -8.96895408630371 -0.00000667572021 90004
470778076238506 390 3.22842931747437 4.1213526725769 -0.02078159153461 4
470809785175206 390 1.90457153320313 1.18883728981018 -0.01196944713593 10004
470841494118085 390 -1.29246520996094 4.65204334259033 0.00889241695404 20004
470873203058126 390 -1.87515258789063 -2.4818708896637 0.01298725605011 30004
470904911969676 390 -1.15301513671875 0.41869953274727 0.00689387321472 40004
470936620937936 390 1.46490478515625 -1.54477918148041 -0.00936317443848 50004
470968329846335 390 1.15972900390625 6.45038604736328 -0.00677061080933 60004
471000038817856 390 -3.26385498046875 1.83028531074524 0.02162790298462 70004
471031747757936 390 -1.6632080078125 -2.36604595184326 0.01015663146973 80004
471063456697936 390 0.03271484375 -8.60793781280518 -0.0000114440918 90004
470778076238506 391 3.26953077316284 3.71567440032959 -0.02078154869378 4
470809785175206 391 1.76766204833984 1.55288279056549 -0.01196950674057 10004
470841494118085 391 -1.11045837402344 5.01530933380127 0.00776755809784 20004
470873203058126 391 -1.924560546875 -2.052241563797 0.01298558712006 30004
470904911969676 391 -1.14349365234375 0.74476909637451 0.00689244270325 40004
470936620937936 391 1.2427978515625 -1.206378698349 -0.00734043121338 50004
470968329846335 391 1.1314697265625 6.00340604782104 -0.00676870346069 60004
471000038817856 391 -3.23590087890625 2.28055429458618 0.02163648605347 70004
471031747757936 391 -1.888671875 -2.02681279182434 0.01218223571777 80004
471063456697936 391 -0.0426025390625 -8.22501945495605 -0.00001430511475 90004
470778076238506 392 3.15626382827759 3.31933283805847 -0.02078152634203 4
470809785175206 392 1.62157440185547 1.9133563041687 -0.00994008779526 10004
470841494118085 392 -1.075439453125 5.42461442947388 0.00776541233063 20004
470873203058126 392 -1.81008911132813 -1.63021039962769 0.01185941696167 30004
470904911969676 392 -1.25656127929688 1.05457675457001 0.00893807411194 40004
470936620937936 392 1.160400390625 -0.80546760559082 -0.00733542442322 50004
470968329846335 392 1.0325927734375 5.5656623840332 -0.00676608085632 60004
471000038817856 392 -3.1416015625 2.7223641872406 0.02052021026611 70004
471031747757936 392 -1.97381591796875 -1.62371075153351 0.01217985153198 80004
471063456697936 392 -0.1790771484375 -7.85837936401367 0.00203704833984 90004
470778076238506 393 2.93552279472351 3.01176595687866 -0.01877472922206 4
470809785175206 393 1.46847534179688 2.24236488342285 -0.00994026660919 10004
470841494118085 393 -0.93775939941406 5.77792024612427 0.0066385269165 20004
470873203058126 393 -1.82916259765625 -1.30368661880493 0.0118579864502 30004
470904911969676 393 -1.25836181640625 1.35749006271362 0.00893592834473 40004
470936620937936 393 1.10531616210938 -0.42766436934471 -0.00733089447021 50004
470968329846335 393 0.81744384765625 5.21328258514404 -0.00466561317444 60004
471000038817856 393 -3.0567626953125 3.13552784919739 0.02052021026611 70004
471031747757936 393 -2.03179931640625 -1.24378561973572 0.01217794418335 80004
471063456697936 393 -0.36566162109375 -7.5460901260376 0.00203943252563 90004
470778076238506 394 2.67309045791626 2.78018975257874 -0.01675751432776 4
470809785175206 394 1.28677368164063 2.51819252967834 -0.00793439149857 10004
470841494118085 394 -0.822998046875 6.1092529296875 0.00551521778107 20004
470873203058126 394 -1.83676147460938 -1.00677216053009 0.0118567943573 30004
470904911969676 394 -1.245361328125 1.64173293113709 0.00893354415894 40004
470936620937936 394 1.0496826171875 -0.07769541442394 -0.00732636451721 50004
470968329846335 394 0.6016845703125 4.89073944091797 -0.00466299057007 60004
471000038817856 394 -2.93115234375 3.49817562103271 0.01939678192139 70004
471031747757936 394 -2.0328369140625 -0.89394730329514 0.01419353485107 80004
471063456697936 394 -0.561767578125 -7.26955223083496 0.00404357910156 90004
470778076238506 395 2.29672169685364 2.61220955848694 -0.0146571341902 4
470809785175206 395 0.98555755615234 2.76427578926086 -0.00592160224915 10004
470841494118085 395 -0.79301452636719 6.51890850067139 0.00551664829254 20004
470873203058126 395 -1.73651123046875 -0.63620352745056 0.01185417175293 30004
470904911969676 395 -1.26046752929688 1.9683598279953 0.00893211364746 40004
470936620937936 395 0.95956420898438 0.32153189182281 -0.00531411170959 50004
470968329846335 395 0.39202880859375 4.49375104904175 -0.00266051292419 60004
471000038817856 395 -2.6619873046875 3.86155414581299 0.01714992523193 70004
471031747757936 395 -1.91107177734375 -0.50037515163422 0.01306581497192 80004
471063456697936 395 -0.8089599609375 -6.96571159362793 0.00604581832886 90004
470778076238506 396 1.91448390483856 2.60692501068115 -0.01280199922621 4
470809785175206 396 0.81911468505859 3.08430576324463 -0.00592201948166 10004
470841494118086 396 0.053955078125 -9.03053379058838 -0.00000047683716 20004
470873203058126 396 -1.64810180664063 -0.24152094125748 0.0107284784317 30004
470904911969676 396 -1.15277099609375 2.25444912910461 0.00780630111694 40004
470936620937936 396 0.74752807617188 0.63688188791275 -0.00531435012817 50004
470968329846335 396 0.2510986328125 4.09974098205566 -0.00265789031982 60004
471000038817856 396 -2.5535888671875 4.26688051223755 0.01714992523193 70004
471031747757936 396 -1.95135498046875 -0.12041250616312 0.01306247711182 80004
471063456697936 396 -0.99920654296875 -6.65399646759033 0.00604820251465 90004
470778076238506 397 1.49982404708862 2.71831345558167 -0.00887625198811 4
470809785175206 397 0.72003936767578 3.480299949646 -0.00389760732651 10004
470841494118086 397 0.16197204589844 -8.70543670654297 -0.00000309944153 20004
470873203058126 397 -1.66094970703125 0.21380563080311 0.01072657108307 30004
470904911969676 397 -1.01101684570313 2.57635140419006 0.00668001174927 40004
470936620937936 397 0.52130126953125 1.00904309749603 -0.00325918197632 50004
470968329846335 397 0.11297607421875 3.64183640480042 -0.00061273574829 60004
471000038817856 397 -2.3367919921875 4.684730052948 0.01602697372437 70004
471031747757936 397 -2.0059814453125 0.31557604670525 0.01306009292603 80004
471063456697936 397 -1.187255859375 -6.2820725440979 0.00811529159546 90004
470778076238506 398 1.15881240367889 2.93592739105225 -0.00685468455777 4
470809785175206 398 0.71307373046875 3.8666820526123 -0.0038977265358 10004
470841494118086 398 0.27838134765625 -8.40511512756348 -0.00112819671631 20004
470873203058126 398 -1.70529174804688 0.64066535234451 0.01072490215302 30004
470904911969676 398 -0.9095458984375 2.87355208396912 0.00667834281921 40004
470936620937936 398 0.37457275390625 1.38284242153168 -0.00325751304626 50004
470968329846335 398 -0.0396728515625 3.24398326873779 -0.00061321258545 60004
471000038817856 398 -2.034423828125 5.01635265350342 0.01378107070923 70004
471031747757936 398 -2.0062255859375 0.71992528438568 0.01305532455444 80004
471063456697936 398 -1.381103515625 -5.95036697387695 0.00811815261841 90004
470778076238506 399 0.88183915615082 3.27735114097595 -0.00484783481807 4
470809785175206 399 0.78424072265625 4.27546787261963 -0.00502127408981 10004
470841494118086 399 0.35801696777344 -8.06966590881348 -0.00225245952606 20004
470873203058126 399 -1.60470581054688 1.09602308273315 0.01072227954865 30004
470904911969676 399 -0.9105224609375 3.1844117641449 0.00667667388916 40004
470936620937936 399 0.35162353515625 1.8186753988266 -0.00325608253479 50004
470968329846335 399 -0.30865478515625 2.92366313934326 0.0014111995697 60004
471000038817856 399 -1.6483154296875 5.30326366424561 0.01139831542969 70004
471031747757936 399 -1.8675537109375 1.13699436187744 0.01304960250854 80004
471063456697936 399 -1.69378662109375 -5.67457962036133 0.01021814346313 90004
470778076238506 400 0.7750825881958 3.70390033721924 -0.00484783574939 4
470809785175206 400 0.73016357421875 4.47571659088135 -0.00502187013626 10004
470841494118086 400 0.42222595214844 -7.73084449768066 -0.00225603580475 20004
470873203058126 400 -1.3863525390625 1.50784254074097 0.00960052013397 30004
470904911969676 400 -0.7625732421875 3.50366377830505 0.00554990768433 40004
470936620937936 400 0.41949462890625 2.2497935295105 -0.00217580795288 50004
470968329846335 400 -0.597412109375 2.54191875457764 0.00350737571716 60004
471000038817856 400 -1.3441162109375 5.67690563201904 0.00915384292603 70004
471031747757936 400 -1.7415771484375 1.55787372589111 0.01192092895508 80004
471063456697936 400 -1.88311767578125 -5.3022575378418 0.01223802566528 90004
470778076238506 401 0.55798810720444 4.04525375366211 -0.00276240915991 4
470809785175206 401 0.72545623779297 4.72030258178711 -0.00502240657806 10004
470841494118086 401 0.57258605957031 -7.45070266723633 -0.00338280200958 20004
470873203058126 401 -1.29876708984375 1.92973756790161 0.00847816467285 30004
470904911969676 401 -0.72625732421875 3.82532811164856 0.00554823875427 40004
470936620937936 401 0.42874145507813 2.6575334072113 -0.00217437744141 50004
470968329846335 401 -0.81805419921875 2.15279030799866 0.00551557540894 60004
471000038817856 401 -1.02685546875 5.99651575088501 0.00691795349121 70004
471031747757936 401 -1.5081787109375 1.88863098621368 0.01078462600708 80004
471063456697936 401 -1.9754638671875 -4.95256042480469 0.01224613189697 90004
470778076238506 402 0.37528613209724 4.34474229812622 -0.00276240869425 4
470809785175206 402 0.73922729492188 5.00896024703979 -0.00502324104309 10004
470841494118086 402 0.69966125488281 -7.18452978134155 -0.00338470935822 20004
470873203058126 402 -1.21478271484375 2.28603100776672 0.00847911834717 30004
470904911969676 402 -0.7017822265625 4.1302375793457 0.00554609298706 40004
470936620937936 402 0.3616943359375 3.02506279945374 -0.00217247009277 50004
470968329846335 402 -1.05694580078125 1.82002723217011 0.00759792327881 60004
471000038817856 402 -0.7738037109375 6.32130861282349 0.00580835342407 70004
471031747757936 402 -1.2529296875 2.1771879196167 0.00852394104004 80004
471063456697936 402 -2.0198974609375 -4.61284685134888 0.01225423812866 90004
470778076238506 403 0.27732020616531 4.68834352493286 -0.00276240846142 4
470809785175206 403 0.75461578369141 5.42303895950317 -0.00502449274063 10004
470841494118086 403 0.75946044921875 -6.84523868560791 -0.00451147556305 20004
470873203058126 403 -1.04141235351563 2.59305763244629 0.00735676288605 30004
470904911969676 403 -0.63092041015625 4.47285223007202 0.00441598892212 40004
470936620937936 403 0.17880249023438 3.41865372657776 -0.00217151641846 50004
470968329846335 403 -1.4322509765625 1.53722584247589 0.00971603393555 60004
471000038817857 403 0.0093994140625 -9.28518486022949 0 70004
471031747757936 403 -0.97503662109375 2.51388192176819 0.00738286972046 80004
471063456697936 403 -2.05010986328125 -4.19855117797852 0.01226282119751 90004
470778076238506 404 0.00033929757774 5.02977657318115 -0.00073170673568 4
470809785175206 404 0.68589019775391 5.83221101760864 -0.00502508878708 10004
470841494118086 404 0.86663818359375 -6.51755619049072 -0.00451552867889 20004
470873203058126 404 -1.00674438476563 2.92904853820801 0.00735747814178 30004
470904911969676 404 -0.70263671875 4.81720495223999 0.00441145896912 40004
470936620937936 404 0.16757202148438 3.85495972633362 -0.00016665458679 50004
470968329846335 404 -1.80010986328125 1.45090878009796 0.01179504394531 60004
471000038817857 404 0.1597900390625 -8.96206474304199 0.00000286102295 70004
471031747757936 404 -0.84027099609375 2.90769982337952 0.00624179840088 80004
471063456697936 404 -2.16729736328125 -3.79803848266602 0.01429414749146 90004
470778076238506 405 -0.09387578815222 5.26279258728027 0.00127520121168 4
470809785175206 405 0.57415008544922 6.20398235321045 -0.00302016735077 10004
470841494118086 405 0.94496154785156 -6.20419692993164 -0.00563895702362 20004
470873203058126 405 -0.976806640625 3.34104871749878 0.0073584318161 30004
470904911969676 405 -0.65603637695313 5.13864517211914 0.00440406799316 40004
470936620937936 405 0.01971435546875 4.22982692718506 -0.00016570091248 50004
470968329846335 405 -2.227294921875 1.45786571502686 0.01394200325012 60004
471000038817857 405 0.18798828125 -8.63408851623535 -0.00112009048462 70004
471031747757936 405 -0.85015869140625 3.30922794342041 0.00623035430908 80004
471063456697936 405 -2.15557861328125 -3.41206073760986 0.01430892944336 90004
470778076238506 406 -0.18546158075333 5.58597278594971 0.0012751998147 4
470809785175207 406 0.01739501953125 -9.0807933807373 -0.00000023841858 10004
470841494118086 406 1.00843811035156 -5.86564254760742 -0.00563895702362 20004
470873203058126 406 -0.960205078125 3.80690717697144 0.00623595714569 30004
470904911969676 406 -0.65072631835938 5.48225021362305 0.00439715385437 40004
470936620937936 406 -0.11309814453125 4.64048290252686 -0.00016403198242 50004
470968329846335 406 -2.676025390625 1.58821296691895 0.01605629920959 60004
471000038817857 406 0.1181640625 -8.29172706604004 -0.0011191368103 70004
471031747757936 406 -0.80230712890625 3.73559856414795 0.00621652603149 80004
471063456697936 406 -2.11407470703125 -2.99723148345947 0.01432657241821 90004
470778076238506 407 -0.32250040769577 6.00331974029541 0.00127519853413 4
470809785175207 407 0.02896118164063 -8.63223075866699 -0.00000029802322 10004
470841494118086 407 1.04927062988281 -5.52362823486328 -0.00563967227936 20004
470873203058126 407 -0.9090576171875 4.26217651367188 0.00623631477356 30004
470904911969676 407 -0.74948120117188 5.81571769714355 0.00439286231995 40004
470936620937936 407 -0.224365234375 5.05614757537842 0.00184607505798 50004
470968329846335 407 -3.078857421875 1.84171152114868 0.02020525932312 60004
471000038817857 407 0.010009765625 -7.95650768280029 -0.00111818313599 70004
471031747757936 407 -0.70782470703125 4.15669727325439 0.00508451461792 80004
471063456697936 407 -2.08892822265625 -2.58164405822754 0.01434230804443 90004
470778076238506 408 -0.47985380887985 6.38430595397949 0.00328997010365 4
470809785175207 408 -0.0255126953125 -8.21341991424561 -0.00000041723251 10004
470841494118086 408 1.06369018554688 -5.2007474899292 -0.00676262378693 20004
470873203058126 408 -0.722412109375 4.65773439407349 0.00511157512665 30004
470904911969676 408 -0.92205810546875 6.09672021865845 0.00643587112427 40004
470936620937936 408 -0.4404296875 5.40392637252808 0.00185012817383 50004
470968329846335 408 -3.407958984375 2.14590883255005 0.02232384681702 60004
471000038817857 408 -0.0028076171875 -7.62250471115112 0.00088453292847 70004
471031747757936 408 -0.75213623046875 4.56630992889404 0.00507831573486 80004
471063456697936 408 -2.10174560546875 -2.19079971313477 0.01435041427612 90004
470778076238507 409 -0.00951377488673 -9.05652236938477 0 4
470809785175207 409 -0.24036407470703 -7.85276889801025 0.00200462341309 10004
470841494118086 409 1.20414733886719 -4.91178607940674 -0.00676274299622 20004
470873203058126 409 -0.70779418945313 5.09219169616699 0.00510883331299 30004
470904911969676 409 -0.96859741210938 6.42124843597412 0.00643444061279 40004
470936620937936 409 -0.50039672851563 5.80631923675537 0.00387597084045 50004
470968329846335 409 -3.5888671875 2.55363750457764 0.02232146263123 60004
471000038817857 409 -0.143798828125 -7.32601261138916 0.00088596343994 70004
471031747757936 409 -0.63165283203125 4.95746421813965 0.00507164001465 80004
471063456697936 409 -2.00091552734375 -1.81469774246216 0.01324367523193 90004
470778076238507 410 0.04447088390589 -8.80064964294434 0.00000000005821 4
470809785175207 410 -0.43239593505859 -7.47799110412598 0.00200444459915 10004
470841494118086 410 1.35386657714844 -4.62543201446533 -0.00788724422455 20004
470873203058126 410 -0.59463500976563 5.5044207572937 0.00398242473602 30004
470904911969677 410 0.08322143554688 -9.12714385986328 -0.00000047683716 40004
470936620937936 410 -0.64959716796875 6.17750406265259 0.0038800239563 50004
470968329846335 410 -3.64434814453125 2.98864603042603 0.02434492111206 60004
471000038817857 410 -0.2818603515625 -7.02370691299438 0.00088834762573 70004
471031747757936 410 -0.54705810546875 5.3583722114563 0.00394344329834 80004
471063456697936 410 -1.88427734375 -1.4421135187149 0.01213645935059 90004
470778076238507 411 0.16179373860359 -8.56430053710938 0.00000000104774 4
470809785175207 411 -0.55368041992188 -7.08161163330078 0.00401747226715 10004
470841494118086 411 1.46774291992188 -4.32943534851074 -0.00901031494141 20004
470873203058126 411 -0.43331909179688 5.90854644775391 0.00285875797272 30004
470904911969677 411 0.2381591796875 -8.84688758850098 -0.0011248588562 40004
470936620937937 411 -0.0447998046875 -9.20939826965332 0.00000047683716 50004
470968329846335 411 -3.60107421875 3.37036180496216 0.02321767807007 60004
471000038817857 411 -0.392822265625 -6.75584506988525 0.00293064117432 70004
471031747757936 411 -0.52960205078125 5.76555919647217 0.00393915176392 80004
471063456697936 411 -1.80718994140625 -1.06649470329285 0.01215076446533 90004
470778076238507 412 0.34725350141525 -8.34836864471436 -0.00112304417416 4
470809785175207 412 -0.54269409179688 -6.63123321533203 0.0040168762207 10004
470841494118086 412 1.48361206054688 -3.98505997657776 -0.00901031494141 20004
470873203058127 412 0 -9.30537986755371 0 30004
470904911969677 412 0.4510498046875 -8.59723854064941 -0.0022497177124 40004
470936620937937 412 -0.22415161132813 -8.82547187805176 0.00202608108521 50004
470968329846335 412 -3.48974609375 3.58231401443481 0.0232105255127 60004
471000038817857 412 -0.453369140625 -6.58776950836182 0.00293827056885 70004
471031747757936 412 -0.61553955078125 6.19665813446045 0.00393629074097 80004
471063456697936 412 -1.85601806640625 -0.65211260318756 0.01215934753418 90004
470778076238507 413 0.59570640325546 -8.20943450927734 -0.0033691287972 4
470809785175207 413 -0.72312927246094 -6.21846199035645 0.0040163397789 10004
470841494118086 413 1.63835144042969 -3.67715668678284 -0.01013445854187 20004
470873203058127 413 -0.05859375 -8.88362693786621 -0.00000047683716 30004
470904911969677 413 0.5438232421875 -8.26021766662598 -0.00337409973145 40004
470936620937937 413 -0.22463989257813 -8.40185737609863 0.00203061103821 50004
470968329846335 413 -3.22491455078125 3.98092317581177 0.02095866203308 60004
471000038817857 413 -0.427001953125 -6.29329013824463 0.00295352935791 70004
471031747757936 413 -0.87567138671875 6.55137920379639 0.00595140457153 80004
471063456697936 413 -1.72906494140625 -0.25530558824539 0.01217651367188 90004
470778076238507 414 0.85077619552612 -8.08334827423096 -0.00449216552079 4
470809785175207 414 -0.90380096435547 -5.80581665039063 0.00603526830673 10004
470841494118086 414 1.68498229980469 -3.34173893928528 -0.01013660430908 20004
470873203058127 414 -0.13153076171875 -8.46422004699707 -0.00000286102295 30004
470904911969677 414 0.72537231445313 -7.99027013778687 -0.00449991226196 40004
470936620937937 414 -0.19912719726563 -7.9793529510498 0.0020387172699 50004
470968329846335 414 -2.85211181640625 4.26751947402954 0.0185649394989 60004
471000038817857 414 -0.476806640625 -5.95809268951416 0.00296306610107 70004
471031747757937 414 0.078369140625 -9.13775825500488 -0.00000095367432 80004
471063456697936 414 -1.56549072265625 0.12694627046585 0.01107120513916 90004
470778076238507 415 1.08435881137848 -8.00288391113281 -0.00673825480044 4
470809785175207 415 -0.99021911621094 -5.43062400817871 0.0060338973999 10004
470841494118086 415 1.68199157714844 -3.04542756080627 -0.01013791561127 20004
470873203058127 415 -0.21652221679688 -8.10204315185547 0.00200819969177 30004
470904911969677 415 0.8856201171875 -7.7470440864563 -0.00562930107117 40004
470936620937937 415 -0.23715209960938 -7.61920642852783 0.00204467773438 50004
470968329846335 415 -2.54876708984375 4.54162645339966 0.01744341850281 60004
471000038817857 415 -0.485107421875 -5.65345668792725 0.00297260284424 70004
471031747757937 415 0.2152099609375 -8.90876007080078 -0.00112581253052 80004
471063456697936 415 -1.4156494140625 0.45967221260071 0.00995540618896 90004
470778076238507 416 1.35881698131561 -7.93748617172241 -0.00786128640175 4
470809785175207 416 -0.99758911132813 -4.98271083831787 0.00603240728378 10004
470841494118086 416 1.64201354980469 -2.7182891368866 -0.01013970375061 20004
470873203058127 416 -0.34475708007813 -7.69627285003662 0.00200748443604 30004
470904911969677 416 1.01507568359375 -7.42481184005737 -0.0056369304657 40004
470936620937937 416 -0.36959838867188 -7.24515438079834 0.00204944610596 50004
470968329846335 416 -2.26617431640625 4.92156362533569 0.01519989967346 60004
471000038817857 416 -0.3895263671875 -5.31443691253662 0.00298833847046 70004
471031747757937 416 0.427001953125 -8.58915710449219 -0.00225257873535 80004
471063456697936 416 -1.27569580078125 0.84783726930618 0.00883626937866 90004
470778076238507 417 1.58076953887939 -7.78933334350586 -0.01010735798627 4
470809785175207 417 -1.12174224853516 -4.5790753364563 0.0080606341362 10004
470841494118086 417 1.48637390136719 -2.43507647514343 -0.01014113426208 20004
470873203058127 417 -0.49896240234375 -7.32812356948853 0.00402414798737 30004
470904911969677 417 1.04110717773438 -7.0980544090271 -0.00564479827881 40004
470936620937937 417 -0.3984375 -7.04865217208862 0.00205397605896 50004
470968329846335 417 -1.88348388671875 5.15524482727051 0.01295614242554 60004
471000038817857 417 -0.18536376953125 -5.05117988586426 0.00187921524048 70004
471031747757937 417 0.5350341796875 -8.24401760101318 -0.00337743759155 80004
471063456697936 417 -1.28973388671875 1.23862588405609 0.00883865356445 90004
470778076238507 418 1.77964234352112 -7.61234426498413 -0.01123039238155 4
470809785175207 418 -1.31282806396484 -4.20423078536987 0.00805997848511 10004
470841494118086 418 1.28237915039063 -2.18616795539856 -0.00805938243866 20004
470873203058127 418 -0.70004272460938 -6.98431587219238 0.0040237903595 30004
470904911969677 418 0.95462036132813 -6.78706693649292 -0.00564980506897 40004
470936620937937 418 -0.53152465820313 -6.71821975708008 0.00409412384033 50004
470968329846335 418 -1.48095703125 5.35454225540161 0.00958323478699 60004
471000038817857 418 -0.08514404296875 -4.73802661895752 0.00076532363892 70004
471031747757937 418 0.639404296875 -7.89776563644409 -0.0033802986145 80004
471063456697936 418 -1.31536865234375 1.62884974479675 0.00884103775024 90004
470778076238507 419 1.93444585800171 -7.38156032562256 -0.01235343702137 4
470809785175207 419 -1.44123077392578 -3.78360939025879 0.01011127233505 10004
470841494118086 419 1.04843139648438 -1.93312191963196 -0.00600099563599 20004
470873203058127 419 -0.84042358398438 -6.59297752380371 0.00609087944031 30004
470904911969677 419 0.90237426757813 -6.44872999191284 -0.00565266609192 40004
470936620937937 419 -0.611572265625 -6.31238555908203 0.00409817695618 50004
470968329846335 419 -1.080078125 5.61009645462036 0.00733113288879 60004
471000038817857 419 -0.04022216796875 -4.38616275787354 0.00076627731323 70004
471031747757937 419 0.718017578125 -7.52152585983276 -0.0045051574707 80004
471063456697936 419 -1.25616455078125 2.03160166740417 0.00884437561035 90004
470778076238507 420 2.04737329483032 -7.14261484146118 -0.01235341932625 4
470809785175207 420 -1.45034027099609 -3.37534141540527 0.01011091470718 10004
470841494118086 420 0.85997009277344 -1.71514940261841 -0.00600099563599 20004
470873203058127 420 -0.86981201171875 -6.19705057144165 0.00609147548676 30004
470904911969677 420 0.92681884765625 -6.12222003936768 -0.00565600395203 40004
470936620937937 420 -0.6229248046875 -5.91754579544067 0.00410270690918 50004
470968329846335 420 -0.7237548828125 5.87228345870972 0.00508236885071 60004
471000038817857 420 -0.048095703125 -4.0537576675415 0.00076770782471 70004
471031747757937 420 0.77825927734375 -7.16659879684448 -0.00450611114502 80004
471063456697936 420 -1.11822509765625 2.3970959186554 0.00772428512573 90004
470778076238507 421 2.23511791229248 -6.9286584854126 -0.01347644627094 4
470809785175207 421 -1.35829925537109 -2.99444150924683 0.0089864730835 10004
470841494118086 421 0.80503845214844 -1.55181550979614 -0.00600039958954 20004
470873203058127 421 -0.81170654296875 -5.77519845962524 0.00609266757965 30004
470904911969677 421 0.98492431640625 -5.77747058868408 -0.00566339492798 40004
470936620937937 421 -0.72210693359375 -5.50570344924927 0.00410437583923 50004
470968329846335 421 -0.2882080078125 6.03984022140503 0.00268745422363 60004
471000038817857 421 -0.129150390625 -3.70649814605713 0.00076913833618 70004
471031747757937 421 0.91204833984375 -6.80502653121948 -0.00563144683838 80004
471063456697936 421 -0.97662353515625 2.78873562812805 0.00660705566406 90004
470778076238507 422 2.4671950340271 -6.79916381835938 -0.01572252251208 4
470809785175207 422 -1.31633758544922 -2.57809615135193 0.00898456573486 10004
470841494118086 422 0.71987915039063 -1.38370013237 -0.00399482250214 20004
470873203058127 422 -0.91830444335938 -5.39286327362061 0.00609302520752 30004
470904911969677 422 1.161865234375 -5.50403547286987 -0.00679159164429 40004
470936620937937 422 -0.76162719726563 -5.11079597473145 0.00410580635071 50004
470968329846335 422 0.12384033203125 6.21660470962524 0.00029063224792 60004
471000038817857 422 -0.21282958984375 -3.38291168212891 0.00077104568481 70004
471031747757937 422 0.8973388671875 -6.50110673904419 -0.00563287734985 80004
471063456697936 422 -0.9993896484375 3.17685961723328 0.00660705566406 90004
470778076238507 423 2.66921925544739 -6.60771083831787 -0.01684556342661 4
470809785175207 423 -1.15895843505859 -2.16667008399963 0.0078598856926 10004
470841494118086 423 0.67916870117188 -1.18126749992371 -0.00399565696716 20004
470873203058127 423 -1.01406860351563 -4.97864055633545 0.00609362125397 30004
470904911969677 423 1.2803955078125 -5.18226957321167 -0.00791668891907 40004
470936620937937 423 -0.76889038085938 -4.68791770935059 0.0041069984436 50004
470968329846335 423 0.48699951171875 6.51156663894653 -0.00308036804199 60004
471000038817857 423 -0.20623779296875 -3.03436946868896 0.00077342987061 70004
471031747757937 423 0.84716796875 -6.31006860733032 -0.00563430786133 80004
471063456697936 423 -1.105712890625 3.57651972770691 0.00660848617554 90004
470778076238507 424 2.80936479568481 -6.38325548171997 -0.01796860434115 4
470809785175207 424 -1.01060485839844 -1.8533763885498 0.00673586130142 10004
470841494118086 424 0.63232421875 -0.94695788621902 -0.00399625301361 20004
470873203058127 424 -1.0572509765625 -4.58401489257813 0.00609469413757 30004
470904911969677 424 1.35195922851563 -4.9071798324585 -0.00791835784912 40004
470936620937937 424 -0.802001953125 -4.29712104797363 0.00410985946655 50004
470968329846335 424 0.82208251953125 6.79445743560791 -0.00419855117798 60004
471000038817857 424 -0.15374755859375 -2.70446729660034 0.00077724456787 70004
471031747757937 424 0.79193115234375 -6.14101552963257 -0.00563478469849 80004
471063456697936 424 -1.1893310546875 3.94329690933228 0.00866174697876 90004
470778076238507 425 2.91907644271851 -6.12350845336914 -0.01796855591238 4
470809785175207 425 -1.00006103515625 -1.61633598804474 0.0067343711853 10004
470841494118086 425 0.50802612304688 -0.62677890062332 -0.00399732589722 20004
470873203058127 425 -1.0419921875 -4.15852832794189 0.00609624385834 30004
470904911969677 425 1.43911743164063 -4.70531797409058 -0.00904536247253 40004
470936620937937 425 -0.91915893554688 -3.89361166954041 0.00615954399109 50004
470968329846335 425 1.262451171875 6.97120952606201 -0.00771045684814 60004
471000038817857 425 -0.1226806640625 -2.3506760597229 0.00078296661377 70004
471031747757937 425 0.74151611328125 -5.82181835174561 -0.00563621520996 80004
471063456697936 425 -1.1497802734375 4.33493137359619 0.00754261016846 90004
470778076238507 426 3.11148452758789 -5.94075965881348 -0.0190916005522 4
470809785175207 426 -1.14080810546875 -1.18842422962189 0.00673365592957 10004
470841494118086 426 0.49508666992188 -0.28228631615639 -0.00399875640869 20004
470873203058127 426 -1.05419921875 -3.73288702964783 0.00609695911407 30004
470904911969677 426 1.53189086914063 -4.4167742729187 -0.00905299186707 40004
470936620937937 426 -0.86740112304688 -3.49184393882751 0.00616097450256 50004
470968329846335 426 1.7425537109375 6.95778942108154 -0.01108694076538 60004
471000038817857 426 -0.2115478515625 -2.00545358657837 0.00078296661377 70004
471031747757937 426 0.65264892578125 -5.44656658172607 -0.00361824035645 80004
471063456697936 426 -0.9476318359375 4.69878482818604 0.00642490386963 90004
470778076238507 427 3.30239725112915 -5.78681802749634 -0.020214619115 4
470809785175207 427 -1.14890289306641 -0.95440196990967 0.00673294067383 10004
470841494118086 427 0.4783935546875 0.01887726783752 -0.00400018692017 20004
470873203058127 427 -0.99270629882813 -3.36737298965454 0.00609791278839 30004
470904911969677 427 1.61474609375 -4.2420220375061 -0.01018214225769 40004
470936620937937 427 -0.824462890625 -3.12719202041626 0.00616192817688 50004
470968329846335 427 2.1612548828125 6.94289970397949 -0.01348614692688 60004
471000038817857 427 -0.26580810546875 -1.69854259490967 0.00078392028809 70004
471031747757937 427 0.60040283203125 -5.11350584030151 -0.00361919403076 80004
471063456697936 427 -0.856689453125 5.04860687255859 0.00643110275269 90004
470778076238507 428 3.47803711891174 -5.59404897689819 -0.02133760601282 4
470809785175207 428 -1.18671417236328 -0.668113052845 0.00673228502274 10004
470841494118086 428 0.40512084960938 0.32608419656754 -0.00199723243713 20004
470873203058127 428 -0.97476196289063 -2.97766447067261 0.00609910488129 30004
470904911969677 428 1.70730590820313 -4.01812982559204 -0.01018929481506 40004
470936620937937 428 -0.83261108398438 -2.78420829772949 0.00616240501404 50004
470968329846335 428 2.590087890625 6.85085344314575 -0.01573348045349 60004
471000038817857 428 -0.2872314453125 -1.36710596084595 0.00279378890991 70004
471031747757937 428 0.5474853515625 -4.75590372085571 -0.00362014770508 80004
471063456697936 428 -0.75799560546875 5.42507600784302 0.00531339645386 90004
470778076238507 429 3.59854793548584 -5.35608053207397 -0.02246065065265 4
470809785175207 429 -1.30654144287109 -0.26571333408356 0.00875562429428 10004
470841494118086 429 0.26005554199219 0.61277943849564 -0.00199747085571 20004
470873203058127 429 -1.04989624023438 -2.58760237693787 0.0061000585556 30004
470904911969677 429 1.80172729492188 -3.7052149772644 -0.01131582260132 40004
470936620937937 429 -0.91790771484375 -2.50992941856384 0.00616312026978 50004
470968329846335 429 2.981689453125 6.6360764503479 -0.01813077926636 60004
471000038817857 429 -0.25640869140625 -1.03557598590851 0.00168418884277 70004
471031747757937 429 0.4937744140625 -4.39898586273193 -0.00362062454224 80004
471063456697936 429 -0.62078857421875 5.79062223434448 0.00419473648071 90004
470778076238507 430 3.69905710220337 -5.08978366851807 -0.02358368225396 4
470809785175207 430 -1.25331878662109 0.18164360523224 0.00875556468964 10004
470841494118086 430 0.23912048339844 0.95688325166702 -0.00199747085571 20004
470873203058127 430 -0.97372436523438 -2.16869139671326 0.00610172748566 30004
470904911969677 430 1.85641479492188 -3.37184858322144 -0.01131534576416 40004
470936620937937 430 -0.96331787109375 -2.08876776695251 0.00616431236267 50004
470968329846335 430 3.275634765625 6.25808572769165 -0.02037668228149 60004
471000038817857 430 -0.11773681640625 -0.70717912912369 0.00168704986572 70004
471031747757937 430 0.5230712890625 -4.0144567489624 -0.00362253189087 80004
471063456697936 430 -0.48992919921875 6.18609952926636 0.00419950485229 90004
470778076238507 431 3.70315599441528 -4.84473419189453 -0.02358364500105 4
470809785175207 431 -1.34010314941406 0.55972796678543 0.00875550508499 10004
470841494118086 431 0.26383972167969 1.20730340480804 -0.001997590065 20004
470873203058127 431 -0.890625 -1.80561232566834 0.00610172748566 30004
470904911969677 431 1.94454956054688 -3.08198094367981 -0.01243782043457 40004
470936620937937 431 -1.12255859375 -1.76061058044434 0.00616526603699 50004
470968329846335 431 3.4039306640625 5.86636304855347 -0.02149820327759 60004
471000038817857 431 -0.053466796875 -0.40345457196236 0.00056409835815 70004
471031747757937 431 0.50372314453125 -3.67840552330017 -0.00362253189087 80004
471063456697936 431 -0.4110107421875 6.54153633117676 0.00308132171631 90004
470778076238507 432 3.69144034385681 -4.59614896774292 -0.02358362451196 4
470809785175207 432 -1.40264129638672 0.94023126363754 0.00875568389893 10004
470841494118086 432 0.27243041992188 1.46607255935669 -0.00199782848358 20004
470873203058127 432 -0.86056518554688 -1.4423691034317 0.00610184669495 30004
470904911969677 432 2.06884765625 -2.80499291419983 -0.01243686676025 40004
470936620937937 432 -1.2530517578125 -1.49092185497284 0.0081729888916 50004
470968329846335 432 3.44305419921875 5.49799203872681 -0.02149772644043 60004
471000038817857 432 -0.052978515625 -0.09828415513039 0.00056457519531 70004
471031747757937 432 0.50445556640625 -3.35134172439575 -0.00362348556519 80004
471063456697937 432 0.05706787109375 -9.18322372436523 -0.00000190734863 90004
470778076238507 433 3.69248938560486 -4.32931566238403 -0.02358359098434 4
470809785175207 433 -1.35274505615234 1.35963916778564 0.0087559223175 10004
470841494118086 433 0.22718811035156 1.78607976436615 -0.00199782848358 20004
470873203058127 433 -0.93930053710938 -1.05103838443756 0.0061023235321 30004
470904911969677 433 2.25128173828125 -2.53209781646729 -0.01356434822083 40004
470936620937937 433 -1.27456665039063 -1.29350233078003 0.00817346572876 50004
470968329846335 433 3.38079833984375 5.18041849136353 -0.02149772644043 60004
471000038817857 433 -0.14544677734375 0.22285896539688 0.00056600570679 70004
471031747757937 433 0.567626953125 -3.01803255081177 -0.00362539291382 80004
471063456697937 433 0.228271484375 -8.8167552947998 -0.00113201141357 90004
470778076238507 434 3.73651456832886 -4.0661301612854 -0.02358353510499 4
470809785175207 434 -1.13504028320313 1.72154521942139 0.007632791996 10004
470841494118086 434 0.05096435546875 2.0570240020752 0.00000894069672 20004
470873203058127 434 -0.92694091796875 -0.65203392505646 0.00610303878784 30004
470904911969677 434 2.48013305664063 -2.29688239097595 -0.01581478118896 40004
470936620937937 434 -1.39450073242188 -1.01552891731262 0.00817632675171 50004
470968329846335 434 3.40093994140625 5.08322238922119 -0.02149724960327 60004
471000038817857 434 -0.09326171875 0.55306357145309 0.00057554244995 70004
471031747757937 434 0.56854248046875 -2.65647435188293 -0.00362634658813 80004
471063456697937 434 0.228271484375 -8.41240692138672 -0.00113201141357 90004
470778076238507 435 3.70364451408386 -3.80699443817139 -0.02358349226415 4
470809785175207 435 -0.85111999511719 2.02823448181152 0.00650888681412 10004
470841494118086 435 -0.10177612304688 2.34116649627686 0.00000858306885 20004
470873203058127 435 -1.01162719726563 -0.26812756061554 0.00610375404358 30004
470904911969677 435 2.70263671875 -2.05673885345459 -0.01693987846375 40004
470936620937937 435 -1.61514282226563 -0.72891223430634 0.01018357276917 50004
470968329846335 435 3.38018798828125 4.93485689163208 -0.02149701118469 60004
471000038817857 435 -0.13751220703125 0.87722760438919 0.00058031082153 70004
471031747757937 435 0.467529296875 -2.31713199615479 -0.00362730026245 80004
471063456697937 435 0.3424072265625 -8.03331184387207 -0.00113582611084 90004
470778076238507 436 3.62886476516724 -3.58970975875854 -0.0235834736377 4
470809785175207 436 -0.60594177246094 2.29168653488159 0.0042622089386 10004
470841494118086 436 -0.19668579101563 2.59961080551147 0.00202119350433 20004
470873203058127 436 -1.093017578125 0.05950174480677 0.00718414783478 30004
470904911969677 436 2.89605712890625 -1.84969758987427 -0.01806282997131 40004
470936620937937 436 -1.81192016601563 -0.4986058473587 0.01227641105652 50004
470968329846335 436 3.31005859375 4.76510572433472 -0.02149701118469 60004
471000038817857 436 -0.188720703125 1.15735292434692 0.00058174133301 70004
471031747757937 436 0.3109130859375 -2.05162858963013 -0.00161170959473 80004
471063456697937 436 0.47137451171875 -7.7095160484314 -0.00226545333862 90004
470778076238507 437 3.49269700050354 -3.36032485961914 -0.02358345128596 4
470809785175207 437 -0.43661499023438 2.67860412597656 0.00313812494278 10004
470841494118086 437 -0.20149230957031 2.92277407646179 0.00201892852783 20004
470873203058127 437 -1.05593872070313 0.44312459230423 0.00718533992767 30004
470904911969677 437 3.13284301757813 -1.62318325042725 -0.01919031143188 40004
470936620937937 437 -1.89248657226563 -0.3168683052063 0.01227998733521 50004
470968329846335 437 3.09674072265625 4.4961838722229 -0.01945972442627 60004
471000038817857 437 -0.13653564453125 1.48750245571136 0.00058174133301 70004
471031747757937 437 0.034423828125 -1.81822490692139 0.00048303604126 80004
471063456697937 437 0.5439453125 -7.31207704544067 -0.00338315963745 90004
470778076238507 438 3.43840456008911 -3.11935067176819 -0.02155159786344 4
470809785175207 438 -0.4219970703125 3.06798648834229 0.00313740968704 10004
470841494118086 438 -0.25138854980469 3.2196581363678 0.00201690196991 20004
470873203058127 438 -0.93490600585938 0.79171913862228 0.00606298446655 30004
470904911969677 438 3.26077270507813 -1.50387191772461 -0.02031850814819 40004
470936620937937 438 -1.96145629882813 -0.11791181564331 0.01228332519531 50004
470968329846335 438 2.76593017578125 4.26715707778931 -0.01735901832581 60004
471000038817857 438 -0.20355224609375 1.78843653202057 0.00058317184448 70004
471031747757937 438 -0.11962890625 -1.53338170051575 0.0004825592041 80004
471063456697937 438 0.47894287109375 -6.94425821304321 -0.00338172912598 90004
470778076238507 439 3.40587425231934 -2.89055681228638 -0.02155159041286 4
470809785175207 439 -0.42670440673828 3.43396210670471 0.00313687324524 10004
470841494118086 439 -0.325439453125 3.48841643333435 0.00201487541199 20004
470873203058127 439 -0.80059814453125 1.11026382446289 0.00606369972229 30004
470904911969677 439 3.38784790039063 -1.35506224632263 -0.02144646644592 40004
470936620937937 439 -1.98516845703125 0.13004487752914 0.01228785514832 50004
470968329846335 439 2.4351806640625 4.06401634216309 -0.01524257659912 60004
471000038817857 439 -0.2354736328125 2.0697808265686 0.00171852111816 70004
471031747757937 439 -0.23406982421875 -1.24933934211731 0.00048160552979 80004
471063456697937 439 0.45709228515625 -6.60240173339844 -0.00338554382324 90004
470778076238507 440 3.38225984573364 -2.64264059066772 -0.02155158482492 4
470809785175207 440 -0.42499542236328 3.82815670967102 0.00313633680344 10004
470841494118086 440 -0.44058227539063 3.76712203025818 0.00201320648193 20004
470873203058127 440 -0.64053344726563 1.4469587802887 0.00493693351746 30004
470904911969677 440 3.56387329101563 -1.10473275184631 -0.02257513999939 40004
470936620937937 440 -1.94287109375 0.49817073345184 0.01229453086853 50004
470968329846335 440 2.072021484375 3.85580492019653 -0.01323866844177 60004
471000038817857 440 -0.186767578125 2.37797212600708 0.00171852111816 70004
471031747757937 440 -0.3365478515625 -0.92763638496399 0.00249433517456 80004
471063456697937 440 0.53277587890625 -6.23288059234619 -0.00338411331177 90004
470778076238507 441 3.39162516593933 -2.4563102722168 -0.02155157737434 4
470809785175207 441 -0.46760559082031 4.04177761077881 0.00313580036163 10004
470841494118086 441 -0.43630981445313 4.06687116622925 0.00201153755188 20004
470873203058127 441 -0.36224365234375 1.69174754619598 0.00268924236298 30004
470904911969677 441 3.62603759765625 -0.80717241764069 -0.0225818157196 40004
470936620937937 441 -1.75973510742188 0.81726968288422 0.01230120658875 50004
470968329846335 441 1.73504638671875 3.60763144493103 -0.01115775108337 60004
471000038817857 441 -0.0999755859375 2.67733311653137 0.00171947479248 70004
471031747757937 441 -0.30499267578125 -0.59392929077148 0.00248908996582 80004
471063456697937 441 0.45751953125 -5.86542367935181 -0.00338411331177 90004
470778076238507 442 3.45747256278992 -2.25633406639099 -0.02155156247318 4
470809785175207 442 -0.61180114746094 4.29701042175293 0.00313478708267 10004
470841494118086 442 -0.41612243652344 4.36473846435547 0.0020090341568 20004
470873203058127 442 -0.13046264648438 1.97466373443604 0.0015652179718 30004
470904911969677 442 3.61343383789063 -0.50876647233963 -0.02258491516113 40004
470936620937937 442 -1.57623291015625 1.1050032377243 0.01118469238281 50004
470968329846335 442 1.36285400390625 3.4389660358429 -0.00915503501892 60004
471000038817857 442 -0.07733154296875 2.98104667663574 0.00059795379639 70004
471031747757937 442 -0.3353271484375 -0.26576289534569 0.0024847984314 80004
471063456697937 442 0.3173828125 -5.51982164382935 -0.00137138366699 90004
470778076238507 443 3.59001898765564 -2.02508139610291 -0.02267456240952 4
470809785175207 443 -0.84961700439453 4.64043426513672 0.00521737337112 10004
470841494118086 443 -0.39668273925781 4.67016267776489 0.00200545787811 20004
470873203058127 443 0.03634643554688 2.33248090744019 0.00044143199921 30004
470904911969677 443 3.51602172851563 -0.19801346957684 -0.02258777618408 40004
470936620937937 443 -1.380859375 1.38601744174957 0.00894522666931 50004
470968329846335 443 0.92376708984375 3.37263321876526 -0.00707817077637 60004
471000038817857 443 -0.10577392578125 3.3104076385498 0.00059986114502 70004
471031747757937 443 -0.424560546875 0.08076536655426 0.00248241424561 80004
471063456697937 443 0.13177490234375 -5.16542196273804 -0.0013747215271 90004
470778076238507 444 3.74985480308533 -1.8113911151886 -0.02379755303264 4
470809785175207 444 -0.94437408447266 5.05199670791626 0.0052170753479 10004
470841494118086 444 -0.43833923339844 4.91079616546631 0.00200366973877 20004
470873203058127 444 0.05923461914063 2.73102498054504 0.00044000148773 30004
470904911969677 444 3.33279418945313 0.07386302947998 -0.02259039878845 40004
470936620937937 444 -1.11993408203125 1.6819384098053 0.00782322883606 50004
470968329846335 444 0.487060546875 3.47464656829834 -0.00294423103333 60004
471000038817857 444 -0.0096435546875 3.63042378425598 0.00060081481934 70004
471031747757937 444 -0.37969970703125 0.43929758667946 0.00247716903687 80004
471063456697937 444 0.090576171875 -4.76319789886475 -0.00137758255005 90004
470778076238507 445 3.83568286895752 -1.58052849769592 -0.02379753626883 4
470809785175207 445 -0.89870452880859 5.43724012374878 0.00627815723419 10004
470841494118086 445 -0.46949768066406 5.03704500198364 0.00200200080872 20004
470873203058127 445 0.02117919921875 3.10036897659302 0.00043904781342 30004
470904911969677 445 3.2589111328125 0.36567515134811 -0.0205249786377 40004
470936620937937 445 -0.98114013671875 2.01914358139038 0.00670123100281 50004
470968329846335 445 0.14056396484375 3.69828796386719 -0.00087404251099 60004
471000038817857 445 -0.02532958984375 3.93701267242432 0.00060319900513 70004
471031747757937 445 -0.444580078125 0.74209809303284 0.00247478485107 80004
471063456697937 445 -0.05194091796875 -4.41838407516479 0.00064563751221 90004
470778076238507 446 3.92317223548889 -1.34897208213806 -0.02492056041956 4
470809785175207 446 -0.86814880371094 5.82408809661865 0.00627678632736 10004
470841494118086 446 -0.47434997558594 5.19081735610962 0.00400578975677 20004
470873203058127 446 -0.01568603515625 3.47039389610291 0.00043845176697 30004
470904911969677 446 3.20767211914063 0.66720944643021 -0.02052783966064 40004
470936620937937 446 -0.8211669921875 2.34448719024658 0.00557923316956 50004
470968329846335 446 -0.10870361328125 3.93798327445984 0.00125074386597 60004
471000038817857 446 -0.05938720703125 4.24676179885864 0.00060415267944 70004
471031747757937 446 -0.53582763671875 1.04780042171478 0.00247287750244 80004
471063456697937 446 -0.1639404296875 -4.13472890853882 0.00064182281494 90004
470778076238507 447 4.05474185943604 -1.09833788871765 -0.02604360692203 4
470809785175207 447 -0.94452667236328 6.26763105392456 0.00627613067627 10004
470841494118086 447 -0.42921447753906 5.48153686523438 0.00288105010986 20004
470873203058127 447 -0.02944946289063 3.89498400688171 0.00043797492981 30004
470904911969677 447 3.14349365234375 1.01077854633331 -0.02053022384644 40004
470936620937937 447 -0.54562377929688 2.66328954696655 0.00446009635925 50004
470968329846335 447 -0.219970703125 4.15970802307129 0.00124621391296 60004
471000038817857 447 -0.07855224609375 4.60243606567383 0.00060558319092 70004
471031747757937 447 -0.62408447265625 1.42138540744781 0.00447082519531 80004
471063456697937 447 -0.1761474609375 -3.91483354568481 0.00063848495483 90004
470778076238507 448 4.07436990737915 -0.83222252130508 -0.0260435976088 4
470809785175207 448 -1.08601379394531 6.6655421257019 0.00627559423447 10004
470841494118086 448 -0.37359619140625 5.79991865158081 0.00287985801697 20004
470873203058127 448 -0.14639282226563 4.27655744552612 0.00043570995331 30004
470904911969677 448 3.11465454101563 1.33726418018341 -0.02053260803223 40004
470936620937937 448 -0.42410278320313 3.0411376953125 0.00334525108337 50004
470968329846335 448 -0.219970703125 4.18217420578003 0.00123906135559 60004
471000038817857 448 -0.11883544921875 4.93040227890015 0.00060653686523 70004
471031747757937 448 -0.5609130859375 1.77701592445374 0.00446510314941 80004
471063456697937 448 -0.26312255859375 -3.64729928970337 0.00063562393188 90004
470778076238507 449 4.01018857955933 -0.57833284139633 -0.02604358643293 4
470809785175208 449 0.12789916992188 -9.03105926513672 -0.00000047683716 10004
470841494118086 449 -0.37588500976563 6.07311296463013 0.00287878513336 20004
470873203058127 449 -0.13656616210938 4.6682710647583 0.00042998790741 30004
470904911969677 449 2.9864501953125 1.63231790065765 -0.01850295066833 40004
470936620937937 449 -0.30850219726563 3.42080330848694 0.00223016738892 50004
470968329846335 449 -0.21795654296875 4.20141458511353 0.0012321472168 60004
471000038817857 449 -0.2027587890625 5.25170183181763 0.00060892105103 70004
471031747757937 449 -0.61187744140625 2.12842607498169 0.00446224212646 80004
471063456697937 449 -0.31072998046875 -3.2803840637207 0.0026388168335 90004
470778076238507 450 3.88967561721802 -0.36667129397392 -0.02604355476797 4
470809785175208 450 0.27400970458984 -8.67539501190186 -0.00112509727478 10004
470841494118086 450 -0.40400695800781 6.33110189437866 0.0028783082962 20004
470873203058127 450 -0.1419677734375 5.03270292282104 0.00042474269867 30004
470904911969677 450 2.79827880859375 1.86503124237061 -0.01850557327271 40004
470936620937937 450 -0.25961303710938 3.78000426292419 0.00223636627197 50004
470968329846335 450 -0.2425537109375 4.28864431381226 0.00122594833374 60004
471000038817857 450 -0.30474853515625 5.51062822341919 0.00263643264771 70004
471031747757937 450 -0.6649169921875 2.41592383384705 0.00445985794067 80004
471063456697937 450 -0.28717041015625 -2.91257381439209 0.00264406204224 90004
470778076238507 451 3.69848418235779 -0.18061178922653 -0.02402607351542 4
470809785175208 451 0.39794921875 -8.28172302246094 -0.00224924087524 10004
470841494118087 451 0 -9.30537986755371 0 20004
470873203058127 451 -0.2587890625 5.41427755355835 0.00245833396912 30004
470904911969677 451 2.5294189453125 2.05264759063721 -0.01650381088257 40004
470936620937937 451 -0.31729125976563 4.17302083969116 0.0022406578064 50004
470968329846335 451 -0.3212890625 4.51781225204468 0.00121903419495 60004
471000038817857 451 -0.43109130859375 5.71343183517456 0.00264358520508 70004
471031747757937 451 -0.6575927734375 2.64864301681519 0.00445747375488 80004
471063456697937 451 -0.15716552734375 -2.53463983535767 0.00152397155762 90004
470778076238507 452 3.59751844406128 0.08544358611107 -0.02402606606483 4
470809785175208 452 0.4920654296875 -7.85166931152344 -0.00225162506104 10004
470841494118087 452 -0.049072265625 -8.98980903625488 -0.00000035762787 20004
470873203058127 452 -0.36962890625 5.74598073959351 0.00245749950409 30004
470904911969677 452 2.354248046875 2.35517978668213 -0.01450181007385 40004
470936620937937 452 -0.19619750976563 4.57869863510132 0.00224947929382 50004
470968329846335 452 -0.2724609375 4.96837377548218 0.0012047290802 60004
471000038817857 452 -0.47308349609375 6.06120252609253 0.00265169143677 70004
471031747757937 452 -0.79766845703125 2.97660398483276 0.00445127487183 80004
471063456697937 452 -0.137451171875 -2.10386514663696 0.00152778625488 90004
470778076238507 453 3.41932559013367 0.30080500245094 -0.02198201976717 4
470809785175208 453 0.60845184326172 -7.42729568481445 -0.00337564945221 10004
470841494118087 453 -0.16937255859375 -8.69721412658691 -0.00000035762787 20004
470873203058127 453 -0.410888671875 6.14797925949097 0.0024573802948 30004
470904911969677 453 2.09552001953125 2.58090496063232 -0.0145046710968 40004
470936620937937 453 -0.17324829101563 4.99774885177612 0.00113129615784 50004
470968329846335 453 -0.335693359375 5.43178129196167 0.00119590759277 60004
471000038817857 453 -0.62493896484375 6.3756365776062 0.00466585159302 70004
471031747757937 453 -0.84796142578125 3.34745168685913 0.00444316864014 80004
471063456697937 453 -0.2276611328125 -1.76428699493408 0.00153064727783 90004
470778076238507 454 3.2441623210907 0.47763308882713 -0.02198202162981 4
470809785175208 454 0.72385406494141 -7.05993366241455 -0.00449842214584 10004
470841494118087 454 -0.24713134765625 -8.43933486938477 0.00203156471252 20004
470873203058128 454 -0.0670166015625 -9.1614818572998 -0.00000023841858 30004
470904911969677 454 1.90277099609375 2.72404050827026 -0.01243758201599 40004
470936620937937 454 -0.23287963867188 5.35866212844849 0.00113534927368 50004
470968329846335 454 -0.44049072265625 5.83670663833618 0.00322604179382 60004
471000038817858 454 0.04248046875 -9.20444297790527 0 70004
471031747757937 454 -0.84136962890625 3.68365526199341 0.00643539428711 80004
471063456697937 454 -0.33251953125 -1.45324301719666 0.00153255462646 90004
470778076238507 455 3.06212973594666 0.69254964590073 -0.01995082944632 4
470809785175208 455 0.88703155517578 -6.65601968765259 -0.00562155246735 10004
470841494118087 455 -0.24813842773438 -8.13227272033691 0.00202882289886 20004
470873203058128 455 -0.26666259765625 -8.78120231628418 0.00201964378357 30004
470904911969677 455 1.76971435546875 2.86449527740479 -0.01243710517883 40004
470936620937937 455 -0.35623168945313 5.75946092605591 0.00314927101135 50004
470968329846335 455 -0.60748291015625 6.27992486953735 0.00322604179382 60004
471000038817858 455 0.1639404296875 -8.92494583129883 0.00000286102295 70004
471031747757937 455 -0.77716064453125 4.06005239486694 0.00529527664185 80004
471063456697937 455 -0.419677734375 -1.0351414680481 0.00357294082642 90004
470778076238507 456 2.97265291213989 0.96269226074219 -0.01995080150664 4
470809785175208 456 1.19257354736328 -6.33913278579712 -0.00674545764923 10004
470841494118087 456 -0.14700317382813 -7.82920742034912 0.00202512741089 20004
470873203058128 456 -0.61474609375 -8.42506217956543 0.00406098365784 30004
470904911969677 456 1.62811279296875 3.18408298492432 -0.01040148735046 40004
470936620937937 456 -0.32107543945313 6.18154191970825 0.00315761566162 50004
470968329846335 456 -0.93170166015625 6.63216638565063 0.00524520874023 60004
471000038817858 456 0.3426513671875 -8.57312393188477 -0.00111722946167 70004
471031747757937 456 -0.5794677734375 4.39010000228882 0.00416564941406 80004
471063456697937 456 -0.344482421875 -0.61080980300903 0.00245523452759 90004
470778076238507 457 2.83922648429871 1.19272255897522 -0.01794846728444 4
470809785175208 457 1.35842895507813 -6.13698577880859 -0.00787007808685 10004
470841494118087 457 0.01316833496094 -7.57813882827759 0.00090074539185 20004
470873203058128 457 -0.7923583984375 -7.99874353408813 0.00406050682068 30004
470904911969677 457 1.61557006835938 3.50805187225342 -0.01040506362915 40004
470936620937937 457 -0.27383422851563 6.57571172714233 0.00204205513 50004
470968329846335 457 -1.08966064453125 7.04687118530273 0.00726222991943 60004
471000038817858 457 0.37530517578125 -8.20883750915527 -0.00223827362061 70004
471031747757937 457 -0.53497314453125 4.63301181793213 0.00415992736816 80004
471063456697937 457 -0.2763671875 -0.21260914206505 0.00246858596802 90004
470778076238507 458 2.66910266876221 1.36634016036987 -0.01794845424592 4
470809785175208 458 1.56163787841797 -5.98052215576172 -0.00899302959442 10004
470841494118087 458 0.13520812988281 -7.33021259307861 -0.00022304058075 20004
470873203058128 458 -0.84320068359375 -7.57633399963379 0.00611233711243 30004
470904911969677 458 1.556396484375 3.80080556869507 -0.01040840148926 40004
470936620937938 458 0.01260375976563 -9.13779926300049 0.00000143051147 50004
470968329846335 458 -1.1259765625 7.45415019989014 0.0072603225708 60004
471000038817858 458 0.44622802734375 -7.87658023834229 -0.00223588943481 70004
471031747757937 458 -0.5302734375 4.91022777557373 0.00415658950806 80004
471063456697937 458 -0.24560546875 0.16193926334381 0.00247573852539 90004
470778076238507 459 2.45658874511719 1.52272522449493 -0.01586369983852 4
470809785175208 459 1.83000946044922 -5.8287501335144 -0.01124000549316 10004
470841494118087 459 0.2088623046875 -7.04337120056152 -0.00134682655334 20004
470873203058128 459 -0.80853271484375 -7.11160087585449 0.00611329078674 30004
470904911969677 459 1.42153930664063 4.09946060180664 -0.00839734077454 40004
470936620937938 459 0.05657958984375 -8.78318405151367 0.00000381469727 50004
470968329846335 459 -1.05999755859375 7.86511659622192 0.00725793838501 60004
471000038817858 459 0.580322265625 -7.53220844268799 -0.00335502624512 70004
471031747757937 459 -0.5633544921875 5.26637601852417 0.00415420532227 80004
471063456697937 459 -0.270263671875 0.56116038560867 0.00247812271118 90004
470778076238507 460 2.31554675102234 1.74915075302124 -0.01586369238794 4
470809785175208 460 1.96845245361328 -5.65078496932983 -0.01236391067505 10004
470841494118087 460 0.17063903808594 -6.74643135070801 -0.00134682655334 20004
470873203058128 460 -0.8460693359375 -6.64619827270508 0.00611364841461 30004
470904911969677 460 1.27322387695313 4.39188575744629 -0.00839805603027 40004
470936620937938 460 0.21084594726563 -8.45772838592529 -0.00111627578735 50004
470968329846335 460 -0.9400634765625 8.05460739135742 0.00613403320313 60004
471000038817858 460 0.675537109375 -7.17497396469116 -0.00335311889648 70004
471031747757937 460 -0.72808837890625 5.58868455886841 0.00415182113647 80004
471063456697937 460 -0.44329833984375 0.92708700895309 0.00248098373413 90004
470778076238507 461 2.12341785430908 1.90122413635254 -0.01384905166924 4
470809785175208 461 2.16164398193359 -5.37941360473633 -0.01348781585693 10004
470841494118087 461 0.17440795898438 -6.46777200698853 -0.00134682655334 20004
470873203058128 461 -0.73385620117188 -6.23221063613892 0.0049901008606 30004
470904911969677 461 1.05438232421875 4.59883642196655 -0.00629186630249 40004
470936620937938 461 0.365234375 -8.15927791595459 -0.00223708152771 50004
470968329846335 461 -0.91607666015625 8.09250450134277 0.00612998008728 60004
471000038817858 461 0.77044677734375 -6.84310245513916 -0.0044732093811 70004
471031747757937 461 -0.767578125 5.85392761230469 0.00414514541626 80004
471063456697937 461 -0.479248046875 1.29679048061371 0.00248432159424 90004
470778076238507 462 1.96186792850494 2.03267860412598 -0.01182507257909 4
470809785175208 462 2.38674926757813 -5.13487768173218 -0.01461124420166 10004
470841494118087 462 0.18374633789063 -6.24251079559326 -0.00134694576263 20004
470873203058128 462 -0.574462890625 -5.86106109619141 0.00386297702789 30004
470904911969677 462 0.86032104492188 4.79828834533691 -0.00629472732544 40004
470936620937938 462 0.54296875 -7.91043663024902 -0.0033586025238 50004
470968329846335 462 -0.91607666015625 8.09250450134277 0.00612688064575 60004
471000038817858 462 0.855712890625 -6.5341911315918 -0.00447034835815 70004
471031747757937 462 -0.8167724609375 6.1041522026062 0.00413799285889 80004
471063456697937 462 -0.4708251953125 1.64674615859985 0.00248670578003 90004
470778076238507 463 1.85883235931396 2.19808769226074 -0.01182506699115 4
470809785175208 463 2.72313690185547 -4.94124507904053 -0.01685827970505 10004
470841494118087 463 0.18374633789063 -6.07054901123047 -0.00134694576263 20004
470873203058128 463 -0.3458251953125 -5.4538516998291 0.00273859500885 30004
470904911969677 463 0.7127685546875 5.09071350097656 -0.00428342819214 40004
470936620937938 463 0.8304443359375 -7.69327068328857 -0.00447916984558 50004
470968329846335 463 -0.91607666015625 8.09250450134277 0.00612330436707 60004
471000038817858 463 0.94268798828125 -6.17480373382568 -0.00559139251709 70004
471031747757937 463 -0.98065185546875 6.42646074295044 0.00619459152222 80004
471063456697937 463 -0.43511962890625 2.04930830001831 0.00249195098877 90004
470778076238507 464 1.7487245798111 2.30930042266846 -0.01182506978512 4
470809785175208 464 3.01092529296875 -4.68847131729126 -0.01910561323166 10004
470841494118087 464 0.19187927246094 -6.04160404205322 -0.0013473033905 20004
470873203058128 464 -0.08349609375 -5.13629913330078 0.00161480903625 30004
470904911969677 464 0.56594848632813 5.3589882850647 -0.00428676605225 40004
470936620937938 464 1.14837646484375 -7.59145069122314 -0.00671982765198 50004
470968329846335 464 -0.91607666015625 8.09250450134277 0.00611996650696 60004
471000038817858 464 1.1474609375 -5.90044069290161 -0.00670480728149 70004
471031747757938 464 -0.05633544921875 -8.99719619750977 0 80004
471063456697937 464 -0.55096435546875 2.40623641014099 0.00249481201172 90004
470778076238507 465 1.65251100063324 2.46990704536438 -0.00981218740344 4
470809785175208 465 3.33287048339844 -4.48825788497925 -0.02135288715363 10004
470841494118087 465 0.2105712890625 -5.95323753356934 -0.00134789943695 20004
470873203058128 465 0.10745239257813 -4.76988554000854 -0.0006320476532 30004
470904911969677 465 0.48178100585938 5.6455602645874 -0.00222682952881 40004
470936620937938 465 1.44317626953125 -7.44352006912231 -0.00910353660583 50004
470968329846335 465 -0.90155029296875 8.07933330535889 0.00611782073975 60004
471000038817858 465 1.3558349609375 -5.62597179412842 -0.00782155990601 70004
471031747757938 465 -0.18243408203125 -8.69226264953613 0.00202894210815 80004
471063456697937 465 -0.59796142578125 2.77184057235718 0.00455093383789 90004
470778076238507 466 1.55494999885559 2.69593644142151 -0.00981218740344 4
470809785175208 466 3.716064453125 -4.33472681045532 -0.02360033988953 10004
470841494118087 466 0.22702026367188 -5.7679967880249 -0.00134813785553 20004
470873203058128 466 0.20977783203125 -4.3491153717041 -0.00063323974609 30004
470904911969677 466 0.44174194335938 5.96732711791992 -0.00222754478455 40004
470936620937938 466 1.73211669921875 -7.229323387146 -0.01022005081177 50004
470968329846335 466 -0.87457275390625 8.05487251281738 0.0061149597168 60004
471000038817858 466 1.5738525390625 -5.32752513885498 -0.01006412506104 70004
471031747757938 466 -0.3760986328125 -8.38834953308105 0.00202512741089 80004
471063456697937 466 -0.5823974609375 3.17244219779968 0.00455522537231 90004
470778076238507 467 1.37846720218658 2.91913390159607 -0.00981218088418 4
470809785175208 467 4.12117004394531 -4.1622748374939 -0.02584779262543 10004
470841494118087 467 0.14596557617188 -5.45912075042725 -0.00134837627411 20004
470873203058128 467 0.16827392578125 -4.10357093811035 -0.00063395500183 30004
470904911969677 467 0.27377319335938 6.2740592956543 -0.0022280216217 40004
470936620937938 467 2.05096435546875 -7.01483821868896 -0.01246190071106 50004
470968329846335 467 -0.87457275390625 8.05487251281738 0.0061149597168 60004
471000038817858 467 1.81268310546875 -5.01454448699951 -0.01118469238281 70004
471031747757938 467 -0.4971923828125 -8.02201652526855 0.00404691696167 80004
471063456697937 467 -0.7054443359375 3.58614611625671 0.00455808639526 90004
470778076238507 468 1.25421226024628 3.15445804595947 -0.00779308797792 4
470809785175208 468 4.46897125244141 -4.15079402923584 -0.02809429168701 10004
470841494118087 468 0.12869262695313 -5.16113615036011 -0.0013484954834 20004
470873203058128 468 0.20355224609375 -3.67027640342712 -0.00063514709473 30004
470904911969678 468 0.02340698242188 -8.99056339263916 -0.00000047683716 40004
470936620937938 468 2.30267333984375 -6.75881767272949 -0.01470422744751 50004
470968329846335 468 -0.87457275390625 8.05487251281738 0.0061149597168 60004
471000038817858 468 2.12493896484375 -4.82738018035889 -0.013427734375 70004
471031747757938 468 -0.72735595703125 -7.74778890609741 0.00404500961304 80004
471063456697937 468 -0.68194580078125 3.90653419494629 0.00456380844116 90004
470778076238507 469 1.19650316238403 3.39063334465027 -0.00779308378696 4
470809785175208 469 4.71061706542969 -4.19768762588501 -0.02921772003174 10004
470841494118087 469 0.06236267089844 -4.89653730392456 -0.0013484954834 20004
470873203058128 469 0.22256469726563 -3.23562026023865 -0.00063598155975 30004
470904911969678 469 -0.02423095703125 -8.66213130950928 -0.00000095367432 40004
470936620937938 469 2.56326293945313 -6.55375289916992 -0.01582384109497 50004
470968329846335 469 -0.86773681640625 7.95038414001465 0.00611424446106 60004
471000038817858 469 2.43597412109375 -4.68258380889893 -0.01567029953003 70004
471031747757938 469 -0.888427734375 -7.48570013046265 0.00604629516602 80004
471063456697937 469 -0.68792724609375 4.23803281784058 0.00456666946411 90004
470778076238507 470 1.17580890655518 3.65374112129211 -0.00779308192432 4
470809785175208 470 4.86414337158203 -4.27743625640869 -0.03034120798111 10004
470841494118087 470 -0.06462097167969 -4.62600088119507 0.00065577030182 20004
470873203058128 470 0.1904296875 -2.77491235733032 -0.00063681602478 30004
470904911969678 470 -0.13250732421875 -8.31856918334961 -0.00000143051147 40004
470936620937938 470 2.88003540039063 -6.38473987579346 -0.01806592941284 50004
470968329846335 470 -0.85540771484375 7.74363040924072 0.00611281394958 60004
471000038817858 470 2.77423095703125 -4.53819465637207 -0.01677703857422 70004
471031747757938 470 -0.96795654296875 -7.18269157409668 0.00603675842285 80004
471063456697937 470 -0.7344970703125 4.63872861862183 0.00456953048706 90004
470778076238507 471 1.05789637565613 3.89303541183472 -0.00779307819903 4
470809785175208 471 4.87990570068359 -4.2978138923645 -0.03034150600433 10004
470841494118087 471 -0.14541625976563 -4.3376317024231 0.00065577030182 20004
470873203058128 471 -0.01190185546875 -2.3542275428772 -0.00063729286194 30004
470904911969678 471 -0.10549926757813 -7.95532035827637 -0.00000238418579 40004
470936620937938 471 3.21530151367188 -6.25432729721069 -0.02030754089355 50004
470968329846335 471 -0.858154296875 7.64835119247437 0.00611162185669 60004
471000038817858 471 3.09918212890625 -4.3617696762085 -0.0190167427063 70004
471031747757938 471 -0.92767333984375 -6.84738683700562 0.00602149963379 80004
471063456697937 471 -0.7088623046875 5.04171800613403 0.00457334518433 90004
470778076238507 472 0.94403481483459 4.13431549072266 -0.00576930912212 4
470809785175208 472 4.88306427001953 -4.30188941955566 -0.03034162521362 10004
470841494118087 472 -0.31378173828125 -4.09516286849976 0.00271821022034 20004
470873203058128 472 -0.05712890625 -1.89659786224365 -0.00063729286194 30004
470904911969678 472 -0.125732421875 -7.59242677688599 -0.00000262260437 40004
470936620937938 472 3.55157470703125 -6.1251335144043 -0.02254819869995 50004
470968329846335 472 -0.85870361328125 7.62929534912109 0.00610852241516 60004
471000038817858 472 3.4593505859375 -4.30844306945801 -0.02125692367554 70004
471031747757938 472 -0.95330810546875 -6.49306774139404 0.00601100921631 80004
471063456697937 472 -0.6275634765625 5.43641042709351 0.00457811355591 90004
470778076238507 473 0.84665906429291 4.34403371810913 -0.00576930539683 4
470809785175208 473 4.88306427001953 -4.30188941955566 -0.03034162521362 10004
470841494118087 473 -0.44029235839844 -3.87528443336487 0.00271761417389 20004
470873203058128 473 -0.0181884765625 -1.49778401851654 0.00044703483582 30004
470904911969678 473 -0.12677001953125 -7.2786169052124 0.00101137161255 40004
470936620937938 473 3.83282470703125 -5.99219369888306 -0.02366852760315 50004
470968329846335 473 -0.85198974609375 7.55481815338135 0.00610566139221 60004
471000038817858 473 3.71746826171875 -4.26307010650635 -0.02349901199341 70004
471031747757938 473 -1.0389404296875 -6.19897794723511 0.00600385665894 80004
471063456697937 473 -0.60333251953125 5.77803611755371 0.00458145141602 90004
470778076238507 474 0.73510879278183 4.58635950088501 -0.00576930167153 4
470809785175208 474 4.88306427001953 -4.30188941955566 -0.03034162521362 10004
470841494118087 474 -0.51524353027344 -3.58544063568115 0.00271713733673 20004
470873203058128 474 0.108154296875 -1.04832983016968 -0.00067818164825 30004
470904911969678 474 -0.07870483398438 -6.91767740249634 0.00100922584534 40004
470936620937938 474 4.1363525390625 -5.79959678649902 -0.02590918540955 50004
470968329846335 474 -0.83184814453125 7.33138656616211 0.006103515625 60004
471000038817858 474 3.9014892578125 -4.16303443908691 -0.02461719512939 70004
471031747757938 474 -1.22845458984375 -5.89122486114502 0.00803375244141 80004
471063456697937 474 -0.6829833984375 6.17472410202026 0.00458383560181 90004
470778076238507 475 0.55034995079041 4.77880954742432 -0.00371240032837 4
470809785175208 475 4.81667327880859 -4.38995170593262 -0.03034174442291 10004
470841494118087 475 -0.5333251953125 -3.37311697006226 0.00271666049957 20004
470873203058128 475 0.19741821289063 -0.59006285667419 -0.00067937374115 30004
470904911969678 475 -0.18719482421875 -6.56990528106689 0.00100803375244 40004
470936620937938 475 4.39315795898438 -5.54822015762329 -0.02814984321594 50004
470968329846335 475 -0.8162841796875 7.24278783798218 0.006103515625 60004
471000038817858 475 3.921630859375 -4.14920139312744 -0.02461290359497 70004
471031747757938 475 -1.27056884765625 -5.53215217590332 0.00802516937256 80004
471063456697937 475 -0.73883056640625 6.57527446746826 0.0045862197876 90004
470778076238507 476 0.4592659175396 4.9268217086792 -0.00371239730157 4
470809785175208 476 4.72161865234375 -4.45816850662231 -0.03034192323685 10004
470841494118087 476 -0.47996520996094 -3.11181020736694 0.00271594524384 20004
470873203058128 476 0.24090576171875 -0.1263479590416 -0.00068080425262 30004
470904911969678 476 -0.26974487304688 -6.21556758880615 0.00100684165955 40004
470936620937938 476 4.58639526367188 -5.41218566894531 -0.02926850318909 50004
470968329846335 476 -0.70489501953125 7.03247165679932 0.00497889518738 60004
471000038817858 476 4.037841796875 -4.05804920196533 -0.02572727203369 70004
471031747757938 476 -1.41094970703125 -5.2072925567627 0.00801753997803 80004
471063456697938 476 0.0933837890625 -9.10533714294434 -0.00000381469727 90004
470778076238507 477 0.38002210855484 5.06153345108032 -0.00166500010528 4
470809785175208 477 4.59870910644531 -4.49969720840454 -0.03034216165543 10004
470841494118087 477 -0.41633605957031 -2.88157510757446 0.00271487236023 20004
470873203058128 477 0.2518310546875 0.30908590555191 -0.00068199634552 30004
470904911969678 477 -0.30868530273438 -5.88032913208008 0.00213599205017 40004
470936620937938 477 4.74874877929688 -5.32266998291016 -0.03039073944092 50004
470968329846335 477 -0.53375244140625 6.75120735168457 0.0038537979126 60004
471000038817858 477 4.23455810546875 -3.92720508575439 -0.02683782577515 70004
471031747757938 477 -1.61090087890625 -4.94084644317627 0.01002168655396 80004
471063456697938 477 0.186767578125 -8.81700706481934 -0.00113344192505 90004
470778076238507 478 0.18099184334278 5.26491737365723 -0.00166499987245 4
470809785175208 478 4.39846801757813 -4.51040172576904 -0.02851361036301 10004
470841494118087 478 -0.40046691894531 -2.72267770767212 0.00271427631378 20004
470873203058128 478 0.2406005859375 0.80698418617249 -0.00068271160126 30004
470904911969678 478 -0.27890014648438 -5.4930305480957 0.00213408470154 40004
470936620937938 478 4.96603393554688 -5.17357635498047 -0.03150749206543 50004
470968329846335 478 -0.27398681640625 6.34928321838379 0.00272798538208 60004
471000038817858 478 4.586669921875 -3.74999713897705 -0.0290789604187 70004
471031747757938 478 -1.90863037109375 -4.6957368850708 0.01203393936157 80004
471063456697938 478 0.186767578125 -8.46385765075684 -0.00114107131958 90004
470778076238507 479 0.09246572107077 5.51657962799072 -0.00166500010528 4
470809785175208 479 4.03269195556641 -4.3630518913269 -0.02659970521927 10004
470841494118087 479 -0.32264709472656 -2.43356418609619 0.00271308422089 20004
470873203058128 479 0.03369140625 1.22551786899567 -0.00068318843842 30004
470904911969678 479 -0.39730834960938 -5.14847040176392 0.00213146209717 40004
470936620937938 479 5.09970092773438 -5.01704978942871 -0.03262376785278 50004
470968329846335 479 -0.14569091796875 5.91888523101807 0.00159645080566 60004
471000038817858 479 4.9549560546875 -3.73904657363892 -0.03132009506226 70004
471031747757938 479 -2.1182861328125 -4.40130186080933 0.01404428482056 80004
471063456697938 479 0.04669189453125 -8.16379356384277 -0.00114393234253 90004
470778076238507 480 0.01463179849088 5.7900915145874 0.00034727767343 4
470809785175208 480 3.74068450927734 -4.13187408447266 -0.02471566200256 10004
470841494118087 480 -0.28512573242188 -2.11793804168701 0.00271129608154 20004
470873203058128 480 -0.04299926757813 1.70733404159546 -0.00068354606628 30004
470904911969678 480 -0.4329833984375 -4.76654148101807 0.00212740898132 40004
470936620937938 480 5.23959350585938 -4.71860647201538 -0.03374052047729 50004
470968329846335 480 0.02764892578125 5.47351026535034 0.00047302246094 60004
471000038817858 480 5.3287353515625 -3.63689661026001 -0.03355979919434 70004
471031747757938 480 -2.23651123046875 -4.04246473312378 0.01404142379761 80004
471063456697938 480 -0.056396484375 -7.82762241363525 0.00087928771973 90004
470778076238507 481 -0.01848971843719 6.01608943939209 0.00034727761522 4
470809785175208 481 3.57343292236328 -3.89681577682495 -0.02265137434006 10004
470841494118087 481 -0.25447082519531 -1.86156463623047 0.00270962715149 20004
470873203058128 481 -0.10452270507813 2.09901022911072 0.00134885311127 30004
470904911969678 481 -0.46975708007813 -4.45944976806641 0.00212407112122 40004
470936620937938 481 5.35879516601563 -4.43050384521484 -0.03373789787292 50004
470968329846335 481 0.224365234375 5.14712142944336 -0.00065135955811 60004
471000038817858 481 5.603759765625 -3.55517673492432 -0.03580236434937 70004
471031747757938 481 -2.26824951171875 -3.73715877532959 0.0140380859375 80004
471063456697938 481 -0.12255859375 -7.58025932312012 0.00087594985962 90004
470778076238507 482 0.00559336971492 6.28183650970459 0.00034727732418 4
470809785175208 482 3.46814727783203 -3.57396006584167 -0.02265238761902 10004
470841494118087 482 -0.17510986328125 -1.57288026809692 0.00158226490021 20004
470873203058128 482 -0.31143188476563 2.51754212379456 0.00134837627411 30004
470904911969678 482 -0.61880493164063 -4.12729215621948 0.00415730476379 40004
470936620937938 482 5.51370239257813 -4.10571336746216 -0.03485417366028 50004
470968329846335 482 0.56036376953125 4.84947490692139 -0.0028977394104 60004
471000038817858 482 5.8656005859375 -3.55094242095947 -0.03692293167114 70004
471031747757938 482 -2.23895263671875 -3.39211940765381 0.01403331756592 80004
471063456697938 482 -0.1976318359375 -7.37719821929932 0.0008716583252 90004
470778076238508 483 -0.11942088603973 -9.04928112030029 -0.00000000017462 4
470809785175208 483 3.21695709228516 -3.29112958908081 -0.02062255144119 10004
470841494118087 483 -0.06349182128906 -1.3169891834259 0.00045871734619 20004
470873203058128 483 -0.44662475585938 2.70716381072998 0.00339770317078 30004
470904911969678 483 -0.86798095703125 -3.89899206161499 0.00617694854736 40004
470936620937938 483 5.5260009765625 -3.85643768310547 -0.03485107421875 50004
470968329846335 483 0.73748779296875 4.47283029556274 -0.00401735305786 60004
471000038817858 483 6.101318359375 -3.6482150554657 -0.0391731262207 70004
471031747757938 483 -2.34490966796875 -3.07499527931213 0.01403093338013 80004
471063456697938 483 -0.1788330078125 -7.07769393920898 0.00086498260498 90004
470778076238508 484 -0.24991154670715 -8.76627445220947 0.00200762366876 4
470809785175208 484 3.01723480224609 -2.94118452072144 -0.01859933137894 10004
470841494118087 484 -0.004150390625 -1.02990245819092 0.00045800209045 20004
470873203058128 484 -0.56350708007813 3.0378749370575 0.0033974647522 30004
470904911969678 484 -1.07638549804688 -3.61083602905273 0.00617527961731 40004
470936620937938 484 5.44747924804688 -3.55898857116699 -0.03484773635864 50004
470968329846335 484 0.869140625 4.17123222351074 -0.00513601303101 60004
471000038817858 484 6.34820556640625 -3.84976387023926 -0.04028654098511 70004
471031747757938 484 -2.38690185546875 -2.72450828552246 0.01604175567627 80004
471063456697938 484 -0.1337890625 -6.79379844665527 0.00085926055908 90004
470778076238508 485 -0.38262367248535 -8.46835803985596 0.00200762203895 4
470809785175208 485 2.85749053955078 -2.53332757949829 -0.01859939098358 10004
470841494118087 485 -0.01727294921875 -0.7539843916893 0.00045728683472 20004
470873203058128 485 -0.65359497070313 3.52717185020447 0.00339734554291 30004
470904911969678 485 -1.19442749023438 -3.24799346923828 0.00819396972656 40004
470936620937938 485 5.25521850585938 -3.2341890335083 -0.03484463691711 50004
470968329846335 485 0.991943359375 3.90452098846436 -0.00625419616699 60004
471000038817858 485 6.56329345703125 -4.11790657043457 -0.04140186309814 70004
471031747757938 485 -2.38763427734375 -2.34323406219482 0.01603507995605 80004
471063456697938 485 -0.05810546875 -6.51972389221191 0.00085163116455 90004
470778076238508 486 -0.50792950391769 -8.16735458374023 0.00405245646834 4
470809785175208 486 2.6427001953125 -2.1809823513031 -0.01653879880905 10004
470841494118087 486 -0.07884216308594 -0.61738932132721 0.00045680999756 20004
470873203058128 486 -0.70156860351563 3.99160885810852 0.00539886951447 30004
470904911969678 486 -1.18939208984375 -2.88379597663879 0.00819277763367 40004
470936620937938 486 4.98175048828125 -2.99990701675415 -0.03278255462646 50004
470968329846335 486 1.18084716796875 3.5201461315155 -0.00737404823303 60004
471000038817858 486 6.64202880859375 -4.28521203994751 -0.04251718521118 70004
471031747757938 486 -2.48101806640625 -1.994096159935 0.01603317260742 80004
471063456697938 486 0.04443359375 -6.22270679473877 -0.00028085708618 90004
470778076238508 487 -0.57213032245636 -7.87024402618408 0.00405245833099 4
470809785175208 487 2.58870697021484 -1.80202007293701 -0.01653945446014 10004
470841494118087 487 -0.08195495605469 -0.53263491392136 0.00045657157898 20004
470873203058128 487 -0.61553955078125 4.41730403900146 0.00427293777466 30004
470904911969678 487 -1.31838989257813 -2.57164931297302 0.00819206237793 40004
470936620937938 487 4.72061157226563 -2.80536675453186 -0.03066086769104 50004
470968329846335 487 1.26336669921875 3.11157584190369 -0.00738048553467 60004
471000038817858 487 6.64727783203125 -4.29636573791504 -0.04251718521118 70004
471031747757938 487 -2.437255859375 -1.68677806854248 0.01602840423584 80004
471063456697938 487 0.20361328125 -5.95979785919189 -0.0002875328064 90004
470778076238508 488 -0.68193227052689 -7.54241895675659 0.00405246159062 4
470809785175208 488 2.43850708007813 -1.39921092987061 -0.01654040813446 10004
470841494118087 488 -0.1220703125 -0.40155318379402 0.00045621395111 20004
470873203058128 488 -0.62686157226563 4.90357494354248 0.00427198410034 30004
470904911969678 488 -1.385009765625 -2.19812560081482 0.00819039344788 40004
470936620937938 488 4.49703979492188 -2.53881788253784 -0.0286180973053 50004
470968329846335 488 1.45697021484375 2.68496775627136 -0.00851082801819 60004
471000038817858 488 6.64727783203125 -4.29636573791504 -0.04251718521118 70004
471031747757938 488 -2.42681884765625 -1.31755292415619 0.01602745056152 80004
471063456697938 488 0.38726806640625 -5.65815496444702 -0.0014181137085 90004
470778076238508 489 -0.81219518184662 -7.29559183120728 0.0060678482987 4
470809785175208 489 2.23519897460938 -1.11035025119781 -0.01448577642441 10004
470841494118087 489 -0.17120361328125 -0.25124660134315 0.00045621395111 20004
470873203058128 489 -0.68603515625 5.29885292053223 0.00427150726318 30004
470904911969678 489 -1.36019897460938 -1.88731479644775 0.00818967819214 40004
470936620937938 489 4.36972045898438 -2.28482007980347 -0.02861785888672 50004
470968329846335 489 1.67132568359375 2.36067771911621 -0.01076292991638 60004
471000038817858 489 6.64019775390625 -4.30393886566162 -0.04251670837402 70004
471031747757938 489 -2.43096923828125 -1.01076626777649 0.01602554321289 80004
471063456697938 489 0.5206298828125 -5.40641212463379 -0.00254249572754 90004
470778076238508 490 -1.07486379146576 -7.06766796112061 0.00606784690171 4
470809785175208 490 1.86871337890625 -0.86657607555389 -0.01256763935089 10004
470841494118087 490 -0.16680908203125 0.06808092445135 0.00045585632324 20004
470873203058128 490 -0.57647705078125 5.78467750549316 0.00427031517029 30004
470904911969678 490 -1.19125366210938 -1.53745365142822 0.00818729400635 40004
470936620937938 490 4.25881958007813 -1.91707897186279 -0.02657532691956 50004
470968329846335 490 1.86175537109375 1.92144548892975 -0.01189351081848 60004
471000038817858 490 6.58355712890625 -4.36452388763428 -0.0425124168396 70004
471031747757938 490 -2.30303955078125 -0.67120480537415 0.01490259170532 80004
471063456697938 490 0.5968017578125 -5.06191444396973 -0.00366020202637 90004
470778076238508 491 -1.21399426460266 -6.8009614944458 0.00807662494481 4
470809785175208 491 1.54778289794922 -0.6536722779274 -0.01065021753311 10004
470841494118087 491 -0.26417541503906 0.32649773359299 0.00248610973358 20004
470873203058128 491 -0.64199829101563 6.21036911010742 0.00426971912384 30004
470904911969678 491 -0.95516967773438 -1.29709005355835 0.0070629119873 40004
470936620937938 491 4.23941040039063 -1.58307480812073 -0.02657294273376 50004
470968329846335 491 1.98150634765625 1.52057206630707 -0.0119001865387 60004
471000038817858 491 6.40509033203125 -4.44125938415527 -0.04049253463745 70004
471031747757938 491 -2.12884521484375 -0.38654541969299 0.01377487182617 80004
471063456697938 491 0.7667236328125 -4.80932235717773 -0.00477838516235 90004
470778076238508 492 -1.33425188064575 -6.54534482955933 0.00807661563158 4
470809785175208 492 1.28839111328125 -0.41736423969269 -0.00872975587845 10004
470841494118087 492 -0.32783508300781 0.5719878077507 0.00248396396637 20004
470873203058129 492 -0.05767822265625 -9.18181228637695 -0.00000011920929 30004
470904911969678 492 -0.7061767578125 -1.10621094703674 0.0048143863678 40004
470936620937938 492 4.18280029296875 -1.28321385383606 -0.02657055854797 50004
470968329846335 492 2.11077880859375 1.15533030033112 -0.01302862167358 60004
471000038817858 492 6.2337646484375 -4.48438739776611 -0.04048871994019 70004
471031747757938 492 -2.00628662109375 -0.10577587783337 0.01377201080322 80004
471063456697938 492 0.93072509765625 -4.57560586929321 -0.00589752197266 90004
470778076238508 493 -1.49229454994202 -6.23554372787476 0.01010823622346 4
470809785175208 493 1.05641937255859 -0.04610580578446 -0.00667035579681 10004
470841494118087 493 -0.32565307617188 0.89116734266281 0.00248146057129 20004
470873203058129 493 -0.23046875 -8.78384113311768 0.00205504894257 30004
470904911969678 493 -0.37445068359375 -0.90734326839447 0.00255942344666 40004
470936620937938 493 4.0052490234375 -0.94461339712143 -0.02656745910645 50004
470968329846335 493 2.315673828125 0.72300386428833 -0.01415467262268 60004
471000038817858 493 6.04449462890625 -4.47727012634277 -0.03846883773804 70004
471031747757938 493 -1.95648193359375 0.27615946531296 0.01264476776123 80004
471063456697938 493 1.115478515625 -4.27620458602905 -0.00701379776001 90004
470778076238508 494 -1.64077174663544 -5.94525146484375 0.0101082213223 4
470809785175208 494 0.99525451660156 0.36204385757446 -0.00667023658752 10004
470841494118087 494 -0.36158752441406 1.18837249279022 0.00247931480408 20004
470873203058129 494 -0.23046875 -8.37481498718262 0.00205504894257 30004
470904911969678 494 -0.15838623046875 -0.61495923995972 0.0014340877533 40004
470936620937938 494 3.72482299804688 -0.71825909614563 -0.02449035644531 50004
470968329846335 494 2.45025634765625 0.29491078853607 -0.01527714729309 60004
471000038817858 494 5.77349853515625 -4.5046215057373 -0.03635787963867 70004
471031747757938 494 -1.97845458984375 0.6369863152504 0.0126428604126 80004
471063456697938 494 1.3187255859375 -4.01653099060059 -0.00812244415283 90004
470778076238508 495 -1.85183203220367 -5.73429441452026 0.01220627781004 4
470809785175208 495 0.82707214355469 0.70023888349533 -0.00457990169525 10004
470841494118087 495 -0.47053527832031 1.44066774845123 0.00247752666473 20004
470873203058129 495 -0.239013671875 -7.99319076538086 0.00205445289612 30004
470904911969678 495 -0.00985717773438 -0.31201151013374 0.00030922889709 40004
470936620937938 495 3.55917358398438 -0.47218352556229 -0.02244687080383 50004
470968329846335 495 2.68450927734375 -0.04337199777365 -0.01639986038208 60004
471000038817858 495 5.46319580078125 -4.44870090484619 -0.03636026382446 70004
471031747757938 495 -1.90069580078125 0.95913165807724 0.01263809204102 80004
471063456697938 495 1.42236328125 -3.73252058029175 -0.00810623168945 90004
470778076238508 496 -2.0628936290741 -5.52334976196289 0.01220626849681 4
470809785175208 496 0.62014007568359 1.0248988866806 -0.00458067655563 10004
470841494118087 496 -0.57666015625 1.69323909282684 0.00448453426361 20004
470873203058129 496 -0.2593994140625 -7.63365173339844 0.00205397605896 30004
470904911969678 496 0.08346557617188 0.01007339730859 0.0003068447113 40004
470936620937938 496 3.41561889648438 -0.20611079037189 -0.02244424819946 50004
470968329846335 496 2.9521484375 -0.3653818666935 -0.01864814758301 60004
471000038817858 496 5.13909912109375 -4.33573913574219 -0.03424072265625 70004
471031747757938 496 -1.77996826171875 1.23719906806946 0.01150846481323 80004
471063456697938 496 1.46636962890625 -3.42969703674316 -0.00922012329102 90004
470778076238508 497 -2.22126412391663 -5.21368646621704 0.01422854885459 4
470809785175208 497 0.40000915527344 1.40606153011322 -0.00252062082291 10004
470841494118087 497 -0.603759765625 2.01144218444824 0.00448393821716 20004
470873203058129 497 -0.3067626953125 -7.28569793701172 0.00205338001251 30004
470904911969678 497 0.09176635742188 0.39849814772606 0.00030636787415 40004
470936620937938 497 3.205078125 0.11532156169415 -0.0203754901886 50004
470968329846335 497 3.2275390625 -0.75692319869995 -0.01977109909058 60004
471000038817858 497 4.79730224609375 -4.13674926757813 -0.03009176254272 70004
471031747757938 497 -1.63153076171875 1.4457676410675 0.01150274276733 80004
471063456697938 497 1.44097900390625 -3.07746315002441 -0.00921630859375 90004
470778076238508 498 -2.28249335289001 -5.05094718933105 0.01422853302211 4
470809785175208 498 0.36155700683594 1.84459912776947 -0.00252157449722 10004
470841494118087 498 -0.708251953125 2.31318473815918 0.00448322296143 20004
470873203058129 498 -0.2813720703125 -7.03208923339844 0.00205218791962 30004
470904911969678 498 -0.01028442382813 0.77339321374893 0.00030565261841 40004
470936620937938 498 3.150390625 0.4955128133297 -0.02037262916565 50004
470968329846335 498 3.4853515625 -1.16003429889679 -0.02201652526855 60004
471000038817858 498 4.57171630859375 -3.81247711181641 -0.03008842468262 70004
471031747757938 498 -1.559814453125 1.82490468025208 0.01036787033081 80004
471063456697938 498 1.56695556640625 -2.74745750427246 -0.00920677185059 90004
470778076238508 499 -2.32683849334717 -4.779700756073 0.01422851905227 4
470809785175208 499 0.20061492919922 2.21626353263855 -0.0004380941391 10004
470841494118087 499 -0.71188354492188 2.60702800750732 0.00448203086853 20004
470873203058129 499 -0.15753173828125 -6.69264221191406 0.00205111503601 30004
470904911969678 499 -0.15899658203125 1.10412168502808 0.00030517578125 40004
470936620937938 499 2.99203491210938 0.8115451335907 -0.02036952972412 50004
470968329846335 499 3.82037353515625 -1.44826650619507 -0.02426242828369 60004
471000038817858 499 4.33929443359375 -3.52507567405701 -0.02803468704224 70004
471031747757938 499 -1.44976806640625 2.16877341270447 0.01035165786743 80004
471063456697938 499 1.675048828125 -2.43488812446594 -0.01031875610352 90004
470778076238508 500 -2.343266248703 -4.48260307312012 0.01524260360748 4
470809785175208 500 -0.03594207763672 2.50954413414001 -0.00043821334839 10004
470841494118087 500 -0.64228820800781 2.87137508392334 0.00448083877563 20004
470873203058129 500 0.03530883789063 -6.38008880615234 -0.00019943714142 30004
470904911969678 500 -0.26266479492188 1.35868358612061 0.00232672691345 40004
470936620937938 500 2.79220581054688 1.08093273639679 -0.01832175254822 50004
470968329846335 500 4.09912109375 -1.70004093647003 -0.02538537979126 60004
471000038817858 500 4.12158203125 -3.32292890548706 -0.02597713470459 70004
471031747757938 500 -1.339111328125 2.48782968521118 0.00921249389648 80004
471063456697938 500 1.75347900390625 -2.16505312919617 -0.01031064987183 90004
470778076238508 501 -2.3212730884552 -4.15724039077759 0.01524258591235 4
470809785175208 501 -0.37406158447266 2.74615788459778 0.0033523440361 10004
470841494118087 501 -0.48870849609375 3.12833070755005 0.00335609912872 20004
470873203058129 501 0.32461547851563 -6.11999320983887 -0.00132298469543 30004
470904911969678 501 -0.27090454101563 1.54063034057617 0.00232529640198 40004
470936620937938 501 2.54867553710938 1.34667885303497 -0.01630687713623 50004
470968329846335 501 4.27288818359375 -1.9952484369278 -0.02651238441467 60004
471000038817858 501 3.90234375 -3.22294330596924 -0.0259690284729 70004
471031747757938 501 -1.232421875 2.83360934257507 0.00807237625122 80004
471063456697938 501 1.80096435546875 -1.92026042938232 -0.01142930984497 90004
470778076238508 502 -2.27629971504211 -3.8123152256012 0.01524257287383 4
470809785175208 502 -0.59077453613281 2.78431868553162 0.00335139036179 10004
470841494118087 502 -0.44891357421875 3.44520616531372 0.00335466861725 20004
470873203058129 502 0.49551391601563 -5.71847343444824 -0.00244450569153 30004
470904911969678 502 -0.41818237304688 1.90024185180664 0.00232219696045 40004
470936620937938 502 2.43295288085938 1.71313202381134 -0.01630449295044 50004
470968329846335 502 4.568115234375 -2.37331914901733 -0.0287618637085 60004
471000038817858 502 3.646484375 -2.92282199859619 -0.02388000488281 70004
471031747757938 502 -1.2197265625 3.21900820732117 0.00806331634521 80004
471063456697938 502 2.00799560546875 -1.63526821136475 -0.01254367828369 90004
470778076238508 503 -2.26172852516174 -3.56542897224426 0.01524255331606 4
470809785175208 503 -0.971923828125 2.8393394947052 0.00720250606537 10004
470841494118087 503 -0.4755859375 3.63841962814331 0.00335371494293 20004
470873203058129 503 0.52798461914063 -5.32095336914063 -0.00244212150574 30004
470904911969678 503 -0.57162475585938 2.25706672668457 0.0043728351593 40004
470936620937938 503 2.20965576171875 2.01734232902527 -0.01422715187073 50004
470968329846335 503 4.7218017578125 -2.81787729263306 -0.02988910675049 60004
471000038817858 503 3.413330078125 -2.64111995697021 -0.02185678482056 70004
471031747757938 503 -1.08544921875 3.57332491874695 0.00804901123047 80004
471063456697938 503 2.19598388671875 -1.3376030921936 -0.01365900039673 90004
470778076238508 504 -2.27548789978027 -3.35080742835999 0.01524255145341 4
470809785175208 504 -1.32310485839844 2.83539462089539 0.00912094116211 10004
470841494118087 504 -0.4951171875 3.7850296497345 0.00335311889648 20004
470873203058129 504 0.54434204101563 -4.98849201202393 -0.00244069099426 30004
470904911969678 504 -0.64642333984375 2.55639123916626 0.00436949729919 40004
470936620937938 504 2.04446411132813 2.27201128005981 -0.01422739028931 50004
470968329846335 504 4.7591552734375 -3.12434983253479 -0.02989196777344 60004
471000038817858 504 3.20379638671875 -2.42689108848572 -0.01981544494629 70004
471031747757938 504 -0.99407958984375 3.86574006080627 0.00691509246826 80004
471063456697938 504 2.30908203125 -1.07872629165649 -0.01477527618408 90004
470778076238508 505 -2.32341766357422 -3.02825665473938 0.01524254214019 4
470809785175208 505 -1.7227783203125 2.73259711265564 0.01117968559265 10004
470841494118087 505 -0.48046875 3.99687051773071 0.00335240364075 20004
470873203058129 505 0.61392211914063 -4.58538818359375 -0.00356113910675 30004
470904911969678 505 -0.63772583007813 2.9205207824707 0.00436496734619 40004
470936620937938 505 1.93780517578125 2.61082434654236 -0.01222205162048 50004
470968329846335 505 4.7115478515625 -3.34368658065796 -0.02989411354065 60004
471000038817858 505 2.91357421875 -2.19754791259766 -0.01981210708618 70004
471031747757938 505 -0.982177734375 4.22705173492432 0.00690650939941 80004
471063456697938 505 2.37591552734375 -0.75493001937866 -0.01476812362671 90004
470778076238508 506 -2.51512312889099 -2.73809552192688 0.01524253562093 4
470809785175208 506 -2.1123046875 2.52767515182495 0.01313525438309 10004
470841494118087 506 -0.54443359375 4.16321420669556 0.00335240364075 20004
470873203058129 506 0.63540649414063 -4.14962005615234 -0.00355935096741 30004
470904911969678 506 -0.4996337890625 3.28397369384766 0.00323271751404 40004
470936620937938 506 1.67852783203125 2.89428687095642 -0.01018023490906 50004
470968329846335 506 4.5523681640625 -3.60239171981812 -0.02989602088928 60004
471000038817858 506 2.73681640625 -1.84507369995117 -0.01774883270264 70004
471031747757938 506 -0.813232421875 4.57386112213135 0.00576639175415 80004
471063456697938 506 2.54974365234375 -0.50420522689819 -0.01588296890259 90004
470778076238508 507 -2.71893835067749 -2.48425245285034 0.01729522459209 4
470809785175208 507 -2.47020721435547 2.32248282432556 0.01501679420471 10004
470841494118087 507 -0.54515075683594 4.42382764816284 0.00335001945496 20004
470873203058129 507 0.57431030273438 -3.74814510345459 -0.00355792045593 30004
470904911969678 507 -0.4854736328125 3.64118337631226 0.00322771072388 40004
470936620937938 507 1.49252319335938 3.19975233078003 -0.01017808914185 50004
470968329846335 507 4.3519287109375 -3.77745604515076 -0.02783751487732 60004
471000038817858 507 2.4794921875 -1.58877015113831 -0.01564836502075 70004
471031747757938 507 -0.70635986328125 4.91753149032593 0.00462865829468 80004
471063456697938 507 2.6341552734375 -0.20241983234882 -0.01587581634521 90004
470778076238508 508 -2.94551610946655 -2.29119896888733 0.01940224133432 4
470809785175208 508 -2.81980895996094 2.17883372306824 0.01892775297165 10004
470841494118087 508 -0.53181457519531 4.70283079147339 0.00334811210632 20004
470873203058129 508 0.49139404296875 -3.3754677772522 -0.00355660915375 30004
470904911969678 508 -0.54559326171875 3.97237706184387 0.00322365760803 40004
470936620937938 508 1.320068359375 3.4869601726532 -0.00817084312439 50004
470968329846335 508 4.14678955078125 -3.98890089988709 -0.02783942222595 60004
471000038817858 508 2.249267578125 -1.34101605415344 -0.01361513137817 70004
471031747757938 508 -0.67706298828125 5.2461576461792 0.00462532043457 80004
471063456697938 508 2.63897705078125 0.09984301030636 -0.01699209213257 90004
470778076238508 509 -3.24262428283691 -2.15699505805969 0.02144357189536 4
470809785175208 509 -3.22903442382813 2.12580966949463 0.02086013555527 10004
470841494118087 509 -0.529296875 5.00222253799438 0.00334763526917 20004
470873203058129 509 0.40579223632813 -2.97547173500061 -0.00355505943298 30004
470904911969678 509 -0.67648315429688 4.31220197677612 0.0052433013916 40004
470936620937938 509 1.100341796875 3.77274775505066 -0.00816559791565 50004
470968329846335 509 3.9261474609375 -4.35228633880615 -0.02576041221619 60004
471000038817858 509 2.0826416015625 -1.01057147979736 -0.01361179351807 70004
471031747757938 509 -0.7454833984375 5.60129642486572 0.00462198257446 80004
471063456697938 509 2.55291748046875 0.41973924636841 -0.01698875427246 90004
470778076238508 510 -3.46936702728271 -1.89330911636353 0.0214435569942 4
470809785175208 510 -3.65096282958984 2.00053310394287 0.02275818586349 10004
470841494118087 510 -0.616943359375 5.30928468704224 0.00334715843201 20004
470873203058129 510 0.15139770507813 -2.62097191810608 -0.00146472454071 30004
470904911969678 510 -0.66268920898438 4.50600385665894 0.00523710250854 40004
470936620937938 510 0.83621215820313 4.02827548980713 -0.00614404678345 50004
470968329846335 510 3.7181396484375 -4.49157619476318 -0.023756980896 60004
471000038817858 510 1.7720947265625 -0.7659387588501 -0.01159524917603 70004
471031747757938 510 -0.9095458984375 5.95039463043213 0.00666618347168 80004
471063456697938 510 2.59100341796875 0.77058267593384 -0.01697969436646 90004
470778076238508 511 -3.59072065353394 -1.59716653823853 0.02346923202276 4
470809785175208 511 -4.05522155761719 1.9212042093277 0.02671015262604 10004
470841494118087 511 -0.60427856445313 5.60287761688232 0.00334644317627 20004
470873203058129 511 0.00958251953125 -2.24275374412537 0.00056004524231 30004
470904911969678 511 -0.57070922851563 4.71436500549316 0.00410604476929 40004
470936620937938 511 0.67596435546875 4.33885622024536 -0.00412344932556 50004
470968329846335 511 3.52178955078125 -4.54858589172363 -0.02375602722168 60004
471000038817858 511 1.47052001953125 -0.55099755525589 -0.00957679748535 70004
471031747757938 511 -0.97943115234375 6.30117273330688 0.00665760040283 80004
471063456697938 511 2.66766357421875 1.09132599830627 -0.01697158813477 90004
470778076238508 512 -3.64465403556824 -1.28697526454926 0.02346923202276 4
470809785175208 512 -4.43917083740234 1.92156827449799 0.02863478660583 10004
470841494118087 512 -0.61433410644531 5.91461753845215 0.00334548950195 20004
470873203058129 512 -0.16555786132813 -1.85075271129608 0.00055861473083 30004
470904911969678 512 -0.45333862304688 5.00929021835327 0.00297355651855 40004
470936620937938 512 0.58404541015625 4.70809698104858 -0.00412201881409 50004
470968329846336 512 0.05126953125 -9.19583129882813 -0.00000095367432 60004
471000038817858 512 1.1165771484375 -0.39654988050461 -0.00747442245483 70004
471031747757939 512 0.07391357421875 -9.14687824249268 -0.00000095367432 80004
471063456697938 512 2.70465087890625 1.43549907207489 -0.01696491241455 90004
470778076238508 513 -3.63690543174744 -1.02517902851105 0.02346921898425 4
470809785175208 513 -4.71870422363281 2.00657868385315 0.0305587053299 10004
470841494118087 513 -0.69032287597656 6.20373201370239 0.00535798072815 20004
470873203058129 513 -0.38177490234375 -1.51139831542969 0.00262200832367 30004
470904911969678 513 -0.37918090820313 5.36187124252319 0.00296521186829 40004
470936620937938 513 0.56912231445313 5.05580615997314 -0.00412058830261 50004
470968329846336 513 0.1719970703125 -8.9622745513916 -0.00000333786011 60004
471000038817858 513 0.75726318359375 -0.31977182626724 -0.00546360015869 70004
471031747757939 513 0.233642578125 -8.80789947509766 -0.00112676620483 80004
471063456697938 513 2.64813232421875 1.75822365283966 -0.01696157455444 90004
470778076238508 514 -3.55982899665833 -0.74093967676163 0.02346921898425 4
470809785175208 514 -4.88349914550781 2.09777235984802 0.03239476680756 10004
470841494118087 514 -0.72840881347656 6.52085542678833 0.00535881519318 20004
470873203058129 514 -0.45941162109375 -1.10032844543457 0.00262141227722 30004
470904911969678 514 -0.44607543945313 5.74462270736694 0.00296068191528 40004
470936620937938 514 0.66873168945313 5.35043811798096 -0.00411820411682 50004
470968329846336 514 0.3760986328125 -8.72139930725098 -0.0022509098053 60004
471000038817858 514 0.41058349609375 -0.13083416223526 -0.00337553024292 70004
471031747757939 514 0.413330078125 -8.45095062255859 -0.00225067138672 80004
471063456697938 514 2.46258544921875 2.05930256843567 -0.01695775985718 90004
470778076238508 515 -3.44069170951843 -0.46861419081688 0.02234617620707 4
470809785175208 515 -4.99524688720703 2.23433685302734 0.03239393234253 10004
470841494118088 515 0.09228515625 -8.96808815002441 0 20004
470873203058129 515 -0.38818359375 -0.73189407587051 0.00262045860291 30004
470904911969678 515 -0.47457885742188 6.08316373825073 0.0029559135437 40004
470936620937938 515 0.64968872070313 5.67361545562744 -0.00411653518677 50004
470968329846336 515 0.47119140625 -8.43731117248535 -0.00224566459656 60004
471000038817858 515 0.19146728515625 0.13095517456532 -0.00132703781128 70004
471031747757939 515 0.513427734375 -8.1167049407959 -0.00225257873535 80004
471063456697938 515 2.24456787109375 2.27702736854553 -0.01491355895996 90004
470778076238508 516 -3.36817216873169 -0.15856626629829 0.02234616503119 4
470809785175208 516 -5.06804656982422 2.37964367866516 0.03239315748215 10004
470841494118088 516 0.21971130371094 -8.66543483734131 -0.00112438201904 20004
470873203058129 516 -0.36968994140625 -0.33294880390167 0.0026193857193 30004
470904911969678 516 -0.49591064453125 6.44675540924072 0.00295186042786 40004
470936620937938 516 0.54129028320313 6.00811910629272 -0.00411510467529 50004
470968329846336 516 0.5064697265625 -8.1148042678833 -0.00224137306213 60004
471000038817858 516 0.028564453125 0.45613396167755 0.00067520141602 70004
471031747757939 516 0.5703125 -7.74880838394165 -0.00337648391724 80004
471063456697938 516 2.085205078125 2.46863269805908 -0.01288414001465 90004
470778076238508 517 -3.35994577407837 0.14378568530083 0.02234615944326 4
470809785175208 517 -5.09046173095703 2.49458026885986 0.03239244222641 10004
470841494118088 517 0.36192321777344 -8.477294921875 -0.00224828720093 20004
470873203058129 517 -0.45062255859375 0.0678231716156 0.00261890888214 30004
470904911969679 517 -0.01629638671875 -9.25828170776367 0 40004
470936620937938 517 0.350341796875 6.31343650817871 -0.00205945968628 50004
470968329846336 517 0.4647216796875 -7.79234504699707 -0.00223827362061 60004
471000038817858 517 -0.05023193359375 0.81408309936523 0.00067758560181 70004
471031747757939 517 0.5775146484375 -7.37423992156982 -0.00337791442871 80004
471063456697938 517 2.02410888671875 2.62621855735779 -0.01287984848022 90004
470778076238508 518 -3.29151129722595 0.29178041219711 0.02122309245169 4
470809785175208 518 -5.09046173095703 2.49458026885986 0.03239154815674 10004
470841494118088 518 0.51069641113281 -8.14977931976318 -0.00225186347961 20004
470873203058129 518 -0.56369018554688 0.4609178006649 0.00261867046356 30004
470904911969679 518 -0.13851928710938 -8.90504550933838 -0.00000047683716 40004
470936620937938 518 0.13656616210938 6.60310792922974 -0.00002861022949 50004
470968329846336 518 0.30633544921875 -7.50761604309082 -0.00223565101624 60004
471000038817858 518 -0.00445556640625 1.18102407455444 0.00067949295044 70004
471031747757939 518 0.56011962890625 -6.99988222122192 -0.00337791442871 80004
471063456697938 518 1.97650146484375 2.81158781051636 -0.01287603378296 90004
470778076238508 519 -3.27850723266602 0.53719747066498 0.02122305706143 4
470809785175208 519 -5.07636260986328 2.51200222969055 0.03239023685455 10004
470841494118088 519 0.53688049316406 -7.76582908630371 -0.0033768415451 20004
470873203058129 519 -0.62652587890625 0.68387174606323 0.00462102890015 30004
470904911969679 519 -0.31768798828125 -8.67486000061035 0.00207996368408 40004
470936620937939 519 0.0013427734375 -8.9694766998291 0.0000011920929 50004
470968329846336 519 0.2572021484375 -7.20994138717651 -0.00223302841187 60004
471000038817858 519 -0.07855224609375 1.51247251033783 0.0006799697876 70004
471031747757939 519 0.49688720703125 -6.6568021774292 -0.00337839126587 80004
471063456697938 519 1.81390380859375 3.03790879249573 -0.01082992553711 90004
470778076238508 520 -3.28248810768127 0.75825935602188 0.02122303657234 4
470809785175208 520 -5.05792236328125 2.55402040481567 0.03238880634308 10004
470841494118088 520 0.49699401855469 -7.36435222625732 -0.00337839126587 20004
470873203058129 520 -0.64956665039063 0.86079502105713 0.00462019443512 30004
470904911969679 520 -0.48257446289063 -8.47267913818359 0.00207710266113 40004
470936620937939 520 0.03494262695313 -8.54546356201172 0.00000238418579 50004
470968329846336 520 0.26885986328125 -6.90639400482178 -0.00222897529602 60004
471000038817858 520 -0.13751220703125 1.79665112495422 0.00068092346191 70004
471031747757939 520 0.45318603515625 -6.31255149841309 -0.00337886810303 80004
471063456697938 520 1.662109375 3.29992842674255 -0.01082706451416 90004
470778076238508 521 -3.29051375389099 0.89767271280289 0.02122299931943 4
470809785175208 521 -5.02496337890625 2.65246176719666 0.0323873758316 10004
470841494118088 521 0.36738586425781 -6.91920518875122 -0.00337994098663 20004
470873203058129 521 -0.62203979492188 1.06274259090424 0.00461900234222 30004
470904911969679 521 -0.6107177734375 -8.23362731933594 0.00409603118896 40004
470936620937939 521 0.14154052734375 -8.06876277923584 0.00000524520874 50004
470968329846336 521 0.34344482421875 -6.56708908081055 -0.0022234916687 60004
471000038817858 521 -0.1136474609375 2.03717827796936 0.00068378448486 70004
471031747757939 521 0.46392822265625 -5.92349481582642 -0.00337886810303 80004
471063456697938 521 1.56854248046875 3.63867592811584 -0.01082324981689 90004
470778076238508 522 -3.25920724868774 0.98094737529755 0.02122294716537 4
470809785175208 522 -4.8536376953125 2.86452507972717 0.03126329183578 10004
470841494118088 522 0.10684204101563 -6.60535478591919 -0.00130414962769 20004
470873203058129 522 -0.65322875976563 1.41910755634308 0.00461828708649 30004
470904911969679 522 -0.79229736328125 -7.89618062973022 0.00409245491028 40004
470936620937939 522 0.26885986328125 -7.66064929962158 -0.0011157989502 50004
470968329846336 522 0.29815673828125 -6.29349136352539 -0.00222086906433 60004
471000038817858 522 -0.1640625 2.33694815635681 0.00068521499634 70004
471031747757939 522 0.39642333984375 -5.71861028671265 -0.00337934494019 80004
471063456697938 522 1.37432861328125 3.87953591346741 -0.00879955291748 90004
470778076238508 523 -3.24802684783936 1.01068687438965 0.02122293040156 4
470809785175208 523 -4.75017547607422 2.96962761878967 0.03126323223114 10004
470841494118088 523 -0.21394348144531 -6.36303567886353 0.00215649604797 20004
470873203058129 523 -0.7108154296875 1.78732466697693 0.00461769104004 30004
470904911969679 523 -0.87115478515625 -7.52977466583252 0.00612688064575 40004
470936620937939 523 0.33602905273438 -7.33911752700806 -0.0011134147644 50004
470968329846336 523 0.17047119140625 -6.03269529342651 -0.00221800804138 60004
471000038817858 523 -0.1298828125 2.63201880455017 0.00068664550781 70004
471031747757939 523 0.398681640625 -5.42214441299438 -0.00230503082275 80004
471063456697938 523 1.1551513671875 4.09658145904541 -0.00671148300171 90004
470778076238508 524 -3.24802684783936 1.01068687438965 0.02122293040156 4
470809785175208 524 -4.67868804931641 3.03905034065247 0.03013986349106 10004
470841494118088 524 -0.51884460449219 -6.16606092453003 0.00346028804779 20004
470873203058129 524 -0.754638671875 2.13471961021423 0.00461733341217 30004
470904911969679 524 -0.91421508789063 -7.18103790283203 0.00612664222717 40004
470936620937939 524 0.34375 -7.0661792755127 -0.00223350524902 50004
470968329846336 524 0.0028076171875 -5.80267429351807 -0.00015664100647 60004
471000038817858 524 -0.07427978515625 2.91042995452881 0.00068855285645 70004
471031747757939 524 0.4212646484375 -5.11991310119629 -0.00230693817139 80004
471063456697938 524 0.95623779296875 4.28071260452271 -0.00670146942139 90004
470778076238508 525 -3.24802684783936 1.01068687438965 0.02122293040156 4
470809785175208 525 -4.53030395507813 3.29070425033569 0.03013861179352 10004
470841494118088 525 -0.71888732910156 -5.88276243209839 0.00548672676086 20004
470873203058129 525 -0.65481567382813 2.53152918815613 0.00461626052856 30004
470904911969679 525 -1.1087646484375 -6.81948328018188 0.00612568855286 40004
470936620937939 525 0.2027587890625 -6.63043117523193 -0.00223255157471 50004
470968329846336 525 -0.23223876953125 -5.57244062423706 0.0019326210022 60004
471000038817858 525 -0.1356201171875 3.27508878707886 0.00068998336792 70004
471031747757939 525 0.34893798828125 -4.90002918243408 -0.0023078918457 80004
471063456697938 525 0.83905029296875 4.4606351852417 -0.00466203689575 90004
470778076238508 526 -3.22817659378052 1.12860465049744 0.02122288383543 4
470809785175208 526 -4.37327575683594 3.52522945404053 0.0290156006813 10004
470841494118088 526 -0.86585998535156 -5.52385950088501 0.0054874420166 20004
470873203058129 526 -0.69149780273438 2.90537810325623 0.00461542606354 30004
470904911969679 526 -1.164794921875 -6.44664287567139 0.00816488265991 40004
470936620937939 526 0.08123779296875 -6.38510179519653 -0.00018095970154 50004
470968329846336 526 -0.336181640625 -5.38492012023926 0.00192594528198 60004
471000038817858 526 -0.19891357421875 3.61431193351746 0.00069189071655 70004
471031747757939 526 0.36669921875 -4.58313894271851 -0.00231027603149 80004
471063456697938 526 0.64239501953125 4.66756105422974 -0.00465965270996 90004
470778076238508 527 -3.16999125480652 1.28598606586456 0.02122283354402 4
470809785175208 527 -4.18464660644531 3.74663662910461 0.02789175510406 10004
470841494118088 527 -0.98411560058594 -5.16421842575073 0.00548768043518 20004
470873203058129 527 -0.72442626953125 3.25453448295593 0.00461483001709 30004
470904911969679 527 -1.23068237304688 -6.10434055328369 0.00816440582275 40004
470936620937939 527 -0.0166015625 -6.13544464111328 -0.0001802444458 50004
470968329846336 527 -0.43218994140625 -5.19675254821777 0.00191974639893 60004
471000038817858 527 -0.23040771484375 3.93026256561279 0.00069332122803 70004
471031747757939 527 0.36181640625 -4.26492881774902 -0.00231122970581 80004
471063456697938 527 0.47003173828125 4.89025640487671 -0.00258588790894 90004
470778076238508 528 -3.01269936561584 1.51438105106354 0.02009975910187 4
470809785175208 528 -3.86831665039063 4.01176404953003 0.02564477920532 10004
470841494118088 528 -1.09968566894531 -4.74269437789917 0.00752794742584 20004
470873203058129 528 -0.67254638671875 3.66033124923706 0.00461328029633 30004
470904911969679 528 -1.42523193359375 -5.74278593063354 0.00816345214844 40004
470936620937939 528 -0.09716796875 -5.68455457687378 -0.00017809867859 50004
470968329846336 528 -0.61785888671875 -4.9251914024353 0.00396299362183 60004
471000038817858 528 -0.19195556640625 4.29804706573486 0.00069713592529 70004
471031747757939 528 0.24462890625 -3.9089879989624 -0.00231266021729 80004
471063456697938 528 0.3555908203125 5.20088481903076 -0.0025897026062 90004
470778076238508 529 -2.85860753059387 1.7730393409729 0.01897670328617 4
470809785175208 529 -3.69589996337891 4.3535418510437 0.02452147006989 10004
470841494118088 529 -1.35252380371094 -4.42585754394531 0.00953197479248 20004
470873203058129 529 -0.77725219726563 4.02492904663086 0.00461280345917 30004
470904911969679 529 -1.45883178710938 -5.36351108551025 0.01020646095276 40004
470936620937939 529 -0.00057983398438 -5.27078437805176 -0.00017547607422 50004
470968329846336 529 -0.800048828125 -4.67782163619995 0.00601077079773 60004
471000038817858 529 -0.29425048828125 4.62551164627075 0.00273418426514 70004
471031747757939 529 0.0162353515625 -3.64683699607849 -0.00025606155396 80004
471063456697938 529 0.37176513671875 5.5075478553772 -0.00259494781494 90004
470778076238508 530 -2.70059609413147 2.05820274353027 0.01785362698138 4
470809785175208 530 -3.45947265625 4.65789175033569 0.02339625358582 10004
470841494118088 530 -1.56576538085938 -4.18683767318726 0.00953102111816 20004
470873203058129 530 -0.8848876953125 4.41917610168457 0.0046124458313 30004
470904911969679 530 -1.45675659179688 -4.95376682281494 0.01020908355713 40004
470936620937939 530 0.0794677734375 -4.82117080688477 -0.00017309188843 50004
470968329846336 530 -0.9256591796875 -4.38689804077148 0.00600957870483 60004
471000038817858 530 -0.33154296875 4.984787940979 0.00274515151978 70004
471031747757939 530 -0.16387939453125 -3.32811999320984 0.00174951553345 80004
471063456697938 530 0.32794189453125 5.82870626449585 -0.00259923934937 90004
470778076238508 531 -2.57437968254089 2.37612962722778 0.01673053950071 4
470809785175208 531 -3.13320922851563 4.91014814376831 0.02114886045456 10004
470841494118088 531 -1.76878356933594 -3.97803258895874 0.01154911518097 20004
470873203058129 531 -0.937255859375 4.84011268615723 0.00664186477661 30004
470904911969679 531 -1.45236206054688 -4.5176305770874 0.01021194458008 40004
470936620937939 531 0.1053466796875 -4.33509826660156 -0.00017118453979 50004
470968329846336 531 -0.9847412109375 -4.04828453063965 0.00600862503052 60004
471000038817858 531 -0.306640625 5.37753582000732 0.00275802612305 70004
471031747757939 531 -0.31036376953125 -2.95850539207459 0.00174808502197 80004
471063456697938 531 0.25201416015625 6.16130781173706 -0.00146865844727 90004
470778076238508 532 -2.55360817909241 2.72335267066956 0.01673053205013 4
470809785175208 532 -2.75778961181641 5.1401515007019 0.01875531673431 10004
470841494118088 532 -2.09385681152344 -3.6439642906189 0.01364171504974 20004
470873203058129 532 -0.85073852539063 5.2488956451416 0.00551891326904 30004
470904911969679 532 -1.51388549804688 -4.08407497406006 0.01021361351013 40004
470936620937939 532 0.0579833984375 -3.84880948066711 -0.00017023086548 50004
470968329846336 532 -1.0159912109375 -3.69866752624512 0.00600743293762 60004
471000038817858 532 -0.32421875 5.77161693572998 0.00276565551758 70004
471031747757939 532 -0.52716064453125 -2.62206435203552 0.00381326675415 80004
471063456697939 532 0 -9.30537986755371 0 90004
470778076238508 533 -2.38803458213806 3.02927708625793 0.0156074790284 4
470809785175208 533 -2.51470947265625 5.50725555419922 0.01650726795197 10004
470841494118088 533 -2.45927429199219 -3.35441970825195 0.01575088500977 20004
470873203058129 533 -0.72964477539063 5.66839027404785 0.00551342964172 30004
470904911969679 533 -1.53976440429688 -3.64696860313416 0.01021552085876 40004
470936620937939 533 0.2205810546875 -3.3880627155304 -0.00128936767578 50004
470968329846336 533 -1.1927490234375 -3.39517784118652 0.00805449485779 60004
471000038817858 533 -0.5068359375 6.12172222137451 0.00277328491211 70004
471031747757939 533 -0.58184814453125 -2.22590804100037 0.00381088256836 80004
471063456697939 533 -0.03515625 -8.97533226013184 -0.00000429153442 90004
470778076238508 534 -2.33106398582459 3.36617684364319 0.01560746785253 4
470809785175208 534 -2.17234802246094 5.7715277671814 0.01425963640213 10004
470841494118088 534 -2.77873229980469 -3.01716351509094 0.01785802841187 20004
470873203058129 534 -0.59307861328125 6.08292961120605 0.0043877363205 30004
470904911969679 534 -1.56930541992188 -3.21009612083435 0.0102174282074 40004
470936620937939 534 0.4527587890625 -2.96056389808655 -0.00241041183472 50004
470968329846336 534 -1.3621826171875 -3.08762836456299 0.00805330276489 60004
471000038817858 534 -0.719482421875 6.45374011993408 0.00486278533936 70004
471031747757939 534 -0.70831298828125 -1.84874522686005 0.00381088256836 80004
471063456697939 534 -0.066650390625 -8.58373832702637 -0.00000762939453 90004
470778076238508 535 -2.29103803634644 3.7111644744873 0.01560746133327 4
470809785175208 535 -1.86302947998047 6.07007169723511 0.01201200485229 10004
470841494118088 535 -3.09693908691406 -2.67699980735779 0.01995170116425 20004
470873203058129 535 -0.54513549804688 6.50626945495605 0.00438630580902 30004
470904911969679 535 -1.69088745117188 -2.80017447471619 0.01021957397461 40004
470936620937939 535 0.6082763671875 -2.50965142250061 -0.00353240966797 50004
470968329846336 535 -1.528076171875 -2.778489112854 0.01011538505554 60004
471000038817859 535 -0.017578125 -9.1669979095459 0.00000047683716 70004
471031747757939 535 -0.81585693359375 -1.46615874767303 0.005859375 80004
471063456697939 535 -0.127685546875 -8.17339134216309 -0.00001096725464 90004
470778076238508 536 -2.20933651924133 4.02178192138672 0.01448439992964 4
470809785175208 536 -1.64444732666016 6.41956377029419 0.01088720560074 10004
470841494118088 536 -3.36593627929688 -2.37801718711853 0.02195727825165 20004
4708732030581210 536 -0.03030395507813 -9.24031448364258 -0.00000011920929 30004
470904911969679 536 -1.87115478515625 -2.43351578712463 0.01225852966309 40004
470936620937939 536 0.66329956054688 -2.05495762825012 -0.00353145599365 50004
470968329846336 536 -1.7044677734375 -2.50703024864197 0.01011085510254 60004
471000038817859 536 -0.02764892578125 -8.88272094726563 0.00000143051147 70004
471031747757939 536 -0.87518310546875 -1.09614372253418 0.00585126876831 80004
471063456697939 536 -0.21295166015625 -7.79007720947266 0.00202417373657 90004
470778076238508 537 -2.02315092086792 4.28953552246094 0.01336132735014 4
470809785175208 537 -1.46332550048828 6.79035806655884 0.00976407527924 10004
470841494118088 537 -3.46572875976563 -2.10995936393738 0.02195703983307 20004
4708732030581210 537 -0.18154907226563 -8.91498756408691 0.00204682350159 30004
470904911969679 537 -1.97598266601563 -2.03665614128113 0.0122537612915 40004
470936620937939 537 0.72976684570313 -1.60177326202393 -0.0046534538269 50004
470968329846336 537 -1.9681396484375 -2.30989503860474 0.0121476650238 60004
471000038817859 537 0.0538330078125 -8.49920082092285 0.00000429153442 70004
471031747757939 537 -0.92645263671875 -0.72484481334686 0.00584268569946 80004
471063456697939 537 -0.29351806640625 -7.40569877624512 0.00202655792236 90004
470778076238508 538 -1.82068848609924 4.51632452011108 0.01223827525973 4
470809785175209 538 0.12667083740234 -9.01588153839111 -0.00000083446503 10004
470841494118088 538 -3.45120239257813 -1.72565174102783 0.02195692062378 20004
4708732030581210 538 -0.33029174804688 -8.61473655700684 0.00204622745514 30004
470904911969679 538 -2.199951171875 -1.73145067691803 0.01432061195374 40004
470936620937939 538 0.63369750976563 -1.19025254249573 -0.0046546459198 50004
470968329846336 538 -2.1278076171875 -2.05157852172852 0.01417899131775 60004
471000038817859 538 0.2001953125 -8.2310619354248 -0.00111198425293 70004
471031747757939 538 -0.99920654296875 -0.5187201499939 0.00583505630493 80004
471063456697939 538 -0.47052001953125 -7.08762359619141 0.00202989578247 90004
470778076238508 539 -1.64877593517303 4.80921316146851 0.01111520826817 4
470809785175209 539 0.27982330322266 -8.62369155883789 -0.00112545490265 10004
470841494118088 539 -3.33523559570313 -1.28147387504578 0.02195620536804 20004
4708732030581210 539 -0.51089477539063 -8.36818504333496 0.00408041477203 30004
470904911969679 539 -2.36807250976563 -1.45742666721344 0.014315366745 40004
470936620937939 539 0.54995727539063 -0.71227443218231 -0.00265383720398 50004
470968329846336 539 -2.2489013671875 -1.72550654411316 0.01418042182922 60004
471000038817859 539 0.3623046875 -7.89000511169434 -0.0022292137146 70004
471031747757939 539 -1.04364013671875 -0.24601602554321 0.00582647323608 80004
471063456697939 539 -0.60430908203125 -6.72414779663086 0.00406408309937 90004
470778076238508 540 -1.52413499355316 5.10522556304932 0.00999213475734 4
470809785175209 540 0.37888336181641 -8.24599933624268 -0.00224965810776 10004
470841494118088 540 -3.18948364257813 -0.876360476017 0.020831823349 20004
4708732030581210 540 -0.67169189453125 -8.23829746246338 0.00407981872559 30004
470904911969679 540 -2.41000366210938 -1.29781055450439 0.01632833480835 40004
470936620937939 540 0.49365234375 -0.27956420183182 -0.00265288352966 50004
470968329846336 540 -2.32342529296875 -1.4079133272171 0.0141818523407 60004
471000038817859 540 0.5047607421875 -7.52509880065918 -0.00222635269165 70004
471031747757939 540 -1.04180908203125 0.0319202542305 0.00581884384155 80004
471063456697939 540 -0.6575927734375 -6.3694896697998 0.00406837463379 90004
470778076238508 541 -1.30208504199982 5.34408950805664 0.008869077079 4
470809785175209 541 0.36011505126953 -7.85148143768311 -0.00225049257278 10004
470841494118088 541 -3.19157409667969 -0.43927574157715 0.02083015441895 20004
4708732030581210 541 -0.76370239257813 -8.15362548828125 0.00407946109772 30004
470904911969679 541 -2.40908813476563 -1.29345643520355 0.01632618904114 40004
470936620937939 541 0.31466674804688 0.05463024973869 -0.00265121459961 50004
470968329846336 541 -2.410400390625 -1.10533332824707 0.01620531082153 60004
471000038817859 541 0.6787109375 -7.1734790802002 -0.0033483505249 70004
471031747757939 541 -1.02899169921875 0.1594113856554 0.00581121444702 80004
471063456697939 541 -0.75189208984375 -5.98814392089844 0.00407028198242 90004
470778076238508 542 -1.19224679470062 5.62417888641357 0.00774602498859 4
470809785175209 542 0.42746734619141 -7.49761199951172 -0.00225192308426 10004
470841494118088 542 -3.04574584960938 -0.06330192089081 0.01970613002777 20004
4708732030581210 542 -0.99240112304688 -8.03089332580566 0.00617253780365 30004
470904911969679 542 -2.42324829101563 -1.12574064731598 0.0163242816925 40004
470936620937939 542 0.27542114257813 0.37286022305489 -0.00264978408813 50004
470968329846336 542 -2.3985595703125 -0.80272221565247 0.01620697975159 60004
471000038817859 542 0.766357421875 -6.85528564453125 -0.00446844100952 70004
471031747757939 542 -1.03607177734375 0.42869418859482 0.00580358505249 80004
471063456697939 542 -0.96148681640625 -5.69231986999512 0.00607824325562 90004
470778076238508 543 -1.15485334396362 5.91912174224854 0.00774601055309 4
470809785175209 543 0.48868560791016 -7.13947200775146 -0.00225383043289 10004
470841494118088 543 -2.94038391113281 0.32313194870949 0.01970565319061 20004
4708732030581210 543 -1.22457885742188 -7.84309816360474 0.00826334953308 30004
470904911969679 543 -2.44503784179688 -0.93449175357819 0.01632237434387 40004
470936620937939 543 0.17855834960938 0.71678596735001 -0.00057864189148 50004
470968329846336 543 -2.4052734375 -0.49815261363983 0.01620841026306 60004
471000038817859 543 0.77783203125 -6.520751953125 -0.00446701049805 70004
471031747757939 543 -1.06280517578125 0.64376789331436 0.00579357147217 80004
471063456697939 543 -1.13092041015625 -5.37653160095215 0.0081033706665 90004
470778076238508 544 -1.17904019355774 6.2625207901001 0.0077459984459 4
470809785175209 544 0.54945373535156 -6.72695684432983 -0.00337910652161 10004
470841494118088 544 -2.9073486328125 0.78718090057373 0.0197046995163 20004
4708732030581210 544 -1.45016479492188 -7.54536771774292 0.00826406478882 30004
470904911969679 544 -2.45925903320313 -0.69720768928528 0.01631999015808 40004
470936620937939 544 -0.02584838867188 1.13522839546204 -0.00057721138 50004
470968329846336 544 -2.4459228515625 -0.15311726927757 0.01620936393738 60004
471000038817859 544 0.7003173828125 -6.11008930206299 -0.00446605682373 70004
471031747757939 544 -1.12469482421875 0.79313844442368 0.00780248641968 80004
471063456697939 544 -1.22943115234375 -4.96930980682373 0.00810670852661 90004
470778076238508 545 -1.07206046581268 6.59351682662964 0.00774597888812 4
470809785175209 545 0.761962890625 -6.36324787139893 -0.00450199842453 10004
470841494118088 545 -2.79515075683594 1.23968982696533 0.01857852935791 20004
4708732030581210 545 -1.61410522460938 -7.28223752975464 0.0102823972702 30004
470904911969679 545 -2.34402465820313 -0.28900960087776 0.01519250869751 40004
470936620937939 545 -0.04440307617188 1.46849942207336 -0.00057458877563 50004
470968329846336 545 -2.3541259765625 0.18563485145569 0.01621532440186 60004
471000038817859 545 0.6680908203125 -5.69310474395752 -0.0044641494751 70004
471031747757939 545 -1.23016357421875 1.11292958259583 0.00779247283936 80004
471063456697939 545 -1.30657958984375 -4.55763530731201 0.00810956954956 90004
470778076238509 546 0.09632880985737 -9.09220504760742 0.00000000029104 4
470809785175209 546 1.04643249511719 -6.09279632568359 -0.00562542676926 10004
470841494118088 546 -2.54307556152344 1.59091424942017 0.017453789711 20004
4708732030581210 546 -1.67184448242188 -6.94051170349121 0.0102790594101 30004
470904911969679 546 -2.38674926757813 0.11317235976458 0.0151903629303 40004
470936620937939 546 -0.23471069335938 1.86002945899963 0.0014328956604 50004
470968329846336 546 -2.39105224609375 0.50904941558838 0.0150933265686 60004
471000038817859 546 0.72674560546875 -5.30700445175171 -0.00446224212646 70004
471031747757939 546 -1.21795654296875 1.36479532718658 0.00777721405029 80004
471063456697939 546 -1.23291015625 -4.17671775817871 0.0081148147583 90004
470778076238509 547 0.1526390761137 -8.85155582427979 0.00000000104774 4
470809785175209 547 1.25997161865234 -5.80313682556152 -0.00787174701691 10004
470841494118088 547 -2.36558532714844 1.94755041599274 0.01632940769196 20004
4708732030581210 547 -1.63958740234375 -6.61496686935425 0.01027607917786 30004
470904911969679 547 -2.4749755859375 0.48498126864433 0.01518893241882 40004
470936620937939 547 -0.40090942382813 2.1972668170929 0.00346541404724 50004
470968329846336 547 -2.40216064453125 0.81324821710587 0.01509523391724 60004
471000038817859 547 0.863037109375 -4.98434686660767 -0.00446033477783 70004
471031747757939 547 -1.2021484375 1.6537663936615 0.00776529312134 80004
471063456697939 547 -1.07525634765625 -3.8554801940918 0.00699615478516 90004
470778076238509 548 0.17724277079105 -8.58573913574219 -0.00112304475624 4
470809785175209 548 1.4281005859375 -5.44651556015015 -0.00899571180344 10004
470841494118088 548 -2.2381591796875 2.36054491996765 0.0152063369751 20004
4708732030581210 548 -1.51461791992188 -6.28045892715454 0.01027393341064 30004
470904911969679 548 -2.59976196289063 0.87598925828934 0.01719784736633 40004
470936620937939 548 -0.56210327148438 2.51935744285584 0.00346994400024 50004
470968329846336 548 -2.3582763671875 1.13792645931244 0.01509761810303 60004
471000038817859 548 1.0809326171875 -4.67488574981689 -0.00670146942139 70004
471031747757939 548 -1.17645263671875 2.02355289459229 0.00775671005249 80004
471063456697939 548 -0.83026123046875 -3.55011057853699 0.00587844848633 90004
470778076238509 549 0.29987588524818 -8.34528827667236 -0.00112304277718 4
470809785175209 549 1.64865112304688 -5.11888742446899 -0.01011878252029 10004
470841494118088 549 -1.96357727050781 2.70053815841675 0.0129576921463 20004
4708732030581210 549 -1.30404663085938 -5.98976469039917 0.00915157794952 30004
470904911969679 549 -2.73526000976563 1.26345908641815 0.01719427108765 40004
470936620937939 549 -0.86614990234375 2.86183619499207 0.0054771900177 50004
470968329846336 549 -2.2374267578125 1.4439879655838 0.01509952545166 60004
471000038817859 549 1.2894287109375 -4.34325742721558 -0.00781393051147 70004
471031747757939 549 -1.01348876953125 2.36118578910828 0.00661659240723 80004
471063456697939 549 -0.5638427734375 -3.26327872276306 0.00363636016846 90004
470778076238509 550 0.42036613821983 -8.10376930236816 -0.0022460850887 4
470809785175209 550 1.74203491210938 -4.74124670028687 -0.01011973619461 10004
470841494118088 550 -1.677490234375 3.03111290931702 0.01183187961578 20004
4708732030581210 550 -1.20736694335938 -5.64965486526489 0.00802946090698 30004
470904911969679 550 -2.74588012695313 1.5043261051178 0.01719188690186 40004
470936620937939 550 -1.02633666992188 3.26363825798035 0.00749945640564 50004
470968329846336 550 -2.2293701171875 1.76801383495331 0.01510071754456 60004
471000038817859 550 1.43023681640625 -3.97925400733948 -0.00893497467041 70004
471031747757939 550 -0.77581787109375 2.64751768112183 0.00547742843628 80004
471063456697939 550 -0.25714111328125 -3.02206587791443 0.00251913070679 90004
470778076238509 551 0.54458922147751 -7.88522863388062 -0.00336912740022 4
470809785175209 551 1.86302185058594 -4.40210914611816 -0.01124387979507 10004
470841494118088 551 -1.48963928222656 3.3230893611908 0.01070940494537 20004
4708732030581210 551 -1.09445190429688 -5.34018659591675 0.0080304145813 30004
470904911969679 551 -2.65103149414063 1.75438642501831 0.01718950271606 40004
470936620937939 551 -1.07400512695313 3.61097359657288 0.00750041007996 50004
470968329846336 551 -2.1917724609375 2.06564736366272 0.01510167121887 60004
471000038817859 551 1.48846435546875 -3.6241500377655 -0.00893306732178 70004
471031747757939 551 -0.59405517578125 2.93585109710693 0.0043478012085 80004
471063456697939 551 -0.0120849609375 -2.76238703727722 0.00027704238892 90004
470778076238509 552 0.69074988365173 -7.64063215255737 -0.00336911855265 4
470809785175209 552 2.07716369628906 -4.04431104660034 -0.01236772537231 10004
470841494118088 552 -1.38731384277344 3.64970326423645 0.00958406925201 20004
4708732030581210 552 -0.90084838867188 -5.01127672195435 0.00690817832947 30004
470904911969679 552 -2.41513061523438 2.11492037773132 0.01606178283691 40004
470936620937939 552 -1.01089477539063 3.96067404747009 0.00750088691711 50004
470968329846336 552 -2.0816650390625 2.39510703086853 0.01398134231567 60004
471000038817859 552 1.45404052734375 -3.20901894569397 -0.0089316368103 70004
471031747757939 552 -0.48870849609375 3.3182168006897 0.00321912765503 80004
471063456697939 552 0.1986083984375 -2.41926026344299 -0.0008544921875 90004
470778076238509 553 0.73539090156555 -7.35621881484985 -0.00449215481058 4
470809785175209 553 2.142822265625 -3.62813997268677 -0.01349234580994 10004
470841494118088 553 -1.20787048339844 4.08000135421753 0.00845909118652 20004
4708732030581210 553 -0.77978515625 -4.64776659011841 0.00578022003174 30004
470904911969679 553 -2.09329223632813 2.36448168754578 0.01380920410156 40004
470936620937939 553 -0.85122680664063 4.42249631881714 0.00637936592102 50004
470968329846336 553 -2.1031494140625 2.74552512168884 0.01398229598999 60004
471000038817859 553 1.32220458984375 -2.812175989151 -0.00893020629883 70004
471031747757939 553 -0.50042724609375 3.71782922744751 0.00321626663208 80004
471063456697939 553 0.4554443359375 -2.23371720314026 -0.00198411941528 90004
470778076238509 554 0.86146610975266 -7.14148759841919 -0.00449214503169 4
470809785175209 554 2.06365203857422 -3.27246904373169 -0.01349306106567 10004
470841494118088 554 -1.11279296875 4.47584104537964 0.00733304023743 20004
4708732030581210 554 -0.58560180664063 -4.37737703323364 0.00465488433838 30004
470904911969679 554 -1.8658447265625 2.57554650306702 0.01267719268799 40004
470936620937939 554 -0.78768920898438 4.84406042098999 0.00525736808777 50004
470968329846336 554 -2.0091552734375 3.03417658805847 0.0139844417572 60004
471000038817859 554 1.34112548828125 -2.45094227790833 -0.00892734527588 70004
471031747757939 554 -0.47406005859375 4.06618213653564 0.00321245193481 80004
471063456697939 554 0.7884521484375 -2.12646460533142 -0.00422716140747 90004
470778076238509 555 0.95296144485474 -6.95092344284058 -0.00561519060284 4
470809785175209 555 1.86713409423828 -2.91118407249451 -0.01141661405563 10004
470841494118088 555 -1.00390625 4.92912626266479 0.00732719898224 20004
4708732030581210 555 -0.332763671875 -4.09613847732544 0.00240731239319 30004
470904911969679 555 -1.7115478515625 2.75093674659729 0.01155543327332 40004
470936620937939 555 -0.62979125976563 5.29416418075562 0.00413584709167 50004
470968329846336 555 -1.9554443359375 3.37261843681335 0.01286363601685 60004
471000038817859 555 1.47442626953125 -2.0650360584259 -0.00892543792725 70004
471031747757939 555 -0.37005615234375 4.41184329986572 0.00320672988892 80004
471063456697939 555 1.1810302734375 -1.98924016952515 -0.00758075714111 90004
470778076238509 556 0.99982583522797 -6.79947566986084 -0.00561518967152 4
470809785175209 556 1.63780975341797 -2.59698867797852 -0.01141732931137 10004
470841494118088 556 -0.87942504882813 5.34737205505371 0.00620007514954 20004
4708732030581210 556 -0.06448364257813 -3.87530159950256 0.00128328800201 30004
470904911969679 556 -1.6353759765625 2.88706493377686 0.01155805587769 40004
470936620937939 556 -0.42605590820313 5.69644260406494 0.00302124023438 50004
470968329846336 556 -1.97430419921875 3.70119476318359 0.01286458969116 60004
471000038817859 556 1.64642333984375 -1.71989917755127 -0.01004266738892 70004
471031747757939 556 -0.23492431640625 4.70653581619263 0.00207901000977 80004
471063456697939 556 1.525390625 -1.81253623962402 -0.00981664657593 90004
470778076238509 557 1.15044891834259 -6.57549619674683 -0.00673822406679 4
470809785175209 557 1.5286865234375 -2.21741557121277 -0.0093714594841 10004
470841494118088 557 -0.7078857421875 5.7492241859436 0.00507628917694 20004
4708732030581210 557 0.27371215820313 -3.75566077232361 -0.00096368789673 30004
470904911969679 557 -1.4815673828125 3.1516273021698 0.01043510437012 40004
470936620937939 557 -0.37249755859375 6.15123796463013 0.00302958488464 50004
470968329846336 557 -1.988037109375 4.03000831604004 0.01286578178406 60004
471000038817859 557 1.6904296875 -1.33036375045776 -0.01003980636597 70004
471031747757939 557 -0.20013427734375 5.07953453063965 0.00207424163818 80004
471063456697939 557 1.804443359375 -1.53790664672852 -0.01093244552612 90004
470778076238509 558 1.20680069923401 -6.31455612182617 -0.00673821009696 4
470809785175209 558 1.29677581787109 -1.90252423286438 -0.00937223434448 10004
470841494118088 558 -0.54557800292969 6.15496301651001 0.00395321846008 20004
4708732030581210 558 0.49853515625 -3.75711512565613 -0.00320827960968 30004
470904911969679 558 -1.39218139648438 3.37022805213928 0.00931096076965 40004
470936620937939 558 -0.31536865234375 6.60558700561523 0.00303769111633 50004
470968329846336 558 -1.88037109375 4.33720922470093 0.01286792755127 60004
471000038817859 558 1.627685546875 -0.94555515050888 -0.01003837585449 70004
471031747757939 558 -0.17010498046875 5.35677289962769 0.0020694732666 80004
471063456697939 558 1.92327880859375 -1.27888584136963 -0.01204824447632 90004
470778076238509 559 1.18148446083069 -6.03454446792603 -0.00786125659943 4
470809785175209 559 1.01415252685547 -1.59068095684052 -0.00730210542679 10004
470841494118089 559 -0.10478210449219 -9.08074378967285 0 20004
4708732030581210 559 0.81097412109375 -3.77288222312927 -0.00433099269867 30004
470904911969679 559 -1.37368774414063 3.71450996398926 0.00930976867676 40004
4709366209379310 559 -0.05355834960938 -9.14810371398926 0.0000011920929 50004
470968329846336 559 -1.82965087890625 4.67630434036255 0.01174688339233 60004
471000038817859 559 1.542724609375 -0.53580039739609 -0.01003694534302 70004
471031747757939 559 -0.165771484375 5.70399332046509 0.00206756591797 80004
471063456697939 559 2.0189208984375 -0.937539935112 -0.01204013824463 90004
470778076238509 560 1.12516844272614 -5.82155847549438 -0.00786125846207 4
470809785175209 560 0.77210235595703 -1.34894406795502 -0.00523418188095 10004
470841494118089 560 -0.2352294921875 -8.77262687683105 0.00206625461578 20004
4708732030581210 560 1.120849609375 -3.76915097236633 -0.0065803527832 30004
470904911969679 560 -1.38687133789063 4.04026174545288 0.0093080997467 40004
4709366209379310 560 -0.11505126953125 -8.91916084289551 0.00000286102295 50004
470968329846336 560 -1.8228759765625 4.95794868469238 0.01174831390381 60004
471000038817859 560 1.49627685546875 -0.20321097970009 -0.01003551483154 70004
471031747757939 560 -0.17803955078125 6.02860736846924 0.00206565856934 80004
471063456697939 560 2.0928955078125 -0.61554372310638 -0.01315689086914 90004
470778076238509 561 1.11388206481934 -5.65030479431152 -0.00786126032472 4
470809785175209 561 0.47399139404297 -1.08992421627045 -0.00313419103622 10004
470841494118089 561 -0.25376892089844 -8.52097129821777 0.00206398963928 20004
4708732030581210 561 1.46929931640625 -3.68255138397217 -0.00882792472839 30004
470904911969679 561 -1.31454467773438 4.2323579788208 0.00930666923523 40004
4709366209379310 561 -0.08529663085938 -8.6437873840332 0.0000057220459 50004
470968329846336 561 -1.696533203125 5.26182508468628 0.01174974441528 60004
471000038817859 561 1.58599853515625 0.17813859879971 -0.01003170013428 70004
471031747757939 561 -0.186279296875 6.40330123901367 0.00206327438354 80004
471063456697939 561 2.17437744140625 -0.23181527853012 -0.01314973831177 90004
470778076238509 562 1.09393978118896 -5.45599699020386 -0.00786126218736 4
470809785175209 562 0.14087677001953 -0.88005036115646 -0.00113916397095 10004
470841494118089 562 -0.23019409179688 -8.39936637878418 0.00205981731415 20004
4708732030581210 562 1.80776977539063 -3.71764826774597 -0.01107406616211 30004
470904911969679 562 -1.26565551757813 4.48072481155396 0.00818061828613 40004
4709366209379310 562 -0.1295166015625 -8.37292289733887 0.00000762939453 50004
470968329846336 562 -1.49420166015625 5.48302936553955 0.01061964035034 60004
471000038817859 562 1.66046142578125 0.56268203258514 -0.01002883911133 70004
471031747757939 562 -0.23992919921875 6.77357196807861 0.00205993652344 80004
471063456697939 562 2.120361328125 0.1511664390564 -0.01314496994019 90004
470778076238509 563 1.12013566493988 -5.21042823791504 -0.00786126218736 4
470809785175209 563 -0.14322662353516 -0.74767154455185 0.00076901912689 10004
470841494118089 563 -0.22323608398438 -8.19972801208496 0.00205659866333 20004
4708732030581210 563 2.16375732421875 -3.82689929008484 -0.01332092285156 30004
470904911969679 563 -1.11917114257813 4.80144166946411 0.00817918777466 40004
4709366209379310 563 -0.23544311523438 -8.11273002624512 0.00205230712891 50004
470968329846336 563 -1.30767822265625 5.75204944610596 0.00948572158813 60004
471000038817859 563 1.8155517578125 0.94145572185516 -0.01114988327026 70004
471031747757939 563 -0.25018310546875 7.09943103790283 0.00205659866333 80004
471063456697939 563 1.944580078125 0.520727455616 -0.01314067840576 90004
470778076238509 564 1.2077614068985 -4.95768785476685 -0.00786126498133 4
470809785175209 564 -0.35653686523438 -0.65655159950256 0.00260305404663 10004
470841494118089 564 -0.26832580566406 -7.89390707015991 0.00205433368683 20004
4708732030581210 564 2.47723388671875 -3.99157619476318 -0.01556921005249 30004
470904911969679 564 -0.9141845703125 5.15226173400879 0.00593090057373 40004
4709366209379310 564 -0.34814453125 -7.9064621925354 0.00205636024475 50004
470968329846336 564 -1.20916748046875 6.06091260910034 0.0083601474762 60004
471000038817859 564 2.048095703125 1.25338411331177 -0.01227045059204 70004
471031747757939 564 -0.17730712890625 7.34292697906494 0.00205278396606 80004
471063456697939 564 1.733642578125 0.84539222717285 -0.011061668396 90004
470778076238509 565 1.3609824180603 -4.73546648025513 -0.0078612677753 4
470809785175209 565 -0.65969848632813 -0.40347391366959 0.00467044115067 10004
470841494118089 565 -0.40977478027344 -7.50574493408203 0.00205230712891 20004
4708732030581210 565 2.718017578125 -4.2576584815979 -0.01669466495514 30004
470904911969679 565 -0.81576538085938 5.55072355270386 0.0059289932251 40004
4709366209379310 565 -0.36782836914063 -7.74763250350952 0.00206089019775 50004
470968329846336 565 -1.222900390625 6.38972282409668 0.0083589553833 60004
471000038817859 565 2.3392333984375 1.51359236240387 -0.01451396942139 70004
471031747757939 565 0.0054931640625 7.59312343597412 0.00092506408691 80004
471063456697939 565 1.645751953125 1.22818684577942 -0.01105785369873 90004
470778076238509 566 1.58314979076386 -4.5874137878418 -0.01010734029114 4
470809785175209 566 -0.88695526123047 -0.32015818357468 0.0065626502037 10004
470841494118089 566 -0.68186950683594 -7.20092582702637 0.00407898426056 20004
4708732030581210 566 2.922119140625 -4.55233001708984 -0.01781868934631 30004
470904911969679 566 -0.70828247070313 5.94690418243408 0.00480151176453 40004
4709366209379310 566 -0.32601928710938 -7.58853626251221 0.00206923484802 50004
470968329846337 566 -0.07537841796875 -9.14306831359863 -0.00000071525574 60004
471000038817859 566 2.5113525390625 1.86011385917664 -0.015625 70004
471031747757939 566 0.158447265625 7.69700765609741 -0.00019931793213 80004
471063456697939 566 1.49627685546875 1.59052932262421 -0.00903367996216 90004
470778076238509 567 1.77862203121185 -4.41049432754517 -0.01123036537319 4
470809785175209 567 -1.01638031005859 -0.26944881677628 0.00656193494797 10004
470841494118089 567 -0.90318298339844 -6.8317723274231 0.00608587265015 20004
4708732030581210 567 3.03067016601563 -4.79838180541992 -0.01894009113312 30004
470904911969679 567 -0.64239501953125 6.37750387191772 0.00479292869568 40004
4709366209379310 567 -0.30648803710938 -7.34813833236694 0.00207567214966 50004
470968329846337 567 -0.31109619140625 -8.89142417907715 0.00210547447205 60004
471000038817859 567 2.5919189453125 2.26309180259705 -0.01560735702515 70004
471031747757939 567 0.3836669921875 7.74540662765503 -0.00244808197021 80004
471063456697939 567 1.3883056640625 1.9912348985672 -0.00902986526489 90004
470778076238509 568 1.90034055709839 -4.20193433761597 -0.01123036723584 4
470809785175209 568 -1.09228515625 -0.18401059508324 0.00656145811081 10004
470841494118089 568 -1.02037048339844 -6.43776893615723 0.00608384609222 20004
4708732030581210 568 3.06161499023438 -5.01694631576538 -0.0189391374588 30004
470904911969679 568 -0.58203125 6.75602769851685 0.00478506088257 40004
4709366209379310 568 -0.28256225585938 -7.07741689682007 0.00208115577698 50004
470968329846337 568 -0.6533203125 -8.63692665100098 0.00420141220093 60004
471000038817859 568 2.61614990234375 2.65407657623291 -0.01671648025513 70004
471031747757939 568 0.6322021484375 7.76485347747803 -0.00357294082642 80004
471063456697939 568 1.31610107421875 2.37629985809326 -0.00902557373047 90004
470778076238509 569 1.96267366409302 -3.92086553573608 -0.01235339324921 4
470809785175209 569 -1.25526428222656 0.04036637023091 0.00856798887253 10004
470841494118089 569 -1.07408142089844 -6.00039100646973 0.00608158111572 20004
4708732030581210 569 3.10751342773438 -5.37060689926147 -0.01893639564514 30004
470904911969679 569 -0.41397094726563 7.06804704666138 0.00365304946899 40004
4709366209379310 569 -0.16537475585938 -6.80674123764038 0.00208973884583 50004
470968329846337 569 -1.068359375 -8.42191505432129 0.00631833076477 60004
471000038817859 569 2.66888427734375 3.06877994537354 -0.01669692993164 70004
471031747757939 569 0.8636474609375 7.7916784286499 -0.00469779968262 80004
471063456697939 569 1.19403076171875 2.77704906463623 -0.00699090957642 90004
470778076238509 570 1.92733144760132 -3.761390209198 -0.01235337927938 4
470809785175209 570 -1.33558654785156 0.45392864942551 0.00856798887253 10004
470841494118089 570 -1.30770874023438 -5.62673950195313 0.00814127922058 20004
4708732030581210 570 3.18124389648438 -5.74630117416382 -0.02005839347839 30004
470904911969679 570 -0.1490478515625 7.26618242263794 0.00140309333801 40004
4709366209379310 570 -0.00521850585938 -6.55910634994507 0.0009753704071 50004
470968329846337 570 -1.3349609375 -8.07575416564941 0.00835847854614 60004
471000038817859 570 2.54193115234375 3.46764087677002 -0.01668787002563 70004
471031747757939 570 1.2445068359375 7.67139339447021 -0.00694942474365 80004
471063456697939 570 1.05633544921875 3.17272090911865 -0.00698041915894 90004
470778076238509 571 1.89190495014191 -3.545729637146 -0.01235336624086 4
470809785175209 571 -1.31263732910156 0.87035626173019 0.00856810808182 10004
470841494118089 571 -1.46669006347656 -5.21850776672363 0.01017248630524 20004
4708732030581210 571 3.13082885742188 -6.11901998519897 -0.02005672454834 30004
470904911969679 571 -0.00045776367188 7.3328423500061 0.00027847290039 40004
4709366209379310 571 0.084716796875 -6.3581976890564 -0.00014352798462 50004
470968329846337 571 -1.71234130859375 -7.82796096801758 0.01046752929688 60004
471000038817859 571 2.29779052734375 3.79856395721436 -0.01465320587158 70004
471031747757939 571 1.53094482421875 7.59746837615967 -0.00920152664185 80004
471063456697939 571 0.80584716796875 3.50044345855713 -0.00494289398193 90004
470778076238509 572 1.90435147285461 -3.31311869621277 -0.01235334668308 4
470809785175209 572 -1.19894409179688 1.24259400367737 0.00856810808182 10004
470841494118089 572 -1.65196228027344 -4.85617399215698 0.01017284393311 20004
4708732030581210 572 3.03237915039063 -6.37009191513062 -0.02005589008331 30004
470904911969679 572 0.1976318359375 7.31930589675903 -0.00084686279297 40004
4709366209379310 572 0.1256103515625 -6.23037004470825 -0.00014209747314 50004
470968329846337 572 -2.07904052734375 -7.59204483032227 0.01247119903564 60004
471000038817859 572 2.02545166015625 4.08112668991089 -0.01258325576782 70004
471031747757939 572 1.75677490234375 7.53653287887573 -0.01033878326416 80004
471063456697939 572 0.6041259765625 3.82697916030884 -0.00494050979614 90004
470778076238509 573 1.98292338848114 -3.07071495056152 -0.01235332526267 4
470809785175209 573 -1.02354431152344 1.59592664241791 0.00744533538818 10004
470841494118089 573 -1.87722778320313 -4.54627132415771 0.01223266124725 20004
4708732030581210 573 2.92520141601563 -6.49958753585815 -0.01800727844238 30004
470904911969679 573 0.50985717773438 7.24458265304565 -0.003093957901 40004
4709366209379310 573 0.140380859375 -6.14458990097046 -0.00014042854309 50004
470968329846337 573 -2.4007568359375 -7.30107688903809 0.01448011398315 60004
471000038817859 573 1.74774169921875 4.35865306854248 -0.01053905487061 70004
471031747757939 573 1.9429931640625 7.47495269775391 -0.01147603988647 80004
471063456697939 573 0.49798583984375 4.20245265960693 -0.00289392471313 90004
470778076238509 574 2.15193653106689 -2.86026096343994 -0.01347637269646 4
470809785175209 574 -0.89079284667969 1.96795403957367 0.00632125139236 10004
470841494118089 574 -1.92277526855469 -4.34479093551636 0.0122309923172 20004
4708732030581210 574 2.85357666015625 -6.56254434585571 -0.01801002025604 30004
470904911969679 574 0.86138916015625 7.03172969818115 -0.00534439086914 40004
4709366209379310 574 0.14404296875 -5.9909815788269 -0.00013899803162 50004
470968329846337 574 -2.59393310546875 -6.90744304656982 0.01648807525635 60004
471000038817859 574 1.48590087890625 4.65133571624756 -0.01053762435913 70004
471031747757939 574 1.96954345703125 7.45463228225708 -0.01261329650879 80004
471063456697939 574 0.50531005859375 4.59494209289551 -0.00289106369019 90004
470778076238509 575 2.22855591773987 -2.64340734481812 -0.01347635127604 4
470809785175209 575 -0.88888549804688 2.30451416969299 0.00632035732269 10004
470841494118089 575 -1.96026611328125 -4.11773061752319 0.01223003864288 20004
4708732030581210 575 2.71905517578125 -6.61002588272095 -0.01801335811615 30004
470904911969679 575 1.0838623046875 6.76166486740112 -0.00647354125977 40004
4709366209379310 575 0.1734619140625 -5.77784109115601 -0.00013709068298 50004
470968329846337 575 -2.6380615234375 -6.53649139404297 0.01648902893066 60004
471000038817859 575 1.28778076171875 4.92683792114258 -0.00851535797119 70004
471031747757939 575 1.974853515625 7.45056819915771 -0.01262092590332 80004
471063456697939 575 0.41021728515625 4.91683673858643 -0.0028920173645 90004
470778076238509 576 2.26552772521973 -2.41498780250549 -0.01459938753396 4
470809785175209 576 -0.89427947998047 2.62866687774658 0.00631958246231 10004
470841494118089 576 -1.96537780761719 -3.85167264938354 0.01222884654999 20004
4708732030581210 576 2.53897094726563 -6.63560342788696 -0.01595020294189 30004
470904911969679 576 1.28240966796875 6.4670467376709 -0.00759816169739 40004
4709366209379310 576 0.186767578125 -5.5421986579895 -0.00125932693481 50004
470968329846337 576 -2.65582275390625 -6.20215225219727 0.0164897441864 60004
471000038817859 576 1.11273193359375 5.21674537658691 -0.00650262832642 70004
471031747757939 576 1.9759521484375 7.43074989318848 -0.01262712478638 80004
471063456697939 576 0.31488037109375 5.23873853683472 -0.00289535522461 90004
470778076238509 577 2.2363007068634 -2.14669299125671 -0.01459937822074 4
470809785175209 577 -0.79812622070313 2.93864297866821 0.00519549846649 10004
470841494118089 577 -1.848876953125 -3.45526123046875 0.01222598552704 20004
4708732030581210 577 2.24014282226563 -6.58904027938843 -0.01386940479279 30004
470904911969679 577 1.5177001953125 6.13142728805542 -0.00872254371643 40004
4709366209379310 577 0.10986328125 -5.27608060836792 -0.00125885009766 50004
470968329846337 577 -2.7171630859375 -5.99158096313477 0.0164909362793 60004
471000038817859 577 0.96856689453125 5.58145427703857 -0.00649881362915 70004
471031747757939 577 1.9814453125 7.33165836334229 -0.01263380050659 80004
471063456697939 577 0.32037353515625 5.63126373291016 -0.0028977394104 90004
470778076238509 578 2.11120700836182 -1.91093707084656 -0.01459936890751 4
470809785175209 578 -0.78076171875 3.32225465774536 0.00519573688507 10004
470841494118089 578 -1.88710021972656 -3.04837846755981 0.01222431659698 20004
4708732030581210 578 1.89178466796875 -6.54282426834106 -0.01185297966003 30004
470904911969679 578 1.8209228515625 5.85692262649536 -0.01097536087036 40004
4709366209379310 578 0.13690185546875 -5.00345373153687 -0.00125765800476 50004
470968329846337 578 -2.67376708984375 -5.61395597457886 0.01737308502197 60004
471000038817859 578 0.70263671875 5.86378622055054 -0.00443840026855 70004
471031747757939 578 1.982177734375 7.31844615936279 -0.01264095306396 80004
471063456697939 578 0.1822509765625 5.99408388137817 -0.00085353851318 90004
470778076238509 579 1.95739984512329 -1.68977034091949 -0.01259411219507 4
470809785175209 579 -0.68678283691406 3.69626379013062 0.00519591569901 10004
470841494118089 579 -1.89358520507813 -2.63853693008423 0.01222193241119 20004
4708732030581210 579 1.554443359375 -6.4356951713562 -0.00975775718689 30004
470904911969679 579 2.12741088867188 5.58387804031372 -0.01322245597839 40004
4709366209379310 579 0.153076171875 -4.72809362411499 -0.00125503540039 50004
470968329846337 579 -2.69384765625 -5.25200462341309 0.01737475395203 60004
471000038817859 579 0.47113037109375 6.17395687103271 -0.00240898132324 70004
471031747757939 579 1.978759765625 7.31382656097412 -0.01264810562134 80004
471063456697939 579 -0.00531005859375 6.33772373199463 -0.00085639953613 90004
470778076238509 580 1.81248676776886 -1.46701216697693 -0.01259410288185 4
470809785175209 580 -0.54009246826172 4.05927038192749 0.00407207012177 10004
470841494118089 580 -1.8841552734375 -2.2307288646698 0.01221966743469 20004
4708732030581210 580 1.22705078125 -6.29544496536255 -0.00769150257111 30004
470904911969679 580 2.39532470703125 5.29251146316528 -0.01434946060181 40004
4709366209379310 580 0.12698364257813 -4.45504331588745 -0.00125360488892 50004
470968329846337 580 -2.7509765625 -4.90495109558105 0.0173773765564 60004
4710000388178510 580 0.02801513671875 -9.24526119232178 0.00000095367432 70004
471031747757939 580 1.9476318359375 7.2934832572937 -0.01265478134155 80004
4710634566979310 580 0.019775390625 -9.24586772918701 0 90004
470778076238509 581 1.74789500236511 -1.18648862838745 -0.01057429239154 4
470809785175209 581 -0.49065399169922 4.47765874862671 0.004070520401 10004
470841494118089 581 -2.01362609863281 -1.80947279930115 0.01221835613251 20004
4708732030581210 581 0.849609375 -6.23213624954224 -0.00559377670288 30004
470904911969679 581 2.54037475585938 4.93319749832153 -0.01547884941101 40004
4709366209379310 581 0.01904296875 -4.18011045455933 0.00077676773071 50004
470968329846337 581 -2.6728515625 -4.44386100769043 0.01737928390503 60004
4710000388178510 581 0.17742919921875 -8.92462825775146 -0.00112009048462 70004
471031747757939 581 1.8089599609375 7.22194242477417 -0.01266193389893 80004
4710634566979310 581 0.125244140625 -8.92846965789795 -0.00000381469727 90004
470778076238509 582 1.79261100292206 -0.94018369913101 -0.01057427935302 4
470809785175209 582 -0.59130859375 4.81832838058472 0.00406992435455 10004
470841494118089 582 -2.01280212402344 -1.5238094329834 0.01221740245819 20004
4708732030581210 582 0.56973266601563 -6.05188941955566 -0.0034886598587 30004
470904911969679 582 2.53475952148438 4.6351752281189 -0.0154824256897 40004
4709366209379310 582 -0.15396118164063 -3.98932719230652 0.00078082084656 50004
470968329846337 582 -2.76873779296875 -4.04870748519897 0.01738023757935 60004
4710000388178510 582 0.2867431640625 -8.63496208190918 -0.00111722946167 70004
471031747757939 582 1.55908203125 7.12503337860107 -0.01065874099731 80004
4710634566979310 582 0.1810302734375 -8.64131164550781 -0.00113534927368 90004
470778076238509 583 1.89736759662628 -0.67534381151199 -0.01169729791582 4
470809785175209 583 -0.62300109863281 5.22342252731323 0.00406908988953 10004
470841494118089 583 -1.97500610351563 -1.28793013095856 0.01221537590027 20004
4708732030581210 583 0.24880981445313 -5.84316539764404 -0.00144469738007 30004
470904911969679 583 2.51010131835938 4.24108219146729 -0.01548552513123 40004
4709366209379310 583 -0.29702758789063 -3.73842024803162 0.00281739234924 50004
470968329846337 583 -2.78125 -3.60552144050598 0.01738214492798 60004
4710000388178510 583 0.4647216796875 -8.33440780639648 -0.00223731994629 70004
471031747757939 583 1.25579833984375 6.93806743621826 -0.00862646102905 80004
4710634566979310 583 0.2734375 -8.32116794586182 -0.00114107131958 90004
470778076238509 584 1.99706852436066 -0.44837546348572 -0.01282033137977 4
470809785175209 584 -0.57022857666016 5.587073802948 0.0040682554245 10004
470841494118089 584 -1.90472412109375 -1.10115373134613 0.01221370697021 20004
4708732030581210 584 -0.0460205078125 -5.69545936584473 0.00064849853516 30004
470904911969679 584 2.44989013671875 3.86890459060669 -0.01548790931702 40004
4709366209379310 584 -0.3648681640625 -3.49066257476807 0.00282144546509 50004
470968329846337 584 -2.680419921875 -3.23277354240417 0.01738452911377 60004
4710000388178510 584 0.6322021484375 -8.08005714416504 -0.00335836410522 70004
471031747757939 584 0.969970703125 6.75327682495117 -0.00652503967285 80004
4710634566979310 584 0.38385009765625 -8.05063533782959 -0.00227165222168 90004
470778076238509 585 2.01586842536926 -0.17913329601288 -0.01282032299787 4
470809785175209 585 -0.45420837402344 5.96459531784058 0.00294417142868 10004
470841494118089 585 -1.75640869140625 -0.75541162490845 0.01221108436584 20004
4708732030581210 585 -0.40216064453125 -5.65236520767212 0.00276732444763 30004
470904911969679 585 2.251220703125 3.50959229469299 -0.01549053192139 40004
4709366209379310 585 -0.37677001953125 -3.21393728256226 0.00282573699951 50004
470968329846337 585 -2.431396484375 -2.87193059921265 0.01626348495483 60004
4710000388178510 585 0.7109375 -7.75778579711914 -0.00447845458984 70004
471031747757939 585 0.60467529296875 6.66771793365479 -0.00452041625977 80004
4710634566979310 585 0.532470703125 -7.77475500106812 -0.0033974647522 90004
470778076238509 586 2.13176131248474 0.06137042492628 -0.01282030157745 4
470809785175209 586 -0.32402038574219 6.33742523193359 0.002945125103 10004
470841494118089 586 -1.56573486328125 -0.39464807510376 0.01108717918396 20004
4708732030581210 586 -0.67169189453125 -5.50842142105103 0.0048280954361 30004
470904911969679 586 2.0025634765625 3.18372917175293 -0.01347064971924 40004
4709366209379310 586 -0.38153076171875 -2.93701672554016 0.00282979011536 50004
470968329846337 586 -2.18634033203125 -2.50826406478882 0.01514387130737 60004
4710000388178510 586 0.75079345703125 -7.42888641357422 -0.00447177886963 70004
471031747757939 586 0.2742919921875 6.49445104598999 -0.00250005722046 80004
4710634566979310 586 0.66717529296875 -7.59784507751465 -0.00339221954346 90004
470778076238509 587 2.23591613769531 0.32764628529549 -0.01394334249198 4
4708097851752010 587 0.08308410644531 -9.1272439956665 0 10004
470841494118089 587 -1.45899963378906 0.02222090959549 0.00996553897858 20004
4708732030581210 587 -0.9853515625 -5.34064912796021 0.00687181949615 30004
470904911969679 587 1.68365478515625 2.88908243179321 -0.01140332221985 40004
4709366209379310 587 -0.37554931640625 -2.6417829990387 0.00283455848694 50004
470968329846337 587 -1.95965576171875 -2.27031660079956 0.01289892196655 60004
4710000388178510 587 0.729248046875 -7.07942771911621 -0.00446701049805 70004
471031747757939 587 -0.01910400390625 6.23274230957031 -0.00040531158447 80004
4710634566979310 587 0.75933837890625 -7.40501499176025 -0.00451040267944 90004
470778076238509 588 2.3236038684845 0.55952227115631 -0.01394333690405 4
4708097851752010 588 0.19939422607422 -8.8456974029541 -0.00112420320511 10004
470841494118089 588 -1.40150451660156 0.39725542068481 0.00996553897858 20004
4708732030581210 588 -1.28118896484375 -5.18489122390747 0.00894272327423 30004
470904911969679 588 1.37911987304688 2.69993567466736 -0.00933289527893 40004
4709366209379310 588 -0.37933349609375 -2.38507533073425 0.00283861160278 50004
470968329846337 588 -1.77313232421875 -2.11434412002563 0.01177620887756 60004
4710000388178510 588 0.685791015625 -6.77419185638428 -0.00446605682373 70004
471031747757939 588 -0.21112060546875 5.94669723510742 0.00167369842529 80004
4710634566979310 588 0.78692626953125 -7.21009922027588 -0.0045051574707 90004
470778076238509 589 2.51033067703247 0.77866500616074 -0.01506635453552 4
4708097851752010 589 0.27800750732422 -8.50519752502441 -0.00112628936768 10004
470841494118089 589 -1.19113159179688 0.78453493118286 0.00771772861481 20004
4708732030581210 589 -1.59323120117188 -4.96273851394653 0.01095223426819 30004
470904911969679 589 1.052734375 2.6361997127533 -0.00728368759155 40004
4709366209379310 589 -0.44964599609375 -2.09797739982605 0.00284290313721 50004
470968329846337 589 -1.5113525390625 -1.72596979141235 0.01064920425415 60004
4710000388178510 589 0.697509765625 -6.42061519622803 -0.00446510314941 70004
471031747757939 589 -0.30975341796875 5.55895614624023 0.00167083740234 80004
4710634566979310 589 0.73712158203125 -6.93567752838135 -0.00450325012207 90004
470778076238509 590 2.6824688911438 0.96257221698761 -0.01618937589228 4
4708097851752010 590 0.23876953125 -8.2368049621582 -0.0011271238327 10004
470841494118089 590 -0.94308471679688 1.07897090911865 0.0065906047821 20004
4708732030581210 590 -1.85394287109375 -4.75220060348511 0.01095116138458 30004
470904911969679 590 0.687255859375 2.71790957450867 -0.0051953792572 40004
4709366209379310 590 -0.40762329101563 -1.84469521045685 0.00285053253174 50004
470968329846337 590 -1.364013671875 -1.3443044424057 0.00951814651489 60004
4710000388178510 590 0.828369140625 -6.14222383499146 -0.0044641494751 70004
471031747757939 590 -0.3111572265625 5.20997524261475 0.00166797637939 80004
4710634566979310 590 0.7022705078125 -6.64849042892456 -0.00450325012207 90004
470778076238509 591 2.8937304019928 1.15738201141357 -0.01843542419374 4
4708097851752010 591 0.23141479492188 -7.90789318084717 -0.00112861394882 10004
470841494118089 591 -0.59037780761719 1.32529664039612 0.00434362888336 20004
4708732030581210 591 -2.07748413085938 -4.45238876342773 0.01300096511841 30004
470904911969679 591 0.2833251953125 2.87864470481873 -0.00103807449341 40004
4709366209379310 591 -0.28457641601563 -1.58414268493652 0.00285983085632 50004
470968329846337 591 -1.22216796875 -0.89863288402557 0.00838875770569 60004
4710000388178510 591 1.05487060546875 -5.88149499893188 -0.00670623779297 70004
471031747757939 591 -0.36517333984375 4.90942525863647 0.00166654586792 80004
4710634566979310 591 0.72198486328125 -6.38909912109375 -0.00450038909912 90004
470778076238509 592 3.07723569869995 1.34846043586731 -0.01955843344331 4
4708097851752010 592 0.22745513916016 -7.58454990386963 -0.00113046169281 10004
470841494118089 592 -0.20895385742188 1.48318076133728 0.00209510326385 20004
4708732030581210 592 -2.26605224609375 -4.15486478805542 0.01505899429321 30004
470904911969679 592 -0.08865356445313 3.04828429222107 0.00100374221802 40004
4709366209379310 592 -0.15216064453125 -1.35677766799927 0.00174474716187 50004
470968329846337 592 -1.150634765625 -0.48938778042793 0.00838613510132 60004
4710000388178510 592 1.28509521484375 -5.65263843536377 -0.00781917572021 70004
471031747757939 592 -0.498291015625 4.70051860809326 0.00369882583618 80004
4710634566979310 592 0.7891845703125 -6.16926050186157 -0.00449657440186 90004
470778076238509 593 3.20088291168213 1.60845255851746 -0.01955841481686 4
4708097851752010 593 0.13133239746094 -7.24869632720947 -0.00113135576248 10004
470841494118089 593 0.2091064453125 1.62183547019959 -0.00127601623535 20004
4708732030581210 593 -2.56256103515625 -3.91282987594604 0.01708781719208 30004
470904911969679 593 -0.51034545898438 3.16661238670349 0.00304007530212 40004
4709366209379310 593 -0.10186767578125 -1.10160493850708 0.00175333023071 50004
470968329846337 593 -1.216064453125 -0.09042052924633 0.00838494300842 60004
4710000388178510 593 1.44525146484375 -5.33720111846924 -0.00893926620483 70004
471031747757939 593 -0.7540283203125 4.47935771942139 0.00369787216187 80004
4710634566979310 593 0.8780517578125 -5.84717798233032 -0.00561952590942 90004
470778076238509 594 3.28441476821899 1.88397204875946 -0.020681431517 4
4708097851752010 594 -0.09325408935547 -6.98117542266846 0.00091016292572 10004
470841494118089 594 0.6162109375 1.79083037376404 -0.00352442264557 20004
4708732030581210 594 -2.93365478515625 -3.8188624382019 0.01908898353577 30004
470904911969679 594 -0.9481201171875 3.15826964378357 0.00510740280151 40004
4709366209379310 594 -0.17233276367188 -0.81450700759888 0.00175857543945 50004
470968329846337 594 -1.1278076171875 0.36892619729042 0.00838184356689 60004
4710000388178510 594 1.722900390625 -5.11902332305908 -0.01005792617798 70004
471031747757939 594 -1.0938720703125 4.26814556121826 0.00784969329834 80004
4710634566979310 594 0.8233642578125 -5.51706171035767 -0.00561714172363 90004
470778076238509 595 3.42714381217957 2.13111710548401 -0.02180445380509 4
4708097851752010 595 -0.21733856201172 -6.66123485565186 0.00090914964676 10004
470841494118089 595 0.88957214355469 2.02087211608887 -0.00465047359467 20004
4708732030581210 595 -3.24893188476563 -3.61384439468384 0.02114939689636 30004
470904911969679 595 -1.3839111328125 3.12050127983093 0.00932955741882 40004
4709366209379310 595 -0.16354370117188 -0.52281641960144 0.00176644325256 50004
470968329846337 595 -0.97393798828125 0.6749672293663 0.00725626945496 60004
4710000388178510 595 1.91070556640625 -4.82790660858154 -0.01230144500732 70004
471031747757939 595 -1.3428955078125 3.96420192718506 0.00784063339233 80004
4710634566979310 595 0.8763427734375 -5.19297075271606 -0.00561666488647 90004
470778076238509 596 3.55071067810059 2.36858701705933 -0.02180443704128 4
4708097851752010 596 -0.23613739013672 -6.3419771194458 0.00090789794922 10004
470841494118089 596 1.06185913085938 2.33000111579895 -0.00577414035797 20004
4708732030581210 596 -3.44949340820313 -3.42726802825928 0.02114963531494 30004
470904911969679 596 -1.79196166992188 3.07493495941162 0.01143169403076 40004
4709366209379310 596 -0.07781982421875 -0.26661121845245 0.00065088272095 50004
470968329846337 596 -0.787353515625 0.98154467344284 0.00613141059875 60004
4710000388178510 596 1.9945068359375 -4.51550197601318 -0.01229953765869 70004
471031747757939 596 -1.5250244140625 3.73397970199585 0.00984859466553 80004
4710634566979310 596 0.972900390625 -4.89555788040161 -0.00561475753784 90004
470778076238509 597 3.62429165840149 2.64264249801636 -0.02292747050524 4
4708097851752010 597 -0.17911529541016 -5.99734783172607 0.00090599060059 10004
470841494118089 597 1.17117309570313 2.75421071052551 -0.0068998336792 20004
4708732030581210 597 -3.55191040039063 -3.29616951942444 0.02315628528595 30004
470904911969679 597 -2.22317504882813 3.00819182395935 0.01353144645691 40004
4709366209379310 597 0.05532836914063 -0.0080997608602 0.00065970420837 50004
470968329846337 597 -0.55316162109375 1.38558948040009 0.00388264656067 60004
4710000388178510 597 2.01806640625 -4.16365766525269 -0.01229763031006 70004
471031747757939 597 -1.71014404296875 3.6037495136261 0.01185035705566 80004
4710634566979310 597 1.0660400390625 -4.57966279983521 -0.00672912597656 90004
470778076238509 598 3.59908056259155 2.91134977340698 -0.02292745932937 4
4708097851752010 598 -0.13997650146484 -5.67214250564575 0.00090408325195 10004
470841494118089 598 1.17941284179688 3.16729593276978 -0.00690126419067 20004
4708732030581210 598 -3.58209228515625 -3.24943828582764 0.02315437793732 30004
470904911969679 598 -2.61181640625 2.87669920921326 0.01759696006775 40004
4709366209379310 598 0.0887451171875 0.26679584383965 -0.00045585632324 50004
470968329846337 598 -0.29864501953125 1.74266839027405 0.00275731086731 60004
4710000388178510 598 2.09222412109375 -3.84084320068359 -0.01341772079468 70004
471031747757939 598 -1.95550537109375 3.53569650650024 0.01184797286987 80004
4710634566979310 598 1.0477294921875 -4.26649522781372 -0.0067195892334 90004
470778076238509 599 3.48660945892334 3.13344860076904 -0.02292745187879 4
4708097851752010 599 -0.12477874755859 -5.36693525314331 0.00090283155441 10004
470841494118089 599 1.13510131835938 3.5497465133667 -0.00690257549286 20004
4708732030581210 599 -3.61614990234375 -3.18192720413208 0.02315270900726 30004
470904911969679 599 -2.98526000976563 2.79243063926697 0.01965045928955 40004
4709366209379310 599 0.187744140625 0.50394803285599 -0.00045299530029 50004
470968329846337 599 -0.220458984375 2.02505445480347 0.00162529945374 60004
4710000388178510 599 2.04718017578125 -3.53800916671753 -0.0134162902832 70004
471031747757939 599 -2.15374755859375 3.38513088226318 0.01392269134521 80004
4710634566979310 599 0.9266357421875 -4.00341081619263 -0.00671005249023 90004
470778076238509 600 3.34161806106567 3.31115508079529 -0.02085795812309 4
4708097851752010 600 -0.103515625 -5.09640741348267 0.00090146064758 10004
470841494118089 600 1.030029296875 3.88359212875366 -0.00690388679504 20004
4708732030581210 600 -3.63616943359375 -3.14107370376587 0.0231511592865 30004
470904911969679 600 -3.33322143554688 2.77935743331909 0.02172231674194 40004
4709366209379310 600 0.29116821289063 0.72061848640442 -0.00157451629639 50004
470968329846337 600 -0.1824951171875 2.23141527175903 0.00161361694336 60004
4710000388178510 600 1.94952392578125 -3.27243185043335 -0.01341438293457 70004
471031747757939 600 -2.31597900390625 3.17713689804077 0.01392078399658 80004
4710634566979310 600 0.8414306640625 -3.75147223472595 -0.00464200973511 90004
470778076238509 601 3.11623048782349 3.48758053779602 -0.02085791900754 4
4708097851752010 601 -0.05061340332031 -4.79495000839233 0.0009001493454 10004
470841494118089 601 0.80171203613281 4.25760173797607 -0.0048246383667 20004
4708732030581210 601 -3.63616943359375 -3.14107370376587 0.02314925193787 30004
470904911969679 601 -3.75411987304688 2.8905611038208 0.02377939224243 40004
4709366209379310 601 0.41586303710938 0.98777973651886 -0.00157260894775 50004
470968329846337 601 -0.15362548828125 2.40505456924438 0.00160765647888 60004
4710000388178510 601 1.76409912109375 -2.97968459129334 -0.01137685775757 70004
471031747757939 601 -2.48114013671875 2.82802700996399 0.01592254638672 80004
4710634566979310 601 0.83074951171875 -3.4189772605896 -0.00464105606079 90004
470778076238509 602 2.98760557174683 3.72480463981628 -0.01885081082582 4
4708097851752010 602 0.08499908447266 -4.59132146835327 -0.00022375583649 10004
470841494118089 602 0.74472045898438 4.66681385040283 -0.00482630729675 20004
4708732030581210 602 -3.63616943359375 -3.14107370376587 0.02314746379852 30004
470904911969679 602 -4.07638549804688 3.14482378959656 0.02581071853638 40004
4709366209379310 602 0.4666748046875 1.26002037525177 -0.00269222259521 50004
470968329846337 602 -0.07305908203125 2.76667356491089 0.00048184394836 60004
4710000388178510 602 1.72930908203125 -2.74568510055542 -0.01137447357178 70004
471031747757939 602 -2.62396240234375 2.7063512802124 0.01591968536377 80004
4710634566979310 602 0.9451904296875 -3.12901258468628 -0.0057578086853 90004
470778076238509 603 2.87563252449036 3.95033740997314 -0.01885079219937 4
4708097851752010 603 0.25279998779297 -4.38184881210327 -0.00134825706482 10004
470841494118089 603 0.579833984375 5.00706720352173 -0.00482773780823 20004
4708732030581210 603 -3.6065673828125 -3.0721755027771 0.02314460277557 30004
470904911969679 603 -4.36251831054688 3.29050183296204 0.02787661552429 40004
4709366209379310 603 0.56414794921875 1.48249495029449 -0.00268936157227 50004
470968329846337 603 -0.11444091796875 3.14849948883057 0.00047969818115 60004
4710000388178510 603 1.71514892578125 -2.46221160888672 -0.0113730430603 70004
471031747757939 603 -2.79022216796875 2.63836336135864 0.01796245574951 80004
4710634566979310 603 0.9635009765625 -2.8429126739502 -0.00575733184814 90004
470778076238509 604 2.77144265174866 4.16116809844971 -0.01885076239705 4
4708097851752010 604 0.41392517089844 -4.12155246734619 -0.00247228145599 10004
470841494118089 604 0.3275146484375 5.32998704910278 -0.00279355049133 20004
4708732030581210 604 -3.51101684570313 -2.93152761459351 0.02314066886902 30004
470904911969679 604 -4.6534423828125 3.46291899681091 0.02994108200073 40004
4709366209379310 604 0.72299194335938 1.68631958961487 -0.00380945205688 50004
470968329846337 604 -0.18365478515625 3.57988214492798 0.00047659873962 60004
4710000388178510 604 1.67242431640625 -2.13710165023804 -0.01137161254883 70004
471031747757939 604 -3.03558349609375 2.60225129127502 0.02003908157349 80004
4710634566979310 604 0.91619873046875 -2.5355327129364 -0.0057544708252 90004
470778076238509 605 2.69184398651123 4.30694007873535 -0.01683792471886 4
4708097851752010 605 0.50238800048828 -3.80617761611938 -0.00247418880463 10004
470841494118089 605 0.01945495605469 5.60518598556519 -0.00077021121979 20004
4708732030581210 605 -3.31326293945313 -2.71627855300903 0.02201509475708 30004
470904911969679 605 -4.92514038085938 3.74654650688171 0.03196215629578 40004
4709366209379310 605 0.94790649414063 1.84816229343414 -0.00605344772339 50004
470968329846337 605 -0.202880859375 4.01784753799438 0.00046992301941 60004
4710000388178510 605 1.5592041015625 -1.82499265670776 -0.00934076309204 70004
471031747757939 605 -3.38739013671875 2.60053825378418 0.02215337753296 80004
4710634566979310 605 0.8109130859375 -2.23972082138062 -0.00575160980225 90004
470778076238509 606 2.4745626449585 4.46689462661743 -0.01683792285621 4
4708097851752010 606 0.59571838378906 -3.49218392372131 -0.00359904766083 10004
470841494118089 606 -0.26054382324219 5.90900278091431 0.00129723548889 20004
4708732030581210 606 -3.10223388671875 -2.42584538459778 0.02089130878448 30004
470904911969679 606 -4.985107421875 3.92390489578247 0.03195905685425 40004
4709366209379310 606 1.18045043945313 1.99742007255554 -0.00717163085938 50004
470968329846337 606 -0.40594482421875 4.4063458442688 0.00250697135925 60004
4710000388178510 606 1.40692138671875 -1.54610192775726 -0.00933980941772 70004
471031747757939 606 -3.75341796875 2.5558705329895 0.02417421340942 80004
4710634566979310 606 0.83929443359375 -1.92759346961975 -0.00574588775635 90004
470778076238509 607 2.29627919197083 4.66567993164063 -0.01480778492987 4
4708097851752010 607 0.68820953369141 -3.17792797088623 -0.00360059738159 10004
470841494118089 607 -0.43730163574219 6.27271032333374 0.00332868099213 20004
4708732030581210 607 -2.98614501953125 -2.09411573410034 0.01976788043976 30004
470904911969679 607 -4.97640991210938 4.24313879013062 0.03195309638977 40004
4709366209379310 607 1.35623168945313 2.20308828353882 -0.00828528404236 50004
470968329846337 607 -0.48712158203125 4.82782220840454 0.00250625610352 60004
4710000388178510 607 1.2509765625 -1.25825381278992 -0.00731563568115 70004
471031747757939 607 -4.12481689453125 2.53805589675903 0.02621603012085 80004
4710634566979310 607 0.868896484375 -1.61559236049652 -0.00574016571045 90004
470778076238509 608 2.18047213554382 4.86214017868042 -0.01480777654797 4
4708097851752010 608 0.75450897216797 -2.90302276611328 -0.00472432374954 10004
4708414941180810 608 0.03364562988281 -9.23325061798096 0 20004
4708732030581210 608 -2.957763671875 -1.78953874111176 0.01976752281189 30004
470904911969679 608 -4.9051513671875 4.57342433929443 0.03194904327393 40004
4709366209379310 608 1.46148681640625 2.41393828392029 -0.00940036773682 50004
470968329846337 608 -0.47198486328125 5.20272016525269 0.0025053024292 60004
4710000388178510 608 1.12640380859375 -1.00649964809418 -0.00730895996094 70004
471031747757939 608 -4.4476318359375 2.52096056938171 0.02830648422241 80004
4710634566979310 608 0.92071533203125 -1.35376358032227 -0.00573587417603 90004
470778076238509 609 2.13068795204163 5.11723136901855 -0.01280088163912 4
4708097851752010 609 0.77968597412109 -2.57643699645996 -0.00472575426102 10004
4708414941180810 609 0.20187377929688 -8.87260437011719 -0.00112414360046 20004
4708732030581210 609 -3.04473876953125 -1.44124674797058 0.01976704597473 30004
470904911969679 609 -4.6927490234375 4.9242787361145 0.03082418441772 40004
4709366209379310 609 1.4971923828125 2.68860721588135 -0.00939559936523 50004
470968329846337 609 -0.32916259765625 5.61732530593872 0.00250387191772 60004
4710000388178510 609 1.028564453125 -0.72215241193771 -0.00730180740356 70004
471031747757939 609 -4.815673828125 2.450110912323 0.03037405014038 80004
4710634566979310 609 1.0791015625 -1.08441078662872 -0.00685262680054 90004
470778076238509 610 2.02914047241211 5.3451714515686 -0.01280087325722 4
4708097851752010 610 0.91168212890625 -2.30459642410278 -0.00585031509399 10004
4708414941180810 610 0.2958984375 -8.51433753967285 -0.00112509727478 20004
4708732030581210 610 -3.00140380859375 -1.11290550231934 0.01976680755615 30004
470904911969679 610 -4.40695190429688 5.14336729049683 0.02857756614685 40004
4709366209379310 610 1.4349365234375 2.9364218711853 -0.00939345359802 50004
470968329846337 610 -0.34674072265625 6.02139902114868 0.00250220298767 60004
4710000388178510 610 1.031005859375 -0.41935664415359 -0.00729894638062 70004
471031747757939 610 -5.10791015625 2.26487445831299 0.0324010848999 80004
4710634566979310 610 1.1895751953125 -0.81468999385834 -0.00683546066284 90004
470778076238509 611 1.9126980304718 5.5173864364624 -0.01280086953193 4
4708097851752010 611 1.00772094726563 -2.02175331115723 -0.00585168600082 10004
4708414941180810 611 0.31057739257813 -8.15185928344727 -0.00112617015839 20004
4708732030581210 611 -2.94097900390625 -0.78336894512177 0.01976609230042 30004
470904911969679 611 -4.15921020507813 5.34507989883423 0.02744841575623 40004
4709366209379310 611 1.33184814453125 3.17135715484619 -0.00939178466797 50004
470968329846337 611 -0.46160888671875 6.40420007705688 0.00250148773193 60004
4710000388178510 611 1.02777099609375 -0.11583240330219 -0.00729465484619 70004
471031747757939 611 -5.411376953125 2.09774780273438 0.03448867797852 80004
4710634566979310 611 1.24072265625 -0.53363490104675 -0.00794315338135 90004
470778076238509 612 1.76275777816772 5.6419472694397 -0.01074811443686 4
4708097851752010 612 1.05281066894531 -1.67890024185181 -0.00585252046585 10004
4708414941180810 612 0.23202514648438 -7.73553800582886 -0.00112664699554 20004
4708732030581210 612 -2.898193359375 -0.40683549642563 0.01864206790924 30004
470904911969679 612 -3.93502807617188 5.56887006759644 0.02632021903992 40004
4709366209379310 612 1.1915283203125 3.42145919799805 -0.00738048553467 50004
470968329846338 612 0.0069580078125 -9.25949478149414 0 60004
4710000388178510 612 1.00189208984375 0.22430488467216 -0.0072922706604 70004
471031747757939 612 -5.7908935546875 1.98606300354004 0.03654956817627 80004
4710634566979310 612 1.22119140625 -0.1997235417366 -0.00793409347534 90004
470778076238509 613 1.5686719417572 5.82466459274292 -0.01074810512364 4
4708097851752010 613 1.21360015869141 -1.39352071285248 -0.0069767832756 10004
4708414941180810 613 0.22126770019531 -7.33775568008423 -0.0011271238327 20004
4708732030581210 613 -2.99386596679688 -0.06086361780763 0.01864206790924 30004
470904911969679 613 -3.57666015625 5.72758531570435 0.02406597137451 40004
4709366209379310 613 1.16360473632813 3.64976525306702 -0.00737571716309 50004
470968329846338 613 0.05914306640625 -8.91535663604736 -0.00000429153442 60004
4710000388178510 613 1.03839111328125 0.55395913124084 -0.00728273391724 70004
471031747757939 613 -6.16351318359375 2.02226209640503 0.03855466842651 80004
4710634566979310 613 1.22210693359375 0.11389679461718 -0.00792407989502 90004
470778076238509 614 1.35464644432068 5.98727893829346 -0.00872218422592 4
4708097851752010 614 1.27725219726563 -1.07630491256714 -0.00810098648071 10004
4708414941180810 614 0.07684326171875 -6.97342681884766 -0.00112736225128 20004
4708732030581210 614 -2.96539306640625 0.29153379797935 0.01864230632782 30004
470904911969679 614 -3.3328857421875 5.75608396530151 0.02181625366211 40004
4709366209379310 614 1.04083251953125 3.88370752334595 -0.0073709487915 50004
470968329846338 614 0.01904296875 -8.57278633117676 -0.00000667572021 60004
4710000388178510 614 0.9603271484375 0.87124371528625 -0.00727844238281 70004
471031747757939 614 -6.49749755859375 2.18185997009277 0.04265022277832 80004
4710634566979310 614 1.1168212890625 0.40448245406151 -0.00791454315186 90004
470778076238509 615 1.15725648403168 6.09181928634644 -0.00692494306713 4
4708097851752010 615 1.35213470458984 -0.8079017996788 -0.00810182094574 10004
4708414941180810 615 -0.02168273925781 -6.6510009765625 0.00090527534485 20004
4708732030581210 615 -2.86575317382813 0.57890284061432 0.01864206790924 30004
470904911969679 615 -3.0845947265625 5.7784948348999 0.02069568634033 40004
4709366209379310 615 0.92669677734375 4.09426736831665 -0.00532031059265 50004
470968329846338 615 0.01434326171875 -8.27798175811768 -0.00000762939453 60004
4710000388178510 615 0.90948486328125 1.14922273159027 -0.00524091720581 70004
471031747757939 615 -6.7384033203125 2.35356283187866 0.04265022277832 80004
4710634566979310 615 1.0465087890625 0.63542628288269 -0.00585174560547 90004
470778076238509 616 0.90159207582474 6.16470193862915 -0.0051603182219 4
4708097851752010 616 1.51532745361328 -0.50123172998428 -0.00922453403473 10004
4708414941180810 616 -0.03431701660156 -6.22674083709717 0.00090456008911 20004
4708732030581210 616 -2.6580810546875 0.8982041478157 0.01751828193665 30004
470904911969679 616 -2.65863037109375 5.8680477142334 0.01732325553894 40004
4709366209379310 616 0.81289672851563 4.36701822280884 -0.00532007217407 50004
470968329846338 616 0.10791015625 -7.91881465911865 -0.00000953674316 60004
4710000388178510 616 0.9185791015625 1.50094592571259 -0.00524044036865 70004
471031747757939 616 -6.94488525390625 2.57062077522278 0.04468679428101 80004
4710634566979310 616 1.04608154296875 0.87957769632339 -0.0058445930481 90004
470778076238509 617 0.6927085518837 6.33549976348877 -0.0051603205502 4
4708097851752010 617 1.54119110107422 -0.17473044991493 -0.00922399759293 10004
4708414941180810 617 -0.05903625488281 -5.82957363128662 0.00090360641479 20004
4708732030581210 617 -2.59857177734375 1.25220775604248 0.01751780509949 30004
470904911969679 617 -2.32400512695313 6.10551977157593 0.01507306098938 40004
4709366209379310 617 0.73095703125 4.63151979446411 -0.00532150268555 50004
470968329846338 617 0.206787109375 -7.58521223068237 -0.00113582611084 60004
4710000388178510 617 0.7940673828125 1.80835032463074 -0.00523900985718 70004
471031747757939 617 -6.97967529296875 2.67060279846191 0.04468202590942 80004
4710634566979310 617 1.0396728515625 0.98522633314133 -0.00584268569946 90004
4707780762385010 618 0.11981305480003 -9.04843997955322 0.00000000034925 4
4708097851752010 618 1.46416473388672 0.1374140381813 -0.00922375917435 10004
4708414941180810 618 -0.0174560546875 -5.43591547012329 0.00090205669403 20004
4708732030581210 618 -2.52328491210938 1.60304296016693 0.01639354228973 30004
470904911969679 618 -1.989990234375 6.34463357925415 0.01282048225403 40004
4709366209379310 618 0.69265747070313 4.8022632598877 -0.00532269477844 50004
470968329846338 618 0.36541748046875 -7.27787780761719 -0.0022599697113 60004
4710000388178510 618 0.603759765625 2.03636813163757 -0.00322103500366 70004
471031747757939 618 -6.98089599609375 2.77383422851563 0.04467821121216 80004
4710634566979310 618 0.964111328125 1.15151619911194 -0.00583982467651 90004
4707780762385010 619 0.23736989498138 -8.71455097198486 -0.00112304382492 4
4708097851752010 619 1.31776428222656 0.39815458655357 -0.00922346115112 10004
4708414941180810 619 -0.01339721679688 -5.07261753082275 0.00090074539185 20004
4708732030581210 619 -2.44400024414063 1.92849600315094 0.01639306545258 30004
470904911969679 619 -1.65609741210938 6.51393747329712 0.01169443130493 40004
4709366209379310 619 0.63861083984375 4.9533109664917 -0.00327491760254 50004
470968329846338 619 0.48492431640625 -6.99469518661499 -0.00225472450256 60004
4710000388178510 619 0.43402099609375 2.25738906860352 -0.00322008132935 70004
471031747757939 619 -6.94287109375 2.89621663093567 0.04467582702637 80004
4710634566979310 619 0.89788818359375 1.36891722679138 -0.00583791732788 90004
4707780762385010 620 0.29596275091171 -8.34354782104492 -0.00112304254435 4
4708097851752010 620 1.08450317382813 0.62796717882156 -0.007144510746 10004
4708414941180810 620 -0.11936950683594 -4.6890115737915 0.00090003013611 20004
4708732030581210 620 -2.35177612304688 2.27542400360107 0.01526868343353 30004
4709049119696710 620 0 -9.30537986755371 0 40004
4709366209379310 620 0.516845703125 5.160484790802 -0.00327372550964 50004
470968329846338 620 0.518798828125 -6.68115568161011 -0.00224757194519 60004
4710000388178510 620 0.3104248046875 2.5619843006134 -0.00121593475342 70004
471031747757939 620 -6.84857177734375 3.07542037963867 0.0446662902832 80004
4710634566979310 620 0.8804931640625 1.68210625648499 -0.00583553314209 90004
4707780762385010 621 0.19797439873219 -7.94303035736084 -0.00112304172944 4
4708097851752010 621 0.90644836425781 0.92843514680862 -0.00511050224304 10004
4708414941180810 621 -0.13816833496094 -4.47760105133057 0.00089943408966 20004
4708732030581210 621 -2.11300659179688 2.57566356658936 0.01414251327515 30004
4709049119696710 621 0.02392578125 -8.89723777770996 -0.0000011920929 40004
4709366209379310 621 0.381103515625 5.42280626296997 -0.00327205657959 50004
470968329846338 621 0.711181640625 -6.36352109909058 -0.0044891834259 60004
4710000388178510 621 0.3289794921875 2.91529393196106 -0.00121593475342 70004
471031747757939 621 -6.53118896484375 3.31706237792969 0.04241752624512 80004
4710634566979310 621 0.9781494140625 2.00153374671936 -0.00583028793335 90004
4707780762385010 622 0.09476505219936 -7.54385662078857 -0.00112303998321 4
4708097851752010 622 0.75514221191406 1.24283516407013 -0.00511127710342 10004
4708414941180810 622 -0.19718933105469 -4.21577930450439 0.00089836120605 20004
4708732030581210 622 -1.79647827148438 2.77948951721191 0.01189315319061 30004
4709049119696710 622 0.174560546875 -8.52477836608887 -0.00000214576721 40004
4709366209379310 622 0.3284912109375 5.70917177200317 -0.00126242637634 50004
470968329846338 622 0.82958984375 -6.01474189758301 -0.00448298454285 60004
4710000388178510 622 0.2493896484375 3.21219849586487 -0.00121593475342 70004
471031747757939 622 -6.22430419921875 3.57075786590576 0.04017639160156 80004
4710634566979310 622 1.1695556640625 2.26754307746887 -0.00693941116333 90004
4707780762385010 623 0.05403700098395 -7.16447687149048 -0.00112303951755 4
4708097851752010 623 0.68653869628906 1.5551780462265 -0.00511169433594 10004
4708414941180810 623 -0.22734069824219 -4.04392766952515 0.00089657306671 20004
4708732030581210 623 -1.50045776367188 2.97666954994202 0.01076948642731 30004
4709049119696710 623 0.38955688476563 -8.21057415008545 -0.00224900245667 40004
4709366209379310 623 0.30856323242188 5.98539686203003 -0.00126123428345 50004
470968329846338 623 0.847412109375 -5.67540788650513 -0.00560235977173 60004
4710000388178510 623 0.19879150390625 3.45882248878479 -0.00121450424194 70004
471031747757939 623 -5.93109130859375 3.80251407623291 0.03905200958252 80004
4710634566979310 623 1.39752197265625 2.47908496856689 -0.00804805755615 90004
4707780762385010 624 0.07383788377047 -6.75286626815796 -0.00112303881906 4
4708097851752010 624 0.71038818359375 1.90168440341949 -0.0051121711731 10004
4708414941180810 624 -0.22575378417969 -3.94671964645386 0.00089466571808 20004
4708732030581210 624 -1.23953247070313 3.24935150146484 0.00852417945862 30004
4709049119696710 624 0.64627075195313 -7.8944878578186 -0.00337243080139 40004
4709366209379310 624 0.296875 6.26382875442505 -0.00125980377197 50004
470968329846338 624 0.80755615234375 -5.31056499481201 -0.00559830665588 60004
4710000388178510 624 0.1864013671875 3.7148220539093 -0.00121307373047 70004
471031747757939 624 -5.5948486328125 4.00796794891357 0.03679704666138 80004
4710634566979310 624 1.64630126953125 2.69585490226746 -0.01028442382813 90004
4707780762385010 625 0.06310454756021 -6.34067296981812 -0.0011230383534 4
4708097851752010 625 0.81219482421875 2.23595094680786 -0.00511312484741 10004
4708414941180810 625 -0.27653503417969 -3.75071287155151 0.00089275836945 20004
4708732030581210 625 -1.08767700195313 3.60089874267578 0.00740230083466 30004
4709049119696710 625 0.841796875 -7.53515100479126 -0.00450110435486 40004
4709366209379310 625 0.30859375 6.47073793411255 -0.00125885009766 50004
470968329846338 625 0.88275146484375 -4.94705486297607 -0.00559306144714 60004
4710000388178510 625 0.0653076171875 4.01467227935791 -0.00121116638184 70004
471031747757939 625 -5.2022705078125 4.08452892303467 0.03454256057739 80004
4710634566979310 625 1.81182861328125 2.98588633537292 -0.01140117645264 90004
4707780762385010 626 0.17779763042927 -5.98332834243774 -0.00112303649075 4
4708097851752010 626 0.77255249023438 2.5811288356781 -0.00511384010315 10004
4708414941180810 626 -0.21470642089844 -3.38642072677612 0.00088882446289 20004
4708732030581210 626 -0.92941284179688 3.94957423210144 0.00627994537354 30004
4709049119696710 626 0.87814331054688 -7.13011646270752 -0.00563168525696 40004
4709366209379311 626 -0.029296875 -8.98175525665283 0.00000190734863 50004
470968329846338 626 0.96710205078125 -4.58554029464722 -0.00558733940125 60004
4710000388178510 626 0.02203369140625 4.16622877120972 -0.0012092590332 70004
471031747757939 626 -4.87469482421875 4.30981302261353 0.03228902816772 80004
4710634566979310 626 1.88623046875 3.31055402755737 -0.01139354705811 90004
4707780762385010 627 0.27081218361855 -5.59461450576782 -0.00112303486094 4
4708097851752010 627 0.73246002197266 2.92813563346863 -0.00511449575424 10004
4708414941180810 627 -0.26622009277344 -2.98662424087524 0.00088632106781 20004
4708732030581210 627 -0.88217163085938 4.32170581817627 0.0062803030014 30004
4709049119696710 627 0.86007690429688 -6.72270154953003 -0.00563621520996 40004
4709366209379311 627 -0.10653686523438 -8.73841762542725 0.00000333786011 50004
470968329846338 627 1.00372314453125 -4.34541749954224 -0.00558352470398 60004
4710000388178510 627 0.0020751953125 4.43276119232178 0.00080156326294 70004
471031747757939 627 -4.64007568359375 4.62346982955933 0.03002882003784 80004
4710634566979310 627 1.88275146484375 3.64145684242249 -0.01138830184937 90004
4707780762385010 628 0.33547124266624 -5.23971557617188 -0.00112303392962 4
4708097851752010 628 0.66088104248047 3.21996355056763 -0.0051149725914 10004
4708414941180810 628 -0.34736633300781 -2.62459635734558 0.00291407108307 20004
4708732030581210 628 -0.83450317382813 4.64597654342651 0.00628077983856 30004
4709049119696710 628 0.80886840820313 -6.36951351165771 -0.00563931465149 40004
4709366209379311 628 -0.16448974609375 -8.5193042755127 0.000004529953 50004
470968329846338 628 1.02325439453125 -4.12590265274048 -0.00557994842529 60004
4710000388178510 628 -0.05487060546875 4.71298694610596 0.00080251693726 70004
471031747757939 628 -4.42913818359375 4.89322805404663 0.02890062332153 80004
4710634566979310 628 1.80810546875 3.91818404197693 -0.0113844871521 90004
4707780762385010 629 0.39552745223045 -4.85783004760742 -0.00224607484415 4
4708097851752010 629 0.50697326660156 3.50905323028564 -0.00304955244064 10004
4708414941180810 629 -0.41122436523438 -2.23183155059814 0.00291407108307 20004
4708732030581210 629 -0.68502807617188 4.9726767539978 0.00515425205231 30004
4709049119696710 629 0.71868896484375 -5.99695110321045 -0.00564289093018 40004
4709366209379311 629 -0.17315673828125 -8.1944637298584 0.00200939178467 50004
470968329846338 629 1.05712890625 -3.77955436706543 -0.00669693946838 60004
4710000388178510 629 -0.2059326171875 5.00811576843262 0.00080251693726 70004
471031747757939 629 -4.1236572265625 5.11302614212036 0.02663469314575 80004
4710634566979310 629 1.6451416015625 4.18695592880249 -0.01138019561768 90004
4707780762385010 630 0.45941144227982 -4.47656869888306 -0.00224606739357 4
4708097851752010 630 0.48969268798828 3.83613252639771 -0.00304955244064 10004
4708414941180810 630 -0.30319213867188 -1.84885859489441 0.00291287899017 20004
4708732030581210 630 -0.68731689453125 5.28034400939941 0.00515174865723 30004
4709049119696710 630 0.72784423828125 -5.61376714706421 -0.00564575195313 40004
4709366209379311 630 -0.27935791015625 -7.88714694976807 0.00201392173767 50004
470968329846338 630 1.0736083984375 -3.43192934989929 -0.00669431686401 60004
4710000388178510 630 -0.25811767578125 5.33571720123291 0.00080251693726 70004
471031747757939 630 -3.95977783203125 5.40717506408691 0.02661561965942 80004
4710634566979310 630 1.384765625 4.36224365234375 -0.00931549072266 90004
4707780762385010 631 0.48152762651443 -4.19541597366333 -0.00224606320262 4
4708097851752010 631 0.45082092285156 4.16098499298096 -0.003049492836 10004
4708414941180810 631 -0.30975341796875 -1.45935893058777 0.00178730487823 20004
4708732030581210 631 -0.5885009765625 5.60069990158081 0.00402510166168 30004
4709049119696710 631 0.76596069335938 -5.23286247253418 -0.00462102890015 40004
4709366209379311 631 -0.46551513671875 -7.62876319885254 0.00201869010925 50004
470968329846338 631 1.14501953125 -3.09354066848755 -0.00668931007385 60004
4710000388178510 631 -0.21563720703125 5.65744400024414 0.0018572807312 70004
471031747757939 631 -3.70263671875 5.65175676345825 0.02434873580933 80004
4710634566979310 631 1.15618896484375 4.57491064071655 -0.00722932815552 90004
4707780762385010 632 0.44411730766296 -3.94561839103699 -0.0022460592445 4
4708097851752010 632 0.41462707519531 4.46409893035889 -0.00304937362671 10004
4708414941180810 632 -0.32351684570313 -1.09539890289307 0.00178515911102 20004
4708732030581210 632 -0.46588134765625 5.89257574081421 0.0040237903595 30004
4709049119696710 632 0.77090454101563 -4.88206195831299 -0.00462675094604 40004
4709366209379311 632 -0.6380615234375 -7.40973472595215 0.00404095649719 50004
470968329846338 632 1.26800537109375 -2.80699443817139 -0.00781035423279 60004
4710000388178510 632 -0.13897705078125 5.9550838470459 0.00187015533447 70004
471031747757939 632 -3.4169921875 5.85115098953247 0.02210474014282 80004
4710634566979310 632 0.98406982421875 4.80706548690796 -0.00722026824951 90004
4707780762385010 633 0.29119765758514 -3.56271433830261 -0.00224605575204 4
4708097851752010 633 0.40229797363281 4.81325054168701 -0.00304913520813 10004
4708414941180810 633 -0.20828247070313 -0.68688261508942 0.00178039073944 20004
4708732030581210 633 -0.37393188476563 6.18887853622437 0.00289881229401 30004
4709049119696710 633 0.65005493164063 -4.49156665802002 -0.00463032722473 40004
4709366209379311 633 -0.7249755859375 -7.15740013122559 0.00404238700867 50004
470968329846338 633 1.49652099609375 -2.55086421966553 -0.00894069671631 60004
4710000388178511 633 0 -9.30537986755371 0 70004
471031747757939 633 -3.08001708984375 6.06259965896606 0.01986598968506 80004
4710634566979310 633 0.86199951171875 5.11873388290405 -0.0051965713501 90004
4707780762385010 634 -0.00917405262589 -3.28033947944641 -0.00020731783297 4
4708097851752010 634 0.24348449707031 5.12442350387573 -0.00100898742676 10004
4708414941180810 634 -0.06266784667969 -0.28825151920319 0.00065553188324 20004
4708732030581210 634 -0.40078735351563 6.57081365585327 0.00289809703827 30004
4709049119696710 634 0.65396118164063 -4.08274555206299 -0.00463390350342 40004
4709366209379311 634 -0.8763427734375 -7.0003490447998 0.00609946250916 50004
470968329846338 634 1.6031494140625 -2.19484233856201 -0.01007127761841 60004
4710000388178511 634 -0.154296875 -8.9741268157959 0 70004
471031747757939 634 -2.83978271484375 6.28134202957153 0.01873826980591 80004
4710634566979310 634 0.8822021484375 5.45257329940796 -0.00519371032715 90004
